match_id,season,start_date,venue,innings,ball,batting_team,bowling_team,striker,non_striker,bowler,runs_off_bat,extras,wides,noballs,byes,legbyes,penalty,wicket_type,player_dismissed,other_wicket_type,other_player_dismissed
1383562,2023/24,2023-11-02,"Punjab Cricket Association IS Bindra Stadium, Mohali, Chandigarh",1,0.1,Uttar Pradesh,Punjab,Abhishek Goswami,KS Sharma,Arshdeep Singh,0,0,,,,,,,,,
1383562,2023/24,2023-11-02,"Punjab Cricket Association IS Bindra Stadium, Mohali, Chandigarh",1,0.2,Uttar Pradesh,Punjab,Abhishek Goswami,KS Sharma,Arshdeep Singh,0,0,,,,,,,,,
1383562,2023/24,2023-11-02,"Punjab Cricket Association IS Bindra Stadium, Mohali, Chandigarh",1,0.3,Uttar Pradesh,Punjab,Abhishek Goswami,KS Sharma,Arshdeep Singh,2,0,,,,,,,,,
1383562,2023/24,2023-11-02,"Punjab Cricket Association IS Bindra Stadium, Mohali, Chandigarh",1,0.4,Uttar Pradesh,Punjab,Abhishek Goswami,KS Sharma,Arshdeep Singh,4,0,,,,,,,,,
1383562,2023/24,2023-11-02,"Punjab Cricket Association IS Bindra Stadium, Mohali, Chandigarh",1,0.5,Uttar Pradesh,Punjab,Abhishek Goswami,KS Sharma,Arshdeep Singh,0,1,1,,,,,,,,
1383562,2023/24,2023-11-02,"Punjab Cricket Association IS Bindra Stadium, Mohali, Chandigarh",1,0.6,Uttar Pradesh,Punjab,Abhishek Goswami,KS Sharma,Arshdeep Singh,0,0,,,,,,,,,
1383562,2023/24,2023-11-02,"Punjab Cricket Association IS Bindra Stadium, Mohali, Chandigarh",1,0.7,Uttar Pradesh,Punjab,Abhishek Goswami,KS Sharma,Arshdeep Singh,0,0,,,,,,,,,
1383562,2023/24,2023-11-02,"Punjab Cricket Association IS Bindra Stadium, Mohali, Chandigarh",1,1.1,Uttar Pradesh,Punjab,KS Sharma,Abhishek Goswami,S Kaul,0,0,,,,,,,,,
1383562,2023/24,2023-11-02,"Punjab Cricket Association IS Bindra Stadium, Mohali, Chandigarh",1,1.2,Uttar Pradesh,Punjab,KS Sharma,Abhishek Goswami,S Kaul,0,0,,,,,,,,,
1383562,2023/24,2023-11-02,"Punjab Cricket Association IS Bindra Stadium, Mohali, Chandigarh",1,1.3,Uttar Pradesh,Punjab,KS Sharma,Abhishek Goswami,S Kaul,0,0,,,,,,,,,
1383562,2023/24,2023-11-02,"Punjab Cricket Association IS Bindra Stadium, Mohali, Chandigarh",1,1.4,Uttar Pradesh,Punjab,KS Sharma,Abhishek Goswami,S Kaul,1,0,,,,,,,,,
1383562,2023/24,2023-11-02,"Punjab Cricket Association IS Bindra Stadium, Mohali, Chandigarh",1,1.5,Uttar Pradesh,Punjab,Abhishek Goswami,KS Sharma,S Kaul,0,0,,,,,,,,,
1383562,2023/24,2023-11-02,"Punjab Cricket Association IS Bindra Stadium, Mohali, Chandigarh",1,1.6,Uttar Pradesh,Punjab,Abhishek Goswami,KS Sharma,S Kaul,4,0,,,,,,,,,
1383562,2023/24,2023-11-02,"Punjab Cricket Association IS Bindra Stadium, Mohali, Chandigarh",1,2.1,Uttar Pradesh,Punjab,KS Sharma,Abhishek Goswami,Arshdeep Singh,0,0,,,,,,,,,
1383562,2023/24,2023-11-02,"Punjab Cricket Association IS Bindra Stadium, Mohali, Chandigarh",1,2.2,Uttar Pradesh,Punjab,KS Sharma,Abhishek Goswami,Arshdeep Singh,0,0,,,,,,,,,
1383562,2023/24,2023-11-02,"Punjab Cricket Association IS Bindra Stadium, Mohali, Chandigarh",1,2.3,Uttar Pradesh,Punjab,KS Sharma,Abhishek Goswami,Arshdeep Singh,1,0,,,,,,,,,
1383562,2023/24,2023-11-02,"Punjab Cricket Association IS Bindra Stadium, Mohali, Chandigarh",1,2.4,Uttar Pradesh,Punjab,Abhishek Goswami,KS Sharma,Arshdeep Singh,2,0,,,,,,,,,
1383562,2023/24,2023-11-02,"Punjab Cricket Association IS Bindra Stadium, Mohali, Chandigarh",1,2.5,Uttar Pradesh,Punjab,Abhishek Goswami,KS Sharma,Arshdeep Singh,0,0,,,,,,,,,
1383562,2023/24,2023-11-02,"Punjab Cricket Association IS Bindra Stadium, Mohali, Chandigarh",1,2.6,Uttar Pradesh,Punjab,Abhishek Goswami,KS Sharma,Arshdeep Singh,0,0,,,,,,,,,
1383562,2023/24,2023-11-02,"Punjab Cricket Association IS Bindra Stadium, Mohali, Chandigarh",1,3.1,Uttar Pradesh,Punjab,KS Sharma,Abhishek Goswami,Abhishek Sharma,1,0,,,,,,,,,
1383562,2023/24,2023-11-02,"Punjab Cricket Association IS Bindra Stadium, Mohali, Chandigarh",1,3.2,Uttar Pradesh,Punjab,Abhishek Goswami,KS Sharma,Abhishek Sharma,1,0,,,,,,,,,
1383562,2023/24,2023-11-02,"Punjab Cricket Association IS Bindra Stadium, Mohali, Chandigarh",1,3.3,Uttar Pradesh,Punjab,KS Sharma,Abhishek Goswami,Abhishek Sharma,1,0,,,,,,,,,
1383562,2023/24,2023-11-02,"Punjab Cricket Association IS Bindra Stadium, Mohali, Chandigarh",1,3.4,Uttar Pradesh,Punjab,Abhishek Goswami,KS Sharma,Abhishek Sharma,1,0,,,,,,,,,
1383562,2023/24,2023-11-02,"Punjab Cricket Association IS Bindra Stadium, Mohali, Chandigarh",1,3.5,Uttar Pradesh,Punjab,KS Sharma,Abhishek Goswami,Abhishek Sharma,0,0,,,,,,,,,
1383562,2023/24,2023-11-02,"Punjab Cricket Association IS Bindra Stadium, Mohali, Chandigarh",1,3.6,Uttar Pradesh,Punjab,KS Sharma,Abhishek Goswami,Abhishek Sharma,1,0,,,,,,,,,
1383562,2023/24,2023-11-02,"Punjab Cricket Association IS Bindra Stadium, Mohali, Chandigarh",1,4.1,Uttar Pradesh,Punjab,KS Sharma,Abhishek Goswami,S Kaul,1,0,,,,,,,,,
1383562,2023/24,2023-11-02,"Punjab Cricket Association IS Bindra Stadium, Mohali, Chandigarh",1,4.2,Uttar Pradesh,Punjab,Abhishek Goswami,KS Sharma,S Kaul,2,0,,,,,,,,,
1383562,2023/24,2023-11-02,"Punjab Cricket Association IS Bindra Stadium, Mohali, Chandigarh",1,4.3,Uttar Pradesh,Punjab,Abhishek Goswami,KS Sharma,S Kaul,0,0,,,,,,,,,
1383562,2023/24,2023-11-02,"Punjab Cricket Association IS Bindra Stadium, Mohali, Chandigarh",1,4.4,Uttar Pradesh,Punjab,Abhishek Goswami,KS Sharma,S Kaul,0,0,,,,,,caught and bowled,Abhishek Goswami,,
1383562,2023/24,2023-11-02,"Punjab Cricket Association IS Bindra Stadium, Mohali, Chandigarh",1,4.5,Uttar Pradesh,Punjab,N Rana,KS Sharma,S Kaul,0,0,,,,,,,,,
1383562,2023/24,2023-11-02,"Punjab Cricket Association IS Bindra Stadium, Mohali, Chandigarh",1,4.6,Uttar Pradesh,Punjab,N Rana,KS Sharma,S Kaul,2,0,,,,,,,,,
1383562,2023/24,2023-11-02,"Punjab Cricket Association IS Bindra Stadium, Mohali, Chandigarh",1,5.1,Uttar Pradesh,Punjab,KS Sharma,N Rana,Harpreet Brar,0,0,,,,,,,,,
1383562,2023/24,2023-11-02,"Punjab Cricket Association IS Bindra Stadium, Mohali, Chandigarh",1,5.2,Uttar Pradesh,Punjab,KS Sharma,N Rana,Harpreet Brar,1,0,,,,,,,,,
1383562,2023/24,2023-11-02,"Punjab Cricket Association IS Bindra Stadium, Mohali, Chandigarh",1,5.3,Uttar Pradesh,Punjab,N Rana,KS Sharma,Harpreet Brar,0,0,,,,,,,,,
1383562,2023/24,2023-11-02,"Punjab Cricket Association IS Bindra Stadium, Mohali, Chandigarh",1,5.4,Uttar Pradesh,Punjab,N Rana,KS Sharma,Harpreet Brar,1,0,,,,,,,,,
1383562,2023/24,2023-11-02,"Punjab Cricket Association IS Bindra Stadium, Mohali, Chandigarh",1,5.5,Uttar Pradesh,Punjab,KS Sharma,N Rana,Harpreet Brar,1,0,,,,,,,,,
1383562,2023/24,2023-11-02,"Punjab Cricket Association IS Bindra Stadium, Mohali, Chandigarh",1,5.6,Uttar Pradesh,Punjab,N Rana,KS Sharma,Harpreet Brar,0,0,,,,,,,,,
1383562,2023/24,2023-11-02,"Punjab Cricket Association IS Bindra Stadium, Mohali, Chandigarh",1,6.1,Uttar Pradesh,Punjab,KS Sharma,N Rana,Abhishek Sharma,1,0,,,,,,,,,
1383562,2023/24,2023-11-02,"Punjab Cricket Association IS Bindra Stadium, Mohali, Chandigarh",1,6.2,Uttar Pradesh,Punjab,N Rana,KS Sharma,Abhishek Sharma,0,0,,,,,,,,,
1383562,2023/24,2023-11-02,"Punjab Cricket Association IS Bindra Stadium, Mohali, Chandigarh",1,6.3,Uttar Pradesh,Punjab,N Rana,KS Sharma,Abhishek Sharma,1,0,,,,,,,,,
1383562,2023/24,2023-11-02,"Punjab Cricket Association IS Bindra Stadium, Mohali, Chandigarh",1,6.4,Uttar Pradesh,Punjab,KS Sharma,N Rana,Abhishek Sharma,0,0,,,,,,,,,
1383562,2023/24,2023-11-02,"Punjab Cricket Association IS Bindra Stadium, Mohali, Chandigarh",1,6.5,Uttar Pradesh,Punjab,KS Sharma,N Rana,Abhishek Sharma,1,0,,,,,,,,,
1383562,2023/24,2023-11-02,"Punjab Cricket Association IS Bindra Stadium, Mohali, Chandigarh",1,6.6,Uttar Pradesh,Punjab,N Rana,KS Sharma,Abhishek Sharma,0,0,,,,,,,,,
1383562,2023/24,2023-11-02,"Punjab Cricket Association IS Bindra Stadium, Mohali, Chandigarh",1,7.1,Uttar Pradesh,Punjab,KS Sharma,N Rana,M Markande,1,0,,,,,,,,,
1383562,2023/24,2023-11-02,"Punjab Cricket Association IS Bindra Stadium, Mohali, Chandigarh",1,7.2,Uttar Pradesh,Punjab,N Rana,KS Sharma,M Markande,1,0,,,,,,,,,
1383562,2023/24,2023-11-02,"Punjab Cricket Association IS Bindra Stadium, Mohali, Chandigarh",1,7.3,Uttar Pradesh,Punjab,KS Sharma,N Rana,M Markande,1,0,,,,,,,,,
1383562,2023/24,2023-11-02,"Punjab Cricket Association IS Bindra Stadium, Mohali, Chandigarh",1,7.4,Uttar Pradesh,Punjab,N Rana,KS Sharma,M Markande,1,0,,,,,,,,,
1383562,2023/24,2023-11-02,"Punjab Cricket Association IS Bindra Stadium, Mohali, Chandigarh",1,7.5,Uttar Pradesh,Punjab,KS Sharma,N Rana,M Markande,1,0,,,,,,,,,
1383562,2023/24,2023-11-02,"Punjab Cricket Association IS Bindra Stadium, Mohali, Chandigarh",1,7.6,Uttar Pradesh,Punjab,N Rana,KS Sharma,M Markande,1,0,,,,,,,,,
1383562,2023/24,2023-11-02,"Punjab Cricket Association IS Bindra Stadium, Mohali, Chandigarh",1,8.1,Uttar Pradesh,Punjab,N Rana,KS Sharma,Harpreet Brar,4,0,,,,,,,,,
1383562,2023/24,2023-11-02,"Punjab Cricket Association IS Bindra Stadium, Mohali, Chandigarh",1,8.2,Uttar Pradesh,Punjab,N Rana,KS Sharma,Harpreet Brar,1,0,,,,,,,,,
1383562,2023/24,2023-11-02,"Punjab Cricket Association IS Bindra Stadium, Mohali, Chandigarh",1,8.3,Uttar Pradesh,Punjab,KS Sharma,N Rana,Harpreet Brar,0,0,,,,,,,,,
1383562,2023/24,2023-11-02,"Punjab Cricket Association IS Bindra Stadium, Mohali, Chandigarh",1,8.4,Uttar Pradesh,Punjab,KS Sharma,N Rana,Harpreet Brar,1,0,,,,,,,,,
1383562,2023/24,2023-11-02,"Punjab Cricket Association IS Bindra Stadium, Mohali, Chandigarh",1,8.5,Uttar Pradesh,Punjab,N Rana,KS Sharma,Harpreet Brar,1,0,,,,,,,,,
1383562,2023/24,2023-11-02,"Punjab Cricket Association IS Bindra Stadium, Mohali, Chandigarh",1,8.6,Uttar Pradesh,Punjab,KS Sharma,N Rana,Harpreet Brar,0,0,,,,,,caught,KS Sharma,,
1383562,2023/24,2023-11-02,"Punjab Cricket Association IS Bindra Stadium, Mohali, Chandigarh",1,9.1,Uttar Pradesh,Punjab,N Rana,Sameer Rizvi,M Markande,1,0,,,,,,,,,
1383562,2023/24,2023-11-02,"Punjab Cricket Association IS Bindra Stadium, Mohali, Chandigarh",1,9.2,Uttar Pradesh,Punjab,Sameer Rizvi,N Rana,M Markande,1,0,,,,,,,,,
1383562,2023/24,2023-11-02,"Punjab Cricket Association IS Bindra Stadium, Mohali, Chandigarh",1,9.3,Uttar Pradesh,Punjab,N Rana,Sameer Rizvi,M Markande,1,0,,,,,,,,,
1383562,2023/24,2023-11-02,"Punjab Cricket Association IS Bindra Stadium, Mohali, Chandigarh",1,9.4,Uttar Pradesh,Punjab,Sameer Rizvi,N Rana,M Markande,1,0,,,,,,,,,
1383562,2023/24,2023-11-02,"Punjab Cricket Association IS Bindra Stadium, Mohali, Chandigarh",1,9.5,Uttar Pradesh,Punjab,N Rana,Sameer Rizvi,M Markande,1,0,,,,,,,,,
1383562,2023/24,2023-11-02,"Punjab Cricket Association IS Bindra Stadium, Mohali, Chandigarh",1,9.6,Uttar Pradesh,Punjab,Sameer Rizvi,N Rana,M Markande,1,0,,,,,,,,,
1383562,2023/24,2023-11-02,"Punjab Cricket Association IS Bindra Stadium, Mohali, Chandigarh",1,10.1,Uttar Pradesh,Punjab,Sameer Rizvi,N Rana,Abhishek Sharma,0,0,,,,,,,,,
1383562,2023/24,2023-11-02,"Punjab Cricket Association IS Bindra Stadium, Mohali, Chandigarh",1,10.2,Uttar Pradesh,Punjab,Sameer Rizvi,N Rana,Abhishek Sharma,1,0,,,,,,,,,
1383562,2023/24,2023-11-02,"Punjab Cricket Association IS Bindra Stadium, Mohali, Chandigarh",1,10.3,Uttar Pradesh,Punjab,N Rana,Sameer Rizvi,Abhishek Sharma,1,0,,,,,,,,,
1383562,2023/24,2023-11-02,"Punjab Cricket Association IS Bindra Stadium, Mohali, Chandigarh",1,10.4,Uttar Pradesh,Punjab,Sameer Rizvi,N Rana,Abhishek Sharma,0,0,,,,,,,,,
1383562,2023/24,2023-11-02,"Punjab Cricket Association IS Bindra Stadium, Mohali, Chandigarh",1,10.5,Uttar Pradesh,Punjab,Sameer Rizvi,N Rana,Abhishek Sharma,0,0,,,,,,,,,
1383562,2023/24,2023-11-02,"Punjab Cricket Association IS Bindra Stadium, Mohali, Chandigarh",1,10.6,Uttar Pradesh,Punjab,Sameer Rizvi,N Rana,Abhishek Sharma,1,0,,,,,,,,,
1383562,2023/24,2023-11-02,"Punjab Cricket Association IS Bindra Stadium, Mohali, Chandigarh",1,11.1,Uttar Pradesh,Punjab,Sameer Rizvi,N Rana,M Markande,0,0,,,,,,run out,N Rana,,
1383562,2023/24,2023-11-02,"Punjab Cricket Association IS Bindra Stadium, Mohali, Chandigarh",1,11.2,Uttar Pradesh,Punjab,RK Singh,Sameer Rizvi,M Markande,1,0,,,,,,,,,
1383562,2023/24,2023-11-02,"Punjab Cricket Association IS Bindra Stadium, Mohali, Chandigarh",1,11.3,Uttar Pradesh,Punjab,Sameer Rizvi,RK Singh,M Markande,6,0,,,,,,,,,
1383562,2023/24,2023-11-02,"Punjab Cricket Association IS Bindra Stadium, Mohali, Chandigarh",1,11.4,Uttar Pradesh,Punjab,Sameer Rizvi,RK Singh,M Markande,1,0,,,,,,,,,
1383562,2023/24,2023-11-02,"Punjab Cricket Association IS Bindra Stadium, Mohali, Chandigarh",1,11.5,Uttar Pradesh,Punjab,RK Singh,Sameer Rizvi,M Markande,0,0,,,,,,,,,
1383562,2023/24,2023-11-02,"Punjab Cricket Association IS Bindra Stadium, Mohali, Chandigarh",1,11.6,Uttar Pradesh,Punjab,RK Singh,Sameer Rizvi,M Markande,4,0,,,,,,,,,
1383562,2023/24,2023-11-02,"Punjab Cricket Association IS Bindra Stadium, Mohali, Chandigarh",1,12.1,Uttar Pradesh,Punjab,Sameer Rizvi,RK Singh,Abhishek Sharma,4,0,,,,,,,,,
1383562,2023/24,2023-11-02,"Punjab Cricket Association IS Bindra Stadium, Mohali, Chandigarh",1,12.2,Uttar Pradesh,Punjab,Sameer Rizvi,RK Singh,Abhishek Sharma,6,0,,,,,,,,,
1383562,2023/24,2023-11-02,"Punjab Cricket Association IS Bindra Stadium, Mohali, Chandigarh",1,12.3,Uttar Pradesh,Punjab,Sameer Rizvi,RK Singh,Abhishek Sharma,1,0,,,,,,,,,
1383562,2023/24,2023-11-02,"Punjab Cricket Association IS Bindra Stadium, Mohali, Chandigarh",1,12.4,Uttar Pradesh,Punjab,RK Singh,Sameer Rizvi,Abhishek Sharma,0,0,,,,,,,,,
1383562,2023/24,2023-11-02,"Punjab Cricket Association IS Bindra Stadium, Mohali, Chandigarh",1,12.5,Uttar Pradesh,Punjab,RK Singh,Sameer Rizvi,Abhishek Sharma,1,0,,,,,,,,,
1383562,2023/24,2023-11-02,"Punjab Cricket Association IS Bindra Stadium, Mohali, Chandigarh",1,12.6,Uttar Pradesh,Punjab,Sameer Rizvi,RK Singh,Abhishek Sharma,0,0,,,,,,,,,
1383562,2023/24,2023-11-02,"Punjab Cricket Association IS Bindra Stadium, Mohali, Chandigarh",1,13.1,Uttar Pradesh,Punjab,RK Singh,Sameer Rizvi,S Kaul,2,0,,,,,,,,,
1383562,2023/24,2023-11-02,"Punjab Cricket Association IS Bindra Stadium, Mohali, Chandigarh",1,13.2,Uttar Pradesh,Punjab,RK Singh,Sameer Rizvi,S Kaul,1,0,,,,,,,,,
1383562,2023/24,2023-11-02,"Punjab Cricket Association IS Bindra Stadium, Mohali, Chandigarh",1,13.3,Uttar Pradesh,Punjab,Sameer Rizvi,RK Singh,S Kaul,1,0,,,,,,,,,
1383562,2023/24,2023-11-02,"Punjab Cricket Association IS Bindra Stadium, Mohali, Chandigarh",1,13.4,Uttar Pradesh,Punjab,RK Singh,Sameer Rizvi,S Kaul,2,0,,,,,,,,,
1383562,2023/24,2023-11-02,"Punjab Cricket Association IS Bindra Stadium, Mohali, Chandigarh",1,13.5,Uttar Pradesh,Punjab,RK Singh,Sameer Rizvi,S Kaul,0,1,1,,,,,,,,
1383562,2023/24,2023-11-02,"Punjab Cricket Association IS Bindra Stadium, Mohali, Chandigarh",1,13.6,Uttar Pradesh,Punjab,RK Singh,Sameer Rizvi,S Kaul,4,0,,,,,,,,,
1383562,2023/24,2023-11-02,"Punjab Cricket Association IS Bindra Stadium, Mohali, Chandigarh",1,13.7,Uttar Pradesh,Punjab,RK Singh,Sameer Rizvi,S Kaul,0,0,,,,,,,,,
1383562,2023/24,2023-11-02,"Punjab Cricket Association IS Bindra Stadium, Mohali, Chandigarh",1,14.1,Uttar Pradesh,Punjab,Sameer Rizvi,RK Singh,Harpreet Brar,1,0,,,,,,,,,
1383562,2023/24,2023-11-02,"Punjab Cricket Association IS Bindra Stadium, Mohali, Chandigarh",1,14.2,Uttar Pradesh,Punjab,RK Singh,Sameer Rizvi,Harpreet Brar,1,0,,,,,,,,,
1383562,2023/24,2023-11-02,"Punjab Cricket Association IS Bindra Stadium, Mohali, Chandigarh",1,14.3,Uttar Pradesh,Punjab,Sameer Rizvi,RK Singh,Harpreet Brar,0,0,,,,,,,,,
1383562,2023/24,2023-11-02,"Punjab Cricket Association IS Bindra Stadium, Mohali, Chandigarh",1,14.4,Uttar Pradesh,Punjab,Sameer Rizvi,RK Singh,Harpreet Brar,1,0,,,,,,,,,
1383562,2023/24,2023-11-02,"Punjab Cricket Association IS Bindra Stadium, Mohali, Chandigarh",1,14.5,Uttar Pradesh,Punjab,RK Singh,Sameer Rizvi,Harpreet Brar,1,0,,,,,,,,,
1383562,2023/24,2023-11-02,"Punjab Cricket Association IS Bindra Stadium, Mohali, Chandigarh",1,14.6,Uttar Pradesh,Punjab,Sameer Rizvi,RK Singh,Harpreet Brar,0,0,,,,,,,,,
1383562,2023/24,2023-11-02,"Punjab Cricket Association IS Bindra Stadium, Mohali, Chandigarh",1,15.1,Uttar Pradesh,Punjab,RK Singh,Sameer Rizvi,M Markande,2,0,,,,,,,,,
1383562,2023/24,2023-11-02,"Punjab Cricket Association IS Bindra Stadium, Mohali, Chandigarh",1,15.2,Uttar Pradesh,Punjab,RK Singh,Sameer Rizvi,M Markande,1,0,,,,,,,,,
1383562,2023/24,2023-11-02,"Punjab Cricket Association IS Bindra Stadium, Mohali, Chandigarh",1,15.3,Uttar Pradesh,Punjab,Sameer Rizvi,RK Singh,M Markande,6,0,,,,,,,,,
1383562,2023/24,2023-11-02,"Punjab Cricket Association IS Bindra Stadium, Mohali, Chandigarh",1,15.4,Uttar Pradesh,Punjab,Sameer Rizvi,RK Singh,M Markande,1,0,,,,,,,,,
1383562,2023/24,2023-11-02,"Punjab Cricket Association IS Bindra Stadium, Mohali, Chandigarh",1,15.5,Uttar Pradesh,Punjab,RK Singh,Sameer Rizvi,M Markande,6,0,,,,,,,,,
1383562,2023/24,2023-11-02,"Punjab Cricket Association IS Bindra Stadium, Mohali, Chandigarh",1,15.6,Uttar Pradesh,Punjab,RK Singh,Sameer Rizvi,M Markande,1,0,,,,,,,,,
1383562,2023/24,2023-11-02,"Punjab Cricket Association IS Bindra Stadium, Mohali, Chandigarh",1,16.1,Uttar Pradesh,Punjab,RK Singh,Sameer Rizvi,Harpreet Brar,1,0,,,,,,,,,
1383562,2023/24,2023-11-02,"Punjab Cricket Association IS Bindra Stadium, Mohali, Chandigarh",1,16.2,Uttar Pradesh,Punjab,Sameer Rizvi,RK Singh,Harpreet Brar,1,0,,,,,,,,,
1383562,2023/24,2023-11-02,"Punjab Cricket Association IS Bindra Stadium, Mohali, Chandigarh",1,16.3,Uttar Pradesh,Punjab,RK Singh,Sameer Rizvi,Harpreet Brar,1,0,,,,,,,,,
1383562,2023/24,2023-11-02,"Punjab Cricket Association IS Bindra Stadium, Mohali, Chandigarh",1,16.4,Uttar Pradesh,Punjab,Sameer Rizvi,RK Singh,Harpreet Brar,6,0,,,,,,,,,
1383562,2023/24,2023-11-02,"Punjab Cricket Association IS Bindra Stadium, Mohali, Chandigarh",1,16.5,Uttar Pradesh,Punjab,Sameer Rizvi,RK Singh,Harpreet Brar,1,0,,,,,,,,,
1383562,2023/24,2023-11-02,"Punjab Cricket Association IS Bindra Stadium, Mohali, Chandigarh",1,16.6,Uttar Pradesh,Punjab,RK Singh,Sameer Rizvi,Harpreet Brar,4,0,,,,,,,,,
1383562,2023/24,2023-11-02,"Punjab Cricket Association IS Bindra Stadium, Mohali, Chandigarh",1,17.1,Uttar Pradesh,Punjab,Sameer Rizvi,RK Singh,Arshdeep Singh,0,0,,,,,,,,,
1383562,2023/24,2023-11-02,"Punjab Cricket Association IS Bindra Stadium, Mohali, Chandigarh",1,17.2,Uttar Pradesh,Punjab,Sameer Rizvi,RK Singh,Arshdeep Singh,1,0,,,,,,,,,
1383562,2023/24,2023-11-02,"Punjab Cricket Association IS Bindra Stadium, Mohali, Chandigarh",1,17.3,Uttar Pradesh,Punjab,RK Singh,Sameer Rizvi,Arshdeep Singh,4,0,,,,,,,,,
1383562,2023/24,2023-11-02,"Punjab Cricket Association IS Bindra Stadium, Mohali, Chandigarh",1,17.4,Uttar Pradesh,Punjab,RK Singh,Sameer Rizvi,Arshdeep Singh,1,0,,,,,,,,,
1383562,2023/24,2023-11-02,"Punjab Cricket Association IS Bindra Stadium, Mohali, Chandigarh",1,17.5,Uttar Pradesh,Punjab,Sameer Rizvi,RK Singh,Arshdeep Singh,0,0,,,,,,,,,
1383562,2023/24,2023-11-02,"Punjab Cricket Association IS Bindra Stadium, Mohali, Chandigarh",1,17.6,Uttar Pradesh,Punjab,Sameer Rizvi,RK Singh,Arshdeep Singh,0,0,,,,,,,,,
1383562,2023/24,2023-11-02,"Punjab Cricket Association IS Bindra Stadium, Mohali, Chandigarh",1,18.1,Uttar Pradesh,Punjab,RK Singh,Sameer Rizvi,S Kaul,6,0,,,,,,,,,
1383562,2023/24,2023-11-02,"Punjab Cricket Association IS Bindra Stadium, Mohali, Chandigarh",1,18.2,Uttar Pradesh,Punjab,RK Singh,Sameer Rizvi,S Kaul,6,0,,,,,,,,,
1383562,2023/24,2023-11-02,"Punjab Cricket Association IS Bindra Stadium, Mohali, Chandigarh",1,18.3,Uttar Pradesh,Punjab,RK Singh,Sameer Rizvi,S Kaul,2,0,,,,,,,,,
1383562,2023/24,2023-11-02,"Punjab Cricket Association IS Bindra Stadium, Mohali, Chandigarh",1,18.4,Uttar Pradesh,Punjab,RK Singh,Sameer Rizvi,S Kaul,2,0,,,,,,,,,
1383562,2023/24,2023-11-02,"Punjab Cricket Association IS Bindra Stadium, Mohali, Chandigarh",1,18.5,Uttar Pradesh,Punjab,RK Singh,Sameer Rizvi,S Kaul,0,0,,,,,,,,,
1383562,2023/24,2023-11-02,"Punjab Cricket Association IS Bindra Stadium, Mohali, Chandigarh",1,18.6,Uttar Pradesh,Punjab,RK Singh,Sameer Rizvi,S Kaul,1,0,,,,,,,,,
1383562,2023/24,2023-11-02,"Punjab Cricket Association IS Bindra Stadium, Mohali, Chandigarh",1,19.1,Uttar Pradesh,Punjab,RK Singh,Sameer Rizvi,Arshdeep Singh,0,1,1,,,,,,,,
1383562,2023/24,2023-11-02,"Punjab Cricket Association IS Bindra Stadium, Mohali, Chandigarh",1,19.2,Uttar Pradesh,Punjab,RK Singh,Sameer Rizvi,Arshdeep Singh,6,0,,,,,,,,,
1383562,2023/24,2023-11-02,"Punjab Cricket Association IS Bindra Stadium, Mohali, Chandigarh",1,19.3,Uttar Pradesh,Punjab,RK Singh,Sameer Rizvi,Arshdeep Singh,2,0,,,,,,,,,
1383562,2023/24,2023-11-02,"Punjab Cricket Association IS Bindra Stadium, Mohali, Chandigarh",1,19.4,Uttar Pradesh,Punjab,RK Singh,Sameer Rizvi,Arshdeep Singh,6,0,,,,,,,,,
1383562,2023/24,2023-11-02,"Punjab Cricket Association IS Bindra Stadium, Mohali, Chandigarh",1,19.5,Uttar Pradesh,Punjab,RK Singh,Sameer Rizvi,Arshdeep Singh,0,0,,,,,,,,,
1383562,2023/24,2023-11-02,"Punjab Cricket Association IS Bindra Stadium, Mohali, Chandigarh",1,19.6,Uttar Pradesh,Punjab,RK Singh,Sameer Rizvi,Arshdeep Singh,6,0,,,,,,,,,
1383562,2023/24,2023-11-02,"Punjab Cricket Association IS Bindra Stadium, Mohali, Chandigarh",1,19.7,Uttar Pradesh,Punjab,RK Singh,Sameer Rizvi,Arshdeep Singh,2,0,,,,,,,,,
1383562,2023/24,2023-11-02,"Punjab Cricket Association IS Bindra Stadium, Mohali, Chandigarh",2,0.1,Punjab,Uttar Pradesh,Abhishek Sharma,P Simran Singh,B Kumar,0,0,,,,,,,,,
1383562,2023/24,2023-11-02,"Punjab Cricket Association IS Bindra Stadium, Mohali, Chandigarh",2,0.2,Punjab,Uttar Pradesh,Abhishek Sharma,P Simran Singh,B Kumar,0,1,1,,,,,,,,
1383562,2023/24,2023-11-02,"Punjab Cricket Association IS Bindra Stadium, Mohali, Chandigarh",2,0.3,Punjab,Uttar Pradesh,Abhishek Sharma,P Simran Singh,B Kumar,1,0,,,,,,,,,
1383562,2023/24,2023-11-02,"Punjab Cricket Association IS Bindra Stadium, Mohali, Chandigarh",2,0.4,Punjab,Uttar Pradesh,P Simran Singh,Abhishek Sharma,B Kumar,0,0,,,,,,lbw,P Simran Singh,,
1383562,2023/24,2023-11-02,"Punjab Cricket Association IS Bindra Stadium, Mohali, Chandigarh",2,0.5,Punjab,Uttar Pradesh,Mandeep Singh,Abhishek Sharma,B Kumar,0,0,,,,,,,,,
1383562,2023/24,2023-11-02,"Punjab Cricket Association IS Bindra Stadium, Mohali, Chandigarh",2,0.6,Punjab,Uttar Pradesh,Mandeep Singh,Abhishek Sharma,B Kumar,0,0,,,,,,,,,
1383562,2023/24,2023-11-02,"Punjab Cricket Association IS Bindra Stadium, Mohali, Chandigarh",2,0.7,Punjab,Uttar Pradesh,Mandeep Singh,Abhishek Sharma,B Kumar,0,0,,,,,,,,,
1383562,2023/24,2023-11-02,"Punjab Cricket Association IS Bindra Stadium, Mohali, Chandigarh",2,1.1,Punjab,Uttar Pradesh,Abhishek Sharma,Mandeep Singh,Yash Dayal,0,0,,,,,,,,,
1383562,2023/24,2023-11-02,"Punjab Cricket Association IS Bindra Stadium, Mohali, Chandigarh",2,1.2,Punjab,Uttar Pradesh,Abhishek Sharma,Mandeep Singh,Yash Dayal,1,0,,,,,,,,,
1383562,2023/24,2023-11-02,"Punjab Cricket Association IS Bindra Stadium, Mohali, Chandigarh",2,1.3,Punjab,Uttar Pradesh,Mandeep Singh,Abhishek Sharma,Yash Dayal,0,0,,,,,,,,,
1383562,2023/24,2023-11-02,"Punjab Cricket Association IS Bindra Stadium, Mohali, Chandigarh",2,1.4,Punjab,Uttar Pradesh,Mandeep Singh,Abhishek Sharma,Yash Dayal,1,0,,,,,,,,,
1383562,2023/24,2023-11-02,"Punjab Cricket Association IS Bindra Stadium, Mohali, Chandigarh",2,1.5,Punjab,Uttar Pradesh,Abhishek Sharma,Mandeep Singh,Yash Dayal,6,0,,,,,,,,,
1383562,2023/24,2023-11-02,"Punjab Cricket Association IS Bindra Stadium, Mohali, Chandigarh",2,1.6,Punjab,Uttar Pradesh,Abhishek Sharma,Mandeep Singh,Yash Dayal,1,0,,,,,,,,,
1383562,2023/24,2023-11-02,"Punjab Cricket Association IS Bindra Stadium, Mohali, Chandigarh",2,2.1,Punjab,Uttar Pradesh,Abhishek Sharma,Mandeep Singh,B Kumar,1,0,,,,,,,,,
1383562,2023/24,2023-11-02,"Punjab Cricket Association IS Bindra Stadium, Mohali, Chandigarh",2,2.2,Punjab,Uttar Pradesh,Mandeep Singh,Abhishek Sharma,B Kumar,0,0,,,,,,,,,
1383562,2023/24,2023-11-02,"Punjab Cricket Association IS Bindra Stadium, Mohali, Chandigarh",2,2.3,Punjab,Uttar Pradesh,Mandeep Singh,Abhishek Sharma,B Kumar,0,0,,,,,,,,,
1383562,2023/24,2023-11-02,"Punjab Cricket Association IS Bindra Stadium, Mohali, Chandigarh",2,2.4,Punjab,Uttar Pradesh,Mandeep Singh,Abhishek Sharma,B Kumar,0,0,,,,,,,,,
1383562,2023/24,2023-11-02,"Punjab Cricket Association IS Bindra Stadium, Mohali, Chandigarh",2,2.5,Punjab,Uttar Pradesh,Mandeep Singh,Abhishek Sharma,B Kumar,0,0,,,,,,bowled,Mandeep Singh,,
1383562,2023/24,2023-11-02,"Punjab Cricket Association IS Bindra Stadium, Mohali, Chandigarh",2,2.6,Punjab,Uttar Pradesh,Anmolpreet Singh,Abhishek Sharma,B Kumar,0,0,,,,,,,,,
1383562,2023/24,2023-11-02,"Punjab Cricket Association IS Bindra Stadium, Mohali, Chandigarh",2,3.1,Punjab,Uttar Pradesh,Abhishek Sharma,Anmolpreet Singh,Mohsin Khan,0,0,,,,,,,,,
1383562,2023/24,2023-11-02,"Punjab Cricket Association IS Bindra Stadium, Mohali, Chandigarh",2,3.2,Punjab,Uttar Pradesh,Abhishek Sharma,Anmolpreet Singh,Mohsin Khan,2,0,,,,,,,,,
1383562,2023/24,2023-11-02,"Punjab Cricket Association IS Bindra Stadium, Mohali, Chandigarh",2,3.3,Punjab,Uttar Pradesh,Abhishek Sharma,Anmolpreet Singh,Mohsin Khan,0,0,,,,,,,,,
1383562,2023/24,2023-11-02,"Punjab Cricket Association IS Bindra Stadium, Mohali, Chandigarh",2,3.4,Punjab,Uttar Pradesh,Abhishek Sharma,Anmolpreet Singh,Mohsin Khan,0,0,,,,,,caught,Abhishek Sharma,,
1383562,2023/24,2023-11-02,"Punjab Cricket Association IS Bindra Stadium, Mohali, Chandigarh",2,3.5,Punjab,Uttar Pradesh,N Wadhera,Anmolpreet Singh,Mohsin Khan,0,0,,,,,,,,,
1383562,2023/24,2023-11-02,"Punjab Cricket Association IS Bindra Stadium, Mohali, Chandigarh",2,3.6,Punjab,Uttar Pradesh,N Wadhera,Anmolpreet Singh,Mohsin Khan,4,0,,,,,,,,,
1383562,2023/24,2023-11-02,"Punjab Cricket Association IS Bindra Stadium, Mohali, Chandigarh",2,4.1,Punjab,Uttar Pradesh,Anmolpreet Singh,N Wadhera,Yash Dayal,0,0,,,,,,,,,
1383562,2023/24,2023-11-02,"Punjab Cricket Association IS Bindra Stadium, Mohali, Chandigarh",2,4.2,Punjab,Uttar Pradesh,Anmolpreet Singh,N Wadhera,Yash Dayal,4,0,,,,,,,,,
1383562,2023/24,2023-11-02,"Punjab Cricket Association IS Bindra Stadium, Mohali, Chandigarh",2,4.3,Punjab,Uttar Pradesh,Anmolpreet Singh,N Wadhera,Yash Dayal,6,0,,,,,,,,,
1383562,2023/24,2023-11-02,"Punjab Cricket Association IS Bindra Stadium, Mohali, Chandigarh",2,4.4,Punjab,Uttar Pradesh,Anmolpreet Singh,N Wadhera,Yash Dayal,0,4,,,,4,,,,,
1383562,2023/24,2023-11-02,"Punjab Cricket Association IS Bindra Stadium, Mohali, Chandigarh",2,4.5,Punjab,Uttar Pradesh,Anmolpreet Singh,N Wadhera,Yash Dayal,1,0,,,,,,,,,
1383562,2023/24,2023-11-02,"Punjab Cricket Association IS Bindra Stadium, Mohali, Chandigarh",2,4.6,Punjab,Uttar Pradesh,N Wadhera,Anmolpreet Singh,Yash Dayal,1,0,,,,,,,,,
1383562,2023/24,2023-11-02,"Punjab Cricket Association IS Bindra Stadium, Mohali, Chandigarh",2,5.1,Punjab,Uttar Pradesh,N Wadhera,Anmolpreet Singh,Mohsin Khan,0,0,,,,,,,,,
1383562,2023/24,2023-11-02,"Punjab Cricket Association IS Bindra Stadium, Mohali, Chandigarh",2,5.2,Punjab,Uttar Pradesh,N Wadhera,Anmolpreet Singh,Mohsin Khan,1,0,,,,,,,,,
1383562,2023/24,2023-11-02,"Punjab Cricket Association IS Bindra Stadium, Mohali, Chandigarh",2,5.3,Punjab,Uttar Pradesh,Anmolpreet Singh,N Wadhera,Mohsin Khan,1,0,,,,,,,,,
1383562,2023/24,2023-11-02,"Punjab Cricket Association IS Bindra Stadium, Mohali, Chandigarh",2,5.4,Punjab,Uttar Pradesh,N Wadhera,Anmolpreet Singh,Mohsin Khan,0,0,,,,,,,,,
1383562,2023/24,2023-11-02,"Punjab Cricket Association IS Bindra Stadium, Mohali, Chandigarh",2,5.5,Punjab,Uttar Pradesh,N Wadhera,Anmolpreet Singh,Mohsin Khan,1,0,,,,,,,,,
1383562,2023/24,2023-11-02,"Punjab Cricket Association IS Bindra Stadium, Mohali, Chandigarh",2,5.6,Punjab,Uttar Pradesh,Anmolpreet Singh,N Wadhera,Mohsin Khan,4,0,,,,,,,,,
1383562,2023/24,2023-11-02,"Punjab Cricket Association IS Bindra Stadium, Mohali, Chandigarh",2,6.1,Punjab,Uttar Pradesh,N Wadhera,Anmolpreet Singh,Shiva Singh,0,0,,,,,,,,,
1383562,2023/24,2023-11-02,"Punjab Cricket Association IS Bindra Stadium, Mohali, Chandigarh",2,6.2,Punjab,Uttar Pradesh,N Wadhera,Anmolpreet Singh,Shiva Singh,1,0,,,,,,,,,
1383562,2023/24,2023-11-02,"Punjab Cricket Association IS Bindra Stadium, Mohali, Chandigarh",2,6.3,Punjab,Uttar Pradesh,Anmolpreet Singh,N Wadhera,Shiva Singh,1,0,,,,,,,,,
1383562,2023/24,2023-11-02,"Punjab Cricket Association IS Bindra Stadium, Mohali, Chandigarh",2,6.4,Punjab,Uttar Pradesh,N Wadhera,Anmolpreet Singh,Shiva Singh,0,0,,,,,,,,,
1383562,2023/24,2023-11-02,"Punjab Cricket Association IS Bindra Stadium, Mohali, Chandigarh",2,6.5,Punjab,Uttar Pradesh,N Wadhera,Anmolpreet Singh,Shiva Singh,1,0,,,,,,,,,
1383562,2023/24,2023-11-02,"Punjab Cricket Association IS Bindra Stadium, Mohali, Chandigarh",2,6.6,Punjab,Uttar Pradesh,Anmolpreet Singh,N Wadhera,Shiva Singh,1,0,,,,,,,,,
1383562,2023/24,2023-11-02,"Punjab Cricket Association IS Bindra Stadium, Mohali, Chandigarh",2,7.1,Punjab,Uttar Pradesh,Anmolpreet Singh,N Wadhera,N Rana,1,0,,,,,,,,,
1383562,2023/24,2023-11-02,"Punjab Cricket Association IS Bindra Stadium, Mohali, Chandigarh",2,7.2,Punjab,Uttar Pradesh,N Wadhera,Anmolpreet Singh,N Rana,1,0,,,,,,,,,
1383562,2023/24,2023-11-02,"Punjab Cricket Association IS Bindra Stadium, Mohali, Chandigarh",2,7.3,Punjab,Uttar Pradesh,Anmolpreet Singh,N Wadhera,N Rana,0,0,,,,,,,,,
1383562,2023/24,2023-11-02,"Punjab Cricket Association IS Bindra Stadium, Mohali, Chandigarh",2,7.4,Punjab,Uttar Pradesh,Anmolpreet Singh,N Wadhera,N Rana,1,0,,,,,,,,,
1383562,2023/24,2023-11-02,"Punjab Cricket Association IS Bindra Stadium, Mohali, Chandigarh",2,7.5,Punjab,Uttar Pradesh,N Wadhera,Anmolpreet Singh,N Rana,0,0,,,,,,,,,
1383562,2023/24,2023-11-02,"Punjab Cricket Association IS Bindra Stadium, Mohali, Chandigarh",2,7.6,Punjab,Uttar Pradesh,N Wadhera,Anmolpreet Singh,N Rana,0,0,,,,,,,,,
1383562,2023/24,2023-11-02,"Punjab Cricket Association IS Bindra Stadium, Mohali, Chandigarh",2,8.1,Punjab,Uttar Pradesh,Anmolpreet Singh,N Wadhera,Shiva Singh,1,0,,,,,,,,,
1383562,2023/24,2023-11-02,"Punjab Cricket Association IS Bindra Stadium, Mohali, Chandigarh",2,8.2,Punjab,Uttar Pradesh,N Wadhera,Anmolpreet Singh,Shiva Singh,0,0,,,,,,,,,
1383562,2023/24,2023-11-02,"Punjab Cricket Association IS Bindra Stadium, Mohali, Chandigarh",2,8.3,Punjab,Uttar Pradesh,N Wadhera,Anmolpreet Singh,Shiva Singh,0,0,,,,,,,,,
1383562,2023/24,2023-11-02,"Punjab Cricket Association IS Bindra Stadium, Mohali, Chandigarh",2,8.4,Punjab,Uttar Pradesh,N Wadhera,Anmolpreet Singh,Shiva Singh,1,0,,,,,,,,,
1383562,2023/24,2023-11-02,"Punjab Cricket Association IS Bindra Stadium, Mohali, Chandigarh",2,8.5,Punjab,Uttar Pradesh,Anmolpreet Singh,N Wadhera,Shiva Singh,1,0,,,,,,,,,
1383562,2023/24,2023-11-02,"Punjab Cricket Association IS Bindra Stadium, Mohali, Chandigarh",2,8.6,Punjab,Uttar Pradesh,N Wadhera,Anmolpreet Singh,Shiva Singh,4,0,,,,,,,,,
1383562,2023/24,2023-11-02,"Punjab Cricket Association IS Bindra Stadium, Mohali, Chandigarh",2,9.1,Punjab,Uttar Pradesh,Anmolpreet Singh,N Wadhera,N Rana,1,0,,,,,,,,,
1383562,2023/24,2023-11-02,"Punjab Cricket Association IS Bindra Stadium, Mohali, Chandigarh",2,9.2,Punjab,Uttar Pradesh,N Wadhera,Anmolpreet Singh,N Rana,1,0,,,,,,,,,
1383562,2023/24,2023-11-02,"Punjab Cricket Association IS Bindra Stadium, Mohali, Chandigarh",2,9.3,Punjab,Uttar Pradesh,Anmolpreet Singh,N Wadhera,N Rana,4,0,,,,,,,,,
1383562,2023/24,2023-11-02,"Punjab Cricket Association IS Bindra Stadium, Mohali, Chandigarh",2,9.4,Punjab,Uttar Pradesh,Anmolpreet Singh,N Wadhera,N Rana,1,0,,,,,,,,,
1383562,2023/24,2023-11-02,"Punjab Cricket Association IS Bindra Stadium, Mohali, Chandigarh",2,9.5,Punjab,Uttar Pradesh,N Wadhera,Anmolpreet Singh,N Rana,1,0,,,,,,,,,
1383562,2023/24,2023-11-02,"Punjab Cricket Association IS Bindra Stadium, Mohali, Chandigarh",2,9.6,Punjab,Uttar Pradesh,Anmolpreet Singh,N Wadhera,N Rana,1,0,,,,,,,,,
1383562,2023/24,2023-11-02,"Punjab Cricket Association IS Bindra Stadium, Mohali, Chandigarh",2,10.1,Punjab,Uttar Pradesh,Anmolpreet Singh,N Wadhera,Shiva Singh,1,0,,,,,,,,,
1383562,2023/24,2023-11-02,"Punjab Cricket Association IS Bindra Stadium, Mohali, Chandigarh",2,10.2,Punjab,Uttar Pradesh,N Wadhera,Anmolpreet Singh,Shiva Singh,1,0,,,,,,,,,
1383562,2023/24,2023-11-02,"Punjab Cricket Association IS Bindra Stadium, Mohali, Chandigarh",2,10.3,Punjab,Uttar Pradesh,Anmolpreet Singh,N Wadhera,Shiva Singh,2,0,,,,,,,,,
1383562,2023/24,2023-11-02,"Punjab Cricket Association IS Bindra Stadium, Mohali, Chandigarh",2,10.4,Punjab,Uttar Pradesh,Anmolpreet Singh,N Wadhera,Shiva Singh,1,0,,,,,,,,,
1383562,2023/24,2023-11-02,"Punjab Cricket Association IS Bindra Stadium, Mohali, Chandigarh",2,10.5,Punjab,Uttar Pradesh,N Wadhera,Anmolpreet Singh,Shiva Singh,1,0,,,,,,,,,
1383562,2023/24,2023-11-02,"Punjab Cricket Association IS Bindra Stadium, Mohali, Chandigarh",2,10.6,Punjab,Uttar Pradesh,Anmolpreet Singh,N Wadhera,Shiva Singh,1,0,,,,,,,,,
1383562,2023/24,2023-11-02,"Punjab Cricket Association IS Bindra Stadium, Mohali, Chandigarh",2,11.1,Punjab,Uttar Pradesh,Anmolpreet Singh,N Wadhera,N Rana,6,0,,,,,,,,,
1383562,2023/24,2023-11-02,"Punjab Cricket Association IS Bindra Stadium, Mohali, Chandigarh",2,11.2,Punjab,Uttar Pradesh,Anmolpreet Singh,N Wadhera,N Rana,1,0,,,,,,,,,
1383562,2023/24,2023-11-02,"Punjab Cricket Association IS Bindra Stadium, Mohali, Chandigarh",2,11.3,Punjab,Uttar Pradesh,N Wadhera,Anmolpreet Singh,N Rana,1,0,,,,,,,,,
1383562,2023/24,2023-11-02,"Punjab Cricket Association IS Bindra Stadium, Mohali, Chandigarh",2,11.4,Punjab,Uttar Pradesh,Anmolpreet Singh,N Wadhera,N Rana,1,0,,,,,,,,,
1383562,2023/24,2023-11-02,"Punjab Cricket Association IS Bindra Stadium, Mohali, Chandigarh",2,11.5,Punjab,Uttar Pradesh,N Wadhera,Anmolpreet Singh,N Rana,0,0,,,,,,,,,
1383562,2023/24,2023-11-02,"Punjab Cricket Association IS Bindra Stadium, Mohali, Chandigarh",2,11.6,Punjab,Uttar Pradesh,N Wadhera,Anmolpreet Singh,N Rana,1,0,,,,,,,,,
1383562,2023/24,2023-11-02,"Punjab Cricket Association IS Bindra Stadium, Mohali, Chandigarh",2,12.1,Punjab,Uttar Pradesh,N Wadhera,Anmolpreet Singh,Mohsin Khan,1,0,,,,,,,,,
1383562,2023/24,2023-11-02,"Punjab Cricket Association IS Bindra Stadium, Mohali, Chandigarh",2,12.2,Punjab,Uttar Pradesh,Anmolpreet Singh,N Wadhera,Mohsin Khan,0,0,,,,,,,,,
1383562,2023/24,2023-11-02,"Punjab Cricket Association IS Bindra Stadium, Mohali, Chandigarh",2,12.3,Punjab,Uttar Pradesh,Anmolpreet Singh,N Wadhera,Mohsin Khan,1,0,,,,,,,,,
1383562,2023/24,2023-11-02,"Punjab Cricket Association IS Bindra Stadium, Mohali, Chandigarh",2,12.4,Punjab,Uttar Pradesh,N Wadhera,Anmolpreet Singh,Mohsin Khan,2,0,,,,,,,,,
1383562,2023/24,2023-11-02,"Punjab Cricket Association IS Bindra Stadium, Mohali, Chandigarh",2,12.5,Punjab,Uttar Pradesh,N Wadhera,Anmolpreet Singh,Mohsin Khan,1,0,,,,,,,,,
1383562,2023/24,2023-11-02,"Punjab Cricket Association IS Bindra Stadium, Mohali, Chandigarh",2,12.6,Punjab,Uttar Pradesh,Anmolpreet Singh,N Wadhera,Mohsin Khan,0,0,,,,,,caught,Anmolpreet Singh,,
1383562,2023/24,2023-11-02,"Punjab Cricket Association IS Bindra Stadium, Mohali, Chandigarh",2,13.1,Punjab,Uttar Pradesh,N Wadhera,Sanvir Singh,Kartik Tyagi,0,0,,,,,,,,,
1383562,2023/24,2023-11-02,"Punjab Cricket Association IS Bindra Stadium, Mohali, Chandigarh",2,13.2,Punjab,Uttar Pradesh,N Wadhera,Sanvir Singh,Kartik Tyagi,0,1,1,,,,,,,,
1383562,2023/24,2023-11-02,"Punjab Cricket Association IS Bindra Stadium, Mohali, Chandigarh",2,13.3,Punjab,Uttar Pradesh,N Wadhera,Sanvir Singh,Kartik Tyagi,4,0,,,,,,,,,
1383562,2023/24,2023-11-02,"Punjab Cricket Association IS Bindra Stadium, Mohali, Chandigarh",2,13.4,Punjab,Uttar Pradesh,N Wadhera,Sanvir Singh,Kartik Tyagi,6,0,,,,,,,,,
1383562,2023/24,2023-11-02,"Punjab Cricket Association IS Bindra Stadium, Mohali, Chandigarh",2,13.5,Punjab,Uttar Pradesh,N Wadhera,Sanvir Singh,Kartik Tyagi,0,0,,,,,,,,,
1383562,2023/24,2023-11-02,"Punjab Cricket Association IS Bindra Stadium, Mohali, Chandigarh",2,13.6,Punjab,Uttar Pradesh,N Wadhera,Sanvir Singh,Kartik Tyagi,2,0,,,,,,,,,
1383562,2023/24,2023-11-02,"Punjab Cricket Association IS Bindra Stadium, Mohali, Chandigarh",2,13.7,Punjab,Uttar Pradesh,N Wadhera,Sanvir Singh,Kartik Tyagi,0,1,1,,,,,,,,
1383562,2023/24,2023-11-02,"Punjab Cricket Association IS Bindra Stadium, Mohali, Chandigarh",2,13.8,Punjab,Uttar Pradesh,N Wadhera,Sanvir Singh,Kartik Tyagi,1,0,,,,,,,,,
1383562,2023/24,2023-11-02,"Punjab Cricket Association IS Bindra Stadium, Mohali, Chandigarh",2,14.1,Punjab,Uttar Pradesh,N Wadhera,Sanvir Singh,Mohsin Khan,2,0,,,,,,,,,
1383562,2023/24,2023-11-02,"Punjab Cricket Association IS Bindra Stadium, Mohali, Chandigarh",2,14.2,Punjab,Uttar Pradesh,N Wadhera,Sanvir Singh,Mohsin Khan,2,0,,,,,,,,,
1383562,2023/24,2023-11-02,"Punjab Cricket Association IS Bindra Stadium, Mohali, Chandigarh",2,14.3,Punjab,Uttar Pradesh,N Wadhera,Sanvir Singh,Mohsin Khan,6,0,,,,,,,,,
1383562,2023/24,2023-11-02,"Punjab Cricket Association IS Bindra Stadium, Mohali, Chandigarh",2,14.4,Punjab,Uttar Pradesh,N Wadhera,Sanvir Singh,Mohsin Khan,4,0,,,,,,,,,
1383562,2023/24,2023-11-02,"Punjab Cricket Association IS Bindra Stadium, Mohali, Chandigarh",2,14.5,Punjab,Uttar Pradesh,N Wadhera,Sanvir Singh,Mohsin Khan,0,0,,,,,,bowled,N Wadhera,,
1383562,2023/24,2023-11-02,"Punjab Cricket Association IS Bindra Stadium, Mohali, Chandigarh",2,14.6,Punjab,Uttar Pradesh,Ramandeep Singh,Sanvir Singh,Mohsin Khan,2,0,,,,,,,,,
1383562,2023/24,2023-11-02,"Punjab Cricket Association IS Bindra Stadium, Mohali, Chandigarh",2,15.1,Punjab,Uttar Pradesh,Sanvir Singh,Ramandeep Singh,B Kumar,1,0,,,,,,,,,
1383562,2023/24,2023-11-02,"Punjab Cricket Association IS Bindra Stadium, Mohali, Chandigarh",2,15.2,Punjab,Uttar Pradesh,Ramandeep Singh,Sanvir Singh,B Kumar,0,0,,,,,,,,,
1383562,2023/24,2023-11-02,"Punjab Cricket Association IS Bindra Stadium, Mohali, Chandigarh",2,15.3,Punjab,Uttar Pradesh,Ramandeep Singh,Sanvir Singh,B Kumar,1,0,,,,,,,,,
1383562,2023/24,2023-11-02,"Punjab Cricket Association IS Bindra Stadium, Mohali, Chandigarh",2,15.4,Punjab,Uttar Pradesh,Sanvir Singh,Ramandeep Singh,B Kumar,0,1,1,,,,,,,,
1383562,2023/24,2023-11-02,"Punjab Cricket Association IS Bindra Stadium, Mohali, Chandigarh",2,15.5,Punjab,Uttar Pradesh,Sanvir Singh,Ramandeep Singh,B Kumar,1,0,,,,,,,,,
1383562,2023/24,2023-11-02,"Punjab Cricket Association IS Bindra Stadium, Mohali, Chandigarh",2,15.6,Punjab,Uttar Pradesh,Ramandeep Singh,Sanvir Singh,B Kumar,1,0,,,,,,,,,
1383562,2023/24,2023-11-02,"Punjab Cricket Association IS Bindra Stadium, Mohali, Chandigarh",2,15.7,Punjab,Uttar Pradesh,Sanvir Singh,Ramandeep Singh,B Kumar,4,0,,,,,,,,,
1383562,2023/24,2023-11-02,"Punjab Cricket Association IS Bindra Stadium, Mohali, Chandigarh",2,16.1,Punjab,Uttar Pradesh,Ramandeep Singh,Sanvir Singh,Yash Dayal,1,0,,,,,,,,,
1383562,2023/24,2023-11-02,"Punjab Cricket Association IS Bindra Stadium, Mohali, Chandigarh",2,16.2,Punjab,Uttar Pradesh,Sanvir Singh,Ramandeep Singh,Yash Dayal,0,0,,,,,,,,,
1383562,2023/24,2023-11-02,"Punjab Cricket Association IS Bindra Stadium, Mohali, Chandigarh",2,16.3,Punjab,Uttar Pradesh,Sanvir Singh,Ramandeep Singh,Yash Dayal,6,0,,,,,,,,,
1383562,2023/24,2023-11-02,"Punjab Cricket Association IS Bindra Stadium, Mohali, Chandigarh",2,16.4,Punjab,Uttar Pradesh,Sanvir Singh,Ramandeep Singh,Yash Dayal,1,0,,,,,,,,,
1383562,2023/24,2023-11-02,"Punjab Cricket Association IS Bindra Stadium, Mohali, Chandigarh",2,16.5,Punjab,Uttar Pradesh,Ramandeep Singh,Sanvir Singh,Yash Dayal,1,0,,,,,,,,,
1383562,2023/24,2023-11-02,"Punjab Cricket Association IS Bindra Stadium, Mohali, Chandigarh",2,16.6,Punjab,Uttar Pradesh,Sanvir Singh,Ramandeep Singh,Yash Dayal,4,0,,,,,,,,,
1383562,2023/24,2023-11-02,"Punjab Cricket Association IS Bindra Stadium, Mohali, Chandigarh",2,17.1,Punjab,Uttar Pradesh,Ramandeep Singh,Sanvir Singh,B Kumar,2,0,,,,,,,,,
1383562,2023/24,2023-11-02,"Punjab Cricket Association IS Bindra Stadium, Mohali, Chandigarh",2,17.2,Punjab,Uttar Pradesh,Ramandeep Singh,Sanvir Singh,B Kumar,0,0,,,,,,,,,
1383562,2023/24,2023-11-02,"Punjab Cricket Association IS Bindra Stadium, Mohali, Chandigarh",2,17.3,Punjab,Uttar Pradesh,Ramandeep Singh,Sanvir Singh,B Kumar,1,0,,,,,,,,,
1383562,2023/24,2023-11-02,"Punjab Cricket Association IS Bindra Stadium, Mohali, Chandigarh",2,17.4,Punjab,Uttar Pradesh,Sanvir Singh,Ramandeep Singh,B Kumar,1,0,,,,,,,,,
1383562,2023/24,2023-11-02,"Punjab Cricket Association IS Bindra Stadium, Mohali, Chandigarh",2,17.5,Punjab,Uttar Pradesh,Ramandeep Singh,Sanvir Singh,B Kumar,2,0,,,,,,,,,
1383562,2023/24,2023-11-02,"Punjab Cricket Association IS Bindra Stadium, Mohali, Chandigarh",2,17.6,Punjab,Uttar Pradesh,Ramandeep Singh,Sanvir Singh,B Kumar,4,0,,,,,,,,,
1383562,2023/24,2023-11-02,"Punjab Cricket Association IS Bindra Stadium, Mohali, Chandigarh",2,18.1,Punjab,Uttar Pradesh,Sanvir Singh,Ramandeep Singh,Yash Dayal,6,0,,,,,,,,,
1383562,2023/24,2023-11-02,"Punjab Cricket Association IS Bindra Stadium, Mohali, Chandigarh",2,18.2,Punjab,Uttar Pradesh,Sanvir Singh,Ramandeep Singh,Yash Dayal,0,1,1,,,,,,,,
1383562,2023/24,2023-11-02,"Punjab Cricket Association IS Bindra Stadium, Mohali, Chandigarh",2,18.3,Punjab,Uttar Pradesh,Sanvir Singh,Ramandeep Singh,Yash Dayal,4,0,,,,,,,,,
1383562,2023/24,2023-11-02,"Punjab Cricket Association IS Bindra Stadium, Mohali, Chandigarh",2,18.4,Punjab,Uttar Pradesh,Sanvir Singh,Ramandeep Singh,Yash Dayal,4,0,,,,,,,,,
1383562,2023/24,2023-11-02,"Punjab Cricket Association IS Bindra Stadium, Mohali, Chandigarh",2,18.5,Punjab,Uttar Pradesh,Sanvir Singh,Ramandeep Singh,Yash Dayal,1,0,,,,,,,,,
1383562,2023/24,2023-11-02,"Punjab Cricket Association IS Bindra Stadium, Mohali, Chandigarh",2,18.6,Punjab,Uttar Pradesh,Ramandeep Singh,Sanvir Singh,Yash Dayal,1,0,,,,,,,,,
1383562,2023/24,2023-11-02,"Punjab Cricket Association IS Bindra Stadium, Mohali, Chandigarh",2,18.7,Punjab,Uttar Pradesh,Sanvir Singh,Ramandeep Singh,Yash Dayal,2,0,,,,,,,,,
1383562,2023/24,2023-11-02,"Punjab Cricket Association IS Bindra Stadium, Mohali, Chandigarh",2,19.1,Punjab,Uttar Pradesh,Ramandeep Singh,Sanvir Singh,Shiva Singh,6,0,,,,,,,,,
