match_id,season,start_date,venue,innings,ball,batting_team,bowling_team,striker,non_striker,bowler,runs_off_bat,extras,wides,noballs,byes,legbyes,penalty,wicket_type,player_dismissed,other_wicket_type,other_player_dismissed
1383442,2023/24,2023-10-16,"JSCA International Stadium Complex, Ranchi",1,0.1,Saurashtra,Punjab,Tarang Gohel,H Desai,Abhishek Sharma,0,0,,,,,,,,,
1383442,2023/24,2023-10-16,"JSCA International Stadium Complex, Ranchi",1,0.2,Saurashtra,Punjab,Tarang Gohel,H Desai,Abhishek Sharma,1,0,,,,,,,,,
1383442,2023/24,2023-10-16,"JSCA International Stadium Complex, Ranchi",1,0.3,Saurashtra,Punjab,H Desai,Tarang Gohel,Abhishek Sharma,4,0,,,,,,,,,
1383442,2023/24,2023-10-16,"JSCA International Stadium Complex, Ranchi",1,0.4,Saurashtra,Punjab,H Desai,Tarang Gohel,Abhishek Sharma,0,1,1,,,,,,,,
1383442,2023/24,2023-10-16,"JSCA International Stadium Complex, Ranchi",1,0.5,Saurashtra,Punjab,H Desai,Tarang Gohel,Abhishek Sharma,4,0,,,,,,,,,
1383442,2023/24,2023-10-16,"JSCA International Stadium Complex, Ranchi",1,0.6,Saurashtra,Punjab,H Desai,Tarang Gohel,Abhishek Sharma,0,0,,,,,,,,,
1383442,2023/24,2023-10-16,"JSCA International Stadium Complex, Ranchi",1,0.7,Saurashtra,Punjab,H Desai,Tarang Gohel,Abhishek Sharma,1,0,,,,,,,,,
1383442,2023/24,2023-10-16,"JSCA International Stadium Complex, Ranchi",1,1.1,Saurashtra,Punjab,H Desai,Tarang Gohel,Arshdeep Singh,0,0,,,,,,,,,
1383442,2023/24,2023-10-16,"JSCA International Stadium Complex, Ranchi",1,1.2,Saurashtra,Punjab,H Desai,Tarang Gohel,Arshdeep Singh,0,0,,,,,,,,,
1383442,2023/24,2023-10-16,"JSCA International Stadium Complex, Ranchi",1,1.3,Saurashtra,Punjab,H Desai,Tarang Gohel,Arshdeep Singh,1,0,,,,,,,,,
1383442,2023/24,2023-10-16,"JSCA International Stadium Complex, Ranchi",1,1.4,Saurashtra,Punjab,Tarang Gohel,H Desai,Arshdeep Singh,0,0,,,,,,,,,
1383442,2023/24,2023-10-16,"JSCA International Stadium Complex, Ranchi",1,1.5,Saurashtra,Punjab,Tarang Gohel,H Desai,Arshdeep Singh,4,0,,,,,,,,,
1383442,2023/24,2023-10-16,"JSCA International Stadium Complex, Ranchi",1,1.6,Saurashtra,Punjab,Tarang Gohel,H Desai,Arshdeep Singh,4,0,,,,,,,,,
1383442,2023/24,2023-10-16,"JSCA International Stadium Complex, Ranchi",1,2.1,Saurashtra,Punjab,H Desai,Tarang Gohel,S Kaul,4,0,,,,,,,,,
1383442,2023/24,2023-10-16,"JSCA International Stadium Complex, Ranchi",1,2.2,Saurashtra,Punjab,H Desai,Tarang Gohel,S Kaul,0,0,,,,,,caught,H Desai,,
1383442,2023/24,2023-10-16,"JSCA International Stadium Complex, Ranchi",1,2.3,Saurashtra,Punjab,Samarth Vyas,Tarang Gohel,S Kaul,0,0,,,,,,,,,
1383442,2023/24,2023-10-16,"JSCA International Stadium Complex, Ranchi",1,2.4,Saurashtra,Punjab,Samarth Vyas,Tarang Gohel,S Kaul,0,0,,,,,,,,,
1383442,2023/24,2023-10-16,"JSCA International Stadium Complex, Ranchi",1,2.5,Saurashtra,Punjab,Samarth Vyas,Tarang Gohel,S Kaul,0,0,,,,,,caught,Samarth Vyas,,
1383442,2023/24,2023-10-16,"JSCA International Stadium Complex, Ranchi",1,2.6,Saurashtra,Punjab,SP Jackson,Tarang Gohel,S Kaul,1,0,,,,,,,,,
1383442,2023/24,2023-10-16,"JSCA International Stadium Complex, Ranchi",1,3.1,Saurashtra,Punjab,SP Jackson,Tarang Gohel,Arshdeep Singh,1,0,,,,,,,,,
1383442,2023/24,2023-10-16,"JSCA International Stadium Complex, Ranchi",1,3.2,Saurashtra,Punjab,Tarang Gohel,SP Jackson,Arshdeep Singh,0,0,,,,,,,,,
1383442,2023/24,2023-10-16,"JSCA International Stadium Complex, Ranchi",1,3.3,Saurashtra,Punjab,Tarang Gohel,SP Jackson,Arshdeep Singh,6,0,,,,,,,,,
1383442,2023/24,2023-10-16,"JSCA International Stadium Complex, Ranchi",1,3.4,Saurashtra,Punjab,Tarang Gohel,SP Jackson,Arshdeep Singh,1,0,,,,,,,,,
1383442,2023/24,2023-10-16,"JSCA International Stadium Complex, Ranchi",1,3.5,Saurashtra,Punjab,SP Jackson,Tarang Gohel,Arshdeep Singh,0,0,,,,,,,,,
1383442,2023/24,2023-10-16,"JSCA International Stadium Complex, Ranchi",1,3.6,Saurashtra,Punjab,SP Jackson,Tarang Gohel,Arshdeep Singh,0,1,1,,,,,,,,
1383442,2023/24,2023-10-16,"JSCA International Stadium Complex, Ranchi",1,3.7,Saurashtra,Punjab,SP Jackson,Tarang Gohel,Arshdeep Singh,0,1,1,,,,,,,,
1383442,2023/24,2023-10-16,"JSCA International Stadium Complex, Ranchi",1,3.8,Saurashtra,Punjab,SP Jackson,Tarang Gohel,Arshdeep Singh,0,0,,,,,,,,,
1383442,2023/24,2023-10-16,"JSCA International Stadium Complex, Ranchi",1,4.1,Saurashtra,Punjab,Tarang Gohel,SP Jackson,S Kaul,4,0,,,,,,,,,
1383442,2023/24,2023-10-16,"JSCA International Stadium Complex, Ranchi",1,4.2,Saurashtra,Punjab,Tarang Gohel,SP Jackson,S Kaul,2,0,,,,,,,,,
1383442,2023/24,2023-10-16,"JSCA International Stadium Complex, Ranchi",1,4.3,Saurashtra,Punjab,Tarang Gohel,SP Jackson,S Kaul,0,1,,,,1,,,,,
1383442,2023/24,2023-10-16,"JSCA International Stadium Complex, Ranchi",1,4.4,Saurashtra,Punjab,SP Jackson,Tarang Gohel,S Kaul,0,0,,,,,,,,,
1383442,2023/24,2023-10-16,"JSCA International Stadium Complex, Ranchi",1,4.5,Saurashtra,Punjab,SP Jackson,Tarang Gohel,S Kaul,1,0,,,,,,,,,
1383442,2023/24,2023-10-16,"JSCA International Stadium Complex, Ranchi",1,4.6,Saurashtra,Punjab,Tarang Gohel,SP Jackson,S Kaul,1,0,,,,,,,,,
1383442,2023/24,2023-10-16,"JSCA International Stadium Complex, Ranchi",1,5.1,Saurashtra,Punjab,Tarang Gohel,SP Jackson,Abhishek Sharma,4,0,,,,,,,,,
1383442,2023/24,2023-10-16,"JSCA International Stadium Complex, Ranchi",1,5.2,Saurashtra,Punjab,Tarang Gohel,SP Jackson,Abhishek Sharma,1,0,,,,,,,,,
1383442,2023/24,2023-10-16,"JSCA International Stadium Complex, Ranchi",1,5.3,Saurashtra,Punjab,SP Jackson,Tarang Gohel,Abhishek Sharma,4,0,,,,,,,,,
1383442,2023/24,2023-10-16,"JSCA International Stadium Complex, Ranchi",1,5.4,Saurashtra,Punjab,SP Jackson,Tarang Gohel,Abhishek Sharma,0,0,,,,,,,,,
1383442,2023/24,2023-10-16,"JSCA International Stadium Complex, Ranchi",1,5.5,Saurashtra,Punjab,SP Jackson,Tarang Gohel,Abhishek Sharma,4,0,,,,,,,,,
1383442,2023/24,2023-10-16,"JSCA International Stadium Complex, Ranchi",1,5.6,Saurashtra,Punjab,SP Jackson,Tarang Gohel,Abhishek Sharma,1,0,,,,,,,,,
1383442,2023/24,2023-10-16,"JSCA International Stadium Complex, Ranchi",1,6.1,Saurashtra,Punjab,SP Jackson,Tarang Gohel,M Markande,0,0,,,,,,,,,
1383442,2023/24,2023-10-16,"JSCA International Stadium Complex, Ranchi",1,6.2,Saurashtra,Punjab,SP Jackson,Tarang Gohel,M Markande,0,0,,,,,,,,,
1383442,2023/24,2023-10-16,"JSCA International Stadium Complex, Ranchi",1,6.3,Saurashtra,Punjab,SP Jackson,Tarang Gohel,M Markande,1,0,,,,,,,,,
1383442,2023/24,2023-10-16,"JSCA International Stadium Complex, Ranchi",1,6.4,Saurashtra,Punjab,Tarang Gohel,SP Jackson,M Markande,0,1,1,,,,,,,,
1383442,2023/24,2023-10-16,"JSCA International Stadium Complex, Ranchi",1,6.5,Saurashtra,Punjab,Tarang Gohel,SP Jackson,M Markande,1,0,,,,,,,,,
1383442,2023/24,2023-10-16,"JSCA International Stadium Complex, Ranchi",1,6.6,Saurashtra,Punjab,SP Jackson,Tarang Gohel,M Markande,0,2,2,,,,,,,,
1383442,2023/24,2023-10-16,"JSCA International Stadium Complex, Ranchi",1,6.7,Saurashtra,Punjab,Tarang Gohel,SP Jackson,M Markande,6,0,,,,,,,,,
1383442,2023/24,2023-10-16,"JSCA International Stadium Complex, Ranchi",1,6.8,Saurashtra,Punjab,Tarang Gohel,SP Jackson,M Markande,1,0,,,,,,,,,
1383442,2023/24,2023-10-16,"JSCA International Stadium Complex, Ranchi",1,7.1,Saurashtra,Punjab,Tarang Gohel,SP Jackson,Harpreet Brar,4,0,,,,,,,,,
1383442,2023/24,2023-10-16,"JSCA International Stadium Complex, Ranchi",1,7.2,Saurashtra,Punjab,Tarang Gohel,SP Jackson,Harpreet Brar,1,0,,,,,,,,,
1383442,2023/24,2023-10-16,"JSCA International Stadium Complex, Ranchi",1,7.3,Saurashtra,Punjab,SP Jackson,Tarang Gohel,Harpreet Brar,4,0,,,,,,,,,
1383442,2023/24,2023-10-16,"JSCA International Stadium Complex, Ranchi",1,7.4,Saurashtra,Punjab,SP Jackson,Tarang Gohel,Harpreet Brar,0,0,,,,,,,,,
1383442,2023/24,2023-10-16,"JSCA International Stadium Complex, Ranchi",1,7.5,Saurashtra,Punjab,SP Jackson,Tarang Gohel,Harpreet Brar,1,0,,,,,,,,,
1383442,2023/24,2023-10-16,"JSCA International Stadium Complex, Ranchi",1,7.6,Saurashtra,Punjab,Tarang Gohel,SP Jackson,Harpreet Brar,1,0,,,,,,,,,
1383442,2023/24,2023-10-16,"JSCA International Stadium Complex, Ranchi",1,8.1,Saurashtra,Punjab,Tarang Gohel,SP Jackson,Sanvir Singh,4,0,,,,,,,,,
1383442,2023/24,2023-10-16,"JSCA International Stadium Complex, Ranchi",1,8.2,Saurashtra,Punjab,Tarang Gohel,SP Jackson,Sanvir Singh,1,0,,,,,,,,,
1383442,2023/24,2023-10-16,"JSCA International Stadium Complex, Ranchi",1,8.3,Saurashtra,Punjab,SP Jackson,Tarang Gohel,Sanvir Singh,4,0,,,,,,,,,
1383442,2023/24,2023-10-16,"JSCA International Stadium Complex, Ranchi",1,8.4,Saurashtra,Punjab,SP Jackson,Tarang Gohel,Sanvir Singh,0,0,,,,,,,,,
1383442,2023/24,2023-10-16,"JSCA International Stadium Complex, Ranchi",1,8.5,Saurashtra,Punjab,SP Jackson,Tarang Gohel,Sanvir Singh,1,0,,,,,,,,,
1383442,2023/24,2023-10-16,"JSCA International Stadium Complex, Ranchi",1,8.6,Saurashtra,Punjab,Tarang Gohel,SP Jackson,Sanvir Singh,1,0,,,,,,,,,
1383442,2023/24,2023-10-16,"JSCA International Stadium Complex, Ranchi",1,9.1,Saurashtra,Punjab,Tarang Gohel,SP Jackson,Harpreet Brar,1,0,,,,,,,,,
1383442,2023/24,2023-10-16,"JSCA International Stadium Complex, Ranchi",1,9.2,Saurashtra,Punjab,SP Jackson,Tarang Gohel,Harpreet Brar,1,0,,,,,,,,,
1383442,2023/24,2023-10-16,"JSCA International Stadium Complex, Ranchi",1,9.3,Saurashtra,Punjab,Tarang Gohel,SP Jackson,Harpreet Brar,1,0,,,,,,,,,
1383442,2023/24,2023-10-16,"JSCA International Stadium Complex, Ranchi",1,9.4,Saurashtra,Punjab,SP Jackson,Tarang Gohel,Harpreet Brar,0,1,,,,1,,,,,
1383442,2023/24,2023-10-16,"JSCA International Stadium Complex, Ranchi",1,9.5,Saurashtra,Punjab,Tarang Gohel,SP Jackson,Harpreet Brar,1,0,,,,,,,,,
1383442,2023/24,2023-10-16,"JSCA International Stadium Complex, Ranchi",1,9.6,Saurashtra,Punjab,SP Jackson,Tarang Gohel,Harpreet Brar,1,0,,,,,,,,,
1383442,2023/24,2023-10-16,"JSCA International Stadium Complex, Ranchi",1,10.1,Saurashtra,Punjab,SP Jackson,Tarang Gohel,Sanvir Singh,4,0,,,,,,,,,
1383442,2023/24,2023-10-16,"JSCA International Stadium Complex, Ranchi",1,10.2,Saurashtra,Punjab,SP Jackson,Tarang Gohel,Sanvir Singh,1,0,,,,,,,,,
1383442,2023/24,2023-10-16,"JSCA International Stadium Complex, Ranchi",1,10.3,Saurashtra,Punjab,Tarang Gohel,SP Jackson,Sanvir Singh,0,0,,,,,,caught,Tarang Gohel,,
1383442,2023/24,2023-10-16,"JSCA International Stadium Complex, Ranchi",1,10.4,Saurashtra,Punjab,Vishvaraj Jadeja,SP Jackson,Sanvir Singh,0,0,,,,,,,,,
1383442,2023/24,2023-10-16,"JSCA International Stadium Complex, Ranchi",1,10.5,Saurashtra,Punjab,Vishvaraj Jadeja,SP Jackson,Sanvir Singh,1,0,,,,,,,,,
1383442,2023/24,2023-10-16,"JSCA International Stadium Complex, Ranchi",1,10.6,Saurashtra,Punjab,SP Jackson,Vishvaraj Jadeja,Sanvir Singh,1,0,,,,,,,,,
1383442,2023/24,2023-10-16,"JSCA International Stadium Complex, Ranchi",1,11.1,Saurashtra,Punjab,SP Jackson,Vishvaraj Jadeja,Harpreet Brar,4,0,,,,,,,,,
1383442,2023/24,2023-10-16,"JSCA International Stadium Complex, Ranchi",1,11.2,Saurashtra,Punjab,SP Jackson,Vishvaraj Jadeja,Harpreet Brar,6,0,,,,,,,,,
1383442,2023/24,2023-10-16,"JSCA International Stadium Complex, Ranchi",1,11.3,Saurashtra,Punjab,SP Jackson,Vishvaraj Jadeja,Harpreet Brar,0,0,,,,,,,,,
1383442,2023/24,2023-10-16,"JSCA International Stadium Complex, Ranchi",1,11.4,Saurashtra,Punjab,SP Jackson,Vishvaraj Jadeja,Harpreet Brar,0,0,,,,,,stumped,SP Jackson,,
1383442,2023/24,2023-10-16,"JSCA International Stadium Complex, Ranchi",1,11.5,Saurashtra,Punjab,Jay Gohil,Vishvaraj Jadeja,Harpreet Brar,0,1,1,,,,,,,,
1383442,2023/24,2023-10-16,"JSCA International Stadium Complex, Ranchi",1,11.6,Saurashtra,Punjab,Jay Gohil,Vishvaraj Jadeja,Harpreet Brar,0,0,,,,,,,,,
1383442,2023/24,2023-10-16,"JSCA International Stadium Complex, Ranchi",1,11.7,Saurashtra,Punjab,Jay Gohil,Vishvaraj Jadeja,Harpreet Brar,0,1,1,,,,,,,,
1383442,2023/24,2023-10-16,"JSCA International Stadium Complex, Ranchi",1,11.8,Saurashtra,Punjab,Jay Gohil,Vishvaraj Jadeja,Harpreet Brar,0,0,,,,,,,,,
1383442,2023/24,2023-10-16,"JSCA International Stadium Complex, Ranchi",1,12.1,Saurashtra,Punjab,Vishvaraj Jadeja,Jay Gohil,M Markande,1,0,,,,,,,,,
1383442,2023/24,2023-10-16,"JSCA International Stadium Complex, Ranchi",1,12.2,Saurashtra,Punjab,Jay Gohil,Vishvaraj Jadeja,M Markande,1,0,,,,,,,,,
1383442,2023/24,2023-10-16,"JSCA International Stadium Complex, Ranchi",1,12.3,Saurashtra,Punjab,Vishvaraj Jadeja,Jay Gohil,M Markande,2,0,,,,,,,,,
1383442,2023/24,2023-10-16,"JSCA International Stadium Complex, Ranchi",1,12.4,Saurashtra,Punjab,Vishvaraj Jadeja,Jay Gohil,M Markande,1,0,,,,,,,,,
1383442,2023/24,2023-10-16,"JSCA International Stadium Complex, Ranchi",1,12.5,Saurashtra,Punjab,Jay Gohil,Vishvaraj Jadeja,M Markande,6,0,,,,,,,,,
1383442,2023/24,2023-10-16,"JSCA International Stadium Complex, Ranchi",1,12.6,Saurashtra,Punjab,Jay Gohil,Vishvaraj Jadeja,M Markande,0,0,,,,,,,,,
1383442,2023/24,2023-10-16,"JSCA International Stadium Complex, Ranchi",1,13.1,Saurashtra,Punjab,Vishvaraj Jadeja,Jay Gohil,Arshdeep Singh,1,0,,,,,,,,,
1383442,2023/24,2023-10-16,"JSCA International Stadium Complex, Ranchi",1,13.2,Saurashtra,Punjab,Jay Gohil,Vishvaraj Jadeja,Arshdeep Singh,1,0,,,,,,,,,
1383442,2023/24,2023-10-16,"JSCA International Stadium Complex, Ranchi",1,13.3,Saurashtra,Punjab,Vishvaraj Jadeja,Jay Gohil,Arshdeep Singh,1,0,,,,,,,,,
1383442,2023/24,2023-10-16,"JSCA International Stadium Complex, Ranchi",1,13.4,Saurashtra,Punjab,Jay Gohil,Vishvaraj Jadeja,Arshdeep Singh,0,0,,,,,,,,,
1383442,2023/24,2023-10-16,"JSCA International Stadium Complex, Ranchi",1,13.5,Saurashtra,Punjab,Jay Gohil,Vishvaraj Jadeja,Arshdeep Singh,1,0,,,,,,,,,
1383442,2023/24,2023-10-16,"JSCA International Stadium Complex, Ranchi",1,13.6,Saurashtra,Punjab,Vishvaraj Jadeja,Jay Gohil,Arshdeep Singh,0,0,,,,,,,,,
1383442,2023/24,2023-10-16,"JSCA International Stadium Complex, Ranchi",1,14.1,Saurashtra,Punjab,Jay Gohil,Vishvaraj Jadeja,Sanvir Singh,1,0,,,,,,,,,
1383442,2023/24,2023-10-16,"JSCA International Stadium Complex, Ranchi",1,14.2,Saurashtra,Punjab,Vishvaraj Jadeja,Jay Gohil,Sanvir Singh,2,0,,,,,,,,,
1383442,2023/24,2023-10-16,"JSCA International Stadium Complex, Ranchi",1,14.3,Saurashtra,Punjab,Vishvaraj Jadeja,Jay Gohil,Sanvir Singh,1,0,,,,,,,,,
1383442,2023/24,2023-10-16,"JSCA International Stadium Complex, Ranchi",1,14.4,Saurashtra,Punjab,Jay Gohil,Vishvaraj Jadeja,Sanvir Singh,1,0,,,,,,,,,
1383442,2023/24,2023-10-16,"JSCA International Stadium Complex, Ranchi",1,14.5,Saurashtra,Punjab,Vishvaraj Jadeja,Jay Gohil,Sanvir Singh,1,0,,,,,,,,,
1383442,2023/24,2023-10-16,"JSCA International Stadium Complex, Ranchi",1,14.6,Saurashtra,Punjab,Jay Gohil,Vishvaraj Jadeja,Sanvir Singh,1,0,,,,,,,,,
1383442,2023/24,2023-10-16,"JSCA International Stadium Complex, Ranchi",1,15.1,Saurashtra,Punjab,Jay Gohil,Vishvaraj Jadeja,Harpreet Brar,1,0,,,,,,,,,
1383442,2023/24,2023-10-16,"JSCA International Stadium Complex, Ranchi",1,15.2,Saurashtra,Punjab,Vishvaraj Jadeja,Jay Gohil,Harpreet Brar,0,0,,,,,,,,,
1383442,2023/24,2023-10-16,"JSCA International Stadium Complex, Ranchi",1,15.3,Saurashtra,Punjab,Vishvaraj Jadeja,Jay Gohil,Harpreet Brar,2,0,,,,,,,,,
1383442,2023/24,2023-10-16,"JSCA International Stadium Complex, Ranchi",1,15.4,Saurashtra,Punjab,Vishvaraj Jadeja,Jay Gohil,Harpreet Brar,1,0,,,,,,,,,
1383442,2023/24,2023-10-16,"JSCA International Stadium Complex, Ranchi",1,15.5,Saurashtra,Punjab,Jay Gohil,Vishvaraj Jadeja,Harpreet Brar,0,0,,,,,,,,,
1383442,2023/24,2023-10-16,"JSCA International Stadium Complex, Ranchi",1,15.6,Saurashtra,Punjab,Jay Gohil,Vishvaraj Jadeja,Harpreet Brar,4,0,,,,,,,,,
1383442,2023/24,2023-10-16,"JSCA International Stadium Complex, Ranchi",1,16.1,Saurashtra,Punjab,Vishvaraj Jadeja,Jay Gohil,Sanvir Singh,6,0,,,,,,,,,
1383442,2023/24,2023-10-16,"JSCA International Stadium Complex, Ranchi",1,16.2,Saurashtra,Punjab,Vishvaraj Jadeja,Jay Gohil,Sanvir Singh,4,0,,,,,,,,,
1383442,2023/24,2023-10-16,"JSCA International Stadium Complex, Ranchi",1,16.3,Saurashtra,Punjab,Vishvaraj Jadeja,Jay Gohil,Sanvir Singh,6,0,,,,,,,,,
1383442,2023/24,2023-10-16,"JSCA International Stadium Complex, Ranchi",1,16.4,Saurashtra,Punjab,Vishvaraj Jadeja,Jay Gohil,Sanvir Singh,0,0,,,,,,,,,
1383442,2023/24,2023-10-16,"JSCA International Stadium Complex, Ranchi",1,16.5,Saurashtra,Punjab,Vishvaraj Jadeja,Jay Gohil,Sanvir Singh,0,1,1,,,,,,,,
1383442,2023/24,2023-10-16,"JSCA International Stadium Complex, Ranchi",1,16.6,Saurashtra,Punjab,Vishvaraj Jadeja,Jay Gohil,Sanvir Singh,1,0,,,,,,,,,
1383442,2023/24,2023-10-16,"JSCA International Stadium Complex, Ranchi",1,16.7,Saurashtra,Punjab,Jay Gohil,Vishvaraj Jadeja,Sanvir Singh,0,0,,,,,,,,,
1383442,2023/24,2023-10-16,"JSCA International Stadium Complex, Ranchi",1,17.1,Saurashtra,Punjab,Vishvaraj Jadeja,Jay Gohil,S Kaul,0,1,1,,,,,,,,
1383442,2023/24,2023-10-16,"JSCA International Stadium Complex, Ranchi",1,17.2,Saurashtra,Punjab,Vishvaraj Jadeja,Jay Gohil,S Kaul,4,0,,,,,,,,,
1383442,2023/24,2023-10-16,"JSCA International Stadium Complex, Ranchi",1,17.3,Saurashtra,Punjab,Vishvaraj Jadeja,Jay Gohil,S Kaul,4,0,,,,,,,,,
1383442,2023/24,2023-10-16,"JSCA International Stadium Complex, Ranchi",1,17.4,Saurashtra,Punjab,Vishvaraj Jadeja,Jay Gohil,S Kaul,1,0,,,,,,,,,
1383442,2023/24,2023-10-16,"JSCA International Stadium Complex, Ranchi",1,17.5,Saurashtra,Punjab,Jay Gohil,Vishvaraj Jadeja,S Kaul,6,0,,,,,,,,,
1383442,2023/24,2023-10-16,"JSCA International Stadium Complex, Ranchi",1,17.6,Saurashtra,Punjab,Jay Gohil,Vishvaraj Jadeja,S Kaul,1,0,,,,,,,,,
1383442,2023/24,2023-10-16,"JSCA International Stadium Complex, Ranchi",1,17.7,Saurashtra,Punjab,Vishvaraj Jadeja,Jay Gohil,S Kaul,1,0,,,,,,,,,
1383442,2023/24,2023-10-16,"JSCA International Stadium Complex, Ranchi",1,18.1,Saurashtra,Punjab,Vishvaraj Jadeja,Jay Gohil,Arshdeep Singh,4,0,,,,,,,,,
1383442,2023/24,2023-10-16,"JSCA International Stadium Complex, Ranchi",1,18.2,Saurashtra,Punjab,Vishvaraj Jadeja,Jay Gohil,Arshdeep Singh,1,0,,,,,,,,,
1383442,2023/24,2023-10-16,"JSCA International Stadium Complex, Ranchi",1,18.3,Saurashtra,Punjab,Jay Gohil,Vishvaraj Jadeja,Arshdeep Singh,0,0,,,,,,,,,
1383442,2023/24,2023-10-16,"JSCA International Stadium Complex, Ranchi",1,18.4,Saurashtra,Punjab,Jay Gohil,Vishvaraj Jadeja,Arshdeep Singh,0,1,1,,,,,,,,
1383442,2023/24,2023-10-16,"JSCA International Stadium Complex, Ranchi",1,18.5,Saurashtra,Punjab,Jay Gohil,Vishvaraj Jadeja,Arshdeep Singh,1,0,,,,,,,,,
1383442,2023/24,2023-10-16,"JSCA International Stadium Complex, Ranchi",1,18.6,Saurashtra,Punjab,Vishvaraj Jadeja,Jay Gohil,Arshdeep Singh,0,0,,,,,,,,,
1383442,2023/24,2023-10-16,"JSCA International Stadium Complex, Ranchi",1,18.7,Saurashtra,Punjab,Vishvaraj Jadeja,Jay Gohil,Arshdeep Singh,1,0,,,,,,,,,
1383442,2023/24,2023-10-16,"JSCA International Stadium Complex, Ranchi",1,19.1,Saurashtra,Punjab,Vishvaraj Jadeja,Jay Gohil,S Kaul,1,0,,,,,,,,,
1383442,2023/24,2023-10-16,"JSCA International Stadium Complex, Ranchi",1,19.2,Saurashtra,Punjab,Jay Gohil,Vishvaraj Jadeja,S Kaul,6,0,,,,,,,,,
1383442,2023/24,2023-10-16,"JSCA International Stadium Complex, Ranchi",1,19.3,Saurashtra,Punjab,Jay Gohil,Vishvaraj Jadeja,S Kaul,6,0,,,,,,,,,
1383442,2023/24,2023-10-16,"JSCA International Stadium Complex, Ranchi",1,19.4,Saurashtra,Punjab,Jay Gohil,Vishvaraj Jadeja,S Kaul,4,0,,,,,,,,,
1383442,2023/24,2023-10-16,"JSCA International Stadium Complex, Ranchi",1,19.5,Saurashtra,Punjab,Jay Gohil,Vishvaraj Jadeja,S Kaul,1,0,,,,,,,,,
1383442,2023/24,2023-10-16,"JSCA International Stadium Complex, Ranchi",1,19.6,Saurashtra,Punjab,Vishvaraj Jadeja,Jay Gohil,S Kaul,2,0,,,,,,,,,
1383442,2023/24,2023-10-16,"JSCA International Stadium Complex, Ranchi",2,0.1,Punjab,Saurashtra,P Simran Singh,Abhishek Sharma,JD Unadkat,2,0,,,,,,,,,
1383442,2023/24,2023-10-16,"JSCA International Stadium Complex, Ranchi",2,0.2,Punjab,Saurashtra,P Simran Singh,Abhishek Sharma,JD Unadkat,1,0,,,,,,,,,
1383442,2023/24,2023-10-16,"JSCA International Stadium Complex, Ranchi",2,0.3,Punjab,Saurashtra,Abhishek Sharma,P Simran Singh,JD Unadkat,1,0,,,,,,,,,
1383442,2023/24,2023-10-16,"JSCA International Stadium Complex, Ranchi",2,0.4,Punjab,Saurashtra,P Simran Singh,Abhishek Sharma,JD Unadkat,0,0,,,,,,,,,
1383442,2023/24,2023-10-16,"JSCA International Stadium Complex, Ranchi",2,0.5,Punjab,Saurashtra,P Simran Singh,Abhishek Sharma,JD Unadkat,0,0,,,,,,,,,
1383442,2023/24,2023-10-16,"JSCA International Stadium Complex, Ranchi",2,0.6,Punjab,Saurashtra,P Simran Singh,Abhishek Sharma,JD Unadkat,0,0,,,,,,,,,
1383442,2023/24,2023-10-16,"JSCA International Stadium Complex, Ranchi",2,1.1,Punjab,Saurashtra,Abhishek Sharma,P Simran Singh,K D Patel,4,0,,,,,,,,,
1383442,2023/24,2023-10-16,"JSCA International Stadium Complex, Ranchi",2,1.2,Punjab,Saurashtra,Abhishek Sharma,P Simran Singh,K D Patel,0,0,,,,,,lbw,Abhishek Sharma,,
1383442,2023/24,2023-10-16,"JSCA International Stadium Complex, Ranchi",2,1.3,Punjab,Saurashtra,Naman Dhir,P Simran Singh,K D Patel,2,0,,,,,,,,,
1383442,2023/24,2023-10-16,"JSCA International Stadium Complex, Ranchi",2,1.4,Punjab,Saurashtra,Naman Dhir,P Simran Singh,K D Patel,1,0,,,,,,,,,
1383442,2023/24,2023-10-16,"JSCA International Stadium Complex, Ranchi",2,1.5,Punjab,Saurashtra,P Simran Singh,Naman Dhir,K D Patel,1,0,,,,,,,,,
1383442,2023/24,2023-10-16,"JSCA International Stadium Complex, Ranchi",2,1.6,Punjab,Saurashtra,Naman Dhir,P Simran Singh,K D Patel,2,0,,,,,,,,,
1383442,2023/24,2023-10-16,"JSCA International Stadium Complex, Ranchi",2,2.1,Punjab,Saurashtra,P Simran Singh,Naman Dhir,Aditya Jadeja,0,0,,,,,,,,,
1383442,2023/24,2023-10-16,"JSCA International Stadium Complex, Ranchi",2,2.2,Punjab,Saurashtra,P Simran Singh,Naman Dhir,Aditya Jadeja,0,0,,,,,,,,,
1383442,2023/24,2023-10-16,"JSCA International Stadium Complex, Ranchi",2,2.3,Punjab,Saurashtra,P Simran Singh,Naman Dhir,Aditya Jadeja,0,0,,,,,,caught,P Simran Singh,,
1383442,2023/24,2023-10-16,"JSCA International Stadium Complex, Ranchi",2,2.4,Punjab,Saurashtra,Mandeep Singh,Naman Dhir,Aditya Jadeja,0,0,,,,,,,,,
1383442,2023/24,2023-10-16,"JSCA International Stadium Complex, Ranchi",2,2.5,Punjab,Saurashtra,Mandeep Singh,Naman Dhir,Aditya Jadeja,0,0,,,,,,,,,
1383442,2023/24,2023-10-16,"JSCA International Stadium Complex, Ranchi",2,2.6,Punjab,Saurashtra,Mandeep Singh,Naman Dhir,Aditya Jadeja,4,0,,,,,,,,,
1383442,2023/24,2023-10-16,"JSCA International Stadium Complex, Ranchi",2,3.1,Punjab,Saurashtra,Naman Dhir,Mandeep Singh,K D Patel,4,0,,,,,,,,,
1383442,2023/24,2023-10-16,"JSCA International Stadium Complex, Ranchi",2,3.2,Punjab,Saurashtra,Naman Dhir,Mandeep Singh,K D Patel,0,0,,,,,,caught,Naman Dhir,,
1383442,2023/24,2023-10-16,"JSCA International Stadium Complex, Ranchi",2,3.3,Punjab,Saurashtra,Anmolpreet Singh,Mandeep Singh,K D Patel,4,0,,,,,,,,,
1383442,2023/24,2023-10-16,"JSCA International Stadium Complex, Ranchi",2,3.4,Punjab,Saurashtra,Anmolpreet Singh,Mandeep Singh,K D Patel,4,0,,,,,,,,,
1383442,2023/24,2023-10-16,"JSCA International Stadium Complex, Ranchi",2,3.5,Punjab,Saurashtra,Anmolpreet Singh,Mandeep Singh,K D Patel,1,0,,,,,,,,,
1383442,2023/24,2023-10-16,"JSCA International Stadium Complex, Ranchi",2,3.6,Punjab,Saurashtra,Mandeep Singh,Anmolpreet Singh,K D Patel,0,0,,,,,,,,,
1383442,2023/24,2023-10-16,"JSCA International Stadium Complex, Ranchi",2,4.1,Punjab,Saurashtra,Anmolpreet Singh,Mandeep Singh,JD Unadkat,1,0,,,,,,,,,
1383442,2023/24,2023-10-16,"JSCA International Stadium Complex, Ranchi",2,4.2,Punjab,Saurashtra,Mandeep Singh,Anmolpreet Singh,JD Unadkat,1,0,,,,,,,,,
1383442,2023/24,2023-10-16,"JSCA International Stadium Complex, Ranchi",2,4.3,Punjab,Saurashtra,Anmolpreet Singh,Mandeep Singh,JD Unadkat,0,0,,,,,,,,,
1383442,2023/24,2023-10-16,"JSCA International Stadium Complex, Ranchi",2,4.4,Punjab,Saurashtra,Anmolpreet Singh,Mandeep Singh,JD Unadkat,1,0,,,,,,,,,
1383442,2023/24,2023-10-16,"JSCA International Stadium Complex, Ranchi",2,4.5,Punjab,Saurashtra,Mandeep Singh,Anmolpreet Singh,JD Unadkat,1,0,,,,,,,,,
1383442,2023/24,2023-10-16,"JSCA International Stadium Complex, Ranchi",2,4.6,Punjab,Saurashtra,Anmolpreet Singh,Mandeep Singh,JD Unadkat,4,0,,,,,,,,,
1383442,2023/24,2023-10-16,"JSCA International Stadium Complex, Ranchi",2,5.1,Punjab,Saurashtra,Mandeep Singh,Anmolpreet Singh,Aditya Jadeja,1,0,,,,,,,,,
1383442,2023/24,2023-10-16,"JSCA International Stadium Complex, Ranchi",2,5.2,Punjab,Saurashtra,Anmolpreet Singh,Mandeep Singh,Aditya Jadeja,4,0,,,,,,,,,
1383442,2023/24,2023-10-16,"JSCA International Stadium Complex, Ranchi",2,5.3,Punjab,Saurashtra,Anmolpreet Singh,Mandeep Singh,Aditya Jadeja,4,0,,,,,,,,,
1383442,2023/24,2023-10-16,"JSCA International Stadium Complex, Ranchi",2,5.4,Punjab,Saurashtra,Anmolpreet Singh,Mandeep Singh,Aditya Jadeja,0,0,,,,,,,,,
1383442,2023/24,2023-10-16,"JSCA International Stadium Complex, Ranchi",2,5.5,Punjab,Saurashtra,Anmolpreet Singh,Mandeep Singh,Aditya Jadeja,0,0,,,,,,,,,
1383442,2023/24,2023-10-16,"JSCA International Stadium Complex, Ranchi",2,5.6,Punjab,Saurashtra,Anmolpreet Singh,Mandeep Singh,Aditya Jadeja,6,0,,,,,,,,,
1383442,2023/24,2023-10-16,"JSCA International Stadium Complex, Ranchi",2,6.1,Punjab,Saurashtra,Mandeep Singh,Anmolpreet Singh,Dharmendrasinh Jadeja,1,0,,,,,,,,,
1383442,2023/24,2023-10-16,"JSCA International Stadium Complex, Ranchi",2,6.2,Punjab,Saurashtra,Anmolpreet Singh,Mandeep Singh,Dharmendrasinh Jadeja,4,0,,,,,,,,,
1383442,2023/24,2023-10-16,"JSCA International Stadium Complex, Ranchi",2,6.3,Punjab,Saurashtra,Anmolpreet Singh,Mandeep Singh,Dharmendrasinh Jadeja,0,1,1,,,,,,,,
1383442,2023/24,2023-10-16,"JSCA International Stadium Complex, Ranchi",2,6.4,Punjab,Saurashtra,Anmolpreet Singh,Mandeep Singh,Dharmendrasinh Jadeja,1,0,,,,,,,,,
1383442,2023/24,2023-10-16,"JSCA International Stadium Complex, Ranchi",2,6.5,Punjab,Saurashtra,Mandeep Singh,Anmolpreet Singh,Dharmendrasinh Jadeja,0,1,,,1,,,,,,
1383442,2023/24,2023-10-16,"JSCA International Stadium Complex, Ranchi",2,6.6,Punjab,Saurashtra,Anmolpreet Singh,Mandeep Singh,Dharmendrasinh Jadeja,1,0,,,,,,,,,
1383442,2023/24,2023-10-16,"JSCA International Stadium Complex, Ranchi",2,6.7,Punjab,Saurashtra,Mandeep Singh,Anmolpreet Singh,Dharmendrasinh Jadeja,1,0,,,,,,,,,
1383442,2023/24,2023-10-16,"JSCA International Stadium Complex, Ranchi",2,7.1,Punjab,Saurashtra,Mandeep Singh,Anmolpreet Singh,Parth Bhut,1,0,,,,,,,,,
1383442,2023/24,2023-10-16,"JSCA International Stadium Complex, Ranchi",2,7.2,Punjab,Saurashtra,Anmolpreet Singh,Mandeep Singh,Parth Bhut,1,0,,,,,,,,,
1383442,2023/24,2023-10-16,"JSCA International Stadium Complex, Ranchi",2,7.3,Punjab,Saurashtra,Mandeep Singh,Anmolpreet Singh,Parth Bhut,2,0,,,,,,,,,
1383442,2023/24,2023-10-16,"JSCA International Stadium Complex, Ranchi",2,7.4,Punjab,Saurashtra,Mandeep Singh,Anmolpreet Singh,Parth Bhut,4,0,,,,,,,,,
1383442,2023/24,2023-10-16,"JSCA International Stadium Complex, Ranchi",2,7.5,Punjab,Saurashtra,Mandeep Singh,Anmolpreet Singh,Parth Bhut,2,0,,,,,,,,,
1383442,2023/24,2023-10-16,"JSCA International Stadium Complex, Ranchi",2,7.6,Punjab,Saurashtra,Mandeep Singh,Anmolpreet Singh,Parth Bhut,0,0,,,,,,,,,
1383442,2023/24,2023-10-16,"JSCA International Stadium Complex, Ranchi",2,8.1,Punjab,Saurashtra,Anmolpreet Singh,Mandeep Singh,Dharmendrasinh Jadeja,1,0,,,,,,,,,
1383442,2023/24,2023-10-16,"JSCA International Stadium Complex, Ranchi",2,8.2,Punjab,Saurashtra,Mandeep Singh,Anmolpreet Singh,Dharmendrasinh Jadeja,1,0,,,,,,,,,
1383442,2023/24,2023-10-16,"JSCA International Stadium Complex, Ranchi",2,8.3,Punjab,Saurashtra,Anmolpreet Singh,Mandeep Singh,Dharmendrasinh Jadeja,4,0,,,,,,,,,
1383442,2023/24,2023-10-16,"JSCA International Stadium Complex, Ranchi",2,8.4,Punjab,Saurashtra,Anmolpreet Singh,Mandeep Singh,Dharmendrasinh Jadeja,1,0,,,,,,,,,
1383442,2023/24,2023-10-16,"JSCA International Stadium Complex, Ranchi",2,8.5,Punjab,Saurashtra,Mandeep Singh,Anmolpreet Singh,Dharmendrasinh Jadeja,4,0,,,,,,,,,
1383442,2023/24,2023-10-16,"JSCA International Stadium Complex, Ranchi",2,8.6,Punjab,Saurashtra,Mandeep Singh,Anmolpreet Singh,Dharmendrasinh Jadeja,1,0,,,,,,,,,
1383442,2023/24,2023-10-16,"JSCA International Stadium Complex, Ranchi",2,9.1,Punjab,Saurashtra,Mandeep Singh,Anmolpreet Singh,Chirag Jani,4,0,,,,,,,,,
1383442,2023/24,2023-10-16,"JSCA International Stadium Complex, Ranchi",2,9.2,Punjab,Saurashtra,Mandeep Singh,Anmolpreet Singh,Chirag Jani,1,0,,,,,,,,,
1383442,2023/24,2023-10-16,"JSCA International Stadium Complex, Ranchi",2,9.3,Punjab,Saurashtra,Anmolpreet Singh,Mandeep Singh,Chirag Jani,4,0,,,,,,,,,
1383442,2023/24,2023-10-16,"JSCA International Stadium Complex, Ranchi",2,9.4,Punjab,Saurashtra,Anmolpreet Singh,Mandeep Singh,Chirag Jani,2,0,,,,,,,,,
1383442,2023/24,2023-10-16,"JSCA International Stadium Complex, Ranchi",2,9.5,Punjab,Saurashtra,Anmolpreet Singh,Mandeep Singh,Chirag Jani,0,0,,,,,,caught and bowled,Anmolpreet Singh,,
1383442,2023/24,2023-10-16,"JSCA International Stadium Complex, Ranchi",2,9.6,Punjab,Saurashtra,Gurkeerat Singh,Mandeep Singh,Chirag Jani,0,0,,,,,,,,,
1383442,2023/24,2023-10-16,"JSCA International Stadium Complex, Ranchi",2,10.1,Punjab,Saurashtra,Mandeep Singh,Gurkeerat Singh,Parth Bhut,2,0,,,,,,,,,
1383442,2023/24,2023-10-16,"JSCA International Stadium Complex, Ranchi",2,10.2,Punjab,Saurashtra,Mandeep Singh,Gurkeerat Singh,Parth Bhut,1,0,,,,,,,,,
1383442,2023/24,2023-10-16,"JSCA International Stadium Complex, Ranchi",2,10.3,Punjab,Saurashtra,Gurkeerat Singh,Mandeep Singh,Parth Bhut,0,1,,,,1,,,,,
1383442,2023/24,2023-10-16,"JSCA International Stadium Complex, Ranchi",2,10.4,Punjab,Saurashtra,Mandeep Singh,Gurkeerat Singh,Parth Bhut,0,0,,,,,,caught,Mandeep Singh,,
1383442,2023/24,2023-10-16,"JSCA International Stadium Complex, Ranchi",2,10.5,Punjab,Saurashtra,Sanvir Singh,Gurkeerat Singh,Parth Bhut,1,0,,,,,,,,,
1383442,2023/24,2023-10-16,"JSCA International Stadium Complex, Ranchi",2,10.6,Punjab,Saurashtra,Gurkeerat Singh,Sanvir Singh,Parth Bhut,0,0,,,,,,,,,
1383442,2023/24,2023-10-16,"JSCA International Stadium Complex, Ranchi",2,11.1,Punjab,Saurashtra,Sanvir Singh,Gurkeerat Singh,Chirag Jani,1,0,,,,,,,,,
1383442,2023/24,2023-10-16,"JSCA International Stadium Complex, Ranchi",2,11.2,Punjab,Saurashtra,Gurkeerat Singh,Sanvir Singh,Chirag Jani,1,0,,,,,,,,,
1383442,2023/24,2023-10-16,"JSCA International Stadium Complex, Ranchi",2,11.3,Punjab,Saurashtra,Sanvir Singh,Gurkeerat Singh,Chirag Jani,0,0,,,,,,caught,Sanvir Singh,,
1383442,2023/24,2023-10-16,"JSCA International Stadium Complex, Ranchi",2,11.4,Punjab,Saurashtra,Ramandeep Singh,Gurkeerat Singh,Chirag Jani,0,0,,,,,,,,,
1383442,2023/24,2023-10-16,"JSCA International Stadium Complex, Ranchi",2,11.5,Punjab,Saurashtra,Ramandeep Singh,Gurkeerat Singh,Chirag Jani,4,0,,,,,,,,,
1383442,2023/24,2023-10-16,"JSCA International Stadium Complex, Ranchi",2,11.6,Punjab,Saurashtra,Ramandeep Singh,Gurkeerat Singh,Chirag Jani,1,0,,,,,,,,,
1383442,2023/24,2023-10-16,"JSCA International Stadium Complex, Ranchi",2,12.1,Punjab,Saurashtra,Ramandeep Singh,Gurkeerat Singh,Parth Bhut,6,0,,,,,,,,,
1383442,2023/24,2023-10-16,"JSCA International Stadium Complex, Ranchi",2,12.2,Punjab,Saurashtra,Ramandeep Singh,Gurkeerat Singh,Parth Bhut,4,0,,,,,,,,,
1383442,2023/24,2023-10-16,"JSCA International Stadium Complex, Ranchi",2,12.3,Punjab,Saurashtra,Ramandeep Singh,Gurkeerat Singh,Parth Bhut,2,0,,,,,,,,,
1383442,2023/24,2023-10-16,"JSCA International Stadium Complex, Ranchi",2,12.4,Punjab,Saurashtra,Ramandeep Singh,Gurkeerat Singh,Parth Bhut,0,0,,,,,,,,,
1383442,2023/24,2023-10-16,"JSCA International Stadium Complex, Ranchi",2,12.5,Punjab,Saurashtra,Ramandeep Singh,Gurkeerat Singh,Parth Bhut,0,0,,,,,,,,,
1383442,2023/24,2023-10-16,"JSCA International Stadium Complex, Ranchi",2,12.6,Punjab,Saurashtra,Ramandeep Singh,Gurkeerat Singh,Parth Bhut,0,0,,,,,,,,,
1383442,2023/24,2023-10-16,"JSCA International Stadium Complex, Ranchi",2,13.1,Punjab,Saurashtra,Gurkeerat Singh,Ramandeep Singh,JD Unadkat,0,0,,,,,,,,,
1383442,2023/24,2023-10-16,"JSCA International Stadium Complex, Ranchi",2,13.2,Punjab,Saurashtra,Gurkeerat Singh,Ramandeep Singh,JD Unadkat,0,0,,,,,,caught,Gurkeerat Singh,,
1383442,2023/24,2023-10-16,"JSCA International Stadium Complex, Ranchi",2,13.3,Punjab,Saurashtra,Harpreet Brar,Ramandeep Singh,JD Unadkat,0,0,,,,,,,,,
1383442,2023/24,2023-10-16,"JSCA International Stadium Complex, Ranchi",2,13.4,Punjab,Saurashtra,Harpreet Brar,Ramandeep Singh,JD Unadkat,0,0,,,,,,,,,
1383442,2023/24,2023-10-16,"JSCA International Stadium Complex, Ranchi",2,13.5,Punjab,Saurashtra,Harpreet Brar,Ramandeep Singh,JD Unadkat,0,1,1,,,,,,,,
1383442,2023/24,2023-10-16,"JSCA International Stadium Complex, Ranchi",2,13.6,Punjab,Saurashtra,Harpreet Brar,Ramandeep Singh,JD Unadkat,0,0,,,,,,,,,
1383442,2023/24,2023-10-16,"JSCA International Stadium Complex, Ranchi",2,13.7,Punjab,Saurashtra,Harpreet Brar,Ramandeep Singh,JD Unadkat,1,0,,,,,,,,,
1383442,2023/24,2023-10-16,"JSCA International Stadium Complex, Ranchi",2,14.1,Punjab,Saurashtra,Harpreet Brar,Ramandeep Singh,K D Patel,1,0,,,,,,,,,
1383442,2023/24,2023-10-16,"JSCA International Stadium Complex, Ranchi",2,14.2,Punjab,Saurashtra,Ramandeep Singh,Harpreet Brar,K D Patel,6,0,,,,,,,,,
1383442,2023/24,2023-10-16,"JSCA International Stadium Complex, Ranchi",2,14.3,Punjab,Saurashtra,Ramandeep Singh,Harpreet Brar,K D Patel,1,0,,,,,,,,,
1383442,2023/24,2023-10-16,"JSCA International Stadium Complex, Ranchi",2,14.4,Punjab,Saurashtra,Harpreet Brar,Ramandeep Singh,K D Patel,1,0,,,,,,,,,
1383442,2023/24,2023-10-16,"JSCA International Stadium Complex, Ranchi",2,14.5,Punjab,Saurashtra,Ramandeep Singh,Harpreet Brar,K D Patel,2,0,,,,,,,,,
1383442,2023/24,2023-10-16,"JSCA International Stadium Complex, Ranchi",2,14.6,Punjab,Saurashtra,Ramandeep Singh,Harpreet Brar,K D Patel,4,0,,,,,,,,,
1383442,2023/24,2023-10-16,"JSCA International Stadium Complex, Ranchi",2,15.1,Punjab,Saurashtra,Harpreet Brar,Ramandeep Singh,Dharmendrasinh Jadeja,6,0,,,,,,,,,
1383442,2023/24,2023-10-16,"JSCA International Stadium Complex, Ranchi",2,15.2,Punjab,Saurashtra,Harpreet Brar,Ramandeep Singh,Dharmendrasinh Jadeja,4,0,,,,,,,,,
1383442,2023/24,2023-10-16,"JSCA International Stadium Complex, Ranchi",2,15.3,Punjab,Saurashtra,Harpreet Brar,Ramandeep Singh,Dharmendrasinh Jadeja,4,0,,,,,,,,,
1383442,2023/24,2023-10-16,"JSCA International Stadium Complex, Ranchi",2,15.4,Punjab,Saurashtra,Harpreet Brar,Ramandeep Singh,Dharmendrasinh Jadeja,1,0,,,,,,,,,
1383442,2023/24,2023-10-16,"JSCA International Stadium Complex, Ranchi",2,15.5,Punjab,Saurashtra,Ramandeep Singh,Harpreet Brar,Dharmendrasinh Jadeja,1,0,,,,,,,,,
1383442,2023/24,2023-10-16,"JSCA International Stadium Complex, Ranchi",2,15.6,Punjab,Saurashtra,Harpreet Brar,Ramandeep Singh,Dharmendrasinh Jadeja,2,0,,,,,,,,,
1383442,2023/24,2023-10-16,"JSCA International Stadium Complex, Ranchi",2,16.1,Punjab,Saurashtra,Ramandeep Singh,Harpreet Brar,JD Unadkat,1,0,,,,,,,,,
1383442,2023/24,2023-10-16,"JSCA International Stadium Complex, Ranchi",2,16.2,Punjab,Saurashtra,Harpreet Brar,Ramandeep Singh,JD Unadkat,0,0,,,,,,,,,
1383442,2023/24,2023-10-16,"JSCA International Stadium Complex, Ranchi",2,16.3,Punjab,Saurashtra,Harpreet Brar,Ramandeep Singh,JD Unadkat,1,0,,,,,,,,,
1383442,2023/24,2023-10-16,"JSCA International Stadium Complex, Ranchi",2,16.4,Punjab,Saurashtra,Ramandeep Singh,Harpreet Brar,JD Unadkat,0,0,,,,,,run out,Ramandeep Singh,,
1383442,2023/24,2023-10-16,"JSCA International Stadium Complex, Ranchi",2,16.5,Punjab,Saurashtra,M Markande,Harpreet Brar,JD Unadkat,1,0,,,,,,,,,
1383442,2023/24,2023-10-16,"JSCA International Stadium Complex, Ranchi",2,16.6,Punjab,Saurashtra,Harpreet Brar,M Markande,JD Unadkat,1,0,,,,,,,,,
1383442,2023/24,2023-10-16,"JSCA International Stadium Complex, Ranchi",2,17.1,Punjab,Saurashtra,Harpreet Brar,M Markande,Chirag Jani,0,0,,,,,,,,,
1383442,2023/24,2023-10-16,"JSCA International Stadium Complex, Ranchi",2,17.2,Punjab,Saurashtra,Harpreet Brar,M Markande,Chirag Jani,0,0,,,,,,caught,Harpreet Brar,,
1383442,2023/24,2023-10-16,"JSCA International Stadium Complex, Ranchi",2,17.3,Punjab,Saurashtra,Arshdeep Singh,M Markande,Chirag Jani,1,0,,,,,,,,,
1383442,2023/24,2023-10-16,"JSCA International Stadium Complex, Ranchi",2,17.4,Punjab,Saurashtra,M Markande,Arshdeep Singh,Chirag Jani,1,0,,,,,,,,,
1383442,2023/24,2023-10-16,"JSCA International Stadium Complex, Ranchi",2,17.5,Punjab,Saurashtra,Arshdeep Singh,M Markande,Chirag Jani,4,0,,,,,,,,,
1383442,2023/24,2023-10-16,"JSCA International Stadium Complex, Ranchi",2,17.6,Punjab,Saurashtra,Arshdeep Singh,M Markande,Chirag Jani,1,0,,,,,,,,,
1383442,2023/24,2023-10-16,"JSCA International Stadium Complex, Ranchi",2,18.1,Punjab,Saurashtra,Arshdeep Singh,M Markande,K D Patel,1,1,,1,,,,,,,
1383442,2023/24,2023-10-16,"JSCA International Stadium Complex, Ranchi",2,18.2,Punjab,Saurashtra,M Markande,Arshdeep Singh,K D Patel,0,0,,,,,,,,,
1383442,2023/24,2023-10-16,"JSCA International Stadium Complex, Ranchi",2,18.3,Punjab,Saurashtra,M Markande,Arshdeep Singh,K D Patel,1,0,,,,,,,,,
1383442,2023/24,2023-10-16,"JSCA International Stadium Complex, Ranchi",2,18.4,Punjab,Saurashtra,Arshdeep Singh,M Markande,K D Patel,1,0,,,,,,,,,
1383442,2023/24,2023-10-16,"JSCA International Stadium Complex, Ranchi",2,18.5,Punjab,Saurashtra,M Markande,Arshdeep Singh,K D Patel,1,0,,,,,,,,,
1383442,2023/24,2023-10-16,"JSCA International Stadium Complex, Ranchi",2,18.6,Punjab,Saurashtra,Arshdeep Singh,M Markande,K D Patel,0,0,,,,,,,,,
1383442,2023/24,2023-10-16,"JSCA International Stadium Complex, Ranchi",2,18.7,Punjab,Saurashtra,Arshdeep Singh,M Markande,K D Patel,1,0,,,,,,,,,
1383442,2023/24,2023-10-16,"JSCA International Stadium Complex, Ranchi",2,19.1,Punjab,Saurashtra,Arshdeep Singh,M Markande,Chirag Jani,1,0,,,,,,,,,
1383442,2023/24,2023-10-16,"JSCA International Stadium Complex, Ranchi",2,19.2,Punjab,Saurashtra,M Markande,Arshdeep Singh,Chirag Jani,0,0,,,,,,run out,Arshdeep Singh,,
