match_id,season,start_date,venue,innings,ball,batting_team,bowling_team,striker,non_striker,bowler,runs_off_bat,extras,wides,noballs,byes,legbyes,penalty,wicket_type,player_dismissed,other_wicket_type,other_player_dismissed
1383496,2023/24,2023-10-21,"JSCA International Stadium Complex, Ranchi",1,0.1,Manipur,Punjab,P Prafullomani,B Rahman,Arshdeep Singh,0,0,,,,,,,,,
1383496,2023/24,2023-10-21,"JSCA International Stadium Complex, Ranchi",1,0.2,Manipur,Punjab,P Prafullomani,B Rahman,Arshdeep Singh,4,0,,,,,,,,,
1383496,2023/24,2023-10-21,"JSCA International Stadium Complex, Ranchi",1,0.3,Manipur,Punjab,P Prafullomani,B Rahman,Arshdeep Singh,0,0,,,,,,,,,
1383496,2023/24,2023-10-21,"JSCA International Stadium Complex, Ranchi",1,0.4,Manipur,Punjab,P Prafullomani,B Rahman,Arshdeep Singh,0,0,,,,,,,,,
1383496,2023/24,2023-10-21,"JSCA International Stadium Complex, Ranchi",1,0.5,Manipur,Punjab,P Prafullomani,B Rahman,Arshdeep Singh,0,0,,,,,,,,,
1383496,2023/24,2023-10-21,"JSCA International Stadium Complex, Ranchi",1,0.6,Manipur,Punjab,P Prafullomani,B Rahman,Arshdeep Singh,1,0,,,,,,,,,
1383496,2023/24,2023-10-21,"JSCA International Stadium Complex, Ranchi",1,1.1,Manipur,Punjab,P Prafullomani,B Rahman,Abhishek Sharma,0,0,,,,,,,,,
1383496,2023/24,2023-10-21,"JSCA International Stadium Complex, Ranchi",1,1.2,Manipur,Punjab,P Prafullomani,B Rahman,Abhishek Sharma,0,0,,,,,,caught,P Prafullomani,,
1383496,2023/24,2023-10-21,"JSCA International Stadium Complex, Ranchi",1,1.3,Manipur,Punjab,Al Bashid Muhammed,B Rahman,Abhishek Sharma,0,0,,,,,,,,,
1383496,2023/24,2023-10-21,"JSCA International Stadium Complex, Ranchi",1,1.4,Manipur,Punjab,Al Bashid Muhammed,B Rahman,Abhishek Sharma,0,0,,,,,,,,,
1383496,2023/24,2023-10-21,"JSCA International Stadium Complex, Ranchi",1,1.5,Manipur,Punjab,Al Bashid Muhammed,B Rahman,Abhishek Sharma,0,0,,,,,,,,,
1383496,2023/24,2023-10-21,"JSCA International Stadium Complex, Ranchi",1,1.6,Manipur,Punjab,Al Bashid Muhammed,B Rahman,Abhishek Sharma,1,0,,,,,,,,,
1383496,2023/24,2023-10-21,"JSCA International Stadium Complex, Ranchi",1,2.1,Manipur,Punjab,Al Bashid Muhammed,B Rahman,Arshdeep Singh,0,0,,,,,,,,,
1383496,2023/24,2023-10-21,"JSCA International Stadium Complex, Ranchi",1,2.2,Manipur,Punjab,Al Bashid Muhammed,B Rahman,Arshdeep Singh,0,0,,,,,,,,,
1383496,2023/24,2023-10-21,"JSCA International Stadium Complex, Ranchi",1,2.3,Manipur,Punjab,Al Bashid Muhammed,B Rahman,Arshdeep Singh,0,0,,,,,,,,,
1383496,2023/24,2023-10-21,"JSCA International Stadium Complex, Ranchi",1,2.4,Manipur,Punjab,Al Bashid Muhammed,B Rahman,Arshdeep Singh,0,0,,,,,,,,,
1383496,2023/24,2023-10-21,"JSCA International Stadium Complex, Ranchi",1,2.5,Manipur,Punjab,Al Bashid Muhammed,B Rahman,Arshdeep Singh,0,0,,,,,,,,,
1383496,2023/24,2023-10-21,"JSCA International Stadium Complex, Ranchi",1,2.6,Manipur,Punjab,Al Bashid Muhammed,B Rahman,Arshdeep Singh,0,0,,,,,,,,,
1383496,2023/24,2023-10-21,"JSCA International Stadium Complex, Ranchi",1,3.1,Manipur,Punjab,B Rahman,Al Bashid Muhammed,Abhishek Sharma,0,0,,,,,,,,,
1383496,2023/24,2023-10-21,"JSCA International Stadium Complex, Ranchi",1,3.2,Manipur,Punjab,B Rahman,Al Bashid Muhammed,Abhishek Sharma,0,0,,,,,,,,,
1383496,2023/24,2023-10-21,"JSCA International Stadium Complex, Ranchi",1,3.3,Manipur,Punjab,B Rahman,Al Bashid Muhammed,Abhishek Sharma,0,0,,,,,,,,,
1383496,2023/24,2023-10-21,"JSCA International Stadium Complex, Ranchi",1,3.4,Manipur,Punjab,B Rahman,Al Bashid Muhammed,Abhishek Sharma,1,0,,,,,,,,,
1383496,2023/24,2023-10-21,"JSCA International Stadium Complex, Ranchi",1,3.5,Manipur,Punjab,Al Bashid Muhammed,B Rahman,Abhishek Sharma,1,0,,,,,,,,,
1383496,2023/24,2023-10-21,"JSCA International Stadium Complex, Ranchi",1,3.6,Manipur,Punjab,B Rahman,Al Bashid Muhammed,Abhishek Sharma,0,0,,,,,,,,,
1383496,2023/24,2023-10-21,"JSCA International Stadium Complex, Ranchi",1,4.1,Manipur,Punjab,Al Bashid Muhammed,B Rahman,S Kaul,4,0,,,,,,,,,
1383496,2023/24,2023-10-21,"JSCA International Stadium Complex, Ranchi",1,4.2,Manipur,Punjab,Al Bashid Muhammed,B Rahman,S Kaul,0,0,,,,,,caught,Al Bashid Muhammed,,
1383496,2023/24,2023-10-21,"JSCA International Stadium Complex, Ranchi",1,4.3,Manipur,Punjab,Kangabam Singh,B Rahman,S Kaul,0,0,,,,,,,,,
1383496,2023/24,2023-10-21,"JSCA International Stadium Complex, Ranchi",1,4.4,Manipur,Punjab,Kangabam Singh,B Rahman,S Kaul,0,0,,,,,,,,,
1383496,2023/24,2023-10-21,"JSCA International Stadium Complex, Ranchi",1,4.5,Manipur,Punjab,Kangabam Singh,B Rahman,S Kaul,0,0,,,,,,,,,
1383496,2023/24,2023-10-21,"JSCA International Stadium Complex, Ranchi",1,4.6,Manipur,Punjab,Kangabam Singh,B Rahman,S Kaul,1,0,,,,,,,,,
1383496,2023/24,2023-10-21,"JSCA International Stadium Complex, Ranchi",1,5.1,Manipur,Punjab,Kangabam Singh,B Rahman,Abhishek Sharma,0,0,,,,,,,,,
1383496,2023/24,2023-10-21,"JSCA International Stadium Complex, Ranchi",1,5.2,Manipur,Punjab,Kangabam Singh,B Rahman,Abhishek Sharma,0,2,,,,2,,,,,
1383496,2023/24,2023-10-21,"JSCA International Stadium Complex, Ranchi",1,5.3,Manipur,Punjab,Kangabam Singh,B Rahman,Abhishek Sharma,0,0,,,,,,,,,
1383496,2023/24,2023-10-21,"JSCA International Stadium Complex, Ranchi",1,5.4,Manipur,Punjab,Kangabam Singh,B Rahman,Abhishek Sharma,1,0,,,,,,,,,
1383496,2023/24,2023-10-21,"JSCA International Stadium Complex, Ranchi",1,5.5,Manipur,Punjab,B Rahman,Kangabam Singh,Abhishek Sharma,0,0,,,,,,,,,
1383496,2023/24,2023-10-21,"JSCA International Stadium Complex, Ranchi",1,5.6,Manipur,Punjab,B Rahman,Kangabam Singh,Abhishek Sharma,6,0,,,,,,,,,
1383496,2023/24,2023-10-21,"JSCA International Stadium Complex, Ranchi",1,6.1,Manipur,Punjab,Kangabam Singh,B Rahman,S Kaul,0,1,1,,,,,,,,
1383496,2023/24,2023-10-21,"JSCA International Stadium Complex, Ranchi",1,6.2,Manipur,Punjab,Kangabam Singh,B Rahman,S Kaul,1,0,,,,,,,,,
1383496,2023/24,2023-10-21,"JSCA International Stadium Complex, Ranchi",1,6.3,Manipur,Punjab,B Rahman,Kangabam Singh,S Kaul,4,0,,,,,,,,,
1383496,2023/24,2023-10-21,"JSCA International Stadium Complex, Ranchi",1,6.4,Manipur,Punjab,B Rahman,Kangabam Singh,S Kaul,0,0,,,,,,,,,
1383496,2023/24,2023-10-21,"JSCA International Stadium Complex, Ranchi",1,6.5,Manipur,Punjab,B Rahman,Kangabam Singh,S Kaul,1,0,,,,,,,,,
1383496,2023/24,2023-10-21,"JSCA International Stadium Complex, Ranchi",1,6.6,Manipur,Punjab,Kangabam Singh,B Rahman,S Kaul,1,0,,,,,,,,,
1383496,2023/24,2023-10-21,"JSCA International Stadium Complex, Ranchi",1,6.7,Manipur,Punjab,B Rahman,Kangabam Singh,S Kaul,0,0,,,,,,caught,B Rahman,,
1383496,2023/24,2023-10-21,"JSCA International Stadium Complex, Ranchi",1,7.1,Manipur,Punjab,Kangabam Singh,Rex Rajkumar,Harpreet Brar,0,0,,,,,,,,,
1383496,2023/24,2023-10-21,"JSCA International Stadium Complex, Ranchi",1,7.2,Manipur,Punjab,Kangabam Singh,Rex Rajkumar,Harpreet Brar,0,0,,,,,,,,,
1383496,2023/24,2023-10-21,"JSCA International Stadium Complex, Ranchi",1,7.3,Manipur,Punjab,Kangabam Singh,Rex Rajkumar,Harpreet Brar,0,0,,,,,,,,,
1383496,2023/24,2023-10-21,"JSCA International Stadium Complex, Ranchi",1,7.4,Manipur,Punjab,Kangabam Singh,Rex Rajkumar,Harpreet Brar,0,0,,,,,,,,,
1383496,2023/24,2023-10-21,"JSCA International Stadium Complex, Ranchi",1,7.5,Manipur,Punjab,Kangabam Singh,Rex Rajkumar,Harpreet Brar,0,0,,,,,,,,,
1383496,2023/24,2023-10-21,"JSCA International Stadium Complex, Ranchi",1,7.6,Manipur,Punjab,Kangabam Singh,Rex Rajkumar,Harpreet Brar,0,0,,,,,,,,,
1383496,2023/24,2023-10-21,"JSCA International Stadium Complex, Ranchi",1,8.1,Manipur,Punjab,Rex Rajkumar,Kangabam Singh,S Kaul,0,0,,,,,,,,,
1383496,2023/24,2023-10-21,"JSCA International Stadium Complex, Ranchi",1,8.2,Manipur,Punjab,Rex Rajkumar,Kangabam Singh,S Kaul,0,0,,,,,,,,,
1383496,2023/24,2023-10-21,"JSCA International Stadium Complex, Ranchi",1,8.3,Manipur,Punjab,Rex Rajkumar,Kangabam Singh,S Kaul,1,0,,,,,,,,,
1383496,2023/24,2023-10-21,"JSCA International Stadium Complex, Ranchi",1,8.4,Manipur,Punjab,Kangabam Singh,Rex Rajkumar,S Kaul,0,0,,,,,,,,,
1383496,2023/24,2023-10-21,"JSCA International Stadium Complex, Ranchi",1,8.5,Manipur,Punjab,Kangabam Singh,Rex Rajkumar,S Kaul,1,0,,,,,,,,,
1383496,2023/24,2023-10-21,"JSCA International Stadium Complex, Ranchi",1,8.6,Manipur,Punjab,Rex Rajkumar,Kangabam Singh,S Kaul,6,0,,,,,,,,,
1383496,2023/24,2023-10-21,"JSCA International Stadium Complex, Ranchi",1,9.1,Manipur,Punjab,Kangabam Singh,Rex Rajkumar,Harpreet Brar,0,1,1,,,,,,,,
1383496,2023/24,2023-10-21,"JSCA International Stadium Complex, Ranchi",1,9.2,Manipur,Punjab,Kangabam Singh,Rex Rajkumar,Harpreet Brar,0,0,,,,,,,,,
1383496,2023/24,2023-10-21,"JSCA International Stadium Complex, Ranchi",1,9.3,Manipur,Punjab,Kangabam Singh,Rex Rajkumar,Harpreet Brar,0,0,,,,,,,,,
1383496,2023/24,2023-10-21,"JSCA International Stadium Complex, Ranchi",1,9.4,Manipur,Punjab,Kangabam Singh,Rex Rajkumar,Harpreet Brar,0,0,,,,,,,,,
1383496,2023/24,2023-10-21,"JSCA International Stadium Complex, Ranchi",1,9.5,Manipur,Punjab,Kangabam Singh,Rex Rajkumar,Harpreet Brar,1,0,,,,,,,,,
1383496,2023/24,2023-10-21,"JSCA International Stadium Complex, Ranchi",1,9.6,Manipur,Punjab,Rex Rajkumar,Kangabam Singh,Harpreet Brar,0,0,,,,,,,,,
1383496,2023/24,2023-10-21,"JSCA International Stadium Complex, Ranchi",1,9.7,Manipur,Punjab,Rex Rajkumar,Kangabam Singh,Harpreet Brar,0,2,,,,2,,,,,
1383496,2023/24,2023-10-21,"JSCA International Stadium Complex, Ranchi",1,10.1,Manipur,Punjab,Kangabam Singh,Rex Rajkumar,M Markande,0,0,,,,,,,,,
1383496,2023/24,2023-10-21,"JSCA International Stadium Complex, Ranchi",1,10.2,Manipur,Punjab,Kangabam Singh,Rex Rajkumar,M Markande,0,0,,,,,,,,,
1383496,2023/24,2023-10-21,"JSCA International Stadium Complex, Ranchi",1,10.3,Manipur,Punjab,Kangabam Singh,Rex Rajkumar,M Markande,1,0,,,,,,,,,
1383496,2023/24,2023-10-21,"JSCA International Stadium Complex, Ranchi",1,10.4,Manipur,Punjab,Rex Rajkumar,Kangabam Singh,M Markande,1,0,,,,,,,,,
1383496,2023/24,2023-10-21,"JSCA International Stadium Complex, Ranchi",1,10.5,Manipur,Punjab,Kangabam Singh,Rex Rajkumar,M Markande,1,0,,,,,,,,,
1383496,2023/24,2023-10-21,"JSCA International Stadium Complex, Ranchi",1,10.6,Manipur,Punjab,Rex Rajkumar,Kangabam Singh,M Markande,2,0,,,,,,,,,
1383496,2023/24,2023-10-21,"JSCA International Stadium Complex, Ranchi",1,11.1,Manipur,Punjab,Kangabam Singh,Rex Rajkumar,Harpreet Brar,0,0,,,,,,,,,
1383496,2023/24,2023-10-21,"JSCA International Stadium Complex, Ranchi",1,11.2,Manipur,Punjab,Kangabam Singh,Rex Rajkumar,Harpreet Brar,0,0,,,,,,,,,
1383496,2023/24,2023-10-21,"JSCA International Stadium Complex, Ranchi",1,11.3,Manipur,Punjab,Kangabam Singh,Rex Rajkumar,Harpreet Brar,1,0,,,,,,,,,
1383496,2023/24,2023-10-21,"JSCA International Stadium Complex, Ranchi",1,11.4,Manipur,Punjab,Rex Rajkumar,Kangabam Singh,Harpreet Brar,1,0,,,,,,,,,
1383496,2023/24,2023-10-21,"JSCA International Stadium Complex, Ranchi",1,11.5,Manipur,Punjab,Kangabam Singh,Rex Rajkumar,Harpreet Brar,0,0,,,,,,,,,
1383496,2023/24,2023-10-21,"JSCA International Stadium Complex, Ranchi",1,11.6,Manipur,Punjab,Kangabam Singh,Rex Rajkumar,Harpreet Brar,0,0,,,,,,,,,
1383496,2023/24,2023-10-21,"JSCA International Stadium Complex, Ranchi",1,12.1,Manipur,Punjab,Rex Rajkumar,Kangabam Singh,M Markande,0,0,,,,,,caught,Rex Rajkumar,,
1383496,2023/24,2023-10-21,"JSCA International Stadium Complex, Ranchi",1,12.2,Manipur,Punjab,BM Chingakham,Kangabam Singh,M Markande,0,0,,,,,,,,,
1383496,2023/24,2023-10-21,"JSCA International Stadium Complex, Ranchi",1,12.3,Manipur,Punjab,BM Chingakham,Kangabam Singh,M Markande,0,0,,,,,,,,,
1383496,2023/24,2023-10-21,"JSCA International Stadium Complex, Ranchi",1,12.4,Manipur,Punjab,BM Chingakham,Kangabam Singh,M Markande,0,0,,,,,,,,,
1383496,2023/24,2023-10-21,"JSCA International Stadium Complex, Ranchi",1,12.5,Manipur,Punjab,BM Chingakham,Kangabam Singh,M Markande,0,0,,,,,,,,,
1383496,2023/24,2023-10-21,"JSCA International Stadium Complex, Ranchi",1,12.6,Manipur,Punjab,BM Chingakham,Kangabam Singh,M Markande,0,0,,,,,,,,,
1383496,2023/24,2023-10-21,"JSCA International Stadium Complex, Ranchi",1,13.1,Manipur,Punjab,Kangabam Singh,BM Chingakham,Abhishek Sharma,1,0,,,,,,,,,
1383496,2023/24,2023-10-21,"JSCA International Stadium Complex, Ranchi",1,13.2,Manipur,Punjab,BM Chingakham,Kangabam Singh,Abhishek Sharma,1,0,,,,,,,,,
1383496,2023/24,2023-10-21,"JSCA International Stadium Complex, Ranchi",1,13.3,Manipur,Punjab,Kangabam Singh,BM Chingakham,Abhishek Sharma,0,0,,,,,,,,,
1383496,2023/24,2023-10-21,"JSCA International Stadium Complex, Ranchi",1,13.4,Manipur,Punjab,Kangabam Singh,BM Chingakham,Abhishek Sharma,1,0,,,,,,,,,
1383496,2023/24,2023-10-21,"JSCA International Stadium Complex, Ranchi",1,13.5,Manipur,Punjab,BM Chingakham,Kangabam Singh,Abhishek Sharma,1,0,,,,,,,,,
1383496,2023/24,2023-10-21,"JSCA International Stadium Complex, Ranchi",1,13.6,Manipur,Punjab,Kangabam Singh,BM Chingakham,Abhishek Sharma,1,0,,,,,,,,,
1383496,2023/24,2023-10-21,"JSCA International Stadium Complex, Ranchi",1,14.1,Manipur,Punjab,Kangabam Singh,BM Chingakham,M Markande,0,0,,,,,,,,,
1383496,2023/24,2023-10-21,"JSCA International Stadium Complex, Ranchi",1,14.2,Manipur,Punjab,Kangabam Singh,BM Chingakham,M Markande,6,0,,,,,,,,,
1383496,2023/24,2023-10-21,"JSCA International Stadium Complex, Ranchi",1,14.3,Manipur,Punjab,Kangabam Singh,BM Chingakham,M Markande,0,0,,,,,,,,,
1383496,2023/24,2023-10-21,"JSCA International Stadium Complex, Ranchi",1,14.4,Manipur,Punjab,Kangabam Singh,BM Chingakham,M Markande,0,0,,,,,,,,,
1383496,2023/24,2023-10-21,"JSCA International Stadium Complex, Ranchi",1,14.5,Manipur,Punjab,Kangabam Singh,BM Chingakham,M Markande,1,0,,,,,,,,,
1383496,2023/24,2023-10-21,"JSCA International Stadium Complex, Ranchi",1,14.6,Manipur,Punjab,BM Chingakham,Kangabam Singh,M Markande,4,0,,,,,,,,,
1383496,2023/24,2023-10-21,"JSCA International Stadium Complex, Ranchi",1,15.1,Manipur,Punjab,Kangabam Singh,BM Chingakham,Harpreet Brar,1,0,,,,,,,,,
1383496,2023/24,2023-10-21,"JSCA International Stadium Complex, Ranchi",1,15.2,Manipur,Punjab,BM Chingakham,Kangabam Singh,Harpreet Brar,1,0,,,,,,,,,
1383496,2023/24,2023-10-21,"JSCA International Stadium Complex, Ranchi",1,15.3,Manipur,Punjab,Kangabam Singh,BM Chingakham,Harpreet Brar,1,0,,,,,,,,,
1383496,2023/24,2023-10-21,"JSCA International Stadium Complex, Ranchi",1,15.4,Manipur,Punjab,BM Chingakham,Kangabam Singh,Harpreet Brar,0,0,,,,,,,,,
1383496,2023/24,2023-10-21,"JSCA International Stadium Complex, Ranchi",1,15.5,Manipur,Punjab,BM Chingakham,Kangabam Singh,Harpreet Brar,0,0,,,,,,bowled,BM Chingakham,,
1383496,2023/24,2023-10-21,"JSCA International Stadium Complex, Ranchi",1,15.6,Manipur,Punjab,Bikash Singh,Kangabam Singh,Harpreet Brar,2,0,,,,,,,,,
1383496,2023/24,2023-10-21,"JSCA International Stadium Complex, Ranchi",1,16.1,Manipur,Punjab,Kangabam Singh,Bikash Singh,M Markande,1,0,,,,,,,,,
1383496,2023/24,2023-10-21,"JSCA International Stadium Complex, Ranchi",1,16.2,Manipur,Punjab,Bikash Singh,Kangabam Singh,M Markande,0,0,,,,,,,,,
1383496,2023/24,2023-10-21,"JSCA International Stadium Complex, Ranchi",1,16.3,Manipur,Punjab,Bikash Singh,Kangabam Singh,M Markande,1,0,,,,,,,,,
1383496,2023/24,2023-10-21,"JSCA International Stadium Complex, Ranchi",1,16.4,Manipur,Punjab,Kangabam Singh,Bikash Singh,M Markande,0,0,,,,,,caught,Kangabam Singh,,
1383496,2023/24,2023-10-21,"JSCA International Stadium Complex, Ranchi",1,16.5,Manipur,Punjab,L Kishan Singha,Bikash Singh,M Markande,0,0,,,,,,,,,
1383496,2023/24,2023-10-21,"JSCA International Stadium Complex, Ranchi",1,16.6,Manipur,Punjab,L Kishan Singha,Bikash Singh,M Markande,1,0,,,,,,,,,
1383496,2023/24,2023-10-21,"JSCA International Stadium Complex, Ranchi",1,17.1,Manipur,Punjab,L Kishan Singha,Bikash Singh,Arshdeep Singh,1,0,,,,,,,,,
1383496,2023/24,2023-10-21,"JSCA International Stadium Complex, Ranchi",1,17.2,Manipur,Punjab,Bikash Singh,L Kishan Singha,Arshdeep Singh,4,0,,,,,,,,,
1383496,2023/24,2023-10-21,"JSCA International Stadium Complex, Ranchi",1,17.3,Manipur,Punjab,Bikash Singh,L Kishan Singha,Arshdeep Singh,0,0,,,,,,bowled,Bikash Singh,,
1383496,2023/24,2023-10-21,"JSCA International Stadium Complex, Ranchi",1,17.4,Manipur,Punjab,Sultan Karim,L Kishan Singha,Arshdeep Singh,1,0,,,,,,,,,
1383496,2023/24,2023-10-21,"JSCA International Stadium Complex, Ranchi",1,17.5,Manipur,Punjab,L Kishan Singha,Sultan Karim,Arshdeep Singh,0,0,,,,,,,,,
1383496,2023/24,2023-10-21,"JSCA International Stadium Complex, Ranchi",1,17.6,Manipur,Punjab,L Kishan Singha,Sultan Karim,Arshdeep Singh,2,0,,,,,,,,,
1383496,2023/24,2023-10-21,"JSCA International Stadium Complex, Ranchi",1,18.1,Manipur,Punjab,Sultan Karim,L Kishan Singha,S Kaul,1,0,,,,,,,,,
1383496,2023/24,2023-10-21,"JSCA International Stadium Complex, Ranchi",1,18.2,Manipur,Punjab,L Kishan Singha,Sultan Karim,S Kaul,1,0,,,,,,,,,
1383496,2023/24,2023-10-21,"JSCA International Stadium Complex, Ranchi",1,18.3,Manipur,Punjab,Sultan Karim,L Kishan Singha,S Kaul,1,0,,,,,,,,,
1383496,2023/24,2023-10-21,"JSCA International Stadium Complex, Ranchi",1,18.4,Manipur,Punjab,L Kishan Singha,Sultan Karim,S Kaul,0,0,,,,,,,,,
1383496,2023/24,2023-10-21,"JSCA International Stadium Complex, Ranchi",1,18.5,Manipur,Punjab,L Kishan Singha,Sultan Karim,S Kaul,1,0,,,,,,,,,
1383496,2023/24,2023-10-21,"JSCA International Stadium Complex, Ranchi",1,18.6,Manipur,Punjab,Sultan Karim,L Kishan Singha,S Kaul,0,0,,,,,,,,,
1383496,2023/24,2023-10-21,"JSCA International Stadium Complex, Ranchi",1,19.1,Manipur,Punjab,L Kishan Singha,Sultan Karim,Arshdeep Singh,1,0,,,,,,,,,
1383496,2023/24,2023-10-21,"JSCA International Stadium Complex, Ranchi",1,19.2,Manipur,Punjab,Sultan Karim,L Kishan Singha,Arshdeep Singh,2,0,,,,,,,,,
1383496,2023/24,2023-10-21,"JSCA International Stadium Complex, Ranchi",1,19.3,Manipur,Punjab,Sultan Karim,L Kishan Singha,Arshdeep Singh,0,0,,,,,,caught,Sultan Karim,,
1383496,2023/24,2023-10-21,"JSCA International Stadium Complex, Ranchi",1,19.4,Manipur,Punjab,Bishworjit Konthoujam,L Kishan Singha,Arshdeep Singh,1,0,,,,,,,,,
1383496,2023/24,2023-10-21,"JSCA International Stadium Complex, Ranchi",1,19.5,Manipur,Punjab,L Kishan Singha,Bishworjit Konthoujam,Arshdeep Singh,4,0,,,,,,,,,
1383496,2023/24,2023-10-21,"JSCA International Stadium Complex, Ranchi",1,19.6,Manipur,Punjab,L Kishan Singha,Bishworjit Konthoujam,Arshdeep Singh,0,0,,,,,,,,,
1383496,2023/24,2023-10-21,"JSCA International Stadium Complex, Ranchi",2,0.1,Punjab,Manipur,Abhishek Sharma,P Simran Singh,Rex Rajkumar,4,0,,,,,,,,,
1383496,2023/24,2023-10-21,"JSCA International Stadium Complex, Ranchi",2,0.2,Punjab,Manipur,Abhishek Sharma,P Simran Singh,Rex Rajkumar,4,0,,,,,,,,,
1383496,2023/24,2023-10-21,"JSCA International Stadium Complex, Ranchi",2,0.3,Punjab,Manipur,Abhishek Sharma,P Simran Singh,Rex Rajkumar,0,0,,,,,,,,,
1383496,2023/24,2023-10-21,"JSCA International Stadium Complex, Ranchi",2,0.4,Punjab,Manipur,Abhishek Sharma,P Simran Singh,Rex Rajkumar,0,0,,,,,,,,,
1383496,2023/24,2023-10-21,"JSCA International Stadium Complex, Ranchi",2,0.5,Punjab,Manipur,Abhishek Sharma,P Simran Singh,Rex Rajkumar,6,0,,,,,,,,,
1383496,2023/24,2023-10-21,"JSCA International Stadium Complex, Ranchi",2,0.6,Punjab,Manipur,Abhishek Sharma,P Simran Singh,Rex Rajkumar,4,0,,,,,,,,,
1383496,2023/24,2023-10-21,"JSCA International Stadium Complex, Ranchi",2,1.1,Punjab,Manipur,P Simran Singh,Abhishek Sharma,Bishworjit Konthoujam,1,0,,,,,,,,,
1383496,2023/24,2023-10-21,"JSCA International Stadium Complex, Ranchi",2,1.2,Punjab,Manipur,Abhishek Sharma,P Simran Singh,Bishworjit Konthoujam,0,0,,,,,,,,,
1383496,2023/24,2023-10-21,"JSCA International Stadium Complex, Ranchi",2,1.3,Punjab,Manipur,Abhishek Sharma,P Simran Singh,Bishworjit Konthoujam,0,0,,,,,,,,,
1383496,2023/24,2023-10-21,"JSCA International Stadium Complex, Ranchi",2,1.4,Punjab,Manipur,Abhishek Sharma,P Simran Singh,Bishworjit Konthoujam,0,0,,,,,,,,,
1383496,2023/24,2023-10-21,"JSCA International Stadium Complex, Ranchi",2,1.5,Punjab,Manipur,Abhishek Sharma,P Simran Singh,Bishworjit Konthoujam,6,0,,,,,,,,,
1383496,2023/24,2023-10-21,"JSCA International Stadium Complex, Ranchi",2,1.6,Punjab,Manipur,Abhishek Sharma,P Simran Singh,Bishworjit Konthoujam,1,0,,,,,,,,,
1383496,2023/24,2023-10-21,"JSCA International Stadium Complex, Ranchi",2,2.1,Punjab,Manipur,Abhishek Sharma,P Simran Singh,Rex Rajkumar,4,0,,,,,,,,,
1383496,2023/24,2023-10-21,"JSCA International Stadium Complex, Ranchi",2,2.2,Punjab,Manipur,Abhishek Sharma,P Simran Singh,Rex Rajkumar,4,0,,,,,,,,,
1383496,2023/24,2023-10-21,"JSCA International Stadium Complex, Ranchi",2,2.3,Punjab,Manipur,Abhishek Sharma,P Simran Singh,Rex Rajkumar,0,0,,,,,,,,,
1383496,2023/24,2023-10-21,"JSCA International Stadium Complex, Ranchi",2,2.4,Punjab,Manipur,Abhishek Sharma,P Simran Singh,Rex Rajkumar,1,0,,,,,,,,,
1383496,2023/24,2023-10-21,"JSCA International Stadium Complex, Ranchi",2,2.5,Punjab,Manipur,P Simran Singh,Abhishek Sharma,Rex Rajkumar,0,1,1,,,,,,,,
1383496,2023/24,2023-10-21,"JSCA International Stadium Complex, Ranchi",2,2.6,Punjab,Manipur,P Simran Singh,Abhishek Sharma,Rex Rajkumar,0,0,,,,,,,,,
1383496,2023/24,2023-10-21,"JSCA International Stadium Complex, Ranchi",2,2.7,Punjab,Manipur,P Simran Singh,Abhishek Sharma,Rex Rajkumar,2,0,,,,,,,,,
1383496,2023/24,2023-10-21,"JSCA International Stadium Complex, Ranchi",2,3.1,Punjab,Manipur,Abhishek Sharma,P Simran Singh,Bishworjit Konthoujam,4,0,,,,,,,,,
1383496,2023/24,2023-10-21,"JSCA International Stadium Complex, Ranchi",2,3.2,Punjab,Manipur,Abhishek Sharma,P Simran Singh,Bishworjit Konthoujam,0,0,,,,,,,,,
1383496,2023/24,2023-10-21,"JSCA International Stadium Complex, Ranchi",2,3.3,Punjab,Manipur,Abhishek Sharma,P Simran Singh,Bishworjit Konthoujam,1,0,,,,,,,,,
1383496,2023/24,2023-10-21,"JSCA International Stadium Complex, Ranchi",2,3.4,Punjab,Manipur,P Simran Singh,Abhishek Sharma,Bishworjit Konthoujam,0,0,,,,,,,,,
1383496,2023/24,2023-10-21,"JSCA International Stadium Complex, Ranchi",2,3.5,Punjab,Manipur,P Simran Singh,Abhishek Sharma,Bishworjit Konthoujam,1,0,,,,,,,,,
1383496,2023/24,2023-10-21,"JSCA International Stadium Complex, Ranchi",2,3.6,Punjab,Manipur,Abhishek Sharma,P Simran Singh,Bishworjit Konthoujam,4,0,,,,,,,,,
1383496,2023/24,2023-10-21,"JSCA International Stadium Complex, Ranchi",2,4.1,Punjab,Manipur,P Simran Singh,Abhishek Sharma,BM Chingakham,0,0,,,,,,,,,
1383496,2023/24,2023-10-21,"JSCA International Stadium Complex, Ranchi",2,4.2,Punjab,Manipur,P Simran Singh,Abhishek Sharma,BM Chingakham,0,0,,,,,,,,,
1383496,2023/24,2023-10-21,"JSCA International Stadium Complex, Ranchi",2,4.3,Punjab,Manipur,P Simran Singh,Abhishek Sharma,BM Chingakham,1,0,,,,,,,,,
1383496,2023/24,2023-10-21,"JSCA International Stadium Complex, Ranchi",2,4.4,Punjab,Manipur,Abhishek Sharma,P Simran Singh,BM Chingakham,6,0,,,,,,,,,
1383496,2023/24,2023-10-21,"JSCA International Stadium Complex, Ranchi",2,4.5,Punjab,Manipur,Abhishek Sharma,P Simran Singh,BM Chingakham,0,0,,,,,,,,,
1383496,2023/24,2023-10-21,"JSCA International Stadium Complex, Ranchi",2,4.6,Punjab,Manipur,Abhishek Sharma,P Simran Singh,BM Chingakham,2,0,,,,,,,,,
1383496,2023/24,2023-10-21,"JSCA International Stadium Complex, Ranchi",2,5.1,Punjab,Manipur,P Simran Singh,Abhishek Sharma,L Kishan Singha,4,0,,,,,,,,,
1383496,2023/24,2023-10-21,"JSCA International Stadium Complex, Ranchi",2,5.2,Punjab,Manipur,P Simran Singh,Abhishek Sharma,L Kishan Singha,0,0,,,,,,,,,
1383496,2023/24,2023-10-21,"JSCA International Stadium Complex, Ranchi",2,5.3,Punjab,Manipur,P Simran Singh,Abhishek Sharma,L Kishan Singha,4,0,,,,,,,,,
1383496,2023/24,2023-10-21,"JSCA International Stadium Complex, Ranchi",2,5.4,Punjab,Manipur,P Simran Singh,Abhishek Sharma,L Kishan Singha,0,0,,,,,,,,,
1383496,2023/24,2023-10-21,"JSCA International Stadium Complex, Ranchi",2,5.5,Punjab,Manipur,P Simran Singh,Abhishek Sharma,L Kishan Singha,1,0,,,,,,,,,
1383496,2023/24,2023-10-21,"JSCA International Stadium Complex, Ranchi",2,5.6,Punjab,Manipur,Abhishek Sharma,P Simran Singh,L Kishan Singha,1,0,,,,,,,,,
1383496,2023/24,2023-10-21,"JSCA International Stadium Complex, Ranchi",2,6.1,Punjab,Manipur,Abhishek Sharma,P Simran Singh,BM Chingakham,0,0,,,,,,,,,
1383496,2023/24,2023-10-21,"JSCA International Stadium Complex, Ranchi",2,6.2,Punjab,Manipur,Abhishek Sharma,P Simran Singh,BM Chingakham,1,0,,,,,,,,,
1383496,2023/24,2023-10-21,"JSCA International Stadium Complex, Ranchi",2,6.3,Punjab,Manipur,P Simran Singh,Abhishek Sharma,BM Chingakham,0,1,1,,,,,,,,
1383496,2023/24,2023-10-21,"JSCA International Stadium Complex, Ranchi",2,6.4,Punjab,Manipur,P Simran Singh,Abhishek Sharma,BM Chingakham,1,0,,,,,,,,,
1383496,2023/24,2023-10-21,"JSCA International Stadium Complex, Ranchi",2,6.5,Punjab,Manipur,Abhishek Sharma,P Simran Singh,BM Chingakham,0,0,,,,,,caught,Abhishek Sharma,,
1383496,2023/24,2023-10-21,"JSCA International Stadium Complex, Ranchi",2,6.6,Punjab,Manipur,N Wadhera,P Simran Singh,BM Chingakham,1,0,,,,,,,,,
1383496,2023/24,2023-10-21,"JSCA International Stadium Complex, Ranchi",2,6.7,Punjab,Manipur,P Simran Singh,N Wadhera,BM Chingakham,0,0,,,,,,,,,
1383496,2023/24,2023-10-21,"JSCA International Stadium Complex, Ranchi",2,7.1,Punjab,Manipur,N Wadhera,P Simran Singh,L Kishan Singha,1,0,,,,,,,,,
1383496,2023/24,2023-10-21,"JSCA International Stadium Complex, Ranchi",2,7.2,Punjab,Manipur,P Simran Singh,N Wadhera,L Kishan Singha,0,0,,,,,,,,,
1383496,2023/24,2023-10-21,"JSCA International Stadium Complex, Ranchi",2,7.3,Punjab,Manipur,P Simran Singh,N Wadhera,L Kishan Singha,0,0,,,,,,,,,
1383496,2023/24,2023-10-21,"JSCA International Stadium Complex, Ranchi",2,7.4,Punjab,Manipur,P Simran Singh,N Wadhera,L Kishan Singha,1,0,,,,,,,,,
1383496,2023/24,2023-10-21,"JSCA International Stadium Complex, Ranchi",2,7.5,Punjab,Manipur,N Wadhera,P Simran Singh,L Kishan Singha,0,0,,,,,,bowled,N Wadhera,,
1383496,2023/24,2023-10-21,"JSCA International Stadium Complex, Ranchi",2,7.6,Punjab,Manipur,Anmolpreet Singh,P Simran Singh,L Kishan Singha,1,0,,,,,,,,,
1383496,2023/24,2023-10-21,"JSCA International Stadium Complex, Ranchi",2,8.1,Punjab,Manipur,Anmolpreet Singh,P Simran Singh,BM Chingakham,0,0,,,,,,,,,
1383496,2023/24,2023-10-21,"JSCA International Stadium Complex, Ranchi",2,8.2,Punjab,Manipur,Anmolpreet Singh,P Simran Singh,BM Chingakham,1,0,,,,,,,,,
1383496,2023/24,2023-10-21,"JSCA International Stadium Complex, Ranchi",2,8.3,Punjab,Manipur,P Simran Singh,Anmolpreet Singh,BM Chingakham,1,0,,,,,,,,,
1383496,2023/24,2023-10-21,"JSCA International Stadium Complex, Ranchi",2,8.4,Punjab,Manipur,Anmolpreet Singh,P Simran Singh,BM Chingakham,1,0,,,,,,,,,
1383496,2023/24,2023-10-21,"JSCA International Stadium Complex, Ranchi",2,8.5,Punjab,Manipur,P Simran Singh,Anmolpreet Singh,BM Chingakham,1,0,,,,,,,,,
1383496,2023/24,2023-10-21,"JSCA International Stadium Complex, Ranchi",2,8.6,Punjab,Manipur,Anmolpreet Singh,P Simran Singh,BM Chingakham,4,0,,,,,,,,,
1383496,2023/24,2023-10-21,"JSCA International Stadium Complex, Ranchi",2,9.1,Punjab,Manipur,P Simran Singh,Anmolpreet Singh,L Kishan Singha,6,0,,,,,,,,,
1383496,2023/24,2023-10-21,"JSCA International Stadium Complex, Ranchi",2,9.2,Punjab,Manipur,P Simran Singh,Anmolpreet Singh,L Kishan Singha,6,0,,,,,,,,,
