match_id,season,start_date,venue,innings,ball,batting_team,bowling_team,striker,non_striker,bowler,runs_off_bat,extras,wides,noballs,byes,legbyes,penalty,wicket_type,player_dismissed,other_wicket_type,other_player_dismissed
1383567,2023/24,2023-11-04,"Punjab Cricket Association IS Bindra Stadium, Mohali, Chandigarh",1,0.1,Assam,Baroda,Rishav Das,Denish Das,SI Sopariya,0,0,,,,,,,,,
1383567,2023/24,2023-11-04,"Punjab Cricket Association IS Bindra Stadium, Mohali, Chandigarh",1,0.2,Assam,Baroda,Rishav Das,Denish Das,SI Sopariya,1,0,,,,,,,,,
1383567,2023/24,2023-11-04,"Punjab Cricket Association IS Bindra Stadium, Mohali, Chandigarh",1,0.3,Assam,Baroda,Denish Das,Rishav Das,SI Sopariya,0,0,,,,,,,,,
1383567,2023/24,2023-11-04,"Punjab Cricket Association IS Bindra Stadium, Mohali, Chandigarh",1,0.4,Assam,Baroda,Denish Das,Rishav Das,SI Sopariya,0,0,,,,,,,,,
1383567,2023/24,2023-11-04,"Punjab Cricket Association IS Bindra Stadium, Mohali, Chandigarh",1,0.5,Assam,Baroda,Denish Das,Rishav Das,SI Sopariya,0,0,,,,,,,,,
1383567,2023/24,2023-11-04,"Punjab Cricket Association IS Bindra Stadium, Mohali, Chandigarh",1,0.6,Assam,Baroda,Denish Das,Rishav Das,SI Sopariya,1,0,,,,,,,,,
1383567,2023/24,2023-11-04,"Punjab Cricket Association IS Bindra Stadium, Mohali, Chandigarh",1,1.1,Assam,Baroda,Denish Das,Rishav Das,A Sheth,0,0,,,,,,,,,
1383567,2023/24,2023-11-04,"Punjab Cricket Association IS Bindra Stadium, Mohali, Chandigarh",1,1.2,Assam,Baroda,Denish Das,Rishav Das,A Sheth,0,0,,,,,,,,,
1383567,2023/24,2023-11-04,"Punjab Cricket Association IS Bindra Stadium, Mohali, Chandigarh",1,1.3,Assam,Baroda,Denish Das,Rishav Das,A Sheth,0,0,,,,,,,,,
1383567,2023/24,2023-11-04,"Punjab Cricket Association IS Bindra Stadium, Mohali, Chandigarh",1,1.4,Assam,Baroda,Denish Das,Rishav Das,A Sheth,6,0,,,,,,,,,
1383567,2023/24,2023-11-04,"Punjab Cricket Association IS Bindra Stadium, Mohali, Chandigarh",1,1.5,Assam,Baroda,Denish Das,Rishav Das,A Sheth,4,0,,,,,,,,,
1383567,2023/24,2023-11-04,"Punjab Cricket Association IS Bindra Stadium, Mohali, Chandigarh",1,1.6,Assam,Baroda,Denish Das,Rishav Das,A Sheth,0,0,,,,,,,,,
1383567,2023/24,2023-11-04,"Punjab Cricket Association IS Bindra Stadium, Mohali, Chandigarh",1,2.1,Assam,Baroda,Rishav Das,Denish Das,SI Sopariya,0,0,,,,,,,,,
1383567,2023/24,2023-11-04,"Punjab Cricket Association IS Bindra Stadium, Mohali, Chandigarh",1,2.2,Assam,Baroda,Rishav Das,Denish Das,SI Sopariya,1,0,,,,,,,,,
1383567,2023/24,2023-11-04,"Punjab Cricket Association IS Bindra Stadium, Mohali, Chandigarh",1,2.3,Assam,Baroda,Denish Das,Rishav Das,SI Sopariya,6,0,,,,,,,,,
1383567,2023/24,2023-11-04,"Punjab Cricket Association IS Bindra Stadium, Mohali, Chandigarh",1,2.4,Assam,Baroda,Denish Das,Rishav Das,SI Sopariya,0,0,,,,,,,,,
1383567,2023/24,2023-11-04,"Punjab Cricket Association IS Bindra Stadium, Mohali, Chandigarh",1,2.5,Assam,Baroda,Denish Das,Rishav Das,SI Sopariya,1,0,,,,,,,,,
1383567,2023/24,2023-11-04,"Punjab Cricket Association IS Bindra Stadium, Mohali, Chandigarh",1,2.6,Assam,Baroda,Rishav Das,Denish Das,SI Sopariya,2,0,,,,,,,,,
1383567,2023/24,2023-11-04,"Punjab Cricket Association IS Bindra Stadium, Mohali, Chandigarh",1,3.1,Assam,Baroda,Denish Das,Rishav Das,KH Pandya,0,0,,,,,,,,,
1383567,2023/24,2023-11-04,"Punjab Cricket Association IS Bindra Stadium, Mohali, Chandigarh",1,3.2,Assam,Baroda,Denish Das,Rishav Das,KH Pandya,4,0,,,,,,,,,
1383567,2023/24,2023-11-04,"Punjab Cricket Association IS Bindra Stadium, Mohali, Chandigarh",1,3.3,Assam,Baroda,Denish Das,Rishav Das,KH Pandya,1,0,,,,,,,,,
1383567,2023/24,2023-11-04,"Punjab Cricket Association IS Bindra Stadium, Mohali, Chandigarh",1,3.4,Assam,Baroda,Rishav Das,Denish Das,KH Pandya,1,0,,,,,,,,,
1383567,2023/24,2023-11-04,"Punjab Cricket Association IS Bindra Stadium, Mohali, Chandigarh",1,3.5,Assam,Baroda,Denish Das,Rishav Das,KH Pandya,2,0,,,,,,,,,
1383567,2023/24,2023-11-04,"Punjab Cricket Association IS Bindra Stadium, Mohali, Chandigarh",1,3.6,Assam,Baroda,Denish Das,Rishav Das,KH Pandya,0,1,1,,,,,,,,
1383567,2023/24,2023-11-04,"Punjab Cricket Association IS Bindra Stadium, Mohali, Chandigarh",1,3.7,Assam,Baroda,Denish Das,Rishav Das,KH Pandya,6,0,,,,,,,,,
1383567,2023/24,2023-11-04,"Punjab Cricket Association IS Bindra Stadium, Mohali, Chandigarh",1,4.1,Assam,Baroda,Rishav Das,Denish Das,LI Meriwala,0,0,,,,,,,,,
1383567,2023/24,2023-11-04,"Punjab Cricket Association IS Bindra Stadium, Mohali, Chandigarh",1,4.2,Assam,Baroda,Rishav Das,Denish Das,LI Meriwala,1,0,,,,,,,,,
1383567,2023/24,2023-11-04,"Punjab Cricket Association IS Bindra Stadium, Mohali, Chandigarh",1,4.3,Assam,Baroda,Denish Das,Rishav Das,LI Meriwala,1,0,,,,,,,,,
1383567,2023/24,2023-11-04,"Punjab Cricket Association IS Bindra Stadium, Mohali, Chandigarh",1,4.4,Assam,Baroda,Rishav Das,Denish Das,LI Meriwala,0,0,,,,,,,,,
1383567,2023/24,2023-11-04,"Punjab Cricket Association IS Bindra Stadium, Mohali, Chandigarh",1,4.5,Assam,Baroda,Rishav Das,Denish Das,LI Meriwala,4,0,,,,,,,,,
1383567,2023/24,2023-11-04,"Punjab Cricket Association IS Bindra Stadium, Mohali, Chandigarh",1,4.6,Assam,Baroda,Rishav Das,Denish Das,LI Meriwala,1,0,,,,,,,,,
1383567,2023/24,2023-11-04,"Punjab Cricket Association IS Bindra Stadium, Mohali, Chandigarh",1,5.1,Assam,Baroda,Rishav Das,Denish Das,A Sheth,0,0,,,,,,,,,
1383567,2023/24,2023-11-04,"Punjab Cricket Association IS Bindra Stadium, Mohali, Chandigarh",1,5.2,Assam,Baroda,Rishav Das,Denish Das,A Sheth,0,0,,,,,,,,,
1383567,2023/24,2023-11-04,"Punjab Cricket Association IS Bindra Stadium, Mohali, Chandigarh",1,5.3,Assam,Baroda,Rishav Das,Denish Das,A Sheth,0,1,1,,,,,,,,
1383567,2023/24,2023-11-04,"Punjab Cricket Association IS Bindra Stadium, Mohali, Chandigarh",1,5.4,Assam,Baroda,Rishav Das,Denish Das,A Sheth,1,0,,,,,,,,,
1383567,2023/24,2023-11-04,"Punjab Cricket Association IS Bindra Stadium, Mohali, Chandigarh",1,5.5,Assam,Baroda,Denish Das,Rishav Das,A Sheth,0,0,,,,,,caught,Denish Das,,
1383567,2023/24,2023-11-04,"Punjab Cricket Association IS Bindra Stadium, Mohali, Chandigarh",1,5.6,Assam,Baroda,S Ghadigaonkar,Rishav Das,A Sheth,0,0,,,,,,,,,
1383567,2023/24,2023-11-04,"Punjab Cricket Association IS Bindra Stadium, Mohali, Chandigarh",1,5.7,Assam,Baroda,S Ghadigaonkar,Rishav Das,A Sheth,1,0,,,,,,,,,
1383567,2023/24,2023-11-04,"Punjab Cricket Association IS Bindra Stadium, Mohali, Chandigarh",1,6.1,Assam,Baroda,S Ghadigaonkar,Rishav Das,KH Pandya,1,0,,,,,,,,,
1383567,2023/24,2023-11-04,"Punjab Cricket Association IS Bindra Stadium, Mohali, Chandigarh",1,6.2,Assam,Baroda,Rishav Das,S Ghadigaonkar,KH Pandya,1,0,,,,,,,,,
1383567,2023/24,2023-11-04,"Punjab Cricket Association IS Bindra Stadium, Mohali, Chandigarh",1,6.3,Assam,Baroda,S Ghadigaonkar,Rishav Das,KH Pandya,1,0,,,,,,,,,
1383567,2023/24,2023-11-04,"Punjab Cricket Association IS Bindra Stadium, Mohali, Chandigarh",1,6.4,Assam,Baroda,Rishav Das,S Ghadigaonkar,KH Pandya,0,0,,,,,,,,,
1383567,2023/24,2023-11-04,"Punjab Cricket Association IS Bindra Stadium, Mohali, Chandigarh",1,6.5,Assam,Baroda,Rishav Das,S Ghadigaonkar,KH Pandya,1,0,,,,,,,,,
1383567,2023/24,2023-11-04,"Punjab Cricket Association IS Bindra Stadium, Mohali, Chandigarh",1,6.6,Assam,Baroda,S Ghadigaonkar,Rishav Das,KH Pandya,1,0,,,,,,,,,
1383567,2023/24,2023-11-04,"Punjab Cricket Association IS Bindra Stadium, Mohali, Chandigarh",1,7.1,Assam,Baroda,S Ghadigaonkar,Rishav Das,SI Sopariya,1,0,,,,,,,,,
1383567,2023/24,2023-11-04,"Punjab Cricket Association IS Bindra Stadium, Mohali, Chandigarh",1,7.2,Assam,Baroda,Rishav Das,S Ghadigaonkar,SI Sopariya,1,0,,,,,,,,,
1383567,2023/24,2023-11-04,"Punjab Cricket Association IS Bindra Stadium, Mohali, Chandigarh",1,7.3,Assam,Baroda,S Ghadigaonkar,Rishav Das,SI Sopariya,0,0,,,,,,caught,S Ghadigaonkar,,
1383567,2023/24,2023-11-04,"Punjab Cricket Association IS Bindra Stadium, Mohali, Chandigarh",1,7.4,Assam,Baroda,R Parag,Rishav Das,SI Sopariya,1,0,,,,,,,,,
1383567,2023/24,2023-11-04,"Punjab Cricket Association IS Bindra Stadium, Mohali, Chandigarh",1,7.5,Assam,Baroda,Rishav Das,R Parag,SI Sopariya,0,0,,,,,,,,,
1383567,2023/24,2023-11-04,"Punjab Cricket Association IS Bindra Stadium, Mohali, Chandigarh",1,7.6,Assam,Baroda,Rishav Das,R Parag,SI Sopariya,1,0,,,,,,,,,
1383567,2023/24,2023-11-04,"Punjab Cricket Association IS Bindra Stadium, Mohali, Chandigarh",1,8.1,Assam,Baroda,Rishav Das,R Parag,KH Pandya,1,0,,,,,,,,,
1383567,2023/24,2023-11-04,"Punjab Cricket Association IS Bindra Stadium, Mohali, Chandigarh",1,8.2,Assam,Baroda,R Parag,Rishav Das,KH Pandya,1,0,,,,,,,,,
1383567,2023/24,2023-11-04,"Punjab Cricket Association IS Bindra Stadium, Mohali, Chandigarh",1,8.3,Assam,Baroda,Rishav Das,R Parag,KH Pandya,4,0,,,,,,,,,
1383567,2023/24,2023-11-04,"Punjab Cricket Association IS Bindra Stadium, Mohali, Chandigarh",1,8.4,Assam,Baroda,Rishav Das,R Parag,KH Pandya,1,0,,,,,,,,,
1383567,2023/24,2023-11-04,"Punjab Cricket Association IS Bindra Stadium, Mohali, Chandigarh",1,8.5,Assam,Baroda,R Parag,Rishav Das,KH Pandya,0,0,,,,,,,,,
1383567,2023/24,2023-11-04,"Punjab Cricket Association IS Bindra Stadium, Mohali, Chandigarh",1,8.6,Assam,Baroda,R Parag,Rishav Das,KH Pandya,1,0,,,,,,,,,
1383567,2023/24,2023-11-04,"Punjab Cricket Association IS Bindra Stadium, Mohali, Chandigarh",1,9.1,Assam,Baroda,R Parag,Rishav Das,SI Sopariya,1,0,,,,,,,,,
1383567,2023/24,2023-11-04,"Punjab Cricket Association IS Bindra Stadium, Mohali, Chandigarh",1,9.2,Assam,Baroda,Rishav Das,R Parag,SI Sopariya,6,0,,,,,,,,,
1383567,2023/24,2023-11-04,"Punjab Cricket Association IS Bindra Stadium, Mohali, Chandigarh",1,9.3,Assam,Baroda,Rishav Das,R Parag,SI Sopariya,1,0,,,,,,,,,
1383567,2023/24,2023-11-04,"Punjab Cricket Association IS Bindra Stadium, Mohali, Chandigarh",1,9.4,Assam,Baroda,R Parag,Rishav Das,SI Sopariya,1,0,,,,,,,,,
1383567,2023/24,2023-11-04,"Punjab Cricket Association IS Bindra Stadium, Mohali, Chandigarh",1,9.5,Assam,Baroda,Rishav Das,R Parag,SI Sopariya,0,0,,,,,,,,,
1383567,2023/24,2023-11-04,"Punjab Cricket Association IS Bindra Stadium, Mohali, Chandigarh",1,9.6,Assam,Baroda,Rishav Das,R Parag,SI Sopariya,1,0,,,,,,,,,
1383567,2023/24,2023-11-04,"Punjab Cricket Association IS Bindra Stadium, Mohali, Chandigarh",1,10.1,Assam,Baroda,Rishav Das,R Parag,KH Pandya,4,0,,,,,,,,,
1383567,2023/24,2023-11-04,"Punjab Cricket Association IS Bindra Stadium, Mohali, Chandigarh",1,10.2,Assam,Baroda,Rishav Das,R Parag,KH Pandya,1,0,,,,,,,,,
1383567,2023/24,2023-11-04,"Punjab Cricket Association IS Bindra Stadium, Mohali, Chandigarh",1,10.3,Assam,Baroda,R Parag,Rishav Das,KH Pandya,1,0,,,,,,,,,
1383567,2023/24,2023-11-04,"Punjab Cricket Association IS Bindra Stadium, Mohali, Chandigarh",1,10.4,Assam,Baroda,Rishav Das,R Parag,KH Pandya,0,0,,,,,,,,,
1383567,2023/24,2023-11-04,"Punjab Cricket Association IS Bindra Stadium, Mohali, Chandigarh",1,10.5,Assam,Baroda,Rishav Das,R Parag,KH Pandya,1,0,,,,,,,,,
1383567,2023/24,2023-11-04,"Punjab Cricket Association IS Bindra Stadium, Mohali, Chandigarh",1,10.6,Assam,Baroda,R Parag,Rishav Das,KH Pandya,1,0,,,,,,,,,
1383567,2023/24,2023-11-04,"Punjab Cricket Association IS Bindra Stadium, Mohali, Chandigarh",1,11.1,Assam,Baroda,R Parag,Rishav Das,AV Rajput,1,0,,,,,,,,,
1383567,2023/24,2023-11-04,"Punjab Cricket Association IS Bindra Stadium, Mohali, Chandigarh",1,11.2,Assam,Baroda,Rishav Das,R Parag,AV Rajput,2,0,,,,,,,,,
1383567,2023/24,2023-11-04,"Punjab Cricket Association IS Bindra Stadium, Mohali, Chandigarh",1,11.3,Assam,Baroda,Rishav Das,R Parag,AV Rajput,0,0,,,,,,,,,
1383567,2023/24,2023-11-04,"Punjab Cricket Association IS Bindra Stadium, Mohali, Chandigarh",1,11.4,Assam,Baroda,Rishav Das,R Parag,AV Rajput,1,0,,,,,,,,,
1383567,2023/24,2023-11-04,"Punjab Cricket Association IS Bindra Stadium, Mohali, Chandigarh",1,11.5,Assam,Baroda,R Parag,Rishav Das,AV Rajput,0,0,,,,,,caught,R Parag,,
1383567,2023/24,2023-11-04,"Punjab Cricket Association IS Bindra Stadium, Mohali, Chandigarh",1,11.6,Assam,Baroda,Sibsankar Roy,Rishav Das,AV Rajput,1,0,,,,,,,,,
1383567,2023/24,2023-11-04,"Punjab Cricket Association IS Bindra Stadium, Mohali, Chandigarh",1,12.1,Assam,Baroda,Sibsankar Roy,Rishav Das,LI Meriwala,1,0,,,,,,,,,
1383567,2023/24,2023-11-04,"Punjab Cricket Association IS Bindra Stadium, Mohali, Chandigarh",1,12.2,Assam,Baroda,Rishav Das,Sibsankar Roy,LI Meriwala,1,0,,,,,,,,,
1383567,2023/24,2023-11-04,"Punjab Cricket Association IS Bindra Stadium, Mohali, Chandigarh",1,12.3,Assam,Baroda,Sibsankar Roy,Rishav Das,LI Meriwala,0,1,,,,1,,,,,
1383567,2023/24,2023-11-04,"Punjab Cricket Association IS Bindra Stadium, Mohali, Chandigarh",1,12.4,Assam,Baroda,Rishav Das,Sibsankar Roy,LI Meriwala,0,0,,,,,,,,,
1383567,2023/24,2023-11-04,"Punjab Cricket Association IS Bindra Stadium, Mohali, Chandigarh",1,12.5,Assam,Baroda,Rishav Das,Sibsankar Roy,LI Meriwala,0,0,,,,,,,,,
1383567,2023/24,2023-11-04,"Punjab Cricket Association IS Bindra Stadium, Mohali, Chandigarh",1,12.6,Assam,Baroda,Rishav Das,Sibsankar Roy,LI Meriwala,1,0,,,,,,,,,
1383567,2023/24,2023-11-04,"Punjab Cricket Association IS Bindra Stadium, Mohali, Chandigarh",1,13.1,Assam,Baroda,Rishav Das,Sibsankar Roy,AV Rajput,6,0,,,,,,,,,
1383567,2023/24,2023-11-04,"Punjab Cricket Association IS Bindra Stadium, Mohali, Chandigarh",1,13.2,Assam,Baroda,Rishav Das,Sibsankar Roy,AV Rajput,1,0,,,,,,,,,
1383567,2023/24,2023-11-04,"Punjab Cricket Association IS Bindra Stadium, Mohali, Chandigarh",1,13.3,Assam,Baroda,Sibsankar Roy,Rishav Das,AV Rajput,1,0,,,,,,,,,
1383567,2023/24,2023-11-04,"Punjab Cricket Association IS Bindra Stadium, Mohali, Chandigarh",1,13.4,Assam,Baroda,Rishav Das,Sibsankar Roy,AV Rajput,0,0,,,,,,caught,Rishav Das,,
1383567,2023/24,2023-11-04,"Punjab Cricket Association IS Bindra Stadium, Mohali, Chandigarh",1,13.5,Assam,Baroda,BA Roy,Sibsankar Roy,AV Rajput,0,0,,,,,,,,,
1383567,2023/24,2023-11-04,"Punjab Cricket Association IS Bindra Stadium, Mohali, Chandigarh",1,13.6,Assam,Baroda,BA Roy,Sibsankar Roy,AV Rajput,0,0,,,,,,,,,
1383567,2023/24,2023-11-04,"Punjab Cricket Association IS Bindra Stadium, Mohali, Chandigarh",1,14.1,Assam,Baroda,Sibsankar Roy,BA Roy,A Sheth,4,0,,,,,,,,,
1383567,2023/24,2023-11-04,"Punjab Cricket Association IS Bindra Stadium, Mohali, Chandigarh",1,14.2,Assam,Baroda,Sibsankar Roy,BA Roy,A Sheth,1,0,,,,,,,,,
1383567,2023/24,2023-11-04,"Punjab Cricket Association IS Bindra Stadium, Mohali, Chandigarh",1,14.3,Assam,Baroda,BA Roy,Sibsankar Roy,A Sheth,1,0,,,,,,,,,
1383567,2023/24,2023-11-04,"Punjab Cricket Association IS Bindra Stadium, Mohali, Chandigarh",1,14.4,Assam,Baroda,Sibsankar Roy,BA Roy,A Sheth,0,0,,,,,,,,,
1383567,2023/24,2023-11-04,"Punjab Cricket Association IS Bindra Stadium, Mohali, Chandigarh",1,14.5,Assam,Baroda,Sibsankar Roy,BA Roy,A Sheth,1,0,,,,,,,,,
1383567,2023/24,2023-11-04,"Punjab Cricket Association IS Bindra Stadium, Mohali, Chandigarh",1,14.6,Assam,Baroda,BA Roy,Sibsankar Roy,A Sheth,1,0,,,,,,,,,
1383567,2023/24,2023-11-04,"Punjab Cricket Association IS Bindra Stadium, Mohali, Chandigarh",1,15.1,Assam,Baroda,BA Roy,Sibsankar Roy,AV Rajput,1,0,,,,,,,,,
1383567,2023/24,2023-11-04,"Punjab Cricket Association IS Bindra Stadium, Mohali, Chandigarh",1,15.2,Assam,Baroda,Sibsankar Roy,BA Roy,AV Rajput,0,0,,,,,,,,,
1383567,2023/24,2023-11-04,"Punjab Cricket Association IS Bindra Stadium, Mohali, Chandigarh",1,15.3,Assam,Baroda,Sibsankar Roy,BA Roy,AV Rajput,1,0,,,,,,,,,
1383567,2023/24,2023-11-04,"Punjab Cricket Association IS Bindra Stadium, Mohali, Chandigarh",1,15.4,Assam,Baroda,BA Roy,Sibsankar Roy,AV Rajput,1,0,,,,,,,,,
1383567,2023/24,2023-11-04,"Punjab Cricket Association IS Bindra Stadium, Mohali, Chandigarh",1,15.5,Assam,Baroda,Sibsankar Roy,BA Roy,AV Rajput,0,0,,,,,,bowled,Sibsankar Roy,,
1383567,2023/24,2023-11-04,"Punjab Cricket Association IS Bindra Stadium, Mohali, Chandigarh",1,15.6,Assam,Baroda,Pallav Kumar Das,BA Roy,AV Rajput,0,0,,,,,,,,,
1383567,2023/24,2023-11-04,"Punjab Cricket Association IS Bindra Stadium, Mohali, Chandigarh",1,16.1,Assam,Baroda,BA Roy,Pallav Kumar Das,LI Meriwala,1,0,,,,,,,,,
1383567,2023/24,2023-11-04,"Punjab Cricket Association IS Bindra Stadium, Mohali, Chandigarh",1,16.2,Assam,Baroda,Pallav Kumar Das,BA Roy,LI Meriwala,0,0,,,,,,,,,
1383567,2023/24,2023-11-04,"Punjab Cricket Association IS Bindra Stadium, Mohali, Chandigarh",1,16.3,Assam,Baroda,Pallav Kumar Das,BA Roy,LI Meriwala,0,0,,,,,,lbw,Pallav Kumar Das,,
1383567,2023/24,2023-11-04,"Punjab Cricket Association IS Bindra Stadium, Mohali, Chandigarh",1,16.4,Assam,Baroda,Akash Sengupta,BA Roy,LI Meriwala,2,0,,,,,,,,,
1383567,2023/24,2023-11-04,"Punjab Cricket Association IS Bindra Stadium, Mohali, Chandigarh",1,16.5,Assam,Baroda,Akash Sengupta,BA Roy,LI Meriwala,1,0,,,,,,,,,
1383567,2023/24,2023-11-04,"Punjab Cricket Association IS Bindra Stadium, Mohali, Chandigarh",1,16.6,Assam,Baroda,BA Roy,Akash Sengupta,LI Meriwala,1,0,,,,,,,,,
1383567,2023/24,2023-11-04,"Punjab Cricket Association IS Bindra Stadium, Mohali, Chandigarh",1,17.1,Assam,Baroda,BA Roy,Akash Sengupta,AV Rajput,4,0,,,,,,,,,
1383567,2023/24,2023-11-04,"Punjab Cricket Association IS Bindra Stadium, Mohali, Chandigarh",1,17.2,Assam,Baroda,BA Roy,Akash Sengupta,AV Rajput,1,0,,,,,,,,,
1383567,2023/24,2023-11-04,"Punjab Cricket Association IS Bindra Stadium, Mohali, Chandigarh",1,17.3,Assam,Baroda,Akash Sengupta,BA Roy,AV Rajput,1,0,,,,,,,,,
1383567,2023/24,2023-11-04,"Punjab Cricket Association IS Bindra Stadium, Mohali, Chandigarh",1,17.4,Assam,Baroda,BA Roy,Akash Sengupta,AV Rajput,1,0,,,,,,,,,
1383567,2023/24,2023-11-04,"Punjab Cricket Association IS Bindra Stadium, Mohali, Chandigarh",1,17.5,Assam,Baroda,Akash Sengupta,BA Roy,AV Rajput,0,0,,,,,,caught,Akash Sengupta,,
1383567,2023/24,2023-11-04,"Punjab Cricket Association IS Bindra Stadium, Mohali, Chandigarh",1,17.6,Assam,Baroda,Mukhtar Hussain,BA Roy,AV Rajput,6,0,,,,,,,,,
1383567,2023/24,2023-11-04,"Punjab Cricket Association IS Bindra Stadium, Mohali, Chandigarh",1,18.1,Assam,Baroda,BA Roy,Mukhtar Hussain,LI Meriwala,1,0,,,,,,,,,
1383567,2023/24,2023-11-04,"Punjab Cricket Association IS Bindra Stadium, Mohali, Chandigarh",1,18.2,Assam,Baroda,Mukhtar Hussain,BA Roy,LI Meriwala,1,0,,,,,,,,,
1383567,2023/24,2023-11-04,"Punjab Cricket Association IS Bindra Stadium, Mohali, Chandigarh",1,18.3,Assam,Baroda,BA Roy,Mukhtar Hussain,LI Meriwala,1,0,,,,,,,,,
1383567,2023/24,2023-11-04,"Punjab Cricket Association IS Bindra Stadium, Mohali, Chandigarh",1,18.4,Assam,Baroda,Mukhtar Hussain,BA Roy,LI Meriwala,1,0,,,,,,,,,
1383567,2023/24,2023-11-04,"Punjab Cricket Association IS Bindra Stadium, Mohali, Chandigarh",1,18.5,Assam,Baroda,BA Roy,Mukhtar Hussain,LI Meriwala,2,0,,,,,,,,,
1383567,2023/24,2023-11-04,"Punjab Cricket Association IS Bindra Stadium, Mohali, Chandigarh",1,18.6,Assam,Baroda,BA Roy,Mukhtar Hussain,LI Meriwala,4,0,,,,,,,,,
1383567,2023/24,2023-11-04,"Punjab Cricket Association IS Bindra Stadium, Mohali, Chandigarh",1,19.1,Assam,Baroda,Mukhtar Hussain,BA Roy,A Sheth,1,0,,,,,,,,,
1383567,2023/24,2023-11-04,"Punjab Cricket Association IS Bindra Stadium, Mohali, Chandigarh",1,19.2,Assam,Baroda,BA Roy,Mukhtar Hussain,A Sheth,1,0,,,,,,run out,BA Roy,,
1383567,2023/24,2023-11-04,"Punjab Cricket Association IS Bindra Stadium, Mohali, Chandigarh",1,19.3,Assam,Baroda,Sourav Dey,Mukhtar Hussain,A Sheth,0,0,,,,,,caught,Sourav Dey,,
1383567,2023/24,2023-11-04,"Punjab Cricket Association IS Bindra Stadium, Mohali, Chandigarh",1,19.4,Assam,Baroda,Mrinmoy Dutta,Mukhtar Hussain,A Sheth,0,0,,,,,,,,,
1383567,2023/24,2023-11-04,"Punjab Cricket Association IS Bindra Stadium, Mohali, Chandigarh",1,19.5,Assam,Baroda,Mrinmoy Dutta,Mukhtar Hussain,A Sheth,0,1,,,1,,,,,,
1383567,2023/24,2023-11-04,"Punjab Cricket Association IS Bindra Stadium, Mohali, Chandigarh",1,19.6,Assam,Baroda,Mukhtar Hussain,Mrinmoy Dutta,A Sheth,0,1,1,,,,,,,,
1383567,2023/24,2023-11-04,"Punjab Cricket Association IS Bindra Stadium, Mohali, Chandigarh",1,19.7,Assam,Baroda,Mukhtar Hussain,Mrinmoy Dutta,A Sheth,1,0,,,,,,run out,Mukhtar Hussain,,
1383567,2023/24,2023-11-04,"Punjab Cricket Association IS Bindra Stadium, Mohali, Chandigarh",2,0.1,Baroda,Assam,Jyotsnil Singh,NA Rathva,Mukhtar Hussain,0,0,,,,,,,,,
1383567,2023/24,2023-11-04,"Punjab Cricket Association IS Bindra Stadium, Mohali, Chandigarh",2,0.2,Baroda,Assam,Jyotsnil Singh,NA Rathva,Mukhtar Hussain,1,0,,,,,,,,,
1383567,2023/24,2023-11-04,"Punjab Cricket Association IS Bindra Stadium, Mohali, Chandigarh",2,0.3,Baroda,Assam,NA Rathva,Jyotsnil Singh,Mukhtar Hussain,2,0,,,,,,,,,
1383567,2023/24,2023-11-04,"Punjab Cricket Association IS Bindra Stadium, Mohali, Chandigarh",2,0.4,Baroda,Assam,NA Rathva,Jyotsnil Singh,Mukhtar Hussain,0,0,,,,,,,,,
1383567,2023/24,2023-11-04,"Punjab Cricket Association IS Bindra Stadium, Mohali, Chandigarh",2,0.5,Baroda,Assam,NA Rathva,Jyotsnil Singh,Mukhtar Hussain,1,0,,,,,,,,,
1383567,2023/24,2023-11-04,"Punjab Cricket Association IS Bindra Stadium, Mohali, Chandigarh",2,0.6,Baroda,Assam,Jyotsnil Singh,NA Rathva,Mukhtar Hussain,0,0,,,,,,,,,
1383567,2023/24,2023-11-04,"Punjab Cricket Association IS Bindra Stadium, Mohali, Chandigarh",2,1.1,Baroda,Assam,NA Rathva,Jyotsnil Singh,Mrinmoy Dutta,0,1,1,,,,,,,,
1383567,2023/24,2023-11-04,"Punjab Cricket Association IS Bindra Stadium, Mohali, Chandigarh",2,1.2,Baroda,Assam,NA Rathva,Jyotsnil Singh,Mrinmoy Dutta,1,0,,,,,,,,,
1383567,2023/24,2023-11-04,"Punjab Cricket Association IS Bindra Stadium, Mohali, Chandigarh",2,1.3,Baroda,Assam,Jyotsnil Singh,NA Rathva,Mrinmoy Dutta,1,0,,,,,,,,,
1383567,2023/24,2023-11-04,"Punjab Cricket Association IS Bindra Stadium, Mohali, Chandigarh",2,1.4,Baroda,Assam,NA Rathva,Jyotsnil Singh,Mrinmoy Dutta,0,0,,,,,,,,,
1383567,2023/24,2023-11-04,"Punjab Cricket Association IS Bindra Stadium, Mohali, Chandigarh",2,1.5,Baroda,Assam,NA Rathva,Jyotsnil Singh,Mrinmoy Dutta,0,1,1,,,,,,,,
1383567,2023/24,2023-11-04,"Punjab Cricket Association IS Bindra Stadium, Mohali, Chandigarh",2,1.6,Baroda,Assam,NA Rathva,Jyotsnil Singh,Mrinmoy Dutta,4,0,,,,,,,,,
1383567,2023/24,2023-11-04,"Punjab Cricket Association IS Bindra Stadium, Mohali, Chandigarh",2,1.7,Baroda,Assam,NA Rathva,Jyotsnil Singh,Mrinmoy Dutta,0,0,,,,,,,,,
1383567,2023/24,2023-11-04,"Punjab Cricket Association IS Bindra Stadium, Mohali, Chandigarh",2,1.8,Baroda,Assam,NA Rathva,Jyotsnil Singh,Mrinmoy Dutta,1,0,,,,,,,,,
1383567,2023/24,2023-11-04,"Punjab Cricket Association IS Bindra Stadium, Mohali, Chandigarh",2,2.1,Baroda,Assam,NA Rathva,Jyotsnil Singh,Mukhtar Hussain,2,0,,,,,,,,,
1383567,2023/24,2023-11-04,"Punjab Cricket Association IS Bindra Stadium, Mohali, Chandigarh",2,2.2,Baroda,Assam,NA Rathva,Jyotsnil Singh,Mukhtar Hussain,4,0,,,,,,,,,
1383567,2023/24,2023-11-04,"Punjab Cricket Association IS Bindra Stadium, Mohali, Chandigarh",2,2.3,Baroda,Assam,NA Rathva,Jyotsnil Singh,Mukhtar Hussain,6,0,,,,,,,,,
1383567,2023/24,2023-11-04,"Punjab Cricket Association IS Bindra Stadium, Mohali, Chandigarh",2,2.4,Baroda,Assam,NA Rathva,Jyotsnil Singh,Mukhtar Hussain,0,0,,,,,,,,,
1383567,2023/24,2023-11-04,"Punjab Cricket Association IS Bindra Stadium, Mohali, Chandigarh",2,2.5,Baroda,Assam,NA Rathva,Jyotsnil Singh,Mukhtar Hussain,1,0,,,,,,,,,
1383567,2023/24,2023-11-04,"Punjab Cricket Association IS Bindra Stadium, Mohali, Chandigarh",2,2.6,Baroda,Assam,Jyotsnil Singh,NA Rathva,Mukhtar Hussain,0,0,,,,,,,,,
1383567,2023/24,2023-11-04,"Punjab Cricket Association IS Bindra Stadium, Mohali, Chandigarh",2,3.1,Baroda,Assam,NA Rathva,Jyotsnil Singh,Mrinmoy Dutta,1,0,,,,,,,,,
1383567,2023/24,2023-11-04,"Punjab Cricket Association IS Bindra Stadium, Mohali, Chandigarh",2,3.2,Baroda,Assam,Jyotsnil Singh,NA Rathva,Mrinmoy Dutta,0,0,,,,,,,,,
1383567,2023/24,2023-11-04,"Punjab Cricket Association IS Bindra Stadium, Mohali, Chandigarh",2,3.3,Baroda,Assam,Jyotsnil Singh,NA Rathva,Mrinmoy Dutta,0,1,1,,,,,,,,
1383567,2023/24,2023-11-04,"Punjab Cricket Association IS Bindra Stadium, Mohali, Chandigarh",2,3.4,Baroda,Assam,Jyotsnil Singh,NA Rathva,Mrinmoy Dutta,0,0,,,,,,,,,
1383567,2023/24,2023-11-04,"Punjab Cricket Association IS Bindra Stadium, Mohali, Chandigarh",2,3.5,Baroda,Assam,Jyotsnil Singh,NA Rathva,Mrinmoy Dutta,0,0,,,,,,,,,
1383567,2023/24,2023-11-04,"Punjab Cricket Association IS Bindra Stadium, Mohali, Chandigarh",2,3.6,Baroda,Assam,Jyotsnil Singh,NA Rathva,Mrinmoy Dutta,1,0,,,,,,,,,
1383567,2023/24,2023-11-04,"Punjab Cricket Association IS Bindra Stadium, Mohali, Chandigarh",2,3.7,Baroda,Assam,NA Rathva,Jyotsnil Singh,Mrinmoy Dutta,4,0,,,,,,,,,
1383567,2023/24,2023-11-04,"Punjab Cricket Association IS Bindra Stadium, Mohali, Chandigarh",2,4.1,Baroda,Assam,Jyotsnil Singh,NA Rathva,R Parag,6,0,,,,,,,,,
1383567,2023/24,2023-11-04,"Punjab Cricket Association IS Bindra Stadium, Mohali, Chandigarh",2,4.2,Baroda,Assam,Jyotsnil Singh,NA Rathva,R Parag,4,0,,,,,,,,,
1383567,2023/24,2023-11-04,"Punjab Cricket Association IS Bindra Stadium, Mohali, Chandigarh",2,4.3,Baroda,Assam,Jyotsnil Singh,NA Rathva,R Parag,0,1,1,,,,,,,,
1383567,2023/24,2023-11-04,"Punjab Cricket Association IS Bindra Stadium, Mohali, Chandigarh",2,4.4,Baroda,Assam,Jyotsnil Singh,NA Rathva,R Parag,6,0,,,,,,,,,
1383567,2023/24,2023-11-04,"Punjab Cricket Association IS Bindra Stadium, Mohali, Chandigarh",2,4.5,Baroda,Assam,Jyotsnil Singh,NA Rathva,R Parag,6,0,,,,,,,,,
1383567,2023/24,2023-11-04,"Punjab Cricket Association IS Bindra Stadium, Mohali, Chandigarh",2,4.6,Baroda,Assam,Jyotsnil Singh,NA Rathva,R Parag,0,0,,,,,,,,,
1383567,2023/24,2023-11-04,"Punjab Cricket Association IS Bindra Stadium, Mohali, Chandigarh",2,4.7,Baroda,Assam,Jyotsnil Singh,NA Rathva,R Parag,0,0,,,,,,,,,
1383567,2023/24,2023-11-04,"Punjab Cricket Association IS Bindra Stadium, Mohali, Chandigarh",2,5.1,Baroda,Assam,NA Rathva,Jyotsnil Singh,Akash Sengupta,0,0,,,,,,,,,
1383567,2023/24,2023-11-04,"Punjab Cricket Association IS Bindra Stadium, Mohali, Chandigarh",2,5.2,Baroda,Assam,NA Rathva,Jyotsnil Singh,Akash Sengupta,4,0,,,,,,,,,
1383567,2023/24,2023-11-04,"Punjab Cricket Association IS Bindra Stadium, Mohali, Chandigarh",2,5.3,Baroda,Assam,NA Rathva,Jyotsnil Singh,Akash Sengupta,4,0,,,,,,,,,
1383567,2023/24,2023-11-04,"Punjab Cricket Association IS Bindra Stadium, Mohali, Chandigarh",2,5.4,Baroda,Assam,NA Rathva,Jyotsnil Singh,Akash Sengupta,2,0,,,,,,,,,
1383567,2023/24,2023-11-04,"Punjab Cricket Association IS Bindra Stadium, Mohali, Chandigarh",2,5.5,Baroda,Assam,NA Rathva,Jyotsnil Singh,Akash Sengupta,0,1,1,,,,,,,,
1383567,2023/24,2023-11-04,"Punjab Cricket Association IS Bindra Stadium, Mohali, Chandigarh",2,5.6,Baroda,Assam,NA Rathva,Jyotsnil Singh,Akash Sengupta,1,0,,,,,,,,,
1383567,2023/24,2023-11-04,"Punjab Cricket Association IS Bindra Stadium, Mohali, Chandigarh",2,5.7,Baroda,Assam,Jyotsnil Singh,NA Rathva,Akash Sengupta,0,1,1,,,,,,,,
1383567,2023/24,2023-11-04,"Punjab Cricket Association IS Bindra Stadium, Mohali, Chandigarh",2,5.8,Baroda,Assam,Jyotsnil Singh,NA Rathva,Akash Sengupta,0,0,,,,,,,,,
1383567,2023/24,2023-11-04,"Punjab Cricket Association IS Bindra Stadium, Mohali, Chandigarh",2,6.1,Baroda,Assam,NA Rathva,Jyotsnil Singh,Sourav Dey,4,0,,,,,,,,,
1383567,2023/24,2023-11-04,"Punjab Cricket Association IS Bindra Stadium, Mohali, Chandigarh",2,6.2,Baroda,Assam,NA Rathva,Jyotsnil Singh,Sourav Dey,0,1,,,,1,,,,,
1383567,2023/24,2023-11-04,"Punjab Cricket Association IS Bindra Stadium, Mohali, Chandigarh",2,6.3,Baroda,Assam,Jyotsnil Singh,NA Rathva,Sourav Dey,0,0,,,,,,,,,
1383567,2023/24,2023-11-04,"Punjab Cricket Association IS Bindra Stadium, Mohali, Chandigarh",2,6.4,Baroda,Assam,Jyotsnil Singh,NA Rathva,Sourav Dey,1,1,,1,,,,,,,
1383567,2023/24,2023-11-04,"Punjab Cricket Association IS Bindra Stadium, Mohali, Chandigarh",2,6.5,Baroda,Assam,NA Rathva,Jyotsnil Singh,Sourav Dey,1,0,,,,,,,,,
1383567,2023/24,2023-11-04,"Punjab Cricket Association IS Bindra Stadium, Mohali, Chandigarh",2,6.6,Baroda,Assam,Jyotsnil Singh,NA Rathva,Sourav Dey,1,0,,,,,,,,,
1383567,2023/24,2023-11-04,"Punjab Cricket Association IS Bindra Stadium, Mohali, Chandigarh",2,6.7,Baroda,Assam,NA Rathva,Jyotsnil Singh,Sourav Dey,0,0,,,,,,,,,
1383567,2023/24,2023-11-04,"Punjab Cricket Association IS Bindra Stadium, Mohali, Chandigarh",2,7.1,Baroda,Assam,Jyotsnil Singh,NA Rathva,Akash Sengupta,0,0,,,,,,,,,
1383567,2023/24,2023-11-04,"Punjab Cricket Association IS Bindra Stadium, Mohali, Chandigarh",2,7.2,Baroda,Assam,Jyotsnil Singh,NA Rathva,Akash Sengupta,1,0,,,,,,,,,
1383567,2023/24,2023-11-04,"Punjab Cricket Association IS Bindra Stadium, Mohali, Chandigarh",2,7.3,Baroda,Assam,NA Rathva,Jyotsnil Singh,Akash Sengupta,1,0,,,,,,,,,
1383567,2023/24,2023-11-04,"Punjab Cricket Association IS Bindra Stadium, Mohali, Chandigarh",2,7.4,Baroda,Assam,Jyotsnil Singh,NA Rathva,Akash Sengupta,1,0,,,,,,,,,
1383567,2023/24,2023-11-04,"Punjab Cricket Association IS Bindra Stadium, Mohali, Chandigarh",2,7.5,Baroda,Assam,NA Rathva,Jyotsnil Singh,Akash Sengupta,0,0,,,,,,caught,NA Rathva,,
1383567,2023/24,2023-11-04,"Punjab Cricket Association IS Bindra Stadium, Mohali, Chandigarh",2,7.6,Baroda,Assam,KH Pandya,Jyotsnil Singh,Akash Sengupta,0,0,,,,,,,,,
1383567,2023/24,2023-11-04,"Punjab Cricket Association IS Bindra Stadium, Mohali, Chandigarh",2,8.1,Baroda,Assam,Jyotsnil Singh,KH Pandya,Sourav Dey,1,0,,,,,,,,,
1383567,2023/24,2023-11-04,"Punjab Cricket Association IS Bindra Stadium, Mohali, Chandigarh",2,8.2,Baroda,Assam,KH Pandya,Jyotsnil Singh,Sourav Dey,1,0,,,,,,,,,
1383567,2023/24,2023-11-04,"Punjab Cricket Association IS Bindra Stadium, Mohali, Chandigarh",2,8.3,Baroda,Assam,Jyotsnil Singh,KH Pandya,Sourav Dey,0,0,,,,,,,,,
1383567,2023/24,2023-11-04,"Punjab Cricket Association IS Bindra Stadium, Mohali, Chandigarh",2,8.4,Baroda,Assam,Jyotsnil Singh,KH Pandya,Sourav Dey,1,0,,,,,,,,,
1383567,2023/24,2023-11-04,"Punjab Cricket Association IS Bindra Stadium, Mohali, Chandigarh",2,8.5,Baroda,Assam,KH Pandya,Jyotsnil Singh,Sourav Dey,1,0,,,,,,,,,
1383567,2023/24,2023-11-04,"Punjab Cricket Association IS Bindra Stadium, Mohali, Chandigarh",2,8.6,Baroda,Assam,Jyotsnil Singh,KH Pandya,Sourav Dey,1,0,,,,,,,,,
1383567,2023/24,2023-11-04,"Punjab Cricket Association IS Bindra Stadium, Mohali, Chandigarh",2,9.1,Baroda,Assam,Jyotsnil Singh,KH Pandya,Akash Sengupta,1,0,,,,,,,,,
1383567,2023/24,2023-11-04,"Punjab Cricket Association IS Bindra Stadium, Mohali, Chandigarh",2,9.2,Baroda,Assam,KH Pandya,Jyotsnil Singh,Akash Sengupta,2,0,,,,,,,,,
1383567,2023/24,2023-11-04,"Punjab Cricket Association IS Bindra Stadium, Mohali, Chandigarh",2,9.3,Baroda,Assam,KH Pandya,Jyotsnil Singh,Akash Sengupta,4,0,,,,,,,,,
1383567,2023/24,2023-11-04,"Punjab Cricket Association IS Bindra Stadium, Mohali, Chandigarh",2,9.4,Baroda,Assam,KH Pandya,Jyotsnil Singh,Akash Sengupta,0,0,,,,,,caught,KH Pandya,,
1383567,2023/24,2023-11-04,"Punjab Cricket Association IS Bindra Stadium, Mohali, Chandigarh",2,9.5,Baroda,Assam,SS Sharma,Jyotsnil Singh,Akash Sengupta,1,0,,,,,,,,,
1383567,2023/24,2023-11-04,"Punjab Cricket Association IS Bindra Stadium, Mohali, Chandigarh",2,9.6,Baroda,Assam,Jyotsnil Singh,SS Sharma,Akash Sengupta,4,0,,,,,,,,,
1383567,2023/24,2023-11-04,"Punjab Cricket Association IS Bindra Stadium, Mohali, Chandigarh",2,10.1,Baroda,Assam,SS Sharma,Jyotsnil Singh,Mukhtar Hussain,1,0,,,,,,,,,
1383567,2023/24,2023-11-04,"Punjab Cricket Association IS Bindra Stadium, Mohali, Chandigarh",2,10.2,Baroda,Assam,Jyotsnil Singh,SS Sharma,Mukhtar Hussain,0,1,1,,,,,,,,
1383567,2023/24,2023-11-04,"Punjab Cricket Association IS Bindra Stadium, Mohali, Chandigarh",2,10.3,Baroda,Assam,Jyotsnil Singh,SS Sharma,Mukhtar Hussain,0,0,,,,,,caught,Jyotsnil Singh,,
1383567,2023/24,2023-11-04,"Punjab Cricket Association IS Bindra Stadium, Mohali, Chandigarh",2,10.4,Baroda,Assam,Vishnu Solanki,SS Sharma,Mukhtar Hussain,1,0,,,,,,,,,
1383567,2023/24,2023-11-04,"Punjab Cricket Association IS Bindra Stadium, Mohali, Chandigarh",2,10.5,Baroda,Assam,SS Sharma,Vishnu Solanki,Mukhtar Hussain,1,0,,,,,,,,,
1383567,2023/24,2023-11-04,"Punjab Cricket Association IS Bindra Stadium, Mohali, Chandigarh",2,10.6,Baroda,Assam,Vishnu Solanki,SS Sharma,Mukhtar Hussain,0,1,1,,,,,,,,
1383567,2023/24,2023-11-04,"Punjab Cricket Association IS Bindra Stadium, Mohali, Chandigarh",2,10.7,Baroda,Assam,Vishnu Solanki,SS Sharma,Mukhtar Hussain,1,0,,,,,,,,,
1383567,2023/24,2023-11-04,"Punjab Cricket Association IS Bindra Stadium, Mohali, Chandigarh",2,10.8,Baroda,Assam,SS Sharma,Vishnu Solanki,Mukhtar Hussain,0,0,,,,,,,,,
1383567,2023/24,2023-11-04,"Punjab Cricket Association IS Bindra Stadium, Mohali, Chandigarh",2,11.1,Baroda,Assam,Vishnu Solanki,SS Sharma,Mrinmoy Dutta,2,0,,,,,,,,,
1383567,2023/24,2023-11-04,"Punjab Cricket Association IS Bindra Stadium, Mohali, Chandigarh",2,11.2,Baroda,Assam,Vishnu Solanki,SS Sharma,Mrinmoy Dutta,0,0,,,,,,,,,
1383567,2023/24,2023-11-04,"Punjab Cricket Association IS Bindra Stadium, Mohali, Chandigarh",2,11.3,Baroda,Assam,Vishnu Solanki,SS Sharma,Mrinmoy Dutta,0,0,,,,,,,,,
1383567,2023/24,2023-11-04,"Punjab Cricket Association IS Bindra Stadium, Mohali, Chandigarh",2,11.4,Baroda,Assam,Vishnu Solanki,SS Sharma,Mrinmoy Dutta,1,0,,,,,,,,,
1383567,2023/24,2023-11-04,"Punjab Cricket Association IS Bindra Stadium, Mohali, Chandigarh",2,11.5,Baroda,Assam,SS Sharma,Vishnu Solanki,Mrinmoy Dutta,1,0,,,,,,,,,
1383567,2023/24,2023-11-04,"Punjab Cricket Association IS Bindra Stadium, Mohali, Chandigarh",2,11.6,Baroda,Assam,Vishnu Solanki,SS Sharma,Mrinmoy Dutta,1,0,,,,,,,,,
1383567,2023/24,2023-11-04,"Punjab Cricket Association IS Bindra Stadium, Mohali, Chandigarh",2,12.1,Baroda,Assam,Vishnu Solanki,SS Sharma,R Parag,2,0,,,,,,,,,
1383567,2023/24,2023-11-04,"Punjab Cricket Association IS Bindra Stadium, Mohali, Chandigarh",2,12.2,Baroda,Assam,Vishnu Solanki,SS Sharma,R Parag,0,0,,,,,,,,,
1383567,2023/24,2023-11-04,"Punjab Cricket Association IS Bindra Stadium, Mohali, Chandigarh",2,12.3,Baroda,Assam,Vishnu Solanki,SS Sharma,R Parag,2,0,,,,,,,,,
1383567,2023/24,2023-11-04,"Punjab Cricket Association IS Bindra Stadium, Mohali, Chandigarh",2,12.4,Baroda,Assam,Vishnu Solanki,SS Sharma,R Parag,1,0,,,,,,,,,
1383567,2023/24,2023-11-04,"Punjab Cricket Association IS Bindra Stadium, Mohali, Chandigarh",2,12.5,Baroda,Assam,SS Sharma,Vishnu Solanki,R Parag,1,0,,,,,,,,,
1383567,2023/24,2023-11-04,"Punjab Cricket Association IS Bindra Stadium, Mohali, Chandigarh",2,12.6,Baroda,Assam,Vishnu Solanki,SS Sharma,R Parag,0,0,,,,,,,,,
1383567,2023/24,2023-11-04,"Punjab Cricket Association IS Bindra Stadium, Mohali, Chandigarh",2,13.1,Baroda,Assam,SS Sharma,Vishnu Solanki,Pallav Kumar Das,0,2,2,,,,,,,,
1383567,2023/24,2023-11-04,"Punjab Cricket Association IS Bindra Stadium, Mohali, Chandigarh",2,13.2,Baroda,Assam,Vishnu Solanki,SS Sharma,Pallav Kumar Das,1,0,,,,,,,,,
1383567,2023/24,2023-11-04,"Punjab Cricket Association IS Bindra Stadium, Mohali, Chandigarh",2,13.3,Baroda,Assam,SS Sharma,Vishnu Solanki,Pallav Kumar Das,2,0,,,,,,,,,
1383567,2023/24,2023-11-04,"Punjab Cricket Association IS Bindra Stadium, Mohali, Chandigarh",2,13.4,Baroda,Assam,SS Sharma,Vishnu Solanki,Pallav Kumar Das,6,0,,,,,,,,,
1383567,2023/24,2023-11-04,"Punjab Cricket Association IS Bindra Stadium, Mohali, Chandigarh",2,13.5,Baroda,Assam,SS Sharma,Vishnu Solanki,Pallav Kumar Das,0,0,,,,,,caught,SS Sharma,,
1383567,2023/24,2023-11-04,"Punjab Cricket Association IS Bindra Stadium, Mohali, Chandigarh",2,13.6,Baroda,Assam,Bhanu Pania,Vishnu Solanki,Pallav Kumar Das,1,0,,,,,,,,,
1383567,2023/24,2023-11-04,"Punjab Cricket Association IS Bindra Stadium, Mohali, Chandigarh",2,13.7,Baroda,Assam,Vishnu Solanki,Bhanu Pania,Pallav Kumar Das,0,0,,,,,,,,,
1383567,2023/24,2023-11-04,"Punjab Cricket Association IS Bindra Stadium, Mohali, Chandigarh",2,14.1,Baroda,Assam,Bhanu Pania,Vishnu Solanki,R Parag,0,0,,,,,,,,,
1383567,2023/24,2023-11-04,"Punjab Cricket Association IS Bindra Stadium, Mohali, Chandigarh",2,14.2,Baroda,Assam,Bhanu Pania,Vishnu Solanki,R Parag,0,0,,,,,,,,,
1383567,2023/24,2023-11-04,"Punjab Cricket Association IS Bindra Stadium, Mohali, Chandigarh",2,14.3,Baroda,Assam,Bhanu Pania,Vishnu Solanki,R Parag,1,0,,,,,,,,,
1383567,2023/24,2023-11-04,"Punjab Cricket Association IS Bindra Stadium, Mohali, Chandigarh",2,14.4,Baroda,Assam,Vishnu Solanki,Bhanu Pania,R Parag,1,0,,,,,,,,,
1383567,2023/24,2023-11-04,"Punjab Cricket Association IS Bindra Stadium, Mohali, Chandigarh",2,14.5,Baroda,Assam,Bhanu Pania,Vishnu Solanki,R Parag,0,0,,,,,,,,,
1383567,2023/24,2023-11-04,"Punjab Cricket Association IS Bindra Stadium, Mohali, Chandigarh",2,14.6,Baroda,Assam,Bhanu Pania,Vishnu Solanki,R Parag,1,0,,,,,,,,,
1383567,2023/24,2023-11-04,"Punjab Cricket Association IS Bindra Stadium, Mohali, Chandigarh",2,15.1,Baroda,Assam,Bhanu Pania,Vishnu Solanki,Mrinmoy Dutta,2,0,,,,,,,,,
1383567,2023/24,2023-11-04,"Punjab Cricket Association IS Bindra Stadium, Mohali, Chandigarh",2,15.2,Baroda,Assam,Bhanu Pania,Vishnu Solanki,Mrinmoy Dutta,0,0,,,,,,,,,
1383567,2023/24,2023-11-04,"Punjab Cricket Association IS Bindra Stadium, Mohali, Chandigarh",2,15.3,Baroda,Assam,Bhanu Pania,Vishnu Solanki,Mrinmoy Dutta,1,0,,,,,,,,,
1383567,2023/24,2023-11-04,"Punjab Cricket Association IS Bindra Stadium, Mohali, Chandigarh",2,15.4,Baroda,Assam,Vishnu Solanki,Bhanu Pania,Mrinmoy Dutta,4,0,,,,,,,,,
1383567,2023/24,2023-11-04,"Punjab Cricket Association IS Bindra Stadium, Mohali, Chandigarh",2,15.5,Baroda,Assam,Vishnu Solanki,Bhanu Pania,Mrinmoy Dutta,0,1,,,,1,,,,,
1383567,2023/24,2023-11-04,"Punjab Cricket Association IS Bindra Stadium, Mohali, Chandigarh",2,15.6,Baroda,Assam,Bhanu Pania,Vishnu Solanki,Mrinmoy Dutta,2,1,,1,,,,,,,
1383567,2023/24,2023-11-04,"Punjab Cricket Association IS Bindra Stadium, Mohali, Chandigarh",2,15.7,Baroda,Assam,Bhanu Pania,Vishnu Solanki,Mrinmoy Dutta,1,0,,,,,,,,,
1383567,2023/24,2023-11-04,"Punjab Cricket Association IS Bindra Stadium, Mohali, Chandigarh",2,16.1,Baroda,Assam,Bhanu Pania,Vishnu Solanki,Akash Sengupta,4,0,,,,,,,,,
