match_id,season,start_date,venue,innings,ball,batting_team,bowling_team,striker,non_striker,bowler,runs_off_bat,extras,wides,noballs,byes,legbyes,penalty,wicket_type,player_dismissed,other_wicket_type,other_player_dismissed
1383453,2023/24,2023-10-17,"Sawai Mansingh Stadium, Jaipur",1,0.1,Haryana,Chhattisgarh,HV Patel,Ankit Kumar,Sourabh Majumdar,1,0,,,,,,,,,
1383453,2023/24,2023-10-17,"Sawai Mansingh Stadium, Jaipur",1,0.2,Haryana,Chhattisgarh,Ankit Kumar,HV Patel,Sourabh Majumdar,1,0,,,,,,,,,
1383453,2023/24,2023-10-17,"Sawai Mansingh Stadium, Jaipur",1,0.3,Haryana,Chhattisgarh,HV Patel,Ankit Kumar,Sourabh Majumdar,0,0,,,,,,,,,
1383453,2023/24,2023-10-17,"Sawai Mansingh Stadium, Jaipur",1,0.4,Haryana,Chhattisgarh,HV Patel,Ankit Kumar,Sourabh Majumdar,1,0,,,,,,,,,
1383453,2023/24,2023-10-17,"Sawai Mansingh Stadium, Jaipur",1,0.5,Haryana,Chhattisgarh,Ankit Kumar,HV Patel,Sourabh Majumdar,0,0,,,,,,,,,
1383453,2023/24,2023-10-17,"Sawai Mansingh Stadium, Jaipur",1,0.6,Haryana,Chhattisgarh,Ankit Kumar,HV Patel,Sourabh Majumdar,0,0,,,,,,,,,
1383453,2023/24,2023-10-17,"Sawai Mansingh Stadium, Jaipur",1,1.1,Haryana,Chhattisgarh,HV Patel,Ankit Kumar,AS Thakur,0,0,,,,,,,,,
1383453,2023/24,2023-10-17,"Sawai Mansingh Stadium, Jaipur",1,1.2,Haryana,Chhattisgarh,HV Patel,Ankit Kumar,AS Thakur,4,0,,,,,,,,,
1383453,2023/24,2023-10-17,"Sawai Mansingh Stadium, Jaipur",1,1.3,Haryana,Chhattisgarh,HV Patel,Ankit Kumar,AS Thakur,0,0,,,,,,,,,
1383453,2023/24,2023-10-17,"Sawai Mansingh Stadium, Jaipur",1,1.4,Haryana,Chhattisgarh,HV Patel,Ankit Kumar,AS Thakur,0,0,,,,,,,,,
1383453,2023/24,2023-10-17,"Sawai Mansingh Stadium, Jaipur",1,1.5,Haryana,Chhattisgarh,HV Patel,Ankit Kumar,AS Thakur,4,0,,,,,,,,,
1383453,2023/24,2023-10-17,"Sawai Mansingh Stadium, Jaipur",1,1.6,Haryana,Chhattisgarh,HV Patel,Ankit Kumar,AS Thakur,0,1,1,,,,,,,,
1383453,2023/24,2023-10-17,"Sawai Mansingh Stadium, Jaipur",1,1.7,Haryana,Chhattisgarh,HV Patel,Ankit Kumar,AS Thakur,4,0,,,,,,,,,
1383453,2023/24,2023-10-17,"Sawai Mansingh Stadium, Jaipur",1,2.1,Haryana,Chhattisgarh,Ankit Kumar,HV Patel,Sourabh Majumdar,0,0,,,,,,,,,
1383453,2023/24,2023-10-17,"Sawai Mansingh Stadium, Jaipur",1,2.2,Haryana,Chhattisgarh,Ankit Kumar,HV Patel,Sourabh Majumdar,1,0,,,,,,,,,
1383453,2023/24,2023-10-17,"Sawai Mansingh Stadium, Jaipur",1,2.3,Haryana,Chhattisgarh,HV Patel,Ankit Kumar,Sourabh Majumdar,0,0,,,,,,,,,
1383453,2023/24,2023-10-17,"Sawai Mansingh Stadium, Jaipur",1,2.4,Haryana,Chhattisgarh,HV Patel,Ankit Kumar,Sourabh Majumdar,1,0,,,,,,,,,
1383453,2023/24,2023-10-17,"Sawai Mansingh Stadium, Jaipur",1,2.5,Haryana,Chhattisgarh,Ankit Kumar,HV Patel,Sourabh Majumdar,6,0,,,,,,,,,
1383453,2023/24,2023-10-17,"Sawai Mansingh Stadium, Jaipur",1,2.6,Haryana,Chhattisgarh,Ankit Kumar,HV Patel,Sourabh Majumdar,2,0,,,,,,,,,
1383453,2023/24,2023-10-17,"Sawai Mansingh Stadium, Jaipur",1,3.1,Haryana,Chhattisgarh,HV Patel,Ankit Kumar,PS Painkra,1,0,,,,,,,,,
1383453,2023/24,2023-10-17,"Sawai Mansingh Stadium, Jaipur",1,3.2,Haryana,Chhattisgarh,Ankit Kumar,HV Patel,PS Painkra,4,0,,,,,,,,,
1383453,2023/24,2023-10-17,"Sawai Mansingh Stadium, Jaipur",1,3.3,Haryana,Chhattisgarh,Ankit Kumar,HV Patel,PS Painkra,4,0,,,,,,,,,
1383453,2023/24,2023-10-17,"Sawai Mansingh Stadium, Jaipur",1,3.4,Haryana,Chhattisgarh,Ankit Kumar,HV Patel,PS Painkra,1,0,,,,,,,,,
1383453,2023/24,2023-10-17,"Sawai Mansingh Stadium, Jaipur",1,3.5,Haryana,Chhattisgarh,HV Patel,Ankit Kumar,PS Painkra,1,0,,,,,,,,,
1383453,2023/24,2023-10-17,"Sawai Mansingh Stadium, Jaipur",1,3.6,Haryana,Chhattisgarh,Ankit Kumar,HV Patel,PS Painkra,4,0,,,,,,,,,
1383453,2023/24,2023-10-17,"Sawai Mansingh Stadium, Jaipur",1,4.1,Haryana,Chhattisgarh,HV Patel,Ankit Kumar,Ajay Mandal,1,0,,,,,,,,,
1383453,2023/24,2023-10-17,"Sawai Mansingh Stadium, Jaipur",1,4.2,Haryana,Chhattisgarh,Ankit Kumar,HV Patel,Ajay Mandal,0,0,,,,,,,,,
1383453,2023/24,2023-10-17,"Sawai Mansingh Stadium, Jaipur",1,4.3,Haryana,Chhattisgarh,Ankit Kumar,HV Patel,Ajay Mandal,0,0,,,,,,,,,
1383453,2023/24,2023-10-17,"Sawai Mansingh Stadium, Jaipur",1,4.4,Haryana,Chhattisgarh,Ankit Kumar,HV Patel,Ajay Mandal,1,0,,,,,,,,,
1383453,2023/24,2023-10-17,"Sawai Mansingh Stadium, Jaipur",1,4.5,Haryana,Chhattisgarh,HV Patel,Ankit Kumar,Ajay Mandal,1,0,,,,,,,,,
1383453,2023/24,2023-10-17,"Sawai Mansingh Stadium, Jaipur",1,4.6,Haryana,Chhattisgarh,Ankit Kumar,HV Patel,Ajay Mandal,1,0,,,,,,,,,
1383453,2023/24,2023-10-17,"Sawai Mansingh Stadium, Jaipur",1,5.1,Haryana,Chhattisgarh,Ankit Kumar,HV Patel,Gagandeep Singh,1,0,,,,,,,,,
1383453,2023/24,2023-10-17,"Sawai Mansingh Stadium, Jaipur",1,5.2,Haryana,Chhattisgarh,HV Patel,Ankit Kumar,Gagandeep Singh,0,0,,,,,,,,,
1383453,2023/24,2023-10-17,"Sawai Mansingh Stadium, Jaipur",1,5.3,Haryana,Chhattisgarh,HV Patel,Ankit Kumar,Gagandeep Singh,1,0,,,,,,,,,
1383453,2023/24,2023-10-17,"Sawai Mansingh Stadium, Jaipur",1,5.4,Haryana,Chhattisgarh,Ankit Kumar,HV Patel,Gagandeep Singh,1,0,,,,,,,,,
1383453,2023/24,2023-10-17,"Sawai Mansingh Stadium, Jaipur",1,5.5,Haryana,Chhattisgarh,HV Patel,Ankit Kumar,Gagandeep Singh,1,0,,,,,,,,,
1383453,2023/24,2023-10-17,"Sawai Mansingh Stadium, Jaipur",1,5.6,Haryana,Chhattisgarh,Ankit Kumar,HV Patel,Gagandeep Singh,1,0,,,,,,,,,
1383453,2023/24,2023-10-17,"Sawai Mansingh Stadium, Jaipur",1,6.1,Haryana,Chhattisgarh,Ankit Kumar,HV Patel,Ajay Mandal,1,0,,,,,,,,,
1383453,2023/24,2023-10-17,"Sawai Mansingh Stadium, Jaipur",1,6.2,Haryana,Chhattisgarh,HV Patel,Ankit Kumar,Ajay Mandal,0,1,1,,,,,stumped,HV Patel,,
1383453,2023/24,2023-10-17,"Sawai Mansingh Stadium, Jaipur",1,6.3,Haryana,Chhattisgarh,Himanshu Rana,Ankit Kumar,Ajay Mandal,1,0,,,,,,,,,
1383453,2023/24,2023-10-17,"Sawai Mansingh Stadium, Jaipur",1,6.4,Haryana,Chhattisgarh,Ankit Kumar,Himanshu Rana,Ajay Mandal,1,0,,,,,,,,,
1383453,2023/24,2023-10-17,"Sawai Mansingh Stadium, Jaipur",1,6.5,Haryana,Chhattisgarh,Himanshu Rana,Ankit Kumar,Ajay Mandal,1,0,,,,,,,,,
1383453,2023/24,2023-10-17,"Sawai Mansingh Stadium, Jaipur",1,6.6,Haryana,Chhattisgarh,Ankit Kumar,Himanshu Rana,Ajay Mandal,0,0,,,,,,,,,
1383453,2023/24,2023-10-17,"Sawai Mansingh Stadium, Jaipur",1,6.7,Haryana,Chhattisgarh,Ankit Kumar,Himanshu Rana,Ajay Mandal,1,0,,,,,,,,,
1383453,2023/24,2023-10-17,"Sawai Mansingh Stadium, Jaipur",1,7.1,Haryana,Chhattisgarh,Ankit Kumar,Himanshu Rana,Gagandeep Singh,1,0,,,,,,,,,
1383453,2023/24,2023-10-17,"Sawai Mansingh Stadium, Jaipur",1,7.2,Haryana,Chhattisgarh,Himanshu Rana,Ankit Kumar,Gagandeep Singh,0,0,,,,,,,,,
1383453,2023/24,2023-10-17,"Sawai Mansingh Stadium, Jaipur",1,7.3,Haryana,Chhattisgarh,Himanshu Rana,Ankit Kumar,Gagandeep Singh,0,0,,,,,,,,,
1383453,2023/24,2023-10-17,"Sawai Mansingh Stadium, Jaipur",1,7.4,Haryana,Chhattisgarh,Himanshu Rana,Ankit Kumar,Gagandeep Singh,1,0,,,,,,,,,
1383453,2023/24,2023-10-17,"Sawai Mansingh Stadium, Jaipur",1,7.5,Haryana,Chhattisgarh,Ankit Kumar,Himanshu Rana,Gagandeep Singh,1,0,,,,,,,,,
1383453,2023/24,2023-10-17,"Sawai Mansingh Stadium, Jaipur",1,7.6,Haryana,Chhattisgarh,Himanshu Rana,Ankit Kumar,Gagandeep Singh,1,0,,,,,,,,,
1383453,2023/24,2023-10-17,"Sawai Mansingh Stadium, Jaipur",1,8.1,Haryana,Chhattisgarh,Himanshu Rana,Ankit Kumar,SS Agarwal,1,0,,,,,,,,,
1383453,2023/24,2023-10-17,"Sawai Mansingh Stadium, Jaipur",1,8.2,Haryana,Chhattisgarh,Ankit Kumar,Himanshu Rana,SS Agarwal,1,0,,,,,,,,,
1383453,2023/24,2023-10-17,"Sawai Mansingh Stadium, Jaipur",1,8.3,Haryana,Chhattisgarh,Himanshu Rana,Ankit Kumar,SS Agarwal,1,0,,,,,,,,,
1383453,2023/24,2023-10-17,"Sawai Mansingh Stadium, Jaipur",1,8.4,Haryana,Chhattisgarh,Ankit Kumar,Himanshu Rana,SS Agarwal,4,0,,,,,,,,,
1383453,2023/24,2023-10-17,"Sawai Mansingh Stadium, Jaipur",1,8.5,Haryana,Chhattisgarh,Ankit Kumar,Himanshu Rana,SS Agarwal,1,0,,,,,,,,,
1383453,2023/24,2023-10-17,"Sawai Mansingh Stadium, Jaipur",1,8.6,Haryana,Chhattisgarh,Himanshu Rana,Ankit Kumar,SS Agarwal,1,0,,,,,,,,,
1383453,2023/24,2023-10-17,"Sawai Mansingh Stadium, Jaipur",1,9.1,Haryana,Chhattisgarh,Himanshu Rana,Ankit Kumar,Gagandeep Singh,2,0,,,,,,,,,
1383453,2023/24,2023-10-17,"Sawai Mansingh Stadium, Jaipur",1,9.2,Haryana,Chhattisgarh,Himanshu Rana,Ankit Kumar,Gagandeep Singh,2,0,,,,,,,,,
1383453,2023/24,2023-10-17,"Sawai Mansingh Stadium, Jaipur",1,9.3,Haryana,Chhattisgarh,Himanshu Rana,Ankit Kumar,Gagandeep Singh,0,0,,,,,,,,,
1383453,2023/24,2023-10-17,"Sawai Mansingh Stadium, Jaipur",1,9.4,Haryana,Chhattisgarh,Himanshu Rana,Ankit Kumar,Gagandeep Singh,1,0,,,,,,,,,
1383453,2023/24,2023-10-17,"Sawai Mansingh Stadium, Jaipur",1,9.5,Haryana,Chhattisgarh,Ankit Kumar,Himanshu Rana,Gagandeep Singh,4,0,,,,,,,,,
1383453,2023/24,2023-10-17,"Sawai Mansingh Stadium, Jaipur",1,9.6,Haryana,Chhattisgarh,Ankit Kumar,Himanshu Rana,Gagandeep Singh,4,0,,,,,,,,,
1383453,2023/24,2023-10-17,"Sawai Mansingh Stadium, Jaipur",1,10.1,Haryana,Chhattisgarh,Himanshu Rana,Ankit Kumar,SS Agarwal,1,0,,,,,,,,,
1383453,2023/24,2023-10-17,"Sawai Mansingh Stadium, Jaipur",1,10.2,Haryana,Chhattisgarh,Ankit Kumar,Himanshu Rana,SS Agarwal,4,0,,,,,,,,,
1383453,2023/24,2023-10-17,"Sawai Mansingh Stadium, Jaipur",1,10.3,Haryana,Chhattisgarh,Ankit Kumar,Himanshu Rana,SS Agarwal,1,0,,,,,,,,,
1383453,2023/24,2023-10-17,"Sawai Mansingh Stadium, Jaipur",1,10.4,Haryana,Chhattisgarh,Himanshu Rana,Ankit Kumar,SS Agarwal,1,0,,,,,,,,,
1383453,2023/24,2023-10-17,"Sawai Mansingh Stadium, Jaipur",1,10.5,Haryana,Chhattisgarh,Ankit Kumar,Himanshu Rana,SS Agarwal,1,0,,,,,,,,,
1383453,2023/24,2023-10-17,"Sawai Mansingh Stadium, Jaipur",1,10.6,Haryana,Chhattisgarh,Himanshu Rana,Ankit Kumar,SS Agarwal,1,0,,,,,,,,,
1383453,2023/24,2023-10-17,"Sawai Mansingh Stadium, Jaipur",1,11.1,Haryana,Chhattisgarh,Himanshu Rana,Ankit Kumar,Shashank Singh,1,0,,,,,,,,,
1383453,2023/24,2023-10-17,"Sawai Mansingh Stadium, Jaipur",1,11.2,Haryana,Chhattisgarh,Ankit Kumar,Himanshu Rana,Shashank Singh,0,0,,,,,,,,,
1383453,2023/24,2023-10-17,"Sawai Mansingh Stadium, Jaipur",1,11.3,Haryana,Chhattisgarh,Ankit Kumar,Himanshu Rana,Shashank Singh,1,0,,,,,,,,,
1383453,2023/24,2023-10-17,"Sawai Mansingh Stadium, Jaipur",1,11.4,Haryana,Chhattisgarh,Himanshu Rana,Ankit Kumar,Shashank Singh,1,0,,,,,,,,,
1383453,2023/24,2023-10-17,"Sawai Mansingh Stadium, Jaipur",1,11.5,Haryana,Chhattisgarh,Ankit Kumar,Himanshu Rana,Shashank Singh,1,0,,,,,,,,,
1383453,2023/24,2023-10-17,"Sawai Mansingh Stadium, Jaipur",1,11.6,Haryana,Chhattisgarh,Himanshu Rana,Ankit Kumar,Shashank Singh,1,0,,,,,,,,,
1383453,2023/24,2023-10-17,"Sawai Mansingh Stadium, Jaipur",1,12.1,Haryana,Chhattisgarh,Himanshu Rana,Ankit Kumar,Ajay Mandal,2,0,,,,,,,,,
1383453,2023/24,2023-10-17,"Sawai Mansingh Stadium, Jaipur",1,12.2,Haryana,Chhattisgarh,Himanshu Rana,Ankit Kumar,Ajay Mandal,1,0,,,,,,,,,
1383453,2023/24,2023-10-17,"Sawai Mansingh Stadium, Jaipur",1,12.3,Haryana,Chhattisgarh,Ankit Kumar,Himanshu Rana,Ajay Mandal,0,0,,,,,,,,,
1383453,2023/24,2023-10-17,"Sawai Mansingh Stadium, Jaipur",1,12.4,Haryana,Chhattisgarh,Ankit Kumar,Himanshu Rana,Ajay Mandal,1,0,,,,,,,,,
1383453,2023/24,2023-10-17,"Sawai Mansingh Stadium, Jaipur",1,12.5,Haryana,Chhattisgarh,Himanshu Rana,Ankit Kumar,Ajay Mandal,1,0,,,,,,,,,
1383453,2023/24,2023-10-17,"Sawai Mansingh Stadium, Jaipur",1,12.6,Haryana,Chhattisgarh,Ankit Kumar,Himanshu Rana,Ajay Mandal,3,0,,,,,,,,,
1383453,2023/24,2023-10-17,"Sawai Mansingh Stadium, Jaipur",1,13.1,Haryana,Chhattisgarh,Ankit Kumar,Himanshu Rana,Shashank Singh,0,0,,,,,,bowled,Ankit Kumar,,
1383453,2023/24,2023-10-17,"Sawai Mansingh Stadium, Jaipur",1,13.2,Haryana,Chhattisgarh,R Tewatia,Himanshu Rana,Shashank Singh,1,0,,,,,,,,,
1383453,2023/24,2023-10-17,"Sawai Mansingh Stadium, Jaipur",1,13.3,Haryana,Chhattisgarh,Himanshu Rana,R Tewatia,Shashank Singh,1,0,,,,,,,,,
1383453,2023/24,2023-10-17,"Sawai Mansingh Stadium, Jaipur",1,13.4,Haryana,Chhattisgarh,R Tewatia,Himanshu Rana,Shashank Singh,1,0,,,,,,,,,
1383453,2023/24,2023-10-17,"Sawai Mansingh Stadium, Jaipur",1,13.5,Haryana,Chhattisgarh,Himanshu Rana,R Tewatia,Shashank Singh,4,0,,,,,,,,,
1383453,2023/24,2023-10-17,"Sawai Mansingh Stadium, Jaipur",1,13.6,Haryana,Chhattisgarh,Himanshu Rana,R Tewatia,Shashank Singh,1,0,,,,,,,,,
1383453,2023/24,2023-10-17,"Sawai Mansingh Stadium, Jaipur",1,14.1,Haryana,Chhattisgarh,Himanshu Rana,R Tewatia,Ajay Mandal,1,0,,,,,,,,,
1383453,2023/24,2023-10-17,"Sawai Mansingh Stadium, Jaipur",1,14.2,Haryana,Chhattisgarh,R Tewatia,Himanshu Rana,Ajay Mandal,0,1,,,,1,,,,,
1383453,2023/24,2023-10-17,"Sawai Mansingh Stadium, Jaipur",1,14.3,Haryana,Chhattisgarh,Himanshu Rana,R Tewatia,Ajay Mandal,0,0,,,,,,,,,
1383453,2023/24,2023-10-17,"Sawai Mansingh Stadium, Jaipur",1,14.4,Haryana,Chhattisgarh,Himanshu Rana,R Tewatia,Ajay Mandal,2,0,,,,,,,,,
1383453,2023/24,2023-10-17,"Sawai Mansingh Stadium, Jaipur",1,14.5,Haryana,Chhattisgarh,Himanshu Rana,R Tewatia,Ajay Mandal,0,0,,,,,,bowled,Himanshu Rana,,
1383453,2023/24,2023-10-17,"Sawai Mansingh Stadium, Jaipur",1,14.6,Haryana,Chhattisgarh,N Sindhu,R Tewatia,Ajay Mandal,0,0,,,,,,,,,
1383453,2023/24,2023-10-17,"Sawai Mansingh Stadium, Jaipur",1,15.1,Haryana,Chhattisgarh,R Tewatia,N Sindhu,Shashank Singh,1,0,,,,,,,,,
1383453,2023/24,2023-10-17,"Sawai Mansingh Stadium, Jaipur",1,15.2,Haryana,Chhattisgarh,N Sindhu,R Tewatia,Shashank Singh,2,0,,,,,,,,,
1383453,2023/24,2023-10-17,"Sawai Mansingh Stadium, Jaipur",1,15.3,Haryana,Chhattisgarh,N Sindhu,R Tewatia,Shashank Singh,1,0,,,,,,,,,
1383453,2023/24,2023-10-17,"Sawai Mansingh Stadium, Jaipur",1,15.4,Haryana,Chhattisgarh,R Tewatia,N Sindhu,Shashank Singh,0,0,,,,,,,,,
1383453,2023/24,2023-10-17,"Sawai Mansingh Stadium, Jaipur",1,15.5,Haryana,Chhattisgarh,R Tewatia,N Sindhu,Shashank Singh,1,0,,,,,,,,,
1383453,2023/24,2023-10-17,"Sawai Mansingh Stadium, Jaipur",1,15.6,Haryana,Chhattisgarh,R Tewatia,N Sindhu,Shashank Singh,1,0,,,,,,,,,
1383453,2023/24,2023-10-17,"Sawai Mansingh Stadium, Jaipur",1,16.1,Haryana,Chhattisgarh,R Tewatia,N Sindhu,Sourabh Majumdar,0,0,,,,,,,,,
1383453,2023/24,2023-10-17,"Sawai Mansingh Stadium, Jaipur",1,16.2,Haryana,Chhattisgarh,R Tewatia,N Sindhu,Sourabh Majumdar,0,0,,,,,,,,,
1383453,2023/24,2023-10-17,"Sawai Mansingh Stadium, Jaipur",1,16.3,Haryana,Chhattisgarh,R Tewatia,N Sindhu,Sourabh Majumdar,1,0,,,,,,,,,
1383453,2023/24,2023-10-17,"Sawai Mansingh Stadium, Jaipur",1,16.4,Haryana,Chhattisgarh,N Sindhu,R Tewatia,Sourabh Majumdar,1,0,,,,,,,,,
1383453,2023/24,2023-10-17,"Sawai Mansingh Stadium, Jaipur",1,16.5,Haryana,Chhattisgarh,R Tewatia,N Sindhu,Sourabh Majumdar,1,0,,,,,,,,,
1383453,2023/24,2023-10-17,"Sawai Mansingh Stadium, Jaipur",1,16.6,Haryana,Chhattisgarh,N Sindhu,R Tewatia,Sourabh Majumdar,2,0,,,,,,,,,
1383453,2023/24,2023-10-17,"Sawai Mansingh Stadium, Jaipur",1,17.1,Haryana,Chhattisgarh,R Tewatia,N Sindhu,Shashank Singh,1,0,,,,,,,,,
1383453,2023/24,2023-10-17,"Sawai Mansingh Stadium, Jaipur",1,17.2,Haryana,Chhattisgarh,N Sindhu,R Tewatia,Shashank Singh,1,0,,,,,,,,,
1383453,2023/24,2023-10-17,"Sawai Mansingh Stadium, Jaipur",1,17.3,Haryana,Chhattisgarh,R Tewatia,N Sindhu,Shashank Singh,1,0,,,,,,,,,
1383453,2023/24,2023-10-17,"Sawai Mansingh Stadium, Jaipur",1,17.4,Haryana,Chhattisgarh,R Tewatia,N Sindhu,Shashank Singh,0,0,,,,,,caught,R Tewatia,,
1383453,2023/24,2023-10-17,"Sawai Mansingh Stadium, Jaipur",1,17.5,Haryana,Chhattisgarh,Sumit Kumar,N Sindhu,Shashank Singh,0,1,1,,,,,,,,
1383453,2023/24,2023-10-17,"Sawai Mansingh Stadium, Jaipur",1,17.6,Haryana,Chhattisgarh,Sumit Kumar,N Sindhu,Shashank Singh,1,0,,,,,,,,,
1383453,2023/24,2023-10-17,"Sawai Mansingh Stadium, Jaipur",1,17.7,Haryana,Chhattisgarh,N Sindhu,Sumit Kumar,Shashank Singh,1,0,,,,,,,,,
1383453,2023/24,2023-10-17,"Sawai Mansingh Stadium, Jaipur",1,18.1,Haryana,Chhattisgarh,N Sindhu,Sumit Kumar,Sourabh Majumdar,1,0,,,,,,,,,
1383453,2023/24,2023-10-17,"Sawai Mansingh Stadium, Jaipur",1,18.2,Haryana,Chhattisgarh,Sumit Kumar,N Sindhu,Sourabh Majumdar,1,0,,,,,,,,,
1383453,2023/24,2023-10-17,"Sawai Mansingh Stadium, Jaipur",1,18.3,Haryana,Chhattisgarh,N Sindhu,Sumit Kumar,Sourabh Majumdar,0,1,1,,,,,,,,
1383453,2023/24,2023-10-17,"Sawai Mansingh Stadium, Jaipur",1,18.4,Haryana,Chhattisgarh,N Sindhu,Sumit Kumar,Sourabh Majumdar,4,0,,,,,,,,,
1383453,2023/24,2023-10-17,"Sawai Mansingh Stadium, Jaipur",1,18.5,Haryana,Chhattisgarh,N Sindhu,Sumit Kumar,Sourabh Majumdar,1,0,,,,,,,,,
1383453,2023/24,2023-10-17,"Sawai Mansingh Stadium, Jaipur",1,18.6,Haryana,Chhattisgarh,Sumit Kumar,N Sindhu,Sourabh Majumdar,0,0,,,,,,,,,
1383453,2023/24,2023-10-17,"Sawai Mansingh Stadium, Jaipur",1,18.7,Haryana,Chhattisgarh,Sumit Kumar,N Sindhu,Sourabh Majumdar,2,0,,,,,,,,,
1383453,2023/24,2023-10-17,"Sawai Mansingh Stadium, Jaipur",1,19.1,Haryana,Chhattisgarh,N Sindhu,Sumit Kumar,PS Painkra,4,0,,,,,,,,,
1383453,2023/24,2023-10-17,"Sawai Mansingh Stadium, Jaipur",1,19.2,Haryana,Chhattisgarh,N Sindhu,Sumit Kumar,PS Painkra,0,0,,,,,,caught,N Sindhu,,
1383453,2023/24,2023-10-17,"Sawai Mansingh Stadium, Jaipur",1,19.3,Haryana,Chhattisgarh,A Kamboj,Sumit Kumar,PS Painkra,1,1,,1,,,,,,,
1383453,2023/24,2023-10-17,"Sawai Mansingh Stadium, Jaipur",1,19.4,Haryana,Chhattisgarh,Sumit Kumar,A Kamboj,PS Painkra,2,0,,,,,,,,,
1383453,2023/24,2023-10-17,"Sawai Mansingh Stadium, Jaipur",1,19.5,Haryana,Chhattisgarh,Sumit Kumar,A Kamboj,PS Painkra,0,1,1,,,,,,,,
1383453,2023/24,2023-10-17,"Sawai Mansingh Stadium, Jaipur",1,19.6,Haryana,Chhattisgarh,Sumit Kumar,A Kamboj,PS Painkra,2,0,,,,,,,,,
1383453,2023/24,2023-10-17,"Sawai Mansingh Stadium, Jaipur",1,19.7,Haryana,Chhattisgarh,Sumit Kumar,A Kamboj,PS Painkra,2,0,,,,,,,,,
1383453,2023/24,2023-10-17,"Sawai Mansingh Stadium, Jaipur",1,19.8,Haryana,Chhattisgarh,Sumit Kumar,A Kamboj,PS Painkra,6,0,,,,,,,,,
1383453,2023/24,2023-10-17,"Sawai Mansingh Stadium, Jaipur",2,0.1,Chhattisgarh,Haryana,Shashank Chandrakar,Amandeep Khare,MM Sharma,0,0,,,,,,,,,
1383453,2023/24,2023-10-17,"Sawai Mansingh Stadium, Jaipur",2,0.2,Chhattisgarh,Haryana,Shashank Chandrakar,Amandeep Khare,MM Sharma,0,0,,,,,,,,,
1383453,2023/24,2023-10-17,"Sawai Mansingh Stadium, Jaipur",2,0.3,Chhattisgarh,Haryana,Shashank Chandrakar,Amandeep Khare,MM Sharma,0,0,,,,,,,,,
1383453,2023/24,2023-10-17,"Sawai Mansingh Stadium, Jaipur",2,0.4,Chhattisgarh,Haryana,Shashank Chandrakar,Amandeep Khare,MM Sharma,0,0,,,,,,,,,
1383453,2023/24,2023-10-17,"Sawai Mansingh Stadium, Jaipur",2,0.5,Chhattisgarh,Haryana,Shashank Chandrakar,Amandeep Khare,MM Sharma,0,0,,,,,,,,,
1383453,2023/24,2023-10-17,"Sawai Mansingh Stadium, Jaipur",2,0.6,Chhattisgarh,Haryana,Shashank Chandrakar,Amandeep Khare,MM Sharma,0,0,,,,,,,,,
1383453,2023/24,2023-10-17,"Sawai Mansingh Stadium, Jaipur",2,1.1,Chhattisgarh,Haryana,Amandeep Khare,Shashank Chandrakar,A Kamboj,0,1,1,,,,,,,,
1383453,2023/24,2023-10-17,"Sawai Mansingh Stadium, Jaipur",2,1.2,Chhattisgarh,Haryana,Amandeep Khare,Shashank Chandrakar,A Kamboj,2,0,,,,,,,,,
1383453,2023/24,2023-10-17,"Sawai Mansingh Stadium, Jaipur",2,1.3,Chhattisgarh,Haryana,Amandeep Khare,Shashank Chandrakar,A Kamboj,4,0,,,,,,,,,
1383453,2023/24,2023-10-17,"Sawai Mansingh Stadium, Jaipur",2,1.4,Chhattisgarh,Haryana,Amandeep Khare,Shashank Chandrakar,A Kamboj,1,0,,,,,,,,,
1383453,2023/24,2023-10-17,"Sawai Mansingh Stadium, Jaipur",2,1.5,Chhattisgarh,Haryana,Shashank Chandrakar,Amandeep Khare,A Kamboj,0,0,,,,,,,,,
1383453,2023/24,2023-10-17,"Sawai Mansingh Stadium, Jaipur",2,1.6,Chhattisgarh,Haryana,Shashank Chandrakar,Amandeep Khare,A Kamboj,2,0,,,,,,,,,
1383453,2023/24,2023-10-17,"Sawai Mansingh Stadium, Jaipur",2,1.7,Chhattisgarh,Haryana,Shashank Chandrakar,Amandeep Khare,A Kamboj,0,0,,,,,,,,,
1383453,2023/24,2023-10-17,"Sawai Mansingh Stadium, Jaipur",2,2.1,Chhattisgarh,Haryana,Amandeep Khare,Shashank Chandrakar,MM Sharma,4,0,,,,,,,,,
1383453,2023/24,2023-10-17,"Sawai Mansingh Stadium, Jaipur",2,2.2,Chhattisgarh,Haryana,Amandeep Khare,Shashank Chandrakar,MM Sharma,4,0,,,,,,,,,
1383453,2023/24,2023-10-17,"Sawai Mansingh Stadium, Jaipur",2,2.3,Chhattisgarh,Haryana,Amandeep Khare,Shashank Chandrakar,MM Sharma,4,0,,,,,,,,,
1383453,2023/24,2023-10-17,"Sawai Mansingh Stadium, Jaipur",2,2.4,Chhattisgarh,Haryana,Amandeep Khare,Shashank Chandrakar,MM Sharma,1,0,,,,,,,,,
1383453,2023/24,2023-10-17,"Sawai Mansingh Stadium, Jaipur",2,2.5,Chhattisgarh,Haryana,Shashank Chandrakar,Amandeep Khare,MM Sharma,1,0,,,,,,,,,
1383453,2023/24,2023-10-17,"Sawai Mansingh Stadium, Jaipur",2,2.6,Chhattisgarh,Haryana,Amandeep Khare,Shashank Chandrakar,MM Sharma,1,0,,,,,,,,,
1383453,2023/24,2023-10-17,"Sawai Mansingh Stadium, Jaipur",2,3.1,Chhattisgarh,Haryana,Amandeep Khare,Shashank Chandrakar,N Sindhu,0,0,,,,,,caught,Amandeep Khare,,
1383453,2023/24,2023-10-17,"Sawai Mansingh Stadium, Jaipur",2,3.2,Chhattisgarh,Haryana,Harpreet Singh,Shashank Chandrakar,N Sindhu,0,0,,,,,,,,,
1383453,2023/24,2023-10-17,"Sawai Mansingh Stadium, Jaipur",2,3.3,Chhattisgarh,Haryana,Harpreet Singh,Shashank Chandrakar,N Sindhu,1,0,,,,,,,,,
1383453,2023/24,2023-10-17,"Sawai Mansingh Stadium, Jaipur",2,3.4,Chhattisgarh,Haryana,Shashank Chandrakar,Harpreet Singh,N Sindhu,0,0,,,,,,,,,
1383453,2023/24,2023-10-17,"Sawai Mansingh Stadium, Jaipur",2,3.5,Chhattisgarh,Haryana,Shashank Chandrakar,Harpreet Singh,N Sindhu,2,0,,,,,,,,,
1383453,2023/24,2023-10-17,"Sawai Mansingh Stadium, Jaipur",2,3.6,Chhattisgarh,Haryana,Shashank Chandrakar,Harpreet Singh,N Sindhu,0,0,,,,,,caught,Shashank Chandrakar,,
1383453,2023/24,2023-10-17,"Sawai Mansingh Stadium, Jaipur",2,4.1,Chhattisgarh,Haryana,Harpreet Singh,Sanjeet Desai,J Yadav,0,0,,,,,,,,,
1383453,2023/24,2023-10-17,"Sawai Mansingh Stadium, Jaipur",2,4.2,Chhattisgarh,Haryana,Harpreet Singh,Sanjeet Desai,J Yadav,0,1,1,,,,,,,,
1383453,2023/24,2023-10-17,"Sawai Mansingh Stadium, Jaipur",2,4.3,Chhattisgarh,Haryana,Harpreet Singh,Sanjeet Desai,J Yadav,0,0,,,,,,,,,
1383453,2023/24,2023-10-17,"Sawai Mansingh Stadium, Jaipur",2,4.4,Chhattisgarh,Haryana,Harpreet Singh,Sanjeet Desai,J Yadav,1,0,,,,,,,,,
1383453,2023/24,2023-10-17,"Sawai Mansingh Stadium, Jaipur",2,4.5,Chhattisgarh,Haryana,Sanjeet Desai,Harpreet Singh,J Yadav,0,0,,,,,,,,,
1383453,2023/24,2023-10-17,"Sawai Mansingh Stadium, Jaipur",2,4.6,Chhattisgarh,Haryana,Sanjeet Desai,Harpreet Singh,J Yadav,1,0,,,,,,,,,
1383453,2023/24,2023-10-17,"Sawai Mansingh Stadium, Jaipur",2,4.7,Chhattisgarh,Haryana,Harpreet Singh,Sanjeet Desai,J Yadav,4,0,,,,,,,,,
1383453,2023/24,2023-10-17,"Sawai Mansingh Stadium, Jaipur",2,5.1,Chhattisgarh,Haryana,Sanjeet Desai,Harpreet Singh,N Sindhu,0,0,,,,,,,,,
1383453,2023/24,2023-10-17,"Sawai Mansingh Stadium, Jaipur",2,5.2,Chhattisgarh,Haryana,Sanjeet Desai,Harpreet Singh,N Sindhu,0,0,,,,,,,,,
1383453,2023/24,2023-10-17,"Sawai Mansingh Stadium, Jaipur",2,5.3,Chhattisgarh,Haryana,Sanjeet Desai,Harpreet Singh,N Sindhu,1,0,,,,,,,,,
1383453,2023/24,2023-10-17,"Sawai Mansingh Stadium, Jaipur",2,5.4,Chhattisgarh,Haryana,Harpreet Singh,Sanjeet Desai,N Sindhu,1,0,,,,,,,,,
1383453,2023/24,2023-10-17,"Sawai Mansingh Stadium, Jaipur",2,5.5,Chhattisgarh,Haryana,Sanjeet Desai,Harpreet Singh,N Sindhu,0,0,,,,,,,,,
1383453,2023/24,2023-10-17,"Sawai Mansingh Stadium, Jaipur",2,5.6,Chhattisgarh,Haryana,Sanjeet Desai,Harpreet Singh,N Sindhu,6,0,,,,,,,,,
1383453,2023/24,2023-10-17,"Sawai Mansingh Stadium, Jaipur",2,6.1,Chhattisgarh,Haryana,Harpreet Singh,Sanjeet Desai,YS Chahal,1,0,,,,,,,,,
1383453,2023/24,2023-10-17,"Sawai Mansingh Stadium, Jaipur",2,6.2,Chhattisgarh,Haryana,Sanjeet Desai,Harpreet Singh,YS Chahal,0,0,,,,,,,,,
1383453,2023/24,2023-10-17,"Sawai Mansingh Stadium, Jaipur",2,6.3,Chhattisgarh,Haryana,Sanjeet Desai,Harpreet Singh,YS Chahal,1,0,,,,,,,,,
1383453,2023/24,2023-10-17,"Sawai Mansingh Stadium, Jaipur",2,6.4,Chhattisgarh,Haryana,Harpreet Singh,Sanjeet Desai,YS Chahal,1,0,,,,,,,,,
1383453,2023/24,2023-10-17,"Sawai Mansingh Stadium, Jaipur",2,6.5,Chhattisgarh,Haryana,Sanjeet Desai,Harpreet Singh,YS Chahal,0,0,,,,,,,,,
1383453,2023/24,2023-10-17,"Sawai Mansingh Stadium, Jaipur",2,6.6,Chhattisgarh,Haryana,Sanjeet Desai,Harpreet Singh,YS Chahal,1,0,,,,,,,,,
1383453,2023/24,2023-10-17,"Sawai Mansingh Stadium, Jaipur",2,7.1,Chhattisgarh,Haryana,Sanjeet Desai,Harpreet Singh,J Yadav,1,0,,,,,,,,,
1383453,2023/24,2023-10-17,"Sawai Mansingh Stadium, Jaipur",2,7.2,Chhattisgarh,Haryana,Harpreet Singh,Sanjeet Desai,J Yadav,4,0,,,,,,,,,
1383453,2023/24,2023-10-17,"Sawai Mansingh Stadium, Jaipur",2,7.3,Chhattisgarh,Haryana,Harpreet Singh,Sanjeet Desai,J Yadav,1,0,,,,,,,,,
1383453,2023/24,2023-10-17,"Sawai Mansingh Stadium, Jaipur",2,7.4,Chhattisgarh,Haryana,Sanjeet Desai,Harpreet Singh,J Yadav,1,0,,,,,,,,,
1383453,2023/24,2023-10-17,"Sawai Mansingh Stadium, Jaipur",2,7.5,Chhattisgarh,Haryana,Harpreet Singh,Sanjeet Desai,J Yadav,0,0,,,,,,,,,
1383453,2023/24,2023-10-17,"Sawai Mansingh Stadium, Jaipur",2,7.6,Chhattisgarh,Haryana,Harpreet Singh,Sanjeet Desai,J Yadav,1,0,,,,,,,,,
1383453,2023/24,2023-10-17,"Sawai Mansingh Stadium, Jaipur",2,8.1,Chhattisgarh,Haryana,Harpreet Singh,Sanjeet Desai,YS Chahal,1,0,,,,,,,,,
1383453,2023/24,2023-10-17,"Sawai Mansingh Stadium, Jaipur",2,8.2,Chhattisgarh,Haryana,Sanjeet Desai,Harpreet Singh,YS Chahal,1,0,,,,,,,,,
1383453,2023/24,2023-10-17,"Sawai Mansingh Stadium, Jaipur",2,8.3,Chhattisgarh,Haryana,Harpreet Singh,Sanjeet Desai,YS Chahal,0,0,,,,,,,,,
1383453,2023/24,2023-10-17,"Sawai Mansingh Stadium, Jaipur",2,8.4,Chhattisgarh,Haryana,Harpreet Singh,Sanjeet Desai,YS Chahal,0,0,,,,,,,,,
1383453,2023/24,2023-10-17,"Sawai Mansingh Stadium, Jaipur",2,8.5,Chhattisgarh,Haryana,Harpreet Singh,Sanjeet Desai,YS Chahal,0,1,1,,,,,,,,
1383453,2023/24,2023-10-17,"Sawai Mansingh Stadium, Jaipur",2,8.6,Chhattisgarh,Haryana,Harpreet Singh,Sanjeet Desai,YS Chahal,0,0,,,,,,,,,
1383453,2023/24,2023-10-17,"Sawai Mansingh Stadium, Jaipur",2,8.7,Chhattisgarh,Haryana,Harpreet Singh,Sanjeet Desai,YS Chahal,1,0,,,,,,,,,
1383453,2023/24,2023-10-17,"Sawai Mansingh Stadium, Jaipur",2,9.1,Chhattisgarh,Haryana,Harpreet Singh,Sanjeet Desai,J Yadav,0,0,,,,,,,,,
1383453,2023/24,2023-10-17,"Sawai Mansingh Stadium, Jaipur",2,9.2,Chhattisgarh,Haryana,Harpreet Singh,Sanjeet Desai,J Yadav,1,0,,,,,,,,,
1383453,2023/24,2023-10-17,"Sawai Mansingh Stadium, Jaipur",2,9.3,Chhattisgarh,Haryana,Sanjeet Desai,Harpreet Singh,J Yadav,0,1,1,,,,,,,,
1383453,2023/24,2023-10-17,"Sawai Mansingh Stadium, Jaipur",2,9.4,Chhattisgarh,Haryana,Sanjeet Desai,Harpreet Singh,J Yadav,6,0,,,,,,,,,
1383453,2023/24,2023-10-17,"Sawai Mansingh Stadium, Jaipur",2,9.5,Chhattisgarh,Haryana,Sanjeet Desai,Harpreet Singh,J Yadav,1,0,,,,,,,,,
1383453,2023/24,2023-10-17,"Sawai Mansingh Stadium, Jaipur",2,9.6,Chhattisgarh,Haryana,Harpreet Singh,Sanjeet Desai,J Yadav,0,0,,,,,,,,,
1383453,2023/24,2023-10-17,"Sawai Mansingh Stadium, Jaipur",2,9.7,Chhattisgarh,Haryana,Harpreet Singh,Sanjeet Desai,J Yadav,1,0,,,,,,,,,
1383453,2023/24,2023-10-17,"Sawai Mansingh Stadium, Jaipur",2,10.1,Chhattisgarh,Haryana,Harpreet Singh,Sanjeet Desai,YS Chahal,0,0,,,,,,,,,
1383453,2023/24,2023-10-17,"Sawai Mansingh Stadium, Jaipur",2,10.2,Chhattisgarh,Haryana,Harpreet Singh,Sanjeet Desai,YS Chahal,1,0,,,,,,,,,
1383453,2023/24,2023-10-17,"Sawai Mansingh Stadium, Jaipur",2,10.3,Chhattisgarh,Haryana,Sanjeet Desai,Harpreet Singh,YS Chahal,1,0,,,,,,,,,
1383453,2023/24,2023-10-17,"Sawai Mansingh Stadium, Jaipur",2,10.4,Chhattisgarh,Haryana,Harpreet Singh,Sanjeet Desai,YS Chahal,6,0,,,,,,,,,
1383453,2023/24,2023-10-17,"Sawai Mansingh Stadium, Jaipur",2,10.5,Chhattisgarh,Haryana,Harpreet Singh,Sanjeet Desai,YS Chahal,1,0,,,,,,,,,
1383453,2023/24,2023-10-17,"Sawai Mansingh Stadium, Jaipur",2,10.6,Chhattisgarh,Haryana,Sanjeet Desai,Harpreet Singh,YS Chahal,0,0,,,,,,caught,Sanjeet Desai,,
1383453,2023/24,2023-10-17,"Sawai Mansingh Stadium, Jaipur",2,11.1,Chhattisgarh,Haryana,Harpreet Singh,Shashank Singh,HV Patel,4,0,,,,,,,,,
1383453,2023/24,2023-10-17,"Sawai Mansingh Stadium, Jaipur",2,11.2,Chhattisgarh,Haryana,Harpreet Singh,Shashank Singh,HV Patel,4,0,,,,,,,,,
1383453,2023/24,2023-10-17,"Sawai Mansingh Stadium, Jaipur",2,11.3,Chhattisgarh,Haryana,Harpreet Singh,Shashank Singh,HV Patel,1,0,,,,,,,,,
1383453,2023/24,2023-10-17,"Sawai Mansingh Stadium, Jaipur",2,11.4,Chhattisgarh,Haryana,Shashank Singh,Harpreet Singh,HV Patel,1,0,,,,,,,,,
1383453,2023/24,2023-10-17,"Sawai Mansingh Stadium, Jaipur",2,11.5,Chhattisgarh,Haryana,Harpreet Singh,Shashank Singh,HV Patel,4,0,,,,,,,,,
1383453,2023/24,2023-10-17,"Sawai Mansingh Stadium, Jaipur",2,11.6,Chhattisgarh,Haryana,Harpreet Singh,Shashank Singh,HV Patel,1,0,,,,,,,,,
1383453,2023/24,2023-10-17,"Sawai Mansingh Stadium, Jaipur",2,12.1,Chhattisgarh,Haryana,Harpreet Singh,Shashank Singh,A Mishra,4,0,,,,,,,,,
1383453,2023/24,2023-10-17,"Sawai Mansingh Stadium, Jaipur",2,12.2,Chhattisgarh,Haryana,Harpreet Singh,Shashank Singh,A Mishra,2,0,,,,,,,,,
1383453,2023/24,2023-10-17,"Sawai Mansingh Stadium, Jaipur",2,12.3,Chhattisgarh,Haryana,Harpreet Singh,Shashank Singh,A Mishra,1,0,,,,,,,,,
1383453,2023/24,2023-10-17,"Sawai Mansingh Stadium, Jaipur",2,12.4,Chhattisgarh,Haryana,Shashank Singh,Harpreet Singh,A Mishra,0,0,,,,,,,,,
1383453,2023/24,2023-10-17,"Sawai Mansingh Stadium, Jaipur",2,12.5,Chhattisgarh,Haryana,Shashank Singh,Harpreet Singh,A Mishra,0,0,,,,,,,,,
1383453,2023/24,2023-10-17,"Sawai Mansingh Stadium, Jaipur",2,12.6,Chhattisgarh,Haryana,Shashank Singh,Harpreet Singh,A Mishra,4,0,,,,,,,,,
1383453,2023/24,2023-10-17,"Sawai Mansingh Stadium, Jaipur",2,13.1,Chhattisgarh,Haryana,Harpreet Singh,Shashank Singh,J Yadav,0,0,,,,,,,,,
1383453,2023/24,2023-10-17,"Sawai Mansingh Stadium, Jaipur",2,13.2,Chhattisgarh,Haryana,Harpreet Singh,Shashank Singh,J Yadav,2,0,,,,,,,,,
1383453,2023/24,2023-10-17,"Sawai Mansingh Stadium, Jaipur",2,13.3,Chhattisgarh,Haryana,Harpreet Singh,Shashank Singh,J Yadav,0,0,,,,,,,,,
1383453,2023/24,2023-10-17,"Sawai Mansingh Stadium, Jaipur",2,13.4,Chhattisgarh,Haryana,Harpreet Singh,Shashank Singh,J Yadav,1,0,,,,,,,,,
1383453,2023/24,2023-10-17,"Sawai Mansingh Stadium, Jaipur",2,13.5,Chhattisgarh,Haryana,Shashank Singh,Harpreet Singh,J Yadav,1,0,,,,,,,,,
1383453,2023/24,2023-10-17,"Sawai Mansingh Stadium, Jaipur",2,13.6,Chhattisgarh,Haryana,Harpreet Singh,Shashank Singh,J Yadav,1,0,,,,,,,,,
1383453,2023/24,2023-10-17,"Sawai Mansingh Stadium, Jaipur",2,14.1,Chhattisgarh,Haryana,Harpreet Singh,Shashank Singh,A Mishra,1,0,,,,,,,,,
1383453,2023/24,2023-10-17,"Sawai Mansingh Stadium, Jaipur",2,14.2,Chhattisgarh,Haryana,Shashank Singh,Harpreet Singh,A Mishra,0,0,,,,,,,,,
1383453,2023/24,2023-10-17,"Sawai Mansingh Stadium, Jaipur",2,14.3,Chhattisgarh,Haryana,Shashank Singh,Harpreet Singh,A Mishra,1,0,,,,,,,,,
1383453,2023/24,2023-10-17,"Sawai Mansingh Stadium, Jaipur",2,14.4,Chhattisgarh,Haryana,Harpreet Singh,Shashank Singh,A Mishra,0,0,,,,,,,,,
1383453,2023/24,2023-10-17,"Sawai Mansingh Stadium, Jaipur",2,14.5,Chhattisgarh,Haryana,Harpreet Singh,Shashank Singh,A Mishra,0,0,,,,,,caught,Harpreet Singh,,
1383453,2023/24,2023-10-17,"Sawai Mansingh Stadium, Jaipur",2,14.6,Chhattisgarh,Haryana,Ajay Mandal,Shashank Singh,A Mishra,1,0,,,,,,,,,
1383453,2023/24,2023-10-17,"Sawai Mansingh Stadium, Jaipur",2,15.1,Chhattisgarh,Haryana,Ajay Mandal,Shashank Singh,HV Patel,0,1,,1,,,,,,,
1383453,2023/24,2023-10-17,"Sawai Mansingh Stadium, Jaipur",2,15.2,Chhattisgarh,Haryana,Ajay Mandal,Shashank Singh,HV Patel,6,0,,,,,,,,,
1383453,2023/24,2023-10-17,"Sawai Mansingh Stadium, Jaipur",2,15.3,Chhattisgarh,Haryana,Ajay Mandal,Shashank Singh,HV Patel,2,0,,,,,,,,,
1383453,2023/24,2023-10-17,"Sawai Mansingh Stadium, Jaipur",2,15.4,Chhattisgarh,Haryana,Ajay Mandal,Shashank Singh,HV Patel,0,0,,,,,,,,,
1383453,2023/24,2023-10-17,"Sawai Mansingh Stadium, Jaipur",2,15.5,Chhattisgarh,Haryana,Ajay Mandal,Shashank Singh,HV Patel,1,0,,,,,,,,,
1383453,2023/24,2023-10-17,"Sawai Mansingh Stadium, Jaipur",2,15.6,Chhattisgarh,Haryana,Shashank Singh,Ajay Mandal,HV Patel,4,0,,,,,,,,,
1383453,2023/24,2023-10-17,"Sawai Mansingh Stadium, Jaipur",2,15.7,Chhattisgarh,Haryana,Shashank Singh,Ajay Mandal,HV Patel,0,0,,,,,,,,,
1383453,2023/24,2023-10-17,"Sawai Mansingh Stadium, Jaipur",2,16.1,Chhattisgarh,Haryana,Ajay Mandal,Shashank Singh,A Mishra,4,0,,,,,,,,,
1383453,2023/24,2023-10-17,"Sawai Mansingh Stadium, Jaipur",2,16.2,Chhattisgarh,Haryana,Ajay Mandal,Shashank Singh,A Mishra,4,0,,,,,,,,,
1383453,2023/24,2023-10-17,"Sawai Mansingh Stadium, Jaipur",2,16.3,Chhattisgarh,Haryana,Ajay Mandal,Shashank Singh,A Mishra,0,0,,,,,,,,,
1383453,2023/24,2023-10-17,"Sawai Mansingh Stadium, Jaipur",2,16.4,Chhattisgarh,Haryana,Ajay Mandal,Shashank Singh,A Mishra,4,0,,,,,,,,,
1383453,2023/24,2023-10-17,"Sawai Mansingh Stadium, Jaipur",2,16.5,Chhattisgarh,Haryana,Ajay Mandal,Shashank Singh,A Mishra,1,0,,,,,,,,,
1383453,2023/24,2023-10-17,"Sawai Mansingh Stadium, Jaipur",2,16.6,Chhattisgarh,Haryana,Shashank Singh,Ajay Mandal,A Mishra,0,0,,,,,,caught,Shashank Singh,,
1383453,2023/24,2023-10-17,"Sawai Mansingh Stadium, Jaipur",2,17.1,Chhattisgarh,Haryana,Ajay Mandal,Gagandeep Singh,A Kamboj,0,0,,,,,,,,,
1383453,2023/24,2023-10-17,"Sawai Mansingh Stadium, Jaipur",2,17.2,Chhattisgarh,Haryana,Ajay Mandal,Gagandeep Singh,A Kamboj,4,0,,,,,,,,,
1383453,2023/24,2023-10-17,"Sawai Mansingh Stadium, Jaipur",2,17.3,Chhattisgarh,Haryana,Ajay Mandal,Gagandeep Singh,A Kamboj,1,0,,,,,,,,,
1383453,2023/24,2023-10-17,"Sawai Mansingh Stadium, Jaipur",2,17.4,Chhattisgarh,Haryana,Gagandeep Singh,Ajay Mandal,A Kamboj,0,0,,,,,,caught,Gagandeep Singh,,
1383453,2023/24,2023-10-17,"Sawai Mansingh Stadium, Jaipur",2,17.5,Chhattisgarh,Haryana,Eknath Kerkar,Ajay Mandal,A Kamboj,1,0,,,,,,,,,
1383453,2023/24,2023-10-17,"Sawai Mansingh Stadium, Jaipur",2,17.6,Chhattisgarh,Haryana,Ajay Mandal,Eknath Kerkar,A Kamboj,4,0,,,,,,,,,
1383453,2023/24,2023-10-17,"Sawai Mansingh Stadium, Jaipur",2,18.1,Chhattisgarh,Haryana,Eknath Kerkar,Ajay Mandal,MM Sharma,6,0,,,,,,,,,
1383453,2023/24,2023-10-17,"Sawai Mansingh Stadium, Jaipur",2,18.2,Chhattisgarh,Haryana,Eknath Kerkar,Ajay Mandal,MM Sharma,0,0,,,,,,,,,
1383453,2023/24,2023-10-17,"Sawai Mansingh Stadium, Jaipur",2,18.3,Chhattisgarh,Haryana,Eknath Kerkar,Ajay Mandal,MM Sharma,0,0,,,,,,,,,
1383453,2023/24,2023-10-17,"Sawai Mansingh Stadium, Jaipur",2,18.4,Chhattisgarh,Haryana,Eknath Kerkar,Ajay Mandal,MM Sharma,1,0,,,,,,,,,
1383453,2023/24,2023-10-17,"Sawai Mansingh Stadium, Jaipur",2,18.5,Chhattisgarh,Haryana,Ajay Mandal,Eknath Kerkar,MM Sharma,1,0,,,,,,,,,
1383453,2023/24,2023-10-17,"Sawai Mansingh Stadium, Jaipur",2,18.6,Chhattisgarh,Haryana,Eknath Kerkar,Ajay Mandal,MM Sharma,1,0,,,,,,,,,
1383453,2023/24,2023-10-17,"Sawai Mansingh Stadium, Jaipur",2,19.1,Chhattisgarh,Haryana,Eknath Kerkar,Ajay Mandal,Sumit Kumar,4,0,,,,,,,,,
1383453,2023/24,2023-10-17,"Sawai Mansingh Stadium, Jaipur",2,19.2,Chhattisgarh,Haryana,Eknath Kerkar,Ajay Mandal,Sumit Kumar,1,0,,,,,,,,,
