match_id,season,start_date,venue,innings,ball,batting_team,bowling_team,striker,non_striker,bowler,runs_off_bat,extras,wides,noballs,byes,legbyes,penalty,wicket_type,player_dismissed,other_wicket_type,other_player_dismissed
1383469,2023/24,2023-10-17,"Abhimanyu Cricket Academy, Dehradun",1,0.1,Nagaland,Tripura,Joshua Ozukum,Sedezhalie Rupero,Manisankar Murasingh,0,0,,,,,,,,,
1383469,2023/24,2023-10-17,"Abhimanyu Cricket Academy, Dehradun",1,0.2,Nagaland,Tripura,Joshua Ozukum,Sedezhalie Rupero,Manisankar Murasingh,1,0,,,,,,,,,
1383469,2023/24,2023-10-17,"Abhimanyu Cricket Academy, Dehradun",1,0.3,Nagaland,Tripura,Sedezhalie Rupero,Joshua Ozukum,Manisankar Murasingh,0,0,,,,,,,,,
1383469,2023/24,2023-10-17,"Abhimanyu Cricket Academy, Dehradun",1,0.4,Nagaland,Tripura,Sedezhalie Rupero,Joshua Ozukum,Manisankar Murasingh,0,1,1,,,,,,,,
1383469,2023/24,2023-10-17,"Abhimanyu Cricket Academy, Dehradun",1,0.5,Nagaland,Tripura,Sedezhalie Rupero,Joshua Ozukum,Manisankar Murasingh,0,0,,,,,,,,,
1383469,2023/24,2023-10-17,"Abhimanyu Cricket Academy, Dehradun",1,0.6,Nagaland,Tripura,Sedezhalie Rupero,Joshua Ozukum,Manisankar Murasingh,1,0,,,,,,,,,
1383469,2023/24,2023-10-17,"Abhimanyu Cricket Academy, Dehradun",1,0.7,Nagaland,Tripura,Joshua Ozukum,Sedezhalie Rupero,Manisankar Murasingh,0,0,,,,,,,,,
1383469,2023/24,2023-10-17,"Abhimanyu Cricket Academy, Dehradun",1,1.1,Nagaland,Tripura,Sedezhalie Rupero,Joshua Ozukum,AK Sarkar,0,1,1,,,,,,,,
1383469,2023/24,2023-10-17,"Abhimanyu Cricket Academy, Dehradun",1,1.2,Nagaland,Tripura,Sedezhalie Rupero,Joshua Ozukum,AK Sarkar,0,0,,,,,,,,,
1383469,2023/24,2023-10-17,"Abhimanyu Cricket Academy, Dehradun",1,1.3,Nagaland,Tripura,Sedezhalie Rupero,Joshua Ozukum,AK Sarkar,4,0,,,,,,,,,
1383469,2023/24,2023-10-17,"Abhimanyu Cricket Academy, Dehradun",1,1.4,Nagaland,Tripura,Sedezhalie Rupero,Joshua Ozukum,AK Sarkar,1,0,,,,,,,,,
1383469,2023/24,2023-10-17,"Abhimanyu Cricket Academy, Dehradun",1,1.5,Nagaland,Tripura,Joshua Ozukum,Sedezhalie Rupero,AK Sarkar,0,0,,,,,,,,,
1383469,2023/24,2023-10-17,"Abhimanyu Cricket Academy, Dehradun",1,1.6,Nagaland,Tripura,Joshua Ozukum,Sedezhalie Rupero,AK Sarkar,0,1,,,,1,,,,,
1383469,2023/24,2023-10-17,"Abhimanyu Cricket Academy, Dehradun",1,1.7,Nagaland,Tripura,Sedezhalie Rupero,Joshua Ozukum,AK Sarkar,1,0,,,,,,,,,
1383469,2023/24,2023-10-17,"Abhimanyu Cricket Academy, Dehradun",1,2.1,Nagaland,Tripura,Sedezhalie Rupero,Joshua Ozukum,Manisankar Murasingh,1,0,,,,,,,,,
1383469,2023/24,2023-10-17,"Abhimanyu Cricket Academy, Dehradun",1,2.2,Nagaland,Tripura,Joshua Ozukum,Sedezhalie Rupero,Manisankar Murasingh,1,0,,,,,,,,,
1383469,2023/24,2023-10-17,"Abhimanyu Cricket Academy, Dehradun",1,2.3,Nagaland,Tripura,Sedezhalie Rupero,Joshua Ozukum,Manisankar Murasingh,0,0,,,,,,,,,
1383469,2023/24,2023-10-17,"Abhimanyu Cricket Academy, Dehradun",1,2.4,Nagaland,Tripura,Sedezhalie Rupero,Joshua Ozukum,Manisankar Murasingh,0,1,1,,,,,,,,
1383469,2023/24,2023-10-17,"Abhimanyu Cricket Academy, Dehradun",1,2.5,Nagaland,Tripura,Sedezhalie Rupero,Joshua Ozukum,Manisankar Murasingh,0,0,,,,,,,,,
1383469,2023/24,2023-10-17,"Abhimanyu Cricket Academy, Dehradun",1,2.6,Nagaland,Tripura,Sedezhalie Rupero,Joshua Ozukum,Manisankar Murasingh,1,0,,,,,,,,,
1383469,2023/24,2023-10-17,"Abhimanyu Cricket Academy, Dehradun",1,2.7,Nagaland,Tripura,Joshua Ozukum,Sedezhalie Rupero,Manisankar Murasingh,0,0,,,,,,,,,
1383469,2023/24,2023-10-17,"Abhimanyu Cricket Academy, Dehradun",1,3.1,Nagaland,Tripura,Sedezhalie Rupero,Joshua Ozukum,AK Sarkar,1,0,,,,,,,,,
1383469,2023/24,2023-10-17,"Abhimanyu Cricket Academy, Dehradun",1,3.2,Nagaland,Tripura,Joshua Ozukum,Sedezhalie Rupero,AK Sarkar,1,0,,,,,,,,,
1383469,2023/24,2023-10-17,"Abhimanyu Cricket Academy, Dehradun",1,3.3,Nagaland,Tripura,Sedezhalie Rupero,Joshua Ozukum,AK Sarkar,0,0,,,,,,,,,
1383469,2023/24,2023-10-17,"Abhimanyu Cricket Academy, Dehradun",1,3.4,Nagaland,Tripura,Sedezhalie Rupero,Joshua Ozukum,AK Sarkar,0,0,,,,,,,,,
1383469,2023/24,2023-10-17,"Abhimanyu Cricket Academy, Dehradun",1,3.5,Nagaland,Tripura,Sedezhalie Rupero,Joshua Ozukum,AK Sarkar,1,0,,,,,,,,,
1383469,2023/24,2023-10-17,"Abhimanyu Cricket Academy, Dehradun",1,3.6,Nagaland,Tripura,Joshua Ozukum,Sedezhalie Rupero,AK Sarkar,0,1,1,,,,,,,,
1383469,2023/24,2023-10-17,"Abhimanyu Cricket Academy, Dehradun",1,3.7,Nagaland,Tripura,Joshua Ozukum,Sedezhalie Rupero,AK Sarkar,4,0,,,,,,,,,
1383469,2023/24,2023-10-17,"Abhimanyu Cricket Academy, Dehradun",1,4.1,Nagaland,Tripura,Sedezhalie Rupero,Joshua Ozukum,Parvez Sultan,0,0,,,,,,,,,
1383469,2023/24,2023-10-17,"Abhimanyu Cricket Academy, Dehradun",1,4.2,Nagaland,Tripura,Sedezhalie Rupero,Joshua Ozukum,Parvez Sultan,1,0,,,,,,,,,
1383469,2023/24,2023-10-17,"Abhimanyu Cricket Academy, Dehradun",1,4.3,Nagaland,Tripura,Joshua Ozukum,Sedezhalie Rupero,Parvez Sultan,4,0,,,,,,,,,
1383469,2023/24,2023-10-17,"Abhimanyu Cricket Academy, Dehradun",1,4.4,Nagaland,Tripura,Joshua Ozukum,Sedezhalie Rupero,Parvez Sultan,0,0,,,,,,,,,
1383469,2023/24,2023-10-17,"Abhimanyu Cricket Academy, Dehradun",1,4.5,Nagaland,Tripura,Joshua Ozukum,Sedezhalie Rupero,Parvez Sultan,4,0,,,,,,,,,
1383469,2023/24,2023-10-17,"Abhimanyu Cricket Academy, Dehradun",1,4.6,Nagaland,Tripura,Joshua Ozukum,Sedezhalie Rupero,Parvez Sultan,4,0,,,,,,,,,
1383469,2023/24,2023-10-17,"Abhimanyu Cricket Academy, Dehradun",1,5.1,Nagaland,Tripura,Sedezhalie Rupero,Joshua Ozukum,Ajay Sarkar,1,0,,,,,,,,,
1383469,2023/24,2023-10-17,"Abhimanyu Cricket Academy, Dehradun",1,5.2,Nagaland,Tripura,Joshua Ozukum,Sedezhalie Rupero,Ajay Sarkar,1,0,,,,,,,,,
1383469,2023/24,2023-10-17,"Abhimanyu Cricket Academy, Dehradun",1,5.3,Nagaland,Tripura,Sedezhalie Rupero,Joshua Ozukum,Ajay Sarkar,0,0,,,,,,,,,
1383469,2023/24,2023-10-17,"Abhimanyu Cricket Academy, Dehradun",1,5.4,Nagaland,Tripura,Sedezhalie Rupero,Joshua Ozukum,Ajay Sarkar,1,0,,,,,,,,,
1383469,2023/24,2023-10-17,"Abhimanyu Cricket Academy, Dehradun",1,5.5,Nagaland,Tripura,Joshua Ozukum,Sedezhalie Rupero,Ajay Sarkar,0,0,,,,,,,,,
1383469,2023/24,2023-10-17,"Abhimanyu Cricket Academy, Dehradun",1,5.6,Nagaland,Tripura,Joshua Ozukum,Sedezhalie Rupero,Ajay Sarkar,0,0,,,,,,,,,
1383469,2023/24,2023-10-17,"Abhimanyu Cricket Academy, Dehradun",1,6.1,Nagaland,Tripura,Sedezhalie Rupero,Joshua Ozukum,SS Ghosh,0,0,,,,,,,,,
1383469,2023/24,2023-10-17,"Abhimanyu Cricket Academy, Dehradun",1,6.2,Nagaland,Tripura,Sedezhalie Rupero,Joshua Ozukum,SS Ghosh,1,0,,,,,,,,,
1383469,2023/24,2023-10-17,"Abhimanyu Cricket Academy, Dehradun",1,6.3,Nagaland,Tripura,Joshua Ozukum,Sedezhalie Rupero,SS Ghosh,1,0,,,,,,,,,
1383469,2023/24,2023-10-17,"Abhimanyu Cricket Academy, Dehradun",1,6.4,Nagaland,Tripura,Sedezhalie Rupero,Joshua Ozukum,SS Ghosh,1,0,,,,,,,,,
1383469,2023/24,2023-10-17,"Abhimanyu Cricket Academy, Dehradun",1,6.5,Nagaland,Tripura,Joshua Ozukum,Sedezhalie Rupero,SS Ghosh,1,0,,,,,,,,,
1383469,2023/24,2023-10-17,"Abhimanyu Cricket Academy, Dehradun",1,6.6,Nagaland,Tripura,Sedezhalie Rupero,Joshua Ozukum,SS Ghosh,0,0,,,,,,,,,
1383469,2023/24,2023-10-17,"Abhimanyu Cricket Academy, Dehradun",1,7.1,Nagaland,Tripura,Joshua Ozukum,Sedezhalie Rupero,Ajay Sarkar,0,0,,,,,,,,,
1383469,2023/24,2023-10-17,"Abhimanyu Cricket Academy, Dehradun",1,7.2,Nagaland,Tripura,Joshua Ozukum,Sedezhalie Rupero,Ajay Sarkar,1,0,,,,,,,,,
1383469,2023/24,2023-10-17,"Abhimanyu Cricket Academy, Dehradun",1,7.3,Nagaland,Tripura,Sedezhalie Rupero,Joshua Ozukum,Ajay Sarkar,0,0,,,,,,,,,
1383469,2023/24,2023-10-17,"Abhimanyu Cricket Academy, Dehradun",1,7.4,Nagaland,Tripura,Sedezhalie Rupero,Joshua Ozukum,Ajay Sarkar,1,0,,,,,,,,,
1383469,2023/24,2023-10-17,"Abhimanyu Cricket Academy, Dehradun",1,7.5,Nagaland,Tripura,Joshua Ozukum,Sedezhalie Rupero,Ajay Sarkar,0,0,,,,,,,,,
1383469,2023/24,2023-10-17,"Abhimanyu Cricket Academy, Dehradun",1,7.6,Nagaland,Tripura,Joshua Ozukum,Sedezhalie Rupero,Ajay Sarkar,0,0,,,,,,,,,
1383469,2023/24,2023-10-17,"Abhimanyu Cricket Academy, Dehradun",1,8.1,Nagaland,Tripura,Sedezhalie Rupero,Joshua Ozukum,Parvez Sultan,2,0,,,,,,,,,
1383469,2023/24,2023-10-17,"Abhimanyu Cricket Academy, Dehradun",1,8.2,Nagaland,Tripura,Sedezhalie Rupero,Joshua Ozukum,Parvez Sultan,0,0,,,,,,,,,
1383469,2023/24,2023-10-17,"Abhimanyu Cricket Academy, Dehradun",1,8.3,Nagaland,Tripura,Sedezhalie Rupero,Joshua Ozukum,Parvez Sultan,1,0,,,,,,,,,
1383469,2023/24,2023-10-17,"Abhimanyu Cricket Academy, Dehradun",1,8.4,Nagaland,Tripura,Joshua Ozukum,Sedezhalie Rupero,Parvez Sultan,1,0,,,,,,,,,
1383469,2023/24,2023-10-17,"Abhimanyu Cricket Academy, Dehradun",1,8.5,Nagaland,Tripura,Sedezhalie Rupero,Joshua Ozukum,Parvez Sultan,1,0,,,,,,,,,
1383469,2023/24,2023-10-17,"Abhimanyu Cricket Academy, Dehradun",1,8.6,Nagaland,Tripura,Joshua Ozukum,Sedezhalie Rupero,Parvez Sultan,1,0,,,,,,,,,
1383469,2023/24,2023-10-17,"Abhimanyu Cricket Academy, Dehradun",1,9.1,Nagaland,Tripura,Joshua Ozukum,Sedezhalie Rupero,SS Ghosh,0,0,,,,,,,,,
1383469,2023/24,2023-10-17,"Abhimanyu Cricket Academy, Dehradun",1,9.2,Nagaland,Tripura,Joshua Ozukum,Sedezhalie Rupero,SS Ghosh,1,0,,,,,,,,,
1383469,2023/24,2023-10-17,"Abhimanyu Cricket Academy, Dehradun",1,9.3,Nagaland,Tripura,Sedezhalie Rupero,Joshua Ozukum,SS Ghosh,1,0,,,,,,,,,
1383469,2023/24,2023-10-17,"Abhimanyu Cricket Academy, Dehradun",1,9.4,Nagaland,Tripura,Joshua Ozukum,Sedezhalie Rupero,SS Ghosh,0,0,,,,,,,,,
1383469,2023/24,2023-10-17,"Abhimanyu Cricket Academy, Dehradun",1,9.5,Nagaland,Tripura,Joshua Ozukum,Sedezhalie Rupero,SS Ghosh,6,0,,,,,,,,,
1383469,2023/24,2023-10-17,"Abhimanyu Cricket Academy, Dehradun",1,9.6,Nagaland,Tripura,Joshua Ozukum,Sedezhalie Rupero,SS Ghosh,0,0,,,,,,,,,
1383469,2023/24,2023-10-17,"Abhimanyu Cricket Academy, Dehradun",1,10.1,Nagaland,Tripura,Sedezhalie Rupero,Joshua Ozukum,Parvez Sultan,1,0,,,,,,,,,
1383469,2023/24,2023-10-17,"Abhimanyu Cricket Academy, Dehradun",1,10.2,Nagaland,Tripura,Joshua Ozukum,Sedezhalie Rupero,Parvez Sultan,6,0,,,,,,,,,
1383469,2023/24,2023-10-17,"Abhimanyu Cricket Academy, Dehradun",1,10.3,Nagaland,Tripura,Joshua Ozukum,Sedezhalie Rupero,Parvez Sultan,0,0,,,,,,,,,
1383469,2023/24,2023-10-17,"Abhimanyu Cricket Academy, Dehradun",1,10.4,Nagaland,Tripura,Joshua Ozukum,Sedezhalie Rupero,Parvez Sultan,0,1,1,,,,,,,,
1383469,2023/24,2023-10-17,"Abhimanyu Cricket Academy, Dehradun",1,10.5,Nagaland,Tripura,Joshua Ozukum,Sedezhalie Rupero,Parvez Sultan,0,0,,,,,,,,,
1383469,2023/24,2023-10-17,"Abhimanyu Cricket Academy, Dehradun",1,10.6,Nagaland,Tripura,Joshua Ozukum,Sedezhalie Rupero,Parvez Sultan,0,0,,,,,,,,,
1383469,2023/24,2023-10-17,"Abhimanyu Cricket Academy, Dehradun",1,10.7,Nagaland,Tripura,Joshua Ozukum,Sedezhalie Rupero,Parvez Sultan,0,0,,,,,,,,,
1383469,2023/24,2023-10-17,"Abhimanyu Cricket Academy, Dehradun",1,11.1,Nagaland,Tripura,Sedezhalie Rupero,Joshua Ozukum,Manisankar Murasingh,0,0,,,,,,,,,
1383469,2023/24,2023-10-17,"Abhimanyu Cricket Academy, Dehradun",1,11.2,Nagaland,Tripura,Sedezhalie Rupero,Joshua Ozukum,Manisankar Murasingh,1,0,,,,,,,,,
1383469,2023/24,2023-10-17,"Abhimanyu Cricket Academy, Dehradun",1,11.3,Nagaland,Tripura,Joshua Ozukum,Sedezhalie Rupero,Manisankar Murasingh,0,0,,,,,,,,,
1383469,2023/24,2023-10-17,"Abhimanyu Cricket Academy, Dehradun",1,11.4,Nagaland,Tripura,Joshua Ozukum,Sedezhalie Rupero,Manisankar Murasingh,0,0,,,,,,,,,
1383469,2023/24,2023-10-17,"Abhimanyu Cricket Academy, Dehradun",1,11.5,Nagaland,Tripura,Joshua Ozukum,Sedezhalie Rupero,Manisankar Murasingh,1,0,,,,,,,,,
1383469,2023/24,2023-10-17,"Abhimanyu Cricket Academy, Dehradun",1,11.6,Nagaland,Tripura,Sedezhalie Rupero,Joshua Ozukum,Manisankar Murasingh,1,0,,,,,,,,,
1383469,2023/24,2023-10-17,"Abhimanyu Cricket Academy, Dehradun",1,12.1,Nagaland,Tripura,Sedezhalie Rupero,Joshua Ozukum,Parvez Sultan,6,0,,,,,,,,,
1383469,2023/24,2023-10-17,"Abhimanyu Cricket Academy, Dehradun",1,12.2,Nagaland,Tripura,Sedezhalie Rupero,Joshua Ozukum,Parvez Sultan,0,1,,,,1,,,,,
1383469,2023/24,2023-10-17,"Abhimanyu Cricket Academy, Dehradun",1,12.3,Nagaland,Tripura,Joshua Ozukum,Sedezhalie Rupero,Parvez Sultan,4,0,,,,,,,,,
1383469,2023/24,2023-10-17,"Abhimanyu Cricket Academy, Dehradun",1,12.4,Nagaland,Tripura,Joshua Ozukum,Sedezhalie Rupero,Parvez Sultan,1,0,,,,,,,,,
1383469,2023/24,2023-10-17,"Abhimanyu Cricket Academy, Dehradun",1,12.5,Nagaland,Tripura,Sedezhalie Rupero,Joshua Ozukum,Parvez Sultan,0,0,,,,,,,,,
1383469,2023/24,2023-10-17,"Abhimanyu Cricket Academy, Dehradun",1,12.6,Nagaland,Tripura,Sedezhalie Rupero,Joshua Ozukum,Parvez Sultan,0,0,,,,,,lbw,Sedezhalie Rupero,,
1383469,2023/24,2023-10-17,"Abhimanyu Cricket Academy, Dehradun",1,13.1,Nagaland,Tripura,Joshua Ozukum,Rongsen Jonathan,AK Sarkar,0,0,,,,,,,,,
1383469,2023/24,2023-10-17,"Abhimanyu Cricket Academy, Dehradun",1,13.2,Nagaland,Tripura,Joshua Ozukum,Rongsen Jonathan,AK Sarkar,1,0,,,,,,,,,
1383469,2023/24,2023-10-17,"Abhimanyu Cricket Academy, Dehradun",1,13.3,Nagaland,Tripura,Rongsen Jonathan,Joshua Ozukum,AK Sarkar,1,0,,,,,,,,,
1383469,2023/24,2023-10-17,"Abhimanyu Cricket Academy, Dehradun",1,13.4,Nagaland,Tripura,Joshua Ozukum,Rongsen Jonathan,AK Sarkar,1,0,,,,,,,,,
1383469,2023/24,2023-10-17,"Abhimanyu Cricket Academy, Dehradun",1,13.5,Nagaland,Tripura,Rongsen Jonathan,Joshua Ozukum,AK Sarkar,1,0,,,,,,,,,
1383469,2023/24,2023-10-17,"Abhimanyu Cricket Academy, Dehradun",1,13.6,Nagaland,Tripura,Joshua Ozukum,Rongsen Jonathan,AK Sarkar,0,0,,,,,,caught,Joshua Ozukum,,
1383469,2023/24,2023-10-17,"Abhimanyu Cricket Academy, Dehradun",1,14.1,Nagaland,Tripura,Rongsen Jonathan,Sumit Kumar,BB Debnath,1,0,,,,,,,,,
1383469,2023/24,2023-10-17,"Abhimanyu Cricket Academy, Dehradun",1,14.2,Nagaland,Tripura,Sumit Kumar,Rongsen Jonathan,BB Debnath,1,0,,,,,,,,,
1383469,2023/24,2023-10-17,"Abhimanyu Cricket Academy, Dehradun",1,14.3,Nagaland,Tripura,Rongsen Jonathan,Sumit Kumar,BB Debnath,1,0,,,,,,,,,
1383469,2023/24,2023-10-17,"Abhimanyu Cricket Academy, Dehradun",1,14.4,Nagaland,Tripura,Sumit Kumar,Rongsen Jonathan,BB Debnath,1,0,,,,,,,,,
1383469,2023/24,2023-10-17,"Abhimanyu Cricket Academy, Dehradun",1,14.5,Nagaland,Tripura,Rongsen Jonathan,Sumit Kumar,BB Debnath,1,0,,,,,,,,,
1383469,2023/24,2023-10-17,"Abhimanyu Cricket Academy, Dehradun",1,14.6,Nagaland,Tripura,Sumit Kumar,Rongsen Jonathan,BB Debnath,1,0,,,,,,,,,
1383469,2023/24,2023-10-17,"Abhimanyu Cricket Academy, Dehradun",1,15.1,Nagaland,Tripura,Sumit Kumar,Rongsen Jonathan,Ajay Sarkar,0,0,,,,,,,,,
1383469,2023/24,2023-10-17,"Abhimanyu Cricket Academy, Dehradun",1,15.2,Nagaland,Tripura,Sumit Kumar,Rongsen Jonathan,Ajay Sarkar,0,0,,,,,,,,,
1383469,2023/24,2023-10-17,"Abhimanyu Cricket Academy, Dehradun",1,15.3,Nagaland,Tripura,Sumit Kumar,Rongsen Jonathan,Ajay Sarkar,1,0,,,,,,,,,
1383469,2023/24,2023-10-17,"Abhimanyu Cricket Academy, Dehradun",1,15.4,Nagaland,Tripura,Rongsen Jonathan,Sumit Kumar,Ajay Sarkar,1,0,,,,,,,,,
1383469,2023/24,2023-10-17,"Abhimanyu Cricket Academy, Dehradun",1,15.5,Nagaland,Tripura,Sumit Kumar,Rongsen Jonathan,Ajay Sarkar,4,0,,,,,,,,,
1383469,2023/24,2023-10-17,"Abhimanyu Cricket Academy, Dehradun",1,15.6,Nagaland,Tripura,Sumit Kumar,Rongsen Jonathan,Ajay Sarkar,1,0,,,,,,,,,
1383469,2023/24,2023-10-17,"Abhimanyu Cricket Academy, Dehradun",1,16.1,Nagaland,Tripura,Sumit Kumar,Rongsen Jonathan,BB Debnath,4,0,,,,,,,,,
1383469,2023/24,2023-10-17,"Abhimanyu Cricket Academy, Dehradun",1,16.2,Nagaland,Tripura,Sumit Kumar,Rongsen Jonathan,BB Debnath,0,0,,,,,,,,,
1383469,2023/24,2023-10-17,"Abhimanyu Cricket Academy, Dehradun",1,16.3,Nagaland,Tripura,Sumit Kumar,Rongsen Jonathan,BB Debnath,1,0,,,,,,,,,
1383469,2023/24,2023-10-17,"Abhimanyu Cricket Academy, Dehradun",1,16.4,Nagaland,Tripura,Rongsen Jonathan,Sumit Kumar,BB Debnath,0,0,,,,,,,,,
1383469,2023/24,2023-10-17,"Abhimanyu Cricket Academy, Dehradun",1,16.5,Nagaland,Tripura,Rongsen Jonathan,Sumit Kumar,BB Debnath,1,0,,,,,,,,,
1383469,2023/24,2023-10-17,"Abhimanyu Cricket Academy, Dehradun",1,16.6,Nagaland,Tripura,Sumit Kumar,Rongsen Jonathan,BB Debnath,6,0,,,,,,,,,
1383469,2023/24,2023-10-17,"Abhimanyu Cricket Academy, Dehradun",1,17.1,Nagaland,Tripura,Rongsen Jonathan,Sumit Kumar,AK Sarkar,1,0,,,,,,,,,
1383469,2023/24,2023-10-17,"Abhimanyu Cricket Academy, Dehradun",1,17.2,Nagaland,Tripura,Sumit Kumar,Rongsen Jonathan,AK Sarkar,1,0,,,,,,,,,
1383469,2023/24,2023-10-17,"Abhimanyu Cricket Academy, Dehradun",1,17.3,Nagaland,Tripura,Rongsen Jonathan,Sumit Kumar,AK Sarkar,1,0,,,,,,,,,
1383469,2023/24,2023-10-17,"Abhimanyu Cricket Academy, Dehradun",1,17.4,Nagaland,Tripura,Sumit Kumar,Rongsen Jonathan,AK Sarkar,0,0,,,,,,bowled,Sumit Kumar,,
1383469,2023/24,2023-10-17,"Abhimanyu Cricket Academy, Dehradun",1,17.5,Nagaland,Tripura,Hokaito Zhimomi,Rongsen Jonathan,AK Sarkar,1,0,,,,,,,,,
1383469,2023/24,2023-10-17,"Abhimanyu Cricket Academy, Dehradun",1,17.6,Nagaland,Tripura,Rongsen Jonathan,Hokaito Zhimomi,AK Sarkar,0,0,,,,,,,,,
1383469,2023/24,2023-10-17,"Abhimanyu Cricket Academy, Dehradun",1,18.1,Nagaland,Tripura,Hokaito Zhimomi,Rongsen Jonathan,Manisankar Murasingh,1,0,,,,,,,,,
1383469,2023/24,2023-10-17,"Abhimanyu Cricket Academy, Dehradun",1,18.2,Nagaland,Tripura,Rongsen Jonathan,Hokaito Zhimomi,Manisankar Murasingh,0,1,1,,,,,,,,
1383469,2023/24,2023-10-17,"Abhimanyu Cricket Academy, Dehradun",1,18.3,Nagaland,Tripura,Rongsen Jonathan,Hokaito Zhimomi,Manisankar Murasingh,1,0,,,,,,,,,
1383469,2023/24,2023-10-17,"Abhimanyu Cricket Academy, Dehradun",1,18.4,Nagaland,Tripura,Hokaito Zhimomi,Rongsen Jonathan,Manisankar Murasingh,4,0,,,,,,,,,
1383469,2023/24,2023-10-17,"Abhimanyu Cricket Academy, Dehradun",1,18.5,Nagaland,Tripura,Hokaito Zhimomi,Rongsen Jonathan,Manisankar Murasingh,0,1,1,,,,,,,,
1383469,2023/24,2023-10-17,"Abhimanyu Cricket Academy, Dehradun",1,18.6,Nagaland,Tripura,Hokaito Zhimomi,Rongsen Jonathan,Manisankar Murasingh,0,0,,,,,,,,,
1383469,2023/24,2023-10-17,"Abhimanyu Cricket Academy, Dehradun",1,18.7,Nagaland,Tripura,Hokaito Zhimomi,Rongsen Jonathan,Manisankar Murasingh,1,0,,,,,,,,,
1383469,2023/24,2023-10-17,"Abhimanyu Cricket Academy, Dehradun",1,18.8,Nagaland,Tripura,Rongsen Jonathan,Hokaito Zhimomi,Manisankar Murasingh,2,0,,,,,,,,,
1383469,2023/24,2023-10-17,"Abhimanyu Cricket Academy, Dehradun",1,19.1,Nagaland,Tripura,Hokaito Zhimomi,Rongsen Jonathan,Ajay Sarkar,0,0,,,,,,,,,
1383469,2023/24,2023-10-17,"Abhimanyu Cricket Academy, Dehradun",1,19.2,Nagaland,Tripura,Hokaito Zhimomi,Rongsen Jonathan,Ajay Sarkar,1,0,,,,,,,,,
1383469,2023/24,2023-10-17,"Abhimanyu Cricket Academy, Dehradun",1,19.3,Nagaland,Tripura,Rongsen Jonathan,Hokaito Zhimomi,Ajay Sarkar,1,0,,,,,,,,,
1383469,2023/24,2023-10-17,"Abhimanyu Cricket Academy, Dehradun",1,19.4,Nagaland,Tripura,Hokaito Zhimomi,Rongsen Jonathan,Ajay Sarkar,0,1,,1,,,,,,,
1383469,2023/24,2023-10-17,"Abhimanyu Cricket Academy, Dehradun",1,19.5,Nagaland,Tripura,Hokaito Zhimomi,Rongsen Jonathan,Ajay Sarkar,0,0,,,,,,,,,
1383469,2023/24,2023-10-17,"Abhimanyu Cricket Academy, Dehradun",1,19.6,Nagaland,Tripura,Hokaito Zhimomi,Rongsen Jonathan,Ajay Sarkar,0,0,,,,,,bowled,Hokaito Zhimomi,,
1383469,2023/24,2023-10-17,"Abhimanyu Cricket Academy, Dehradun",1,19.7,Nagaland,Tripura,RS Jaganath Sinivas,Rongsen Jonathan,Ajay Sarkar,0,0,,,,,,,,,
1383469,2023/24,2023-10-17,"Abhimanyu Cricket Academy, Dehradun",2,0.1,Tripura,Nagaland,Bikramkumar Das,WP Saha,RS Jaganath Sinivas,0,0,,,,,,,,,
1383469,2023/24,2023-10-17,"Abhimanyu Cricket Academy, Dehradun",2,0.2,Tripura,Nagaland,Bikramkumar Das,WP Saha,RS Jaganath Sinivas,4,0,,,,,,,,,
1383469,2023/24,2023-10-17,"Abhimanyu Cricket Academy, Dehradun",2,0.3,Tripura,Nagaland,Bikramkumar Das,WP Saha,RS Jaganath Sinivas,0,0,,,,,,,,,
1383469,2023/24,2023-10-17,"Abhimanyu Cricket Academy, Dehradun",2,0.4,Tripura,Nagaland,Bikramkumar Das,WP Saha,RS Jaganath Sinivas,0,0,,,,,,caught,Bikramkumar Das,,
1383469,2023/24,2023-10-17,"Abhimanyu Cricket Academy, Dehradun",2,0.5,Tripura,Nagaland,NN Sen Chowdhary,WP Saha,RS Jaganath Sinivas,0,0,,,,,,,,,
1383469,2023/24,2023-10-17,"Abhimanyu Cricket Academy, Dehradun",2,0.6,Tripura,Nagaland,NN Sen Chowdhary,WP Saha,RS Jaganath Sinivas,0,0,,,,,,,,,
1383469,2023/24,2023-10-17,"Abhimanyu Cricket Academy, Dehradun",2,1.1,Tripura,Nagaland,WP Saha,NN Sen Chowdhary,K Tewatiya,0,1,1,,,,,,,,
1383469,2023/24,2023-10-17,"Abhimanyu Cricket Academy, Dehradun",2,1.2,Tripura,Nagaland,WP Saha,NN Sen Chowdhary,K Tewatiya,0,0,,,,,,,,,
1383469,2023/24,2023-10-17,"Abhimanyu Cricket Academy, Dehradun",2,1.3,Tripura,Nagaland,WP Saha,NN Sen Chowdhary,K Tewatiya,0,0,,,,,,,,,
1383469,2023/24,2023-10-17,"Abhimanyu Cricket Academy, Dehradun",2,1.4,Tripura,Nagaland,WP Saha,NN Sen Chowdhary,K Tewatiya,0,0,,,,,,,,,
1383469,2023/24,2023-10-17,"Abhimanyu Cricket Academy, Dehradun",2,1.5,Tripura,Nagaland,WP Saha,NN Sen Chowdhary,K Tewatiya,0,0,,,,,,,,,
1383469,2023/24,2023-10-17,"Abhimanyu Cricket Academy, Dehradun",2,1.6,Tripura,Nagaland,WP Saha,NN Sen Chowdhary,K Tewatiya,0,0,,,,,,,,,
1383469,2023/24,2023-10-17,"Abhimanyu Cricket Academy, Dehradun",2,1.7,Tripura,Nagaland,WP Saha,NN Sen Chowdhary,K Tewatiya,0,0,,,,,,,,,
1383469,2023/24,2023-10-17,"Abhimanyu Cricket Academy, Dehradun",2,2.1,Tripura,Nagaland,NN Sen Chowdhary,WP Saha,RS Jaganath Sinivas,0,0,,,,,,,,,
1383469,2023/24,2023-10-17,"Abhimanyu Cricket Academy, Dehradun",2,2.2,Tripura,Nagaland,NN Sen Chowdhary,WP Saha,RS Jaganath Sinivas,1,0,,,,,,,,,
1383469,2023/24,2023-10-17,"Abhimanyu Cricket Academy, Dehradun",2,2.3,Tripura,Nagaland,WP Saha,NN Sen Chowdhary,RS Jaganath Sinivas,0,0,,,,,,,,,
1383469,2023/24,2023-10-17,"Abhimanyu Cricket Academy, Dehradun",2,2.4,Tripura,Nagaland,WP Saha,NN Sen Chowdhary,RS Jaganath Sinivas,1,0,,,,,,,,,
1383469,2023/24,2023-10-17,"Abhimanyu Cricket Academy, Dehradun",2,2.5,Tripura,Nagaland,NN Sen Chowdhary,WP Saha,RS Jaganath Sinivas,1,0,,,,,,,,,
1383469,2023/24,2023-10-17,"Abhimanyu Cricket Academy, Dehradun",2,2.6,Tripura,Nagaland,WP Saha,NN Sen Chowdhary,RS Jaganath Sinivas,0,0,,,,,,,,,
1383469,2023/24,2023-10-17,"Abhimanyu Cricket Academy, Dehradun",2,3.1,Tripura,Nagaland,NN Sen Chowdhary,WP Saha,K Tewatiya,0,0,,,,,,,,,
1383469,2023/24,2023-10-17,"Abhimanyu Cricket Academy, Dehradun",2,3.2,Tripura,Nagaland,NN Sen Chowdhary,WP Saha,K Tewatiya,1,0,,,,,,,,,
1383469,2023/24,2023-10-17,"Abhimanyu Cricket Academy, Dehradun",2,3.3,Tripura,Nagaland,WP Saha,NN Sen Chowdhary,K Tewatiya,4,0,,,,,,,,,
1383469,2023/24,2023-10-17,"Abhimanyu Cricket Academy, Dehradun",2,3.4,Tripura,Nagaland,WP Saha,NN Sen Chowdhary,K Tewatiya,0,0,,,,,,,,,
1383469,2023/24,2023-10-17,"Abhimanyu Cricket Academy, Dehradun",2,3.5,Tripura,Nagaland,WP Saha,NN Sen Chowdhary,K Tewatiya,1,0,,,,,,,,,
1383469,2023/24,2023-10-17,"Abhimanyu Cricket Academy, Dehradun",2,3.6,Tripura,Nagaland,NN Sen Chowdhary,WP Saha,K Tewatiya,0,0,,,,,,,,,
1383469,2023/24,2023-10-17,"Abhimanyu Cricket Academy, Dehradun",2,4.1,Tripura,Nagaland,WP Saha,NN Sen Chowdhary,Nagaho Chishi,0,0,,,,,,,,,
1383469,2023/24,2023-10-17,"Abhimanyu Cricket Academy, Dehradun",2,4.2,Tripura,Nagaland,WP Saha,NN Sen Chowdhary,Nagaho Chishi,0,0,,,,,,,,,
1383469,2023/24,2023-10-17,"Abhimanyu Cricket Academy, Dehradun",2,4.3,Tripura,Nagaland,WP Saha,NN Sen Chowdhary,Nagaho Chishi,4,0,,,,,,,,,
1383469,2023/24,2023-10-17,"Abhimanyu Cricket Academy, Dehradun",2,4.4,Tripura,Nagaland,WP Saha,NN Sen Chowdhary,Nagaho Chishi,4,0,,,,,,,,,
1383469,2023/24,2023-10-17,"Abhimanyu Cricket Academy, Dehradun",2,4.5,Tripura,Nagaland,WP Saha,NN Sen Chowdhary,Nagaho Chishi,2,0,,,,,,,,,
1383469,2023/24,2023-10-17,"Abhimanyu Cricket Academy, Dehradun",2,4.6,Tripura,Nagaland,WP Saha,NN Sen Chowdhary,Nagaho Chishi,1,0,,,,,,,,,
1383469,2023/24,2023-10-17,"Abhimanyu Cricket Academy, Dehradun",2,5.1,Tripura,Nagaland,WP Saha,NN Sen Chowdhary,Imliwati Lemtur,1,0,,,,,,,,,
1383469,2023/24,2023-10-17,"Abhimanyu Cricket Academy, Dehradun",2,5.2,Tripura,Nagaland,NN Sen Chowdhary,WP Saha,Imliwati Lemtur,0,0,,,,,,,,,
1383469,2023/24,2023-10-17,"Abhimanyu Cricket Academy, Dehradun",2,5.3,Tripura,Nagaland,NN Sen Chowdhary,WP Saha,Imliwati Lemtur,0,0,,,,,,,,,
1383469,2023/24,2023-10-17,"Abhimanyu Cricket Academy, Dehradun",2,5.4,Tripura,Nagaland,NN Sen Chowdhary,WP Saha,Imliwati Lemtur,2,0,,,,,,,,,
1383469,2023/24,2023-10-17,"Abhimanyu Cricket Academy, Dehradun",2,5.5,Tripura,Nagaland,NN Sen Chowdhary,WP Saha,Imliwati Lemtur,4,0,,,,,,,,,
1383469,2023/24,2023-10-17,"Abhimanyu Cricket Academy, Dehradun",2,5.6,Tripura,Nagaland,NN Sen Chowdhary,WP Saha,Imliwati Lemtur,1,0,,,,,,,,,
1383469,2023/24,2023-10-17,"Abhimanyu Cricket Academy, Dehradun",2,6.1,Tripura,Nagaland,NN Sen Chowdhary,WP Saha,Nagaho Chishi,1,0,,,,,,,,,
1383469,2023/24,2023-10-17,"Abhimanyu Cricket Academy, Dehradun",2,6.2,Tripura,Nagaland,WP Saha,NN Sen Chowdhary,Nagaho Chishi,0,0,,,,,,,,,
1383469,2023/24,2023-10-17,"Abhimanyu Cricket Academy, Dehradun",2,6.3,Tripura,Nagaland,WP Saha,NN Sen Chowdhary,Nagaho Chishi,1,0,,,,,,,,,
1383469,2023/24,2023-10-17,"Abhimanyu Cricket Academy, Dehradun",2,6.4,Tripura,Nagaland,NN Sen Chowdhary,WP Saha,Nagaho Chishi,0,0,,,,,,,,,
1383469,2023/24,2023-10-17,"Abhimanyu Cricket Academy, Dehradun",2,6.5,Tripura,Nagaland,NN Sen Chowdhary,WP Saha,Nagaho Chishi,4,0,,,,,,,,,
1383469,2023/24,2023-10-17,"Abhimanyu Cricket Academy, Dehradun",2,6.6,Tripura,Nagaland,NN Sen Chowdhary,WP Saha,Nagaho Chishi,1,0,,,,,,,,,
1383469,2023/24,2023-10-17,"Abhimanyu Cricket Academy, Dehradun",2,7.1,Tripura,Nagaland,NN Sen Chowdhary,WP Saha,Imliwati Lemtur,4,0,,,,,,,,,
1383469,2023/24,2023-10-17,"Abhimanyu Cricket Academy, Dehradun",2,7.2,Tripura,Nagaland,NN Sen Chowdhary,WP Saha,Imliwati Lemtur,0,1,,,,1,,,,,
1383469,2023/24,2023-10-17,"Abhimanyu Cricket Academy, Dehradun",2,7.3,Tripura,Nagaland,WP Saha,NN Sen Chowdhary,Imliwati Lemtur,1,0,,,,,,,,,
1383469,2023/24,2023-10-17,"Abhimanyu Cricket Academy, Dehradun",2,7.4,Tripura,Nagaland,NN Sen Chowdhary,WP Saha,Imliwati Lemtur,1,0,,,,,,,,,
1383469,2023/24,2023-10-17,"Abhimanyu Cricket Academy, Dehradun",2,7.5,Tripura,Nagaland,WP Saha,NN Sen Chowdhary,Imliwati Lemtur,0,0,,,,,,,,,
1383469,2023/24,2023-10-17,"Abhimanyu Cricket Academy, Dehradun",2,7.6,Tripura,Nagaland,WP Saha,NN Sen Chowdhary,Imliwati Lemtur,1,0,,,,,,,,,
1383469,2023/24,2023-10-17,"Abhimanyu Cricket Academy, Dehradun",2,8.1,Tripura,Nagaland,WP Saha,NN Sen Chowdhary,Khrievitso Kense,4,0,,,,,,,,,
1383469,2023/24,2023-10-17,"Abhimanyu Cricket Academy, Dehradun",2,8.2,Tripura,Nagaland,WP Saha,NN Sen Chowdhary,Khrievitso Kense,0,0,,,,,,,,,
1383469,2023/24,2023-10-17,"Abhimanyu Cricket Academy, Dehradun",2,8.3,Tripura,Nagaland,WP Saha,NN Sen Chowdhary,Khrievitso Kense,1,0,,,,,,,,,
1383469,2023/24,2023-10-17,"Abhimanyu Cricket Academy, Dehradun",2,8.4,Tripura,Nagaland,NN Sen Chowdhary,WP Saha,Khrievitso Kense,1,0,,,,,,,,,
1383469,2023/24,2023-10-17,"Abhimanyu Cricket Academy, Dehradun",2,8.5,Tripura,Nagaland,WP Saha,NN Sen Chowdhary,Khrievitso Kense,1,0,,,,,,,,,
1383469,2023/24,2023-10-17,"Abhimanyu Cricket Academy, Dehradun",2,8.6,Tripura,Nagaland,NN Sen Chowdhary,WP Saha,Khrievitso Kense,1,0,,,,,,,,,
1383469,2023/24,2023-10-17,"Abhimanyu Cricket Academy, Dehradun",2,9.1,Tripura,Nagaland,NN Sen Chowdhary,WP Saha,Tahmeed Rahman,4,0,,,,,,,,,
1383469,2023/24,2023-10-17,"Abhimanyu Cricket Academy, Dehradun",2,9.2,Tripura,Nagaland,NN Sen Chowdhary,WP Saha,Tahmeed Rahman,0,0,,,,,,,,,
1383469,2023/24,2023-10-17,"Abhimanyu Cricket Academy, Dehradun",2,9.3,Tripura,Nagaland,NN Sen Chowdhary,WP Saha,Tahmeed Rahman,1,0,,,,,,,,,
1383469,2023/24,2023-10-17,"Abhimanyu Cricket Academy, Dehradun",2,9.4,Tripura,Nagaland,WP Saha,NN Sen Chowdhary,Tahmeed Rahman,1,0,,,,,,,,,
1383469,2023/24,2023-10-17,"Abhimanyu Cricket Academy, Dehradun",2,9.5,Tripura,Nagaland,NN Sen Chowdhary,WP Saha,Tahmeed Rahman,0,0,,,,,,,,,
1383469,2023/24,2023-10-17,"Abhimanyu Cricket Academy, Dehradun",2,9.6,Tripura,Nagaland,NN Sen Chowdhary,WP Saha,Tahmeed Rahman,0,0,,,,,,caught and bowled,NN Sen Chowdhary,,
1383469,2023/24,2023-10-17,"Abhimanyu Cricket Academy, Dehradun",2,10.1,Tripura,Nagaland,WP Saha,Sudip Chatterjee,Khrievitso Kense,1,0,,,,,,,,,
1383469,2023/24,2023-10-17,"Abhimanyu Cricket Academy, Dehradun",2,10.2,Tripura,Nagaland,Sudip Chatterjee,WP Saha,Khrievitso Kense,1,0,,,,,,,,,
1383469,2023/24,2023-10-17,"Abhimanyu Cricket Academy, Dehradun",2,10.3,Tripura,Nagaland,WP Saha,Sudip Chatterjee,Khrievitso Kense,1,0,,,,,,,,,
1383469,2023/24,2023-10-17,"Abhimanyu Cricket Academy, Dehradun",2,10.4,Tripura,Nagaland,Sudip Chatterjee,WP Saha,Khrievitso Kense,0,0,,,,,,,,,
1383469,2023/24,2023-10-17,"Abhimanyu Cricket Academy, Dehradun",2,10.5,Tripura,Nagaland,Sudip Chatterjee,WP Saha,Khrievitso Kense,1,0,,,,,,,,,
1383469,2023/24,2023-10-17,"Abhimanyu Cricket Academy, Dehradun",2,10.6,Tripura,Nagaland,WP Saha,Sudip Chatterjee,Khrievitso Kense,0,0,,,,,,,,,
1383469,2023/24,2023-10-17,"Abhimanyu Cricket Academy, Dehradun",2,11.1,Tripura,Nagaland,Sudip Chatterjee,WP Saha,Tahmeed Rahman,0,0,,,,,,,,,
1383469,2023/24,2023-10-17,"Abhimanyu Cricket Academy, Dehradun",2,11.2,Tripura,Nagaland,Sudip Chatterjee,WP Saha,Tahmeed Rahman,1,0,,,,,,,,,
1383469,2023/24,2023-10-17,"Abhimanyu Cricket Academy, Dehradun",2,11.3,Tripura,Nagaland,WP Saha,Sudip Chatterjee,Tahmeed Rahman,2,0,,,,,,,,,
1383469,2023/24,2023-10-17,"Abhimanyu Cricket Academy, Dehradun",2,11.4,Tripura,Nagaland,WP Saha,Sudip Chatterjee,Tahmeed Rahman,0,0,,,,,,,,,
1383469,2023/24,2023-10-17,"Abhimanyu Cricket Academy, Dehradun",2,11.5,Tripura,Nagaland,WP Saha,Sudip Chatterjee,Tahmeed Rahman,1,0,,,,,,,,,
1383469,2023/24,2023-10-17,"Abhimanyu Cricket Academy, Dehradun",2,11.6,Tripura,Nagaland,Sudip Chatterjee,WP Saha,Tahmeed Rahman,1,0,,,,,,,,,
1383469,2023/24,2023-10-17,"Abhimanyu Cricket Academy, Dehradun",2,12.1,Tripura,Nagaland,Sudip Chatterjee,WP Saha,K Tewatiya,0,0,,,,,,,,,
1383469,2023/24,2023-10-17,"Abhimanyu Cricket Academy, Dehradun",2,12.2,Tripura,Nagaland,Sudip Chatterjee,WP Saha,K Tewatiya,0,0,,,,,,,,,
1383469,2023/24,2023-10-17,"Abhimanyu Cricket Academy, Dehradun",2,12.3,Tripura,Nagaland,Sudip Chatterjee,WP Saha,K Tewatiya,1,0,,,,,,,,,
1383469,2023/24,2023-10-17,"Abhimanyu Cricket Academy, Dehradun",2,12.4,Tripura,Nagaland,WP Saha,Sudip Chatterjee,K Tewatiya,0,0,,,,,,,,,
1383469,2023/24,2023-10-17,"Abhimanyu Cricket Academy, Dehradun",2,12.5,Tripura,Nagaland,WP Saha,Sudip Chatterjee,K Tewatiya,1,0,,,,,,,,,
1383469,2023/24,2023-10-17,"Abhimanyu Cricket Academy, Dehradun",2,12.6,Tripura,Nagaland,Sudip Chatterjee,WP Saha,K Tewatiya,1,0,,,,,,,,,
1383469,2023/24,2023-10-17,"Abhimanyu Cricket Academy, Dehradun",2,13.1,Tripura,Nagaland,Sudip Chatterjee,WP Saha,Nagaho Chishi,1,0,,,,,,,,,
1383469,2023/24,2023-10-17,"Abhimanyu Cricket Academy, Dehradun",2,13.2,Tripura,Nagaland,WP Saha,Sudip Chatterjee,Nagaho Chishi,4,0,,,,,,,,,
1383469,2023/24,2023-10-17,"Abhimanyu Cricket Academy, Dehradun",2,13.3,Tripura,Nagaland,WP Saha,Sudip Chatterjee,Nagaho Chishi,1,0,,,,,,,,,
1383469,2023/24,2023-10-17,"Abhimanyu Cricket Academy, Dehradun",2,13.4,Tripura,Nagaland,Sudip Chatterjee,WP Saha,Nagaho Chishi,1,0,,,,,,,,,
1383469,2023/24,2023-10-17,"Abhimanyu Cricket Academy, Dehradun",2,13.5,Tripura,Nagaland,WP Saha,Sudip Chatterjee,Nagaho Chishi,1,0,,,,,,,,,
1383469,2023/24,2023-10-17,"Abhimanyu Cricket Academy, Dehradun",2,13.6,Tripura,Nagaland,Sudip Chatterjee,WP Saha,Nagaho Chishi,1,0,,,,,,,,,
1383469,2023/24,2023-10-17,"Abhimanyu Cricket Academy, Dehradun",2,14.1,Tripura,Nagaland,Sudip Chatterjee,WP Saha,RS Jaganath Sinivas,2,0,,,,,,,,,
1383469,2023/24,2023-10-17,"Abhimanyu Cricket Academy, Dehradun",2,14.2,Tripura,Nagaland,Sudip Chatterjee,WP Saha,RS Jaganath Sinivas,0,0,,,,,,,,,
1383469,2023/24,2023-10-17,"Abhimanyu Cricket Academy, Dehradun",2,14.3,Tripura,Nagaland,Sudip Chatterjee,WP Saha,RS Jaganath Sinivas,2,0,,,,,,,,,
1383469,2023/24,2023-10-17,"Abhimanyu Cricket Academy, Dehradun",2,14.4,Tripura,Nagaland,Sudip Chatterjee,WP Saha,RS Jaganath Sinivas,0,0,,,,,,caught,Sudip Chatterjee,,
1383469,2023/24,2023-10-17,"Abhimanyu Cricket Academy, Dehradun",2,14.5,Tripura,Nagaland,Rajat Dey,WP Saha,RS Jaganath Sinivas,1,0,,,,,,,,,
1383469,2023/24,2023-10-17,"Abhimanyu Cricket Academy, Dehradun",2,14.6,Tripura,Nagaland,WP Saha,Rajat Dey,RS Jaganath Sinivas,1,0,,,,,,,,,
1383469,2023/24,2023-10-17,"Abhimanyu Cricket Academy, Dehradun",2,15.1,Tripura,Nagaland,WP Saha,Rajat Dey,Imliwati Lemtur,0,0,,,,,,caught,WP Saha,,
1383469,2023/24,2023-10-17,"Abhimanyu Cricket Academy, Dehradun",2,15.2,Tripura,Nagaland,Manisankar Murasingh,Rajat Dey,Imliwati Lemtur,1,0,,,,,,,,,
1383469,2023/24,2023-10-17,"Abhimanyu Cricket Academy, Dehradun",2,15.3,Tripura,Nagaland,Rajat Dey,Manisankar Murasingh,Imliwati Lemtur,1,0,,,,,,,,,
1383469,2023/24,2023-10-17,"Abhimanyu Cricket Academy, Dehradun",2,15.4,Tripura,Nagaland,Manisankar Murasingh,Rajat Dey,Imliwati Lemtur,0,0,,,,,,,,,
1383469,2023/24,2023-10-17,"Abhimanyu Cricket Academy, Dehradun",2,15.5,Tripura,Nagaland,Manisankar Murasingh,Rajat Dey,Imliwati Lemtur,0,0,,,,,,,,,
1383469,2023/24,2023-10-17,"Abhimanyu Cricket Academy, Dehradun",2,15.6,Tripura,Nagaland,Manisankar Murasingh,Rajat Dey,Imliwati Lemtur,1,0,,,,,,,,,
1383469,2023/24,2023-10-17,"Abhimanyu Cricket Academy, Dehradun",2,16.1,Tripura,Nagaland,Manisankar Murasingh,Rajat Dey,Nagaho Chishi,2,0,,,,,,,,,
1383469,2023/24,2023-10-17,"Abhimanyu Cricket Academy, Dehradun",2,16.2,Tripura,Nagaland,Manisankar Murasingh,Rajat Dey,Nagaho Chishi,1,0,,,,,,,,,
1383469,2023/24,2023-10-17,"Abhimanyu Cricket Academy, Dehradun",2,16.3,Tripura,Nagaland,Rajat Dey,Manisankar Murasingh,Nagaho Chishi,1,0,,,,,,,,,
1383469,2023/24,2023-10-17,"Abhimanyu Cricket Academy, Dehradun",2,16.4,Tripura,Nagaland,Manisankar Murasingh,Rajat Dey,Nagaho Chishi,0,0,,,,,,,,,
1383469,2023/24,2023-10-17,"Abhimanyu Cricket Academy, Dehradun",2,16.5,Tripura,Nagaland,Manisankar Murasingh,Rajat Dey,Nagaho Chishi,1,0,,,,,,,,,
1383469,2023/24,2023-10-17,"Abhimanyu Cricket Academy, Dehradun",2,16.6,Tripura,Nagaland,Rajat Dey,Manisankar Murasingh,Nagaho Chishi,6,0,,,,,,,,,
1383469,2023/24,2023-10-17,"Abhimanyu Cricket Academy, Dehradun",2,17.1,Tripura,Nagaland,Manisankar Murasingh,Rajat Dey,Tahmeed Rahman,1,0,,,,,,,,,
1383469,2023/24,2023-10-17,"Abhimanyu Cricket Academy, Dehradun",2,17.2,Tripura,Nagaland,Rajat Dey,Manisankar Murasingh,Tahmeed Rahman,1,0,,,,,,,,,
1383469,2023/24,2023-10-17,"Abhimanyu Cricket Academy, Dehradun",2,17.3,Tripura,Nagaland,Manisankar Murasingh,Rajat Dey,Tahmeed Rahman,2,0,,,,,,,,,
1383469,2023/24,2023-10-17,"Abhimanyu Cricket Academy, Dehradun",2,17.4,Tripura,Nagaland,Manisankar Murasingh,Rajat Dey,Tahmeed Rahman,0,0,,,,,,caught,Manisankar Murasingh,,
1383469,2023/24,2023-10-17,"Abhimanyu Cricket Academy, Dehradun",2,17.5,Tripura,Nagaland,Ganesh Satish,Rajat Dey,Tahmeed Rahman,1,0,,,,,,,,,
1383469,2023/24,2023-10-17,"Abhimanyu Cricket Academy, Dehradun",2,17.6,Tripura,Nagaland,Rajat Dey,Ganesh Satish,Tahmeed Rahman,1,0,,,,,,,,,
1383469,2023/24,2023-10-17,"Abhimanyu Cricket Academy, Dehradun",2,18.1,Tripura,Nagaland,Rajat Dey,Ganesh Satish,RS Jaganath Sinivas,6,0,,,,,,,,,
1383469,2023/24,2023-10-17,"Abhimanyu Cricket Academy, Dehradun",2,18.2,Tripura,Nagaland,Rajat Dey,Ganesh Satish,RS Jaganath Sinivas,6,0,,,,,,,,,
1383469,2023/24,2023-10-17,"Abhimanyu Cricket Academy, Dehradun",2,18.3,Tripura,Nagaland,Rajat Dey,Ganesh Satish,RS Jaganath Sinivas,1,0,,,,,,,,,
1383469,2023/24,2023-10-17,"Abhimanyu Cricket Academy, Dehradun",2,18.4,Tripura,Nagaland,Ganesh Satish,Rajat Dey,RS Jaganath Sinivas,1,0,,,,,,,,,
1383469,2023/24,2023-10-17,"Abhimanyu Cricket Academy, Dehradun",2,18.5,Tripura,Nagaland,Rajat Dey,Ganesh Satish,RS Jaganath Sinivas,0,0,,,,,,bowled,Rajat Dey,,
1383469,2023/24,2023-10-17,"Abhimanyu Cricket Academy, Dehradun",2,18.6,Tripura,Nagaland,BB Debnath,Ganesh Satish,RS Jaganath Sinivas,2,0,,,,,,,,,
1383469,2023/24,2023-10-17,"Abhimanyu Cricket Academy, Dehradun",2,19.1,Tripura,Nagaland,Ganesh Satish,BB Debnath,K Tewatiya,0,0,,,,,,,,,
1383469,2023/24,2023-10-17,"Abhimanyu Cricket Academy, Dehradun",2,19.2,Tripura,Nagaland,Ganesh Satish,BB Debnath,K Tewatiya,1,0,,,,,,,,,
1383469,2023/24,2023-10-17,"Abhimanyu Cricket Academy, Dehradun",2,19.3,Tripura,Nagaland,BB Debnath,Ganesh Satish,K Tewatiya,0,0,,,,,,,,,
1383469,2023/24,2023-10-17,"Abhimanyu Cricket Academy, Dehradun",2,19.4,Tripura,Nagaland,BB Debnath,Ganesh Satish,K Tewatiya,0,0,,,,,,run out,BB Debnath,,
1383469,2023/24,2023-10-17,"Abhimanyu Cricket Academy, Dehradun",2,19.5,Tripura,Nagaland,AK Sarkar,Ganesh Satish,K Tewatiya,6,0,,,,,,,,,
