match_id,season,start_date,venue,innings,ball,batting_team,bowling_team,striker,non_striker,bowler,runs_off_bat,extras,wides,noballs,byes,legbyes,penalty,wicket_type,player_dismissed,other_wicket_type,other_player_dismissed
1383523,2023/24,2023-10-23,"Abhimanyu Cricket Academy, Dehradun",1,0.1,Uttar Pradesh,Tripura,Abhishek Goswami,KS Sharma,Manisankar Murasingh,0,0,,,,,,,,,
1383523,2023/24,2023-10-23,"Abhimanyu Cricket Academy, Dehradun",1,0.2,Uttar Pradesh,Tripura,Abhishek Goswami,KS Sharma,Manisankar Murasingh,0,0,,,,,,,,,
1383523,2023/24,2023-10-23,"Abhimanyu Cricket Academy, Dehradun",1,0.3,Uttar Pradesh,Tripura,Abhishek Goswami,KS Sharma,Manisankar Murasingh,0,0,,,,,,,,,
1383523,2023/24,2023-10-23,"Abhimanyu Cricket Academy, Dehradun",1,0.4,Uttar Pradesh,Tripura,Abhishek Goswami,KS Sharma,Manisankar Murasingh,0,0,,,,,,,,,
1383523,2023/24,2023-10-23,"Abhimanyu Cricket Academy, Dehradun",1,0.5,Uttar Pradesh,Tripura,Abhishek Goswami,KS Sharma,Manisankar Murasingh,1,1,,1,,,,,,,
1383523,2023/24,2023-10-23,"Abhimanyu Cricket Academy, Dehradun",1,0.6,Uttar Pradesh,Tripura,KS Sharma,Abhishek Goswami,Manisankar Murasingh,1,0,,,,,,,,,
1383523,2023/24,2023-10-23,"Abhimanyu Cricket Academy, Dehradun",1,0.7,Uttar Pradesh,Tripura,Abhishek Goswami,KS Sharma,Manisankar Murasingh,4,0,,,,,,,,,
1383523,2023/24,2023-10-23,"Abhimanyu Cricket Academy, Dehradun",1,1.1,Uttar Pradesh,Tripura,KS Sharma,Abhishek Goswami,AK Sarkar,0,0,,,,,,,,,
1383523,2023/24,2023-10-23,"Abhimanyu Cricket Academy, Dehradun",1,1.2,Uttar Pradesh,Tripura,KS Sharma,Abhishek Goswami,AK Sarkar,4,0,,,,,,,,,
1383523,2023/24,2023-10-23,"Abhimanyu Cricket Academy, Dehradun",1,1.3,Uttar Pradesh,Tripura,KS Sharma,Abhishek Goswami,AK Sarkar,0,0,,,,,,,,,
1383523,2023/24,2023-10-23,"Abhimanyu Cricket Academy, Dehradun",1,1.4,Uttar Pradesh,Tripura,KS Sharma,Abhishek Goswami,AK Sarkar,1,0,,,,,,,,,
1383523,2023/24,2023-10-23,"Abhimanyu Cricket Academy, Dehradun",1,1.5,Uttar Pradesh,Tripura,Abhishek Goswami,KS Sharma,AK Sarkar,4,0,,,,,,,,,
1383523,2023/24,2023-10-23,"Abhimanyu Cricket Academy, Dehradun",1,1.6,Uttar Pradesh,Tripura,Abhishek Goswami,KS Sharma,AK Sarkar,0,0,,,,,,,,,
1383523,2023/24,2023-10-23,"Abhimanyu Cricket Academy, Dehradun",1,2.1,Uttar Pradesh,Tripura,KS Sharma,Abhishek Goswami,Manisankar Murasingh,0,1,1,,,,,,,,
1383523,2023/24,2023-10-23,"Abhimanyu Cricket Academy, Dehradun",1,2.2,Uttar Pradesh,Tripura,KS Sharma,Abhishek Goswami,Manisankar Murasingh,4,0,,,,,,,,,
1383523,2023/24,2023-10-23,"Abhimanyu Cricket Academy, Dehradun",1,2.3,Uttar Pradesh,Tripura,KS Sharma,Abhishek Goswami,Manisankar Murasingh,0,0,,,,,,,,,
1383523,2023/24,2023-10-23,"Abhimanyu Cricket Academy, Dehradun",1,2.4,Uttar Pradesh,Tripura,KS Sharma,Abhishek Goswami,Manisankar Murasingh,0,0,,,,,,,,,
1383523,2023/24,2023-10-23,"Abhimanyu Cricket Academy, Dehradun",1,2.5,Uttar Pradesh,Tripura,KS Sharma,Abhishek Goswami,Manisankar Murasingh,1,0,,,,,,,,,
1383523,2023/24,2023-10-23,"Abhimanyu Cricket Academy, Dehradun",1,2.6,Uttar Pradesh,Tripura,Abhishek Goswami,KS Sharma,Manisankar Murasingh,6,0,,,,,,,,,
1383523,2023/24,2023-10-23,"Abhimanyu Cricket Academy, Dehradun",1,2.7,Uttar Pradesh,Tripura,Abhishek Goswami,KS Sharma,Manisankar Murasingh,0,0,,,,,,,,,
1383523,2023/24,2023-10-23,"Abhimanyu Cricket Academy, Dehradun",1,3.1,Uttar Pradesh,Tripura,KS Sharma,Abhishek Goswami,SS Ghosh,4,0,,,,,,,,,
1383523,2023/24,2023-10-23,"Abhimanyu Cricket Academy, Dehradun",1,3.2,Uttar Pradesh,Tripura,KS Sharma,Abhishek Goswami,SS Ghosh,4,0,,,,,,,,,
1383523,2023/24,2023-10-23,"Abhimanyu Cricket Academy, Dehradun",1,3.3,Uttar Pradesh,Tripura,KS Sharma,Abhishek Goswami,SS Ghosh,1,0,,,,,,,,,
1383523,2023/24,2023-10-23,"Abhimanyu Cricket Academy, Dehradun",1,3.4,Uttar Pradesh,Tripura,Abhishek Goswami,KS Sharma,SS Ghosh,0,0,,,,,,run out,KS Sharma,,
1383523,2023/24,2023-10-23,"Abhimanyu Cricket Academy, Dehradun",1,3.5,Uttar Pradesh,Tripura,N Rana,Abhishek Goswami,SS Ghosh,1,0,,,,,,,,,
1383523,2023/24,2023-10-23,"Abhimanyu Cricket Academy, Dehradun",1,3.6,Uttar Pradesh,Tripura,Abhishek Goswami,N Rana,SS Ghosh,1,0,,,,,,,,,
1383523,2023/24,2023-10-23,"Abhimanyu Cricket Academy, Dehradun",1,4.1,Uttar Pradesh,Tripura,Abhishek Goswami,N Rana,VK Saha,0,0,,,,,,,,,
1383523,2023/24,2023-10-23,"Abhimanyu Cricket Academy, Dehradun",1,4.2,Uttar Pradesh,Tripura,Abhishek Goswami,N Rana,VK Saha,0,0,,,,,,,,,
1383523,2023/24,2023-10-23,"Abhimanyu Cricket Academy, Dehradun",1,4.3,Uttar Pradesh,Tripura,Abhishek Goswami,N Rana,VK Saha,1,0,,,,,,,,,
1383523,2023/24,2023-10-23,"Abhimanyu Cricket Academy, Dehradun",1,4.4,Uttar Pradesh,Tripura,N Rana,Abhishek Goswami,VK Saha,0,0,,,,,,,,,
1383523,2023/24,2023-10-23,"Abhimanyu Cricket Academy, Dehradun",1,4.5,Uttar Pradesh,Tripura,N Rana,Abhishek Goswami,VK Saha,0,0,,,,,,,,,
1383523,2023/24,2023-10-23,"Abhimanyu Cricket Academy, Dehradun",1,4.6,Uttar Pradesh,Tripura,N Rana,Abhishek Goswami,VK Saha,0,0,,,,,,,,,
1383523,2023/24,2023-10-23,"Abhimanyu Cricket Academy, Dehradun",1,5.1,Uttar Pradesh,Tripura,Abhishek Goswami,N Rana,SS Ghosh,1,0,,,,,,,,,
1383523,2023/24,2023-10-23,"Abhimanyu Cricket Academy, Dehradun",1,5.2,Uttar Pradesh,Tripura,N Rana,Abhishek Goswami,SS Ghosh,1,0,,,,,,,,,
1383523,2023/24,2023-10-23,"Abhimanyu Cricket Academy, Dehradun",1,5.3,Uttar Pradesh,Tripura,Abhishek Goswami,N Rana,SS Ghosh,0,0,,,,,,,,,
1383523,2023/24,2023-10-23,"Abhimanyu Cricket Academy, Dehradun",1,5.4,Uttar Pradesh,Tripura,Abhishek Goswami,N Rana,SS Ghosh,4,0,,,,,,,,,
1383523,2023/24,2023-10-23,"Abhimanyu Cricket Academy, Dehradun",1,5.5,Uttar Pradesh,Tripura,Abhishek Goswami,N Rana,SS Ghosh,0,0,,,,,,,,,
1383523,2023/24,2023-10-23,"Abhimanyu Cricket Academy, Dehradun",1,5.6,Uttar Pradesh,Tripura,Abhishek Goswami,N Rana,SS Ghosh,1,0,,,,,,,,,
1383523,2023/24,2023-10-23,"Abhimanyu Cricket Academy, Dehradun",1,6.1,Uttar Pradesh,Tripura,Abhishek Goswami,N Rana,VK Saha,0,0,,,,,,,,,
1383523,2023/24,2023-10-23,"Abhimanyu Cricket Academy, Dehradun",1,6.2,Uttar Pradesh,Tripura,Abhishek Goswami,N Rana,VK Saha,1,0,,,,,,,,,
1383523,2023/24,2023-10-23,"Abhimanyu Cricket Academy, Dehradun",1,6.3,Uttar Pradesh,Tripura,N Rana,Abhishek Goswami,VK Saha,1,0,,,,,,,,,
1383523,2023/24,2023-10-23,"Abhimanyu Cricket Academy, Dehradun",1,6.4,Uttar Pradesh,Tripura,Abhishek Goswami,N Rana,VK Saha,1,0,,,,,,,,,
1383523,2023/24,2023-10-23,"Abhimanyu Cricket Academy, Dehradun",1,6.5,Uttar Pradesh,Tripura,N Rana,Abhishek Goswami,VK Saha,1,0,,,,,,,,,
1383523,2023/24,2023-10-23,"Abhimanyu Cricket Academy, Dehradun",1,6.6,Uttar Pradesh,Tripura,Abhishek Goswami,N Rana,VK Saha,1,0,,,,,,,,,
1383523,2023/24,2023-10-23,"Abhimanyu Cricket Academy, Dehradun",1,7.1,Uttar Pradesh,Tripura,Abhishek Goswami,N Rana,Ajay Sarkar,1,0,,,,,,,,,
1383523,2023/24,2023-10-23,"Abhimanyu Cricket Academy, Dehradun",1,7.2,Uttar Pradesh,Tripura,N Rana,Abhishek Goswami,Ajay Sarkar,0,0,,,,,,,,,
1383523,2023/24,2023-10-23,"Abhimanyu Cricket Academy, Dehradun",1,7.3,Uttar Pradesh,Tripura,N Rana,Abhishek Goswami,Ajay Sarkar,0,0,,,,,,,,,
1383523,2023/24,2023-10-23,"Abhimanyu Cricket Academy, Dehradun",1,7.4,Uttar Pradesh,Tripura,N Rana,Abhishek Goswami,Ajay Sarkar,0,0,,,,,,,,,
1383523,2023/24,2023-10-23,"Abhimanyu Cricket Academy, Dehradun",1,7.5,Uttar Pradesh,Tripura,N Rana,Abhishek Goswami,Ajay Sarkar,1,0,,,,,,,,,
1383523,2023/24,2023-10-23,"Abhimanyu Cricket Academy, Dehradun",1,7.6,Uttar Pradesh,Tripura,Abhishek Goswami,N Rana,Ajay Sarkar,0,0,,,,,,caught,Abhishek Goswami,,
1383523,2023/24,2023-10-23,"Abhimanyu Cricket Academy, Dehradun",1,8.1,Uttar Pradesh,Tripura,N Rana,Sameer Rizvi,VK Saha,0,0,,,,,,,,,
1383523,2023/24,2023-10-23,"Abhimanyu Cricket Academy, Dehradun",1,8.2,Uttar Pradesh,Tripura,N Rana,Sameer Rizvi,VK Saha,1,0,,,,,,,,,
1383523,2023/24,2023-10-23,"Abhimanyu Cricket Academy, Dehradun",1,8.3,Uttar Pradesh,Tripura,Sameer Rizvi,N Rana,VK Saha,4,0,,,,,,,,,
1383523,2023/24,2023-10-23,"Abhimanyu Cricket Academy, Dehradun",1,8.4,Uttar Pradesh,Tripura,Sameer Rizvi,N Rana,VK Saha,0,0,,,,,,,,,
1383523,2023/24,2023-10-23,"Abhimanyu Cricket Academy, Dehradun",1,8.5,Uttar Pradesh,Tripura,Sameer Rizvi,N Rana,VK Saha,1,0,,,,,,,,,
1383523,2023/24,2023-10-23,"Abhimanyu Cricket Academy, Dehradun",1,8.6,Uttar Pradesh,Tripura,N Rana,Sameer Rizvi,VK Saha,1,0,,,,,,,,,
1383523,2023/24,2023-10-23,"Abhimanyu Cricket Academy, Dehradun",1,9.1,Uttar Pradesh,Tripura,N Rana,Sameer Rizvi,Ajay Sarkar,4,0,,,,,,,,,
1383523,2023/24,2023-10-23,"Abhimanyu Cricket Academy, Dehradun",1,9.2,Uttar Pradesh,Tripura,N Rana,Sameer Rizvi,Ajay Sarkar,0,0,,,,,,,,,
1383523,2023/24,2023-10-23,"Abhimanyu Cricket Academy, Dehradun",1,9.3,Uttar Pradesh,Tripura,N Rana,Sameer Rizvi,Ajay Sarkar,4,0,,,,,,,,,
1383523,2023/24,2023-10-23,"Abhimanyu Cricket Academy, Dehradun",1,9.4,Uttar Pradesh,Tripura,N Rana,Sameer Rizvi,Ajay Sarkar,4,0,,,,,,,,,
1383523,2023/24,2023-10-23,"Abhimanyu Cricket Academy, Dehradun",1,9.5,Uttar Pradesh,Tripura,N Rana,Sameer Rizvi,Ajay Sarkar,1,0,,,,,,,,,
1383523,2023/24,2023-10-23,"Abhimanyu Cricket Academy, Dehradun",1,9.6,Uttar Pradesh,Tripura,Sameer Rizvi,N Rana,Ajay Sarkar,0,0,,,,,,,,,
1383523,2023/24,2023-10-23,"Abhimanyu Cricket Academy, Dehradun",1,10.1,Uttar Pradesh,Tripura,N Rana,Sameer Rizvi,AK Sarkar,1,0,,,,,,,,,
1383523,2023/24,2023-10-23,"Abhimanyu Cricket Academy, Dehradun",1,10.2,Uttar Pradesh,Tripura,Sameer Rizvi,N Rana,AK Sarkar,1,0,,,,,,,,,
1383523,2023/24,2023-10-23,"Abhimanyu Cricket Academy, Dehradun",1,10.3,Uttar Pradesh,Tripura,N Rana,Sameer Rizvi,AK Sarkar,1,0,,,,,,,,,
1383523,2023/24,2023-10-23,"Abhimanyu Cricket Academy, Dehradun",1,10.4,Uttar Pradesh,Tripura,Sameer Rizvi,N Rana,AK Sarkar,0,0,,,,,,,,,
1383523,2023/24,2023-10-23,"Abhimanyu Cricket Academy, Dehradun",1,10.5,Uttar Pradesh,Tripura,Sameer Rizvi,N Rana,AK Sarkar,0,0,,,,,,,,,
1383523,2023/24,2023-10-23,"Abhimanyu Cricket Academy, Dehradun",1,10.6,Uttar Pradesh,Tripura,Sameer Rizvi,N Rana,AK Sarkar,1,0,,,,,,,,,
1383523,2023/24,2023-10-23,"Abhimanyu Cricket Academy, Dehradun",1,11.1,Uttar Pradesh,Tripura,Sameer Rizvi,N Rana,Amit Ali,4,0,,,,,,,,,
1383523,2023/24,2023-10-23,"Abhimanyu Cricket Academy, Dehradun",1,11.2,Uttar Pradesh,Tripura,Sameer Rizvi,N Rana,Amit Ali,0,0,,,,,,,,,
1383523,2023/24,2023-10-23,"Abhimanyu Cricket Academy, Dehradun",1,11.3,Uttar Pradesh,Tripura,Sameer Rizvi,N Rana,Amit Ali,4,0,,,,,,,,,
1383523,2023/24,2023-10-23,"Abhimanyu Cricket Academy, Dehradun",1,11.4,Uttar Pradesh,Tripura,Sameer Rizvi,N Rana,Amit Ali,1,0,,,,,,,,,
1383523,2023/24,2023-10-23,"Abhimanyu Cricket Academy, Dehradun",1,11.5,Uttar Pradesh,Tripura,N Rana,Sameer Rizvi,Amit Ali,2,0,,,,,,,,,
1383523,2023/24,2023-10-23,"Abhimanyu Cricket Academy, Dehradun",1,11.6,Uttar Pradesh,Tripura,N Rana,Sameer Rizvi,Amit Ali,1,0,,,,,,,,,
1383523,2023/24,2023-10-23,"Abhimanyu Cricket Academy, Dehradun",1,12.1,Uttar Pradesh,Tripura,N Rana,Sameer Rizvi,SS Majumder,1,0,,,,,,,,,
1383523,2023/24,2023-10-23,"Abhimanyu Cricket Academy, Dehradun",1,12.2,Uttar Pradesh,Tripura,Sameer Rizvi,N Rana,SS Majumder,1,0,,,,,,,,,
1383523,2023/24,2023-10-23,"Abhimanyu Cricket Academy, Dehradun",1,12.3,Uttar Pradesh,Tripura,N Rana,Sameer Rizvi,SS Majumder,4,0,,,,,,,,,
1383523,2023/24,2023-10-23,"Abhimanyu Cricket Academy, Dehradun",1,12.4,Uttar Pradesh,Tripura,N Rana,Sameer Rizvi,SS Majumder,0,0,,,,,,,,,
1383523,2023/24,2023-10-23,"Abhimanyu Cricket Academy, Dehradun",1,12.5,Uttar Pradesh,Tripura,N Rana,Sameer Rizvi,SS Majumder,0,0,,,,,,run out,N Rana,,
1383523,2023/24,2023-10-23,"Abhimanyu Cricket Academy, Dehradun",1,12.6,Uttar Pradesh,Tripura,RK Singh,Sameer Rizvi,SS Majumder,0,0,,,,,,,,,
1383523,2023/24,2023-10-23,"Abhimanyu Cricket Academy, Dehradun",1,13.1,Uttar Pradesh,Tripura,Sameer Rizvi,RK Singh,Manisankar Murasingh,1,0,,,,,,,,,
1383523,2023/24,2023-10-23,"Abhimanyu Cricket Academy, Dehradun",1,13.2,Uttar Pradesh,Tripura,RK Singh,Sameer Rizvi,Manisankar Murasingh,4,0,,,,,,,,,
1383523,2023/24,2023-10-23,"Abhimanyu Cricket Academy, Dehradun",1,13.3,Uttar Pradesh,Tripura,RK Singh,Sameer Rizvi,Manisankar Murasingh,1,0,,,,,,,,,
1383523,2023/24,2023-10-23,"Abhimanyu Cricket Academy, Dehradun",1,13.4,Uttar Pradesh,Tripura,Sameer Rizvi,RK Singh,Manisankar Murasingh,1,0,,,,,,,,,
1383523,2023/24,2023-10-23,"Abhimanyu Cricket Academy, Dehradun",1,13.5,Uttar Pradesh,Tripura,RK Singh,Sameer Rizvi,Manisankar Murasingh,1,0,,,,,,,,,
1383523,2023/24,2023-10-23,"Abhimanyu Cricket Academy, Dehradun",1,13.6,Uttar Pradesh,Tripura,Sameer Rizvi,RK Singh,Manisankar Murasingh,0,0,,,,,,,,,
1383523,2023/24,2023-10-23,"Abhimanyu Cricket Academy, Dehradun",1,14.1,Uttar Pradesh,Tripura,RK Singh,Sameer Rizvi,SS Majumder,1,0,,,,,,,,,
1383523,2023/24,2023-10-23,"Abhimanyu Cricket Academy, Dehradun",1,14.2,Uttar Pradesh,Tripura,Sameer Rizvi,RK Singh,SS Majumder,6,0,,,,,,,,,
1383523,2023/24,2023-10-23,"Abhimanyu Cricket Academy, Dehradun",1,14.3,Uttar Pradesh,Tripura,Sameer Rizvi,RK Singh,SS Majumder,1,0,,,,,,,,,
1383523,2023/24,2023-10-23,"Abhimanyu Cricket Academy, Dehradun",1,14.4,Uttar Pradesh,Tripura,RK Singh,Sameer Rizvi,SS Majumder,1,0,,,,,,,,,
1383523,2023/24,2023-10-23,"Abhimanyu Cricket Academy, Dehradun",1,14.5,Uttar Pradesh,Tripura,Sameer Rizvi,RK Singh,SS Majumder,1,0,,,,,,,,,
1383523,2023/24,2023-10-23,"Abhimanyu Cricket Academy, Dehradun",1,14.6,Uttar Pradesh,Tripura,RK Singh,Sameer Rizvi,SS Majumder,1,0,,,,,,,,,
1383523,2023/24,2023-10-23,"Abhimanyu Cricket Academy, Dehradun",1,15.1,Uttar Pradesh,Tripura,RK Singh,Sameer Rizvi,Ajay Sarkar,1,0,,,,,,,,,
1383523,2023/24,2023-10-23,"Abhimanyu Cricket Academy, Dehradun",1,15.2,Uttar Pradesh,Tripura,Sameer Rizvi,RK Singh,Ajay Sarkar,1,0,,,,,,,,,
1383523,2023/24,2023-10-23,"Abhimanyu Cricket Academy, Dehradun",1,15.3,Uttar Pradesh,Tripura,RK Singh,Sameer Rizvi,Ajay Sarkar,1,0,,,,,,,,,
1383523,2023/24,2023-10-23,"Abhimanyu Cricket Academy, Dehradun",1,15.4,Uttar Pradesh,Tripura,Sameer Rizvi,RK Singh,Ajay Sarkar,1,0,,,,,,,,,
1383523,2023/24,2023-10-23,"Abhimanyu Cricket Academy, Dehradun",1,15.5,Uttar Pradesh,Tripura,RK Singh,Sameer Rizvi,Ajay Sarkar,4,0,,,,,,,,,
1383523,2023/24,2023-10-23,"Abhimanyu Cricket Academy, Dehradun",1,15.6,Uttar Pradesh,Tripura,RK Singh,Sameer Rizvi,Ajay Sarkar,0,0,,,,,,,,,
1383523,2023/24,2023-10-23,"Abhimanyu Cricket Academy, Dehradun",1,16.1,Uttar Pradesh,Tripura,Sameer Rizvi,RK Singh,VK Saha,6,0,,,,,,,,,
1383523,2023/24,2023-10-23,"Abhimanyu Cricket Academy, Dehradun",1,16.2,Uttar Pradesh,Tripura,Sameer Rizvi,RK Singh,VK Saha,1,0,,,,,,,,,
1383523,2023/24,2023-10-23,"Abhimanyu Cricket Academy, Dehradun",1,16.3,Uttar Pradesh,Tripura,RK Singh,Sameer Rizvi,VK Saha,1,0,,,,,,,,,
1383523,2023/24,2023-10-23,"Abhimanyu Cricket Academy, Dehradun",1,16.4,Uttar Pradesh,Tripura,Sameer Rizvi,RK Singh,VK Saha,1,0,,,,,,,,,
1383523,2023/24,2023-10-23,"Abhimanyu Cricket Academy, Dehradun",1,16.5,Uttar Pradesh,Tripura,RK Singh,Sameer Rizvi,VK Saha,1,0,,,,,,,,,
1383523,2023/24,2023-10-23,"Abhimanyu Cricket Academy, Dehradun",1,16.6,Uttar Pradesh,Tripura,Sameer Rizvi,RK Singh,VK Saha,6,0,,,,,,,,,
1383523,2023/24,2023-10-23,"Abhimanyu Cricket Academy, Dehradun",1,17.1,Uttar Pradesh,Tripura,RK Singh,Sameer Rizvi,Ajay Sarkar,4,0,,,,,,,,,
1383523,2023/24,2023-10-23,"Abhimanyu Cricket Academy, Dehradun",1,17.2,Uttar Pradesh,Tripura,RK Singh,Sameer Rizvi,Ajay Sarkar,1,0,,,,,,,,,
1383523,2023/24,2023-10-23,"Abhimanyu Cricket Academy, Dehradun",1,17.3,Uttar Pradesh,Tripura,Sameer Rizvi,RK Singh,Ajay Sarkar,1,0,,,,,,,,,
1383523,2023/24,2023-10-23,"Abhimanyu Cricket Academy, Dehradun",1,17.4,Uttar Pradesh,Tripura,RK Singh,Sameer Rizvi,Ajay Sarkar,1,0,,,,,,,,,
1383523,2023/24,2023-10-23,"Abhimanyu Cricket Academy, Dehradun",1,17.5,Uttar Pradesh,Tripura,Sameer Rizvi,RK Singh,Ajay Sarkar,0,1,1,,,,,,,,
1383523,2023/24,2023-10-23,"Abhimanyu Cricket Academy, Dehradun",1,17.6,Uttar Pradesh,Tripura,Sameer Rizvi,RK Singh,Ajay Sarkar,0,0,,,,,,,,,
1383523,2023/24,2023-10-23,"Abhimanyu Cricket Academy, Dehradun",1,17.7,Uttar Pradesh,Tripura,Sameer Rizvi,RK Singh,Ajay Sarkar,4,0,,,,,,,,,
1383523,2023/24,2023-10-23,"Abhimanyu Cricket Academy, Dehradun",1,18.1,Uttar Pradesh,Tripura,RK Singh,Sameer Rizvi,AK Sarkar,6,0,,,,,,,,,
1383523,2023/24,2023-10-23,"Abhimanyu Cricket Academy, Dehradun",1,18.2,Uttar Pradesh,Tripura,RK Singh,Sameer Rizvi,AK Sarkar,4,0,,,,,,,,,
1383523,2023/24,2023-10-23,"Abhimanyu Cricket Academy, Dehradun",1,18.3,Uttar Pradesh,Tripura,RK Singh,Sameer Rizvi,AK Sarkar,1,0,,,,,,,,,
1383523,2023/24,2023-10-23,"Abhimanyu Cricket Academy, Dehradun",1,18.4,Uttar Pradesh,Tripura,Sameer Rizvi,RK Singh,AK Sarkar,0,0,,,,,,,,,
1383523,2023/24,2023-10-23,"Abhimanyu Cricket Academy, Dehradun",1,18.5,Uttar Pradesh,Tripura,Sameer Rizvi,RK Singh,AK Sarkar,1,0,,,,,,,,,
1383523,2023/24,2023-10-23,"Abhimanyu Cricket Academy, Dehradun",1,18.6,Uttar Pradesh,Tripura,RK Singh,Sameer Rizvi,AK Sarkar,1,0,,,,,,,,,
1383523,2023/24,2023-10-23,"Abhimanyu Cricket Academy, Dehradun",1,19.1,Uttar Pradesh,Tripura,RK Singh,Sameer Rizvi,Manisankar Murasingh,4,0,,,,,,,,,
1383523,2023/24,2023-10-23,"Abhimanyu Cricket Academy, Dehradun",1,19.2,Uttar Pradesh,Tripura,RK Singh,Sameer Rizvi,Manisankar Murasingh,6,0,,,,,,,,,
1383523,2023/24,2023-10-23,"Abhimanyu Cricket Academy, Dehradun",1,19.3,Uttar Pradesh,Tripura,RK Singh,Sameer Rizvi,Manisankar Murasingh,4,0,,,,,,,,,
1383523,2023/24,2023-10-23,"Abhimanyu Cricket Academy, Dehradun",1,19.4,Uttar Pradesh,Tripura,RK Singh,Sameer Rizvi,Manisankar Murasingh,1,0,,,,,,,,,
1383523,2023/24,2023-10-23,"Abhimanyu Cricket Academy, Dehradun",1,19.5,Uttar Pradesh,Tripura,Sameer Rizvi,RK Singh,Manisankar Murasingh,4,0,,,,,,,,,
1383523,2023/24,2023-10-23,"Abhimanyu Cricket Academy, Dehradun",1,19.6,Uttar Pradesh,Tripura,Sameer Rizvi,RK Singh,Manisankar Murasingh,6,0,,,,,,,,,
1383523,2023/24,2023-10-23,"Abhimanyu Cricket Academy, Dehradun",2,0.1,Tripura,Uttar Pradesh,Bikramkumar Das,Arkaprabha Sinha,B Kumar,0,4,,,,4,,,,,
1383523,2023/24,2023-10-23,"Abhimanyu Cricket Academy, Dehradun",2,0.2,Tripura,Uttar Pradesh,Bikramkumar Das,Arkaprabha Sinha,B Kumar,0,0,,,,,,,,,
1383523,2023/24,2023-10-23,"Abhimanyu Cricket Academy, Dehradun",2,0.3,Tripura,Uttar Pradesh,Bikramkumar Das,Arkaprabha Sinha,B Kumar,1,0,,,,,,,,,
1383523,2023/24,2023-10-23,"Abhimanyu Cricket Academy, Dehradun",2,0.4,Tripura,Uttar Pradesh,Arkaprabha Sinha,Bikramkumar Das,B Kumar,1,0,,,,,,,,,
1383523,2023/24,2023-10-23,"Abhimanyu Cricket Academy, Dehradun",2,0.5,Tripura,Uttar Pradesh,Bikramkumar Das,Arkaprabha Sinha,B Kumar,0,0,,,,,,,,,
1383523,2023/24,2023-10-23,"Abhimanyu Cricket Academy, Dehradun",2,0.6,Tripura,Uttar Pradesh,Bikramkumar Das,Arkaprabha Sinha,B Kumar,0,0,,,,,,,,,
1383523,2023/24,2023-10-23,"Abhimanyu Cricket Academy, Dehradun",2,1.1,Tripura,Uttar Pradesh,Arkaprabha Sinha,Bikramkumar Das,Yash Dayal,1,0,,,,,,,,,
1383523,2023/24,2023-10-23,"Abhimanyu Cricket Academy, Dehradun",2,1.2,Tripura,Uttar Pradesh,Bikramkumar Das,Arkaprabha Sinha,Yash Dayal,0,0,,,,,,,,,
1383523,2023/24,2023-10-23,"Abhimanyu Cricket Academy, Dehradun",2,1.3,Tripura,Uttar Pradesh,Bikramkumar Das,Arkaprabha Sinha,Yash Dayal,1,0,,,,,,,,,
1383523,2023/24,2023-10-23,"Abhimanyu Cricket Academy, Dehradun",2,1.4,Tripura,Uttar Pradesh,Arkaprabha Sinha,Bikramkumar Das,Yash Dayal,4,0,,,,,,,,,
1383523,2023/24,2023-10-23,"Abhimanyu Cricket Academy, Dehradun",2,1.5,Tripura,Uttar Pradesh,Arkaprabha Sinha,Bikramkumar Das,Yash Dayal,1,0,,,,,,,,,
1383523,2023/24,2023-10-23,"Abhimanyu Cricket Academy, Dehradun",2,1.6,Tripura,Uttar Pradesh,Bikramkumar Das,Arkaprabha Sinha,Yash Dayal,0,0,,,,,,,,,
1383523,2023/24,2023-10-23,"Abhimanyu Cricket Academy, Dehradun",2,2.1,Tripura,Uttar Pradesh,Arkaprabha Sinha,Bikramkumar Das,B Kumar,0,0,,,,,,,,,
1383523,2023/24,2023-10-23,"Abhimanyu Cricket Academy, Dehradun",2,2.2,Tripura,Uttar Pradesh,Arkaprabha Sinha,Bikramkumar Das,B Kumar,2,0,,,,,,,,,
1383523,2023/24,2023-10-23,"Abhimanyu Cricket Academy, Dehradun",2,2.3,Tripura,Uttar Pradesh,Arkaprabha Sinha,Bikramkumar Das,B Kumar,0,0,,,,,,,,,
1383523,2023/24,2023-10-23,"Abhimanyu Cricket Academy, Dehradun",2,2.4,Tripura,Uttar Pradesh,Arkaprabha Sinha,Bikramkumar Das,B Kumar,0,0,,,,,,bowled,Arkaprabha Sinha,,
1383523,2023/24,2023-10-23,"Abhimanyu Cricket Academy, Dehradun",2,2.5,Tripura,Uttar Pradesh,Ganesh Satish,Bikramkumar Das,B Kumar,0,0,,,,,,,,,
1383523,2023/24,2023-10-23,"Abhimanyu Cricket Academy, Dehradun",2,2.6,Tripura,Uttar Pradesh,Ganesh Satish,Bikramkumar Das,B Kumar,0,0,,,,,,,,,
1383523,2023/24,2023-10-23,"Abhimanyu Cricket Academy, Dehradun",2,3.1,Tripura,Uttar Pradesh,Bikramkumar Das,Ganesh Satish,Mohsin Khan (2),0,0,,,,,,,,,
1383523,2023/24,2023-10-23,"Abhimanyu Cricket Academy, Dehradun",2,3.2,Tripura,Uttar Pradesh,Bikramkumar Das,Ganesh Satish,Mohsin Khan (2),0,0,,,,,,,,,
1383523,2023/24,2023-10-23,"Abhimanyu Cricket Academy, Dehradun",2,3.3,Tripura,Uttar Pradesh,Bikramkumar Das,Ganesh Satish,Mohsin Khan (2),0,0,,,,,,,,,
1383523,2023/24,2023-10-23,"Abhimanyu Cricket Academy, Dehradun",2,3.4,Tripura,Uttar Pradesh,Bikramkumar Das,Ganesh Satish,Mohsin Khan (2),0,0,,,,,,bowled,Bikramkumar Das,,
1383523,2023/24,2023-10-23,"Abhimanyu Cricket Academy, Dehradun",2,3.5,Tripura,Uttar Pradesh,Sudip Chatterjee,Ganesh Satish,Mohsin Khan (2),1,0,,,,,,,,,
1383523,2023/24,2023-10-23,"Abhimanyu Cricket Academy, Dehradun",2,3.6,Tripura,Uttar Pradesh,Ganesh Satish,Sudip Chatterjee,Mohsin Khan (2),0,0,,,,,,,,,
1383523,2023/24,2023-10-23,"Abhimanyu Cricket Academy, Dehradun",2,4.1,Tripura,Uttar Pradesh,Sudip Chatterjee,Ganesh Satish,Yash Dayal,0,0,,,,,,,,,
1383523,2023/24,2023-10-23,"Abhimanyu Cricket Academy, Dehradun",2,4.2,Tripura,Uttar Pradesh,Sudip Chatterjee,Ganesh Satish,Yash Dayal,1,0,,,,,,,,,
1383523,2023/24,2023-10-23,"Abhimanyu Cricket Academy, Dehradun",2,4.3,Tripura,Uttar Pradesh,Ganesh Satish,Sudip Chatterjee,Yash Dayal,0,0,,,,,,,,,
1383523,2023/24,2023-10-23,"Abhimanyu Cricket Academy, Dehradun",2,4.4,Tripura,Uttar Pradesh,Ganesh Satish,Sudip Chatterjee,Yash Dayal,0,0,,,,,,,,,
1383523,2023/24,2023-10-23,"Abhimanyu Cricket Academy, Dehradun",2,4.5,Tripura,Uttar Pradesh,Ganesh Satish,Sudip Chatterjee,Yash Dayal,0,0,,,,,,,,,
1383523,2023/24,2023-10-23,"Abhimanyu Cricket Academy, Dehradun",2,4.6,Tripura,Uttar Pradesh,Ganesh Satish,Sudip Chatterjee,Yash Dayal,0,0,,,,,,,,,
1383523,2023/24,2023-10-23,"Abhimanyu Cricket Academy, Dehradun",2,5.1,Tripura,Uttar Pradesh,Sudip Chatterjee,Ganesh Satish,Mohsin Khan (2),0,0,,,,,,,,,
1383523,2023/24,2023-10-23,"Abhimanyu Cricket Academy, Dehradun",2,5.2,Tripura,Uttar Pradesh,Sudip Chatterjee,Ganesh Satish,Mohsin Khan (2),0,0,,,,,,caught,Sudip Chatterjee,,
1383523,2023/24,2023-10-23,"Abhimanyu Cricket Academy, Dehradun",2,5.3,Tripura,Uttar Pradesh,SS Ghosh,Ganesh Satish,Mohsin Khan (2),1,0,,,,,,,,,
1383523,2023/24,2023-10-23,"Abhimanyu Cricket Academy, Dehradun",2,5.4,Tripura,Uttar Pradesh,Ganesh Satish,SS Ghosh,Mohsin Khan (2),1,0,,,,,,,,,
1383523,2023/24,2023-10-23,"Abhimanyu Cricket Academy, Dehradun",2,5.5,Tripura,Uttar Pradesh,SS Ghosh,Ganesh Satish,Mohsin Khan (2),1,0,,,,,,,,,
1383523,2023/24,2023-10-23,"Abhimanyu Cricket Academy, Dehradun",2,5.6,Tripura,Uttar Pradesh,Ganesh Satish,SS Ghosh,Mohsin Khan (2),0,0,,,,,,,,,
1383523,2023/24,2023-10-23,"Abhimanyu Cricket Academy, Dehradun",2,6.1,Tripura,Uttar Pradesh,SS Ghosh,Ganesh Satish,Jasmer Dhankhar,1,0,,,,,,,,,
1383523,2023/24,2023-10-23,"Abhimanyu Cricket Academy, Dehradun",2,6.2,Tripura,Uttar Pradesh,Ganesh Satish,SS Ghosh,Jasmer Dhankhar,1,0,,,,,,,,,
1383523,2023/24,2023-10-23,"Abhimanyu Cricket Academy, Dehradun",2,6.3,Tripura,Uttar Pradesh,SS Ghosh,Ganesh Satish,Jasmer Dhankhar,2,0,,,,,,,,,
1383523,2023/24,2023-10-23,"Abhimanyu Cricket Academy, Dehradun",2,6.4,Tripura,Uttar Pradesh,SS Ghosh,Ganesh Satish,Jasmer Dhankhar,1,0,,,,,,,,,
1383523,2023/24,2023-10-23,"Abhimanyu Cricket Academy, Dehradun",2,6.5,Tripura,Uttar Pradesh,Ganesh Satish,SS Ghosh,Jasmer Dhankhar,1,0,,,,,,,,,
1383523,2023/24,2023-10-23,"Abhimanyu Cricket Academy, Dehradun",2,6.6,Tripura,Uttar Pradesh,SS Ghosh,Ganesh Satish,Jasmer Dhankhar,0,0,,,,,,bowled,SS Ghosh,,
1383523,2023/24,2023-10-23,"Abhimanyu Cricket Academy, Dehradun",2,7.1,Tripura,Uttar Pradesh,Ganesh Satish,Rajat Dey,Kartik Tyagi,0,2,,,2,,,,,,
1383523,2023/24,2023-10-23,"Abhimanyu Cricket Academy, Dehradun",2,7.2,Tripura,Uttar Pradesh,Ganesh Satish,Rajat Dey,Kartik Tyagi,0,1,1,,,,,,,,
1383523,2023/24,2023-10-23,"Abhimanyu Cricket Academy, Dehradun",2,7.3,Tripura,Uttar Pradesh,Ganesh Satish,Rajat Dey,Kartik Tyagi,4,0,,,,,,,,,
1383523,2023/24,2023-10-23,"Abhimanyu Cricket Academy, Dehradun",2,7.4,Tripura,Uttar Pradesh,Ganesh Satish,Rajat Dey,Kartik Tyagi,0,0,,,,,,,,,
1383523,2023/24,2023-10-23,"Abhimanyu Cricket Academy, Dehradun",2,7.5,Tripura,Uttar Pradesh,Ganesh Satish,Rajat Dey,Kartik Tyagi,0,0,,,,,,,,,
1383523,2023/24,2023-10-23,"Abhimanyu Cricket Academy, Dehradun",2,7.6,Tripura,Uttar Pradesh,Ganesh Satish,Rajat Dey,Kartik Tyagi,0,0,,,,,,,,,
1383523,2023/24,2023-10-23,"Abhimanyu Cricket Academy, Dehradun",2,7.7,Tripura,Uttar Pradesh,Ganesh Satish,Rajat Dey,Kartik Tyagi,0,0,,,,,,,,,
1383523,2023/24,2023-10-23,"Abhimanyu Cricket Academy, Dehradun",2,8.1,Tripura,Uttar Pradesh,Rajat Dey,Ganesh Satish,Jasmer Dhankhar,4,0,,,,,,,,,
1383523,2023/24,2023-10-23,"Abhimanyu Cricket Academy, Dehradun",2,8.2,Tripura,Uttar Pradesh,Rajat Dey,Ganesh Satish,Jasmer Dhankhar,1,0,,,,,,,,,
1383523,2023/24,2023-10-23,"Abhimanyu Cricket Academy, Dehradun",2,8.3,Tripura,Uttar Pradesh,Ganesh Satish,Rajat Dey,Jasmer Dhankhar,1,0,,,,,,,,,
1383523,2023/24,2023-10-23,"Abhimanyu Cricket Academy, Dehradun",2,8.4,Tripura,Uttar Pradesh,Rajat Dey,Ganesh Satish,Jasmer Dhankhar,6,0,,,,,,,,,
1383523,2023/24,2023-10-23,"Abhimanyu Cricket Academy, Dehradun",2,8.5,Tripura,Uttar Pradesh,Rajat Dey,Ganesh Satish,Jasmer Dhankhar,0,0,,,,,,,,,
1383523,2023/24,2023-10-23,"Abhimanyu Cricket Academy, Dehradun",2,8.6,Tripura,Uttar Pradesh,Rajat Dey,Ganesh Satish,Jasmer Dhankhar,0,0,,,,,,,,,
1383523,2023/24,2023-10-23,"Abhimanyu Cricket Academy, Dehradun",2,9.1,Tripura,Uttar Pradesh,Ganesh Satish,Rajat Dey,Kartik Tyagi,0,0,,,,,,,,,
1383523,2023/24,2023-10-23,"Abhimanyu Cricket Academy, Dehradun",2,9.2,Tripura,Uttar Pradesh,Ganesh Satish,Rajat Dey,Kartik Tyagi,0,5,5,,,,,,,,
1383523,2023/24,2023-10-23,"Abhimanyu Cricket Academy, Dehradun",2,9.3,Tripura,Uttar Pradesh,Ganesh Satish,Rajat Dey,Kartik Tyagi,1,0,,,,,,,,,
1383523,2023/24,2023-10-23,"Abhimanyu Cricket Academy, Dehradun",2,9.4,Tripura,Uttar Pradesh,Rajat Dey,Ganesh Satish,Kartik Tyagi,1,0,,,,,,,,,
1383523,2023/24,2023-10-23,"Abhimanyu Cricket Academy, Dehradun",2,9.5,Tripura,Uttar Pradesh,Ganesh Satish,Rajat Dey,Kartik Tyagi,0,0,,,,,,,,,
1383523,2023/24,2023-10-23,"Abhimanyu Cricket Academy, Dehradun",2,9.6,Tripura,Uttar Pradesh,Ganesh Satish,Rajat Dey,Kartik Tyagi,4,0,,,,,,,,,
1383523,2023/24,2023-10-23,"Abhimanyu Cricket Academy, Dehradun",2,9.7,Tripura,Uttar Pradesh,Ganesh Satish,Rajat Dey,Kartik Tyagi,4,0,,,,,,,,,
1383523,2023/24,2023-10-23,"Abhimanyu Cricket Academy, Dehradun",2,10.1,Tripura,Uttar Pradesh,Rajat Dey,Ganesh Satish,Shiva Singh,1,0,,,,,,,,,
1383523,2023/24,2023-10-23,"Abhimanyu Cricket Academy, Dehradun",2,10.2,Tripura,Uttar Pradesh,Ganesh Satish,Rajat Dey,Shiva Singh,0,0,,,,,,,,,
1383523,2023/24,2023-10-23,"Abhimanyu Cricket Academy, Dehradun",2,10.3,Tripura,Uttar Pradesh,Ganesh Satish,Rajat Dey,Shiva Singh,4,0,,,,,,,,,
1383523,2023/24,2023-10-23,"Abhimanyu Cricket Academy, Dehradun",2,10.4,Tripura,Uttar Pradesh,Ganesh Satish,Rajat Dey,Shiva Singh,1,0,,,,,,,,,
1383523,2023/24,2023-10-23,"Abhimanyu Cricket Academy, Dehradun",2,10.5,Tripura,Uttar Pradesh,Rajat Dey,Ganesh Satish,Shiva Singh,1,0,,,,,,,,,
1383523,2023/24,2023-10-23,"Abhimanyu Cricket Academy, Dehradun",2,10.6,Tripura,Uttar Pradesh,Ganesh Satish,Rajat Dey,Shiva Singh,1,0,,,,,,,,,
1383523,2023/24,2023-10-23,"Abhimanyu Cricket Academy, Dehradun",2,11.1,Tripura,Uttar Pradesh,Ganesh Satish,Rajat Dey,Mohsin Khan (2),1,0,,,,,,,,,
1383523,2023/24,2023-10-23,"Abhimanyu Cricket Academy, Dehradun",2,11.2,Tripura,Uttar Pradesh,Rajat Dey,Ganesh Satish,Mohsin Khan (2),6,0,,,,,,,,,
1383523,2023/24,2023-10-23,"Abhimanyu Cricket Academy, Dehradun",2,11.3,Tripura,Uttar Pradesh,Rajat Dey,Ganesh Satish,Mohsin Khan (2),2,0,,,,,,,,,
1383523,2023/24,2023-10-23,"Abhimanyu Cricket Academy, Dehradun",2,11.4,Tripura,Uttar Pradesh,Rajat Dey,Ganesh Satish,Mohsin Khan (2),1,0,,,,,,,,,
1383523,2023/24,2023-10-23,"Abhimanyu Cricket Academy, Dehradun",2,11.5,Tripura,Uttar Pradesh,Ganesh Satish,Rajat Dey,Mohsin Khan (2),1,0,,,,,,,,,
1383523,2023/24,2023-10-23,"Abhimanyu Cricket Academy, Dehradun",2,11.6,Tripura,Uttar Pradesh,Rajat Dey,Ganesh Satish,Mohsin Khan (2),0,0,,,,,,,,,
1383523,2023/24,2023-10-23,"Abhimanyu Cricket Academy, Dehradun",2,12.1,Tripura,Uttar Pradesh,Ganesh Satish,Rajat Dey,Shiva Singh,1,0,,,,,,,,,
1383523,2023/24,2023-10-23,"Abhimanyu Cricket Academy, Dehradun",2,12.2,Tripura,Uttar Pradesh,Rajat Dey,Ganesh Satish,Shiva Singh,0,0,,,,,,,,,
1383523,2023/24,2023-10-23,"Abhimanyu Cricket Academy, Dehradun",2,12.3,Tripura,Uttar Pradesh,Rajat Dey,Ganesh Satish,Shiva Singh,1,0,,,,,,,,,
1383523,2023/24,2023-10-23,"Abhimanyu Cricket Academy, Dehradun",2,12.4,Tripura,Uttar Pradesh,Ganesh Satish,Rajat Dey,Shiva Singh,0,0,,,,,,,,,
1383523,2023/24,2023-10-23,"Abhimanyu Cricket Academy, Dehradun",2,12.5,Tripura,Uttar Pradesh,Ganesh Satish,Rajat Dey,Shiva Singh,1,0,,,,,,,,,
1383523,2023/24,2023-10-23,"Abhimanyu Cricket Academy, Dehradun",2,12.6,Tripura,Uttar Pradesh,Rajat Dey,Ganesh Satish,Shiva Singh,1,0,,,,,,,,,
1383523,2023/24,2023-10-23,"Abhimanyu Cricket Academy, Dehradun",2,13.1,Tripura,Uttar Pradesh,Rajat Dey,Ganesh Satish,Mohsin Khan (2),1,0,,,,,,,,,
1383523,2023/24,2023-10-23,"Abhimanyu Cricket Academy, Dehradun",2,13.2,Tripura,Uttar Pradesh,Ganesh Satish,Rajat Dey,Mohsin Khan (2),2,0,,,,,,,,,
1383523,2023/24,2023-10-23,"Abhimanyu Cricket Academy, Dehradun",2,13.3,Tripura,Uttar Pradesh,Ganesh Satish,Rajat Dey,Mohsin Khan (2),1,0,,,,,,,,,
1383523,2023/24,2023-10-23,"Abhimanyu Cricket Academy, Dehradun",2,13.4,Tripura,Uttar Pradesh,Rajat Dey,Ganesh Satish,Mohsin Khan (2),1,0,,,,,,,,,
1383523,2023/24,2023-10-23,"Abhimanyu Cricket Academy, Dehradun",2,13.5,Tripura,Uttar Pradesh,Ganesh Satish,Rajat Dey,Mohsin Khan (2),0,0,,,,,,caught,Ganesh Satish,,
1383523,2023/24,2023-10-23,"Abhimanyu Cricket Academy, Dehradun",2,13.6,Tripura,Uttar Pradesh,Manisankar Murasingh,Rajat Dey,Mohsin Khan (2),0,0,,,,,,,,,
1383523,2023/24,2023-10-23,"Abhimanyu Cricket Academy, Dehradun",2,14.1,Tripura,Uttar Pradesh,Rajat Dey,Manisankar Murasingh,Shiva Singh,2,0,,,,,,,,,
1383523,2023/24,2023-10-23,"Abhimanyu Cricket Academy, Dehradun",2,14.2,Tripura,Uttar Pradesh,Rajat Dey,Manisankar Murasingh,Shiva Singh,1,0,,,,,,,,,
1383523,2023/24,2023-10-23,"Abhimanyu Cricket Academy, Dehradun",2,14.3,Tripura,Uttar Pradesh,Manisankar Murasingh,Rajat Dey,Shiva Singh,0,0,,,,,,,,,
1383523,2023/24,2023-10-23,"Abhimanyu Cricket Academy, Dehradun",2,14.4,Tripura,Uttar Pradesh,Manisankar Murasingh,Rajat Dey,Shiva Singh,1,0,,,,,,,,,
1383523,2023/24,2023-10-23,"Abhimanyu Cricket Academy, Dehradun",2,14.5,Tripura,Uttar Pradesh,Rajat Dey,Manisankar Murasingh,Shiva Singh,6,0,,,,,,,,,
1383523,2023/24,2023-10-23,"Abhimanyu Cricket Academy, Dehradun",2,14.6,Tripura,Uttar Pradesh,Rajat Dey,Manisankar Murasingh,Shiva Singh,0,0,,,,,,caught,Rajat Dey,,
1383523,2023/24,2023-10-23,"Abhimanyu Cricket Academy, Dehradun",2,15.1,Tripura,Uttar Pradesh,Manisankar Murasingh,Amit Ali,Yash Dayal,1,0,,,,,,,,,
1383523,2023/24,2023-10-23,"Abhimanyu Cricket Academy, Dehradun",2,15.2,Tripura,Uttar Pradesh,Amit Ali,Manisankar Murasingh,Yash Dayal,0,0,,,,,,,,,
1383523,2023/24,2023-10-23,"Abhimanyu Cricket Academy, Dehradun",2,15.3,Tripura,Uttar Pradesh,Amit Ali,Manisankar Murasingh,Yash Dayal,0,0,,,,,,bowled,Amit Ali,,
1383523,2023/24,2023-10-23,"Abhimanyu Cricket Academy, Dehradun",2,15.4,Tripura,Uttar Pradesh,AK Sarkar,Manisankar Murasingh,Yash Dayal,0,0,,,,,,,,,
1383523,2023/24,2023-10-23,"Abhimanyu Cricket Academy, Dehradun",2,15.5,Tripura,Uttar Pradesh,AK Sarkar,Manisankar Murasingh,Yash Dayal,0,0,,,,,,caught,AK Sarkar,,
1383523,2023/24,2023-10-23,"Abhimanyu Cricket Academy, Dehradun",2,15.6,Tripura,Uttar Pradesh,SS Majumder,Manisankar Murasingh,Yash Dayal,0,0,,,,,,,,,
1383523,2023/24,2023-10-23,"Abhimanyu Cricket Academy, Dehradun",2,16.1,Tripura,Uttar Pradesh,Manisankar Murasingh,SS Majumder,B Kumar,0,0,,,,,,,,,
1383523,2023/24,2023-10-23,"Abhimanyu Cricket Academy, Dehradun",2,16.2,Tripura,Uttar Pradesh,Manisankar Murasingh,SS Majumder,B Kumar,1,0,,,,,,,,,
1383523,2023/24,2023-10-23,"Abhimanyu Cricket Academy, Dehradun",2,16.3,Tripura,Uttar Pradesh,SS Majumder,Manisankar Murasingh,B Kumar,1,0,,,,,,,,,
1383523,2023/24,2023-10-23,"Abhimanyu Cricket Academy, Dehradun",2,16.4,Tripura,Uttar Pradesh,Manisankar Murasingh,SS Majumder,B Kumar,6,0,,,,,,,,,
1383523,2023/24,2023-10-23,"Abhimanyu Cricket Academy, Dehradun",2,16.5,Tripura,Uttar Pradesh,Manisankar Murasingh,SS Majumder,B Kumar,2,0,,,,,,,,,
1383523,2023/24,2023-10-23,"Abhimanyu Cricket Academy, Dehradun",2,16.6,Tripura,Uttar Pradesh,Manisankar Murasingh,SS Majumder,B Kumar,1,0,,,,,,,,,
1383523,2023/24,2023-10-23,"Abhimanyu Cricket Academy, Dehradun",2,17.1,Tripura,Uttar Pradesh,Manisankar Murasingh,SS Majumder,Yash Dayal,1,0,,,,,,,,,
1383523,2023/24,2023-10-23,"Abhimanyu Cricket Academy, Dehradun",2,17.2,Tripura,Uttar Pradesh,SS Majumder,Manisankar Murasingh,Yash Dayal,0,0,,,,,,,,,
1383523,2023/24,2023-10-23,"Abhimanyu Cricket Academy, Dehradun",2,17.3,Tripura,Uttar Pradesh,SS Majumder,Manisankar Murasingh,Yash Dayal,1,0,,,,,,,,,
1383523,2023/24,2023-10-23,"Abhimanyu Cricket Academy, Dehradun",2,17.4,Tripura,Uttar Pradesh,Manisankar Murasingh,SS Majumder,Yash Dayal,1,0,,,,,,,,,
1383523,2023/24,2023-10-23,"Abhimanyu Cricket Academy, Dehradun",2,17.5,Tripura,Uttar Pradesh,SS Majumder,Manisankar Murasingh,Yash Dayal,1,0,,,,,,,,,
1383523,2023/24,2023-10-23,"Abhimanyu Cricket Academy, Dehradun",2,17.6,Tripura,Uttar Pradesh,Manisankar Murasingh,SS Majumder,Yash Dayal,1,0,,,,,,,,,
1383523,2023/24,2023-10-23,"Abhimanyu Cricket Academy, Dehradun",2,18.1,Tripura,Uttar Pradesh,Manisankar Murasingh,SS Majumder,B Kumar,4,0,,,,,,,,,
1383523,2023/24,2023-10-23,"Abhimanyu Cricket Academy, Dehradun",2,18.2,Tripura,Uttar Pradesh,Manisankar Murasingh,SS Majumder,B Kumar,0,1,1,,,,,,,,
1383523,2023/24,2023-10-23,"Abhimanyu Cricket Academy, Dehradun",2,18.3,Tripura,Uttar Pradesh,Manisankar Murasingh,SS Majumder,B Kumar,0,0,,,,,,,,,
1383523,2023/24,2023-10-23,"Abhimanyu Cricket Academy, Dehradun",2,18.4,Tripura,Uttar Pradesh,Manisankar Murasingh,SS Majumder,B Kumar,0,0,,,,,,,,,
1383523,2023/24,2023-10-23,"Abhimanyu Cricket Academy, Dehradun",2,18.5,Tripura,Uttar Pradesh,Manisankar Murasingh,SS Majumder,B Kumar,1,0,,,,,,,,,
1383523,2023/24,2023-10-23,"Abhimanyu Cricket Academy, Dehradun",2,18.6,Tripura,Uttar Pradesh,SS Majumder,Manisankar Murasingh,B Kumar,0,0,,,,,,bowled,SS Majumder,,
1383523,2023/24,2023-10-23,"Abhimanyu Cricket Academy, Dehradun",2,18.7,Tripura,Uttar Pradesh,VK Saha,Manisankar Murasingh,B Kumar,0,0,,,,,,,,,
1383523,2023/24,2023-10-23,"Abhimanyu Cricket Academy, Dehradun",2,19.1,Tripura,Uttar Pradesh,Manisankar Murasingh,VK Saha,Kartik Tyagi,0,0,,,,,,bowled,Manisankar Murasingh,,
