match_id,season,start_date,venue,innings,ball,batting_team,bowling_team,striker,non_striker,bowler,runs_off_bat,extras,wides,noballs,byes,legbyes,penalty,wicket_type,player_dismissed,other_wicket_type,other_player_dismissed
1383509,2023/24,2023-10-23,"Sawai Mansingh Stadium, Jaipur",1,0.1,Meghalaya,Jammu & Kashmir,Nakul Verma,S Mylliempdah,Rasikh Salam,0,0,,,,,,,,,
1383509,2023/24,2023-10-23,"Sawai Mansingh Stadium, Jaipur",1,0.2,Meghalaya,Jammu & Kashmir,Nakul Verma,S Mylliempdah,Rasikh Salam,0,0,,,,,,,,,
1383509,2023/24,2023-10-23,"Sawai Mansingh Stadium, Jaipur",1,0.3,Meghalaya,Jammu & Kashmir,Nakul Verma,S Mylliempdah,Rasikh Salam,4,0,,,,,,,,,
1383509,2023/24,2023-10-23,"Sawai Mansingh Stadium, Jaipur",1,0.4,Meghalaya,Jammu & Kashmir,Nakul Verma,S Mylliempdah,Rasikh Salam,0,0,,,,,,,,,
1383509,2023/24,2023-10-23,"Sawai Mansingh Stadium, Jaipur",1,0.5,Meghalaya,Jammu & Kashmir,Nakul Verma,S Mylliempdah,Rasikh Salam,0,0,,,,,,,,,
1383509,2023/24,2023-10-23,"Sawai Mansingh Stadium, Jaipur",1,0.6,Meghalaya,Jammu & Kashmir,Nakul Verma,S Mylliempdah,Rasikh Salam,0,0,,,,,,,,,
1383509,2023/24,2023-10-23,"Sawai Mansingh Stadium, Jaipur",1,1.1,Meghalaya,Jammu & Kashmir,S Mylliempdah,Nakul Verma,Yudhvir Singh,0,0,,,,,,,,,
1383509,2023/24,2023-10-23,"Sawai Mansingh Stadium, Jaipur",1,1.2,Meghalaya,Jammu & Kashmir,S Mylliempdah,Nakul Verma,Yudhvir Singh,0,0,,,,,,,,,
1383509,2023/24,2023-10-23,"Sawai Mansingh Stadium, Jaipur",1,1.3,Meghalaya,Jammu & Kashmir,S Mylliempdah,Nakul Verma,Yudhvir Singh,0,0,,,,,,,,,
1383509,2023/24,2023-10-23,"Sawai Mansingh Stadium, Jaipur",1,1.4,Meghalaya,Jammu & Kashmir,S Mylliempdah,Nakul Verma,Yudhvir Singh,0,1,,,,1,,,,,
1383509,2023/24,2023-10-23,"Sawai Mansingh Stadium, Jaipur",1,1.5,Meghalaya,Jammu & Kashmir,Nakul Verma,S Mylliempdah,Yudhvir Singh,1,0,,,,,,,,,
1383509,2023/24,2023-10-23,"Sawai Mansingh Stadium, Jaipur",1,1.6,Meghalaya,Jammu & Kashmir,S Mylliempdah,Nakul Verma,Yudhvir Singh,0,0,,,,,,,,,
1383509,2023/24,2023-10-23,"Sawai Mansingh Stadium, Jaipur",1,2.1,Meghalaya,Jammu & Kashmir,Nakul Verma,S Mylliempdah,Rasikh Salam,0,1,,,,1,,,,,
1383509,2023/24,2023-10-23,"Sawai Mansingh Stadium, Jaipur",1,2.2,Meghalaya,Jammu & Kashmir,S Mylliempdah,Nakul Verma,Rasikh Salam,0,0,,,,,,,,,
1383509,2023/24,2023-10-23,"Sawai Mansingh Stadium, Jaipur",1,2.3,Meghalaya,Jammu & Kashmir,S Mylliempdah,Nakul Verma,Rasikh Salam,0,0,,,,,,,,,
1383509,2023/24,2023-10-23,"Sawai Mansingh Stadium, Jaipur",1,2.4,Meghalaya,Jammu & Kashmir,S Mylliempdah,Nakul Verma,Rasikh Salam,1,0,,,,,,,,,
1383509,2023/24,2023-10-23,"Sawai Mansingh Stadium, Jaipur",1,2.5,Meghalaya,Jammu & Kashmir,Nakul Verma,S Mylliempdah,Rasikh Salam,0,0,,,,,,,,,
1383509,2023/24,2023-10-23,"Sawai Mansingh Stadium, Jaipur",1,2.6,Meghalaya,Jammu & Kashmir,Nakul Verma,S Mylliempdah,Rasikh Salam,0,0,,,,,,,,,
1383509,2023/24,2023-10-23,"Sawai Mansingh Stadium, Jaipur",1,3.1,Meghalaya,Jammu & Kashmir,S Mylliempdah,Nakul Verma,Yudhvir Singh,4,0,,,,,,,,,
1383509,2023/24,2023-10-23,"Sawai Mansingh Stadium, Jaipur",1,3.2,Meghalaya,Jammu & Kashmir,S Mylliempdah,Nakul Verma,Yudhvir Singh,1,0,,,,,,,,,
1383509,2023/24,2023-10-23,"Sawai Mansingh Stadium, Jaipur",1,3.3,Meghalaya,Jammu & Kashmir,Nakul Verma,S Mylliempdah,Yudhvir Singh,1,0,,,,,,,,,
1383509,2023/24,2023-10-23,"Sawai Mansingh Stadium, Jaipur",1,3.4,Meghalaya,Jammu & Kashmir,S Mylliempdah,Nakul Verma,Yudhvir Singh,4,0,,,,,,,,,
1383509,2023/24,2023-10-23,"Sawai Mansingh Stadium, Jaipur",1,3.5,Meghalaya,Jammu & Kashmir,S Mylliempdah,Nakul Verma,Yudhvir Singh,1,0,,,,,,,,,
1383509,2023/24,2023-10-23,"Sawai Mansingh Stadium, Jaipur",1,3.6,Meghalaya,Jammu & Kashmir,Nakul Verma,S Mylliempdah,Yudhvir Singh,4,0,,,,,,,,,
1383509,2023/24,2023-10-23,"Sawai Mansingh Stadium, Jaipur",1,4.1,Meghalaya,Jammu & Kashmir,S Mylliempdah,Nakul Verma,Abid Mushtaq,0,0,,,,,,,,,
1383509,2023/24,2023-10-23,"Sawai Mansingh Stadium, Jaipur",1,4.2,Meghalaya,Jammu & Kashmir,S Mylliempdah,Nakul Verma,Abid Mushtaq,0,0,,,,,,,,,
1383509,2023/24,2023-10-23,"Sawai Mansingh Stadium, Jaipur",1,4.3,Meghalaya,Jammu & Kashmir,S Mylliempdah,Nakul Verma,Abid Mushtaq,0,0,,,,,,,,,
1383509,2023/24,2023-10-23,"Sawai Mansingh Stadium, Jaipur",1,4.4,Meghalaya,Jammu & Kashmir,S Mylliempdah,Nakul Verma,Abid Mushtaq,1,0,,,,,,,,,
1383509,2023/24,2023-10-23,"Sawai Mansingh Stadium, Jaipur",1,4.5,Meghalaya,Jammu & Kashmir,Nakul Verma,S Mylliempdah,Abid Mushtaq,0,0,,,,,,,,,
1383509,2023/24,2023-10-23,"Sawai Mansingh Stadium, Jaipur",1,4.6,Meghalaya,Jammu & Kashmir,Nakul Verma,S Mylliempdah,Abid Mushtaq,0,0,,,,,,,,,
1383509,2023/24,2023-10-23,"Sawai Mansingh Stadium, Jaipur",1,5.1,Meghalaya,Jammu & Kashmir,S Mylliempdah,Nakul Verma,Umran Malik,0,0,,,,,,,,,
1383509,2023/24,2023-10-23,"Sawai Mansingh Stadium, Jaipur",1,5.2,Meghalaya,Jammu & Kashmir,S Mylliempdah,Nakul Verma,Umran Malik,4,0,,,,,,,,,
1383509,2023/24,2023-10-23,"Sawai Mansingh Stadium, Jaipur",1,5.3,Meghalaya,Jammu & Kashmir,S Mylliempdah,Nakul Verma,Umran Malik,0,0,,,,,,,,,
1383509,2023/24,2023-10-23,"Sawai Mansingh Stadium, Jaipur",1,5.4,Meghalaya,Jammu & Kashmir,S Mylliempdah,Nakul Verma,Umran Malik,0,0,,,,,,,,,
1383509,2023/24,2023-10-23,"Sawai Mansingh Stadium, Jaipur",1,5.5,Meghalaya,Jammu & Kashmir,S Mylliempdah,Nakul Verma,Umran Malik,1,0,,,,,,,,,
1383509,2023/24,2023-10-23,"Sawai Mansingh Stadium, Jaipur",1,5.6,Meghalaya,Jammu & Kashmir,Nakul Verma,S Mylliempdah,Umran Malik,1,0,,,,,,,,,
1383509,2023/24,2023-10-23,"Sawai Mansingh Stadium, Jaipur",1,6.1,Meghalaya,Jammu & Kashmir,Nakul Verma,S Mylliempdah,Abid Mushtaq,1,0,,,,,,,,,
1383509,2023/24,2023-10-23,"Sawai Mansingh Stadium, Jaipur",1,6.2,Meghalaya,Jammu & Kashmir,S Mylliempdah,Nakul Verma,Abid Mushtaq,1,0,,,,,,,,,
1383509,2023/24,2023-10-23,"Sawai Mansingh Stadium, Jaipur",1,6.3,Meghalaya,Jammu & Kashmir,Nakul Verma,S Mylliempdah,Abid Mushtaq,0,0,,,,,,,,,
1383509,2023/24,2023-10-23,"Sawai Mansingh Stadium, Jaipur",1,6.4,Meghalaya,Jammu & Kashmir,Nakul Verma,S Mylliempdah,Abid Mushtaq,1,0,,,,,,,,,
1383509,2023/24,2023-10-23,"Sawai Mansingh Stadium, Jaipur",1,6.5,Meghalaya,Jammu & Kashmir,S Mylliempdah,Nakul Verma,Abid Mushtaq,0,0,,,,,,,,,
1383509,2023/24,2023-10-23,"Sawai Mansingh Stadium, Jaipur",1,6.6,Meghalaya,Jammu & Kashmir,S Mylliempdah,Nakul Verma,Abid Mushtaq,2,0,,,,,,,,,
1383509,2023/24,2023-10-23,"Sawai Mansingh Stadium, Jaipur",1,7.1,Meghalaya,Jammu & Kashmir,Nakul Verma,S Mylliempdah,Umran Malik,0,1,,,,1,,,,,
1383509,2023/24,2023-10-23,"Sawai Mansingh Stadium, Jaipur",1,7.2,Meghalaya,Jammu & Kashmir,S Mylliempdah,Nakul Verma,Umran Malik,0,0,,,,,,,,,
1383509,2023/24,2023-10-23,"Sawai Mansingh Stadium, Jaipur",1,7.3,Meghalaya,Jammu & Kashmir,S Mylliempdah,Nakul Verma,Umran Malik,1,0,,,,,,,,,
1383509,2023/24,2023-10-23,"Sawai Mansingh Stadium, Jaipur",1,7.4,Meghalaya,Jammu & Kashmir,Nakul Verma,S Mylliempdah,Umran Malik,2,0,,,,,,,,,
1383509,2023/24,2023-10-23,"Sawai Mansingh Stadium, Jaipur",1,7.5,Meghalaya,Jammu & Kashmir,Nakul Verma,S Mylliempdah,Umran Malik,0,0,,,,,,,,,
1383509,2023/24,2023-10-23,"Sawai Mansingh Stadium, Jaipur",1,7.6,Meghalaya,Jammu & Kashmir,Nakul Verma,S Mylliempdah,Umran Malik,0,0,,,,,,,,,
1383509,2023/24,2023-10-23,"Sawai Mansingh Stadium, Jaipur",1,8.1,Meghalaya,Jammu & Kashmir,S Mylliempdah,Nakul Verma,Lone Nasir Muzaffar,0,0,,,,,,,,,
1383509,2023/24,2023-10-23,"Sawai Mansingh Stadium, Jaipur",1,8.2,Meghalaya,Jammu & Kashmir,S Mylliempdah,Nakul Verma,Lone Nasir Muzaffar,2,0,,,,,,,,,
1383509,2023/24,2023-10-23,"Sawai Mansingh Stadium, Jaipur",1,8.3,Meghalaya,Jammu & Kashmir,S Mylliempdah,Nakul Verma,Lone Nasir Muzaffar,1,0,,,,,,,,,
1383509,2023/24,2023-10-23,"Sawai Mansingh Stadium, Jaipur",1,8.4,Meghalaya,Jammu & Kashmir,Nakul Verma,S Mylliempdah,Lone Nasir Muzaffar,4,0,,,,,,,,,
1383509,2023/24,2023-10-23,"Sawai Mansingh Stadium, Jaipur",1,8.5,Meghalaya,Jammu & Kashmir,Nakul Verma,S Mylliempdah,Lone Nasir Muzaffar,0,0,,,,,,,,,
1383509,2023/24,2023-10-23,"Sawai Mansingh Stadium, Jaipur",1,8.6,Meghalaya,Jammu & Kashmir,Nakul Verma,S Mylliempdah,Lone Nasir Muzaffar,0,0,,,,,,,,,
1383509,2023/24,2023-10-23,"Sawai Mansingh Stadium, Jaipur",1,9.1,Meghalaya,Jammu & Kashmir,S Mylliempdah,Nakul Verma,Sahil Lotra,1,0,,,,,,,,,
1383509,2023/24,2023-10-23,"Sawai Mansingh Stadium, Jaipur",1,9.2,Meghalaya,Jammu & Kashmir,Nakul Verma,S Mylliempdah,Sahil Lotra,0,0,,,,,,,,,
1383509,2023/24,2023-10-23,"Sawai Mansingh Stadium, Jaipur",1,9.3,Meghalaya,Jammu & Kashmir,Nakul Verma,S Mylliempdah,Sahil Lotra,0,0,,,,,,,,,
1383509,2023/24,2023-10-23,"Sawai Mansingh Stadium, Jaipur",1,9.4,Meghalaya,Jammu & Kashmir,Nakul Verma,S Mylliempdah,Sahil Lotra,4,0,,,,,,,,,
1383509,2023/24,2023-10-23,"Sawai Mansingh Stadium, Jaipur",1,9.5,Meghalaya,Jammu & Kashmir,Nakul Verma,S Mylliempdah,Sahil Lotra,1,0,,,,,,,,,
1383509,2023/24,2023-10-23,"Sawai Mansingh Stadium, Jaipur",1,9.6,Meghalaya,Jammu & Kashmir,S Mylliempdah,Nakul Verma,Sahil Lotra,1,0,,,,,,,,,
1383509,2023/24,2023-10-23,"Sawai Mansingh Stadium, Jaipur",1,10.1,Meghalaya,Jammu & Kashmir,S Mylliempdah,Nakul Verma,Lone Nasir Muzaffar,0,0,,,,,,caught,S Mylliempdah,,
1383509,2023/24,2023-10-23,"Sawai Mansingh Stadium, Jaipur",1,10.2,Meghalaya,Jammu & Kashmir,Larry Sangma,Nakul Verma,Lone Nasir Muzaffar,0,0,,,,,,,,,
1383509,2023/24,2023-10-23,"Sawai Mansingh Stadium, Jaipur",1,10.3,Meghalaya,Jammu & Kashmir,Larry Sangma,Nakul Verma,Lone Nasir Muzaffar,0,0,,,,,,,,,
1383509,2023/24,2023-10-23,"Sawai Mansingh Stadium, Jaipur",1,10.4,Meghalaya,Jammu & Kashmir,Larry Sangma,Nakul Verma,Lone Nasir Muzaffar,0,0,,,,,,,,,
1383509,2023/24,2023-10-23,"Sawai Mansingh Stadium, Jaipur",1,10.5,Meghalaya,Jammu & Kashmir,Larry Sangma,Nakul Verma,Lone Nasir Muzaffar,1,0,,,,,,,,,
1383509,2023/24,2023-10-23,"Sawai Mansingh Stadium, Jaipur",1,10.6,Meghalaya,Jammu & Kashmir,Nakul Verma,Larry Sangma,Lone Nasir Muzaffar,4,0,,,,,,,,,
1383509,2023/24,2023-10-23,"Sawai Mansingh Stadium, Jaipur",1,11.1,Meghalaya,Jammu & Kashmir,Larry Sangma,Nakul Verma,Sahil Lotra,0,0,,,,,,,,,
1383509,2023/24,2023-10-23,"Sawai Mansingh Stadium, Jaipur",1,11.2,Meghalaya,Jammu & Kashmir,Larry Sangma,Nakul Verma,Sahil Lotra,1,0,,,,,,,,,
1383509,2023/24,2023-10-23,"Sawai Mansingh Stadium, Jaipur",1,11.3,Meghalaya,Jammu & Kashmir,Nakul Verma,Larry Sangma,Sahil Lotra,0,0,,,,,,,,,
1383509,2023/24,2023-10-23,"Sawai Mansingh Stadium, Jaipur",1,11.4,Meghalaya,Jammu & Kashmir,Nakul Verma,Larry Sangma,Sahil Lotra,0,0,,,,,,,,,
1383509,2023/24,2023-10-23,"Sawai Mansingh Stadium, Jaipur",1,11.5,Meghalaya,Jammu & Kashmir,Nakul Verma,Larry Sangma,Sahil Lotra,1,0,,,,,,,,,
1383509,2023/24,2023-10-23,"Sawai Mansingh Stadium, Jaipur",1,11.6,Meghalaya,Jammu & Kashmir,Larry Sangma,Nakul Verma,Sahil Lotra,0,0,,,,,,,,,
1383509,2023/24,2023-10-23,"Sawai Mansingh Stadium, Jaipur",1,12.1,Meghalaya,Jammu & Kashmir,Nakul Verma,Larry Sangma,Lone Nasir Muzaffar,0,0,,,,,,,,,
1383509,2023/24,2023-10-23,"Sawai Mansingh Stadium, Jaipur",1,12.2,Meghalaya,Jammu & Kashmir,Nakul Verma,Larry Sangma,Lone Nasir Muzaffar,0,1,1,,,,,,,,
1383509,2023/24,2023-10-23,"Sawai Mansingh Stadium, Jaipur",1,12.3,Meghalaya,Jammu & Kashmir,Nakul Verma,Larry Sangma,Lone Nasir Muzaffar,1,0,,,,,,,,,
1383509,2023/24,2023-10-23,"Sawai Mansingh Stadium, Jaipur",1,12.4,Meghalaya,Jammu & Kashmir,Larry Sangma,Nakul Verma,Lone Nasir Muzaffar,1,0,,,,,,,,,
1383509,2023/24,2023-10-23,"Sawai Mansingh Stadium, Jaipur",1,12.5,Meghalaya,Jammu & Kashmir,Nakul Verma,Larry Sangma,Lone Nasir Muzaffar,0,0,,,,,,,,,
1383509,2023/24,2023-10-23,"Sawai Mansingh Stadium, Jaipur",1,12.6,Meghalaya,Jammu & Kashmir,Nakul Verma,Larry Sangma,Lone Nasir Muzaffar,1,0,,,,,,,,,
1383509,2023/24,2023-10-23,"Sawai Mansingh Stadium, Jaipur",1,12.7,Meghalaya,Jammu & Kashmir,Larry Sangma,Nakul Verma,Lone Nasir Muzaffar,2,0,,,,,,,,,
1383509,2023/24,2023-10-23,"Sawai Mansingh Stadium, Jaipur",1,13.1,Meghalaya,Jammu & Kashmir,Nakul Verma,Larry Sangma,Sahil Lotra,1,0,,,,,,,,,
1383509,2023/24,2023-10-23,"Sawai Mansingh Stadium, Jaipur",1,13.2,Meghalaya,Jammu & Kashmir,Larry Sangma,Nakul Verma,Sahil Lotra,2,0,,,,,,,,,
1383509,2023/24,2023-10-23,"Sawai Mansingh Stadium, Jaipur",1,13.3,Meghalaya,Jammu & Kashmir,Larry Sangma,Nakul Verma,Sahil Lotra,1,0,,,,,,,,,
1383509,2023/24,2023-10-23,"Sawai Mansingh Stadium, Jaipur",1,13.4,Meghalaya,Jammu & Kashmir,Nakul Verma,Larry Sangma,Sahil Lotra,0,0,,,,,,,,,
1383509,2023/24,2023-10-23,"Sawai Mansingh Stadium, Jaipur",1,13.5,Meghalaya,Jammu & Kashmir,Nakul Verma,Larry Sangma,Sahil Lotra,1,0,,,,,,,,,
1383509,2023/24,2023-10-23,"Sawai Mansingh Stadium, Jaipur",1,13.6,Meghalaya,Jammu & Kashmir,Larry Sangma,Nakul Verma,Sahil Lotra,1,0,,,,,,,,,
1383509,2023/24,2023-10-23,"Sawai Mansingh Stadium, Jaipur",1,14.1,Meghalaya,Jammu & Kashmir,Larry Sangma,Nakul Verma,Abid Mushtaq,0,0,,,,,,,,,
1383509,2023/24,2023-10-23,"Sawai Mansingh Stadium, Jaipur",1,14.2,Meghalaya,Jammu & Kashmir,Larry Sangma,Nakul Verma,Abid Mushtaq,1,0,,,,,,,,,
1383509,2023/24,2023-10-23,"Sawai Mansingh Stadium, Jaipur",1,14.3,Meghalaya,Jammu & Kashmir,Nakul Verma,Larry Sangma,Abid Mushtaq,0,0,,,,,,,,,
1383509,2023/24,2023-10-23,"Sawai Mansingh Stadium, Jaipur",1,14.4,Meghalaya,Jammu & Kashmir,Nakul Verma,Larry Sangma,Abid Mushtaq,0,0,,,,,,,,,
1383509,2023/24,2023-10-23,"Sawai Mansingh Stadium, Jaipur",1,14.5,Meghalaya,Jammu & Kashmir,Nakul Verma,Larry Sangma,Abid Mushtaq,1,0,,,,,,,,,
1383509,2023/24,2023-10-23,"Sawai Mansingh Stadium, Jaipur",1,14.6,Meghalaya,Jammu & Kashmir,Larry Sangma,Nakul Verma,Abid Mushtaq,6,0,,,,,,,,,
1383509,2023/24,2023-10-23,"Sawai Mansingh Stadium, Jaipur",1,15.1,Meghalaya,Jammu & Kashmir,Nakul Verma,Larry Sangma,Umran Malik,1,0,,,,,,,,,
1383509,2023/24,2023-10-23,"Sawai Mansingh Stadium, Jaipur",1,15.2,Meghalaya,Jammu & Kashmir,Larry Sangma,Nakul Verma,Umran Malik,1,0,,,,,,,,,
1383509,2023/24,2023-10-23,"Sawai Mansingh Stadium, Jaipur",1,15.3,Meghalaya,Jammu & Kashmir,Nakul Verma,Larry Sangma,Umran Malik,1,0,,,,,,,,,
1383509,2023/24,2023-10-23,"Sawai Mansingh Stadium, Jaipur",1,15.4,Meghalaya,Jammu & Kashmir,Larry Sangma,Nakul Verma,Umran Malik,0,0,,,,,,,,,
1383509,2023/24,2023-10-23,"Sawai Mansingh Stadium, Jaipur",1,15.5,Meghalaya,Jammu & Kashmir,Larry Sangma,Nakul Verma,Umran Malik,1,0,,,,,,,,,
1383509,2023/24,2023-10-23,"Sawai Mansingh Stadium, Jaipur",1,15.6,Meghalaya,Jammu & Kashmir,Nakul Verma,Larry Sangma,Umran Malik,1,0,,,,,,,,,
1383509,2023/24,2023-10-23,"Sawai Mansingh Stadium, Jaipur",1,16.1,Meghalaya,Jammu & Kashmir,Nakul Verma,Larry Sangma,Rasikh Salam,0,0,,,,,,bowled,Nakul Verma,,
1383509,2023/24,2023-10-23,"Sawai Mansingh Stadium, Jaipur",1,16.2,Meghalaya,Jammu & Kashmir,Anish Charak,Larry Sangma,Rasikh Salam,0,0,,,,,,,,,
1383509,2023/24,2023-10-23,"Sawai Mansingh Stadium, Jaipur",1,16.3,Meghalaya,Jammu & Kashmir,Anish Charak,Larry Sangma,Rasikh Salam,1,0,,,,,,,,,
1383509,2023/24,2023-10-23,"Sawai Mansingh Stadium, Jaipur",1,16.4,Meghalaya,Jammu & Kashmir,Larry Sangma,Anish Charak,Rasikh Salam,1,0,,,,,,,,,
1383509,2023/24,2023-10-23,"Sawai Mansingh Stadium, Jaipur",1,16.5,Meghalaya,Jammu & Kashmir,Anish Charak,Larry Sangma,Rasikh Salam,0,0,,,,,,bowled,Anish Charak,,
1383509,2023/24,2023-10-23,"Sawai Mansingh Stadium, Jaipur",1,16.6,Meghalaya,Jammu & Kashmir,Amiangshu Sen,Larry Sangma,Rasikh Salam,1,0,,,,,,,,,
1383509,2023/24,2023-10-23,"Sawai Mansingh Stadium, Jaipur",1,17.1,Meghalaya,Jammu & Kashmir,Amiangshu Sen,Larry Sangma,Umran Malik,1,0,,,,,,,,,
1383509,2023/24,2023-10-23,"Sawai Mansingh Stadium, Jaipur",1,17.2,Meghalaya,Jammu & Kashmir,Larry Sangma,Amiangshu Sen,Umran Malik,0,1,,,,1,,,,,
1383509,2023/24,2023-10-23,"Sawai Mansingh Stadium, Jaipur",1,17.3,Meghalaya,Jammu & Kashmir,Amiangshu Sen,Larry Sangma,Umran Malik,0,0,,,,,,,,,
1383509,2023/24,2023-10-23,"Sawai Mansingh Stadium, Jaipur",1,17.4,Meghalaya,Jammu & Kashmir,Amiangshu Sen,Larry Sangma,Umran Malik,1,0,,,,,,,,,
1383509,2023/24,2023-10-23,"Sawai Mansingh Stadium, Jaipur",1,17.5,Meghalaya,Jammu & Kashmir,Larry Sangma,Amiangshu Sen,Umran Malik,2,0,,,,,,,,,
1383509,2023/24,2023-10-23,"Sawai Mansingh Stadium, Jaipur",1,17.6,Meghalaya,Jammu & Kashmir,Larry Sangma,Amiangshu Sen,Umran Malik,1,0,,,,,,,,,
1383509,2023/24,2023-10-23,"Sawai Mansingh Stadium, Jaipur",1,18.1,Meghalaya,Jammu & Kashmir,Larry Sangma,Amiangshu Sen,Rasikh Salam,1,0,,,,,,,,,
1383509,2023/24,2023-10-23,"Sawai Mansingh Stadium, Jaipur",1,18.2,Meghalaya,Jammu & Kashmir,Amiangshu Sen,Larry Sangma,Rasikh Salam,0,2,2,,,,,,,,
1383509,2023/24,2023-10-23,"Sawai Mansingh Stadium, Jaipur",1,18.3,Meghalaya,Jammu & Kashmir,Larry Sangma,Amiangshu Sen,Rasikh Salam,1,0,,,,,,,,,
1383509,2023/24,2023-10-23,"Sawai Mansingh Stadium, Jaipur",1,18.4,Meghalaya,Jammu & Kashmir,Amiangshu Sen,Larry Sangma,Rasikh Salam,1,0,,,,,,,,,
1383509,2023/24,2023-10-23,"Sawai Mansingh Stadium, Jaipur",1,18.5,Meghalaya,Jammu & Kashmir,Larry Sangma,Amiangshu Sen,Rasikh Salam,0,0,,,,,,bowled,Larry Sangma,,
1383509,2023/24,2023-10-23,"Sawai Mansingh Stadium, Jaipur",1,18.6,Meghalaya,Jammu & Kashmir,RB Bishnoi Jr,Amiangshu Sen,Rasikh Salam,0,0,,,,,,,,,
1383509,2023/24,2023-10-23,"Sawai Mansingh Stadium, Jaipur",1,18.7,Meghalaya,Jammu & Kashmir,RB Bishnoi Jr,Amiangshu Sen,Rasikh Salam,0,0,,,,,,,,,
1383509,2023/24,2023-10-23,"Sawai Mansingh Stadium, Jaipur",1,19.1,Meghalaya,Jammu & Kashmir,Amiangshu Sen,RB Bishnoi Jr,Yudhvir Singh,0,0,,,,,,,,,
1383509,2023/24,2023-10-23,"Sawai Mansingh Stadium, Jaipur",1,19.2,Meghalaya,Jammu & Kashmir,Amiangshu Sen,RB Bishnoi Jr,Yudhvir Singh,1,0,,,,,,,,,
1383509,2023/24,2023-10-23,"Sawai Mansingh Stadium, Jaipur",1,19.3,Meghalaya,Jammu & Kashmir,RB Bishnoi Jr,Amiangshu Sen,Yudhvir Singh,1,0,,,,,,,,,
1383509,2023/24,2023-10-23,"Sawai Mansingh Stadium, Jaipur",1,19.4,Meghalaya,Jammu & Kashmir,Amiangshu Sen,RB Bishnoi Jr,Yudhvir Singh,1,0,,,,,,,,,
1383509,2023/24,2023-10-23,"Sawai Mansingh Stadium, Jaipur",1,19.5,Meghalaya,Jammu & Kashmir,RB Bishnoi Jr,Amiangshu Sen,Yudhvir Singh,0,1,,,,1,,,,,
1383509,2023/24,2023-10-23,"Sawai Mansingh Stadium, Jaipur",1,19.6,Meghalaya,Jammu & Kashmir,Amiangshu Sen,RB Bishnoi Jr,Yudhvir Singh,4,0,,,,,,,,,
1383509,2023/24,2023-10-23,"Sawai Mansingh Stadium, Jaipur",2,0.1,Jammu & Kashmir,Meghalaya,Shubham Khajuria,Qamran Iqbal,Anish Charak,1,0,,,,,,,,,
1383509,2023/24,2023-10-23,"Sawai Mansingh Stadium, Jaipur",2,0.2,Jammu & Kashmir,Meghalaya,Qamran Iqbal,Shubham Khajuria,Anish Charak,0,2,2,,,,,,,,
1383509,2023/24,2023-10-23,"Sawai Mansingh Stadium, Jaipur",2,0.3,Jammu & Kashmir,Meghalaya,Shubham Khajuria,Qamran Iqbal,Anish Charak,0,0,,,,,,,,,
1383509,2023/24,2023-10-23,"Sawai Mansingh Stadium, Jaipur",2,0.4,Jammu & Kashmir,Meghalaya,Shubham Khajuria,Qamran Iqbal,Anish Charak,0,0,,,,,,,,,
1383509,2023/24,2023-10-23,"Sawai Mansingh Stadium, Jaipur",2,0.5,Jammu & Kashmir,Meghalaya,Shubham Khajuria,Qamran Iqbal,Anish Charak,0,0,,,,,,,,,
1383509,2023/24,2023-10-23,"Sawai Mansingh Stadium, Jaipur",2,0.6,Jammu & Kashmir,Meghalaya,Shubham Khajuria,Qamran Iqbal,Anish Charak,1,0,,,,,,,,,
1383509,2023/24,2023-10-23,"Sawai Mansingh Stadium, Jaipur",2,0.7,Jammu & Kashmir,Meghalaya,Qamran Iqbal,Shubham Khajuria,Anish Charak,1,0,,,,,,,,,
1383509,2023/24,2023-10-23,"Sawai Mansingh Stadium, Jaipur",2,1.1,Jammu & Kashmir,Meghalaya,Qamran Iqbal,Shubham Khajuria,Akash Choudhary,0,0,,,,,,,,,
1383509,2023/24,2023-10-23,"Sawai Mansingh Stadium, Jaipur",2,1.2,Jammu & Kashmir,Meghalaya,Qamran Iqbal,Shubham Khajuria,Akash Choudhary,0,0,,,,,,,,,
1383509,2023/24,2023-10-23,"Sawai Mansingh Stadium, Jaipur",2,1.3,Jammu & Kashmir,Meghalaya,Qamran Iqbal,Shubham Khajuria,Akash Choudhary,2,0,,,,,,,,,
1383509,2023/24,2023-10-23,"Sawai Mansingh Stadium, Jaipur",2,1.4,Jammu & Kashmir,Meghalaya,Qamran Iqbal,Shubham Khajuria,Akash Choudhary,1,0,,,,,,,,,
1383509,2023/24,2023-10-23,"Sawai Mansingh Stadium, Jaipur",2,1.5,Jammu & Kashmir,Meghalaya,Shubham Khajuria,Qamran Iqbal,Akash Choudhary,0,1,1,,,,,,,,
1383509,2023/24,2023-10-23,"Sawai Mansingh Stadium, Jaipur",2,1.6,Jammu & Kashmir,Meghalaya,Shubham Khajuria,Qamran Iqbal,Akash Choudhary,0,1,,,1,,,,,,
1383509,2023/24,2023-10-23,"Sawai Mansingh Stadium, Jaipur",2,1.7,Jammu & Kashmir,Meghalaya,Qamran Iqbal,Shubham Khajuria,Akash Choudhary,0,0,,,,,,,,,
1383509,2023/24,2023-10-23,"Sawai Mansingh Stadium, Jaipur",2,2.1,Jammu & Kashmir,Meghalaya,Shubham Khajuria,Qamran Iqbal,Anish Charak,0,0,,,,,,,,,
1383509,2023/24,2023-10-23,"Sawai Mansingh Stadium, Jaipur",2,2.2,Jammu & Kashmir,Meghalaya,Shubham Khajuria,Qamran Iqbal,Anish Charak,0,0,,,,,,,,,
1383509,2023/24,2023-10-23,"Sawai Mansingh Stadium, Jaipur",2,2.3,Jammu & Kashmir,Meghalaya,Shubham Khajuria,Qamran Iqbal,Anish Charak,1,0,,,,,,,,,
1383509,2023/24,2023-10-23,"Sawai Mansingh Stadium, Jaipur",2,2.4,Jammu & Kashmir,Meghalaya,Qamran Iqbal,Shubham Khajuria,Anish Charak,6,0,,,,,,,,,
1383509,2023/24,2023-10-23,"Sawai Mansingh Stadium, Jaipur",2,2.5,Jammu & Kashmir,Meghalaya,Qamran Iqbal,Shubham Khajuria,Anish Charak,4,0,,,,,,,,,
1383509,2023/24,2023-10-23,"Sawai Mansingh Stadium, Jaipur",2,2.6,Jammu & Kashmir,Meghalaya,Qamran Iqbal,Shubham Khajuria,Anish Charak,4,0,,,,,,,,,
1383509,2023/24,2023-10-23,"Sawai Mansingh Stadium, Jaipur",2,3.1,Jammu & Kashmir,Meghalaya,Shubham Khajuria,Qamran Iqbal,Akash Choudhary,0,0,,,,,,,,,
1383509,2023/24,2023-10-23,"Sawai Mansingh Stadium, Jaipur",2,3.2,Jammu & Kashmir,Meghalaya,Shubham Khajuria,Qamran Iqbal,Akash Choudhary,0,0,,,,,,,,,
1383509,2023/24,2023-10-23,"Sawai Mansingh Stadium, Jaipur",2,3.3,Jammu & Kashmir,Meghalaya,Shubham Khajuria,Qamran Iqbal,Akash Choudhary,1,0,,,,,,,,,
1383509,2023/24,2023-10-23,"Sawai Mansingh Stadium, Jaipur",2,3.4,Jammu & Kashmir,Meghalaya,Qamran Iqbal,Shubham Khajuria,Akash Choudhary,1,0,,,,,,,,,
1383509,2023/24,2023-10-23,"Sawai Mansingh Stadium, Jaipur",2,3.5,Jammu & Kashmir,Meghalaya,Shubham Khajuria,Qamran Iqbal,Akash Choudhary,1,0,,,,,,,,,
1383509,2023/24,2023-10-23,"Sawai Mansingh Stadium, Jaipur",2,3.6,Jammu & Kashmir,Meghalaya,Qamran Iqbal,Shubham Khajuria,Akash Choudhary,0,0,,,,,,,,,
1383509,2023/24,2023-10-23,"Sawai Mansingh Stadium, Jaipur",2,4.1,Jammu & Kashmir,Meghalaya,Shubham Khajuria,Qamran Iqbal,RB Bishnoi Jr,1,0,,,,,,,,,
1383509,2023/24,2023-10-23,"Sawai Mansingh Stadium, Jaipur",2,4.2,Jammu & Kashmir,Meghalaya,Qamran Iqbal,Shubham Khajuria,RB Bishnoi Jr,6,0,,,,,,,,,
1383509,2023/24,2023-10-23,"Sawai Mansingh Stadium, Jaipur",2,4.3,Jammu & Kashmir,Meghalaya,Qamran Iqbal,Shubham Khajuria,RB Bishnoi Jr,1,0,,,,,,,,,
1383509,2023/24,2023-10-23,"Sawai Mansingh Stadium, Jaipur",2,4.4,Jammu & Kashmir,Meghalaya,Shubham Khajuria,Qamran Iqbal,RB Bishnoi Jr,2,0,,,,,,,,,
1383509,2023/24,2023-10-23,"Sawai Mansingh Stadium, Jaipur",2,4.5,Jammu & Kashmir,Meghalaya,Shubham Khajuria,Qamran Iqbal,RB Bishnoi Jr,0,1,1,,,,,,,,
1383509,2023/24,2023-10-23,"Sawai Mansingh Stadium, Jaipur",2,4.6,Jammu & Kashmir,Meghalaya,Shubham Khajuria,Qamran Iqbal,RB Bishnoi Jr,1,0,,,,,,,,,
1383509,2023/24,2023-10-23,"Sawai Mansingh Stadium, Jaipur",2,4.7,Jammu & Kashmir,Meghalaya,Qamran Iqbal,Shubham Khajuria,RB Bishnoi Jr,1,0,,,,,,,,,
1383509,2023/24,2023-10-23,"Sawai Mansingh Stadium, Jaipur",2,5.1,Jammu & Kashmir,Meghalaya,Qamran Iqbal,Shubham Khajuria,Chengkam Sangma,1,0,,,,,,,,,
1383509,2023/24,2023-10-23,"Sawai Mansingh Stadium, Jaipur",2,5.2,Jammu & Kashmir,Meghalaya,Shubham Khajuria,Qamran Iqbal,Chengkam Sangma,2,0,,,,,,,,,
1383509,2023/24,2023-10-23,"Sawai Mansingh Stadium, Jaipur",2,5.3,Jammu & Kashmir,Meghalaya,Shubham Khajuria,Qamran Iqbal,Chengkam Sangma,0,0,,,,,,,,,
1383509,2023/24,2023-10-23,"Sawai Mansingh Stadium, Jaipur",2,5.4,Jammu & Kashmir,Meghalaya,Shubham Khajuria,Qamran Iqbal,Chengkam Sangma,0,0,,,,,,,,,
1383509,2023/24,2023-10-23,"Sawai Mansingh Stadium, Jaipur",2,5.5,Jammu & Kashmir,Meghalaya,Shubham Khajuria,Qamran Iqbal,Chengkam Sangma,0,0,,,,,,,,,
1383509,2023/24,2023-10-23,"Sawai Mansingh Stadium, Jaipur",2,5.6,Jammu & Kashmir,Meghalaya,Shubham Khajuria,Qamran Iqbal,Chengkam Sangma,0,0,,,,,,,,,
1383509,2023/24,2023-10-23,"Sawai Mansingh Stadium, Jaipur",2,6.1,Jammu & Kashmir,Meghalaya,Qamran Iqbal,Shubham Khajuria,RB Bishnoi Jr,0,0,,,,,,,,,
1383509,2023/24,2023-10-23,"Sawai Mansingh Stadium, Jaipur",2,6.2,Jammu & Kashmir,Meghalaya,Qamran Iqbal,Shubham Khajuria,RB Bishnoi Jr,6,0,,,,,,,,,
1383509,2023/24,2023-10-23,"Sawai Mansingh Stadium, Jaipur",2,6.3,Jammu & Kashmir,Meghalaya,Qamran Iqbal,Shubham Khajuria,RB Bishnoi Jr,0,0,,,,,,,,,
1383509,2023/24,2023-10-23,"Sawai Mansingh Stadium, Jaipur",2,6.4,Jammu & Kashmir,Meghalaya,Qamran Iqbal,Shubham Khajuria,RB Bishnoi Jr,1,0,,,,,,,,,
1383509,2023/24,2023-10-23,"Sawai Mansingh Stadium, Jaipur",2,6.5,Jammu & Kashmir,Meghalaya,Shubham Khajuria,Qamran Iqbal,RB Bishnoi Jr,1,0,,,,,,,,,
1383509,2023/24,2023-10-23,"Sawai Mansingh Stadium, Jaipur",2,6.6,Jammu & Kashmir,Meghalaya,Qamran Iqbal,Shubham Khajuria,RB Bishnoi Jr,1,0,,,,,,,,,
1383509,2023/24,2023-10-23,"Sawai Mansingh Stadium, Jaipur",2,7.1,Jammu & Kashmir,Meghalaya,Qamran Iqbal,Shubham Khajuria,Chengkam Sangma,0,1,,,,1,,,,,
1383509,2023/24,2023-10-23,"Sawai Mansingh Stadium, Jaipur",2,7.2,Jammu & Kashmir,Meghalaya,Shubham Khajuria,Qamran Iqbal,Chengkam Sangma,3,0,,,,,,,,,
1383509,2023/24,2023-10-23,"Sawai Mansingh Stadium, Jaipur",2,7.3,Jammu & Kashmir,Meghalaya,Qamran Iqbal,Shubham Khajuria,Chengkam Sangma,0,0,,,,,,,,,
1383509,2023/24,2023-10-23,"Sawai Mansingh Stadium, Jaipur",2,7.4,Jammu & Kashmir,Meghalaya,Qamran Iqbal,Shubham Khajuria,Chengkam Sangma,0,0,,,,,,,,,
1383509,2023/24,2023-10-23,"Sawai Mansingh Stadium, Jaipur",2,7.5,Jammu & Kashmir,Meghalaya,Qamran Iqbal,Shubham Khajuria,Chengkam Sangma,4,0,,,,,,,,,
1383509,2023/24,2023-10-23,"Sawai Mansingh Stadium, Jaipur",2,7.6,Jammu & Kashmir,Meghalaya,Qamran Iqbal,Shubham Khajuria,Chengkam Sangma,0,1,1,,,,,,,,
1383509,2023/24,2023-10-23,"Sawai Mansingh Stadium, Jaipur",2,7.7,Jammu & Kashmir,Meghalaya,Qamran Iqbal,Shubham Khajuria,Chengkam Sangma,0,0,,,,,,,,,
1383509,2023/24,2023-10-23,"Sawai Mansingh Stadium, Jaipur",2,8.1,Jammu & Kashmir,Meghalaya,Shubham Khajuria,Qamran Iqbal,RB Bishnoi Jr,1,0,,,,,,,,,
1383509,2023/24,2023-10-23,"Sawai Mansingh Stadium, Jaipur",2,8.2,Jammu & Kashmir,Meghalaya,Qamran Iqbal,Shubham Khajuria,RB Bishnoi Jr,0,0,,,,,,,,,
1383509,2023/24,2023-10-23,"Sawai Mansingh Stadium, Jaipur",2,8.3,Jammu & Kashmir,Meghalaya,Qamran Iqbal,Shubham Khajuria,RB Bishnoi Jr,0,0,,,,,,caught,Qamran Iqbal,,
1383509,2023/24,2023-10-23,"Sawai Mansingh Stadium, Jaipur",2,8.4,Jammu & Kashmir,Meghalaya,Henan Nazir,Shubham Khajuria,RB Bishnoi Jr,1,0,,,,,,,,,
1383509,2023/24,2023-10-23,"Sawai Mansingh Stadium, Jaipur",2,8.5,Jammu & Kashmir,Meghalaya,Shubham Khajuria,Henan Nazir,RB Bishnoi Jr,0,0,,,,,,,,,
1383509,2023/24,2023-10-23,"Sawai Mansingh Stadium, Jaipur",2,8.6,Jammu & Kashmir,Meghalaya,Shubham Khajuria,Henan Nazir,RB Bishnoi Jr,0,0,,,,,,,,,
1383509,2023/24,2023-10-23,"Sawai Mansingh Stadium, Jaipur",2,9.1,Jammu & Kashmir,Meghalaya,Henan Nazir,Shubham Khajuria,RD Hynniewta,0,0,,,,,,,,,
1383509,2023/24,2023-10-23,"Sawai Mansingh Stadium, Jaipur",2,9.2,Jammu & Kashmir,Meghalaya,Henan Nazir,Shubham Khajuria,RD Hynniewta,4,0,,,,,,,,,
1383509,2023/24,2023-10-23,"Sawai Mansingh Stadium, Jaipur",2,9.3,Jammu & Kashmir,Meghalaya,Henan Nazir,Shubham Khajuria,RD Hynniewta,1,0,,,,,,,,,
1383509,2023/24,2023-10-23,"Sawai Mansingh Stadium, Jaipur",2,9.4,Jammu & Kashmir,Meghalaya,Shubham Khajuria,Henan Nazir,RD Hynniewta,0,0,,,,,,,,,
1383509,2023/24,2023-10-23,"Sawai Mansingh Stadium, Jaipur",2,9.5,Jammu & Kashmir,Meghalaya,Shubham Khajuria,Henan Nazir,RD Hynniewta,1,0,,,,,,,,,
1383509,2023/24,2023-10-23,"Sawai Mansingh Stadium, Jaipur",2,9.6,Jammu & Kashmir,Meghalaya,Henan Nazir,Shubham Khajuria,RD Hynniewta,2,0,,,,,,,,,
1383509,2023/24,2023-10-23,"Sawai Mansingh Stadium, Jaipur",2,10.1,Jammu & Kashmir,Meghalaya,Shubham Khajuria,Henan Nazir,RB Bishnoi Jr,0,0,,,,,,,,,
1383509,2023/24,2023-10-23,"Sawai Mansingh Stadium, Jaipur",2,10.2,Jammu & Kashmir,Meghalaya,Shubham Khajuria,Henan Nazir,RB Bishnoi Jr,0,0,,,,,,,,,
1383509,2023/24,2023-10-23,"Sawai Mansingh Stadium, Jaipur",2,10.3,Jammu & Kashmir,Meghalaya,Shubham Khajuria,Henan Nazir,RB Bishnoi Jr,1,0,,,,,,,,,
1383509,2023/24,2023-10-23,"Sawai Mansingh Stadium, Jaipur",2,10.4,Jammu & Kashmir,Meghalaya,Henan Nazir,Shubham Khajuria,RB Bishnoi Jr,1,0,,,,,,,,,
1383509,2023/24,2023-10-23,"Sawai Mansingh Stadium, Jaipur",2,10.5,Jammu & Kashmir,Meghalaya,Shubham Khajuria,Henan Nazir,RB Bishnoi Jr,1,0,,,,,,,,,
1383509,2023/24,2023-10-23,"Sawai Mansingh Stadium, Jaipur",2,10.6,Jammu & Kashmir,Meghalaya,Henan Nazir,Shubham Khajuria,RB Bishnoi Jr,1,0,,,,,,,,,
1383509,2023/24,2023-10-23,"Sawai Mansingh Stadium, Jaipur",2,11.1,Jammu & Kashmir,Meghalaya,Henan Nazir,Shubham Khajuria,RD Hynniewta,0,0,,,,,,,,,
1383509,2023/24,2023-10-23,"Sawai Mansingh Stadium, Jaipur",2,11.2,Jammu & Kashmir,Meghalaya,Henan Nazir,Shubham Khajuria,RD Hynniewta,2,0,,,,,,,,,
1383509,2023/24,2023-10-23,"Sawai Mansingh Stadium, Jaipur",2,11.3,Jammu & Kashmir,Meghalaya,Henan Nazir,Shubham Khajuria,RD Hynniewta,1,0,,,,,,,,,
1383509,2023/24,2023-10-23,"Sawai Mansingh Stadium, Jaipur",2,11.4,Jammu & Kashmir,Meghalaya,Shubham Khajuria,Henan Nazir,RD Hynniewta,0,0,,,,,,,,,
1383509,2023/24,2023-10-23,"Sawai Mansingh Stadium, Jaipur",2,11.5,Jammu & Kashmir,Meghalaya,Shubham Khajuria,Henan Nazir,RD Hynniewta,1,0,,,,,,,,,
1383509,2023/24,2023-10-23,"Sawai Mansingh Stadium, Jaipur",2,11.6,Jammu & Kashmir,Meghalaya,Henan Nazir,Shubham Khajuria,RD Hynniewta,1,0,,,,,,,,,
1383509,2023/24,2023-10-23,"Sawai Mansingh Stadium, Jaipur",2,12.1,Jammu & Kashmir,Meghalaya,Henan Nazir,Shubham Khajuria,Kilco R Marak,1,0,,,,,,,,,
1383509,2023/24,2023-10-23,"Sawai Mansingh Stadium, Jaipur",2,12.2,Jammu & Kashmir,Meghalaya,Shubham Khajuria,Henan Nazir,Kilco R Marak,1,0,,,,,,,,,
1383509,2023/24,2023-10-23,"Sawai Mansingh Stadium, Jaipur",2,12.3,Jammu & Kashmir,Meghalaya,Henan Nazir,Shubham Khajuria,Kilco R Marak,0,0,,,,,,,,,
1383509,2023/24,2023-10-23,"Sawai Mansingh Stadium, Jaipur",2,12.4,Jammu & Kashmir,Meghalaya,Henan Nazir,Shubham Khajuria,Kilco R Marak,0,0,,,,,,,,,
1383509,2023/24,2023-10-23,"Sawai Mansingh Stadium, Jaipur",2,12.5,Jammu & Kashmir,Meghalaya,Henan Nazir,Shubham Khajuria,Kilco R Marak,0,0,,,,,,,,,
1383509,2023/24,2023-10-23,"Sawai Mansingh Stadium, Jaipur",2,12.6,Jammu & Kashmir,Meghalaya,Henan Nazir,Shubham Khajuria,Kilco R Marak,1,0,,,,,,,,,
1383509,2023/24,2023-10-23,"Sawai Mansingh Stadium, Jaipur",2,13.1,Jammu & Kashmir,Meghalaya,Henan Nazir,Shubham Khajuria,SB Kurkalang,1,0,,,,,,,,,
1383509,2023/24,2023-10-23,"Sawai Mansingh Stadium, Jaipur",2,13.2,Jammu & Kashmir,Meghalaya,Shubham Khajuria,Henan Nazir,SB Kurkalang,4,0,,,,,,,,,
1383509,2023/24,2023-10-23,"Sawai Mansingh Stadium, Jaipur",2,13.3,Jammu & Kashmir,Meghalaya,Shubham Khajuria,Henan Nazir,SB Kurkalang,1,0,,,,,,,,,
1383509,2023/24,2023-10-23,"Sawai Mansingh Stadium, Jaipur",2,13.4,Jammu & Kashmir,Meghalaya,Henan Nazir,Shubham Khajuria,SB Kurkalang,4,0,,,,,,,,,
1383509,2023/24,2023-10-23,"Sawai Mansingh Stadium, Jaipur",2,13.5,Jammu & Kashmir,Meghalaya,Henan Nazir,Shubham Khajuria,SB Kurkalang,0,1,1,,,,,,,,
1383509,2023/24,2023-10-23,"Sawai Mansingh Stadium, Jaipur",2,13.6,Jammu & Kashmir,Meghalaya,Henan Nazir,Shubham Khajuria,SB Kurkalang,1,0,,,,,,,,,
1383509,2023/24,2023-10-23,"Sawai Mansingh Stadium, Jaipur",2,13.7,Jammu & Kashmir,Meghalaya,Shubham Khajuria,Henan Nazir,SB Kurkalang,1,0,,,,,,,,,
1383509,2023/24,2023-10-23,"Sawai Mansingh Stadium, Jaipur",2,14.1,Jammu & Kashmir,Meghalaya,Shubham Khajuria,Henan Nazir,Kilco R Marak,0,0,,,,,,caught,Shubham Khajuria,,
1383509,2023/24,2023-10-23,"Sawai Mansingh Stadium, Jaipur",2,14.2,Jammu & Kashmir,Meghalaya,Shubham Pundir,Henan Nazir,Kilco R Marak,0,0,,,,,,,,,
1383509,2023/24,2023-10-23,"Sawai Mansingh Stadium, Jaipur",2,14.3,Jammu & Kashmir,Meghalaya,Shubham Pundir,Henan Nazir,Kilco R Marak,2,0,,,,,,,,,
1383509,2023/24,2023-10-23,"Sawai Mansingh Stadium, Jaipur",2,14.4,Jammu & Kashmir,Meghalaya,Shubham Pundir,Henan Nazir,Kilco R Marak,2,0,,,,,,,,,
1383509,2023/24,2023-10-23,"Sawai Mansingh Stadium, Jaipur",2,14.5,Jammu & Kashmir,Meghalaya,Shubham Pundir,Henan Nazir,Kilco R Marak,6,0,,,,,,,,,
1383509,2023/24,2023-10-23,"Sawai Mansingh Stadium, Jaipur",2,14.6,Jammu & Kashmir,Meghalaya,Shubham Pundir,Henan Nazir,Kilco R Marak,4,0,,,,,,,,,
