match_id,season,start_date,venue,innings,ball,batting_team,bowling_team,striker,non_striker,bowler,runs_off_bat,extras,wides,noballs,byes,legbyes,penalty,wicket_type,player_dismissed,other_wicket_type,other_player_dismissed
1383472,2023/24,2023-10-19,"Sawai Mansingh Stadium, Jaipur",1,0.1,Chhattisgarh,Hyderabad (India),Shashank Chandrakar,Amandeep Khare,Ravi Teja,0,0,,,,,,caught,Shashank Chandrakar,,
1383472,2023/24,2023-10-19,"Sawai Mansingh Stadium, Jaipur",1,0.2,Chhattisgarh,Hyderabad (India),Harpreet Singh,Amandeep Khare,Ravi Teja,1,0,,,,,,,,,
1383472,2023/24,2023-10-19,"Sawai Mansingh Stadium, Jaipur",1,0.3,Chhattisgarh,Hyderabad (India),Amandeep Khare,Harpreet Singh,Ravi Teja,0,0,,,,,,lbw,Amandeep Khare,,
1383472,2023/24,2023-10-19,"Sawai Mansingh Stadium, Jaipur",1,0.4,Chhattisgarh,Hyderabad (India),Shashank Singh,Harpreet Singh,Ravi Teja,1,0,,,,,,,,,
1383472,2023/24,2023-10-19,"Sawai Mansingh Stadium, Jaipur",1,0.5,Chhattisgarh,Hyderabad (India),Harpreet Singh,Shashank Singh,Ravi Teja,0,0,,,,,,,,,
1383472,2023/24,2023-10-19,"Sawai Mansingh Stadium, Jaipur",1,0.6,Chhattisgarh,Hyderabad (India),Harpreet Singh,Shashank Singh,Ravi Teja,0,1,1,,,,,,,,
1383472,2023/24,2023-10-19,"Sawai Mansingh Stadium, Jaipur",1,0.7,Chhattisgarh,Hyderabad (India),Harpreet Singh,Shashank Singh,Ravi Teja,0,0,,,,,,caught,Harpreet Singh,,
1383472,2023/24,2023-10-19,"Sawai Mansingh Stadium, Jaipur",1,1.1,Chhattisgarh,Hyderabad (India),Shashank Singh,Sanjeet Desai,CV Milind,0,0,,,,,,,,,
1383472,2023/24,2023-10-19,"Sawai Mansingh Stadium, Jaipur",1,1.2,Chhattisgarh,Hyderabad (India),Shashank Singh,Sanjeet Desai,CV Milind,0,0,,,,,,,,,
1383472,2023/24,2023-10-19,"Sawai Mansingh Stadium, Jaipur",1,1.3,Chhattisgarh,Hyderabad (India),Shashank Singh,Sanjeet Desai,CV Milind,0,0,,,,,,,,,
1383472,2023/24,2023-10-19,"Sawai Mansingh Stadium, Jaipur",1,1.4,Chhattisgarh,Hyderabad (India),Shashank Singh,Sanjeet Desai,CV Milind,0,0,,,,,,,,,
1383472,2023/24,2023-10-19,"Sawai Mansingh Stadium, Jaipur",1,1.5,Chhattisgarh,Hyderabad (India),Shashank Singh,Sanjeet Desai,CV Milind,4,0,,,,,,,,,
1383472,2023/24,2023-10-19,"Sawai Mansingh Stadium, Jaipur",1,1.6,Chhattisgarh,Hyderabad (India),Shashank Singh,Sanjeet Desai,CV Milind,1,0,,,,,,,,,
1383472,2023/24,2023-10-19,"Sawai Mansingh Stadium, Jaipur",1,2.1,Chhattisgarh,Hyderabad (India),Shashank Singh,Sanjeet Desai,Ravi Teja,0,0,,,,,,,,,
1383472,2023/24,2023-10-19,"Sawai Mansingh Stadium, Jaipur",1,2.2,Chhattisgarh,Hyderabad (India),Shashank Singh,Sanjeet Desai,Ravi Teja,2,0,,,,,,,,,
1383472,2023/24,2023-10-19,"Sawai Mansingh Stadium, Jaipur",1,2.3,Chhattisgarh,Hyderabad (India),Shashank Singh,Sanjeet Desai,Ravi Teja,0,1,1,,,,,,,,
1383472,2023/24,2023-10-19,"Sawai Mansingh Stadium, Jaipur",1,2.4,Chhattisgarh,Hyderabad (India),Shashank Singh,Sanjeet Desai,Ravi Teja,1,0,,,,,,,,,
1383472,2023/24,2023-10-19,"Sawai Mansingh Stadium, Jaipur",1,2.5,Chhattisgarh,Hyderabad (India),Sanjeet Desai,Shashank Singh,Ravi Teja,0,0,,,,,,,,,
1383472,2023/24,2023-10-19,"Sawai Mansingh Stadium, Jaipur",1,2.6,Chhattisgarh,Hyderabad (India),Sanjeet Desai,Shashank Singh,Ravi Teja,0,0,,,,,,,,,
1383472,2023/24,2023-10-19,"Sawai Mansingh Stadium, Jaipur",1,2.7,Chhattisgarh,Hyderabad (India),Sanjeet Desai,Shashank Singh,Ravi Teja,1,0,,,,,,,,,
1383472,2023/24,2023-10-19,"Sawai Mansingh Stadium, Jaipur",1,3.1,Chhattisgarh,Hyderabad (India),Sanjeet Desai,Shashank Singh,CV Milind,0,0,,,,,,,,,
1383472,2023/24,2023-10-19,"Sawai Mansingh Stadium, Jaipur",1,3.2,Chhattisgarh,Hyderabad (India),Sanjeet Desai,Shashank Singh,CV Milind,4,0,,,,,,,,,
1383472,2023/24,2023-10-19,"Sawai Mansingh Stadium, Jaipur",1,3.3,Chhattisgarh,Hyderabad (India),Sanjeet Desai,Shashank Singh,CV Milind,1,0,,,,,,,,,
1383472,2023/24,2023-10-19,"Sawai Mansingh Stadium, Jaipur",1,3.4,Chhattisgarh,Hyderabad (India),Shashank Singh,Sanjeet Desai,CV Milind,1,0,,,,,,,,,
1383472,2023/24,2023-10-19,"Sawai Mansingh Stadium, Jaipur",1,3.5,Chhattisgarh,Hyderabad (India),Sanjeet Desai,Shashank Singh,CV Milind,0,0,,,,,,,,,
1383472,2023/24,2023-10-19,"Sawai Mansingh Stadium, Jaipur",1,3.6,Chhattisgarh,Hyderabad (India),Sanjeet Desai,Shashank Singh,CV Milind,0,0,,,,,,,,,
1383472,2023/24,2023-10-19,"Sawai Mansingh Stadium, Jaipur",1,4.1,Chhattisgarh,Hyderabad (India),Shashank Singh,Sanjeet Desai,Ravi Teja,1,0,,,,,,,,,
1383472,2023/24,2023-10-19,"Sawai Mansingh Stadium, Jaipur",1,4.2,Chhattisgarh,Hyderabad (India),Sanjeet Desai,Shashank Singh,Ravi Teja,0,0,,,,,,lbw,Sanjeet Desai,,
1383472,2023/24,2023-10-19,"Sawai Mansingh Stadium, Jaipur",1,4.3,Chhattisgarh,Hyderabad (India),Eknath Kerkar,Shashank Singh,Ravi Teja,0,0,,,,,,,,,
1383472,2023/24,2023-10-19,"Sawai Mansingh Stadium, Jaipur",1,4.4,Chhattisgarh,Hyderabad (India),Eknath Kerkar,Shashank Singh,Ravi Teja,0,0,,,,,,,,,
1383472,2023/24,2023-10-19,"Sawai Mansingh Stadium, Jaipur",1,4.5,Chhattisgarh,Hyderabad (India),Eknath Kerkar,Shashank Singh,Ravi Teja,0,0,,,,,,,,,
1383472,2023/24,2023-10-19,"Sawai Mansingh Stadium, Jaipur",1,4.6,Chhattisgarh,Hyderabad (India),Eknath Kerkar,Shashank Singh,Ravi Teja,1,0,,,,,,,,,
1383472,2023/24,2023-10-19,"Sawai Mansingh Stadium, Jaipur",1,5.1,Chhattisgarh,Hyderabad (India),Eknath Kerkar,Shashank Singh,Rakshan Readdi,1,0,,,,,,,,,
1383472,2023/24,2023-10-19,"Sawai Mansingh Stadium, Jaipur",1,5.2,Chhattisgarh,Hyderabad (India),Shashank Singh,Eknath Kerkar,Rakshan Readdi,1,0,,,,,,,,,
1383472,2023/24,2023-10-19,"Sawai Mansingh Stadium, Jaipur",1,5.3,Chhattisgarh,Hyderabad (India),Eknath Kerkar,Shashank Singh,Rakshan Readdi,2,0,,,,,,,,,
1383472,2023/24,2023-10-19,"Sawai Mansingh Stadium, Jaipur",1,5.4,Chhattisgarh,Hyderabad (India),Eknath Kerkar,Shashank Singh,Rakshan Readdi,1,0,,,,,,,,,
1383472,2023/24,2023-10-19,"Sawai Mansingh Stadium, Jaipur",1,5.5,Chhattisgarh,Hyderabad (India),Shashank Singh,Eknath Kerkar,Rakshan Readdi,0,0,,,,,,,,,
1383472,2023/24,2023-10-19,"Sawai Mansingh Stadium, Jaipur",1,5.6,Chhattisgarh,Hyderabad (India),Shashank Singh,Eknath Kerkar,Rakshan Readdi,4,0,,,,,,,,,
1383472,2023/24,2023-10-19,"Sawai Mansingh Stadium, Jaipur",1,6.1,Chhattisgarh,Hyderabad (India),Eknath Kerkar,Shashank Singh,G Anikethreddy,3,0,,,,,,,,,
1383472,2023/24,2023-10-19,"Sawai Mansingh Stadium, Jaipur",1,6.2,Chhattisgarh,Hyderabad (India),Shashank Singh,Eknath Kerkar,G Anikethreddy,1,0,,,,,,,,,
1383472,2023/24,2023-10-19,"Sawai Mansingh Stadium, Jaipur",1,6.3,Chhattisgarh,Hyderabad (India),Eknath Kerkar,Shashank Singh,G Anikethreddy,1,0,,,,,,,,,
1383472,2023/24,2023-10-19,"Sawai Mansingh Stadium, Jaipur",1,6.4,Chhattisgarh,Hyderabad (India),Shashank Singh,Eknath Kerkar,G Anikethreddy,1,0,,,,,,,,,
1383472,2023/24,2023-10-19,"Sawai Mansingh Stadium, Jaipur",1,6.5,Chhattisgarh,Hyderabad (India),Eknath Kerkar,Shashank Singh,G Anikethreddy,0,0,,,,,,,,,
1383472,2023/24,2023-10-19,"Sawai Mansingh Stadium, Jaipur",1,6.6,Chhattisgarh,Hyderabad (India),Eknath Kerkar,Shashank Singh,G Anikethreddy,0,0,,,,,,,,,
1383472,2023/24,2023-10-19,"Sawai Mansingh Stadium, Jaipur",1,7.1,Chhattisgarh,Hyderabad (India),Shashank Singh,Eknath Kerkar,Tanay Thyagarajan,0,0,,,,,,,,,
1383472,2023/24,2023-10-19,"Sawai Mansingh Stadium, Jaipur",1,7.2,Chhattisgarh,Hyderabad (India),Shashank Singh,Eknath Kerkar,Tanay Thyagarajan,1,0,,,,,,,,,
1383472,2023/24,2023-10-19,"Sawai Mansingh Stadium, Jaipur",1,7.3,Chhattisgarh,Hyderabad (India),Eknath Kerkar,Shashank Singh,Tanay Thyagarajan,0,0,,,,,,caught,Eknath Kerkar,,
1383472,2023/24,2023-10-19,"Sawai Mansingh Stadium, Jaipur",1,7.4,Chhattisgarh,Hyderabad (India),Ajay Mandal,Shashank Singh,Tanay Thyagarajan,1,0,,,,,,,,,
1383472,2023/24,2023-10-19,"Sawai Mansingh Stadium, Jaipur",1,7.5,Chhattisgarh,Hyderabad (India),Shashank Singh,Ajay Mandal,Tanay Thyagarajan,1,0,,,,,,,,,
1383472,2023/24,2023-10-19,"Sawai Mansingh Stadium, Jaipur",1,7.6,Chhattisgarh,Hyderabad (India),Ajay Mandal,Shashank Singh,Tanay Thyagarajan,0,0,,,,,,,,,
1383472,2023/24,2023-10-19,"Sawai Mansingh Stadium, Jaipur",1,8.1,Chhattisgarh,Hyderabad (India),Shashank Singh,Ajay Mandal,G Anikethreddy,1,0,,,,,,,,,
1383472,2023/24,2023-10-19,"Sawai Mansingh Stadium, Jaipur",1,8.2,Chhattisgarh,Hyderabad (India),Ajay Mandal,Shashank Singh,G Anikethreddy,0,0,,,,,,,,,
1383472,2023/24,2023-10-19,"Sawai Mansingh Stadium, Jaipur",1,8.3,Chhattisgarh,Hyderabad (India),Ajay Mandal,Shashank Singh,G Anikethreddy,0,0,,,,,,,,,
1383472,2023/24,2023-10-19,"Sawai Mansingh Stadium, Jaipur",1,8.4,Chhattisgarh,Hyderabad (India),Ajay Mandal,Shashank Singh,G Anikethreddy,0,0,,,,,,,,,
1383472,2023/24,2023-10-19,"Sawai Mansingh Stadium, Jaipur",1,8.5,Chhattisgarh,Hyderabad (India),Ajay Mandal,Shashank Singh,G Anikethreddy,1,0,,,,,,,,,
1383472,2023/24,2023-10-19,"Sawai Mansingh Stadium, Jaipur",1,8.6,Chhattisgarh,Hyderabad (India),Shashank Singh,Ajay Mandal,G Anikethreddy,4,0,,,,,,,,,
1383472,2023/24,2023-10-19,"Sawai Mansingh Stadium, Jaipur",1,9.1,Chhattisgarh,Hyderabad (India),Ajay Mandal,Shashank Singh,Tanay Thyagarajan,0,0,,,,,,,,,
1383472,2023/24,2023-10-19,"Sawai Mansingh Stadium, Jaipur",1,9.2,Chhattisgarh,Hyderabad (India),Ajay Mandal,Shashank Singh,Tanay Thyagarajan,1,0,,,,,,,,,
1383472,2023/24,2023-10-19,"Sawai Mansingh Stadium, Jaipur",1,9.3,Chhattisgarh,Hyderabad (India),Shashank Singh,Ajay Mandal,Tanay Thyagarajan,1,0,,,,,,,,,
1383472,2023/24,2023-10-19,"Sawai Mansingh Stadium, Jaipur",1,9.4,Chhattisgarh,Hyderabad (India),Ajay Mandal,Shashank Singh,Tanay Thyagarajan,1,0,,,,,,,,,
1383472,2023/24,2023-10-19,"Sawai Mansingh Stadium, Jaipur",1,9.5,Chhattisgarh,Hyderabad (India),Shashank Singh,Ajay Mandal,Tanay Thyagarajan,2,0,,,,,,,,,
1383472,2023/24,2023-10-19,"Sawai Mansingh Stadium, Jaipur",1,9.6,Chhattisgarh,Hyderabad (India),Shashank Singh,Ajay Mandal,Tanay Thyagarajan,0,0,,,,,,,,,
1383472,2023/24,2023-10-19,"Sawai Mansingh Stadium, Jaipur",1,10.1,Chhattisgarh,Hyderabad (India),Ajay Mandal,Shashank Singh,G Anikethreddy,1,0,,,,,,,,,
1383472,2023/24,2023-10-19,"Sawai Mansingh Stadium, Jaipur",1,10.2,Chhattisgarh,Hyderabad (India),Shashank Singh,Ajay Mandal,G Anikethreddy,1,0,,,,,,,,,
1383472,2023/24,2023-10-19,"Sawai Mansingh Stadium, Jaipur",1,10.3,Chhattisgarh,Hyderabad (India),Ajay Mandal,Shashank Singh,G Anikethreddy,0,0,,,,,,,,,
1383472,2023/24,2023-10-19,"Sawai Mansingh Stadium, Jaipur",1,10.4,Chhattisgarh,Hyderabad (India),Ajay Mandal,Shashank Singh,G Anikethreddy,1,0,,,,,,,,,
1383472,2023/24,2023-10-19,"Sawai Mansingh Stadium, Jaipur",1,10.5,Chhattisgarh,Hyderabad (India),Shashank Singh,Ajay Mandal,G Anikethreddy,0,0,,,,,,,,,
1383472,2023/24,2023-10-19,"Sawai Mansingh Stadium, Jaipur",1,10.6,Chhattisgarh,Hyderabad (India),Shashank Singh,Ajay Mandal,G Anikethreddy,1,0,,,,,,,,,
1383472,2023/24,2023-10-19,"Sawai Mansingh Stadium, Jaipur",1,11.1,Chhattisgarh,Hyderabad (India),Shashank Singh,Ajay Mandal,Tanay Thyagarajan,4,0,,,,,,,,,
1383472,2023/24,2023-10-19,"Sawai Mansingh Stadium, Jaipur",1,11.2,Chhattisgarh,Hyderabad (India),Shashank Singh,Ajay Mandal,Tanay Thyagarajan,1,0,,,,,,,,,
1383472,2023/24,2023-10-19,"Sawai Mansingh Stadium, Jaipur",1,11.3,Chhattisgarh,Hyderabad (India),Ajay Mandal,Shashank Singh,Tanay Thyagarajan,1,0,,,,,,,,,
1383472,2023/24,2023-10-19,"Sawai Mansingh Stadium, Jaipur",1,11.4,Chhattisgarh,Hyderabad (India),Shashank Singh,Ajay Mandal,Tanay Thyagarajan,0,0,,,,,,,,,
1383472,2023/24,2023-10-19,"Sawai Mansingh Stadium, Jaipur",1,11.5,Chhattisgarh,Hyderabad (India),Shashank Singh,Ajay Mandal,Tanay Thyagarajan,1,0,,,,,,,,,
1383472,2023/24,2023-10-19,"Sawai Mansingh Stadium, Jaipur",1,11.6,Chhattisgarh,Hyderabad (India),Ajay Mandal,Shashank Singh,Tanay Thyagarajan,1,0,,,,,,,,,
1383472,2023/24,2023-10-19,"Sawai Mansingh Stadium, Jaipur",1,12.1,Chhattisgarh,Hyderabad (India),Ajay Mandal,Shashank Singh,Tilak Varma,1,0,,,,,,,,,
1383472,2023/24,2023-10-19,"Sawai Mansingh Stadium, Jaipur",1,12.2,Chhattisgarh,Hyderabad (India),Shashank Singh,Ajay Mandal,Tilak Varma,0,1,1,,,,,,,,
1383472,2023/24,2023-10-19,"Sawai Mansingh Stadium, Jaipur",1,12.3,Chhattisgarh,Hyderabad (India),Shashank Singh,Ajay Mandal,Tilak Varma,1,0,,,,,,,,,
1383472,2023/24,2023-10-19,"Sawai Mansingh Stadium, Jaipur",1,12.4,Chhattisgarh,Hyderabad (India),Ajay Mandal,Shashank Singh,Tilak Varma,0,0,,,,,,,,,
1383472,2023/24,2023-10-19,"Sawai Mansingh Stadium, Jaipur",1,12.5,Chhattisgarh,Hyderabad (India),Ajay Mandal,Shashank Singh,Tilak Varma,0,0,,,,,,,,,
1383472,2023/24,2023-10-19,"Sawai Mansingh Stadium, Jaipur",1,12.6,Chhattisgarh,Hyderabad (India),Ajay Mandal,Shashank Singh,Tilak Varma,1,0,,,,,,,,,
1383472,2023/24,2023-10-19,"Sawai Mansingh Stadium, Jaipur",1,12.7,Chhattisgarh,Hyderabad (India),Shashank Singh,Ajay Mandal,Tilak Varma,1,0,,,,,,,,,
1383472,2023/24,2023-10-19,"Sawai Mansingh Stadium, Jaipur",1,13.1,Chhattisgarh,Hyderabad (India),Shashank Singh,Ajay Mandal,Tanay Thyagarajan,1,0,,,,,,,,,
1383472,2023/24,2023-10-19,"Sawai Mansingh Stadium, Jaipur",1,13.2,Chhattisgarh,Hyderabad (India),Ajay Mandal,Shashank Singh,Tanay Thyagarajan,0,0,,,,,,,,,
1383472,2023/24,2023-10-19,"Sawai Mansingh Stadium, Jaipur",1,13.3,Chhattisgarh,Hyderabad (India),Ajay Mandal,Shashank Singh,Tanay Thyagarajan,0,0,,,,,,bowled,Ajay Mandal,,
1383472,2023/24,2023-10-19,"Sawai Mansingh Stadium, Jaipur",1,13.4,Chhattisgarh,Hyderabad (India),Gagandeep Singh,Shashank Singh,Tanay Thyagarajan,0,0,,,,,,,,,
1383472,2023/24,2023-10-19,"Sawai Mansingh Stadium, Jaipur",1,13.5,Chhattisgarh,Hyderabad (India),Gagandeep Singh,Shashank Singh,Tanay Thyagarajan,0,0,,,,,,,,,
1383472,2023/24,2023-10-19,"Sawai Mansingh Stadium, Jaipur",1,13.6,Chhattisgarh,Hyderabad (India),Gagandeep Singh,Shashank Singh,Tanay Thyagarajan,1,0,,,,,,,,,
1383472,2023/24,2023-10-19,"Sawai Mansingh Stadium, Jaipur",1,14.1,Chhattisgarh,Hyderabad (India),Gagandeep Singh,Shashank Singh,Tilak Varma,1,0,,,,,,,,,
1383472,2023/24,2023-10-19,"Sawai Mansingh Stadium, Jaipur",1,14.2,Chhattisgarh,Hyderabad (India),Shashank Singh,Gagandeep Singh,Tilak Varma,4,0,,,,,,,,,
1383472,2023/24,2023-10-19,"Sawai Mansingh Stadium, Jaipur",1,14.3,Chhattisgarh,Hyderabad (India),Shashank Singh,Gagandeep Singh,Tilak Varma,1,0,,,,,,,,,
1383472,2023/24,2023-10-19,"Sawai Mansingh Stadium, Jaipur",1,14.4,Chhattisgarh,Hyderabad (India),Gagandeep Singh,Shashank Singh,Tilak Varma,1,0,,,,,,,,,
1383472,2023/24,2023-10-19,"Sawai Mansingh Stadium, Jaipur",1,14.5,Chhattisgarh,Hyderabad (India),Shashank Singh,Gagandeep Singh,Tilak Varma,1,0,,,,,,,,,
1383472,2023/24,2023-10-19,"Sawai Mansingh Stadium, Jaipur",1,14.6,Chhattisgarh,Hyderabad (India),Gagandeep Singh,Shashank Singh,Tilak Varma,1,0,,,,,,,,,
1383472,2023/24,2023-10-19,"Sawai Mansingh Stadium, Jaipur",1,15.1,Chhattisgarh,Hyderabad (India),Gagandeep Singh,Shashank Singh,Rakshan Readdi,0,0,,,,,,,,,
1383472,2023/24,2023-10-19,"Sawai Mansingh Stadium, Jaipur",1,15.2,Chhattisgarh,Hyderabad (India),Gagandeep Singh,Shashank Singh,Rakshan Readdi,1,0,,,,,,,,,
1383472,2023/24,2023-10-19,"Sawai Mansingh Stadium, Jaipur",1,15.3,Chhattisgarh,Hyderabad (India),Shashank Singh,Gagandeep Singh,Rakshan Readdi,0,0,,,,,,,,,
1383472,2023/24,2023-10-19,"Sawai Mansingh Stadium, Jaipur",1,15.4,Chhattisgarh,Hyderabad (India),Shashank Singh,Gagandeep Singh,Rakshan Readdi,1,0,,,,,,,,,
1383472,2023/24,2023-10-19,"Sawai Mansingh Stadium, Jaipur",1,15.5,Chhattisgarh,Hyderabad (India),Gagandeep Singh,Shashank Singh,Rakshan Readdi,0,0,,,,,,,,,
1383472,2023/24,2023-10-19,"Sawai Mansingh Stadium, Jaipur",1,15.6,Chhattisgarh,Hyderabad (India),Gagandeep Singh,Shashank Singh,Rakshan Readdi,1,0,,,,,,,,,
1383472,2023/24,2023-10-19,"Sawai Mansingh Stadium, Jaipur",1,16.1,Chhattisgarh,Hyderabad (India),Gagandeep Singh,Shashank Singh,G Anikethreddy,1,0,,,,,,,,,
1383472,2023/24,2023-10-19,"Sawai Mansingh Stadium, Jaipur",1,16.2,Chhattisgarh,Hyderabad (India),Shashank Singh,Gagandeep Singh,G Anikethreddy,0,0,,,,,,,,,
1383472,2023/24,2023-10-19,"Sawai Mansingh Stadium, Jaipur",1,16.3,Chhattisgarh,Hyderabad (India),Shashank Singh,Gagandeep Singh,G Anikethreddy,1,0,,,,,,,,,
1383472,2023/24,2023-10-19,"Sawai Mansingh Stadium, Jaipur",1,16.4,Chhattisgarh,Hyderabad (India),Gagandeep Singh,Shashank Singh,G Anikethreddy,4,0,,,,,,,,,
1383472,2023/24,2023-10-19,"Sawai Mansingh Stadium, Jaipur",1,16.5,Chhattisgarh,Hyderabad (India),Gagandeep Singh,Shashank Singh,G Anikethreddy,1,0,,,,,,,,,
1383472,2023/24,2023-10-19,"Sawai Mansingh Stadium, Jaipur",1,16.6,Chhattisgarh,Hyderabad (India),Shashank Singh,Gagandeep Singh,G Anikethreddy,1,0,,,,,,,,,
1383472,2023/24,2023-10-19,"Sawai Mansingh Stadium, Jaipur",1,17.1,Chhattisgarh,Hyderabad (India),Shashank Singh,Gagandeep Singh,CV Milind,1,0,,,,,,,,,
1383472,2023/24,2023-10-19,"Sawai Mansingh Stadium, Jaipur",1,17.2,Chhattisgarh,Hyderabad (India),Gagandeep Singh,Shashank Singh,CV Milind,1,0,,,,,,,,,
1383472,2023/24,2023-10-19,"Sawai Mansingh Stadium, Jaipur",1,17.3,Chhattisgarh,Hyderabad (India),Shashank Singh,Gagandeep Singh,CV Milind,1,0,,,,,,,,,
1383472,2023/24,2023-10-19,"Sawai Mansingh Stadium, Jaipur",1,17.4,Chhattisgarh,Hyderabad (India),Gagandeep Singh,Shashank Singh,CV Milind,0,0,,,,,,caught,Gagandeep Singh,,
1383472,2023/24,2023-10-19,"Sawai Mansingh Stadium, Jaipur",1,17.5,Chhattisgarh,Hyderabad (India),SS Agarwal,Shashank Singh,CV Milind,1,0,,,,,,,,,
1383472,2023/24,2023-10-19,"Sawai Mansingh Stadium, Jaipur",1,17.6,Chhattisgarh,Hyderabad (India),Shashank Singh,SS Agarwal,CV Milind,1,0,,,,,,,,,
1383472,2023/24,2023-10-19,"Sawai Mansingh Stadium, Jaipur",1,18.1,Chhattisgarh,Hyderabad (India),Shashank Singh,SS Agarwal,Ravi Teja,0,0,,,,,,caught,Shashank Singh,,
1383472,2023/24,2023-10-19,"Sawai Mansingh Stadium, Jaipur",1,18.2,Chhattisgarh,Hyderabad (India),Sourabh Majumdar,SS Agarwal,Ravi Teja,0,0,,,,,,bowled,Sourabh Majumdar,,
1383472,2023/24,2023-10-19,"Sawai Mansingh Stadium, Jaipur",1,18.3,Chhattisgarh,Hyderabad (India),J Butte,SS Agarwal,Ravi Teja,1,0,,,,,,,,,
1383472,2023/24,2023-10-19,"Sawai Mansingh Stadium, Jaipur",1,18.4,Chhattisgarh,Hyderabad (India),SS Agarwal,J Butte,Ravi Teja,1,0,,,,,,,,,
1383472,2023/24,2023-10-19,"Sawai Mansingh Stadium, Jaipur",1,18.5,Chhattisgarh,Hyderabad (India),J Butte,SS Agarwal,Ravi Teja,0,0,,,,,,,,,
1383472,2023/24,2023-10-19,"Sawai Mansingh Stadium, Jaipur",1,18.6,Chhattisgarh,Hyderabad (India),J Butte,SS Agarwal,Ravi Teja,1,0,,,,,,,,,
1383472,2023/24,2023-10-19,"Sawai Mansingh Stadium, Jaipur",1,19.1,Chhattisgarh,Hyderabad (India),J Butte,SS Agarwal,CV Milind,0,0,,,,,,caught,J Butte,,
1383472,2023/24,2023-10-19,"Sawai Mansingh Stadium, Jaipur",2,0.1,Hyderabad (India),Chhattisgarh,Tanmay Agarwal,Rohit Rayudu,J Butte,4,0,,,,,,,,,
1383472,2023/24,2023-10-19,"Sawai Mansingh Stadium, Jaipur",2,0.2,Hyderabad (India),Chhattisgarh,Tanmay Agarwal,Rohit Rayudu,J Butte,1,0,,,,,,,,,
1383472,2023/24,2023-10-19,"Sawai Mansingh Stadium, Jaipur",2,0.3,Hyderabad (India),Chhattisgarh,Rohit Rayudu,Tanmay Agarwal,J Butte,0,0,,,,,,,,,
1383472,2023/24,2023-10-19,"Sawai Mansingh Stadium, Jaipur",2,0.4,Hyderabad (India),Chhattisgarh,Rohit Rayudu,Tanmay Agarwal,J Butte,0,0,,,,,,,,,
1383472,2023/24,2023-10-19,"Sawai Mansingh Stadium, Jaipur",2,0.5,Hyderabad (India),Chhattisgarh,Rohit Rayudu,Tanmay Agarwal,J Butte,6,0,,,,,,,,,
1383472,2023/24,2023-10-19,"Sawai Mansingh Stadium, Jaipur",2,0.6,Hyderabad (India),Chhattisgarh,Rohit Rayudu,Tanmay Agarwal,J Butte,4,0,,,,,,,,,
1383472,2023/24,2023-10-19,"Sawai Mansingh Stadium, Jaipur",2,1.1,Hyderabad (India),Chhattisgarh,Tanmay Agarwal,Rohit Rayudu,Sourabh Majumdar,0,0,,,,,,,,,
1383472,2023/24,2023-10-19,"Sawai Mansingh Stadium, Jaipur",2,1.2,Hyderabad (India),Chhattisgarh,Tanmay Agarwal,Rohit Rayudu,Sourabh Majumdar,0,0,,,,,,,,,
1383472,2023/24,2023-10-19,"Sawai Mansingh Stadium, Jaipur",2,1.3,Hyderabad (India),Chhattisgarh,Tanmay Agarwal,Rohit Rayudu,Sourabh Majumdar,0,0,,,,,,,,,
1383472,2023/24,2023-10-19,"Sawai Mansingh Stadium, Jaipur",2,1.4,Hyderabad (India),Chhattisgarh,Tanmay Agarwal,Rohit Rayudu,Sourabh Majumdar,0,0,,,,,,,,,
1383472,2023/24,2023-10-19,"Sawai Mansingh Stadium, Jaipur",2,1.5,Hyderabad (India),Chhattisgarh,Tanmay Agarwal,Rohit Rayudu,Sourabh Majumdar,1,0,,,,,,,,,
1383472,2023/24,2023-10-19,"Sawai Mansingh Stadium, Jaipur",2,1.6,Hyderabad (India),Chhattisgarh,Rohit Rayudu,Tanmay Agarwal,Sourabh Majumdar,0,0,,,,,,,,,
1383472,2023/24,2023-10-19,"Sawai Mansingh Stadium, Jaipur",2,2.1,Hyderabad (India),Chhattisgarh,Tanmay Agarwal,Rohit Rayudu,PS Painkra,0,0,,,,,,,,,
1383472,2023/24,2023-10-19,"Sawai Mansingh Stadium, Jaipur",2,2.2,Hyderabad (India),Chhattisgarh,Tanmay Agarwal,Rohit Rayudu,PS Painkra,6,0,,,,,,,,,
1383472,2023/24,2023-10-19,"Sawai Mansingh Stadium, Jaipur",2,2.3,Hyderabad (India),Chhattisgarh,Tanmay Agarwal,Rohit Rayudu,PS Painkra,1,0,,,,,,,,,
1383472,2023/24,2023-10-19,"Sawai Mansingh Stadium, Jaipur",2,2.4,Hyderabad (India),Chhattisgarh,Rohit Rayudu,Tanmay Agarwal,PS Painkra,4,0,,,,,,,,,
1383472,2023/24,2023-10-19,"Sawai Mansingh Stadium, Jaipur",2,2.5,Hyderabad (India),Chhattisgarh,Rohit Rayudu,Tanmay Agarwal,PS Painkra,0,0,,,,,,,,,
1383472,2023/24,2023-10-19,"Sawai Mansingh Stadium, Jaipur",2,2.6,Hyderabad (India),Chhattisgarh,Rohit Rayudu,Tanmay Agarwal,PS Painkra,0,0,,,,,,,,,
1383472,2023/24,2023-10-19,"Sawai Mansingh Stadium, Jaipur",2,3.1,Hyderabad (India),Chhattisgarh,Tanmay Agarwal,Rohit Rayudu,Sourabh Majumdar,2,0,,,,,,,,,
1383472,2023/24,2023-10-19,"Sawai Mansingh Stadium, Jaipur",2,3.2,Hyderabad (India),Chhattisgarh,Tanmay Agarwal,Rohit Rayudu,Sourabh Majumdar,1,0,,,,,,,,,
1383472,2023/24,2023-10-19,"Sawai Mansingh Stadium, Jaipur",2,3.3,Hyderabad (India),Chhattisgarh,Rohit Rayudu,Tanmay Agarwal,Sourabh Majumdar,0,0,,,,,,,,,
1383472,2023/24,2023-10-19,"Sawai Mansingh Stadium, Jaipur",2,3.4,Hyderabad (India),Chhattisgarh,Rohit Rayudu,Tanmay Agarwal,Sourabh Majumdar,0,0,,,,,,caught,Rohit Rayudu,,
1383472,2023/24,2023-10-19,"Sawai Mansingh Stadium, Jaipur",2,3.5,Hyderabad (India),Chhattisgarh,Tilak Varma,Tanmay Agarwal,Sourabh Majumdar,0,0,,,,,,,,,
1383472,2023/24,2023-10-19,"Sawai Mansingh Stadium, Jaipur",2,3.6,Hyderabad (India),Chhattisgarh,Tilak Varma,Tanmay Agarwal,Sourabh Majumdar,0,0,,,,,,,,,
1383472,2023/24,2023-10-19,"Sawai Mansingh Stadium, Jaipur",2,4.1,Hyderabad (India),Chhattisgarh,Tanmay Agarwal,Tilak Varma,Ajay Mandal,4,0,,,,,,,,,
1383472,2023/24,2023-10-19,"Sawai Mansingh Stadium, Jaipur",2,4.2,Hyderabad (India),Chhattisgarh,Tanmay Agarwal,Tilak Varma,Ajay Mandal,1,0,,,,,,,,,
1383472,2023/24,2023-10-19,"Sawai Mansingh Stadium, Jaipur",2,4.3,Hyderabad (India),Chhattisgarh,Tilak Varma,Tanmay Agarwal,Ajay Mandal,1,0,,,,,,,,,
1383472,2023/24,2023-10-19,"Sawai Mansingh Stadium, Jaipur",2,4.4,Hyderabad (India),Chhattisgarh,Tanmay Agarwal,Tilak Varma,Ajay Mandal,0,0,,,,,,lbw,Tanmay Agarwal,,
1383472,2023/24,2023-10-19,"Sawai Mansingh Stadium, Jaipur",2,4.5,Hyderabad (India),Chhattisgarh,Rahul Singh,Tilak Varma,Ajay Mandal,0,0,,,,,,,,,
1383472,2023/24,2023-10-19,"Sawai Mansingh Stadium, Jaipur",2,4.6,Hyderabad (India),Chhattisgarh,Rahul Singh,Tilak Varma,Ajay Mandal,0,0,,,,,,,,,
1383472,2023/24,2023-10-19,"Sawai Mansingh Stadium, Jaipur",2,5.1,Hyderabad (India),Chhattisgarh,Tilak Varma,Rahul Singh,J Butte,4,0,,,,,,,,,
1383472,2023/24,2023-10-19,"Sawai Mansingh Stadium, Jaipur",2,5.2,Hyderabad (India),Chhattisgarh,Tilak Varma,Rahul Singh,J Butte,0,0,,,,,,,,,
1383472,2023/24,2023-10-19,"Sawai Mansingh Stadium, Jaipur",2,5.3,Hyderabad (India),Chhattisgarh,Tilak Varma,Rahul Singh,J Butte,1,0,,,,,,,,,
1383472,2023/24,2023-10-19,"Sawai Mansingh Stadium, Jaipur",2,5.4,Hyderabad (India),Chhattisgarh,Rahul Singh,Tilak Varma,J Butte,1,0,,,,,,,,,
1383472,2023/24,2023-10-19,"Sawai Mansingh Stadium, Jaipur",2,5.5,Hyderabad (India),Chhattisgarh,Tilak Varma,Rahul Singh,J Butte,0,0,,,,,,,,,
1383472,2023/24,2023-10-19,"Sawai Mansingh Stadium, Jaipur",2,5.6,Hyderabad (India),Chhattisgarh,Tilak Varma,Rahul Singh,J Butte,1,0,,,,,,,,,
1383472,2023/24,2023-10-19,"Sawai Mansingh Stadium, Jaipur",2,6.1,Hyderabad (India),Chhattisgarh,Tilak Varma,Rahul Singh,Ajay Mandal,2,0,,,,,,,,,
1383472,2023/24,2023-10-19,"Sawai Mansingh Stadium, Jaipur",2,6.2,Hyderabad (India),Chhattisgarh,Tilak Varma,Rahul Singh,Ajay Mandal,1,0,,,,,,,,,
1383472,2023/24,2023-10-19,"Sawai Mansingh Stadium, Jaipur",2,6.3,Hyderabad (India),Chhattisgarh,Rahul Singh,Tilak Varma,Ajay Mandal,2,0,,,,,,,,,
1383472,2023/24,2023-10-19,"Sawai Mansingh Stadium, Jaipur",2,6.4,Hyderabad (India),Chhattisgarh,Rahul Singh,Tilak Varma,Ajay Mandal,2,0,,,,,,,,,
1383472,2023/24,2023-10-19,"Sawai Mansingh Stadium, Jaipur",2,6.5,Hyderabad (India),Chhattisgarh,Rahul Singh,Tilak Varma,Ajay Mandal,1,0,,,,,,,,,
1383472,2023/24,2023-10-19,"Sawai Mansingh Stadium, Jaipur",2,6.6,Hyderabad (India),Chhattisgarh,Tilak Varma,Rahul Singh,Ajay Mandal,0,0,,,,,,,,,
1383472,2023/24,2023-10-19,"Sawai Mansingh Stadium, Jaipur",2,7.1,Hyderabad (India),Chhattisgarh,Rahul Singh,Tilak Varma,J Butte,1,0,,,,,,,,,
1383472,2023/24,2023-10-19,"Sawai Mansingh Stadium, Jaipur",2,7.2,Hyderabad (India),Chhattisgarh,Tilak Varma,Rahul Singh,J Butte,1,0,,,,,,,,,
1383472,2023/24,2023-10-19,"Sawai Mansingh Stadium, Jaipur",2,7.3,Hyderabad (India),Chhattisgarh,Rahul Singh,Tilak Varma,J Butte,0,0,,,,,,,,,
1383472,2023/24,2023-10-19,"Sawai Mansingh Stadium, Jaipur",2,7.4,Hyderabad (India),Chhattisgarh,Rahul Singh,Tilak Varma,J Butte,0,0,,,,,,,,,
1383472,2023/24,2023-10-19,"Sawai Mansingh Stadium, Jaipur",2,7.5,Hyderabad (India),Chhattisgarh,Rahul Singh,Tilak Varma,J Butte,0,0,,,,,,,,,
1383472,2023/24,2023-10-19,"Sawai Mansingh Stadium, Jaipur",2,7.6,Hyderabad (India),Chhattisgarh,Rahul Singh,Tilak Varma,J Butte,1,0,,,,,,,,,
1383472,2023/24,2023-10-19,"Sawai Mansingh Stadium, Jaipur",2,8.1,Hyderabad (India),Chhattisgarh,Rahul Singh,Tilak Varma,Ajay Mandal,1,0,,,,,,,,,
1383472,2023/24,2023-10-19,"Sawai Mansingh Stadium, Jaipur",2,8.2,Hyderabad (India),Chhattisgarh,Tilak Varma,Rahul Singh,Ajay Mandal,0,0,,,,,,caught,Tilak Varma,,
1383472,2023/24,2023-10-19,"Sawai Mansingh Stadium, Jaipur",2,8.3,Hyderabad (India),Chhattisgarh,CP Sahani,Rahul Singh,Ajay Mandal,0,0,,,,,,,,,
1383472,2023/24,2023-10-19,"Sawai Mansingh Stadium, Jaipur",2,8.4,Hyderabad (India),Chhattisgarh,CP Sahani,Rahul Singh,Ajay Mandal,0,0,,,,,,,,,
1383472,2023/24,2023-10-19,"Sawai Mansingh Stadium, Jaipur",2,8.5,Hyderabad (India),Chhattisgarh,CP Sahani,Rahul Singh,Ajay Mandal,1,0,,,,,,,,,
1383472,2023/24,2023-10-19,"Sawai Mansingh Stadium, Jaipur",2,8.6,Hyderabad (India),Chhattisgarh,Rahul Singh,CP Sahani,Ajay Mandal,1,0,,,,,,,,,
1383472,2023/24,2023-10-19,"Sawai Mansingh Stadium, Jaipur",2,9.1,Hyderabad (India),Chhattisgarh,Rahul Singh,CP Sahani,J Butte,0,0,,,,,,,,,
1383472,2023/24,2023-10-19,"Sawai Mansingh Stadium, Jaipur",2,9.2,Hyderabad (India),Chhattisgarh,Rahul Singh,CP Sahani,J Butte,1,0,,,,,,,,,
1383472,2023/24,2023-10-19,"Sawai Mansingh Stadium, Jaipur",2,9.3,Hyderabad (India),Chhattisgarh,CP Sahani,Rahul Singh,J Butte,0,0,,,,,,,,,
1383472,2023/24,2023-10-19,"Sawai Mansingh Stadium, Jaipur",2,9.4,Hyderabad (India),Chhattisgarh,CP Sahani,Rahul Singh,J Butte,1,0,,,,,,,,,
1383472,2023/24,2023-10-19,"Sawai Mansingh Stadium, Jaipur",2,9.5,Hyderabad (India),Chhattisgarh,Rahul Singh,CP Sahani,J Butte,0,0,,,,,,,,,
1383472,2023/24,2023-10-19,"Sawai Mansingh Stadium, Jaipur",2,9.6,Hyderabad (India),Chhattisgarh,Rahul Singh,CP Sahani,J Butte,1,0,,,,,,,,,
1383472,2023/24,2023-10-19,"Sawai Mansingh Stadium, Jaipur",2,10.1,Hyderabad (India),Chhattisgarh,Rahul Singh,CP Sahani,SS Agarwal,2,0,,,,,,,,,
1383472,2023/24,2023-10-19,"Sawai Mansingh Stadium, Jaipur",2,10.2,Hyderabad (India),Chhattisgarh,Rahul Singh,CP Sahani,SS Agarwal,0,0,,,,,,,,,
1383472,2023/24,2023-10-19,"Sawai Mansingh Stadium, Jaipur",2,10.3,Hyderabad (India),Chhattisgarh,Rahul Singh,CP Sahani,SS Agarwal,1,0,,,,,,,,,
1383472,2023/24,2023-10-19,"Sawai Mansingh Stadium, Jaipur",2,10.4,Hyderabad (India),Chhattisgarh,CP Sahani,Rahul Singh,SS Agarwal,0,0,,,,,,,,,
1383472,2023/24,2023-10-19,"Sawai Mansingh Stadium, Jaipur",2,10.5,Hyderabad (India),Chhattisgarh,CP Sahani,Rahul Singh,SS Agarwal,4,0,,,,,,,,,
1383472,2023/24,2023-10-19,"Sawai Mansingh Stadium, Jaipur",2,10.6,Hyderabad (India),Chhattisgarh,CP Sahani,Rahul Singh,SS Agarwal,0,0,,,,,,,,,
1383472,2023/24,2023-10-19,"Sawai Mansingh Stadium, Jaipur",2,11.1,Hyderabad (India),Chhattisgarh,Rahul Singh,CP Sahani,Gagandeep Singh,0,0,,,,,,,,,
1383472,2023/24,2023-10-19,"Sawai Mansingh Stadium, Jaipur",2,11.2,Hyderabad (India),Chhattisgarh,Rahul Singh,CP Sahani,Gagandeep Singh,0,0,,,,,,,,,
1383472,2023/24,2023-10-19,"Sawai Mansingh Stadium, Jaipur",2,11.3,Hyderabad (India),Chhattisgarh,Rahul Singh,CP Sahani,Gagandeep Singh,1,0,,,,,,,,,
1383472,2023/24,2023-10-19,"Sawai Mansingh Stadium, Jaipur",2,11.4,Hyderabad (India),Chhattisgarh,CP Sahani,Rahul Singh,Gagandeep Singh,0,0,,,,,,,,,
1383472,2023/24,2023-10-19,"Sawai Mansingh Stadium, Jaipur",2,11.5,Hyderabad (India),Chhattisgarh,CP Sahani,Rahul Singh,Gagandeep Singh,1,0,,,,,,,,,
1383472,2023/24,2023-10-19,"Sawai Mansingh Stadium, Jaipur",2,11.6,Hyderabad (India),Chhattisgarh,Rahul Singh,CP Sahani,Gagandeep Singh,1,0,,,,,,,,,
1383472,2023/24,2023-10-19,"Sawai Mansingh Stadium, Jaipur",2,12.1,Hyderabad (India),Chhattisgarh,Rahul Singh,CP Sahani,SS Agarwal,1,0,,,,,,,,,
1383472,2023/24,2023-10-19,"Sawai Mansingh Stadium, Jaipur",2,12.2,Hyderabad (India),Chhattisgarh,CP Sahani,Rahul Singh,SS Agarwal,6,0,,,,,,,,,
1383472,2023/24,2023-10-19,"Sawai Mansingh Stadium, Jaipur",2,12.3,Hyderabad (India),Chhattisgarh,CP Sahani,Rahul Singh,SS Agarwal,1,0,,,,,,,,,
1383472,2023/24,2023-10-19,"Sawai Mansingh Stadium, Jaipur",2,12.4,Hyderabad (India),Chhattisgarh,Rahul Singh,CP Sahani,SS Agarwal,0,0,,,,,,,,,
1383472,2023/24,2023-10-19,"Sawai Mansingh Stadium, Jaipur",2,12.5,Hyderabad (India),Chhattisgarh,Rahul Singh,CP Sahani,SS Agarwal,1,0,,,,,,,,,
1383472,2023/24,2023-10-19,"Sawai Mansingh Stadium, Jaipur",2,12.6,Hyderabad (India),Chhattisgarh,CP Sahani,Rahul Singh,SS Agarwal,0,0,,,,,,,,,
1383472,2023/24,2023-10-19,"Sawai Mansingh Stadium, Jaipur",2,13.1,Hyderabad (India),Chhattisgarh,Rahul Singh,CP Sahani,Gagandeep Singh,1,0,,,,,,,,,
1383472,2023/24,2023-10-19,"Sawai Mansingh Stadium, Jaipur",2,13.2,Hyderabad (India),Chhattisgarh,CP Sahani,Rahul Singh,Gagandeep Singh,0,0,,,,,,,,,
1383472,2023/24,2023-10-19,"Sawai Mansingh Stadium, Jaipur",2,13.3,Hyderabad (India),Chhattisgarh,CP Sahani,Rahul Singh,Gagandeep Singh,0,0,,,,,,,,,
1383472,2023/24,2023-10-19,"Sawai Mansingh Stadium, Jaipur",2,13.4,Hyderabad (India),Chhattisgarh,CP Sahani,Rahul Singh,Gagandeep Singh,0,0,,,,,,,,,
1383472,2023/24,2023-10-19,"Sawai Mansingh Stadium, Jaipur",2,13.5,Hyderabad (India),Chhattisgarh,CP Sahani,Rahul Singh,Gagandeep Singh,0,0,,,,,,,,,
1383472,2023/24,2023-10-19,"Sawai Mansingh Stadium, Jaipur",2,13.6,Hyderabad (India),Chhattisgarh,CP Sahani,Rahul Singh,Gagandeep Singh,4,0,,,,,,,,,
1383472,2023/24,2023-10-19,"Sawai Mansingh Stadium, Jaipur",2,14.1,Hyderabad (India),Chhattisgarh,Rahul Singh,CP Sahani,Ajay Mandal,1,0,,,,,,,,,
1383472,2023/24,2023-10-19,"Sawai Mansingh Stadium, Jaipur",2,14.2,Hyderabad (India),Chhattisgarh,CP Sahani,Rahul Singh,Ajay Mandal,0,0,,,,,,,,,
1383472,2023/24,2023-10-19,"Sawai Mansingh Stadium, Jaipur",2,14.3,Hyderabad (India),Chhattisgarh,CP Sahani,Rahul Singh,Ajay Mandal,6,0,,,,,,,,,
1383472,2023/24,2023-10-19,"Sawai Mansingh Stadium, Jaipur",2,14.4,Hyderabad (India),Chhattisgarh,CP Sahani,Rahul Singh,Ajay Mandal,1,0,,,,,,,,,
1383472,2023/24,2023-10-19,"Sawai Mansingh Stadium, Jaipur",2,14.5,Hyderabad (India),Chhattisgarh,Rahul Singh,CP Sahani,Ajay Mandal,2,0,,,,,,,,,
1383472,2023/24,2023-10-19,"Sawai Mansingh Stadium, Jaipur",2,14.6,Hyderabad (India),Chhattisgarh,Rahul Singh,CP Sahani,Ajay Mandal,0,0,,,,,,,,,
1383472,2023/24,2023-10-19,"Sawai Mansingh Stadium, Jaipur",2,15.1,Hyderabad (India),Chhattisgarh,CP Sahani,Rahul Singh,SS Agarwal,0,0,,,,,,caught,CP Sahani,,
1383472,2023/24,2023-10-19,"Sawai Mansingh Stadium, Jaipur",2,15.2,Hyderabad (India),Chhattisgarh,Rahul Buddhi,Rahul Singh,SS Agarwal,1,0,,,,,,,,,
1383472,2023/24,2023-10-19,"Sawai Mansingh Stadium, Jaipur",2,15.3,Hyderabad (India),Chhattisgarh,Rahul Singh,Rahul Buddhi,SS Agarwal,1,0,,,,,,,,,
1383472,2023/24,2023-10-19,"Sawai Mansingh Stadium, Jaipur",2,15.4,Hyderabad (India),Chhattisgarh,Rahul Buddhi,Rahul Singh,SS Agarwal,0,0,,,,,,,,,
1383472,2023/24,2023-10-19,"Sawai Mansingh Stadium, Jaipur",2,15.5,Hyderabad (India),Chhattisgarh,Rahul Buddhi,Rahul Singh,SS Agarwal,1,0,,,,,,,,,
1383472,2023/24,2023-10-19,"Sawai Mansingh Stadium, Jaipur",2,15.6,Hyderabad (India),Chhattisgarh,Rahul Singh,Rahul Buddhi,SS Agarwal,1,0,,,,,,,,,
