match_id,season,start_date,venue,innings,ball,batting_team,bowling_team,striker,non_striker,bowler,runs_off_bat,extras,wides,noballs,byes,legbyes,penalty,wicket_type,player_dismissed,other_wicket_type,other_player_dismissed
1383563,2023/24,2023-11-02,"Punjab Cricket Association IS Bindra Stadium, Mohali, Chandigarh",1,0.1,Kerala,Assam,Rohan Kunnummal,V Nayanar,Mukhtar Hussain,4,0,,,,,,,,,
1383563,2023/24,2023-11-02,"Punjab Cricket Association IS Bindra Stadium, Mohali, Chandigarh",1,0.2,Kerala,Assam,Rohan Kunnummal,V Nayanar,Mukhtar Hussain,0,0,,,,,,,,,
1383563,2023/24,2023-11-02,"Punjab Cricket Association IS Bindra Stadium, Mohali, Chandigarh",1,0.3,Kerala,Assam,Rohan Kunnummal,V Nayanar,Mukhtar Hussain,1,0,,,,,,,,,
1383563,2023/24,2023-11-02,"Punjab Cricket Association IS Bindra Stadium, Mohali, Chandigarh",1,0.4,Kerala,Assam,V Nayanar,Rohan Kunnummal,Mukhtar Hussain,0,0,,,,,,,,,
1383563,2023/24,2023-11-02,"Punjab Cricket Association IS Bindra Stadium, Mohali, Chandigarh",1,0.5,Kerala,Assam,V Nayanar,Rohan Kunnummal,Mukhtar Hussain,4,0,,,,,,,,,
1383563,2023/24,2023-11-02,"Punjab Cricket Association IS Bindra Stadium, Mohali, Chandigarh",1,0.6,Kerala,Assam,V Nayanar,Rohan Kunnummal,Mukhtar Hussain,1,0,,,,,,,,,
1383563,2023/24,2023-11-02,"Punjab Cricket Association IS Bindra Stadium, Mohali, Chandigarh",1,1.1,Kerala,Assam,V Nayanar,Rohan Kunnummal,Mrinmoy Dutta,1,0,,,,,,,,,
1383563,2023/24,2023-11-02,"Punjab Cricket Association IS Bindra Stadium, Mohali, Chandigarh",1,1.2,Kerala,Assam,Rohan Kunnummal,V Nayanar,Mrinmoy Dutta,0,1,,,,1,,,,,
1383563,2023/24,2023-11-02,"Punjab Cricket Association IS Bindra Stadium, Mohali, Chandigarh",1,1.3,Kerala,Assam,V Nayanar,Rohan Kunnummal,Mrinmoy Dutta,1,0,,,,,,,,,
1383563,2023/24,2023-11-02,"Punjab Cricket Association IS Bindra Stadium, Mohali, Chandigarh",1,1.4,Kerala,Assam,Rohan Kunnummal,V Nayanar,Mrinmoy Dutta,0,0,,,,,,,,,
1383563,2023/24,2023-11-02,"Punjab Cricket Association IS Bindra Stadium, Mohali, Chandigarh",1,1.5,Kerala,Assam,Rohan Kunnummal,V Nayanar,Mrinmoy Dutta,0,0,,,,,,,,,
1383563,2023/24,2023-11-02,"Punjab Cricket Association IS Bindra Stadium, Mohali, Chandigarh",1,1.6,Kerala,Assam,Rohan Kunnummal,V Nayanar,Mrinmoy Dutta,0,1,,,,1,,,,,
1383563,2023/24,2023-11-02,"Punjab Cricket Association IS Bindra Stadium, Mohali, Chandigarh",1,2.1,Kerala,Assam,Rohan Kunnummal,V Nayanar,Mukhtar Hussain,4,0,,,,,,,,,
1383563,2023/24,2023-11-02,"Punjab Cricket Association IS Bindra Stadium, Mohali, Chandigarh",1,2.2,Kerala,Assam,Rohan Kunnummal,V Nayanar,Mukhtar Hussain,0,0,,,,,,caught,Rohan Kunnummal,,
1383563,2023/24,2023-11-02,"Punjab Cricket Association IS Bindra Stadium, Mohali, Chandigarh",1,2.3,Kerala,Assam,Vishnu Vinod,V Nayanar,Mukhtar Hussain,0,0,,,,,,,,,
1383563,2023/24,2023-11-02,"Punjab Cricket Association IS Bindra Stadium, Mohali, Chandigarh",1,2.4,Kerala,Assam,Vishnu Vinod,V Nayanar,Mukhtar Hussain,4,0,,,,,,,,,
1383563,2023/24,2023-11-02,"Punjab Cricket Association IS Bindra Stadium, Mohali, Chandigarh",1,2.5,Kerala,Assam,Vishnu Vinod,V Nayanar,Mukhtar Hussain,3,0,,,,,,,,,
1383563,2023/24,2023-11-02,"Punjab Cricket Association IS Bindra Stadium, Mohali, Chandigarh",1,2.6,Kerala,Assam,V Nayanar,Vishnu Vinod,Mukhtar Hussain,0,0,,,,,,,,,
1383563,2023/24,2023-11-02,"Punjab Cricket Association IS Bindra Stadium, Mohali, Chandigarh",1,3.1,Kerala,Assam,Vishnu Vinod,V Nayanar,Mrinmoy Dutta,4,0,,,,,,,,,
1383563,2023/24,2023-11-02,"Punjab Cricket Association IS Bindra Stadium, Mohali, Chandigarh",1,3.2,Kerala,Assam,Vishnu Vinod,V Nayanar,Mrinmoy Dutta,1,0,,,,,,,,,
1383563,2023/24,2023-11-02,"Punjab Cricket Association IS Bindra Stadium, Mohali, Chandigarh",1,3.3,Kerala,Assam,V Nayanar,Vishnu Vinod,Mrinmoy Dutta,0,0,,,,,,caught,V Nayanar,,
1383563,2023/24,2023-11-02,"Punjab Cricket Association IS Bindra Stadium, Mohali, Chandigarh",1,3.4,Kerala,Assam,SV Samson,Vishnu Vinod,Mrinmoy Dutta,0,0,,,,,,caught,SV Samson,,
1383563,2023/24,2023-11-02,"Punjab Cricket Association IS Bindra Stadium, Mohali, Chandigarh",1,3.5,Kerala,Assam,Salman Nizar,Vishnu Vinod,Mrinmoy Dutta,0,0,,,,,,,,,
1383563,2023/24,2023-11-02,"Punjab Cricket Association IS Bindra Stadium, Mohali, Chandigarh",1,3.6,Kerala,Assam,Salman Nizar,Vishnu Vinod,Mrinmoy Dutta,2,0,,,,,,,,,
1383563,2023/24,2023-11-02,"Punjab Cricket Association IS Bindra Stadium, Mohali, Chandigarh",1,4.1,Kerala,Assam,Vishnu Vinod,Salman Nizar,Akash Sengupta,1,0,,,,,,,,,
1383563,2023/24,2023-11-02,"Punjab Cricket Association IS Bindra Stadium, Mohali, Chandigarh",1,4.2,Kerala,Assam,Salman Nizar,Vishnu Vinod,Akash Sengupta,0,0,,,,,,,,,
1383563,2023/24,2023-11-02,"Punjab Cricket Association IS Bindra Stadium, Mohali, Chandigarh",1,4.3,Kerala,Assam,Salman Nizar,Vishnu Vinod,Akash Sengupta,4,0,,,,,,,,,
1383563,2023/24,2023-11-02,"Punjab Cricket Association IS Bindra Stadium, Mohali, Chandigarh",1,4.4,Kerala,Assam,Salman Nizar,Vishnu Vinod,Akash Sengupta,0,0,,,,,,,,,
1383563,2023/24,2023-11-02,"Punjab Cricket Association IS Bindra Stadium, Mohali, Chandigarh",1,4.5,Kerala,Assam,Salman Nizar,Vishnu Vinod,Akash Sengupta,1,0,,,,,,,,,
1383563,2023/24,2023-11-02,"Punjab Cricket Association IS Bindra Stadium, Mohali, Chandigarh",1,4.6,Kerala,Assam,Vishnu Vinod,Salman Nizar,Akash Sengupta,1,0,,,,,,,,,
1383563,2023/24,2023-11-02,"Punjab Cricket Association IS Bindra Stadium, Mohali, Chandigarh",1,5.1,Kerala,Assam,Vishnu Vinod,Salman Nizar,Mukhtar Hussain,1,0,,,,,,,,,
1383563,2023/24,2023-11-02,"Punjab Cricket Association IS Bindra Stadium, Mohali, Chandigarh",1,5.2,Kerala,Assam,Salman Nizar,Vishnu Vinod,Mukhtar Hussain,0,0,,,,,,,,,
1383563,2023/24,2023-11-02,"Punjab Cricket Association IS Bindra Stadium, Mohali, Chandigarh",1,5.3,Kerala,Assam,Salman Nizar,Vishnu Vinod,Mukhtar Hussain,0,0,,,,,,,,,
1383563,2023/24,2023-11-02,"Punjab Cricket Association IS Bindra Stadium, Mohali, Chandigarh",1,5.4,Kerala,Assam,Salman Nizar,Vishnu Vinod,Mukhtar Hussain,1,0,,,,,,,,,
1383563,2023/24,2023-11-02,"Punjab Cricket Association IS Bindra Stadium, Mohali, Chandigarh",1,5.5,Kerala,Assam,Vishnu Vinod,Salman Nizar,Mukhtar Hussain,0,0,,,,,,,,,
1383563,2023/24,2023-11-02,"Punjab Cricket Association IS Bindra Stadium, Mohali, Chandigarh",1,5.6,Kerala,Assam,Vishnu Vinod,Salman Nizar,Mukhtar Hussain,1,0,,,,,,,,,
1383563,2023/24,2023-11-02,"Punjab Cricket Association IS Bindra Stadium, Mohali, Chandigarh",1,6.1,Kerala,Assam,Vishnu Vinod,Salman Nizar,Akash Sengupta,1,0,,,,,,,,,
1383563,2023/24,2023-11-02,"Punjab Cricket Association IS Bindra Stadium, Mohali, Chandigarh",1,6.2,Kerala,Assam,Salman Nizar,Vishnu Vinod,Akash Sengupta,1,0,,,,,,,,,
1383563,2023/24,2023-11-02,"Punjab Cricket Association IS Bindra Stadium, Mohali, Chandigarh",1,6.3,Kerala,Assam,Vishnu Vinod,Salman Nizar,Akash Sengupta,0,0,,,,,,caught,Vishnu Vinod,,
1383563,2023/24,2023-11-02,"Punjab Cricket Association IS Bindra Stadium, Mohali, Chandigarh",1,6.4,Kerala,Assam,S Gopal,Salman Nizar,Akash Sengupta,0,0,,,,,,,,,
1383563,2023/24,2023-11-02,"Punjab Cricket Association IS Bindra Stadium, Mohali, Chandigarh",1,6.5,Kerala,Assam,S Gopal,Salman Nizar,Akash Sengupta,0,0,,,,,,bowled,S Gopal,,
1383563,2023/24,2023-11-02,"Punjab Cricket Association IS Bindra Stadium, Mohali, Chandigarh",1,6.6,Kerala,Assam,Abdul Basith,Salman Nizar,Akash Sengupta,1,0,,,,,,,,,
1383563,2023/24,2023-11-02,"Punjab Cricket Association IS Bindra Stadium, Mohali, Chandigarh",1,7.1,Kerala,Assam,Abdul Basith,Salman Nizar,R Parag,1,0,,,,,,,,,
1383563,2023/24,2023-11-02,"Punjab Cricket Association IS Bindra Stadium, Mohali, Chandigarh",1,7.2,Kerala,Assam,Salman Nizar,Abdul Basith,R Parag,0,0,,,,,,,,,
1383563,2023/24,2023-11-02,"Punjab Cricket Association IS Bindra Stadium, Mohali, Chandigarh",1,7.3,Kerala,Assam,Salman Nizar,Abdul Basith,R Parag,1,0,,,,,,,,,
1383563,2023/24,2023-11-02,"Punjab Cricket Association IS Bindra Stadium, Mohali, Chandigarh",1,7.4,Kerala,Assam,Abdul Basith,Salman Nizar,R Parag,1,0,,,,,,,,,
1383563,2023/24,2023-11-02,"Punjab Cricket Association IS Bindra Stadium, Mohali, Chandigarh",1,7.5,Kerala,Assam,Salman Nizar,Abdul Basith,R Parag,1,0,,,,,,,,,
1383563,2023/24,2023-11-02,"Punjab Cricket Association IS Bindra Stadium, Mohali, Chandigarh",1,7.6,Kerala,Assam,Abdul Basith,Salman Nizar,R Parag,1,0,,,,,,,,,
1383563,2023/24,2023-11-02,"Punjab Cricket Association IS Bindra Stadium, Mohali, Chandigarh",1,8.1,Kerala,Assam,Abdul Basith,Salman Nizar,Mukhtar Hussain,0,0,,,,,,,,,
1383563,2023/24,2023-11-02,"Punjab Cricket Association IS Bindra Stadium, Mohali, Chandigarh",1,8.2,Kerala,Assam,Abdul Basith,Salman Nizar,Mukhtar Hussain,0,0,,,,,,,,,
1383563,2023/24,2023-11-02,"Punjab Cricket Association IS Bindra Stadium, Mohali, Chandigarh",1,8.3,Kerala,Assam,Abdul Basith,Salman Nizar,Mukhtar Hussain,1,0,,,,,,,,,
1383563,2023/24,2023-11-02,"Punjab Cricket Association IS Bindra Stadium, Mohali, Chandigarh",1,8.4,Kerala,Assam,Salman Nizar,Abdul Basith,Mukhtar Hussain,0,0,,,,,,,,,
1383563,2023/24,2023-11-02,"Punjab Cricket Association IS Bindra Stadium, Mohali, Chandigarh",1,8.5,Kerala,Assam,Salman Nizar,Abdul Basith,Mukhtar Hussain,1,0,,,,,,,,,
1383563,2023/24,2023-11-02,"Punjab Cricket Association IS Bindra Stadium, Mohali, Chandigarh",1,8.6,Kerala,Assam,Abdul Basith,Salman Nizar,Mukhtar Hussain,4,0,,,,,,,,,
1383563,2023/24,2023-11-02,"Punjab Cricket Association IS Bindra Stadium, Mohali, Chandigarh",1,9.1,Kerala,Assam,Salman Nizar,Abdul Basith,R Parag,1,0,,,,,,,,,
1383563,2023/24,2023-11-02,"Punjab Cricket Association IS Bindra Stadium, Mohali, Chandigarh",1,9.2,Kerala,Assam,Abdul Basith,Salman Nizar,R Parag,0,0,,,,,,,,,
1383563,2023/24,2023-11-02,"Punjab Cricket Association IS Bindra Stadium, Mohali, Chandigarh",1,9.3,Kerala,Assam,Abdul Basith,Salman Nizar,R Parag,0,0,,,,,,,,,
1383563,2023/24,2023-11-02,"Punjab Cricket Association IS Bindra Stadium, Mohali, Chandigarh",1,9.4,Kerala,Assam,Abdul Basith,Salman Nizar,R Parag,0,0,,,,,,,,,
1383563,2023/24,2023-11-02,"Punjab Cricket Association IS Bindra Stadium, Mohali, Chandigarh",1,9.5,Kerala,Assam,Abdul Basith,Salman Nizar,R Parag,6,0,,,,,,,,,
1383563,2023/24,2023-11-02,"Punjab Cricket Association IS Bindra Stadium, Mohali, Chandigarh",1,9.6,Kerala,Assam,Abdul Basith,Salman Nizar,R Parag,0,0,,,,,,,,,
1383563,2023/24,2023-11-02,"Punjab Cricket Association IS Bindra Stadium, Mohali, Chandigarh",1,10.1,Kerala,Assam,Salman Nizar,Abdul Basith,Pallav Kumar Das,1,0,,,,,,,,,
1383563,2023/24,2023-11-02,"Punjab Cricket Association IS Bindra Stadium, Mohali, Chandigarh",1,10.2,Kerala,Assam,Abdul Basith,Salman Nizar,Pallav Kumar Das,0,0,,,,,,,,,
1383563,2023/24,2023-11-02,"Punjab Cricket Association IS Bindra Stadium, Mohali, Chandigarh",1,10.3,Kerala,Assam,Abdul Basith,Salman Nizar,Pallav Kumar Das,0,0,,,,,,,,,
1383563,2023/24,2023-11-02,"Punjab Cricket Association IS Bindra Stadium, Mohali, Chandigarh",1,10.4,Kerala,Assam,Abdul Basith,Salman Nizar,Pallav Kumar Das,1,0,,,,,,,,,
1383563,2023/24,2023-11-02,"Punjab Cricket Association IS Bindra Stadium, Mohali, Chandigarh",1,10.5,Kerala,Assam,Salman Nizar,Abdul Basith,Pallav Kumar Das,1,0,,,,,,,,,
1383563,2023/24,2023-11-02,"Punjab Cricket Association IS Bindra Stadium, Mohali, Chandigarh",1,10.6,Kerala,Assam,Abdul Basith,Salman Nizar,Pallav Kumar Das,1,0,,,,,,,,,
1383563,2023/24,2023-11-02,"Punjab Cricket Association IS Bindra Stadium, Mohali, Chandigarh",1,11.1,Kerala,Assam,Abdul Basith,Salman Nizar,Sourav Dey,4,0,,,,,,,,,
1383563,2023/24,2023-11-02,"Punjab Cricket Association IS Bindra Stadium, Mohali, Chandigarh",1,11.2,Kerala,Assam,Abdul Basith,Salman Nizar,Sourav Dey,1,0,,,,,,,,,
1383563,2023/24,2023-11-02,"Punjab Cricket Association IS Bindra Stadium, Mohali, Chandigarh",1,11.3,Kerala,Assam,Salman Nizar,Abdul Basith,Sourav Dey,1,0,,,,,,,,,
1383563,2023/24,2023-11-02,"Punjab Cricket Association IS Bindra Stadium, Mohali, Chandigarh",1,11.4,Kerala,Assam,Abdul Basith,Salman Nizar,Sourav Dey,0,0,,,,,,,,,
1383563,2023/24,2023-11-02,"Punjab Cricket Association IS Bindra Stadium, Mohali, Chandigarh",1,11.5,Kerala,Assam,Abdul Basith,Salman Nizar,Sourav Dey,0,1,1,,,,,,,,
1383563,2023/24,2023-11-02,"Punjab Cricket Association IS Bindra Stadium, Mohali, Chandigarh",1,11.6,Kerala,Assam,Abdul Basith,Salman Nizar,Sourav Dey,1,0,,,,,,,,,
1383563,2023/24,2023-11-02,"Punjab Cricket Association IS Bindra Stadium, Mohali, Chandigarh",1,11.7,Kerala,Assam,Salman Nizar,Abdul Basith,Sourav Dey,1,0,,,,,,,,,
1383563,2023/24,2023-11-02,"Punjab Cricket Association IS Bindra Stadium, Mohali, Chandigarh",1,12.1,Kerala,Assam,Salman Nizar,Abdul Basith,AA Choudhury,0,0,,,,,,,,,
1383563,2023/24,2023-11-02,"Punjab Cricket Association IS Bindra Stadium, Mohali, Chandigarh",1,12.2,Kerala,Assam,Salman Nizar,Abdul Basith,AA Choudhury,2,0,,,,,,,,,
1383563,2023/24,2023-11-02,"Punjab Cricket Association IS Bindra Stadium, Mohali, Chandigarh",1,12.3,Kerala,Assam,Salman Nizar,Abdul Basith,AA Choudhury,1,0,,,,,,,,,
1383563,2023/24,2023-11-02,"Punjab Cricket Association IS Bindra Stadium, Mohali, Chandigarh",1,12.4,Kerala,Assam,Abdul Basith,Salman Nizar,AA Choudhury,1,0,,,,,,,,,
1383563,2023/24,2023-11-02,"Punjab Cricket Association IS Bindra Stadium, Mohali, Chandigarh",1,12.5,Kerala,Assam,Salman Nizar,Abdul Basith,AA Choudhury,1,0,,,,,,,,,
1383563,2023/24,2023-11-02,"Punjab Cricket Association IS Bindra Stadium, Mohali, Chandigarh",1,12.6,Kerala,Assam,Abdul Basith,Salman Nizar,AA Choudhury,1,0,,,,,,,,,
1383563,2023/24,2023-11-02,"Punjab Cricket Association IS Bindra Stadium, Mohali, Chandigarh",1,13.1,Kerala,Assam,Abdul Basith,Salman Nizar,Sourav Dey,0,0,,,,,,,,,
1383563,2023/24,2023-11-02,"Punjab Cricket Association IS Bindra Stadium, Mohali, Chandigarh",1,13.2,Kerala,Assam,Abdul Basith,Salman Nizar,Sourav Dey,4,0,,,,,,,,,
1383563,2023/24,2023-11-02,"Punjab Cricket Association IS Bindra Stadium, Mohali, Chandigarh",1,13.3,Kerala,Assam,Abdul Basith,Salman Nizar,Sourav Dey,1,0,,,,,,,,,
1383563,2023/24,2023-11-02,"Punjab Cricket Association IS Bindra Stadium, Mohali, Chandigarh",1,13.4,Kerala,Assam,Salman Nizar,Abdul Basith,Sourav Dey,1,0,,,,,,,,,
1383563,2023/24,2023-11-02,"Punjab Cricket Association IS Bindra Stadium, Mohali, Chandigarh",1,13.5,Kerala,Assam,Abdul Basith,Salman Nizar,Sourav Dey,1,0,,,,,,,,,
1383563,2023/24,2023-11-02,"Punjab Cricket Association IS Bindra Stadium, Mohali, Chandigarh",1,13.6,Kerala,Assam,Salman Nizar,Abdul Basith,Sourav Dey,0,0,,,,,,,,,
1383563,2023/24,2023-11-02,"Punjab Cricket Association IS Bindra Stadium, Mohali, Chandigarh",1,14.1,Kerala,Assam,Abdul Basith,Salman Nizar,AA Choudhury,1,0,,,,,,,,,
1383563,2023/24,2023-11-02,"Punjab Cricket Association IS Bindra Stadium, Mohali, Chandigarh",1,14.2,Kerala,Assam,Salman Nizar,Abdul Basith,AA Choudhury,4,0,,,,,,,,,
1383563,2023/24,2023-11-02,"Punjab Cricket Association IS Bindra Stadium, Mohali, Chandigarh",1,14.3,Kerala,Assam,Salman Nizar,Abdul Basith,AA Choudhury,1,0,,,,,,,,,
1383563,2023/24,2023-11-02,"Punjab Cricket Association IS Bindra Stadium, Mohali, Chandigarh",1,14.4,Kerala,Assam,Abdul Basith,Salman Nizar,AA Choudhury,1,0,,,,,,,,,
1383563,2023/24,2023-11-02,"Punjab Cricket Association IS Bindra Stadium, Mohali, Chandigarh",1,14.5,Kerala,Assam,Salman Nizar,Abdul Basith,AA Choudhury,0,0,,,,,,,,,
1383563,2023/24,2023-11-02,"Punjab Cricket Association IS Bindra Stadium, Mohali, Chandigarh",1,14.6,Kerala,Assam,Salman Nizar,Abdul Basith,AA Choudhury,0,0,,,,,,,,,
1383563,2023/24,2023-11-02,"Punjab Cricket Association IS Bindra Stadium, Mohali, Chandigarh",1,15.1,Kerala,Assam,Abdul Basith,Salman Nizar,Mrinmoy Dutta,0,1,1,,,,,,,,
1383563,2023/24,2023-11-02,"Punjab Cricket Association IS Bindra Stadium, Mohali, Chandigarh",1,15.2,Kerala,Assam,Abdul Basith,Salman Nizar,Mrinmoy Dutta,4,0,,,,,,,,,
1383563,2023/24,2023-11-02,"Punjab Cricket Association IS Bindra Stadium, Mohali, Chandigarh",1,15.3,Kerala,Assam,Abdul Basith,Salman Nizar,Mrinmoy Dutta,1,0,,,,,,,,,
1383563,2023/24,2023-11-02,"Punjab Cricket Association IS Bindra Stadium, Mohali, Chandigarh",1,15.4,Kerala,Assam,Salman Nizar,Abdul Basith,Mrinmoy Dutta,4,0,,,,,,,,,
1383563,2023/24,2023-11-02,"Punjab Cricket Association IS Bindra Stadium, Mohali, Chandigarh",1,15.5,Kerala,Assam,Salman Nizar,Abdul Basith,Mrinmoy Dutta,1,0,,,,,,,,,
1383563,2023/24,2023-11-02,"Punjab Cricket Association IS Bindra Stadium, Mohali, Chandigarh",1,15.6,Kerala,Assam,Abdul Basith,Salman Nizar,Mrinmoy Dutta,6,0,,,,,,,,,
1383563,2023/24,2023-11-02,"Punjab Cricket Association IS Bindra Stadium, Mohali, Chandigarh",1,15.7,Kerala,Assam,Abdul Basith,Salman Nizar,Mrinmoy Dutta,2,1,,1,,,,,,,
1383563,2023/24,2023-11-02,"Punjab Cricket Association IS Bindra Stadium, Mohali, Chandigarh",1,15.8,Kerala,Assam,Abdul Basith,Salman Nizar,Mrinmoy Dutta,1,0,,,,,,,,,
1383563,2023/24,2023-11-02,"Punjab Cricket Association IS Bindra Stadium, Mohali, Chandigarh",1,16.1,Kerala,Assam,Abdul Basith,Salman Nizar,Akash Sengupta,4,0,,,,,,,,,
1383563,2023/24,2023-11-02,"Punjab Cricket Association IS Bindra Stadium, Mohali, Chandigarh",1,16.2,Kerala,Assam,Abdul Basith,Salman Nizar,Akash Sengupta,0,0,,,,,,,,,
1383563,2023/24,2023-11-02,"Punjab Cricket Association IS Bindra Stadium, Mohali, Chandigarh",1,16.3,Kerala,Assam,Abdul Basith,Salman Nizar,Akash Sengupta,1,0,,,,,,,,,
1383563,2023/24,2023-11-02,"Punjab Cricket Association IS Bindra Stadium, Mohali, Chandigarh",1,16.4,Kerala,Assam,Salman Nizar,Abdul Basith,Akash Sengupta,1,0,,,,,,,,,
1383563,2023/24,2023-11-02,"Punjab Cricket Association IS Bindra Stadium, Mohali, Chandigarh",1,16.5,Kerala,Assam,Abdul Basith,Salman Nizar,Akash Sengupta,1,0,,,,,,,,,
1383563,2023/24,2023-11-02,"Punjab Cricket Association IS Bindra Stadium, Mohali, Chandigarh",1,16.6,Kerala,Assam,Salman Nizar,Abdul Basith,Akash Sengupta,0,0,,,,,,,,,
1383563,2023/24,2023-11-02,"Punjab Cricket Association IS Bindra Stadium, Mohali, Chandigarh",1,17.1,Kerala,Assam,Abdul Basith,Salman Nizar,R Parag,1,0,,,,,,,,,
1383563,2023/24,2023-11-02,"Punjab Cricket Association IS Bindra Stadium, Mohali, Chandigarh",1,17.2,Kerala,Assam,Salman Nizar,Abdul Basith,R Parag,6,0,,,,,,,,,
1383563,2023/24,2023-11-02,"Punjab Cricket Association IS Bindra Stadium, Mohali, Chandigarh",1,17.3,Kerala,Assam,Salman Nizar,Abdul Basith,R Parag,2,0,,,,,,,,,
1383563,2023/24,2023-11-02,"Punjab Cricket Association IS Bindra Stadium, Mohali, Chandigarh",1,17.4,Kerala,Assam,Salman Nizar,Abdul Basith,R Parag,1,0,,,,,,,,,
1383563,2023/24,2023-11-02,"Punjab Cricket Association IS Bindra Stadium, Mohali, Chandigarh",1,17.5,Kerala,Assam,Abdul Basith,Salman Nizar,R Parag,0,0,,,,,,,,,
1383563,2023/24,2023-11-02,"Punjab Cricket Association IS Bindra Stadium, Mohali, Chandigarh",1,17.6,Kerala,Assam,Abdul Basith,Salman Nizar,R Parag,0,0,,,,,,,,,
1383563,2023/24,2023-11-02,"Punjab Cricket Association IS Bindra Stadium, Mohali, Chandigarh",1,18.1,Kerala,Assam,Salman Nizar,Abdul Basith,Akash Sengupta,0,0,,,,,,,,,
1383563,2023/24,2023-11-02,"Punjab Cricket Association IS Bindra Stadium, Mohali, Chandigarh",1,18.2,Kerala,Assam,Salman Nizar,Abdul Basith,Akash Sengupta,4,0,,,,,,,,,
1383563,2023/24,2023-11-02,"Punjab Cricket Association IS Bindra Stadium, Mohali, Chandigarh",1,18.3,Kerala,Assam,Salman Nizar,Abdul Basith,Akash Sengupta,6,0,,,,,,,,,
1383563,2023/24,2023-11-02,"Punjab Cricket Association IS Bindra Stadium, Mohali, Chandigarh",1,18.4,Kerala,Assam,Salman Nizar,Abdul Basith,Akash Sengupta,1,0,,,,,,,,,
1383563,2023/24,2023-11-02,"Punjab Cricket Association IS Bindra Stadium, Mohali, Chandigarh",1,18.5,Kerala,Assam,Abdul Basith,Salman Nizar,Akash Sengupta,0,0,,,,,,caught,Abdul Basith,,
1383563,2023/24,2023-11-02,"Punjab Cricket Association IS Bindra Stadium, Mohali, Chandigarh",1,18.6,Kerala,Assam,Unnikrishnan Manukrishnan,Salman Nizar,Akash Sengupta,2,0,,,,,,,,,
1383563,2023/24,2023-11-02,"Punjab Cricket Association IS Bindra Stadium, Mohali, Chandigarh",1,19.1,Kerala,Assam,Salman Nizar,Unnikrishnan Manukrishnan,Mrinmoy Dutta,1,0,,,,,,,,,
1383563,2023/24,2023-11-02,"Punjab Cricket Association IS Bindra Stadium, Mohali, Chandigarh",1,19.2,Kerala,Assam,Unnikrishnan Manukrishnan,Salman Nizar,Mrinmoy Dutta,4,0,,,,,,,,,
1383563,2023/24,2023-11-02,"Punjab Cricket Association IS Bindra Stadium, Mohali, Chandigarh",1,19.3,Kerala,Assam,Unnikrishnan Manukrishnan,Salman Nizar,Mrinmoy Dutta,1,0,,,,,,,,,
1383563,2023/24,2023-11-02,"Punjab Cricket Association IS Bindra Stadium, Mohali, Chandigarh",1,19.4,Kerala,Assam,Salman Nizar,Unnikrishnan Manukrishnan,Mrinmoy Dutta,2,0,,,,,,,,,
1383563,2023/24,2023-11-02,"Punjab Cricket Association IS Bindra Stadium, Mohali, Chandigarh",1,19.5,Kerala,Assam,Salman Nizar,Unnikrishnan Manukrishnan,Mrinmoy Dutta,1,0,,,,,,,,,
1383563,2023/24,2023-11-02,"Punjab Cricket Association IS Bindra Stadium, Mohali, Chandigarh",1,19.6,Kerala,Assam,Unnikrishnan Manukrishnan,Salman Nizar,Mrinmoy Dutta,2,0,,,,,,,,,
1383563,2023/24,2023-11-02,"Punjab Cricket Association IS Bindra Stadium, Mohali, Chandigarh",2,0.1,Assam,Kerala,Rishav Das,Denish Das,Unnikrishnan Manukrishnan,1,0,,,,,,,,,
1383563,2023/24,2023-11-02,"Punjab Cricket Association IS Bindra Stadium, Mohali, Chandigarh",2,0.2,Assam,Kerala,Denish Das,Rishav Das,Unnikrishnan Manukrishnan,0,0,,,,,,,,,
1383563,2023/24,2023-11-02,"Punjab Cricket Association IS Bindra Stadium, Mohali, Chandigarh",2,0.3,Assam,Kerala,Denish Das,Rishav Das,Unnikrishnan Manukrishnan,4,1,,1,,,,,,,
1383563,2023/24,2023-11-02,"Punjab Cricket Association IS Bindra Stadium, Mohali, Chandigarh",2,0.4,Assam,Kerala,Denish Das,Rishav Das,Unnikrishnan Manukrishnan,0,0,,,,,,,,,
1383563,2023/24,2023-11-02,"Punjab Cricket Association IS Bindra Stadium, Mohali, Chandigarh",2,0.5,Assam,Kerala,Denish Das,Rishav Das,Unnikrishnan Manukrishnan,0,0,,,,,,,,,
1383563,2023/24,2023-11-02,"Punjab Cricket Association IS Bindra Stadium, Mohali, Chandigarh",2,0.6,Assam,Kerala,Denish Das,Rishav Das,Unnikrishnan Manukrishnan,0,0,,,,,,lbw,Denish Das,,
1383563,2023/24,2023-11-02,"Punjab Cricket Association IS Bindra Stadium, Mohali, Chandigarh",2,0.7,Assam,Kerala,S Ghadigaonkar,Rishav Das,Unnikrishnan Manukrishnan,0,0,,,,,,,,,
1383563,2023/24,2023-11-02,"Punjab Cricket Association IS Bindra Stadium, Mohali, Chandigarh",2,1.1,Assam,Kerala,Rishav Das,S Ghadigaonkar,Vinod Kumar,1,0,,,,,,,,,
1383563,2023/24,2023-11-02,"Punjab Cricket Association IS Bindra Stadium, Mohali, Chandigarh",2,1.2,Assam,Kerala,S Ghadigaonkar,Rishav Das,Vinod Kumar,0,0,,,,,,,,,
1383563,2023/24,2023-11-02,"Punjab Cricket Association IS Bindra Stadium, Mohali, Chandigarh",2,1.3,Assam,Kerala,S Ghadigaonkar,Rishav Das,Vinod Kumar,0,0,,,,,,,,,
1383563,2023/24,2023-11-02,"Punjab Cricket Association IS Bindra Stadium, Mohali, Chandigarh",2,1.4,Assam,Kerala,S Ghadigaonkar,Rishav Das,Vinod Kumar,0,0,,,,,,,,,
1383563,2023/24,2023-11-02,"Punjab Cricket Association IS Bindra Stadium, Mohali, Chandigarh",2,1.5,Assam,Kerala,S Ghadigaonkar,Rishav Das,Vinod Kumar,4,0,,,,,,,,,
1383563,2023/24,2023-11-02,"Punjab Cricket Association IS Bindra Stadium, Mohali, Chandigarh",2,1.6,Assam,Kerala,S Ghadigaonkar,Rishav Das,Vinod Kumar,1,0,,,,,,,,,
1383563,2023/24,2023-11-02,"Punjab Cricket Association IS Bindra Stadium, Mohali, Chandigarh",2,2.1,Assam,Kerala,S Ghadigaonkar,Rishav Das,Unnikrishnan Manukrishnan,6,0,,,,,,,,,
1383563,2023/24,2023-11-02,"Punjab Cricket Association IS Bindra Stadium, Mohali, Chandigarh",2,2.2,Assam,Kerala,S Ghadigaonkar,Rishav Das,Unnikrishnan Manukrishnan,0,0,,,,,,,,,
1383563,2023/24,2023-11-02,"Punjab Cricket Association IS Bindra Stadium, Mohali, Chandigarh",2,2.3,Assam,Kerala,S Ghadigaonkar,Rishav Das,Unnikrishnan Manukrishnan,1,0,,,,,,,,,
1383563,2023/24,2023-11-02,"Punjab Cricket Association IS Bindra Stadium, Mohali, Chandigarh",2,2.4,Assam,Kerala,Rishav Das,S Ghadigaonkar,Unnikrishnan Manukrishnan,1,0,,,,,,,,,
1383563,2023/24,2023-11-02,"Punjab Cricket Association IS Bindra Stadium, Mohali, Chandigarh",2,2.5,Assam,Kerala,S Ghadigaonkar,Rishav Das,Unnikrishnan Manukrishnan,4,0,,,,,,,,,
1383563,2023/24,2023-11-02,"Punjab Cricket Association IS Bindra Stadium, Mohali, Chandigarh",2,2.6,Assam,Kerala,S Ghadigaonkar,Rishav Das,Unnikrishnan Manukrishnan,1,0,,,,,,,,,
1383563,2023/24,2023-11-02,"Punjab Cricket Association IS Bindra Stadium, Mohali, Chandigarh",2,3.1,Assam,Kerala,S Ghadigaonkar,Rishav Das,Sijomon Joseph,1,0,,,,,,,,,
1383563,2023/24,2023-11-02,"Punjab Cricket Association IS Bindra Stadium, Mohali, Chandigarh",2,3.2,Assam,Kerala,Rishav Das,S Ghadigaonkar,Sijomon Joseph,1,0,,,,,,,,,
1383563,2023/24,2023-11-02,"Punjab Cricket Association IS Bindra Stadium, Mohali, Chandigarh",2,3.3,Assam,Kerala,S Ghadigaonkar,Rishav Das,Sijomon Joseph,6,0,,,,,,,,,
1383563,2023/24,2023-11-02,"Punjab Cricket Association IS Bindra Stadium, Mohali, Chandigarh",2,3.4,Assam,Kerala,S Ghadigaonkar,Rishav Das,Sijomon Joseph,0,0,,,,,,,,,
1383563,2023/24,2023-11-02,"Punjab Cricket Association IS Bindra Stadium, Mohali, Chandigarh",2,3.5,Assam,Kerala,S Ghadigaonkar,Rishav Das,Sijomon Joseph,1,0,,,,,,,,,
1383563,2023/24,2023-11-02,"Punjab Cricket Association IS Bindra Stadium, Mohali, Chandigarh",2,3.6,Assam,Kerala,Rishav Das,S Ghadigaonkar,Sijomon Joseph,1,0,,,,,,,,,
1383563,2023/24,2023-11-02,"Punjab Cricket Association IS Bindra Stadium, Mohali, Chandigarh",2,4.1,Assam,Kerala,Rishav Das,S Ghadigaonkar,S Gopal,1,0,,,,,,,,,
1383563,2023/24,2023-11-02,"Punjab Cricket Association IS Bindra Stadium, Mohali, Chandigarh",2,4.2,Assam,Kerala,S Ghadigaonkar,Rishav Das,S Gopal,0,0,,,,,,,,,
1383563,2023/24,2023-11-02,"Punjab Cricket Association IS Bindra Stadium, Mohali, Chandigarh",2,4.3,Assam,Kerala,S Ghadigaonkar,Rishav Das,S Gopal,6,0,,,,,,,,,
1383563,2023/24,2023-11-02,"Punjab Cricket Association IS Bindra Stadium, Mohali, Chandigarh",2,4.4,Assam,Kerala,S Ghadigaonkar,Rishav Das,S Gopal,4,0,,,,,,,,,
1383563,2023/24,2023-11-02,"Punjab Cricket Association IS Bindra Stadium, Mohali, Chandigarh",2,4.5,Assam,Kerala,S Ghadigaonkar,Rishav Das,S Gopal,1,0,,,,,,,,,
1383563,2023/24,2023-11-02,"Punjab Cricket Association IS Bindra Stadium, Mohali, Chandigarh",2,4.6,Assam,Kerala,Rishav Das,S Ghadigaonkar,S Gopal,1,0,,,,,,,,,
1383563,2023/24,2023-11-02,"Punjab Cricket Association IS Bindra Stadium, Mohali, Chandigarh",2,5.1,Assam,Kerala,Rishav Das,S Ghadigaonkar,Jalaj S Saxena,4,0,,,,,,,,,
1383563,2023/24,2023-11-02,"Punjab Cricket Association IS Bindra Stadium, Mohali, Chandigarh",2,5.2,Assam,Kerala,Rishav Das,S Ghadigaonkar,Jalaj S Saxena,0,0,,,,,,,,,
1383563,2023/24,2023-11-02,"Punjab Cricket Association IS Bindra Stadium, Mohali, Chandigarh",2,5.3,Assam,Kerala,Rishav Das,S Ghadigaonkar,Jalaj S Saxena,1,0,,,,,,,,,
1383563,2023/24,2023-11-02,"Punjab Cricket Association IS Bindra Stadium, Mohali, Chandigarh",2,5.4,Assam,Kerala,S Ghadigaonkar,Rishav Das,Jalaj S Saxena,4,0,,,,,,,,,
1383563,2023/24,2023-11-02,"Punjab Cricket Association IS Bindra Stadium, Mohali, Chandigarh",2,5.5,Assam,Kerala,S Ghadigaonkar,Rishav Das,Jalaj S Saxena,0,0,,,,,,,,,
1383563,2023/24,2023-11-02,"Punjab Cricket Association IS Bindra Stadium, Mohali, Chandigarh",2,5.6,Assam,Kerala,S Ghadigaonkar,Rishav Das,Jalaj S Saxena,1,0,,,,,,,,,
1383563,2023/24,2023-11-02,"Punjab Cricket Association IS Bindra Stadium, Mohali, Chandigarh",2,6.1,Assam,Kerala,S Ghadigaonkar,Rishav Das,KM Asif,0,0,,,,,,,,,
1383563,2023/24,2023-11-02,"Punjab Cricket Association IS Bindra Stadium, Mohali, Chandigarh",2,6.2,Assam,Kerala,S Ghadigaonkar,Rishav Das,KM Asif,0,0,,,,,,,,,
1383563,2023/24,2023-11-02,"Punjab Cricket Association IS Bindra Stadium, Mohali, Chandigarh",2,6.3,Assam,Kerala,S Ghadigaonkar,Rishav Das,KM Asif,6,0,,,,,,,,,
1383563,2023/24,2023-11-02,"Punjab Cricket Association IS Bindra Stadium, Mohali, Chandigarh",2,6.4,Assam,Kerala,S Ghadigaonkar,Rishav Das,KM Asif,1,0,,,,,,,,,
1383563,2023/24,2023-11-02,"Punjab Cricket Association IS Bindra Stadium, Mohali, Chandigarh",2,6.5,Assam,Kerala,Rishav Das,S Ghadigaonkar,KM Asif,1,0,,,,,,,,,
1383563,2023/24,2023-11-02,"Punjab Cricket Association IS Bindra Stadium, Mohali, Chandigarh",2,6.6,Assam,Kerala,S Ghadigaonkar,Rishav Das,KM Asif,0,1,1,,,,,,,,
1383563,2023/24,2023-11-02,"Punjab Cricket Association IS Bindra Stadium, Mohali, Chandigarh",2,6.7,Assam,Kerala,S Ghadigaonkar,Rishav Das,KM Asif,4,0,,,,,,,,,
1383563,2023/24,2023-11-02,"Punjab Cricket Association IS Bindra Stadium, Mohali, Chandigarh",2,7.1,Assam,Kerala,Rishav Das,S Ghadigaonkar,Sijomon Joseph,1,0,,,,,,,,,
1383563,2023/24,2023-11-02,"Punjab Cricket Association IS Bindra Stadium, Mohali, Chandigarh",2,7.2,Assam,Kerala,S Ghadigaonkar,Rishav Das,Sijomon Joseph,0,0,,,,,,,,,
1383563,2023/24,2023-11-02,"Punjab Cricket Association IS Bindra Stadium, Mohali, Chandigarh",2,7.3,Assam,Kerala,S Ghadigaonkar,Rishav Das,Sijomon Joseph,0,0,,,,,,,,,
1383563,2023/24,2023-11-02,"Punjab Cricket Association IS Bindra Stadium, Mohali, Chandigarh",2,7.4,Assam,Kerala,S Ghadigaonkar,Rishav Das,Sijomon Joseph,2,0,,,,,,,,,
1383563,2023/24,2023-11-02,"Punjab Cricket Association IS Bindra Stadium, Mohali, Chandigarh",2,7.5,Assam,Kerala,S Ghadigaonkar,Rishav Das,Sijomon Joseph,1,0,,,,,,,,,
1383563,2023/24,2023-11-02,"Punjab Cricket Association IS Bindra Stadium, Mohali, Chandigarh",2,7.6,Assam,Kerala,Rishav Das,S Ghadigaonkar,Sijomon Joseph,0,0,,,,,,lbw,Rishav Das,,
1383563,2023/24,2023-11-02,"Punjab Cricket Association IS Bindra Stadium, Mohali, Chandigarh",2,8.1,Assam,Kerala,S Ghadigaonkar,R Parag,S Gopal,3,0,,,,,,,,,
1383563,2023/24,2023-11-02,"Punjab Cricket Association IS Bindra Stadium, Mohali, Chandigarh",2,8.2,Assam,Kerala,R Parag,S Ghadigaonkar,S Gopal,4,0,,,,,,,,,
1383563,2023/24,2023-11-02,"Punjab Cricket Association IS Bindra Stadium, Mohali, Chandigarh",2,8.3,Assam,Kerala,R Parag,S Ghadigaonkar,S Gopal,0,0,,,,,,,,,
1383563,2023/24,2023-11-02,"Punjab Cricket Association IS Bindra Stadium, Mohali, Chandigarh",2,8.4,Assam,Kerala,R Parag,S Ghadigaonkar,S Gopal,1,0,,,,,,,,,
1383563,2023/24,2023-11-02,"Punjab Cricket Association IS Bindra Stadium, Mohali, Chandigarh",2,8.5,Assam,Kerala,S Ghadigaonkar,R Parag,S Gopal,4,0,,,,,,,,,
1383563,2023/24,2023-11-02,"Punjab Cricket Association IS Bindra Stadium, Mohali, Chandigarh",2,8.6,Assam,Kerala,S Ghadigaonkar,R Parag,S Gopal,0,0,,,,,,,,,
1383563,2023/24,2023-11-02,"Punjab Cricket Association IS Bindra Stadium, Mohali, Chandigarh",2,9.1,Assam,Kerala,R Parag,S Ghadigaonkar,Unnikrishnan Manukrishnan,0,0,,,,,,,,,
1383563,2023/24,2023-11-02,"Punjab Cricket Association IS Bindra Stadium, Mohali, Chandigarh",2,9.2,Assam,Kerala,R Parag,S Ghadigaonkar,Unnikrishnan Manukrishnan,0,0,,,,,,,,,
1383563,2023/24,2023-11-02,"Punjab Cricket Association IS Bindra Stadium, Mohali, Chandigarh",2,9.3,Assam,Kerala,R Parag,S Ghadigaonkar,Unnikrishnan Manukrishnan,0,0,,,,,,,,,
1383563,2023/24,2023-11-02,"Punjab Cricket Association IS Bindra Stadium, Mohali, Chandigarh",2,9.4,Assam,Kerala,R Parag,S Ghadigaonkar,Unnikrishnan Manukrishnan,0,0,,,,,,,,,
1383563,2023/24,2023-11-02,"Punjab Cricket Association IS Bindra Stadium, Mohali, Chandigarh",2,9.5,Assam,Kerala,R Parag,S Ghadigaonkar,Unnikrishnan Manukrishnan,1,0,,,,,,,,,
1383563,2023/24,2023-11-02,"Punjab Cricket Association IS Bindra Stadium, Mohali, Chandigarh",2,9.6,Assam,Kerala,S Ghadigaonkar,R Parag,Unnikrishnan Manukrishnan,1,0,,,,,,,,,
1383563,2023/24,2023-11-02,"Punjab Cricket Association IS Bindra Stadium, Mohali, Chandigarh",2,10.1,Assam,Kerala,S Ghadigaonkar,R Parag,KM Asif,1,0,,,,,,,,,
1383563,2023/24,2023-11-02,"Punjab Cricket Association IS Bindra Stadium, Mohali, Chandigarh",2,10.2,Assam,Kerala,R Parag,S Ghadigaonkar,KM Asif,6,0,,,,,,,,,
1383563,2023/24,2023-11-02,"Punjab Cricket Association IS Bindra Stadium, Mohali, Chandigarh",2,10.3,Assam,Kerala,R Parag,S Ghadigaonkar,KM Asif,0,0,,,,,,bowled,R Parag,,
1383563,2023/24,2023-11-02,"Punjab Cricket Association IS Bindra Stadium, Mohali, Chandigarh",2,10.4,Assam,Kerala,Sibsankar Roy,S Ghadigaonkar,KM Asif,1,0,,,,,,,,,
1383563,2023/24,2023-11-02,"Punjab Cricket Association IS Bindra Stadium, Mohali, Chandigarh",2,10.5,Assam,Kerala,S Ghadigaonkar,Sibsankar Roy,KM Asif,1,0,,,,,,,,,
1383563,2023/24,2023-11-02,"Punjab Cricket Association IS Bindra Stadium, Mohali, Chandigarh",2,10.6,Assam,Kerala,Sibsankar Roy,S Ghadigaonkar,KM Asif,1,0,,,,,,,,,
1383563,2023/24,2023-11-02,"Punjab Cricket Association IS Bindra Stadium, Mohali, Chandigarh",2,11.1,Assam,Kerala,Sibsankar Roy,S Ghadigaonkar,S Gopal,1,0,,,,,,,,,
1383563,2023/24,2023-11-02,"Punjab Cricket Association IS Bindra Stadium, Mohali, Chandigarh",2,11.2,Assam,Kerala,S Ghadigaonkar,Sibsankar Roy,S Gopal,1,0,,,,,,,,,
1383563,2023/24,2023-11-02,"Punjab Cricket Association IS Bindra Stadium, Mohali, Chandigarh",2,11.3,Assam,Kerala,Sibsankar Roy,S Ghadigaonkar,S Gopal,1,0,,,,,,,,,
1383563,2023/24,2023-11-02,"Punjab Cricket Association IS Bindra Stadium, Mohali, Chandigarh",2,11.4,Assam,Kerala,S Ghadigaonkar,Sibsankar Roy,S Gopal,1,0,,,,,,,,,
1383563,2023/24,2023-11-02,"Punjab Cricket Association IS Bindra Stadium, Mohali, Chandigarh",2,11.5,Assam,Kerala,Sibsankar Roy,S Ghadigaonkar,S Gopal,0,0,,,,,,,,,
1383563,2023/24,2023-11-02,"Punjab Cricket Association IS Bindra Stadium, Mohali, Chandigarh",2,11.6,Assam,Kerala,Sibsankar Roy,S Ghadigaonkar,S Gopal,1,0,,,,,,,,,
1383563,2023/24,2023-11-02,"Punjab Cricket Association IS Bindra Stadium, Mohali, Chandigarh",2,12.1,Assam,Kerala,Sibsankar Roy,S Ghadigaonkar,Jalaj S Saxena,1,0,,,,,,,,,
1383563,2023/24,2023-11-02,"Punjab Cricket Association IS Bindra Stadium, Mohali, Chandigarh",2,12.2,Assam,Kerala,S Ghadigaonkar,Sibsankar Roy,Jalaj S Saxena,1,0,,,,,,,,,
1383563,2023/24,2023-11-02,"Punjab Cricket Association IS Bindra Stadium, Mohali, Chandigarh",2,12.3,Assam,Kerala,Sibsankar Roy,S Ghadigaonkar,Jalaj S Saxena,0,0,,,,,,,,,
1383563,2023/24,2023-11-02,"Punjab Cricket Association IS Bindra Stadium, Mohali, Chandigarh",2,12.4,Assam,Kerala,Sibsankar Roy,S Ghadigaonkar,Jalaj S Saxena,4,0,,,,,,,,,
1383563,2023/24,2023-11-02,"Punjab Cricket Association IS Bindra Stadium, Mohali, Chandigarh",2,12.5,Assam,Kerala,Sibsankar Roy,S Ghadigaonkar,Jalaj S Saxena,1,0,,,,,,,,,
1383563,2023/24,2023-11-02,"Punjab Cricket Association IS Bindra Stadium, Mohali, Chandigarh",2,12.6,Assam,Kerala,S Ghadigaonkar,Sibsankar Roy,Jalaj S Saxena,1,0,,,,,,,,,
1383563,2023/24,2023-11-02,"Punjab Cricket Association IS Bindra Stadium, Mohali, Chandigarh",2,13.1,Assam,Kerala,S Ghadigaonkar,Sibsankar Roy,Vinod Kumar,0,1,1,,,,,,,,
1383563,2023/24,2023-11-02,"Punjab Cricket Association IS Bindra Stadium, Mohali, Chandigarh",2,13.2,Assam,Kerala,S Ghadigaonkar,Sibsankar Roy,Vinod Kumar,1,0,,,,,,,,,
1383563,2023/24,2023-11-02,"Punjab Cricket Association IS Bindra Stadium, Mohali, Chandigarh",2,13.3,Assam,Kerala,Sibsankar Roy,S Ghadigaonkar,Vinod Kumar,1,0,,,,,,,,,
1383563,2023/24,2023-11-02,"Punjab Cricket Association IS Bindra Stadium, Mohali, Chandigarh",2,13.4,Assam,Kerala,S Ghadigaonkar,Sibsankar Roy,Vinod Kumar,0,0,,,,,,,,,
1383563,2023/24,2023-11-02,"Punjab Cricket Association IS Bindra Stadium, Mohali, Chandigarh",2,13.5,Assam,Kerala,S Ghadigaonkar,Sibsankar Roy,Vinod Kumar,1,0,,,,,,,,,
1383563,2023/24,2023-11-02,"Punjab Cricket Association IS Bindra Stadium, Mohali, Chandigarh",2,13.6,Assam,Kerala,Sibsankar Roy,S Ghadigaonkar,Vinod Kumar,6,0,,,,,,,,,
1383563,2023/24,2023-11-02,"Punjab Cricket Association IS Bindra Stadium, Mohali, Chandigarh",2,13.7,Assam,Kerala,Sibsankar Roy,S Ghadigaonkar,Vinod Kumar,4,0,,,,,,,,,
1383563,2023/24,2023-11-02,"Punjab Cricket Association IS Bindra Stadium, Mohali, Chandigarh",2,14.1,Assam,Kerala,S Ghadigaonkar,Sibsankar Roy,KM Asif,2,0,,,,,,,,,
1383563,2023/24,2023-11-02,"Punjab Cricket Association IS Bindra Stadium, Mohali, Chandigarh",2,14.2,Assam,Kerala,S Ghadigaonkar,Sibsankar Roy,KM Asif,1,0,,,,,,,,,
1383563,2023/24,2023-11-02,"Punjab Cricket Association IS Bindra Stadium, Mohali, Chandigarh",2,14.3,Assam,Kerala,Sibsankar Roy,S Ghadigaonkar,KM Asif,4,0,,,,,,,,,
1383563,2023/24,2023-11-02,"Punjab Cricket Association IS Bindra Stadium, Mohali, Chandigarh",2,14.4,Assam,Kerala,Sibsankar Roy,S Ghadigaonkar,KM Asif,4,0,,,,,,,,,
1383563,2023/24,2023-11-02,"Punjab Cricket Association IS Bindra Stadium, Mohali, Chandigarh",2,14.5,Assam,Kerala,Sibsankar Roy,S Ghadigaonkar,KM Asif,4,0,,,,,,,,,
1383563,2023/24,2023-11-02,"Punjab Cricket Association IS Bindra Stadium, Mohali, Chandigarh",2,14.6,Assam,Kerala,Sibsankar Roy,S Ghadigaonkar,KM Asif,1,0,,,,,,,,,
1383563,2023/24,2023-11-02,"Punjab Cricket Association IS Bindra Stadium, Mohali, Chandigarh",2,15.1,Assam,Kerala,Sibsankar Roy,S Ghadigaonkar,Sijomon Joseph,1,0,,,,,,,,,
1383563,2023/24,2023-11-02,"Punjab Cricket Association IS Bindra Stadium, Mohali, Chandigarh",2,15.2,Assam,Kerala,S Ghadigaonkar,Sibsankar Roy,Sijomon Joseph,0,0,,,,,,,,,
1383563,2023/24,2023-11-02,"Punjab Cricket Association IS Bindra Stadium, Mohali, Chandigarh",2,15.3,Assam,Kerala,S Ghadigaonkar,Sibsankar Roy,Sijomon Joseph,0,0,,,,,,,,,
1383563,2023/24,2023-11-02,"Punjab Cricket Association IS Bindra Stadium, Mohali, Chandigarh",2,15.4,Assam,Kerala,S Ghadigaonkar,Sibsankar Roy,Sijomon Joseph,1,0,,,,,,,,,
1383563,2023/24,2023-11-02,"Punjab Cricket Association IS Bindra Stadium, Mohali, Chandigarh",2,15.5,Assam,Kerala,Sibsankar Roy,S Ghadigaonkar,Sijomon Joseph,1,0,,,,,,,,,
1383563,2023/24,2023-11-02,"Punjab Cricket Association IS Bindra Stadium, Mohali, Chandigarh",2,15.6,Assam,Kerala,S Ghadigaonkar,Sibsankar Roy,Sijomon Joseph,0,0,,,,,,caught,S Ghadigaonkar,,
1383563,2023/24,2023-11-02,"Punjab Cricket Association IS Bindra Stadium, Mohali, Chandigarh",2,16.1,Assam,Kerala,Sibsankar Roy,BA Roy,Unnikrishnan Manukrishnan,1,0,,,,,,,,,
1383563,2023/24,2023-11-02,"Punjab Cricket Association IS Bindra Stadium, Mohali, Chandigarh",2,16.2,Assam,Kerala,BA Roy,Sibsankar Roy,Unnikrishnan Manukrishnan,4,0,,,,,,,,,
1383563,2023/24,2023-11-02,"Punjab Cricket Association IS Bindra Stadium, Mohali, Chandigarh",2,16.3,Assam,Kerala,BA Roy,Sibsankar Roy,Unnikrishnan Manukrishnan,0,0,,,,,,,,,
1383563,2023/24,2023-11-02,"Punjab Cricket Association IS Bindra Stadium, Mohali, Chandigarh",2,16.4,Assam,Kerala,BA Roy,Sibsankar Roy,Unnikrishnan Manukrishnan,1,0,,,,,,,,,
1383563,2023/24,2023-11-02,"Punjab Cricket Association IS Bindra Stadium, Mohali, Chandigarh",2,16.5,Assam,Kerala,Sibsankar Roy,BA Roy,Unnikrishnan Manukrishnan,0,0,,,,,,,,,
1383563,2023/24,2023-11-02,"Punjab Cricket Association IS Bindra Stadium, Mohali, Chandigarh",2,16.6,Assam,Kerala,Sibsankar Roy,BA Roy,Unnikrishnan Manukrishnan,0,1,1,,,,,,,,
1383563,2023/24,2023-11-02,"Punjab Cricket Association IS Bindra Stadium, Mohali, Chandigarh",2,16.7,Assam,Kerala,Sibsankar Roy,BA Roy,Unnikrishnan Manukrishnan,4,0,,,,,,,,,
1383563,2023/24,2023-11-02,"Punjab Cricket Association IS Bindra Stadium, Mohali, Chandigarh",2,17.1,Assam,Kerala,BA Roy,Sibsankar Roy,KM Asif,6,0,,,,,,,,,
