match_id,season,start_date,venue,innings,ball,batting_team,bowling_team,striker,non_striker,bowler,runs_off_bat,extras,wides,noballs,byes,legbyes,penalty,wicket_type,player_dismissed,other_wicket_type,other_player_dismissed
1383437,2023/24,2023-10-16,"Sawai Mansingh Stadium, Jaipur",1,0.1,Baroda,Jammu & Kashmir,Jyotsnil Singh,HS Desai,Rasikh Salam,0,0,,,,,,,,,
1383437,2023/24,2023-10-16,"Sawai Mansingh Stadium, Jaipur",1,0.2,Baroda,Jammu & Kashmir,Jyotsnil Singh,HS Desai,Rasikh Salam,0,0,,,,,,,,,
1383437,2023/24,2023-10-16,"Sawai Mansingh Stadium, Jaipur",1,0.3,Baroda,Jammu & Kashmir,Jyotsnil Singh,HS Desai,Rasikh Salam,0,0,,,,,,,,,
1383437,2023/24,2023-10-16,"Sawai Mansingh Stadium, Jaipur",1,0.4,Baroda,Jammu & Kashmir,Jyotsnil Singh,HS Desai,Rasikh Salam,4,0,,,,,,,,,
1383437,2023/24,2023-10-16,"Sawai Mansingh Stadium, Jaipur",1,0.5,Baroda,Jammu & Kashmir,Jyotsnil Singh,HS Desai,Rasikh Salam,0,0,,,,,,,,,
1383437,2023/24,2023-10-16,"Sawai Mansingh Stadium, Jaipur",1,0.6,Baroda,Jammu & Kashmir,Jyotsnil Singh,HS Desai,Rasikh Salam,1,0,,,,,,,,,
1383437,2023/24,2023-10-16,"Sawai Mansingh Stadium, Jaipur",1,1.1,Baroda,Jammu & Kashmir,Jyotsnil Singh,HS Desai,Yudhvir Singh,3,0,,,,,,,,,
1383437,2023/24,2023-10-16,"Sawai Mansingh Stadium, Jaipur",1,1.2,Baroda,Jammu & Kashmir,HS Desai,Jyotsnil Singh,Yudhvir Singh,0,4,,,,4,,,,,
1383437,2023/24,2023-10-16,"Sawai Mansingh Stadium, Jaipur",1,1.3,Baroda,Jammu & Kashmir,HS Desai,Jyotsnil Singh,Yudhvir Singh,4,0,,,,,,,,,
1383437,2023/24,2023-10-16,"Sawai Mansingh Stadium, Jaipur",1,1.4,Baroda,Jammu & Kashmir,HS Desai,Jyotsnil Singh,Yudhvir Singh,0,0,,,,,,,,,
1383437,2023/24,2023-10-16,"Sawai Mansingh Stadium, Jaipur",1,1.5,Baroda,Jammu & Kashmir,HS Desai,Jyotsnil Singh,Yudhvir Singh,0,0,,,,,,,,,
1383437,2023/24,2023-10-16,"Sawai Mansingh Stadium, Jaipur",1,1.6,Baroda,Jammu & Kashmir,HS Desai,Jyotsnil Singh,Yudhvir Singh,0,0,,,,,,,,,
1383437,2023/24,2023-10-16,"Sawai Mansingh Stadium, Jaipur",1,2.1,Baroda,Jammu & Kashmir,Jyotsnil Singh,HS Desai,Rasikh Salam,0,0,,,,,,,,,
1383437,2023/24,2023-10-16,"Sawai Mansingh Stadium, Jaipur",1,2.2,Baroda,Jammu & Kashmir,Jyotsnil Singh,HS Desai,Rasikh Salam,1,0,,,,,,,,,
1383437,2023/24,2023-10-16,"Sawai Mansingh Stadium, Jaipur",1,2.3,Baroda,Jammu & Kashmir,HS Desai,Jyotsnil Singh,Rasikh Salam,1,0,,,,,,,,,
1383437,2023/24,2023-10-16,"Sawai Mansingh Stadium, Jaipur",1,2.4,Baroda,Jammu & Kashmir,Jyotsnil Singh,HS Desai,Rasikh Salam,2,0,,,,,,,,,
1383437,2023/24,2023-10-16,"Sawai Mansingh Stadium, Jaipur",1,2.5,Baroda,Jammu & Kashmir,Jyotsnil Singh,HS Desai,Rasikh Salam,0,0,,,,,,,,,
1383437,2023/24,2023-10-16,"Sawai Mansingh Stadium, Jaipur",1,2.6,Baroda,Jammu & Kashmir,Jyotsnil Singh,HS Desai,Rasikh Salam,1,0,,,,,,,,,
1383437,2023/24,2023-10-16,"Sawai Mansingh Stadium, Jaipur",1,3.1,Baroda,Jammu & Kashmir,Jyotsnil Singh,HS Desai,Yudhvir Singh,1,0,,,,,,,,,
1383437,2023/24,2023-10-16,"Sawai Mansingh Stadium, Jaipur",1,3.2,Baroda,Jammu & Kashmir,HS Desai,Jyotsnil Singh,Yudhvir Singh,0,0,,,,,,caught and bowled,HS Desai,,
1383437,2023/24,2023-10-16,"Sawai Mansingh Stadium, Jaipur",1,3.3,Baroda,Jammu & Kashmir,Vishnu Solanki,Jyotsnil Singh,Yudhvir Singh,0,0,,,,,,,,,
1383437,2023/24,2023-10-16,"Sawai Mansingh Stadium, Jaipur",1,3.4,Baroda,Jammu & Kashmir,Vishnu Solanki,Jyotsnil Singh,Yudhvir Singh,0,0,,,,,,,,,
1383437,2023/24,2023-10-16,"Sawai Mansingh Stadium, Jaipur",1,3.5,Baroda,Jammu & Kashmir,Vishnu Solanki,Jyotsnil Singh,Yudhvir Singh,0,0,,,,,,lbw,Vishnu Solanki,,
1383437,2023/24,2023-10-16,"Sawai Mansingh Stadium, Jaipur",1,3.6,Baroda,Jammu & Kashmir,KH Pandya,Jyotsnil Singh,Yudhvir Singh,0,0,,,,,,,,,
1383437,2023/24,2023-10-16,"Sawai Mansingh Stadium, Jaipur",1,4.1,Baroda,Jammu & Kashmir,Jyotsnil Singh,KH Pandya,Umran Malik,4,0,,,,,,,,,
1383437,2023/24,2023-10-16,"Sawai Mansingh Stadium, Jaipur",1,4.2,Baroda,Jammu & Kashmir,Jyotsnil Singh,KH Pandya,Umran Malik,0,0,,,,,,,,,
1383437,2023/24,2023-10-16,"Sawai Mansingh Stadium, Jaipur",1,4.3,Baroda,Jammu & Kashmir,Jyotsnil Singh,KH Pandya,Umran Malik,0,0,,,,,,,,,
1383437,2023/24,2023-10-16,"Sawai Mansingh Stadium, Jaipur",1,4.4,Baroda,Jammu & Kashmir,Jyotsnil Singh,KH Pandya,Umran Malik,0,0,,,,,,,,,
1383437,2023/24,2023-10-16,"Sawai Mansingh Stadium, Jaipur",1,4.5,Baroda,Jammu & Kashmir,Jyotsnil Singh,KH Pandya,Umran Malik,0,0,,,,,,,,,
1383437,2023/24,2023-10-16,"Sawai Mansingh Stadium, Jaipur",1,4.6,Baroda,Jammu & Kashmir,Jyotsnil Singh,KH Pandya,Umran Malik,0,0,,,,,,caught,Jyotsnil Singh,,
1383437,2023/24,2023-10-16,"Sawai Mansingh Stadium, Jaipur",1,5.1,Baroda,Jammu & Kashmir,KH Pandya,SS Sharma,Yudhvir Singh,0,0,,,,,,,,,
1383437,2023/24,2023-10-16,"Sawai Mansingh Stadium, Jaipur",1,5.2,Baroda,Jammu & Kashmir,KH Pandya,SS Sharma,Yudhvir Singh,0,0,,,,,,,,,
1383437,2023/24,2023-10-16,"Sawai Mansingh Stadium, Jaipur",1,5.3,Baroda,Jammu & Kashmir,KH Pandya,SS Sharma,Yudhvir Singh,0,0,,,,,,,,,
1383437,2023/24,2023-10-16,"Sawai Mansingh Stadium, Jaipur",1,5.4,Baroda,Jammu & Kashmir,KH Pandya,SS Sharma,Yudhvir Singh,0,0,,,,,,,,,
1383437,2023/24,2023-10-16,"Sawai Mansingh Stadium, Jaipur",1,5.5,Baroda,Jammu & Kashmir,KH Pandya,SS Sharma,Yudhvir Singh,0,0,,,,,,,,,
1383437,2023/24,2023-10-16,"Sawai Mansingh Stadium, Jaipur",1,5.6,Baroda,Jammu & Kashmir,KH Pandya,SS Sharma,Yudhvir Singh,0,0,,,,,,,,,
1383437,2023/24,2023-10-16,"Sawai Mansingh Stadium, Jaipur",1,6.1,Baroda,Jammu & Kashmir,SS Sharma,KH Pandya,Umran Malik,1,0,,,,,,,,,
1383437,2023/24,2023-10-16,"Sawai Mansingh Stadium, Jaipur",1,6.2,Baroda,Jammu & Kashmir,KH Pandya,SS Sharma,Umran Malik,0,1,1,,,,,,,,
1383437,2023/24,2023-10-16,"Sawai Mansingh Stadium, Jaipur",1,6.3,Baroda,Jammu & Kashmir,KH Pandya,SS Sharma,Umran Malik,0,0,,,,,,,,,
1383437,2023/24,2023-10-16,"Sawai Mansingh Stadium, Jaipur",1,6.4,Baroda,Jammu & Kashmir,KH Pandya,SS Sharma,Umran Malik,1,0,,,,,,,,,
1383437,2023/24,2023-10-16,"Sawai Mansingh Stadium, Jaipur",1,6.5,Baroda,Jammu & Kashmir,SS Sharma,KH Pandya,Umran Malik,0,0,,,,,,,,,
1383437,2023/24,2023-10-16,"Sawai Mansingh Stadium, Jaipur",1,6.6,Baroda,Jammu & Kashmir,SS Sharma,KH Pandya,Umran Malik,0,1,,,,1,,,,,
1383437,2023/24,2023-10-16,"Sawai Mansingh Stadium, Jaipur",1,6.7,Baroda,Jammu & Kashmir,KH Pandya,SS Sharma,Umran Malik,1,0,,,,,,,,,
1383437,2023/24,2023-10-16,"Sawai Mansingh Stadium, Jaipur",1,7.1,Baroda,Jammu & Kashmir,KH Pandya,SS Sharma,Auqib Nabi,0,0,,,,,,,,,
1383437,2023/24,2023-10-16,"Sawai Mansingh Stadium, Jaipur",1,7.2,Baroda,Jammu & Kashmir,KH Pandya,SS Sharma,Auqib Nabi,1,0,,,,,,,,,
1383437,2023/24,2023-10-16,"Sawai Mansingh Stadium, Jaipur",1,7.3,Baroda,Jammu & Kashmir,SS Sharma,KH Pandya,Auqib Nabi,1,0,,,,,,,,,
1383437,2023/24,2023-10-16,"Sawai Mansingh Stadium, Jaipur",1,7.4,Baroda,Jammu & Kashmir,KH Pandya,SS Sharma,Auqib Nabi,0,1,,,,1,,,,,
1383437,2023/24,2023-10-16,"Sawai Mansingh Stadium, Jaipur",1,7.5,Baroda,Jammu & Kashmir,SS Sharma,KH Pandya,Auqib Nabi,1,1,,1,,,,,,,
1383437,2023/24,2023-10-16,"Sawai Mansingh Stadium, Jaipur",1,7.6,Baroda,Jammu & Kashmir,KH Pandya,SS Sharma,Auqib Nabi,4,0,,,,,,,,,
1383437,2023/24,2023-10-16,"Sawai Mansingh Stadium, Jaipur",1,7.7,Baroda,Jammu & Kashmir,KH Pandya,SS Sharma,Auqib Nabi,1,0,,,,,,,,,
1383437,2023/24,2023-10-16,"Sawai Mansingh Stadium, Jaipur",1,8.1,Baroda,Jammu & Kashmir,KH Pandya,SS Sharma,Umran Malik,0,0,,,,,,,,,
1383437,2023/24,2023-10-16,"Sawai Mansingh Stadium, Jaipur",1,8.2,Baroda,Jammu & Kashmir,KH Pandya,SS Sharma,Umran Malik,1,0,,,,,,,,,
1383437,2023/24,2023-10-16,"Sawai Mansingh Stadium, Jaipur",1,8.3,Baroda,Jammu & Kashmir,SS Sharma,KH Pandya,Umran Malik,4,0,,,,,,,,,
1383437,2023/24,2023-10-16,"Sawai Mansingh Stadium, Jaipur",1,8.4,Baroda,Jammu & Kashmir,SS Sharma,KH Pandya,Umran Malik,0,1,1,,,,,,,,
1383437,2023/24,2023-10-16,"Sawai Mansingh Stadium, Jaipur",1,8.5,Baroda,Jammu & Kashmir,SS Sharma,KH Pandya,Umran Malik,1,0,,,,,,,,,
1383437,2023/24,2023-10-16,"Sawai Mansingh Stadium, Jaipur",1,8.6,Baroda,Jammu & Kashmir,KH Pandya,SS Sharma,Umran Malik,1,0,,,,,,,,,
1383437,2023/24,2023-10-16,"Sawai Mansingh Stadium, Jaipur",1,8.7,Baroda,Jammu & Kashmir,SS Sharma,KH Pandya,Umran Malik,4,0,,,,,,,,,
1383437,2023/24,2023-10-16,"Sawai Mansingh Stadium, Jaipur",1,9.1,Baroda,Jammu & Kashmir,KH Pandya,SS Sharma,Auqib Nabi,1,0,,,,,,,,,
1383437,2023/24,2023-10-16,"Sawai Mansingh Stadium, Jaipur",1,9.2,Baroda,Jammu & Kashmir,SS Sharma,KH Pandya,Auqib Nabi,2,0,,,,,,,,,
1383437,2023/24,2023-10-16,"Sawai Mansingh Stadium, Jaipur",1,9.3,Baroda,Jammu & Kashmir,SS Sharma,KH Pandya,Auqib Nabi,0,0,,,,,,,,,
1383437,2023/24,2023-10-16,"Sawai Mansingh Stadium, Jaipur",1,9.4,Baroda,Jammu & Kashmir,SS Sharma,KH Pandya,Auqib Nabi,2,0,,,,,,,,,
1383437,2023/24,2023-10-16,"Sawai Mansingh Stadium, Jaipur",1,9.5,Baroda,Jammu & Kashmir,SS Sharma,KH Pandya,Auqib Nabi,1,0,,,,,,,,,
1383437,2023/24,2023-10-16,"Sawai Mansingh Stadium, Jaipur",1,9.6,Baroda,Jammu & Kashmir,KH Pandya,SS Sharma,Auqib Nabi,0,1,,,1,,,,,,
1383437,2023/24,2023-10-16,"Sawai Mansingh Stadium, Jaipur",1,10.1,Baroda,Jammu & Kashmir,KH Pandya,SS Sharma,Shubham Pundir,0,0,,,,,,,,,
1383437,2023/24,2023-10-16,"Sawai Mansingh Stadium, Jaipur",1,10.2,Baroda,Jammu & Kashmir,KH Pandya,SS Sharma,Shubham Pundir,0,0,,,,,,,,,
1383437,2023/24,2023-10-16,"Sawai Mansingh Stadium, Jaipur",1,10.3,Baroda,Jammu & Kashmir,KH Pandya,SS Sharma,Shubham Pundir,1,0,,,,,,,,,
1383437,2023/24,2023-10-16,"Sawai Mansingh Stadium, Jaipur",1,10.4,Baroda,Jammu & Kashmir,SS Sharma,KH Pandya,Shubham Pundir,0,1,1,,,,,,,,
1383437,2023/24,2023-10-16,"Sawai Mansingh Stadium, Jaipur",1,10.5,Baroda,Jammu & Kashmir,SS Sharma,KH Pandya,Shubham Pundir,1,0,,,,,,,,,
1383437,2023/24,2023-10-16,"Sawai Mansingh Stadium, Jaipur",1,10.6,Baroda,Jammu & Kashmir,KH Pandya,SS Sharma,Shubham Pundir,0,1,,,,1,,,,,
1383437,2023/24,2023-10-16,"Sawai Mansingh Stadium, Jaipur",1,10.7,Baroda,Jammu & Kashmir,SS Sharma,KH Pandya,Shubham Pundir,1,0,,,,,,,,,
1383437,2023/24,2023-10-16,"Sawai Mansingh Stadium, Jaipur",1,11.1,Baroda,Jammu & Kashmir,SS Sharma,KH Pandya,Abid Mushtaq,1,0,,,,,,,,,
1383437,2023/24,2023-10-16,"Sawai Mansingh Stadium, Jaipur",1,11.2,Baroda,Jammu & Kashmir,KH Pandya,SS Sharma,Abid Mushtaq,1,0,,,,,,,,,
1383437,2023/24,2023-10-16,"Sawai Mansingh Stadium, Jaipur",1,11.3,Baroda,Jammu & Kashmir,SS Sharma,KH Pandya,Abid Mushtaq,2,0,,,,,,,,,
1383437,2023/24,2023-10-16,"Sawai Mansingh Stadium, Jaipur",1,11.4,Baroda,Jammu & Kashmir,SS Sharma,KH Pandya,Abid Mushtaq,0,0,,,,,,,,,
1383437,2023/24,2023-10-16,"Sawai Mansingh Stadium, Jaipur",1,11.5,Baroda,Jammu & Kashmir,SS Sharma,KH Pandya,Abid Mushtaq,4,0,,,,,,,,,
1383437,2023/24,2023-10-16,"Sawai Mansingh Stadium, Jaipur",1,11.6,Baroda,Jammu & Kashmir,SS Sharma,KH Pandya,Abid Mushtaq,1,0,,,,,,,,,
1383437,2023/24,2023-10-16,"Sawai Mansingh Stadium, Jaipur",1,12.1,Baroda,Jammu & Kashmir,SS Sharma,KH Pandya,Shubham Pundir,2,0,,,,,,,,,
1383437,2023/24,2023-10-16,"Sawai Mansingh Stadium, Jaipur",1,12.2,Baroda,Jammu & Kashmir,SS Sharma,KH Pandya,Shubham Pundir,0,1,1,,,,,,,,
1383437,2023/24,2023-10-16,"Sawai Mansingh Stadium, Jaipur",1,12.3,Baroda,Jammu & Kashmir,SS Sharma,KH Pandya,Shubham Pundir,0,0,,,,,,,,,
1383437,2023/24,2023-10-16,"Sawai Mansingh Stadium, Jaipur",1,12.4,Baroda,Jammu & Kashmir,SS Sharma,KH Pandya,Shubham Pundir,1,0,,,,,,,,,
1383437,2023/24,2023-10-16,"Sawai Mansingh Stadium, Jaipur",1,12.5,Baroda,Jammu & Kashmir,KH Pandya,SS Sharma,Shubham Pundir,1,0,,,,,,,,,
1383437,2023/24,2023-10-16,"Sawai Mansingh Stadium, Jaipur",1,12.6,Baroda,Jammu & Kashmir,SS Sharma,KH Pandya,Shubham Pundir,1,0,,,,,,,,,
1383437,2023/24,2023-10-16,"Sawai Mansingh Stadium, Jaipur",1,12.7,Baroda,Jammu & Kashmir,KH Pandya,SS Sharma,Shubham Pundir,1,0,,,,,,,,,
1383437,2023/24,2023-10-16,"Sawai Mansingh Stadium, Jaipur",1,13.1,Baroda,Jammu & Kashmir,KH Pandya,SS Sharma,Abid Mushtaq,1,0,,,,,,,,,
1383437,2023/24,2023-10-16,"Sawai Mansingh Stadium, Jaipur",1,13.2,Baroda,Jammu & Kashmir,SS Sharma,KH Pandya,Abid Mushtaq,1,0,,,,,,,,,
1383437,2023/24,2023-10-16,"Sawai Mansingh Stadium, Jaipur",1,13.3,Baroda,Jammu & Kashmir,KH Pandya,SS Sharma,Abid Mushtaq,0,0,,,,,,,,,
1383437,2023/24,2023-10-16,"Sawai Mansingh Stadium, Jaipur",1,13.4,Baroda,Jammu & Kashmir,KH Pandya,SS Sharma,Abid Mushtaq,2,0,,,,,,,,,
1383437,2023/24,2023-10-16,"Sawai Mansingh Stadium, Jaipur",1,13.5,Baroda,Jammu & Kashmir,KH Pandya,SS Sharma,Abid Mushtaq,1,0,,,,,,,,,
1383437,2023/24,2023-10-16,"Sawai Mansingh Stadium, Jaipur",1,13.6,Baroda,Jammu & Kashmir,SS Sharma,KH Pandya,Abid Mushtaq,1,0,,,,,,,,,
1383437,2023/24,2023-10-16,"Sawai Mansingh Stadium, Jaipur",1,14.1,Baroda,Jammu & Kashmir,SS Sharma,KH Pandya,Shubham Pundir,1,0,,,,,,,,,
1383437,2023/24,2023-10-16,"Sawai Mansingh Stadium, Jaipur",1,14.2,Baroda,Jammu & Kashmir,KH Pandya,SS Sharma,Shubham Pundir,1,0,,,,,,,,,
1383437,2023/24,2023-10-16,"Sawai Mansingh Stadium, Jaipur",1,14.3,Baroda,Jammu & Kashmir,SS Sharma,KH Pandya,Shubham Pundir,4,0,,,,,,,,,
1383437,2023/24,2023-10-16,"Sawai Mansingh Stadium, Jaipur",1,14.4,Baroda,Jammu & Kashmir,SS Sharma,KH Pandya,Shubham Pundir,2,0,,,,,,,,,
1383437,2023/24,2023-10-16,"Sawai Mansingh Stadium, Jaipur",1,14.5,Baroda,Jammu & Kashmir,SS Sharma,KH Pandya,Shubham Pundir,1,0,,,,,,,,,
1383437,2023/24,2023-10-16,"Sawai Mansingh Stadium, Jaipur",1,14.6,Baroda,Jammu & Kashmir,KH Pandya,SS Sharma,Shubham Pundir,1,0,,,,,,,,,
1383437,2023/24,2023-10-16,"Sawai Mansingh Stadium, Jaipur",1,15.1,Baroda,Jammu & Kashmir,KH Pandya,SS Sharma,Abid Mushtaq,0,0,,,,,,,,,
1383437,2023/24,2023-10-16,"Sawai Mansingh Stadium, Jaipur",1,15.2,Baroda,Jammu & Kashmir,KH Pandya,SS Sharma,Abid Mushtaq,6,0,,,,,,,,,
1383437,2023/24,2023-10-16,"Sawai Mansingh Stadium, Jaipur",1,15.3,Baroda,Jammu & Kashmir,KH Pandya,SS Sharma,Abid Mushtaq,1,0,,,,,,,,,
1383437,2023/24,2023-10-16,"Sawai Mansingh Stadium, Jaipur",1,15.4,Baroda,Jammu & Kashmir,SS Sharma,KH Pandya,Abid Mushtaq,1,0,,,,,,,,,
1383437,2023/24,2023-10-16,"Sawai Mansingh Stadium, Jaipur",1,15.5,Baroda,Jammu & Kashmir,KH Pandya,SS Sharma,Abid Mushtaq,4,0,,,,,,,,,
1383437,2023/24,2023-10-16,"Sawai Mansingh Stadium, Jaipur",1,15.6,Baroda,Jammu & Kashmir,KH Pandya,SS Sharma,Abid Mushtaq,4,0,,,,,,,,,
1383437,2023/24,2023-10-16,"Sawai Mansingh Stadium, Jaipur",1,16.1,Baroda,Jammu & Kashmir,SS Sharma,KH Pandya,Umran Malik,1,0,,,,,,,,,
1383437,2023/24,2023-10-16,"Sawai Mansingh Stadium, Jaipur",1,16.2,Baroda,Jammu & Kashmir,KH Pandya,SS Sharma,Umran Malik,4,0,,,,,,,,,
1383437,2023/24,2023-10-16,"Sawai Mansingh Stadium, Jaipur",1,16.3,Baroda,Jammu & Kashmir,KH Pandya,SS Sharma,Umran Malik,0,1,1,,,,,,,,
1383437,2023/24,2023-10-16,"Sawai Mansingh Stadium, Jaipur",1,16.4,Baroda,Jammu & Kashmir,KH Pandya,SS Sharma,Umran Malik,4,0,,,,,,,,,
1383437,2023/24,2023-10-16,"Sawai Mansingh Stadium, Jaipur",1,16.5,Baroda,Jammu & Kashmir,KH Pandya,SS Sharma,Umran Malik,2,0,,,,,,,,,
1383437,2023/24,2023-10-16,"Sawai Mansingh Stadium, Jaipur",1,16.6,Baroda,Jammu & Kashmir,KH Pandya,SS Sharma,Umran Malik,1,0,,,,,,,,,
1383437,2023/24,2023-10-16,"Sawai Mansingh Stadium, Jaipur",1,16.7,Baroda,Jammu & Kashmir,SS Sharma,KH Pandya,Umran Malik,0,0,,,,,,,,,
1383437,2023/24,2023-10-16,"Sawai Mansingh Stadium, Jaipur",1,17.1,Baroda,Jammu & Kashmir,KH Pandya,SS Sharma,Rasikh Salam,1,0,,,,,,,,,
1383437,2023/24,2023-10-16,"Sawai Mansingh Stadium, Jaipur",1,17.2,Baroda,Jammu & Kashmir,SS Sharma,KH Pandya,Rasikh Salam,1,0,,,,,,,,,
1383437,2023/24,2023-10-16,"Sawai Mansingh Stadium, Jaipur",1,17.3,Baroda,Jammu & Kashmir,KH Pandya,SS Sharma,Rasikh Salam,4,0,,,,,,,,,
1383437,2023/24,2023-10-16,"Sawai Mansingh Stadium, Jaipur",1,17.4,Baroda,Jammu & Kashmir,KH Pandya,SS Sharma,Rasikh Salam,2,0,,,,,,,,,
1383437,2023/24,2023-10-16,"Sawai Mansingh Stadium, Jaipur",1,17.5,Baroda,Jammu & Kashmir,KH Pandya,SS Sharma,Rasikh Salam,1,0,,,,,,,,,
1383437,2023/24,2023-10-16,"Sawai Mansingh Stadium, Jaipur",1,17.6,Baroda,Jammu & Kashmir,SS Sharma,KH Pandya,Rasikh Salam,0,0,,,,,,,,,
1383437,2023/24,2023-10-16,"Sawai Mansingh Stadium, Jaipur",1,18.1,Baroda,Jammu & Kashmir,KH Pandya,SS Sharma,Yudhvir Singh,1,0,,,,,,,,,
1383437,2023/24,2023-10-16,"Sawai Mansingh Stadium, Jaipur",1,18.2,Baroda,Jammu & Kashmir,SS Sharma,KH Pandya,Yudhvir Singh,1,0,,,,,,,,,
1383437,2023/24,2023-10-16,"Sawai Mansingh Stadium, Jaipur",1,18.3,Baroda,Jammu & Kashmir,KH Pandya,SS Sharma,Yudhvir Singh,0,0,,,,,,caught,KH Pandya,,
1383437,2023/24,2023-10-16,"Sawai Mansingh Stadium, Jaipur",1,18.4,Baroda,Jammu & Kashmir,Bhanu Pania,SS Sharma,Yudhvir Singh,1,0,,,,,,,,,
1383437,2023/24,2023-10-16,"Sawai Mansingh Stadium, Jaipur",1,18.5,Baroda,Jammu & Kashmir,SS Sharma,Bhanu Pania,Yudhvir Singh,1,0,,,,,,,,,
1383437,2023/24,2023-10-16,"Sawai Mansingh Stadium, Jaipur",1,18.6,Baroda,Jammu & Kashmir,Bhanu Pania,SS Sharma,Yudhvir Singh,1,0,,,,,,,,,
1383437,2023/24,2023-10-16,"Sawai Mansingh Stadium, Jaipur",1,19.1,Baroda,Jammu & Kashmir,Bhanu Pania,SS Sharma,Rasikh Salam,0,0,,,,,,,,,
1383437,2023/24,2023-10-16,"Sawai Mansingh Stadium, Jaipur",1,19.2,Baroda,Jammu & Kashmir,Bhanu Pania,SS Sharma,Rasikh Salam,1,0,,,,,,,,,
1383437,2023/24,2023-10-16,"Sawai Mansingh Stadium, Jaipur",1,19.3,Baroda,Jammu & Kashmir,Bhanu Pania,SS Sharma,Rasikh Salam,1,0,,,,,,,,,
1383437,2023/24,2023-10-16,"Sawai Mansingh Stadium, Jaipur",1,19.4,Baroda,Jammu & Kashmir,SS Sharma,Bhanu Pania,Rasikh Salam,0,0,,,,,,caught,SS Sharma,,
1383437,2023/24,2023-10-16,"Sawai Mansingh Stadium, Jaipur",1,19.5,Baroda,Jammu & Kashmir,A Sheth,Bhanu Pania,Rasikh Salam,1,0,,,,,,,,,
1383437,2023/24,2023-10-16,"Sawai Mansingh Stadium, Jaipur",1,19.6,Baroda,Jammu & Kashmir,Bhanu Pania,A Sheth,Rasikh Salam,0,1,1,,,,,,,,
1383437,2023/24,2023-10-16,"Sawai Mansingh Stadium, Jaipur",1,19.7,Baroda,Jammu & Kashmir,Bhanu Pania,A Sheth,Rasikh Salam,0,1,,,,1,,,,,
1383437,2023/24,2023-10-16,"Sawai Mansingh Stadium, Jaipur",2,0.1,Jammu & Kashmir,Baroda,Vivrant Sharma,Qamran Iqbal,SI Sopariya,0,0,,,,,,,,,
1383437,2023/24,2023-10-16,"Sawai Mansingh Stadium, Jaipur",2,0.2,Jammu & Kashmir,Baroda,Vivrant Sharma,Qamran Iqbal,SI Sopariya,0,0,,,,,,,,,
1383437,2023/24,2023-10-16,"Sawai Mansingh Stadium, Jaipur",2,0.3,Jammu & Kashmir,Baroda,Vivrant Sharma,Qamran Iqbal,SI Sopariya,0,0,,,,,,,,,
1383437,2023/24,2023-10-16,"Sawai Mansingh Stadium, Jaipur",2,0.4,Jammu & Kashmir,Baroda,Vivrant Sharma,Qamran Iqbal,SI Sopariya,0,0,,,,,,,,,
1383437,2023/24,2023-10-16,"Sawai Mansingh Stadium, Jaipur",2,0.5,Jammu & Kashmir,Baroda,Vivrant Sharma,Qamran Iqbal,SI Sopariya,0,0,,,,,,,,,
1383437,2023/24,2023-10-16,"Sawai Mansingh Stadium, Jaipur",2,0.6,Jammu & Kashmir,Baroda,Vivrant Sharma,Qamran Iqbal,SI Sopariya,0,0,,,,,,,,,
1383437,2023/24,2023-10-16,"Sawai Mansingh Stadium, Jaipur",2,1.1,Jammu & Kashmir,Baroda,Qamran Iqbal,Vivrant Sharma,A Sheth,0,0,,,,,,,,,
1383437,2023/24,2023-10-16,"Sawai Mansingh Stadium, Jaipur",2,1.2,Jammu & Kashmir,Baroda,Qamran Iqbal,Vivrant Sharma,A Sheth,0,0,,,,,,,,,
1383437,2023/24,2023-10-16,"Sawai Mansingh Stadium, Jaipur",2,1.3,Jammu & Kashmir,Baroda,Qamran Iqbal,Vivrant Sharma,A Sheth,1,0,,,,,,,,,
1383437,2023/24,2023-10-16,"Sawai Mansingh Stadium, Jaipur",2,1.4,Jammu & Kashmir,Baroda,Vivrant Sharma,Qamran Iqbal,A Sheth,0,0,,,,,,,,,
1383437,2023/24,2023-10-16,"Sawai Mansingh Stadium, Jaipur",2,1.5,Jammu & Kashmir,Baroda,Vivrant Sharma,Qamran Iqbal,A Sheth,0,0,,,,,,,,,
1383437,2023/24,2023-10-16,"Sawai Mansingh Stadium, Jaipur",2,1.6,Jammu & Kashmir,Baroda,Vivrant Sharma,Qamran Iqbal,A Sheth,4,0,,,,,,,,,
1383437,2023/24,2023-10-16,"Sawai Mansingh Stadium, Jaipur",2,2.1,Jammu & Kashmir,Baroda,Qamran Iqbal,Vivrant Sharma,SI Sopariya,1,0,,,,,,,,,
1383437,2023/24,2023-10-16,"Sawai Mansingh Stadium, Jaipur",2,2.2,Jammu & Kashmir,Baroda,Vivrant Sharma,Qamran Iqbal,SI Sopariya,0,0,,,,,,,,,
1383437,2023/24,2023-10-16,"Sawai Mansingh Stadium, Jaipur",2,2.3,Jammu & Kashmir,Baroda,Vivrant Sharma,Qamran Iqbal,SI Sopariya,0,0,,,,,,caught,Vivrant Sharma,,
1383437,2023/24,2023-10-16,"Sawai Mansingh Stadium, Jaipur",2,2.4,Jammu & Kashmir,Baroda,Shubham Pundir,Qamran Iqbal,SI Sopariya,0,0,,,,,,,,,
1383437,2023/24,2023-10-16,"Sawai Mansingh Stadium, Jaipur",2,2.5,Jammu & Kashmir,Baroda,Shubham Pundir,Qamran Iqbal,SI Sopariya,0,0,,,,,,,,,
1383437,2023/24,2023-10-16,"Sawai Mansingh Stadium, Jaipur",2,2.6,Jammu & Kashmir,Baroda,Shubham Pundir,Qamran Iqbal,SI Sopariya,0,0,,,,,,,,,
1383437,2023/24,2023-10-16,"Sawai Mansingh Stadium, Jaipur",2,3.1,Jammu & Kashmir,Baroda,Qamran Iqbal,Shubham Pundir,A Sheth,1,0,,,,,,,,,
1383437,2023/24,2023-10-16,"Sawai Mansingh Stadium, Jaipur",2,3.2,Jammu & Kashmir,Baroda,Shubham Pundir,Qamran Iqbal,A Sheth,0,0,,,,,,,,,
1383437,2023/24,2023-10-16,"Sawai Mansingh Stadium, Jaipur",2,3.3,Jammu & Kashmir,Baroda,Shubham Pundir,Qamran Iqbal,A Sheth,0,0,,,,,,,,,
1383437,2023/24,2023-10-16,"Sawai Mansingh Stadium, Jaipur",2,3.4,Jammu & Kashmir,Baroda,Shubham Pundir,Qamran Iqbal,A Sheth,4,0,,,,,,,,,
1383437,2023/24,2023-10-16,"Sawai Mansingh Stadium, Jaipur",2,3.5,Jammu & Kashmir,Baroda,Shubham Pundir,Qamran Iqbal,A Sheth,0,0,,,,,,,,,
1383437,2023/24,2023-10-16,"Sawai Mansingh Stadium, Jaipur",2,3.6,Jammu & Kashmir,Baroda,Shubham Pundir,Qamran Iqbal,A Sheth,1,0,,,,,,,,,
1383437,2023/24,2023-10-16,"Sawai Mansingh Stadium, Jaipur",2,4.1,Jammu & Kashmir,Baroda,Shubham Pundir,Qamran Iqbal,SI Sopariya,4,0,,,,,,,,,
1383437,2023/24,2023-10-16,"Sawai Mansingh Stadium, Jaipur",2,4.2,Jammu & Kashmir,Baroda,Shubham Pundir,Qamran Iqbal,SI Sopariya,0,0,,,,,,,,,
1383437,2023/24,2023-10-16,"Sawai Mansingh Stadium, Jaipur",2,4.3,Jammu & Kashmir,Baroda,Shubham Pundir,Qamran Iqbal,SI Sopariya,0,0,,,,,,,,,
1383437,2023/24,2023-10-16,"Sawai Mansingh Stadium, Jaipur",2,4.4,Jammu & Kashmir,Baroda,Shubham Pundir,Qamran Iqbal,SI Sopariya,0,0,,,,,,,,,
1383437,2023/24,2023-10-16,"Sawai Mansingh Stadium, Jaipur",2,4.5,Jammu & Kashmir,Baroda,Shubham Pundir,Qamran Iqbal,SI Sopariya,4,0,,,,,,,,,
1383437,2023/24,2023-10-16,"Sawai Mansingh Stadium, Jaipur",2,4.6,Jammu & Kashmir,Baroda,Shubham Pundir,Qamran Iqbal,SI Sopariya,1,0,,,,,,,,,
1383437,2023/24,2023-10-16,"Sawai Mansingh Stadium, Jaipur",2,5.1,Jammu & Kashmir,Baroda,Shubham Pundir,Qamran Iqbal,LI Meriwala,0,0,,,,,,,,,
1383437,2023/24,2023-10-16,"Sawai Mansingh Stadium, Jaipur",2,5.2,Jammu & Kashmir,Baroda,Shubham Pundir,Qamran Iqbal,LI Meriwala,0,0,,,,,,bowled,Shubham Pundir,,
1383437,2023/24,2023-10-16,"Sawai Mansingh Stadium, Jaipur",2,5.3,Jammu & Kashmir,Baroda,Shubham Khajuria,Qamran Iqbal,LI Meriwala,1,0,,,,,,,,,
1383437,2023/24,2023-10-16,"Sawai Mansingh Stadium, Jaipur",2,5.4,Jammu & Kashmir,Baroda,Qamran Iqbal,Shubham Khajuria,LI Meriwala,1,0,,,,,,,,,
1383437,2023/24,2023-10-16,"Sawai Mansingh Stadium, Jaipur",2,5.5,Jammu & Kashmir,Baroda,Shubham Khajuria,Qamran Iqbal,LI Meriwala,1,0,,,,,,,,,
1383437,2023/24,2023-10-16,"Sawai Mansingh Stadium, Jaipur",2,5.6,Jammu & Kashmir,Baroda,Qamran Iqbal,Shubham Khajuria,LI Meriwala,1,0,,,,,,,,,
1383437,2023/24,2023-10-16,"Sawai Mansingh Stadium, Jaipur",2,6.1,Jammu & Kashmir,Baroda,Qamran Iqbal,Shubham Khajuria,KH Pandya,0,0,,,,,,,,,
1383437,2023/24,2023-10-16,"Sawai Mansingh Stadium, Jaipur",2,6.2,Jammu & Kashmir,Baroda,Qamran Iqbal,Shubham Khajuria,KH Pandya,1,0,,,,,,,,,
1383437,2023/24,2023-10-16,"Sawai Mansingh Stadium, Jaipur",2,6.3,Jammu & Kashmir,Baroda,Shubham Khajuria,Qamran Iqbal,KH Pandya,1,0,,,,,,,,,
1383437,2023/24,2023-10-16,"Sawai Mansingh Stadium, Jaipur",2,6.4,Jammu & Kashmir,Baroda,Qamran Iqbal,Shubham Khajuria,KH Pandya,0,0,,,,,,,,,
1383437,2023/24,2023-10-16,"Sawai Mansingh Stadium, Jaipur",2,6.5,Jammu & Kashmir,Baroda,Qamran Iqbal,Shubham Khajuria,KH Pandya,1,0,,,,,,,,,
1383437,2023/24,2023-10-16,"Sawai Mansingh Stadium, Jaipur",2,6.6,Jammu & Kashmir,Baroda,Shubham Khajuria,Qamran Iqbal,KH Pandya,1,0,,,,,,,,,
1383437,2023/24,2023-10-16,"Sawai Mansingh Stadium, Jaipur",2,7.1,Jammu & Kashmir,Baroda,Shubham Khajuria,Qamran Iqbal,LI Meriwala,1,0,,,,,,,,,
1383437,2023/24,2023-10-16,"Sawai Mansingh Stadium, Jaipur",2,7.2,Jammu & Kashmir,Baroda,Qamran Iqbal,Shubham Khajuria,LI Meriwala,4,0,,,,,,,,,
1383437,2023/24,2023-10-16,"Sawai Mansingh Stadium, Jaipur",2,7.3,Jammu & Kashmir,Baroda,Qamran Iqbal,Shubham Khajuria,LI Meriwala,6,0,,,,,,,,,
1383437,2023/24,2023-10-16,"Sawai Mansingh Stadium, Jaipur",2,7.4,Jammu & Kashmir,Baroda,Qamran Iqbal,Shubham Khajuria,LI Meriwala,1,0,,,,,,,,,
1383437,2023/24,2023-10-16,"Sawai Mansingh Stadium, Jaipur",2,7.5,Jammu & Kashmir,Baroda,Shubham Khajuria,Qamran Iqbal,LI Meriwala,2,0,,,,,,,,,
1383437,2023/24,2023-10-16,"Sawai Mansingh Stadium, Jaipur",2,7.6,Jammu & Kashmir,Baroda,Shubham Khajuria,Qamran Iqbal,LI Meriwala,1,0,,,,,,,,,
1383437,2023/24,2023-10-16,"Sawai Mansingh Stadium, Jaipur",2,8.1,Jammu & Kashmir,Baroda,Shubham Khajuria,Qamran Iqbal,KH Pandya,1,0,,,,,,,,,
1383437,2023/24,2023-10-16,"Sawai Mansingh Stadium, Jaipur",2,8.2,Jammu & Kashmir,Baroda,Qamran Iqbal,Shubham Khajuria,KH Pandya,0,0,,,,,,,,,
1383437,2023/24,2023-10-16,"Sawai Mansingh Stadium, Jaipur",2,8.3,Jammu & Kashmir,Baroda,Qamran Iqbal,Shubham Khajuria,KH Pandya,4,0,,,,,,,,,
1383437,2023/24,2023-10-16,"Sawai Mansingh Stadium, Jaipur",2,8.4,Jammu & Kashmir,Baroda,Qamran Iqbal,Shubham Khajuria,KH Pandya,0,0,,,,,,,,,
1383437,2023/24,2023-10-16,"Sawai Mansingh Stadium, Jaipur",2,8.5,Jammu & Kashmir,Baroda,Qamran Iqbal,Shubham Khajuria,KH Pandya,1,0,,,,,,,,,
1383437,2023/24,2023-10-16,"Sawai Mansingh Stadium, Jaipur",2,8.6,Jammu & Kashmir,Baroda,Shubham Khajuria,Qamran Iqbal,KH Pandya,1,0,,,,,,,,,
1383437,2023/24,2023-10-16,"Sawai Mansingh Stadium, Jaipur",2,9.1,Jammu & Kashmir,Baroda,Shubham Khajuria,Qamran Iqbal,NA Rathva,6,0,,,,,,,,,
1383437,2023/24,2023-10-16,"Sawai Mansingh Stadium, Jaipur",2,9.2,Jammu & Kashmir,Baroda,Shubham Khajuria,Qamran Iqbal,NA Rathva,0,0,,,,,,,,,
1383437,2023/24,2023-10-16,"Sawai Mansingh Stadium, Jaipur",2,9.3,Jammu & Kashmir,Baroda,Shubham Khajuria,Qamran Iqbal,NA Rathva,1,0,,,,,,,,,
1383437,2023/24,2023-10-16,"Sawai Mansingh Stadium, Jaipur",2,9.4,Jammu & Kashmir,Baroda,Qamran Iqbal,Shubham Khajuria,NA Rathva,0,0,,,,,,,,,
1383437,2023/24,2023-10-16,"Sawai Mansingh Stadium, Jaipur",2,9.5,Jammu & Kashmir,Baroda,Qamran Iqbal,Shubham Khajuria,NA Rathva,1,0,,,,,,,,,
1383437,2023/24,2023-10-16,"Sawai Mansingh Stadium, Jaipur",2,9.6,Jammu & Kashmir,Baroda,Shubham Khajuria,Qamran Iqbal,NA Rathva,1,0,,,,,,,,,
1383437,2023/24,2023-10-16,"Sawai Mansingh Stadium, Jaipur",2,10.1,Jammu & Kashmir,Baroda,Shubham Khajuria,Qamran Iqbal,KH Pandya,0,0,,,,,,,,,
1383437,2023/24,2023-10-16,"Sawai Mansingh Stadium, Jaipur",2,10.2,Jammu & Kashmir,Baroda,Shubham Khajuria,Qamran Iqbal,KH Pandya,1,0,,,,,,,,,
1383437,2023/24,2023-10-16,"Sawai Mansingh Stadium, Jaipur",2,10.3,Jammu & Kashmir,Baroda,Qamran Iqbal,Shubham Khajuria,KH Pandya,1,0,,,,,,,,,
1383437,2023/24,2023-10-16,"Sawai Mansingh Stadium, Jaipur",2,10.4,Jammu & Kashmir,Baroda,Shubham Khajuria,Qamran Iqbal,KH Pandya,0,0,,,,,,,,,
1383437,2023/24,2023-10-16,"Sawai Mansingh Stadium, Jaipur",2,10.5,Jammu & Kashmir,Baroda,Shubham Khajuria,Qamran Iqbal,KH Pandya,0,0,,,,,,,,,
1383437,2023/24,2023-10-16,"Sawai Mansingh Stadium, Jaipur",2,10.6,Jammu & Kashmir,Baroda,Shubham Khajuria,Qamran Iqbal,KH Pandya,3,0,,,,,,,,,
1383437,2023/24,2023-10-16,"Sawai Mansingh Stadium, Jaipur",2,11.1,Jammu & Kashmir,Baroda,Shubham Khajuria,Qamran Iqbal,NA Rathva,1,0,,,,,,,,,
1383437,2023/24,2023-10-16,"Sawai Mansingh Stadium, Jaipur",2,11.2,Jammu & Kashmir,Baroda,Qamran Iqbal,Shubham Khajuria,NA Rathva,4,0,,,,,,,,,
1383437,2023/24,2023-10-16,"Sawai Mansingh Stadium, Jaipur",2,11.3,Jammu & Kashmir,Baroda,Qamran Iqbal,Shubham Khajuria,NA Rathva,1,0,,,,,,,,,
1383437,2023/24,2023-10-16,"Sawai Mansingh Stadium, Jaipur",2,11.4,Jammu & Kashmir,Baroda,Shubham Khajuria,Qamran Iqbal,NA Rathva,1,0,,,,,,,,,
1383437,2023/24,2023-10-16,"Sawai Mansingh Stadium, Jaipur",2,11.5,Jammu & Kashmir,Baroda,Qamran Iqbal,Shubham Khajuria,NA Rathva,1,0,,,,,,,,,
1383437,2023/24,2023-10-16,"Sawai Mansingh Stadium, Jaipur",2,11.6,Jammu & Kashmir,Baroda,Shubham Khajuria,Qamran Iqbal,NA Rathva,4,0,,,,,,,,,
1383437,2023/24,2023-10-16,"Sawai Mansingh Stadium, Jaipur",2,12.1,Jammu & Kashmir,Baroda,Qamran Iqbal,Shubham Khajuria,A Sheth,2,0,,,,,,,,,
1383437,2023/24,2023-10-16,"Sawai Mansingh Stadium, Jaipur",2,12.2,Jammu & Kashmir,Baroda,Qamran Iqbal,Shubham Khajuria,A Sheth,1,0,,,,,,,,,
1383437,2023/24,2023-10-16,"Sawai Mansingh Stadium, Jaipur",2,12.3,Jammu & Kashmir,Baroda,Shubham Khajuria,Qamran Iqbal,A Sheth,0,0,,,,,,,,,
1383437,2023/24,2023-10-16,"Sawai Mansingh Stadium, Jaipur",2,12.4,Jammu & Kashmir,Baroda,Shubham Khajuria,Qamran Iqbal,A Sheth,1,0,,,,,,,,,
1383437,2023/24,2023-10-16,"Sawai Mansingh Stadium, Jaipur",2,12.5,Jammu & Kashmir,Baroda,Qamran Iqbal,Shubham Khajuria,A Sheth,2,0,,,,,,,,,
1383437,2023/24,2023-10-16,"Sawai Mansingh Stadium, Jaipur",2,12.6,Jammu & Kashmir,Baroda,Qamran Iqbal,Shubham Khajuria,A Sheth,0,0,,,,,,,,,
1383437,2023/24,2023-10-16,"Sawai Mansingh Stadium, Jaipur",2,13.1,Jammu & Kashmir,Baroda,Shubham Khajuria,Qamran Iqbal,KH Pandya,0,1,1,,,,,,,,
1383437,2023/24,2023-10-16,"Sawai Mansingh Stadium, Jaipur",2,13.2,Jammu & Kashmir,Baroda,Shubham Khajuria,Qamran Iqbal,KH Pandya,0,0,,,,,,caught,Shubham Khajuria,,
1383437,2023/24,2023-10-16,"Sawai Mansingh Stadium, Jaipur",2,13.3,Jammu & Kashmir,Baroda,Abdul Samad,Qamran Iqbal,KH Pandya,1,0,,,,,,,,,
1383437,2023/24,2023-10-16,"Sawai Mansingh Stadium, Jaipur",2,13.4,Jammu & Kashmir,Baroda,Qamran Iqbal,Abdul Samad,KH Pandya,1,0,,,,,,,,,
1383437,2023/24,2023-10-16,"Sawai Mansingh Stadium, Jaipur",2,13.5,Jammu & Kashmir,Baroda,Abdul Samad,Qamran Iqbal,KH Pandya,0,0,,,,,,,,,
1383437,2023/24,2023-10-16,"Sawai Mansingh Stadium, Jaipur",2,13.6,Jammu & Kashmir,Baroda,Abdul Samad,Qamran Iqbal,KH Pandya,0,0,,,,,,,,,
1383437,2023/24,2023-10-16,"Sawai Mansingh Stadium, Jaipur",2,13.7,Jammu & Kashmir,Baroda,Abdul Samad,Qamran Iqbal,KH Pandya,0,0,,,,,,,,,
1383437,2023/24,2023-10-16,"Sawai Mansingh Stadium, Jaipur",2,14.1,Jammu & Kashmir,Baroda,Qamran Iqbal,Abdul Samad,AH Passi,0,0,,,,,,caught,Qamran Iqbal,,
1383437,2023/24,2023-10-16,"Sawai Mansingh Stadium, Jaipur",2,14.2,Jammu & Kashmir,Baroda,Lone Nasir Muzaffar,Abdul Samad,AH Passi,0,1,1,,,,,,,,
1383437,2023/24,2023-10-16,"Sawai Mansingh Stadium, Jaipur",2,14.3,Jammu & Kashmir,Baroda,Lone Nasir Muzaffar,Abdul Samad,AH Passi,1,0,,,,,,,,,
1383437,2023/24,2023-10-16,"Sawai Mansingh Stadium, Jaipur",2,14.4,Jammu & Kashmir,Baroda,Abdul Samad,Lone Nasir Muzaffar,AH Passi,1,0,,,,,,,,,
1383437,2023/24,2023-10-16,"Sawai Mansingh Stadium, Jaipur",2,14.5,Jammu & Kashmir,Baroda,Lone Nasir Muzaffar,Abdul Samad,AH Passi,1,0,,,,,,,,,
1383437,2023/24,2023-10-16,"Sawai Mansingh Stadium, Jaipur",2,14.6,Jammu & Kashmir,Baroda,Abdul Samad,Lone Nasir Muzaffar,AH Passi,0,1,1,,,,,,,,
1383437,2023/24,2023-10-16,"Sawai Mansingh Stadium, Jaipur",2,14.7,Jammu & Kashmir,Baroda,Abdul Samad,Lone Nasir Muzaffar,AH Passi,1,0,,,,,,,,,
1383437,2023/24,2023-10-16,"Sawai Mansingh Stadium, Jaipur",2,14.8,Jammu & Kashmir,Baroda,Lone Nasir Muzaffar,Abdul Samad,AH Passi,1,0,,,,,,,,,
1383437,2023/24,2023-10-16,"Sawai Mansingh Stadium, Jaipur",2,15.1,Jammu & Kashmir,Baroda,Lone Nasir Muzaffar,Abdul Samad,LI Meriwala,0,0,,,,,,caught,Lone Nasir Muzaffar,,
1383437,2023/24,2023-10-16,"Sawai Mansingh Stadium, Jaipur",2,15.2,Jammu & Kashmir,Baroda,Abid Mushtaq,Abdul Samad,LI Meriwala,0,0,,,,,,,,,
1383437,2023/24,2023-10-16,"Sawai Mansingh Stadium, Jaipur",2,15.3,Jammu & Kashmir,Baroda,Abid Mushtaq,Abdul Samad,LI Meriwala,1,0,,,,,,,,,
1383437,2023/24,2023-10-16,"Sawai Mansingh Stadium, Jaipur",2,15.4,Jammu & Kashmir,Baroda,Abdul Samad,Abid Mushtaq,LI Meriwala,1,0,,,,,,,,,
1383437,2023/24,2023-10-16,"Sawai Mansingh Stadium, Jaipur",2,15.5,Jammu & Kashmir,Baroda,Abid Mushtaq,Abdul Samad,LI Meriwala,0,0,,,,,,,,,
1383437,2023/24,2023-10-16,"Sawai Mansingh Stadium, Jaipur",2,15.6,Jammu & Kashmir,Baroda,Abid Mushtaq,Abdul Samad,LI Meriwala,0,0,,,,,,,,,
1383437,2023/24,2023-10-16,"Sawai Mansingh Stadium, Jaipur",2,16.1,Jammu & Kashmir,Baroda,Abdul Samad,Abid Mushtaq,AH Passi,6,0,,,,,,,,,
1383437,2023/24,2023-10-16,"Sawai Mansingh Stadium, Jaipur",2,16.2,Jammu & Kashmir,Baroda,Abdul Samad,Abid Mushtaq,AH Passi,1,0,,,,,,,,,
1383437,2023/24,2023-10-16,"Sawai Mansingh Stadium, Jaipur",2,16.3,Jammu & Kashmir,Baroda,Abid Mushtaq,Abdul Samad,AH Passi,1,0,,,,,,,,,
1383437,2023/24,2023-10-16,"Sawai Mansingh Stadium, Jaipur",2,16.4,Jammu & Kashmir,Baroda,Abdul Samad,Abid Mushtaq,AH Passi,0,0,,,,,,caught,Abdul Samad,,
1383437,2023/24,2023-10-16,"Sawai Mansingh Stadium, Jaipur",2,16.5,Jammu & Kashmir,Baroda,Yudhvir Singh,Abid Mushtaq,AH Passi,0,0,,,,,,caught,Yudhvir Singh,,
1383437,2023/24,2023-10-16,"Sawai Mansingh Stadium, Jaipur",2,16.6,Jammu & Kashmir,Baroda,Auqib Nabi,Abid Mushtaq,AH Passi,0,0,,,,,,,,,
1383437,2023/24,2023-10-16,"Sawai Mansingh Stadium, Jaipur",2,17.1,Jammu & Kashmir,Baroda,Abid Mushtaq,Auqib Nabi,LI Meriwala,1,0,,,,,,,,,
1383437,2023/24,2023-10-16,"Sawai Mansingh Stadium, Jaipur",2,17.2,Jammu & Kashmir,Baroda,Auqib Nabi,Abid Mushtaq,LI Meriwala,0,1,,,,1,,,,,
1383437,2023/24,2023-10-16,"Sawai Mansingh Stadium, Jaipur",2,17.3,Jammu & Kashmir,Baroda,Abid Mushtaq,Auqib Nabi,LI Meriwala,0,0,,,,,,bowled,Abid Mushtaq,,
1383437,2023/24,2023-10-16,"Sawai Mansingh Stadium, Jaipur",2,17.4,Jammu & Kashmir,Baroda,Fazil Rashid,Auqib Nabi,LI Meriwala,1,0,,,,,,,,,
1383437,2023/24,2023-10-16,"Sawai Mansingh Stadium, Jaipur",2,17.5,Jammu & Kashmir,Baroda,Auqib Nabi,Fazil Rashid,LI Meriwala,1,0,,,,,,,,,
1383437,2023/24,2023-10-16,"Sawai Mansingh Stadium, Jaipur",2,17.6,Jammu & Kashmir,Baroda,Fazil Rashid,Auqib Nabi,LI Meriwala,1,0,,,,,,,,,
1383437,2023/24,2023-10-16,"Sawai Mansingh Stadium, Jaipur",2,18.1,Jammu & Kashmir,Baroda,Fazil Rashid,Auqib Nabi,A Sheth,1,0,,,,,,,,,
1383437,2023/24,2023-10-16,"Sawai Mansingh Stadium, Jaipur",2,18.2,Jammu & Kashmir,Baroda,Auqib Nabi,Fazil Rashid,A Sheth,1,0,,,,,,,,,
1383437,2023/24,2023-10-16,"Sawai Mansingh Stadium, Jaipur",2,18.3,Jammu & Kashmir,Baroda,Fazil Rashid,Auqib Nabi,A Sheth,1,0,,,,,,,,,
1383437,2023/24,2023-10-16,"Sawai Mansingh Stadium, Jaipur",2,18.4,Jammu & Kashmir,Baroda,Auqib Nabi,Fazil Rashid,A Sheth,0,1,1,,,,,,,,
1383437,2023/24,2023-10-16,"Sawai Mansingh Stadium, Jaipur",2,18.5,Jammu & Kashmir,Baroda,Auqib Nabi,Fazil Rashid,A Sheth,1,0,,,,,,,,,
1383437,2023/24,2023-10-16,"Sawai Mansingh Stadium, Jaipur",2,18.6,Jammu & Kashmir,Baroda,Fazil Rashid,Auqib Nabi,A Sheth,2,0,,,,,,,,,
1383437,2023/24,2023-10-16,"Sawai Mansingh Stadium, Jaipur",2,18.7,Jammu & Kashmir,Baroda,Fazil Rashid,Auqib Nabi,A Sheth,0,0,,,,,,,,,
1383437,2023/24,2023-10-16,"Sawai Mansingh Stadium, Jaipur",2,19.1,Jammu & Kashmir,Baroda,Auqib Nabi,Fazil Rashid,AH Passi,0,0,,,,,,caught,Auqib Nabi,,
1383437,2023/24,2023-10-16,"Sawai Mansingh Stadium, Jaipur",2,19.2,Jammu & Kashmir,Baroda,Rasikh Salam,Fazil Rashid,AH Passi,0,1,1,,,,,,,,
1383437,2023/24,2023-10-16,"Sawai Mansingh Stadium, Jaipur",2,19.3,Jammu & Kashmir,Baroda,Rasikh Salam,Fazil Rashid,AH Passi,1,0,,,,,,,,,
1383437,2023/24,2023-10-16,"Sawai Mansingh Stadium, Jaipur",2,19.4,Jammu & Kashmir,Baroda,Fazil Rashid,Rasikh Salam,AH Passi,2,0,,,,,,,,,
1383437,2023/24,2023-10-16,"Sawai Mansingh Stadium, Jaipur",2,19.5,Jammu & Kashmir,Baroda,Fazil Rashid,Rasikh Salam,AH Passi,4,0,,,,,,,,,
1383437,2023/24,2023-10-16,"Sawai Mansingh Stadium, Jaipur",2,19.6,Jammu & Kashmir,Baroda,Fazil Rashid,Rasikh Salam,AH Passi,1,0,,,,,,,,,
1383437,2023/24,2023-10-16,"Sawai Mansingh Stadium, Jaipur",2,19.7,Jammu & Kashmir,Baroda,Rasikh Salam,Fazil Rashid,AH Passi,2,0,,,,,,,,,
