match_id,season,start_date,venue,innings,ball,batting_team,bowling_team,striker,non_striker,bowler,runs_off_bat,extras,wides,noballs,byes,legbyes,penalty,wicket_type,player_dismissed,other_wicket_type,other_player_dismissed
1383539,2023/24,2023-10-25,"Abhimanyu Cricket Academy, Dehradun",1,0.1,Uttar Pradesh,Karnataka,Abhishek Goswami,KS Sharma,M Prasidh Krishna,0,0,,,,,,,,,
1383539,2023/24,2023-10-25,"Abhimanyu Cricket Academy, Dehradun",1,0.2,Uttar Pradesh,Karnataka,Abhishek Goswami,KS Sharma,M Prasidh Krishna,0,0,,,,,,,,,
1383539,2023/24,2023-10-25,"Abhimanyu Cricket Academy, Dehradun",1,0.3,Uttar Pradesh,Karnataka,Abhishek Goswami,KS Sharma,M Prasidh Krishna,0,0,,,,,,,,,
1383539,2023/24,2023-10-25,"Abhimanyu Cricket Academy, Dehradun",1,0.4,Uttar Pradesh,Karnataka,Abhishek Goswami,KS Sharma,M Prasidh Krishna,2,0,,,,,,,,,
1383539,2023/24,2023-10-25,"Abhimanyu Cricket Academy, Dehradun",1,0.5,Uttar Pradesh,Karnataka,Abhishek Goswami,KS Sharma,M Prasidh Krishna,0,1,1,,,,,,,,
1383539,2023/24,2023-10-25,"Abhimanyu Cricket Academy, Dehradun",1,0.6,Uttar Pradesh,Karnataka,Abhishek Goswami,KS Sharma,M Prasidh Krishna,0,0,,,,,,,,,
1383539,2023/24,2023-10-25,"Abhimanyu Cricket Academy, Dehradun",1,0.7,Uttar Pradesh,Karnataka,Abhishek Goswami,KS Sharma,M Prasidh Krishna,1,0,,,,,,,,,
1383539,2023/24,2023-10-25,"Abhimanyu Cricket Academy, Dehradun",1,1.1,Uttar Pradesh,Karnataka,Abhishek Goswami,KS Sharma,V Kaverappa,0,0,,,,,,,,,
1383539,2023/24,2023-10-25,"Abhimanyu Cricket Academy, Dehradun",1,1.2,Uttar Pradesh,Karnataka,Abhishek Goswami,KS Sharma,V Kaverappa,0,0,,,,,,,,,
1383539,2023/24,2023-10-25,"Abhimanyu Cricket Academy, Dehradun",1,1.3,Uttar Pradesh,Karnataka,Abhishek Goswami,KS Sharma,V Kaverappa,0,0,,,,,,,,,
1383539,2023/24,2023-10-25,"Abhimanyu Cricket Academy, Dehradun",1,1.4,Uttar Pradesh,Karnataka,Abhishek Goswami,KS Sharma,V Kaverappa,1,0,,,,,,,,,
1383539,2023/24,2023-10-25,"Abhimanyu Cricket Academy, Dehradun",1,1.5,Uttar Pradesh,Karnataka,KS Sharma,Abhishek Goswami,V Kaverappa,0,0,,,,,,,,,
1383539,2023/24,2023-10-25,"Abhimanyu Cricket Academy, Dehradun",1,1.6,Uttar Pradesh,Karnataka,KS Sharma,Abhishek Goswami,V Kaverappa,0,0,,,,,,,,,
1383539,2023/24,2023-10-25,"Abhimanyu Cricket Academy, Dehradun",1,2.1,Uttar Pradesh,Karnataka,Abhishek Goswami,KS Sharma,M Prasidh Krishna,1,0,,,,,,,,,
1383539,2023/24,2023-10-25,"Abhimanyu Cricket Academy, Dehradun",1,2.2,Uttar Pradesh,Karnataka,KS Sharma,Abhishek Goswami,M Prasidh Krishna,0,0,,,,,,,,,
1383539,2023/24,2023-10-25,"Abhimanyu Cricket Academy, Dehradun",1,2.3,Uttar Pradesh,Karnataka,KS Sharma,Abhishek Goswami,M Prasidh Krishna,0,0,,,,,,caught,KS Sharma,,
1383539,2023/24,2023-10-25,"Abhimanyu Cricket Academy, Dehradun",1,2.4,Uttar Pradesh,Karnataka,N Rana,Abhishek Goswami,M Prasidh Krishna,0,0,,,,,,,,,
1383539,2023/24,2023-10-25,"Abhimanyu Cricket Academy, Dehradun",1,2.5,Uttar Pradesh,Karnataka,N Rana,Abhishek Goswami,M Prasidh Krishna,0,0,,,,,,,,,
1383539,2023/24,2023-10-25,"Abhimanyu Cricket Academy, Dehradun",1,2.6,Uttar Pradesh,Karnataka,N Rana,Abhishek Goswami,M Prasidh Krishna,0,0,,,,,,,,,
1383539,2023/24,2023-10-25,"Abhimanyu Cricket Academy, Dehradun",1,3.1,Uttar Pradesh,Karnataka,Abhishek Goswami,N Rana,V Kaverappa,0,0,,,,,,,,,
1383539,2023/24,2023-10-25,"Abhimanyu Cricket Academy, Dehradun",1,3.2,Uttar Pradesh,Karnataka,Abhishek Goswami,N Rana,V Kaverappa,1,0,,,,,,,,,
1383539,2023/24,2023-10-25,"Abhimanyu Cricket Academy, Dehradun",1,3.3,Uttar Pradesh,Karnataka,N Rana,Abhishek Goswami,V Kaverappa,0,0,,,,,,,,,
1383539,2023/24,2023-10-25,"Abhimanyu Cricket Academy, Dehradun",1,3.4,Uttar Pradesh,Karnataka,N Rana,Abhishek Goswami,V Kaverappa,1,0,,,,,,,,,
1383539,2023/24,2023-10-25,"Abhimanyu Cricket Academy, Dehradun",1,3.5,Uttar Pradesh,Karnataka,Abhishek Goswami,N Rana,V Kaverappa,0,0,,,,,,,,,
1383539,2023/24,2023-10-25,"Abhimanyu Cricket Academy, Dehradun",1,3.6,Uttar Pradesh,Karnataka,Abhishek Goswami,N Rana,V Kaverappa,0,0,,,,,,,,,
1383539,2023/24,2023-10-25,"Abhimanyu Cricket Academy, Dehradun",1,4.1,Uttar Pradesh,Karnataka,N Rana,Abhishek Goswami,Vijaykumar Vyshak,4,0,,,,,,,,,
1383539,2023/24,2023-10-25,"Abhimanyu Cricket Academy, Dehradun",1,4.2,Uttar Pradesh,Karnataka,N Rana,Abhishek Goswami,Vijaykumar Vyshak,0,0,,,,,,,,,
1383539,2023/24,2023-10-25,"Abhimanyu Cricket Academy, Dehradun",1,4.3,Uttar Pradesh,Karnataka,N Rana,Abhishek Goswami,Vijaykumar Vyshak,0,0,,,,,,,,,
1383539,2023/24,2023-10-25,"Abhimanyu Cricket Academy, Dehradun",1,4.4,Uttar Pradesh,Karnataka,N Rana,Abhishek Goswami,Vijaykumar Vyshak,0,0,,,,,,,,,
1383539,2023/24,2023-10-25,"Abhimanyu Cricket Academy, Dehradun",1,4.5,Uttar Pradesh,Karnataka,N Rana,Abhishek Goswami,Vijaykumar Vyshak,6,0,,,,,,,,,
1383539,2023/24,2023-10-25,"Abhimanyu Cricket Academy, Dehradun",1,4.6,Uttar Pradesh,Karnataka,N Rana,Abhishek Goswami,Vijaykumar Vyshak,4,0,,,,,,,,,
1383539,2023/24,2023-10-25,"Abhimanyu Cricket Academy, Dehradun",1,5.1,Uttar Pradesh,Karnataka,Abhishek Goswami,N Rana,V Kaverappa,0,0,,,,,,,,,
1383539,2023/24,2023-10-25,"Abhimanyu Cricket Academy, Dehradun",1,5.2,Uttar Pradesh,Karnataka,Abhishek Goswami,N Rana,V Kaverappa,1,0,,,,,,,,,
1383539,2023/24,2023-10-25,"Abhimanyu Cricket Academy, Dehradun",1,5.3,Uttar Pradesh,Karnataka,N Rana,Abhishek Goswami,V Kaverappa,0,0,,,,,,,,,
1383539,2023/24,2023-10-25,"Abhimanyu Cricket Academy, Dehradun",1,5.4,Uttar Pradesh,Karnataka,N Rana,Abhishek Goswami,V Kaverappa,0,0,,,,,,,,,
1383539,2023/24,2023-10-25,"Abhimanyu Cricket Academy, Dehradun",1,5.5,Uttar Pradesh,Karnataka,N Rana,Abhishek Goswami,V Kaverappa,0,0,,,,,,,,,
1383539,2023/24,2023-10-25,"Abhimanyu Cricket Academy, Dehradun",1,5.6,Uttar Pradesh,Karnataka,N Rana,Abhishek Goswami,V Kaverappa,0,0,,,,,,,,,
1383539,2023/24,2023-10-25,"Abhimanyu Cricket Academy, Dehradun",1,6.1,Uttar Pradesh,Karnataka,Abhishek Goswami,N Rana,Vijaykumar Vyshak,0,0,,,,,,,,,
1383539,2023/24,2023-10-25,"Abhimanyu Cricket Academy, Dehradun",1,6.2,Uttar Pradesh,Karnataka,Abhishek Goswami,N Rana,Vijaykumar Vyshak,6,0,,,,,,,,,
1383539,2023/24,2023-10-25,"Abhimanyu Cricket Academy, Dehradun",1,6.3,Uttar Pradesh,Karnataka,Abhishek Goswami,N Rana,Vijaykumar Vyshak,1,0,,,,,,,,,
1383539,2023/24,2023-10-25,"Abhimanyu Cricket Academy, Dehradun",1,6.4,Uttar Pradesh,Karnataka,N Rana,Abhishek Goswami,Vijaykumar Vyshak,4,0,,,,,,,,,
1383539,2023/24,2023-10-25,"Abhimanyu Cricket Academy, Dehradun",1,6.5,Uttar Pradesh,Karnataka,N Rana,Abhishek Goswami,Vijaykumar Vyshak,0,0,,,,,,,,,
1383539,2023/24,2023-10-25,"Abhimanyu Cricket Academy, Dehradun",1,6.6,Uttar Pradesh,Karnataka,N Rana,Abhishek Goswami,Vijaykumar Vyshak,1,0,,,,,,,,,
1383539,2023/24,2023-10-25,"Abhimanyu Cricket Academy, Dehradun",1,7.1,Uttar Pradesh,Karnataka,N Rana,Abhishek Goswami,S Hegde,1,0,,,,,,,,,
1383539,2023/24,2023-10-25,"Abhimanyu Cricket Academy, Dehradun",1,7.2,Uttar Pradesh,Karnataka,Abhishek Goswami,N Rana,S Hegde,1,0,,,,,,,,,
1383539,2023/24,2023-10-25,"Abhimanyu Cricket Academy, Dehradun",1,7.3,Uttar Pradesh,Karnataka,N Rana,Abhishek Goswami,S Hegde,6,0,,,,,,,,,
1383539,2023/24,2023-10-25,"Abhimanyu Cricket Academy, Dehradun",1,7.4,Uttar Pradesh,Karnataka,N Rana,Abhishek Goswami,S Hegde,1,0,,,,,,,,,
1383539,2023/24,2023-10-25,"Abhimanyu Cricket Academy, Dehradun",1,7.5,Uttar Pradesh,Karnataka,Abhishek Goswami,N Rana,S Hegde,4,0,,,,,,,,,
1383539,2023/24,2023-10-25,"Abhimanyu Cricket Academy, Dehradun",1,7.6,Uttar Pradesh,Karnataka,Abhishek Goswami,N Rana,S Hegde,1,0,,,,,,,,,
1383539,2023/24,2023-10-25,"Abhimanyu Cricket Academy, Dehradun",1,8.1,Uttar Pradesh,Karnataka,Abhishek Goswami,N Rana,MS Bhandage,4,0,,,,,,,,,
1383539,2023/24,2023-10-25,"Abhimanyu Cricket Academy, Dehradun",1,8.2,Uttar Pradesh,Karnataka,Abhishek Goswami,N Rana,MS Bhandage,1,0,,,,,,,,,
1383539,2023/24,2023-10-25,"Abhimanyu Cricket Academy, Dehradun",1,8.3,Uttar Pradesh,Karnataka,N Rana,Abhishek Goswami,MS Bhandage,1,0,,,,,,,,,
1383539,2023/24,2023-10-25,"Abhimanyu Cricket Academy, Dehradun",1,8.4,Uttar Pradesh,Karnataka,Abhishek Goswami,N Rana,MS Bhandage,1,0,,,,,,,,,
1383539,2023/24,2023-10-25,"Abhimanyu Cricket Academy, Dehradun",1,8.5,Uttar Pradesh,Karnataka,N Rana,Abhishek Goswami,MS Bhandage,0,0,,,,,,,,,
1383539,2023/24,2023-10-25,"Abhimanyu Cricket Academy, Dehradun",1,8.6,Uttar Pradesh,Karnataka,N Rana,Abhishek Goswami,MS Bhandage,4,0,,,,,,,,,
1383539,2023/24,2023-10-25,"Abhimanyu Cricket Academy, Dehradun",1,9.1,Uttar Pradesh,Karnataka,Abhishek Goswami,N Rana,K Gowtham,0,0,,,,,,,,,
1383539,2023/24,2023-10-25,"Abhimanyu Cricket Academy, Dehradun",1,9.2,Uttar Pradesh,Karnataka,Abhishek Goswami,N Rana,K Gowtham,4,0,,,,,,,,,
1383539,2023/24,2023-10-25,"Abhimanyu Cricket Academy, Dehradun",1,9.3,Uttar Pradesh,Karnataka,Abhishek Goswami,N Rana,K Gowtham,2,0,,,,,,,,,
1383539,2023/24,2023-10-25,"Abhimanyu Cricket Academy, Dehradun",1,9.4,Uttar Pradesh,Karnataka,Abhishek Goswami,N Rana,K Gowtham,1,0,,,,,,,,,
1383539,2023/24,2023-10-25,"Abhimanyu Cricket Academy, Dehradun",1,9.5,Uttar Pradesh,Karnataka,N Rana,Abhishek Goswami,K Gowtham,1,0,,,,,,,,,
1383539,2023/24,2023-10-25,"Abhimanyu Cricket Academy, Dehradun",1,9.6,Uttar Pradesh,Karnataka,Abhishek Goswami,N Rana,K Gowtham,0,0,,,,,,,,,
1383539,2023/24,2023-10-25,"Abhimanyu Cricket Academy, Dehradun",1,10.1,Uttar Pradesh,Karnataka,N Rana,Abhishek Goswami,MS Bhandage,4,0,,,,,,,,,
1383539,2023/24,2023-10-25,"Abhimanyu Cricket Academy, Dehradun",1,10.2,Uttar Pradesh,Karnataka,N Rana,Abhishek Goswami,MS Bhandage,1,0,,,,,,,,,
1383539,2023/24,2023-10-25,"Abhimanyu Cricket Academy, Dehradun",1,10.3,Uttar Pradesh,Karnataka,Abhishek Goswami,N Rana,MS Bhandage,6,0,,,,,,,,,
1383539,2023/24,2023-10-25,"Abhimanyu Cricket Academy, Dehradun",1,10.4,Uttar Pradesh,Karnataka,Abhishek Goswami,N Rana,MS Bhandage,0,0,,,,,,,,,
1383539,2023/24,2023-10-25,"Abhimanyu Cricket Academy, Dehradun",1,10.5,Uttar Pradesh,Karnataka,Abhishek Goswami,N Rana,MS Bhandage,0,0,,,,,,,,,
1383539,2023/24,2023-10-25,"Abhimanyu Cricket Academy, Dehradun",1,10.6,Uttar Pradesh,Karnataka,Abhishek Goswami,N Rana,MS Bhandage,6,0,,,,,,,,,
1383539,2023/24,2023-10-25,"Abhimanyu Cricket Academy, Dehradun",1,11.1,Uttar Pradesh,Karnataka,N Rana,Abhishek Goswami,K Gowtham,1,0,,,,,,,,,
1383539,2023/24,2023-10-25,"Abhimanyu Cricket Academy, Dehradun",1,11.2,Uttar Pradesh,Karnataka,Abhishek Goswami,N Rana,K Gowtham,1,0,,,,,,,,,
1383539,2023/24,2023-10-25,"Abhimanyu Cricket Academy, Dehradun",1,11.3,Uttar Pradesh,Karnataka,N Rana,Abhishek Goswami,K Gowtham,0,0,,,,,,caught,N Rana,,
1383539,2023/24,2023-10-25,"Abhimanyu Cricket Academy, Dehradun",1,11.4,Uttar Pradesh,Karnataka,Sameer Rizvi,Abhishek Goswami,K Gowtham,0,0,,,,,,,,,
1383539,2023/24,2023-10-25,"Abhimanyu Cricket Academy, Dehradun",1,11.5,Uttar Pradesh,Karnataka,Sameer Rizvi,Abhishek Goswami,K Gowtham,0,0,,,,,,,,,
1383539,2023/24,2023-10-25,"Abhimanyu Cricket Academy, Dehradun",1,11.6,Uttar Pradesh,Karnataka,Sameer Rizvi,Abhishek Goswami,K Gowtham,0,0,,,,,,,,,
1383539,2023/24,2023-10-25,"Abhimanyu Cricket Academy, Dehradun",1,12.1,Uttar Pradesh,Karnataka,Abhishek Goswami,Sameer Rizvi,S Hegde,1,0,,,,,,,,,
1383539,2023/24,2023-10-25,"Abhimanyu Cricket Academy, Dehradun",1,12.2,Uttar Pradesh,Karnataka,Sameer Rizvi,Abhishek Goswami,S Hegde,0,0,,,,,,,,,
1383539,2023/24,2023-10-25,"Abhimanyu Cricket Academy, Dehradun",1,12.3,Uttar Pradesh,Karnataka,Sameer Rizvi,Abhishek Goswami,S Hegde,6,0,,,,,,,,,
1383539,2023/24,2023-10-25,"Abhimanyu Cricket Academy, Dehradun",1,12.4,Uttar Pradesh,Karnataka,Sameer Rizvi,Abhishek Goswami,S Hegde,6,0,,,,,,,,,
1383539,2023/24,2023-10-25,"Abhimanyu Cricket Academy, Dehradun",1,12.5,Uttar Pradesh,Karnataka,Sameer Rizvi,Abhishek Goswami,S Hegde,1,0,,,,,,,,,
1383539,2023/24,2023-10-25,"Abhimanyu Cricket Academy, Dehradun",1,12.6,Uttar Pradesh,Karnataka,Abhishek Goswami,Sameer Rizvi,S Hegde,4,0,,,,,,,,,
1383539,2023/24,2023-10-25,"Abhimanyu Cricket Academy, Dehradun",1,13.1,Uttar Pradesh,Karnataka,Sameer Rizvi,Abhishek Goswami,K Gowtham,0,1,1,,,,,,,,
1383539,2023/24,2023-10-25,"Abhimanyu Cricket Academy, Dehradun",1,13.2,Uttar Pradesh,Karnataka,Sameer Rizvi,Abhishek Goswami,K Gowtham,1,0,,,,,,,,,
1383539,2023/24,2023-10-25,"Abhimanyu Cricket Academy, Dehradun",1,13.3,Uttar Pradesh,Karnataka,Abhishek Goswami,Sameer Rizvi,K Gowtham,4,0,,,,,,,,,
1383539,2023/24,2023-10-25,"Abhimanyu Cricket Academy, Dehradun",1,13.4,Uttar Pradesh,Karnataka,Abhishek Goswami,Sameer Rizvi,K Gowtham,4,0,,,,,,,,,
1383539,2023/24,2023-10-25,"Abhimanyu Cricket Academy, Dehradun",1,13.5,Uttar Pradesh,Karnataka,Abhishek Goswami,Sameer Rizvi,K Gowtham,4,0,,,,,,,,,
1383539,2023/24,2023-10-25,"Abhimanyu Cricket Academy, Dehradun",1,13.6,Uttar Pradesh,Karnataka,Abhishek Goswami,Sameer Rizvi,K Gowtham,0,0,,,,,,,,,
1383539,2023/24,2023-10-25,"Abhimanyu Cricket Academy, Dehradun",1,13.7,Uttar Pradesh,Karnataka,Abhishek Goswami,Sameer Rizvi,K Gowtham,6,0,,,,,,,,,
1383539,2023/24,2023-10-25,"Abhimanyu Cricket Academy, Dehradun",1,14.1,Uttar Pradesh,Karnataka,Sameer Rizvi,Abhishek Goswami,Vijaykumar Vyshak,0,0,,,,,,,,,
1383539,2023/24,2023-10-25,"Abhimanyu Cricket Academy, Dehradun",1,14.2,Uttar Pradesh,Karnataka,Sameer Rizvi,Abhishek Goswami,Vijaykumar Vyshak,0,0,,,,,,bowled,Sameer Rizvi,,
1383539,2023/24,2023-10-25,"Abhimanyu Cricket Academy, Dehradun",1,14.3,Uttar Pradesh,Karnataka,RK Singh,Abhishek Goswami,Vijaykumar Vyshak,0,0,,,,,,,,,
1383539,2023/24,2023-10-25,"Abhimanyu Cricket Academy, Dehradun",1,14.4,Uttar Pradesh,Karnataka,RK Singh,Abhishek Goswami,Vijaykumar Vyshak,4,0,,,,,,,,,
1383539,2023/24,2023-10-25,"Abhimanyu Cricket Academy, Dehradun",1,14.5,Uttar Pradesh,Karnataka,RK Singh,Abhishek Goswami,Vijaykumar Vyshak,4,0,,,,,,,,,
1383539,2023/24,2023-10-25,"Abhimanyu Cricket Academy, Dehradun",1,14.6,Uttar Pradesh,Karnataka,RK Singh,Abhishek Goswami,Vijaykumar Vyshak,4,0,,,,,,,,,
1383539,2023/24,2023-10-25,"Abhimanyu Cricket Academy, Dehradun",1,15.1,Uttar Pradesh,Karnataka,Abhishek Goswami,RK Singh,V Kaverappa,0,0,,,,,,,,,
1383539,2023/24,2023-10-25,"Abhimanyu Cricket Academy, Dehradun",1,15.2,Uttar Pradesh,Karnataka,Abhishek Goswami,RK Singh,V Kaverappa,6,0,,,,,,,,,
1383539,2023/24,2023-10-25,"Abhimanyu Cricket Academy, Dehradun",1,15.3,Uttar Pradesh,Karnataka,Abhishek Goswami,RK Singh,V Kaverappa,0,1,1,,,,,,,,
1383539,2023/24,2023-10-25,"Abhimanyu Cricket Academy, Dehradun",1,15.4,Uttar Pradesh,Karnataka,Abhishek Goswami,RK Singh,V Kaverappa,0,0,,,,,,,,,
1383539,2023/24,2023-10-25,"Abhimanyu Cricket Academy, Dehradun",1,15.5,Uttar Pradesh,Karnataka,Abhishek Goswami,RK Singh,V Kaverappa,1,0,,,,,,,,,
1383539,2023/24,2023-10-25,"Abhimanyu Cricket Academy, Dehradun",1,15.6,Uttar Pradesh,Karnataka,RK Singh,Abhishek Goswami,V Kaverappa,2,0,,,,,,,,,
1383539,2023/24,2023-10-25,"Abhimanyu Cricket Academy, Dehradun",1,15.7,Uttar Pradesh,Karnataka,RK Singh,Abhishek Goswami,V Kaverappa,1,0,,,,,,,,,
1383539,2023/24,2023-10-25,"Abhimanyu Cricket Academy, Dehradun",1,16.1,Uttar Pradesh,Karnataka,RK Singh,Abhishek Goswami,K Gowtham,1,0,,,,,,,,,
1383539,2023/24,2023-10-25,"Abhimanyu Cricket Academy, Dehradun",1,16.2,Uttar Pradesh,Karnataka,Abhishek Goswami,RK Singh,K Gowtham,0,1,1,,,,,,,,
1383539,2023/24,2023-10-25,"Abhimanyu Cricket Academy, Dehradun",1,16.3,Uttar Pradesh,Karnataka,Abhishek Goswami,RK Singh,K Gowtham,1,0,,,,,,,,,
1383539,2023/24,2023-10-25,"Abhimanyu Cricket Academy, Dehradun",1,16.4,Uttar Pradesh,Karnataka,RK Singh,Abhishek Goswami,K Gowtham,1,0,,,,,,,,,
1383539,2023/24,2023-10-25,"Abhimanyu Cricket Academy, Dehradun",1,16.5,Uttar Pradesh,Karnataka,Abhishek Goswami,RK Singh,K Gowtham,0,0,,,,,,,,,
1383539,2023/24,2023-10-25,"Abhimanyu Cricket Academy, Dehradun",1,16.6,Uttar Pradesh,Karnataka,Abhishek Goswami,RK Singh,K Gowtham,0,0,,,,,,lbw,Abhishek Goswami,,
1383539,2023/24,2023-10-25,"Abhimanyu Cricket Academy, Dehradun",1,16.7,Uttar Pradesh,Karnataka,Dhruv Jurel,RK Singh,K Gowtham,1,0,,,,,,,,,
1383539,2023/24,2023-10-25,"Abhimanyu Cricket Academy, Dehradun",1,17.1,Uttar Pradesh,Karnataka,Dhruv Jurel,RK Singh,M Prasidh Krishna,0,0,,,,,,,,,
1383539,2023/24,2023-10-25,"Abhimanyu Cricket Academy, Dehradun",1,17.2,Uttar Pradesh,Karnataka,Dhruv Jurel,RK Singh,M Prasidh Krishna,1,0,,,,,,,,,
1383539,2023/24,2023-10-25,"Abhimanyu Cricket Academy, Dehradun",1,17.3,Uttar Pradesh,Karnataka,RK Singh,Dhruv Jurel,M Prasidh Krishna,4,0,,,,,,,,,
1383539,2023/24,2023-10-25,"Abhimanyu Cricket Academy, Dehradun",1,17.4,Uttar Pradesh,Karnataka,RK Singh,Dhruv Jurel,M Prasidh Krishna,0,1,,,,1,,,,,
1383539,2023/24,2023-10-25,"Abhimanyu Cricket Academy, Dehradun",1,17.5,Uttar Pradesh,Karnataka,Dhruv Jurel,RK Singh,M Prasidh Krishna,1,0,,,,,,,,,
1383539,2023/24,2023-10-25,"Abhimanyu Cricket Academy, Dehradun",1,17.6,Uttar Pradesh,Karnataka,RK Singh,Dhruv Jurel,M Prasidh Krishna,1,0,,,,,,,,,
1383539,2023/24,2023-10-25,"Abhimanyu Cricket Academy, Dehradun",1,18.1,Uttar Pradesh,Karnataka,RK Singh,Dhruv Jurel,Vijaykumar Vyshak,0,0,,,,,,,,,
1383539,2023/24,2023-10-25,"Abhimanyu Cricket Academy, Dehradun",1,18.2,Uttar Pradesh,Karnataka,RK Singh,Dhruv Jurel,Vijaykumar Vyshak,0,2,2,,,,,,,,
1383539,2023/24,2023-10-25,"Abhimanyu Cricket Academy, Dehradun",1,18.3,Uttar Pradesh,Karnataka,Dhruv Jurel,RK Singh,Vijaykumar Vyshak,0,0,,,,,,,,,
1383539,2023/24,2023-10-25,"Abhimanyu Cricket Academy, Dehradun",1,18.4,Uttar Pradesh,Karnataka,Dhruv Jurel,RK Singh,Vijaykumar Vyshak,6,0,,,,,,,,,
1383539,2023/24,2023-10-25,"Abhimanyu Cricket Academy, Dehradun",1,18.5,Uttar Pradesh,Karnataka,Dhruv Jurel,RK Singh,Vijaykumar Vyshak,1,0,,,,,,,,,
1383539,2023/24,2023-10-25,"Abhimanyu Cricket Academy, Dehradun",1,18.6,Uttar Pradesh,Karnataka,RK Singh,Dhruv Jurel,Vijaykumar Vyshak,0,1,1,,,,,,,,
1383539,2023/24,2023-10-25,"Abhimanyu Cricket Academy, Dehradun",1,18.7,Uttar Pradesh,Karnataka,RK Singh,Dhruv Jurel,Vijaykumar Vyshak,6,0,,,,,,,,,
1383539,2023/24,2023-10-25,"Abhimanyu Cricket Academy, Dehradun",1,18.8,Uttar Pradesh,Karnataka,RK Singh,Dhruv Jurel,Vijaykumar Vyshak,0,1,1,,,,,,,,
1383539,2023/24,2023-10-25,"Abhimanyu Cricket Academy, Dehradun",1,18.9,Uttar Pradesh,Karnataka,RK Singh,Dhruv Jurel,Vijaykumar Vyshak,0,0,,,,,,,,,
1383539,2023/24,2023-10-25,"Abhimanyu Cricket Academy, Dehradun",1,19.1,Uttar Pradesh,Karnataka,Dhruv Jurel,RK Singh,M Prasidh Krishna,6,0,,,,,,,,,
1383539,2023/24,2023-10-25,"Abhimanyu Cricket Academy, Dehradun",1,19.2,Uttar Pradesh,Karnataka,Dhruv Jurel,RK Singh,M Prasidh Krishna,2,0,,,,,,,,,
1383539,2023/24,2023-10-25,"Abhimanyu Cricket Academy, Dehradun",1,19.3,Uttar Pradesh,Karnataka,Dhruv Jurel,RK Singh,M Prasidh Krishna,1,0,,,,,,,,,
1383539,2023/24,2023-10-25,"Abhimanyu Cricket Academy, Dehradun",1,19.4,Uttar Pradesh,Karnataka,RK Singh,Dhruv Jurel,M Prasidh Krishna,2,0,,,,,,,,,
1383539,2023/24,2023-10-25,"Abhimanyu Cricket Academy, Dehradun",1,19.5,Uttar Pradesh,Karnataka,RK Singh,Dhruv Jurel,M Prasidh Krishna,1,0,,,,,,,,,
1383539,2023/24,2023-10-25,"Abhimanyu Cricket Academy, Dehradun",1,19.6,Uttar Pradesh,Karnataka,Dhruv Jurel,RK Singh,M Prasidh Krishna,6,0,,,,,,,,,
1383539,2023/24,2023-10-25,"Abhimanyu Cricket Academy, Dehradun",2,0.1,Karnataka,Uttar Pradesh,D Padikkal,MA Agarwal,B Kumar,1,0,,,,,,,,,
1383539,2023/24,2023-10-25,"Abhimanyu Cricket Academy, Dehradun",2,0.2,Karnataka,Uttar Pradesh,MA Agarwal,D Padikkal,B Kumar,4,0,,,,,,,,,
1383539,2023/24,2023-10-25,"Abhimanyu Cricket Academy, Dehradun",2,0.3,Karnataka,Uttar Pradesh,MA Agarwal,D Padikkal,B Kumar,0,0,,,,,,,,,
1383539,2023/24,2023-10-25,"Abhimanyu Cricket Academy, Dehradun",2,0.4,Karnataka,Uttar Pradesh,MA Agarwal,D Padikkal,B Kumar,4,0,,,,,,,,,
1383539,2023/24,2023-10-25,"Abhimanyu Cricket Academy, Dehradun",2,0.5,Karnataka,Uttar Pradesh,MA Agarwal,D Padikkal,B Kumar,0,0,,,,,,,,,
1383539,2023/24,2023-10-25,"Abhimanyu Cricket Academy, Dehradun",2,0.6,Karnataka,Uttar Pradesh,MA Agarwal,D Padikkal,B Kumar,0,0,,,,,,,,,
1383539,2023/24,2023-10-25,"Abhimanyu Cricket Academy, Dehradun",2,1.1,Karnataka,Uttar Pradesh,D Padikkal,MA Agarwal,Yash Dayal,0,0,,,,,,bowled,D Padikkal,,
1383539,2023/24,2023-10-25,"Abhimanyu Cricket Academy, Dehradun",2,1.2,Karnataka,Uttar Pradesh,K L Shrijith,MA Agarwal,Yash Dayal,0,0,,,,,,,,,
1383539,2023/24,2023-10-25,"Abhimanyu Cricket Academy, Dehradun",2,1.3,Karnataka,Uttar Pradesh,K L Shrijith,MA Agarwal,Yash Dayal,4,0,,,,,,,,,
1383539,2023/24,2023-10-25,"Abhimanyu Cricket Academy, Dehradun",2,1.4,Karnataka,Uttar Pradesh,K L Shrijith,MA Agarwal,Yash Dayal,1,0,,,,,,,,,
1383539,2023/24,2023-10-25,"Abhimanyu Cricket Academy, Dehradun",2,1.5,Karnataka,Uttar Pradesh,MA Agarwal,K L Shrijith,Yash Dayal,0,0,,,,,,,,,
1383539,2023/24,2023-10-25,"Abhimanyu Cricket Academy, Dehradun",2,1.6,Karnataka,Uttar Pradesh,MA Agarwal,K L Shrijith,Yash Dayal,0,0,,,,,,,,,
1383539,2023/24,2023-10-25,"Abhimanyu Cricket Academy, Dehradun",2,2.1,Karnataka,Uttar Pradesh,K L Shrijith,MA Agarwal,Mohsin Khan (2),1,0,,,,,,,,,
1383539,2023/24,2023-10-25,"Abhimanyu Cricket Academy, Dehradun",2,2.2,Karnataka,Uttar Pradesh,MA Agarwal,K L Shrijith,Mohsin Khan (2),4,0,,,,,,,,,
1383539,2023/24,2023-10-25,"Abhimanyu Cricket Academy, Dehradun",2,2.3,Karnataka,Uttar Pradesh,MA Agarwal,K L Shrijith,Mohsin Khan (2),1,0,,,,,,,,,
1383539,2023/24,2023-10-25,"Abhimanyu Cricket Academy, Dehradun",2,2.4,Karnataka,Uttar Pradesh,K L Shrijith,MA Agarwal,Mohsin Khan (2),0,0,,,,,,,,,
1383539,2023/24,2023-10-25,"Abhimanyu Cricket Academy, Dehradun",2,2.5,Karnataka,Uttar Pradesh,K L Shrijith,MA Agarwal,Mohsin Khan (2),0,0,,,,,,,,,
1383539,2023/24,2023-10-25,"Abhimanyu Cricket Academy, Dehradun",2,2.6,Karnataka,Uttar Pradesh,K L Shrijith,MA Agarwal,Mohsin Khan (2),1,0,,,,,,,,,
1383539,2023/24,2023-10-25,"Abhimanyu Cricket Academy, Dehradun",2,3.1,Karnataka,Uttar Pradesh,K L Shrijith,MA Agarwal,Yash Dayal,1,0,,,,,,,,,
1383539,2023/24,2023-10-25,"Abhimanyu Cricket Academy, Dehradun",2,3.2,Karnataka,Uttar Pradesh,MA Agarwal,K L Shrijith,Yash Dayal,4,0,,,,,,,,,
1383539,2023/24,2023-10-25,"Abhimanyu Cricket Academy, Dehradun",2,3.3,Karnataka,Uttar Pradesh,MA Agarwal,K L Shrijith,Yash Dayal,1,0,,,,,,,,,
1383539,2023/24,2023-10-25,"Abhimanyu Cricket Academy, Dehradun",2,3.4,Karnataka,Uttar Pradesh,K L Shrijith,MA Agarwal,Yash Dayal,0,0,,,,,,caught,K L Shrijith,,
1383539,2023/24,2023-10-25,"Abhimanyu Cricket Academy, Dehradun",2,3.5,Karnataka,Uttar Pradesh,MK Pandey,MA Agarwal,Yash Dayal,6,0,,,,,,,,,
1383539,2023/24,2023-10-25,"Abhimanyu Cricket Academy, Dehradun",2,3.6,Karnataka,Uttar Pradesh,MK Pandey,MA Agarwal,Yash Dayal,0,0,,,,,,,,,
1383539,2023/24,2023-10-25,"Abhimanyu Cricket Academy, Dehradun",2,4.1,Karnataka,Uttar Pradesh,MA Agarwal,MK Pandey,Mohsin Khan (2),0,0,,,,,,,,,
1383539,2023/24,2023-10-25,"Abhimanyu Cricket Academy, Dehradun",2,4.2,Karnataka,Uttar Pradesh,MA Agarwal,MK Pandey,Mohsin Khan (2),1,0,,,,,,,,,
1383539,2023/24,2023-10-25,"Abhimanyu Cricket Academy, Dehradun",2,4.3,Karnataka,Uttar Pradesh,MK Pandey,MA Agarwal,Mohsin Khan (2),1,0,,,,,,,,,
1383539,2023/24,2023-10-25,"Abhimanyu Cricket Academy, Dehradun",2,4.4,Karnataka,Uttar Pradesh,MA Agarwal,MK Pandey,Mohsin Khan (2),4,0,,,,,,,,,
1383539,2023/24,2023-10-25,"Abhimanyu Cricket Academy, Dehradun",2,4.5,Karnataka,Uttar Pradesh,MA Agarwal,MK Pandey,Mohsin Khan (2),4,0,,,,,,,,,
1383539,2023/24,2023-10-25,"Abhimanyu Cricket Academy, Dehradun",2,4.6,Karnataka,Uttar Pradesh,MA Agarwal,MK Pandey,Mohsin Khan (2),6,0,,,,,,,,,
1383539,2023/24,2023-10-25,"Abhimanyu Cricket Academy, Dehradun",2,5.1,Karnataka,Uttar Pradesh,MK Pandey,MA Agarwal,B Kumar,1,0,,,,,,,,,
1383539,2023/24,2023-10-25,"Abhimanyu Cricket Academy, Dehradun",2,5.2,Karnataka,Uttar Pradesh,MA Agarwal,MK Pandey,B Kumar,1,0,,,,,,,,,
1383539,2023/24,2023-10-25,"Abhimanyu Cricket Academy, Dehradun",2,5.3,Karnataka,Uttar Pradesh,MK Pandey,MA Agarwal,B Kumar,0,0,,,,,,,,,
1383539,2023/24,2023-10-25,"Abhimanyu Cricket Academy, Dehradun",2,5.4,Karnataka,Uttar Pradesh,MK Pandey,MA Agarwal,B Kumar,1,0,,,,,,,,,
1383539,2023/24,2023-10-25,"Abhimanyu Cricket Academy, Dehradun",2,5.5,Karnataka,Uttar Pradesh,MA Agarwal,MK Pandey,B Kumar,1,0,,,,,,,,,
1383539,2023/24,2023-10-25,"Abhimanyu Cricket Academy, Dehradun",2,5.6,Karnataka,Uttar Pradesh,MK Pandey,MA Agarwal,B Kumar,1,0,,,,,,,,,
1383539,2023/24,2023-10-25,"Abhimanyu Cricket Academy, Dehradun",2,6.1,Karnataka,Uttar Pradesh,MK Pandey,MA Agarwal,Shiva Singh,1,0,,,,,,,,,
1383539,2023/24,2023-10-25,"Abhimanyu Cricket Academy, Dehradun",2,6.2,Karnataka,Uttar Pradesh,MA Agarwal,MK Pandey,Shiva Singh,4,0,,,,,,,,,
1383539,2023/24,2023-10-25,"Abhimanyu Cricket Academy, Dehradun",2,6.3,Karnataka,Uttar Pradesh,MA Agarwal,MK Pandey,Shiva Singh,1,0,,,,,,,,,
1383539,2023/24,2023-10-25,"Abhimanyu Cricket Academy, Dehradun",2,6.4,Karnataka,Uttar Pradesh,MK Pandey,MA Agarwal,Shiva Singh,0,0,,,,,,bowled,MK Pandey,,
1383539,2023/24,2023-10-25,"Abhimanyu Cricket Academy, Dehradun",2,6.5,Karnataka,Uttar Pradesh,BR Sharath,MA Agarwal,Shiva Singh,0,0,,,,,,,,,
1383539,2023/24,2023-10-25,"Abhimanyu Cricket Academy, Dehradun",2,6.6,Karnataka,Uttar Pradesh,BR Sharath,MA Agarwal,Shiva Singh,1,0,,,,,,,,,
1383539,2023/24,2023-10-25,"Abhimanyu Cricket Academy, Dehradun",2,7.1,Karnataka,Uttar Pradesh,BR Sharath,MA Agarwal,Kartik Tyagi,0,2,2,,,,,,,,
1383539,2023/24,2023-10-25,"Abhimanyu Cricket Academy, Dehradun",2,7.2,Karnataka,Uttar Pradesh,MA Agarwal,BR Sharath,Kartik Tyagi,1,0,,,,,,,,,
1383539,2023/24,2023-10-25,"Abhimanyu Cricket Academy, Dehradun",2,7.3,Karnataka,Uttar Pradesh,BR Sharath,MA Agarwal,Kartik Tyagi,4,0,,,,,,,,,
1383539,2023/24,2023-10-25,"Abhimanyu Cricket Academy, Dehradun",2,7.4,Karnataka,Uttar Pradesh,BR Sharath,MA Agarwal,Kartik Tyagi,0,1,1,,,,,,,,
1383539,2023/24,2023-10-25,"Abhimanyu Cricket Academy, Dehradun",2,7.5,Karnataka,Uttar Pradesh,BR Sharath,MA Agarwal,Kartik Tyagi,1,0,,,,,,,,,
1383539,2023/24,2023-10-25,"Abhimanyu Cricket Academy, Dehradun",2,7.6,Karnataka,Uttar Pradesh,MA Agarwal,BR Sharath,Kartik Tyagi,0,0,,,,,,,,,
1383539,2023/24,2023-10-25,"Abhimanyu Cricket Academy, Dehradun",2,7.7,Karnataka,Uttar Pradesh,MA Agarwal,BR Sharath,Kartik Tyagi,1,0,,,,,,,,,
1383539,2023/24,2023-10-25,"Abhimanyu Cricket Academy, Dehradun",2,7.8,Karnataka,Uttar Pradesh,BR Sharath,MA Agarwal,Kartik Tyagi,0,0,,,,,,,,,
1383539,2023/24,2023-10-25,"Abhimanyu Cricket Academy, Dehradun",2,8.1,Karnataka,Uttar Pradesh,MA Agarwal,BR Sharath,Shiva Singh,1,0,,,,,,,,,
1383539,2023/24,2023-10-25,"Abhimanyu Cricket Academy, Dehradun",2,8.2,Karnataka,Uttar Pradesh,BR Sharath,MA Agarwal,Shiva Singh,1,0,,,,,,,,,
1383539,2023/24,2023-10-25,"Abhimanyu Cricket Academy, Dehradun",2,8.3,Karnataka,Uttar Pradesh,MA Agarwal,BR Sharath,Shiva Singh,1,0,,,,,,,,,
1383539,2023/24,2023-10-25,"Abhimanyu Cricket Academy, Dehradun",2,8.4,Karnataka,Uttar Pradesh,BR Sharath,MA Agarwal,Shiva Singh,1,0,,,,,,,,,
1383539,2023/24,2023-10-25,"Abhimanyu Cricket Academy, Dehradun",2,8.5,Karnataka,Uttar Pradesh,MA Agarwal,BR Sharath,Shiva Singh,6,0,,,,,,,,,
1383539,2023/24,2023-10-25,"Abhimanyu Cricket Academy, Dehradun",2,8.6,Karnataka,Uttar Pradesh,MA Agarwal,BR Sharath,Shiva Singh,1,0,,,,,,,,,
1383539,2023/24,2023-10-25,"Abhimanyu Cricket Academy, Dehradun",2,9.1,Karnataka,Uttar Pradesh,MA Agarwal,BR Sharath,Kartik Tyagi,0,1,,,,1,,,,,
1383539,2023/24,2023-10-25,"Abhimanyu Cricket Academy, Dehradun",2,9.2,Karnataka,Uttar Pradesh,BR Sharath,MA Agarwal,Kartik Tyagi,4,0,,,,,,,,,
1383539,2023/24,2023-10-25,"Abhimanyu Cricket Academy, Dehradun",2,9.3,Karnataka,Uttar Pradesh,BR Sharath,MA Agarwal,Kartik Tyagi,6,0,,,,,,,,,
1383539,2023/24,2023-10-25,"Abhimanyu Cricket Academy, Dehradun",2,9.4,Karnataka,Uttar Pradesh,BR Sharath,MA Agarwal,Kartik Tyagi,1,0,,,,,,,,,
1383539,2023/24,2023-10-25,"Abhimanyu Cricket Academy, Dehradun",2,9.5,Karnataka,Uttar Pradesh,MA Agarwal,BR Sharath,Kartik Tyagi,4,0,,,,,,,,,
1383539,2023/24,2023-10-25,"Abhimanyu Cricket Academy, Dehradun",2,9.6,Karnataka,Uttar Pradesh,MA Agarwal,BR Sharath,Kartik Tyagi,1,0,,,,,,,,,
1383539,2023/24,2023-10-25,"Abhimanyu Cricket Academy, Dehradun",2,10.1,Karnataka,Uttar Pradesh,MA Agarwal,BR Sharath,Jasmer Dhankhar,1,0,,,,,,,,,
1383539,2023/24,2023-10-25,"Abhimanyu Cricket Academy, Dehradun",2,10.2,Karnataka,Uttar Pradesh,BR Sharath,MA Agarwal,Jasmer Dhankhar,1,0,,,,,,,,,
1383539,2023/24,2023-10-25,"Abhimanyu Cricket Academy, Dehradun",2,10.3,Karnataka,Uttar Pradesh,MA Agarwal,BR Sharath,Jasmer Dhankhar,1,0,,,,,,,,,
1383539,2023/24,2023-10-25,"Abhimanyu Cricket Academy, Dehradun",2,10.4,Karnataka,Uttar Pradesh,BR Sharath,MA Agarwal,Jasmer Dhankhar,1,0,,,,,,,,,
1383539,2023/24,2023-10-25,"Abhimanyu Cricket Academy, Dehradun",2,10.5,Karnataka,Uttar Pradesh,MA Agarwal,BR Sharath,Jasmer Dhankhar,0,1,1,,,,,,,,
1383539,2023/24,2023-10-25,"Abhimanyu Cricket Academy, Dehradun",2,10.6,Karnataka,Uttar Pradesh,MA Agarwal,BR Sharath,Jasmer Dhankhar,1,0,,,,,,,,,
1383539,2023/24,2023-10-25,"Abhimanyu Cricket Academy, Dehradun",2,10.7,Karnataka,Uttar Pradesh,BR Sharath,MA Agarwal,Jasmer Dhankhar,1,0,,,,,,,,,
1383539,2023/24,2023-10-25,"Abhimanyu Cricket Academy, Dehradun",2,11.1,Karnataka,Uttar Pradesh,BR Sharath,MA Agarwal,Mohsin Khan (2),1,0,,,,,,,,,
1383539,2023/24,2023-10-25,"Abhimanyu Cricket Academy, Dehradun",2,11.2,Karnataka,Uttar Pradesh,MA Agarwal,BR Sharath,Mohsin Khan (2),0,1,,,,1,,,,,
1383539,2023/24,2023-10-25,"Abhimanyu Cricket Academy, Dehradun",2,11.3,Karnataka,Uttar Pradesh,BR Sharath,MA Agarwal,Mohsin Khan (2),1,0,,,,,,,,,
1383539,2023/24,2023-10-25,"Abhimanyu Cricket Academy, Dehradun",2,11.4,Karnataka,Uttar Pradesh,MA Agarwal,BR Sharath,Mohsin Khan (2),0,0,,,,,,caught,MA Agarwal,,
1383539,2023/24,2023-10-25,"Abhimanyu Cricket Academy, Dehradun",2,11.5,Karnataka,Uttar Pradesh,MS Bhandage,BR Sharath,Mohsin Khan (2),0,1,,,1,,,,,,
1383539,2023/24,2023-10-25,"Abhimanyu Cricket Academy, Dehradun",2,11.6,Karnataka,Uttar Pradesh,BR Sharath,MS Bhandage,Mohsin Khan (2),1,0,,,,,,,,,
1383539,2023/24,2023-10-25,"Abhimanyu Cricket Academy, Dehradun",2,12.1,Karnataka,Uttar Pradesh,BR Sharath,MS Bhandage,Jasmer Dhankhar,1,0,,,,,,,,,
1383539,2023/24,2023-10-25,"Abhimanyu Cricket Academy, Dehradun",2,12.2,Karnataka,Uttar Pradesh,MS Bhandage,BR Sharath,Jasmer Dhankhar,1,0,,,,,,,,,
1383539,2023/24,2023-10-25,"Abhimanyu Cricket Academy, Dehradun",2,12.3,Karnataka,Uttar Pradesh,BR Sharath,MS Bhandage,Jasmer Dhankhar,0,0,,,,,,caught,BR Sharath,,
1383539,2023/24,2023-10-25,"Abhimanyu Cricket Academy, Dehradun",2,12.4,Karnataka,Uttar Pradesh,A Manohar,MS Bhandage,Jasmer Dhankhar,0,0,,,,,,,,,
1383539,2023/24,2023-10-25,"Abhimanyu Cricket Academy, Dehradun",2,12.5,Karnataka,Uttar Pradesh,A Manohar,MS Bhandage,Jasmer Dhankhar,1,0,,,,,,,,,
1383539,2023/24,2023-10-25,"Abhimanyu Cricket Academy, Dehradun",2,12.6,Karnataka,Uttar Pradesh,MS Bhandage,A Manohar,Jasmer Dhankhar,1,0,,,,,,,,,
1383539,2023/24,2023-10-25,"Abhimanyu Cricket Academy, Dehradun",2,13.1,Karnataka,Uttar Pradesh,MS Bhandage,A Manohar,Mohsin Khan (2),0,0,,,,,,,,,
1383539,2023/24,2023-10-25,"Abhimanyu Cricket Academy, Dehradun",2,13.2,Karnataka,Uttar Pradesh,MS Bhandage,A Manohar,Mohsin Khan (2),1,0,,,,,,,,,
1383539,2023/24,2023-10-25,"Abhimanyu Cricket Academy, Dehradun",2,13.3,Karnataka,Uttar Pradesh,A Manohar,MS Bhandage,Mohsin Khan (2),1,0,,,,,,,,,
1383539,2023/24,2023-10-25,"Abhimanyu Cricket Academy, Dehradun",2,13.4,Karnataka,Uttar Pradesh,MS Bhandage,A Manohar,Mohsin Khan (2),1,0,,,,,,,,,
1383539,2023/24,2023-10-25,"Abhimanyu Cricket Academy, Dehradun",2,13.5,Karnataka,Uttar Pradesh,A Manohar,MS Bhandage,Mohsin Khan (2),0,0,,,,,,,,,
1383539,2023/24,2023-10-25,"Abhimanyu Cricket Academy, Dehradun",2,13.6,Karnataka,Uttar Pradesh,A Manohar,MS Bhandage,Mohsin Khan (2),2,0,,,,,,,,,
1383539,2023/24,2023-10-25,"Abhimanyu Cricket Academy, Dehradun",2,14.1,Karnataka,Uttar Pradesh,MS Bhandage,A Manohar,Jasmer Dhankhar,1,0,,,,,,,,,
1383539,2023/24,2023-10-25,"Abhimanyu Cricket Academy, Dehradun",2,14.2,Karnataka,Uttar Pradesh,A Manohar,MS Bhandage,Jasmer Dhankhar,1,0,,,,,,,,,
1383539,2023/24,2023-10-25,"Abhimanyu Cricket Academy, Dehradun",2,14.3,Karnataka,Uttar Pradesh,MS Bhandage,A Manohar,Jasmer Dhankhar,1,0,,,,,,,,,
1383539,2023/24,2023-10-25,"Abhimanyu Cricket Academy, Dehradun",2,14.4,Karnataka,Uttar Pradesh,A Manohar,MS Bhandage,Jasmer Dhankhar,1,0,,,,,,,,,
1383539,2023/24,2023-10-25,"Abhimanyu Cricket Academy, Dehradun",2,14.5,Karnataka,Uttar Pradesh,MS Bhandage,A Manohar,Jasmer Dhankhar,6,0,,,,,,,,,
1383539,2023/24,2023-10-25,"Abhimanyu Cricket Academy, Dehradun",2,14.6,Karnataka,Uttar Pradesh,MS Bhandage,A Manohar,Jasmer Dhankhar,0,0,,,,,,,,,
1383539,2023/24,2023-10-25,"Abhimanyu Cricket Academy, Dehradun",2,15.1,Karnataka,Uttar Pradesh,A Manohar,MS Bhandage,Yash Dayal,1,0,,,,,,,,,
1383539,2023/24,2023-10-25,"Abhimanyu Cricket Academy, Dehradun",2,15.2,Karnataka,Uttar Pradesh,MS Bhandage,A Manohar,Yash Dayal,0,1,,,,1,,,,,
1383539,2023/24,2023-10-25,"Abhimanyu Cricket Academy, Dehradun",2,15.3,Karnataka,Uttar Pradesh,A Manohar,MS Bhandage,Yash Dayal,4,0,,,,,,,,,
1383539,2023/24,2023-10-25,"Abhimanyu Cricket Academy, Dehradun",2,15.4,Karnataka,Uttar Pradesh,A Manohar,MS Bhandage,Yash Dayal,1,0,,,,,,,,,
1383539,2023/24,2023-10-25,"Abhimanyu Cricket Academy, Dehradun",2,15.5,Karnataka,Uttar Pradesh,MS Bhandage,A Manohar,Yash Dayal,1,0,,,,,,,,,
1383539,2023/24,2023-10-25,"Abhimanyu Cricket Academy, Dehradun",2,15.6,Karnataka,Uttar Pradesh,A Manohar,MS Bhandage,Yash Dayal,1,0,,,,,,,,,
1383539,2023/24,2023-10-25,"Abhimanyu Cricket Academy, Dehradun",2,16.1,Karnataka,Uttar Pradesh,A Manohar,MS Bhandage,B Kumar,0,0,,,,,,bowled,A Manohar,,
1383539,2023/24,2023-10-25,"Abhimanyu Cricket Academy, Dehradun",2,16.2,Karnataka,Uttar Pradesh,K Gowtham,MS Bhandage,B Kumar,1,0,,,,,,,,,
1383539,2023/24,2023-10-25,"Abhimanyu Cricket Academy, Dehradun",2,16.3,Karnataka,Uttar Pradesh,MS Bhandage,K Gowtham,B Kumar,0,0,,,,,,caught,MS Bhandage,,
1383539,2023/24,2023-10-25,"Abhimanyu Cricket Academy, Dehradun",2,16.4,Karnataka,Uttar Pradesh,S Hegde,K Gowtham,B Kumar,0,0,,,,,,lbw,S Hegde,,
1383539,2023/24,2023-10-25,"Abhimanyu Cricket Academy, Dehradun",2,16.5,Karnataka,Uttar Pradesh,Vijaykumar Vyshak,K Gowtham,B Kumar,1,0,,,,,,,,,
1383539,2023/24,2023-10-25,"Abhimanyu Cricket Academy, Dehradun",2,16.6,Karnataka,Uttar Pradesh,K Gowtham,Vijaykumar Vyshak,B Kumar,0,0,,,,,,,,,
1383539,2023/24,2023-10-25,"Abhimanyu Cricket Academy, Dehradun",2,17.1,Karnataka,Uttar Pradesh,Vijaykumar Vyshak,K Gowtham,Yash Dayal,1,0,,,,,,,,,
1383539,2023/24,2023-10-25,"Abhimanyu Cricket Academy, Dehradun",2,17.2,Karnataka,Uttar Pradesh,K Gowtham,Vijaykumar Vyshak,Yash Dayal,0,0,,,,,,,,,
1383539,2023/24,2023-10-25,"Abhimanyu Cricket Academy, Dehradun",2,17.3,Karnataka,Uttar Pradesh,K Gowtham,Vijaykumar Vyshak,Yash Dayal,6,0,,,,,,,,,
1383539,2023/24,2023-10-25,"Abhimanyu Cricket Academy, Dehradun",2,17.4,Karnataka,Uttar Pradesh,K Gowtham,Vijaykumar Vyshak,Yash Dayal,0,0,,,,,,,,,
1383539,2023/24,2023-10-25,"Abhimanyu Cricket Academy, Dehradun",2,17.5,Karnataka,Uttar Pradesh,K Gowtham,Vijaykumar Vyshak,Yash Dayal,4,0,,,,,,,,,
1383539,2023/24,2023-10-25,"Abhimanyu Cricket Academy, Dehradun",2,17.6,Karnataka,Uttar Pradesh,K Gowtham,Vijaykumar Vyshak,Yash Dayal,4,0,,,,,,,,,
1383539,2023/24,2023-10-25,"Abhimanyu Cricket Academy, Dehradun",2,18.1,Karnataka,Uttar Pradesh,Vijaykumar Vyshak,K Gowtham,B Kumar,0,0,,,,,,bowled,Vijaykumar Vyshak,,
1383539,2023/24,2023-10-25,"Abhimanyu Cricket Academy, Dehradun",2,18.2,Karnataka,Uttar Pradesh,V Kaverappa,K Gowtham,B Kumar,0,0,,,,,,,,,
1383539,2023/24,2023-10-25,"Abhimanyu Cricket Academy, Dehradun",2,18.3,Karnataka,Uttar Pradesh,V Kaverappa,K Gowtham,B Kumar,0,0,,,,,,bowled,V Kaverappa,,
