match_id,season,start_date,venue,innings,ball,batting_team,bowling_team,striker,non_striker,bowler,runs_off_bat,extras,wides,noballs,byes,legbyes,penalty,wicket_type,player_dismissed,other_wicket_type,other_player_dismissed
1383568,2023/24,2023-11-06,"Punjab Cricket Association IS Bindra Stadium, Mohali, Chandigarh",1,0.1,Punjab,Baroda,Abhishek Sharma,P Simran Singh,SI Sopariya,0,0,,,,,,caught,Abhishek Sharma,,
1383568,2023/24,2023-11-06,"Punjab Cricket Association IS Bindra Stadium, Mohali, Chandigarh",1,0.2,Punjab,Baroda,Anmolpreet Singh,P Simran Singh,SI Sopariya,4,0,,,,,,,,,
1383568,2023/24,2023-11-06,"Punjab Cricket Association IS Bindra Stadium, Mohali, Chandigarh",1,0.3,Punjab,Baroda,Anmolpreet Singh,P Simran Singh,SI Sopariya,0,0,,,,,,,,,
1383568,2023/24,2023-11-06,"Punjab Cricket Association IS Bindra Stadium, Mohali, Chandigarh",1,0.4,Punjab,Baroda,Anmolpreet Singh,P Simran Singh,SI Sopariya,0,0,,,,,,,,,
1383568,2023/24,2023-11-06,"Punjab Cricket Association IS Bindra Stadium, Mohali, Chandigarh",1,0.5,Punjab,Baroda,Anmolpreet Singh,P Simran Singh,SI Sopariya,0,0,,,,,,,,,
1383568,2023/24,2023-11-06,"Punjab Cricket Association IS Bindra Stadium, Mohali, Chandigarh",1,0.6,Punjab,Baroda,Anmolpreet Singh,P Simran Singh,SI Sopariya,0,0,,,,,,,,,
1383568,2023/24,2023-11-06,"Punjab Cricket Association IS Bindra Stadium, Mohali, Chandigarh",1,1.1,Punjab,Baroda,P Simran Singh,Anmolpreet Singh,LI Meriwala,0,0,,,,,,,,,
1383568,2023/24,2023-11-06,"Punjab Cricket Association IS Bindra Stadium, Mohali, Chandigarh",1,1.2,Punjab,Baroda,P Simran Singh,Anmolpreet Singh,LI Meriwala,1,0,,,,,,,,,
1383568,2023/24,2023-11-06,"Punjab Cricket Association IS Bindra Stadium, Mohali, Chandigarh",1,1.3,Punjab,Baroda,Anmolpreet Singh,P Simran Singh,LI Meriwala,0,0,,,,,,,,,
1383568,2023/24,2023-11-06,"Punjab Cricket Association IS Bindra Stadium, Mohali, Chandigarh",1,1.4,Punjab,Baroda,Anmolpreet Singh,P Simran Singh,LI Meriwala,0,0,,,,,,,,,
1383568,2023/24,2023-11-06,"Punjab Cricket Association IS Bindra Stadium, Mohali, Chandigarh",1,1.5,Punjab,Baroda,Anmolpreet Singh,P Simran Singh,LI Meriwala,0,0,,,,,,,,,
1383568,2023/24,2023-11-06,"Punjab Cricket Association IS Bindra Stadium, Mohali, Chandigarh",1,1.6,Punjab,Baroda,Anmolpreet Singh,P Simran Singh,LI Meriwala,4,0,,,,,,,,,
1383568,2023/24,2023-11-06,"Punjab Cricket Association IS Bindra Stadium, Mohali, Chandigarh",1,2.1,Punjab,Baroda,P Simran Singh,Anmolpreet Singh,KH Pandya,0,0,,,,,,,,,
1383568,2023/24,2023-11-06,"Punjab Cricket Association IS Bindra Stadium, Mohali, Chandigarh",1,2.2,Punjab,Baroda,P Simran Singh,Anmolpreet Singh,KH Pandya,1,0,,,,,,,,,
1383568,2023/24,2023-11-06,"Punjab Cricket Association IS Bindra Stadium, Mohali, Chandigarh",1,2.3,Punjab,Baroda,Anmolpreet Singh,P Simran Singh,KH Pandya,1,0,,,,,,,,,
1383568,2023/24,2023-11-06,"Punjab Cricket Association IS Bindra Stadium, Mohali, Chandigarh",1,2.4,Punjab,Baroda,P Simran Singh,Anmolpreet Singh,KH Pandya,1,0,,,,,,,,,
1383568,2023/24,2023-11-06,"Punjab Cricket Association IS Bindra Stadium, Mohali, Chandigarh",1,2.5,Punjab,Baroda,Anmolpreet Singh,P Simran Singh,KH Pandya,0,0,,,,,,,,,
1383568,2023/24,2023-11-06,"Punjab Cricket Association IS Bindra Stadium, Mohali, Chandigarh",1,2.6,Punjab,Baroda,Anmolpreet Singh,P Simran Singh,KH Pandya,0,0,,,,,,,,,
1383568,2023/24,2023-11-06,"Punjab Cricket Association IS Bindra Stadium, Mohali, Chandigarh",1,3.1,Punjab,Baroda,P Simran Singh,Anmolpreet Singh,A Sheth,6,0,,,,,,,,,
1383568,2023/24,2023-11-06,"Punjab Cricket Association IS Bindra Stadium, Mohali, Chandigarh",1,3.2,Punjab,Baroda,P Simran Singh,Anmolpreet Singh,A Sheth,0,0,,,,,,caught,P Simran Singh,,
1383568,2023/24,2023-11-06,"Punjab Cricket Association IS Bindra Stadium, Mohali, Chandigarh",1,3.3,Punjab,Baroda,Mandeep Singh,Anmolpreet Singh,A Sheth,0,0,,,,,,,,,
1383568,2023/24,2023-11-06,"Punjab Cricket Association IS Bindra Stadium, Mohali, Chandigarh",1,3.4,Punjab,Baroda,Mandeep Singh,Anmolpreet Singh,A Sheth,1,0,,,,,,,,,
1383568,2023/24,2023-11-06,"Punjab Cricket Association IS Bindra Stadium, Mohali, Chandigarh",1,3.5,Punjab,Baroda,Anmolpreet Singh,Mandeep Singh,A Sheth,1,0,,,,,,,,,
1383568,2023/24,2023-11-06,"Punjab Cricket Association IS Bindra Stadium, Mohali, Chandigarh",1,3.6,Punjab,Baroda,Mandeep Singh,Anmolpreet Singh,A Sheth,0,0,,,,,,,,,
1383568,2023/24,2023-11-06,"Punjab Cricket Association IS Bindra Stadium, Mohali, Chandigarh",1,4.1,Punjab,Baroda,Anmolpreet Singh,Mandeep Singh,KH Pandya,1,0,,,,,,,,,
1383568,2023/24,2023-11-06,"Punjab Cricket Association IS Bindra Stadium, Mohali, Chandigarh",1,4.2,Punjab,Baroda,Mandeep Singh,Anmolpreet Singh,KH Pandya,0,0,,,,,,,,,
1383568,2023/24,2023-11-06,"Punjab Cricket Association IS Bindra Stadium, Mohali, Chandigarh",1,4.3,Punjab,Baroda,Mandeep Singh,Anmolpreet Singh,KH Pandya,4,0,,,,,,,,,
1383568,2023/24,2023-11-06,"Punjab Cricket Association IS Bindra Stadium, Mohali, Chandigarh",1,4.4,Punjab,Baroda,Mandeep Singh,Anmolpreet Singh,KH Pandya,1,0,,,,,,,,,
1383568,2023/24,2023-11-06,"Punjab Cricket Association IS Bindra Stadium, Mohali, Chandigarh",1,4.5,Punjab,Baroda,Anmolpreet Singh,Mandeep Singh,KH Pandya,4,0,,,,,,,,,
1383568,2023/24,2023-11-06,"Punjab Cricket Association IS Bindra Stadium, Mohali, Chandigarh",1,4.6,Punjab,Baroda,Anmolpreet Singh,Mandeep Singh,KH Pandya,0,0,,,,,,,,,
1383568,2023/24,2023-11-06,"Punjab Cricket Association IS Bindra Stadium, Mohali, Chandigarh",1,5.1,Punjab,Baroda,Mandeep Singh,Anmolpreet Singh,A Sheth,4,0,,,,,,,,,
1383568,2023/24,2023-11-06,"Punjab Cricket Association IS Bindra Stadium, Mohali, Chandigarh",1,5.2,Punjab,Baroda,Mandeep Singh,Anmolpreet Singh,A Sheth,4,0,,,,,,,,,
1383568,2023/24,2023-11-06,"Punjab Cricket Association IS Bindra Stadium, Mohali, Chandigarh",1,5.3,Punjab,Baroda,Mandeep Singh,Anmolpreet Singh,A Sheth,1,0,,,,,,,,,
1383568,2023/24,2023-11-06,"Punjab Cricket Association IS Bindra Stadium, Mohali, Chandigarh",1,5.4,Punjab,Baroda,Anmolpreet Singh,Mandeep Singh,A Sheth,4,0,,,,,,,,,
1383568,2023/24,2023-11-06,"Punjab Cricket Association IS Bindra Stadium, Mohali, Chandigarh",1,5.5,Punjab,Baroda,Anmolpreet Singh,Mandeep Singh,A Sheth,1,0,,,,,,,,,
1383568,2023/24,2023-11-06,"Punjab Cricket Association IS Bindra Stadium, Mohali, Chandigarh",1,5.6,Punjab,Baroda,Mandeep Singh,Anmolpreet Singh,A Sheth,0,0,,,,,,,,,
1383568,2023/24,2023-11-06,"Punjab Cricket Association IS Bindra Stadium, Mohali, Chandigarh",1,6.1,Punjab,Baroda,Anmolpreet Singh,Mandeep Singh,NA Rathva,1,0,,,,,,,,,
1383568,2023/24,2023-11-06,"Punjab Cricket Association IS Bindra Stadium, Mohali, Chandigarh",1,6.2,Punjab,Baroda,Mandeep Singh,Anmolpreet Singh,NA Rathva,1,0,,,,,,,,,
1383568,2023/24,2023-11-06,"Punjab Cricket Association IS Bindra Stadium, Mohali, Chandigarh",1,6.3,Punjab,Baroda,Anmolpreet Singh,Mandeep Singh,NA Rathva,0,0,,,,,,,,,
1383568,2023/24,2023-11-06,"Punjab Cricket Association IS Bindra Stadium, Mohali, Chandigarh",1,6.4,Punjab,Baroda,Anmolpreet Singh,Mandeep Singh,NA Rathva,1,0,,,,,,,,,
1383568,2023/24,2023-11-06,"Punjab Cricket Association IS Bindra Stadium, Mohali, Chandigarh",1,6.5,Punjab,Baroda,Mandeep Singh,Anmolpreet Singh,NA Rathva,1,0,,,,,,,,,
1383568,2023/24,2023-11-06,"Punjab Cricket Association IS Bindra Stadium, Mohali, Chandigarh",1,6.6,Punjab,Baroda,Anmolpreet Singh,Mandeep Singh,NA Rathva,1,0,,,,,,,,,
1383568,2023/24,2023-11-06,"Punjab Cricket Association IS Bindra Stadium, Mohali, Chandigarh",1,7.1,Punjab,Baroda,Anmolpreet Singh,Mandeep Singh,KH Pandya,1,0,,,,,,,,,
1383568,2023/24,2023-11-06,"Punjab Cricket Association IS Bindra Stadium, Mohali, Chandigarh",1,7.2,Punjab,Baroda,Mandeep Singh,Anmolpreet Singh,KH Pandya,1,0,,,,,,,,,
1383568,2023/24,2023-11-06,"Punjab Cricket Association IS Bindra Stadium, Mohali, Chandigarh",1,7.3,Punjab,Baroda,Anmolpreet Singh,Mandeep Singh,KH Pandya,0,1,1,,,,,,,,
1383568,2023/24,2023-11-06,"Punjab Cricket Association IS Bindra Stadium, Mohali, Chandigarh",1,7.4,Punjab,Baroda,Anmolpreet Singh,Mandeep Singh,KH Pandya,1,0,,,,,,,,,
1383568,2023/24,2023-11-06,"Punjab Cricket Association IS Bindra Stadium, Mohali, Chandigarh",1,7.5,Punjab,Baroda,Mandeep Singh,Anmolpreet Singh,KH Pandya,1,0,,,,,,,,,
1383568,2023/24,2023-11-06,"Punjab Cricket Association IS Bindra Stadium, Mohali, Chandigarh",1,7.6,Punjab,Baroda,Anmolpreet Singh,Mandeep Singh,KH Pandya,1,0,,,,,,,,,
1383568,2023/24,2023-11-06,"Punjab Cricket Association IS Bindra Stadium, Mohali, Chandigarh",1,7.7,Punjab,Baroda,Mandeep Singh,Anmolpreet Singh,KH Pandya,1,0,,,,,,,,,
1383568,2023/24,2023-11-06,"Punjab Cricket Association IS Bindra Stadium, Mohali, Chandigarh",1,8.1,Punjab,Baroda,Mandeep Singh,Anmolpreet Singh,AV Rajput,0,0,,,,,,,,,
1383568,2023/24,2023-11-06,"Punjab Cricket Association IS Bindra Stadium, Mohali, Chandigarh",1,8.2,Punjab,Baroda,Mandeep Singh,Anmolpreet Singh,AV Rajput,2,0,,,,,,,,,
1383568,2023/24,2023-11-06,"Punjab Cricket Association IS Bindra Stadium, Mohali, Chandigarh",1,8.3,Punjab,Baroda,Mandeep Singh,Anmolpreet Singh,AV Rajput,1,0,,,,,,,,,
1383568,2023/24,2023-11-06,"Punjab Cricket Association IS Bindra Stadium, Mohali, Chandigarh",1,8.4,Punjab,Baroda,Anmolpreet Singh,Mandeep Singh,AV Rajput,1,0,,,,,,,,,
1383568,2023/24,2023-11-06,"Punjab Cricket Association IS Bindra Stadium, Mohali, Chandigarh",1,8.5,Punjab,Baroda,Mandeep Singh,Anmolpreet Singh,AV Rajput,4,0,,,,,,,,,
1383568,2023/24,2023-11-06,"Punjab Cricket Association IS Bindra Stadium, Mohali, Chandigarh",1,8.6,Punjab,Baroda,Mandeep Singh,Anmolpreet Singh,AV Rajput,2,0,,,,,,,,,
1383568,2023/24,2023-11-06,"Punjab Cricket Association IS Bindra Stadium, Mohali, Chandigarh",1,9.1,Punjab,Baroda,Anmolpreet Singh,Mandeep Singh,LI Meriwala,4,0,,,,,,,,,
1383568,2023/24,2023-11-06,"Punjab Cricket Association IS Bindra Stadium, Mohali, Chandigarh",1,9.2,Punjab,Baroda,Anmolpreet Singh,Mandeep Singh,LI Meriwala,2,0,,,,,,,,,
1383568,2023/24,2023-11-06,"Punjab Cricket Association IS Bindra Stadium, Mohali, Chandigarh",1,9.3,Punjab,Baroda,Anmolpreet Singh,Mandeep Singh,LI Meriwala,1,0,,,,,,,,,
1383568,2023/24,2023-11-06,"Punjab Cricket Association IS Bindra Stadium, Mohali, Chandigarh",1,9.4,Punjab,Baroda,Mandeep Singh,Anmolpreet Singh,LI Meriwala,2,0,,,,,,,,,
1383568,2023/24,2023-11-06,"Punjab Cricket Association IS Bindra Stadium, Mohali, Chandigarh",1,9.5,Punjab,Baroda,Mandeep Singh,Anmolpreet Singh,LI Meriwala,1,0,,,,,,,,,
1383568,2023/24,2023-11-06,"Punjab Cricket Association IS Bindra Stadium, Mohali, Chandigarh",1,9.6,Punjab,Baroda,Anmolpreet Singh,Mandeep Singh,LI Meriwala,4,0,,,,,,,,,
1383568,2023/24,2023-11-06,"Punjab Cricket Association IS Bindra Stadium, Mohali, Chandigarh",1,10.1,Punjab,Baroda,Mandeep Singh,Anmolpreet Singh,KH Pandya,0,0,,,,,,caught,Mandeep Singh,,
1383568,2023/24,2023-11-06,"Punjab Cricket Association IS Bindra Stadium, Mohali, Chandigarh",1,10.2,Punjab,Baroda,N Wadhera,Anmolpreet Singh,KH Pandya,1,0,,,,,,,,,
1383568,2023/24,2023-11-06,"Punjab Cricket Association IS Bindra Stadium, Mohali, Chandigarh",1,10.3,Punjab,Baroda,Anmolpreet Singh,N Wadhera,KH Pandya,2,0,,,,,,,,,
1383568,2023/24,2023-11-06,"Punjab Cricket Association IS Bindra Stadium, Mohali, Chandigarh",1,10.4,Punjab,Baroda,Anmolpreet Singh,N Wadhera,KH Pandya,4,0,,,,,,,,,
1383568,2023/24,2023-11-06,"Punjab Cricket Association IS Bindra Stadium, Mohali, Chandigarh",1,10.5,Punjab,Baroda,Anmolpreet Singh,N Wadhera,KH Pandya,2,0,,,,,,,,,
1383568,2023/24,2023-11-06,"Punjab Cricket Association IS Bindra Stadium, Mohali, Chandigarh",1,10.6,Punjab,Baroda,Anmolpreet Singh,N Wadhera,KH Pandya,1,0,,,,,,,,,
1383568,2023/24,2023-11-06,"Punjab Cricket Association IS Bindra Stadium, Mohali, Chandigarh",1,11.1,Punjab,Baroda,Anmolpreet Singh,N Wadhera,AV Rajput,0,1,1,,,,,,,,
1383568,2023/24,2023-11-06,"Punjab Cricket Association IS Bindra Stadium, Mohali, Chandigarh",1,11.2,Punjab,Baroda,Anmolpreet Singh,N Wadhera,AV Rajput,2,0,,,,,,,,,
1383568,2023/24,2023-11-06,"Punjab Cricket Association IS Bindra Stadium, Mohali, Chandigarh",1,11.3,Punjab,Baroda,Anmolpreet Singh,N Wadhera,AV Rajput,1,0,,,,,,,,,
1383568,2023/24,2023-11-06,"Punjab Cricket Association IS Bindra Stadium, Mohali, Chandigarh",1,11.4,Punjab,Baroda,N Wadhera,Anmolpreet Singh,AV Rajput,1,0,,,,,,,,,
1383568,2023/24,2023-11-06,"Punjab Cricket Association IS Bindra Stadium, Mohali, Chandigarh",1,11.5,Punjab,Baroda,Anmolpreet Singh,N Wadhera,AV Rajput,0,0,,,,,,,,,
1383568,2023/24,2023-11-06,"Punjab Cricket Association IS Bindra Stadium, Mohali, Chandigarh",1,11.6,Punjab,Baroda,Anmolpreet Singh,N Wadhera,AV Rajput,4,0,,,,,,,,,
1383568,2023/24,2023-11-06,"Punjab Cricket Association IS Bindra Stadium, Mohali, Chandigarh",1,11.7,Punjab,Baroda,Anmolpreet Singh,N Wadhera,AV Rajput,1,0,,,,,,,,,
1383568,2023/24,2023-11-06,"Punjab Cricket Association IS Bindra Stadium, Mohali, Chandigarh",1,12.1,Punjab,Baroda,Anmolpreet Singh,N Wadhera,SI Sopariya,0,0,,,,,,,,,
1383568,2023/24,2023-11-06,"Punjab Cricket Association IS Bindra Stadium, Mohali, Chandigarh",1,12.2,Punjab,Baroda,Anmolpreet Singh,N Wadhera,SI Sopariya,2,0,,,,,,,,,
1383568,2023/24,2023-11-06,"Punjab Cricket Association IS Bindra Stadium, Mohali, Chandigarh",1,12.3,Punjab,Baroda,Anmolpreet Singh,N Wadhera,SI Sopariya,1,0,,,,,,,,,
1383568,2023/24,2023-11-06,"Punjab Cricket Association IS Bindra Stadium, Mohali, Chandigarh",1,12.4,Punjab,Baroda,N Wadhera,Anmolpreet Singh,SI Sopariya,1,0,,,,,,,,,
1383568,2023/24,2023-11-06,"Punjab Cricket Association IS Bindra Stadium, Mohali, Chandigarh",1,12.5,Punjab,Baroda,Anmolpreet Singh,N Wadhera,SI Sopariya,4,0,,,,,,,,,
1383568,2023/24,2023-11-06,"Punjab Cricket Association IS Bindra Stadium, Mohali, Chandigarh",1,12.6,Punjab,Baroda,Anmolpreet Singh,N Wadhera,SI Sopariya,2,0,,,,,,,,,
1383568,2023/24,2023-11-06,"Punjab Cricket Association IS Bindra Stadium, Mohali, Chandigarh",1,13.1,Punjab,Baroda,N Wadhera,Anmolpreet Singh,AV Rajput,4,0,,,,,,,,,
1383568,2023/24,2023-11-06,"Punjab Cricket Association IS Bindra Stadium, Mohali, Chandigarh",1,13.2,Punjab,Baroda,N Wadhera,Anmolpreet Singh,AV Rajput,4,0,,,,,,,,,
1383568,2023/24,2023-11-06,"Punjab Cricket Association IS Bindra Stadium, Mohali, Chandigarh",1,13.3,Punjab,Baroda,N Wadhera,Anmolpreet Singh,AV Rajput,4,0,,,,,,,,,
1383568,2023/24,2023-11-06,"Punjab Cricket Association IS Bindra Stadium, Mohali, Chandigarh",1,13.4,Punjab,Baroda,N Wadhera,Anmolpreet Singh,AV Rajput,2,0,,,,,,,,,
1383568,2023/24,2023-11-06,"Punjab Cricket Association IS Bindra Stadium, Mohali, Chandigarh",1,13.5,Punjab,Baroda,N Wadhera,Anmolpreet Singh,AV Rajput,4,0,,,,,,,,,
1383568,2023/24,2023-11-06,"Punjab Cricket Association IS Bindra Stadium, Mohali, Chandigarh",1,13.6,Punjab,Baroda,N Wadhera,Anmolpreet Singh,AV Rajput,1,0,,,,,,,,,
1383568,2023/24,2023-11-06,"Punjab Cricket Association IS Bindra Stadium, Mohali, Chandigarh",1,14.1,Punjab,Baroda,N Wadhera,Anmolpreet Singh,MV Pithiya,6,0,,,,,,,,,
1383568,2023/24,2023-11-06,"Punjab Cricket Association IS Bindra Stadium, Mohali, Chandigarh",1,14.2,Punjab,Baroda,N Wadhera,Anmolpreet Singh,MV Pithiya,1,0,,,,,,,,,
1383568,2023/24,2023-11-06,"Punjab Cricket Association IS Bindra Stadium, Mohali, Chandigarh",1,14.3,Punjab,Baroda,Anmolpreet Singh,N Wadhera,MV Pithiya,0,0,,,,,,,,,
1383568,2023/24,2023-11-06,"Punjab Cricket Association IS Bindra Stadium, Mohali, Chandigarh",1,14.4,Punjab,Baroda,Anmolpreet Singh,N Wadhera,MV Pithiya,1,0,,,,,,,,,
1383568,2023/24,2023-11-06,"Punjab Cricket Association IS Bindra Stadium, Mohali, Chandigarh",1,14.5,Punjab,Baroda,N Wadhera,Anmolpreet Singh,MV Pithiya,1,0,,,,,,,,,
1383568,2023/24,2023-11-06,"Punjab Cricket Association IS Bindra Stadium, Mohali, Chandigarh",1,14.6,Punjab,Baroda,Anmolpreet Singh,N Wadhera,MV Pithiya,1,0,,,,,,,,,
1383568,2023/24,2023-11-06,"Punjab Cricket Association IS Bindra Stadium, Mohali, Chandigarh",1,15.1,Punjab,Baroda,Anmolpreet Singh,N Wadhera,SI Sopariya,1,0,,,,,,,,,
1383568,2023/24,2023-11-06,"Punjab Cricket Association IS Bindra Stadium, Mohali, Chandigarh",1,15.2,Punjab,Baroda,N Wadhera,Anmolpreet Singh,SI Sopariya,0,0,,,,,,,,,
1383568,2023/24,2023-11-06,"Punjab Cricket Association IS Bindra Stadium, Mohali, Chandigarh",1,15.3,Punjab,Baroda,N Wadhera,Anmolpreet Singh,SI Sopariya,0,0,,,,,,,,,
1383568,2023/24,2023-11-06,"Punjab Cricket Association IS Bindra Stadium, Mohali, Chandigarh",1,15.4,Punjab,Baroda,N Wadhera,Anmolpreet Singh,SI Sopariya,1,0,,,,,,,,,
1383568,2023/24,2023-11-06,"Punjab Cricket Association IS Bindra Stadium, Mohali, Chandigarh",1,15.5,Punjab,Baroda,Anmolpreet Singh,N Wadhera,SI Sopariya,4,0,,,,,,,,,
1383568,2023/24,2023-11-06,"Punjab Cricket Association IS Bindra Stadium, Mohali, Chandigarh",1,15.6,Punjab,Baroda,Anmolpreet Singh,N Wadhera,SI Sopariya,1,0,,,,,,,,,
1383568,2023/24,2023-11-06,"Punjab Cricket Association IS Bindra Stadium, Mohali, Chandigarh",1,16.1,Punjab,Baroda,Anmolpreet Singh,N Wadhera,LI Meriwala,0,0,,,,,,,,,
1383568,2023/24,2023-11-06,"Punjab Cricket Association IS Bindra Stadium, Mohali, Chandigarh",1,16.2,Punjab,Baroda,Anmolpreet Singh,N Wadhera,LI Meriwala,1,0,,,,,,,,,
1383568,2023/24,2023-11-06,"Punjab Cricket Association IS Bindra Stadium, Mohali, Chandigarh",1,16.3,Punjab,Baroda,N Wadhera,Anmolpreet Singh,LI Meriwala,1,0,,,,,,,,,
1383568,2023/24,2023-11-06,"Punjab Cricket Association IS Bindra Stadium, Mohali, Chandigarh",1,16.4,Punjab,Baroda,Anmolpreet Singh,N Wadhera,LI Meriwala,6,0,,,,,,,,,
1383568,2023/24,2023-11-06,"Punjab Cricket Association IS Bindra Stadium, Mohali, Chandigarh",1,16.5,Punjab,Baroda,Anmolpreet Singh,N Wadhera,LI Meriwala,6,0,,,,,,,,,
1383568,2023/24,2023-11-06,"Punjab Cricket Association IS Bindra Stadium, Mohali, Chandigarh",1,16.6,Punjab,Baroda,Anmolpreet Singh,N Wadhera,LI Meriwala,6,0,,,,,,,,,
1383568,2023/24,2023-11-06,"Punjab Cricket Association IS Bindra Stadium, Mohali, Chandigarh",1,17.1,Punjab,Baroda,N Wadhera,Anmolpreet Singh,A Sheth,1,0,,,,,,,,,
1383568,2023/24,2023-11-06,"Punjab Cricket Association IS Bindra Stadium, Mohali, Chandigarh",1,17.2,Punjab,Baroda,Anmolpreet Singh,N Wadhera,A Sheth,1,0,,,,,,,,,
1383568,2023/24,2023-11-06,"Punjab Cricket Association IS Bindra Stadium, Mohali, Chandigarh",1,17.3,Punjab,Baroda,N Wadhera,Anmolpreet Singh,A Sheth,6,0,,,,,,,,,
1383568,2023/24,2023-11-06,"Punjab Cricket Association IS Bindra Stadium, Mohali, Chandigarh",1,17.4,Punjab,Baroda,N Wadhera,Anmolpreet Singh,A Sheth,0,0,,,,,,,,,
1383568,2023/24,2023-11-06,"Punjab Cricket Association IS Bindra Stadium, Mohali, Chandigarh",1,17.5,Punjab,Baroda,N Wadhera,Anmolpreet Singh,A Sheth,0,0,,,,,,,,,
1383568,2023/24,2023-11-06,"Punjab Cricket Association IS Bindra Stadium, Mohali, Chandigarh",1,17.6,Punjab,Baroda,N Wadhera,Anmolpreet Singh,A Sheth,6,0,,,,,,,,,
1383568,2023/24,2023-11-06,"Punjab Cricket Association IS Bindra Stadium, Mohali, Chandigarh",1,18.1,Punjab,Baroda,Anmolpreet Singh,N Wadhera,SI Sopariya,6,0,,,,,,,,,
1383568,2023/24,2023-11-06,"Punjab Cricket Association IS Bindra Stadium, Mohali, Chandigarh",1,18.2,Punjab,Baroda,Anmolpreet Singh,N Wadhera,SI Sopariya,2,0,,,,,,,,,
1383568,2023/24,2023-11-06,"Punjab Cricket Association IS Bindra Stadium, Mohali, Chandigarh",1,18.3,Punjab,Baroda,Anmolpreet Singh,N Wadhera,SI Sopariya,1,0,,,,,,,,,
1383568,2023/24,2023-11-06,"Punjab Cricket Association IS Bindra Stadium, Mohali, Chandigarh",1,18.4,Punjab,Baroda,N Wadhera,Anmolpreet Singh,SI Sopariya,1,0,,,,,,,,,
1383568,2023/24,2023-11-06,"Punjab Cricket Association IS Bindra Stadium, Mohali, Chandigarh",1,18.5,Punjab,Baroda,Anmolpreet Singh,N Wadhera,SI Sopariya,6,0,,,,,,,,,
1383568,2023/24,2023-11-06,"Punjab Cricket Association IS Bindra Stadium, Mohali, Chandigarh",1,18.6,Punjab,Baroda,Anmolpreet Singh,N Wadhera,SI Sopariya,6,0,,,,,,,,,
1383568,2023/24,2023-11-06,"Punjab Cricket Association IS Bindra Stadium, Mohali, Chandigarh",1,19.1,Punjab,Baroda,N Wadhera,Anmolpreet Singh,A Sheth,4,0,,,,,,,,,
1383568,2023/24,2023-11-06,"Punjab Cricket Association IS Bindra Stadium, Mohali, Chandigarh",1,19.2,Punjab,Baroda,N Wadhera,Anmolpreet Singh,A Sheth,6,0,,,,,,,,,
1383568,2023/24,2023-11-06,"Punjab Cricket Association IS Bindra Stadium, Mohali, Chandigarh",1,19.3,Punjab,Baroda,N Wadhera,Anmolpreet Singh,A Sheth,4,0,,,,,,,,,
1383568,2023/24,2023-11-06,"Punjab Cricket Association IS Bindra Stadium, Mohali, Chandigarh",1,19.4,Punjab,Baroda,N Wadhera,Anmolpreet Singh,A Sheth,0,1,,,,1,,,,,
1383568,2023/24,2023-11-06,"Punjab Cricket Association IS Bindra Stadium, Mohali, Chandigarh",1,19.5,Punjab,Baroda,Anmolpreet Singh,N Wadhera,A Sheth,0,1,1,,,,,run out,Anmolpreet Singh,,
1383568,2023/24,2023-11-06,"Punjab Cricket Association IS Bindra Stadium, Mohali, Chandigarh",1,19.6,Punjab,Baroda,N Wadhera,Sanvir Singh,A Sheth,1,0,,,,,,,,,
1383568,2023/24,2023-11-06,"Punjab Cricket Association IS Bindra Stadium, Mohali, Chandigarh",1,19.7,Punjab,Baroda,Sanvir Singh,N Wadhera,A Sheth,4,0,,,,,,,,,
1383568,2023/24,2023-11-06,"Punjab Cricket Association IS Bindra Stadium, Mohali, Chandigarh",2,0.1,Baroda,Punjab,Jyotsnil Singh,NA Rathva,Arshdeep Singh,2,0,,,,,,,,,
1383568,2023/24,2023-11-06,"Punjab Cricket Association IS Bindra Stadium, Mohali, Chandigarh",2,0.2,Baroda,Punjab,Jyotsnil Singh,NA Rathva,Arshdeep Singh,0,0,,,,,,,,,
1383568,2023/24,2023-11-06,"Punjab Cricket Association IS Bindra Stadium, Mohali, Chandigarh",2,0.3,Baroda,Punjab,Jyotsnil Singh,NA Rathva,Arshdeep Singh,1,0,,,,,,,,,
1383568,2023/24,2023-11-06,"Punjab Cricket Association IS Bindra Stadium, Mohali, Chandigarh",2,0.4,Baroda,Punjab,NA Rathva,Jyotsnil Singh,Arshdeep Singh,0,0,,,,,,,,,
1383568,2023/24,2023-11-06,"Punjab Cricket Association IS Bindra Stadium, Mohali, Chandigarh",2,0.5,Baroda,Punjab,NA Rathva,Jyotsnil Singh,Arshdeep Singh,1,0,,,,,,,,,
1383568,2023/24,2023-11-06,"Punjab Cricket Association IS Bindra Stadium, Mohali, Chandigarh",2,0.6,Baroda,Punjab,Jyotsnil Singh,NA Rathva,Arshdeep Singh,1,0,,,,,,,,,
1383568,2023/24,2023-11-06,"Punjab Cricket Association IS Bindra Stadium, Mohali, Chandigarh",2,1.1,Baroda,Punjab,Jyotsnil Singh,NA Rathva,S Kaul,0,0,,,,,,,,,
1383568,2023/24,2023-11-06,"Punjab Cricket Association IS Bindra Stadium, Mohali, Chandigarh",2,1.2,Baroda,Punjab,Jyotsnil Singh,NA Rathva,S Kaul,0,0,,,,,,caught,Jyotsnil Singh,,
1383568,2023/24,2023-11-06,"Punjab Cricket Association IS Bindra Stadium, Mohali, Chandigarh",2,1.3,Baroda,Punjab,AV Rajput,NA Rathva,S Kaul,2,0,,,,,,,,,
1383568,2023/24,2023-11-06,"Punjab Cricket Association IS Bindra Stadium, Mohali, Chandigarh",2,1.4,Baroda,Punjab,AV Rajput,NA Rathva,S Kaul,0,0,,,,,,,,,
1383568,2023/24,2023-11-06,"Punjab Cricket Association IS Bindra Stadium, Mohali, Chandigarh",2,1.5,Baroda,Punjab,AV Rajput,NA Rathva,S Kaul,0,0,,,,,,,,,
1383568,2023/24,2023-11-06,"Punjab Cricket Association IS Bindra Stadium, Mohali, Chandigarh",2,1.6,Baroda,Punjab,AV Rajput,NA Rathva,S Kaul,0,1,1,,,,,,,,
1383568,2023/24,2023-11-06,"Punjab Cricket Association IS Bindra Stadium, Mohali, Chandigarh",2,1.7,Baroda,Punjab,AV Rajput,NA Rathva,S Kaul,0,0,,,,,,,,,
1383568,2023/24,2023-11-06,"Punjab Cricket Association IS Bindra Stadium, Mohali, Chandigarh",2,2.1,Baroda,Punjab,NA Rathva,AV Rajput,Arshdeep Singh,0,4,,,,4,,,,,
1383568,2023/24,2023-11-06,"Punjab Cricket Association IS Bindra Stadium, Mohali, Chandigarh",2,2.2,Baroda,Punjab,NA Rathva,AV Rajput,Arshdeep Singh,1,0,,,,,,,,,
1383568,2023/24,2023-11-06,"Punjab Cricket Association IS Bindra Stadium, Mohali, Chandigarh",2,2.3,Baroda,Punjab,AV Rajput,NA Rathva,Arshdeep Singh,0,1,,,,1,,,,,
1383568,2023/24,2023-11-06,"Punjab Cricket Association IS Bindra Stadium, Mohali, Chandigarh",2,2.4,Baroda,Punjab,NA Rathva,AV Rajput,Arshdeep Singh,1,0,,,,,,,,,
1383568,2023/24,2023-11-06,"Punjab Cricket Association IS Bindra Stadium, Mohali, Chandigarh",2,2.5,Baroda,Punjab,AV Rajput,NA Rathva,Arshdeep Singh,1,0,,,,,,,,,
1383568,2023/24,2023-11-06,"Punjab Cricket Association IS Bindra Stadium, Mohali, Chandigarh",2,2.6,Baroda,Punjab,NA Rathva,AV Rajput,Arshdeep Singh,0,1,1,,,,,,,,
1383568,2023/24,2023-11-06,"Punjab Cricket Association IS Bindra Stadium, Mohali, Chandigarh",2,2.7,Baroda,Punjab,NA Rathva,AV Rajput,Arshdeep Singh,1,0,,,,,,,,,
1383568,2023/24,2023-11-06,"Punjab Cricket Association IS Bindra Stadium, Mohali, Chandigarh",2,3.1,Baroda,Punjab,NA Rathva,AV Rajput,S Kaul,4,0,,,,,,,,,
1383568,2023/24,2023-11-06,"Punjab Cricket Association IS Bindra Stadium, Mohali, Chandigarh",2,3.2,Baroda,Punjab,NA Rathva,AV Rajput,S Kaul,4,0,,,,,,,,,
1383568,2023/24,2023-11-06,"Punjab Cricket Association IS Bindra Stadium, Mohali, Chandigarh",2,3.3,Baroda,Punjab,NA Rathva,AV Rajput,S Kaul,1,0,,,,,,,,,
1383568,2023/24,2023-11-06,"Punjab Cricket Association IS Bindra Stadium, Mohali, Chandigarh",2,3.4,Baroda,Punjab,AV Rajput,NA Rathva,S Kaul,1,0,,,,,,,,,
1383568,2023/24,2023-11-06,"Punjab Cricket Association IS Bindra Stadium, Mohali, Chandigarh",2,3.5,Baroda,Punjab,NA Rathva,AV Rajput,S Kaul,6,0,,,,,,,,,
1383568,2023/24,2023-11-06,"Punjab Cricket Association IS Bindra Stadium, Mohali, Chandigarh",2,3.6,Baroda,Punjab,NA Rathva,AV Rajput,S Kaul,1,0,,,,,,,,,
1383568,2023/24,2023-11-06,"Punjab Cricket Association IS Bindra Stadium, Mohali, Chandigarh",2,4.1,Baroda,Punjab,NA Rathva,AV Rajput,Abhishek Sharma,0,0,,,,,,,,,
1383568,2023/24,2023-11-06,"Punjab Cricket Association IS Bindra Stadium, Mohali, Chandigarh",2,4.2,Baroda,Punjab,NA Rathva,AV Rajput,Abhishek Sharma,1,0,,,,,,,,,
1383568,2023/24,2023-11-06,"Punjab Cricket Association IS Bindra Stadium, Mohali, Chandigarh",2,4.3,Baroda,Punjab,AV Rajput,NA Rathva,Abhishek Sharma,1,0,,,,,,,,,
1383568,2023/24,2023-11-06,"Punjab Cricket Association IS Bindra Stadium, Mohali, Chandigarh",2,4.4,Baroda,Punjab,NA Rathva,AV Rajput,Abhishek Sharma,4,0,,,,,,,,,
1383568,2023/24,2023-11-06,"Punjab Cricket Association IS Bindra Stadium, Mohali, Chandigarh",2,4.5,Baroda,Punjab,NA Rathva,AV Rajput,Abhishek Sharma,6,0,,,,,,,,,
1383568,2023/24,2023-11-06,"Punjab Cricket Association IS Bindra Stadium, Mohali, Chandigarh",2,4.6,Baroda,Punjab,NA Rathva,AV Rajput,Abhishek Sharma,1,0,,,,,,,,,
1383568,2023/24,2023-11-06,"Punjab Cricket Association IS Bindra Stadium, Mohali, Chandigarh",2,5.1,Baroda,Punjab,NA Rathva,AV Rajput,Baltej Singh,6,0,,,,,,,,,
1383568,2023/24,2023-11-06,"Punjab Cricket Association IS Bindra Stadium, Mohali, Chandigarh",2,5.2,Baroda,Punjab,NA Rathva,AV Rajput,Baltej Singh,0,0,,,,,,,,,
1383568,2023/24,2023-11-06,"Punjab Cricket Association IS Bindra Stadium, Mohali, Chandigarh",2,5.3,Baroda,Punjab,NA Rathva,AV Rajput,Baltej Singh,4,0,,,,,,,,,
1383568,2023/24,2023-11-06,"Punjab Cricket Association IS Bindra Stadium, Mohali, Chandigarh",2,5.4,Baroda,Punjab,NA Rathva,AV Rajput,Baltej Singh,4,0,,,,,,,,,
1383568,2023/24,2023-11-06,"Punjab Cricket Association IS Bindra Stadium, Mohali, Chandigarh",2,5.5,Baroda,Punjab,NA Rathva,AV Rajput,Baltej Singh,1,0,,,,,,,,,
1383568,2023/24,2023-11-06,"Punjab Cricket Association IS Bindra Stadium, Mohali, Chandigarh",2,5.6,Baroda,Punjab,AV Rajput,NA Rathva,Baltej Singh,1,0,,,,,,,,,
1383568,2023/24,2023-11-06,"Punjab Cricket Association IS Bindra Stadium, Mohali, Chandigarh",2,6.1,Baroda,Punjab,AV Rajput,NA Rathva,Harpreet Brar,2,0,,,,,,,,,
1383568,2023/24,2023-11-06,"Punjab Cricket Association IS Bindra Stadium, Mohali, Chandigarh",2,6.2,Baroda,Punjab,AV Rajput,NA Rathva,Harpreet Brar,4,0,,,,,,,,,
1383568,2023/24,2023-11-06,"Punjab Cricket Association IS Bindra Stadium, Mohali, Chandigarh",2,6.3,Baroda,Punjab,AV Rajput,NA Rathva,Harpreet Brar,0,0,,,,,,,,,
1383568,2023/24,2023-11-06,"Punjab Cricket Association IS Bindra Stadium, Mohali, Chandigarh",2,6.4,Baroda,Punjab,AV Rajput,NA Rathva,Harpreet Brar,4,0,,,,,,,,,
1383568,2023/24,2023-11-06,"Punjab Cricket Association IS Bindra Stadium, Mohali, Chandigarh",2,6.5,Baroda,Punjab,AV Rajput,NA Rathva,Harpreet Brar,0,0,,,,,,,,,
1383568,2023/24,2023-11-06,"Punjab Cricket Association IS Bindra Stadium, Mohali, Chandigarh",2,6.6,Baroda,Punjab,AV Rajput,NA Rathva,Harpreet Brar,1,0,,,,,,,,,
1383568,2023/24,2023-11-06,"Punjab Cricket Association IS Bindra Stadium, Mohali, Chandigarh",2,7.1,Baroda,Punjab,AV Rajput,NA Rathva,M Markande,1,0,,,,,,,,,
1383568,2023/24,2023-11-06,"Punjab Cricket Association IS Bindra Stadium, Mohali, Chandigarh",2,7.2,Baroda,Punjab,NA Rathva,AV Rajput,M Markande,0,0,,,,,,stumped,NA Rathva,,
1383568,2023/24,2023-11-06,"Punjab Cricket Association IS Bindra Stadium, Mohali, Chandigarh",2,7.3,Baroda,Punjab,KH Pandya,AV Rajput,M Markande,1,0,,,,,,,,,
1383568,2023/24,2023-11-06,"Punjab Cricket Association IS Bindra Stadium, Mohali, Chandigarh",2,7.4,Baroda,Punjab,AV Rajput,KH Pandya,M Markande,0,0,,,,,,,,,
1383568,2023/24,2023-11-06,"Punjab Cricket Association IS Bindra Stadium, Mohali, Chandigarh",2,7.5,Baroda,Punjab,AV Rajput,KH Pandya,M Markande,1,0,,,,,,,,,
1383568,2023/24,2023-11-06,"Punjab Cricket Association IS Bindra Stadium, Mohali, Chandigarh",2,7.6,Baroda,Punjab,KH Pandya,AV Rajput,M Markande,1,0,,,,,,,,,
1383568,2023/24,2023-11-06,"Punjab Cricket Association IS Bindra Stadium, Mohali, Chandigarh",2,8.1,Baroda,Punjab,KH Pandya,AV Rajput,Harpreet Brar,1,0,,,,,,,,,
1383568,2023/24,2023-11-06,"Punjab Cricket Association IS Bindra Stadium, Mohali, Chandigarh",2,8.2,Baroda,Punjab,AV Rajput,KH Pandya,Harpreet Brar,1,0,,,,,,,,,
1383568,2023/24,2023-11-06,"Punjab Cricket Association IS Bindra Stadium, Mohali, Chandigarh",2,8.3,Baroda,Punjab,KH Pandya,AV Rajput,Harpreet Brar,1,0,,,,,,,,,
1383568,2023/24,2023-11-06,"Punjab Cricket Association IS Bindra Stadium, Mohali, Chandigarh",2,8.4,Baroda,Punjab,AV Rajput,KH Pandya,Harpreet Brar,0,0,,,,,,,,,
1383568,2023/24,2023-11-06,"Punjab Cricket Association IS Bindra Stadium, Mohali, Chandigarh",2,8.5,Baroda,Punjab,AV Rajput,KH Pandya,Harpreet Brar,2,0,,,,,,,,,
1383568,2023/24,2023-11-06,"Punjab Cricket Association IS Bindra Stadium, Mohali, Chandigarh",2,8.6,Baroda,Punjab,AV Rajput,KH Pandya,Harpreet Brar,0,0,,,,,,,,,
1383568,2023/24,2023-11-06,"Punjab Cricket Association IS Bindra Stadium, Mohali, Chandigarh",2,9.1,Baroda,Punjab,KH Pandya,AV Rajput,M Markande,1,0,,,,,,,,,
1383568,2023/24,2023-11-06,"Punjab Cricket Association IS Bindra Stadium, Mohali, Chandigarh",2,9.2,Baroda,Punjab,AV Rajput,KH Pandya,M Markande,1,0,,,,,,,,,
1383568,2023/24,2023-11-06,"Punjab Cricket Association IS Bindra Stadium, Mohali, Chandigarh",2,9.3,Baroda,Punjab,KH Pandya,AV Rajput,M Markande,1,0,,,,,,,,,
1383568,2023/24,2023-11-06,"Punjab Cricket Association IS Bindra Stadium, Mohali, Chandigarh",2,9.4,Baroda,Punjab,AV Rajput,KH Pandya,M Markande,0,0,,,,,,,,,
1383568,2023/24,2023-11-06,"Punjab Cricket Association IS Bindra Stadium, Mohali, Chandigarh",2,9.5,Baroda,Punjab,AV Rajput,KH Pandya,M Markande,1,0,,,,,,,,,
1383568,2023/24,2023-11-06,"Punjab Cricket Association IS Bindra Stadium, Mohali, Chandigarh",2,9.6,Baroda,Punjab,KH Pandya,AV Rajput,M Markande,1,0,,,,,,,,,
1383568,2023/24,2023-11-06,"Punjab Cricket Association IS Bindra Stadium, Mohali, Chandigarh",2,10.1,Baroda,Punjab,KH Pandya,AV Rajput,Baltej Singh,0,0,,,,,,,,,
1383568,2023/24,2023-11-06,"Punjab Cricket Association IS Bindra Stadium, Mohali, Chandigarh",2,10.2,Baroda,Punjab,KH Pandya,AV Rajput,Baltej Singh,4,0,,,,,,,,,
1383568,2023/24,2023-11-06,"Punjab Cricket Association IS Bindra Stadium, Mohali, Chandigarh",2,10.3,Baroda,Punjab,KH Pandya,AV Rajput,Baltej Singh,0,0,,,,,,,,,
1383568,2023/24,2023-11-06,"Punjab Cricket Association IS Bindra Stadium, Mohali, Chandigarh",2,10.4,Baroda,Punjab,KH Pandya,AV Rajput,Baltej Singh,1,0,,,,,,,,,
1383568,2023/24,2023-11-06,"Punjab Cricket Association IS Bindra Stadium, Mohali, Chandigarh",2,10.5,Baroda,Punjab,AV Rajput,KH Pandya,Baltej Singh,2,0,,,,,,,,,
1383568,2023/24,2023-11-06,"Punjab Cricket Association IS Bindra Stadium, Mohali, Chandigarh",2,10.6,Baroda,Punjab,AV Rajput,KH Pandya,Baltej Singh,0,0,,,,,,,,,
1383568,2023/24,2023-11-06,"Punjab Cricket Association IS Bindra Stadium, Mohali, Chandigarh",2,11.1,Baroda,Punjab,KH Pandya,AV Rajput,Harpreet Brar,1,0,,,,,,,,,
1383568,2023/24,2023-11-06,"Punjab Cricket Association IS Bindra Stadium, Mohali, Chandigarh",2,11.2,Baroda,Punjab,AV Rajput,KH Pandya,Harpreet Brar,1,0,,,,,,,,,
1383568,2023/24,2023-11-06,"Punjab Cricket Association IS Bindra Stadium, Mohali, Chandigarh",2,11.3,Baroda,Punjab,KH Pandya,AV Rajput,Harpreet Brar,6,0,,,,,,,,,
1383568,2023/24,2023-11-06,"Punjab Cricket Association IS Bindra Stadium, Mohali, Chandigarh",2,11.4,Baroda,Punjab,KH Pandya,AV Rajput,Harpreet Brar,1,0,,,,,,,,,
1383568,2023/24,2023-11-06,"Punjab Cricket Association IS Bindra Stadium, Mohali, Chandigarh",2,11.5,Baroda,Punjab,AV Rajput,KH Pandya,Harpreet Brar,1,0,,,,,,,,,
1383568,2023/24,2023-11-06,"Punjab Cricket Association IS Bindra Stadium, Mohali, Chandigarh",2,11.6,Baroda,Punjab,KH Pandya,AV Rajput,Harpreet Brar,1,0,,,,,,,,,
1383568,2023/24,2023-11-06,"Punjab Cricket Association IS Bindra Stadium, Mohali, Chandigarh",2,12.1,Baroda,Punjab,KH Pandya,AV Rajput,Baltej Singh,1,0,,,,,,,,,
1383568,2023/24,2023-11-06,"Punjab Cricket Association IS Bindra Stadium, Mohali, Chandigarh",2,12.2,Baroda,Punjab,AV Rajput,KH Pandya,Baltej Singh,0,0,,,,,,,,,
1383568,2023/24,2023-11-06,"Punjab Cricket Association IS Bindra Stadium, Mohali, Chandigarh",2,12.3,Baroda,Punjab,AV Rajput,KH Pandya,Baltej Singh,6,0,,,,,,,,,
1383568,2023/24,2023-11-06,"Punjab Cricket Association IS Bindra Stadium, Mohali, Chandigarh",2,12.4,Baroda,Punjab,AV Rajput,KH Pandya,Baltej Singh,1,0,,,,,,,,,
1383568,2023/24,2023-11-06,"Punjab Cricket Association IS Bindra Stadium, Mohali, Chandigarh",2,12.5,Baroda,Punjab,KH Pandya,AV Rajput,Baltej Singh,1,0,,,,,,,,,
1383568,2023/24,2023-11-06,"Punjab Cricket Association IS Bindra Stadium, Mohali, Chandigarh",2,12.6,Baroda,Punjab,AV Rajput,KH Pandya,Baltej Singh,2,0,,,,,,,,,
1383568,2023/24,2023-11-06,"Punjab Cricket Association IS Bindra Stadium, Mohali, Chandigarh",2,13.1,Baroda,Punjab,KH Pandya,AV Rajput,M Markande,2,0,,,,,,,,,
1383568,2023/24,2023-11-06,"Punjab Cricket Association IS Bindra Stadium, Mohali, Chandigarh",2,13.2,Baroda,Punjab,KH Pandya,AV Rajput,M Markande,0,1,,,,1,,,,,
1383568,2023/24,2023-11-06,"Punjab Cricket Association IS Bindra Stadium, Mohali, Chandigarh",2,13.3,Baroda,Punjab,AV Rajput,KH Pandya,M Markande,6,0,,,,,,,,,
1383568,2023/24,2023-11-06,"Punjab Cricket Association IS Bindra Stadium, Mohali, Chandigarh",2,13.4,Baroda,Punjab,AV Rajput,KH Pandya,M Markande,6,0,,,,,,,,,
1383568,2023/24,2023-11-06,"Punjab Cricket Association IS Bindra Stadium, Mohali, Chandigarh",2,13.5,Baroda,Punjab,AV Rajput,KH Pandya,M Markande,6,0,,,,,,,,,
1383568,2023/24,2023-11-06,"Punjab Cricket Association IS Bindra Stadium, Mohali, Chandigarh",2,13.6,Baroda,Punjab,AV Rajput,KH Pandya,M Markande,0,0,,,,,,,,,
1383568,2023/24,2023-11-06,"Punjab Cricket Association IS Bindra Stadium, Mohali, Chandigarh",2,14.1,Baroda,Punjab,KH Pandya,AV Rajput,S Kaul,2,0,,,,,,,,,
1383568,2023/24,2023-11-06,"Punjab Cricket Association IS Bindra Stadium, Mohali, Chandigarh",2,14.2,Baroda,Punjab,KH Pandya,AV Rajput,S Kaul,1,0,,,,,,,,,
1383568,2023/24,2023-11-06,"Punjab Cricket Association IS Bindra Stadium, Mohali, Chandigarh",2,14.3,Baroda,Punjab,AV Rajput,KH Pandya,S Kaul,1,0,,,,,,,,,
1383568,2023/24,2023-11-06,"Punjab Cricket Association IS Bindra Stadium, Mohali, Chandigarh",2,14.4,Baroda,Punjab,KH Pandya,AV Rajput,S Kaul,0,0,,,,,,,,,
1383568,2023/24,2023-11-06,"Punjab Cricket Association IS Bindra Stadium, Mohali, Chandigarh",2,14.5,Baroda,Punjab,KH Pandya,AV Rajput,S Kaul,4,0,,,,,,,,,
1383568,2023/24,2023-11-06,"Punjab Cricket Association IS Bindra Stadium, Mohali, Chandigarh",2,14.6,Baroda,Punjab,KH Pandya,AV Rajput,S Kaul,1,0,,,,,,,,,
1383568,2023/24,2023-11-06,"Punjab Cricket Association IS Bindra Stadium, Mohali, Chandigarh",2,15.1,Baroda,Punjab,KH Pandya,AV Rajput,Baltej Singh,2,0,,,,,,,,,
1383568,2023/24,2023-11-06,"Punjab Cricket Association IS Bindra Stadium, Mohali, Chandigarh",2,15.2,Baroda,Punjab,KH Pandya,AV Rajput,Baltej Singh,2,0,,,,,,,,,
1383568,2023/24,2023-11-06,"Punjab Cricket Association IS Bindra Stadium, Mohali, Chandigarh",2,15.3,Baroda,Punjab,KH Pandya,AV Rajput,Baltej Singh,1,0,,,,,,,,,
1383568,2023/24,2023-11-06,"Punjab Cricket Association IS Bindra Stadium, Mohali, Chandigarh",2,15.4,Baroda,Punjab,AV Rajput,KH Pandya,Baltej Singh,0,1,,,,1,,,,,
1383568,2023/24,2023-11-06,"Punjab Cricket Association IS Bindra Stadium, Mohali, Chandigarh",2,15.5,Baroda,Punjab,KH Pandya,AV Rajput,Baltej Singh,4,0,,,,,,,,,
1383568,2023/24,2023-11-06,"Punjab Cricket Association IS Bindra Stadium, Mohali, Chandigarh",2,15.6,Baroda,Punjab,KH Pandya,AV Rajput,Baltej Singh,0,0,,,,,,,,,
1383568,2023/24,2023-11-06,"Punjab Cricket Association IS Bindra Stadium, Mohali, Chandigarh",2,16.1,Baroda,Punjab,AV Rajput,KH Pandya,Arshdeep Singh,1,0,,,,,,,,,
1383568,2023/24,2023-11-06,"Punjab Cricket Association IS Bindra Stadium, Mohali, Chandigarh",2,16.2,Baroda,Punjab,KH Pandya,AV Rajput,Arshdeep Singh,1,0,,,,,,,,,
1383568,2023/24,2023-11-06,"Punjab Cricket Association IS Bindra Stadium, Mohali, Chandigarh",2,16.3,Baroda,Punjab,AV Rajput,KH Pandya,Arshdeep Singh,4,0,,,,,,,,,
1383568,2023/24,2023-11-06,"Punjab Cricket Association IS Bindra Stadium, Mohali, Chandigarh",2,16.4,Baroda,Punjab,AV Rajput,KH Pandya,Arshdeep Singh,0,0,,,,,,caught,AV Rajput,,
1383568,2023/24,2023-11-06,"Punjab Cricket Association IS Bindra Stadium, Mohali, Chandigarh",2,16.5,Baroda,Punjab,Vishnu Solanki,KH Pandya,Arshdeep Singh,1,0,,,,,,,,,
1383568,2023/24,2023-11-06,"Punjab Cricket Association IS Bindra Stadium, Mohali, Chandigarh",2,16.6,Baroda,Punjab,KH Pandya,Vishnu Solanki,Arshdeep Singh,2,0,,,,,,,,,
1383568,2023/24,2023-11-06,"Punjab Cricket Association IS Bindra Stadium, Mohali, Chandigarh",2,17.1,Baroda,Punjab,Vishnu Solanki,KH Pandya,S Kaul,6,0,,,,,,,,,
1383568,2023/24,2023-11-06,"Punjab Cricket Association IS Bindra Stadium, Mohali, Chandigarh",2,17.2,Baroda,Punjab,Vishnu Solanki,KH Pandya,S Kaul,0,0,,,,,,,,,
1383568,2023/24,2023-11-06,"Punjab Cricket Association IS Bindra Stadium, Mohali, Chandigarh",2,17.3,Baroda,Punjab,Vishnu Solanki,KH Pandya,S Kaul,4,0,,,,,,,,,
1383568,2023/24,2023-11-06,"Punjab Cricket Association IS Bindra Stadium, Mohali, Chandigarh",2,17.4,Baroda,Punjab,Vishnu Solanki,KH Pandya,S Kaul,4,0,,,,,,,,,
1383568,2023/24,2023-11-06,"Punjab Cricket Association IS Bindra Stadium, Mohali, Chandigarh",2,17.5,Baroda,Punjab,Vishnu Solanki,KH Pandya,S Kaul,4,0,,,,,,,,,
1383568,2023/24,2023-11-06,"Punjab Cricket Association IS Bindra Stadium, Mohali, Chandigarh",2,17.6,Baroda,Punjab,Vishnu Solanki,KH Pandya,S Kaul,6,0,,,,,,,,,
1383568,2023/24,2023-11-06,"Punjab Cricket Association IS Bindra Stadium, Mohali, Chandigarh",2,18.1,Baroda,Punjab,KH Pandya,Vishnu Solanki,Arshdeep Singh,0,0,,,,,,caught,KH Pandya,,
1383568,2023/24,2023-11-06,"Punjab Cricket Association IS Bindra Stadium, Mohali, Chandigarh",2,18.2,Baroda,Punjab,SS Sharma,Vishnu Solanki,Arshdeep Singh,0,1,1,,,,,,,,
1383568,2023/24,2023-11-06,"Punjab Cricket Association IS Bindra Stadium, Mohali, Chandigarh",2,18.3,Baroda,Punjab,SS Sharma,Vishnu Solanki,Arshdeep Singh,0,0,,,,,,caught,SS Sharma,,
1383568,2023/24,2023-11-06,"Punjab Cricket Association IS Bindra Stadium, Mohali, Chandigarh",2,18.4,Baroda,Punjab,Bhanu Pania,Vishnu Solanki,Arshdeep Singh,1,0,,,,,,,,,
1383568,2023/24,2023-11-06,"Punjab Cricket Association IS Bindra Stadium, Mohali, Chandigarh",2,18.5,Baroda,Punjab,Vishnu Solanki,Bhanu Pania,Arshdeep Singh,1,0,,,,,,,,,
1383568,2023/24,2023-11-06,"Punjab Cricket Association IS Bindra Stadium, Mohali, Chandigarh",2,18.6,Baroda,Punjab,Bhanu Pania,Vishnu Solanki,Arshdeep Singh,0,0,,,,,,caught,Bhanu Pania,,
1383568,2023/24,2023-11-06,"Punjab Cricket Association IS Bindra Stadium, Mohali, Chandigarh",2,18.7,Baroda,Punjab,A Sheth,Vishnu Solanki,Arshdeep Singh,0,1,1,,,,,,,,
1383568,2023/24,2023-11-06,"Punjab Cricket Association IS Bindra Stadium, Mohali, Chandigarh",2,18.8,Baroda,Punjab,A Sheth,Vishnu Solanki,Arshdeep Singh,0,0,,,,,,,,,
1383568,2023/24,2023-11-06,"Punjab Cricket Association IS Bindra Stadium, Mohali, Chandigarh",2,19.1,Baroda,Punjab,Vishnu Solanki,A Sheth,Harpreet Brar,0,0,,,,,,,,,
1383568,2023/24,2023-11-06,"Punjab Cricket Association IS Bindra Stadium, Mohali, Chandigarh",2,19.2,Baroda,Punjab,Vishnu Solanki,A Sheth,Harpreet Brar,2,0,,,,,,,,,
1383568,2023/24,2023-11-06,"Punjab Cricket Association IS Bindra Stadium, Mohali, Chandigarh",2,19.3,Baroda,Punjab,Vishnu Solanki,A Sheth,Harpreet Brar,0,0,,,,,,caught,Vishnu Solanki,,
1383568,2023/24,2023-11-06,"Punjab Cricket Association IS Bindra Stadium, Mohali, Chandigarh",2,19.4,Baroda,Punjab,Dhruv Patel,A Sheth,Harpreet Brar,6,0,,,,,,,,,
1383568,2023/24,2023-11-06,"Punjab Cricket Association IS Bindra Stadium, Mohali, Chandigarh",2,19.5,Baroda,Punjab,Dhruv Patel,A Sheth,Harpreet Brar,0,0,,,,,,,,,
1383568,2023/24,2023-11-06,"Punjab Cricket Association IS Bindra Stadium, Mohali, Chandigarh",2,19.6,Baroda,Punjab,Dhruv Patel,A Sheth,Harpreet Brar,0,0,,,,,,,,,
