match_id,season,start_date,venue,innings,ball,batting_team,bowling_team,striker,non_striker,bowler,runs_off_bat,extras,wides,noballs,byes,legbyes,penalty,wicket_type,player_dismissed,other_wicket_type,other_player_dismissed
1383527,2023/24,2023-10-25,"Sawai Mansingh Stadium, Jaipur",1,0.1,Jammu & Kashmir,Mizoram,Shubham Khajuria,Qamran Iqbal,Mohit Jangra,1,0,,,,,,,,,
1383527,2023/24,2023-10-25,"Sawai Mansingh Stadium, Jaipur",1,0.2,Jammu & Kashmir,Mizoram,Qamran Iqbal,Shubham Khajuria,Mohit Jangra,0,0,,,,,,,,,
1383527,2023/24,2023-10-25,"Sawai Mansingh Stadium, Jaipur",1,0.3,Jammu & Kashmir,Mizoram,Qamran Iqbal,Shubham Khajuria,Mohit Jangra,2,0,,,,,,,,,
1383527,2023/24,2023-10-25,"Sawai Mansingh Stadium, Jaipur",1,0.4,Jammu & Kashmir,Mizoram,Qamran Iqbal,Shubham Khajuria,Mohit Jangra,0,0,,,,,,,,,
1383527,2023/24,2023-10-25,"Sawai Mansingh Stadium, Jaipur",1,0.5,Jammu & Kashmir,Mizoram,Qamran Iqbal,Shubham Khajuria,Mohit Jangra,0,0,,,,,,,,,
1383527,2023/24,2023-10-25,"Sawai Mansingh Stadium, Jaipur",1,0.6,Jammu & Kashmir,Mizoram,Qamran Iqbal,Shubham Khajuria,Mohit Jangra,1,0,,,,,,,,,
1383527,2023/24,2023-10-25,"Sawai Mansingh Stadium, Jaipur",1,1.1,Jammu & Kashmir,Mizoram,Qamran Iqbal,Shubham Khajuria,KC Cariappa,0,0,,,,,,,,,
1383527,2023/24,2023-10-25,"Sawai Mansingh Stadium, Jaipur",1,1.2,Jammu & Kashmir,Mizoram,Qamran Iqbal,Shubham Khajuria,KC Cariappa,0,0,,,,,,,,,
1383527,2023/24,2023-10-25,"Sawai Mansingh Stadium, Jaipur",1,1.3,Jammu & Kashmir,Mizoram,Qamran Iqbal,Shubham Khajuria,KC Cariappa,4,0,,,,,,,,,
1383527,2023/24,2023-10-25,"Sawai Mansingh Stadium, Jaipur",1,1.4,Jammu & Kashmir,Mizoram,Qamran Iqbal,Shubham Khajuria,KC Cariappa,0,0,,,,,,,,,
1383527,2023/24,2023-10-25,"Sawai Mansingh Stadium, Jaipur",1,1.5,Jammu & Kashmir,Mizoram,Qamran Iqbal,Shubham Khajuria,KC Cariappa,0,0,,,,,,,,,
1383527,2023/24,2023-10-25,"Sawai Mansingh Stadium, Jaipur",1,1.6,Jammu & Kashmir,Mizoram,Qamran Iqbal,Shubham Khajuria,KC Cariappa,0,0,,,,,,,,,
1383527,2023/24,2023-10-25,"Sawai Mansingh Stadium, Jaipur",1,2.1,Jammu & Kashmir,Mizoram,Shubham Khajuria,Qamran Iqbal,Mohit Jangra,4,0,,,,,,,,,
1383527,2023/24,2023-10-25,"Sawai Mansingh Stadium, Jaipur",1,2.2,Jammu & Kashmir,Mizoram,Shubham Khajuria,Qamran Iqbal,Mohit Jangra,1,0,,,,,,,,,
1383527,2023/24,2023-10-25,"Sawai Mansingh Stadium, Jaipur",1,2.3,Jammu & Kashmir,Mizoram,Qamran Iqbal,Shubham Khajuria,Mohit Jangra,4,0,,,,,,,,,
1383527,2023/24,2023-10-25,"Sawai Mansingh Stadium, Jaipur",1,2.4,Jammu & Kashmir,Mizoram,Qamran Iqbal,Shubham Khajuria,Mohit Jangra,0,0,,,,,,,,,
1383527,2023/24,2023-10-25,"Sawai Mansingh Stadium, Jaipur",1,2.5,Jammu & Kashmir,Mizoram,Qamran Iqbal,Shubham Khajuria,Mohit Jangra,1,0,,,,,,,,,
1383527,2023/24,2023-10-25,"Sawai Mansingh Stadium, Jaipur",1,2.6,Jammu & Kashmir,Mizoram,Shubham Khajuria,Qamran Iqbal,Mohit Jangra,0,0,,,,,,,,,
1383527,2023/24,2023-10-25,"Sawai Mansingh Stadium, Jaipur",1,3.1,Jammu & Kashmir,Mizoram,Qamran Iqbal,Shubham Khajuria,KC Cariappa,0,0,,,,,,,,,
1383527,2023/24,2023-10-25,"Sawai Mansingh Stadium, Jaipur",1,3.2,Jammu & Kashmir,Mizoram,Qamran Iqbal,Shubham Khajuria,KC Cariappa,0,0,,,,,,,,,
1383527,2023/24,2023-10-25,"Sawai Mansingh Stadium, Jaipur",1,3.3,Jammu & Kashmir,Mizoram,Qamran Iqbal,Shubham Khajuria,KC Cariappa,0,0,,,,,,,,,
1383527,2023/24,2023-10-25,"Sawai Mansingh Stadium, Jaipur",1,3.4,Jammu & Kashmir,Mizoram,Qamran Iqbal,Shubham Khajuria,KC Cariappa,0,0,,,,,,,,,
1383527,2023/24,2023-10-25,"Sawai Mansingh Stadium, Jaipur",1,3.5,Jammu & Kashmir,Mizoram,Qamran Iqbal,Shubham Khajuria,KC Cariappa,0,0,,,,,,,,,
1383527,2023/24,2023-10-25,"Sawai Mansingh Stadium, Jaipur",1,3.6,Jammu & Kashmir,Mizoram,Qamran Iqbal,Shubham Khajuria,KC Cariappa,1,0,,,,,,,,,
1383527,2023/24,2023-10-25,"Sawai Mansingh Stadium, Jaipur",1,4.1,Jammu & Kashmir,Mizoram,Qamran Iqbal,Shubham Khajuria,Lalhruai Ralte,0,0,,,,,,,,,
1383527,2023/24,2023-10-25,"Sawai Mansingh Stadium, Jaipur",1,4.2,Jammu & Kashmir,Mizoram,Qamran Iqbal,Shubham Khajuria,Lalhruai Ralte,0,0,,,,,,,,,
1383527,2023/24,2023-10-25,"Sawai Mansingh Stadium, Jaipur",1,4.3,Jammu & Kashmir,Mizoram,Qamran Iqbal,Shubham Khajuria,Lalhruai Ralte,1,0,,,,,,,,,
1383527,2023/24,2023-10-25,"Sawai Mansingh Stadium, Jaipur",1,4.4,Jammu & Kashmir,Mizoram,Shubham Khajuria,Qamran Iqbal,Lalhruai Ralte,4,0,,,,,,,,,
1383527,2023/24,2023-10-25,"Sawai Mansingh Stadium, Jaipur",1,4.5,Jammu & Kashmir,Mizoram,Shubham Khajuria,Qamran Iqbal,Lalhruai Ralte,4,0,,,,,,,,,
1383527,2023/24,2023-10-25,"Sawai Mansingh Stadium, Jaipur",1,4.6,Jammu & Kashmir,Mizoram,Shubham Khajuria,Qamran Iqbal,Lalhruai Ralte,5,0,,,,,,,,,
1383527,2023/24,2023-10-25,"Sawai Mansingh Stadium, Jaipur",1,5.1,Jammu & Kashmir,Mizoram,Shubham Khajuria,Qamran Iqbal,Remruatdika Ralte,1,0,,,,,,,,,
1383527,2023/24,2023-10-25,"Sawai Mansingh Stadium, Jaipur",1,5.2,Jammu & Kashmir,Mizoram,Qamran Iqbal,Shubham Khajuria,Remruatdika Ralte,4,0,,,,,,,,,
1383527,2023/24,2023-10-25,"Sawai Mansingh Stadium, Jaipur",1,5.3,Jammu & Kashmir,Mizoram,Qamran Iqbal,Shubham Khajuria,Remruatdika Ralte,6,0,,,,,,,,,
1383527,2023/24,2023-10-25,"Sawai Mansingh Stadium, Jaipur",1,5.4,Jammu & Kashmir,Mizoram,Qamran Iqbal,Shubham Khajuria,Remruatdika Ralte,0,0,,,,,,,,,
1383527,2023/24,2023-10-25,"Sawai Mansingh Stadium, Jaipur",1,5.5,Jammu & Kashmir,Mizoram,Qamran Iqbal,Shubham Khajuria,Remruatdika Ralte,4,0,,,,,,,,,
1383527,2023/24,2023-10-25,"Sawai Mansingh Stadium, Jaipur",1,5.6,Jammu & Kashmir,Mizoram,Qamran Iqbal,Shubham Khajuria,Remruatdika Ralte,0,0,,,,,,,,,
1383527,2023/24,2023-10-25,"Sawai Mansingh Stadium, Jaipur",1,6.1,Jammu & Kashmir,Mizoram,Shubham Khajuria,Qamran Iqbal,Lalhruai Ralte,1,0,,,,,,,,,
1383527,2023/24,2023-10-25,"Sawai Mansingh Stadium, Jaipur",1,6.2,Jammu & Kashmir,Mizoram,Qamran Iqbal,Shubham Khajuria,Lalhruai Ralte,0,0,,,,,,caught,Qamran Iqbal,,
1383527,2023/24,2023-10-25,"Sawai Mansingh Stadium, Jaipur",1,6.3,Jammu & Kashmir,Mizoram,Henan Nazir,Shubham Khajuria,Lalhruai Ralte,0,0,,,,,,,,,
1383527,2023/24,2023-10-25,"Sawai Mansingh Stadium, Jaipur",1,6.4,Jammu & Kashmir,Mizoram,Henan Nazir,Shubham Khajuria,Lalhruai Ralte,1,0,,,,,,,,,
1383527,2023/24,2023-10-25,"Sawai Mansingh Stadium, Jaipur",1,6.5,Jammu & Kashmir,Mizoram,Shubham Khajuria,Henan Nazir,Lalhruai Ralte,1,0,,,,,,,,,
1383527,2023/24,2023-10-25,"Sawai Mansingh Stadium, Jaipur",1,6.6,Jammu & Kashmir,Mizoram,Henan Nazir,Shubham Khajuria,Lalhruai Ralte,0,0,,,,,,,,,
1383527,2023/24,2023-10-25,"Sawai Mansingh Stadium, Jaipur",1,7.1,Jammu & Kashmir,Mizoram,Shubham Khajuria,Henan Nazir,TC Vanlalremruata,0,0,,,,,,,,,
1383527,2023/24,2023-10-25,"Sawai Mansingh Stadium, Jaipur",1,7.2,Jammu & Kashmir,Mizoram,Shubham Khajuria,Henan Nazir,TC Vanlalremruata,1,0,,,,,,,,,
1383527,2023/24,2023-10-25,"Sawai Mansingh Stadium, Jaipur",1,7.3,Jammu & Kashmir,Mizoram,Henan Nazir,Shubham Khajuria,TC Vanlalremruata,0,0,,,,,,,,,
1383527,2023/24,2023-10-25,"Sawai Mansingh Stadium, Jaipur",1,7.4,Jammu & Kashmir,Mizoram,Henan Nazir,Shubham Khajuria,TC Vanlalremruata,1,0,,,,,,,,,
1383527,2023/24,2023-10-25,"Sawai Mansingh Stadium, Jaipur",1,7.5,Jammu & Kashmir,Mizoram,Shubham Khajuria,Henan Nazir,TC Vanlalremruata,1,0,,,,,,,,,
1383527,2023/24,2023-10-25,"Sawai Mansingh Stadium, Jaipur",1,7.6,Jammu & Kashmir,Mizoram,Henan Nazir,Shubham Khajuria,TC Vanlalremruata,1,0,,,,,,,,,
1383527,2023/24,2023-10-25,"Sawai Mansingh Stadium, Jaipur",1,8.1,Jammu & Kashmir,Mizoram,Henan Nazir,Shubham Khajuria,Lalhruai Ralte,1,0,,,,,,,,,
1383527,2023/24,2023-10-25,"Sawai Mansingh Stadium, Jaipur",1,8.2,Jammu & Kashmir,Mizoram,Shubham Khajuria,Henan Nazir,Lalhruai Ralte,1,0,,,,,,,,,
1383527,2023/24,2023-10-25,"Sawai Mansingh Stadium, Jaipur",1,8.3,Jammu & Kashmir,Mizoram,Henan Nazir,Shubham Khajuria,Lalhruai Ralte,1,0,,,,,,,,,
1383527,2023/24,2023-10-25,"Sawai Mansingh Stadium, Jaipur",1,8.4,Jammu & Kashmir,Mizoram,Shubham Khajuria,Henan Nazir,Lalhruai Ralte,1,0,,,,,,,,,
1383527,2023/24,2023-10-25,"Sawai Mansingh Stadium, Jaipur",1,8.5,Jammu & Kashmir,Mizoram,Henan Nazir,Shubham Khajuria,Lalhruai Ralte,1,0,,,,,,,,,
1383527,2023/24,2023-10-25,"Sawai Mansingh Stadium, Jaipur",1,8.6,Jammu & Kashmir,Mizoram,Shubham Khajuria,Henan Nazir,Lalhruai Ralte,4,0,,,,,,,,,
1383527,2023/24,2023-10-25,"Sawai Mansingh Stadium, Jaipur",1,9.1,Jammu & Kashmir,Mizoram,Henan Nazir,Shubham Khajuria,TC Vanlalremruata,1,0,,,,,,,,,
1383527,2023/24,2023-10-25,"Sawai Mansingh Stadium, Jaipur",1,9.2,Jammu & Kashmir,Mizoram,Shubham Khajuria,Henan Nazir,TC Vanlalremruata,2,0,,,,,,,,,
1383527,2023/24,2023-10-25,"Sawai Mansingh Stadium, Jaipur",1,9.3,Jammu & Kashmir,Mizoram,Shubham Khajuria,Henan Nazir,TC Vanlalremruata,1,0,,,,,,,,,
1383527,2023/24,2023-10-25,"Sawai Mansingh Stadium, Jaipur",1,9.4,Jammu & Kashmir,Mizoram,Henan Nazir,Shubham Khajuria,TC Vanlalremruata,1,0,,,,,,,,,
1383527,2023/24,2023-10-25,"Sawai Mansingh Stadium, Jaipur",1,9.5,Jammu & Kashmir,Mizoram,Shubham Khajuria,Henan Nazir,TC Vanlalremruata,0,0,,,,,,,,,
1383527,2023/24,2023-10-25,"Sawai Mansingh Stadium, Jaipur",1,9.6,Jammu & Kashmir,Mizoram,Shubham Khajuria,Henan Nazir,TC Vanlalremruata,6,0,,,,,,,,,
1383527,2023/24,2023-10-25,"Sawai Mansingh Stadium, Jaipur",1,10.1,Jammu & Kashmir,Mizoram,Henan Nazir,Shubham Khajuria,G Lalbiakvela,0,0,,,,,,,,,
1383527,2023/24,2023-10-25,"Sawai Mansingh Stadium, Jaipur",1,10.2,Jammu & Kashmir,Mizoram,Henan Nazir,Shubham Khajuria,G Lalbiakvela,1,0,,,,,,,,,
1383527,2023/24,2023-10-25,"Sawai Mansingh Stadium, Jaipur",1,10.3,Jammu & Kashmir,Mizoram,Shubham Khajuria,Henan Nazir,G Lalbiakvela,1,0,,,,,,,,,
1383527,2023/24,2023-10-25,"Sawai Mansingh Stadium, Jaipur",1,10.4,Jammu & Kashmir,Mizoram,Henan Nazir,Shubham Khajuria,G Lalbiakvela,1,0,,,,,,,,,
1383527,2023/24,2023-10-25,"Sawai Mansingh Stadium, Jaipur",1,10.5,Jammu & Kashmir,Mizoram,Shubham Khajuria,Henan Nazir,G Lalbiakvela,6,0,,,,,,,,,
1383527,2023/24,2023-10-25,"Sawai Mansingh Stadium, Jaipur",1,10.6,Jammu & Kashmir,Mizoram,Shubham Khajuria,Henan Nazir,G Lalbiakvela,1,0,,,,,,,,,
1383527,2023/24,2023-10-25,"Sawai Mansingh Stadium, Jaipur",1,11.1,Jammu & Kashmir,Mizoram,Shubham Khajuria,Henan Nazir,TC Vanlalremruata,1,0,,,,,,,,,
1383527,2023/24,2023-10-25,"Sawai Mansingh Stadium, Jaipur",1,11.2,Jammu & Kashmir,Mizoram,Henan Nazir,Shubham Khajuria,TC Vanlalremruata,0,0,,,,,,,,,
1383527,2023/24,2023-10-25,"Sawai Mansingh Stadium, Jaipur",1,11.3,Jammu & Kashmir,Mizoram,Henan Nazir,Shubham Khajuria,TC Vanlalremruata,1,0,,,,,,,,,
1383527,2023/24,2023-10-25,"Sawai Mansingh Stadium, Jaipur",1,11.4,Jammu & Kashmir,Mizoram,Shubham Khajuria,Henan Nazir,TC Vanlalremruata,2,0,,,,,,,,,
1383527,2023/24,2023-10-25,"Sawai Mansingh Stadium, Jaipur",1,11.5,Jammu & Kashmir,Mizoram,Shubham Khajuria,Henan Nazir,TC Vanlalremruata,1,0,,,,,,,,,
1383527,2023/24,2023-10-25,"Sawai Mansingh Stadium, Jaipur",1,11.6,Jammu & Kashmir,Mizoram,Henan Nazir,Shubham Khajuria,TC Vanlalremruata,1,0,,,,,,,,,
1383527,2023/24,2023-10-25,"Sawai Mansingh Stadium, Jaipur",1,12.1,Jammu & Kashmir,Mizoram,Henan Nazir,Shubham Khajuria,G Lalbiakvela,1,0,,,,,,,,,
1383527,2023/24,2023-10-25,"Sawai Mansingh Stadium, Jaipur",1,12.2,Jammu & Kashmir,Mizoram,Shubham Khajuria,Henan Nazir,G Lalbiakvela,2,0,,,,,,,,,
1383527,2023/24,2023-10-25,"Sawai Mansingh Stadium, Jaipur",1,12.3,Jammu & Kashmir,Mizoram,Shubham Khajuria,Henan Nazir,G Lalbiakvela,0,0,,,,,,caught,Shubham Khajuria,,
1383527,2023/24,2023-10-25,"Sawai Mansingh Stadium, Jaipur",1,12.4,Jammu & Kashmir,Mizoram,Shubham Pundir,Henan Nazir,G Lalbiakvela,1,0,,,,,,,,,
1383527,2023/24,2023-10-25,"Sawai Mansingh Stadium, Jaipur",1,12.5,Jammu & Kashmir,Mizoram,Henan Nazir,Shubham Pundir,G Lalbiakvela,1,0,,,,,,,,,
1383527,2023/24,2023-10-25,"Sawai Mansingh Stadium, Jaipur",1,12.6,Jammu & Kashmir,Mizoram,Shubham Pundir,Henan Nazir,G Lalbiakvela,0,0,,,,,,,,,
1383527,2023/24,2023-10-25,"Sawai Mansingh Stadium, Jaipur",1,13.1,Jammu & Kashmir,Mizoram,Henan Nazir,Shubham Pundir,TC Vanlalremruata,2,0,,,,,,,,,
1383527,2023/24,2023-10-25,"Sawai Mansingh Stadium, Jaipur",1,13.2,Jammu & Kashmir,Mizoram,Henan Nazir,Shubham Pundir,TC Vanlalremruata,1,0,,,,,,,,,
1383527,2023/24,2023-10-25,"Sawai Mansingh Stadium, Jaipur",1,13.3,Jammu & Kashmir,Mizoram,Shubham Pundir,Henan Nazir,TC Vanlalremruata,1,0,,,,,,,,,
1383527,2023/24,2023-10-25,"Sawai Mansingh Stadium, Jaipur",1,13.4,Jammu & Kashmir,Mizoram,Henan Nazir,Shubham Pundir,TC Vanlalremruata,1,0,,,,,,,,,
1383527,2023/24,2023-10-25,"Sawai Mansingh Stadium, Jaipur",1,13.5,Jammu & Kashmir,Mizoram,Shubham Pundir,Henan Nazir,TC Vanlalremruata,6,0,,,,,,,,,
1383527,2023/24,2023-10-25,"Sawai Mansingh Stadium, Jaipur",1,13.6,Jammu & Kashmir,Mizoram,Shubham Pundir,Henan Nazir,TC Vanlalremruata,1,0,,,,,,,,,
1383527,2023/24,2023-10-25,"Sawai Mansingh Stadium, Jaipur",1,14.1,Jammu & Kashmir,Mizoram,Shubham Pundir,Henan Nazir,G Lalbiakvela,1,0,,,,,,,,,
1383527,2023/24,2023-10-25,"Sawai Mansingh Stadium, Jaipur",1,14.2,Jammu & Kashmir,Mizoram,Henan Nazir,Shubham Pundir,G Lalbiakvela,1,0,,,,,,,,,
1383527,2023/24,2023-10-25,"Sawai Mansingh Stadium, Jaipur",1,14.3,Jammu & Kashmir,Mizoram,Shubham Pundir,Henan Nazir,G Lalbiakvela,1,0,,,,,,,,,
1383527,2023/24,2023-10-25,"Sawai Mansingh Stadium, Jaipur",1,14.4,Jammu & Kashmir,Mizoram,Henan Nazir,Shubham Pundir,G Lalbiakvela,1,0,,,,,,,,,
1383527,2023/24,2023-10-25,"Sawai Mansingh Stadium, Jaipur",1,14.5,Jammu & Kashmir,Mizoram,Shubham Pundir,Henan Nazir,G Lalbiakvela,0,0,,,,,,,,,
1383527,2023/24,2023-10-25,"Sawai Mansingh Stadium, Jaipur",1,14.6,Jammu & Kashmir,Mizoram,Shubham Pundir,Henan Nazir,G Lalbiakvela,1,0,,,,,,,,,
1383527,2023/24,2023-10-25,"Sawai Mansingh Stadium, Jaipur",1,15.1,Jammu & Kashmir,Mizoram,Shubham Pundir,Henan Nazir,Remruatdika Ralte,1,0,,,,,,,,,
1383527,2023/24,2023-10-25,"Sawai Mansingh Stadium, Jaipur",1,15.2,Jammu & Kashmir,Mizoram,Henan Nazir,Shubham Pundir,Remruatdika Ralte,1,0,,,,,,,,,
1383527,2023/24,2023-10-25,"Sawai Mansingh Stadium, Jaipur",1,15.3,Jammu & Kashmir,Mizoram,Shubham Pundir,Henan Nazir,Remruatdika Ralte,0,0,,,,,,bowled,Shubham Pundir,,
1383527,2023/24,2023-10-25,"Sawai Mansingh Stadium, Jaipur",1,15.4,Jammu & Kashmir,Mizoram,Fazil Rashid,Henan Nazir,Remruatdika Ralte,0,0,,,,,,,,,
1383527,2023/24,2023-10-25,"Sawai Mansingh Stadium, Jaipur",1,15.5,Jammu & Kashmir,Mizoram,Fazil Rashid,Henan Nazir,Remruatdika Ralte,1,0,,,,,,,,,
1383527,2023/24,2023-10-25,"Sawai Mansingh Stadium, Jaipur",1,15.6,Jammu & Kashmir,Mizoram,Henan Nazir,Fazil Rashid,Remruatdika Ralte,0,1,1,,,,,,,,
1383527,2023/24,2023-10-25,"Sawai Mansingh Stadium, Jaipur",1,15.7,Jammu & Kashmir,Mizoram,Henan Nazir,Fazil Rashid,Remruatdika Ralte,1,0,,,,,,,,,
1383527,2023/24,2023-10-25,"Sawai Mansingh Stadium, Jaipur",1,16.1,Jammu & Kashmir,Mizoram,Henan Nazir,Fazil Rashid,KC Cariappa,0,0,,,,,,,,,
1383527,2023/24,2023-10-25,"Sawai Mansingh Stadium, Jaipur",1,16.2,Jammu & Kashmir,Mizoram,Henan Nazir,Fazil Rashid,KC Cariappa,4,0,,,,,,,,,
1383527,2023/24,2023-10-25,"Sawai Mansingh Stadium, Jaipur",1,16.3,Jammu & Kashmir,Mizoram,Henan Nazir,Fazil Rashid,KC Cariappa,2,0,,,,,,,,,
1383527,2023/24,2023-10-25,"Sawai Mansingh Stadium, Jaipur",1,16.4,Jammu & Kashmir,Mizoram,Henan Nazir,Fazil Rashid,KC Cariappa,0,0,,,,,,,,,
1383527,2023/24,2023-10-25,"Sawai Mansingh Stadium, Jaipur",1,16.5,Jammu & Kashmir,Mizoram,Henan Nazir,Fazil Rashid,KC Cariappa,1,0,,,,,,,,,
1383527,2023/24,2023-10-25,"Sawai Mansingh Stadium, Jaipur",1,16.6,Jammu & Kashmir,Mizoram,Fazil Rashid,Henan Nazir,KC Cariappa,1,0,,,,,,,,,
1383527,2023/24,2023-10-25,"Sawai Mansingh Stadium, Jaipur",1,17.1,Jammu & Kashmir,Mizoram,Fazil Rashid,Henan Nazir,Mohit Jangra,2,0,,,,,,,,,
1383527,2023/24,2023-10-25,"Sawai Mansingh Stadium, Jaipur",1,17.2,Jammu & Kashmir,Mizoram,Fazil Rashid,Henan Nazir,Mohit Jangra,1,0,,,,,,,,,
1383527,2023/24,2023-10-25,"Sawai Mansingh Stadium, Jaipur",1,17.3,Jammu & Kashmir,Mizoram,Henan Nazir,Fazil Rashid,Mohit Jangra,1,0,,,,,,,,,
1383527,2023/24,2023-10-25,"Sawai Mansingh Stadium, Jaipur",1,17.4,Jammu & Kashmir,Mizoram,Fazil Rashid,Henan Nazir,Mohit Jangra,2,0,,,,,,,,,
1383527,2023/24,2023-10-25,"Sawai Mansingh Stadium, Jaipur",1,17.5,Jammu & Kashmir,Mizoram,Fazil Rashid,Henan Nazir,Mohit Jangra,4,0,,,,,,,,,
1383527,2023/24,2023-10-25,"Sawai Mansingh Stadium, Jaipur",1,17.6,Jammu & Kashmir,Mizoram,Fazil Rashid,Henan Nazir,Mohit Jangra,1,0,,,,,,,,,
1383527,2023/24,2023-10-25,"Sawai Mansingh Stadium, Jaipur",1,18.1,Jammu & Kashmir,Mizoram,Fazil Rashid,Henan Nazir,KC Cariappa,0,0,,,,,,,,,
1383527,2023/24,2023-10-25,"Sawai Mansingh Stadium, Jaipur",1,18.2,Jammu & Kashmir,Mizoram,Fazil Rashid,Henan Nazir,KC Cariappa,0,0,,,,,,,,,
1383527,2023/24,2023-10-25,"Sawai Mansingh Stadium, Jaipur",1,18.3,Jammu & Kashmir,Mizoram,Fazil Rashid,Henan Nazir,KC Cariappa,4,0,,,,,,,,,
1383527,2023/24,2023-10-25,"Sawai Mansingh Stadium, Jaipur",1,18.4,Jammu & Kashmir,Mizoram,Fazil Rashid,Henan Nazir,KC Cariappa,0,0,,,,,,,,,
1383527,2023/24,2023-10-25,"Sawai Mansingh Stadium, Jaipur",1,18.5,Jammu & Kashmir,Mizoram,Fazil Rashid,Henan Nazir,KC Cariappa,1,0,,,,,,,,,
1383527,2023/24,2023-10-25,"Sawai Mansingh Stadium, Jaipur",1,18.6,Jammu & Kashmir,Mizoram,Henan Nazir,Fazil Rashid,KC Cariappa,1,1,,1,,,,,,,
1383527,2023/24,2023-10-25,"Sawai Mansingh Stadium, Jaipur",1,18.7,Jammu & Kashmir,Mizoram,Fazil Rashid,Henan Nazir,KC Cariappa,2,0,,,,,,,,,
1383527,2023/24,2023-10-25,"Sawai Mansingh Stadium, Jaipur",1,19.1,Jammu & Kashmir,Mizoram,Henan Nazir,Fazil Rashid,Mohit Jangra,0,0,,,,,,,,,
1383527,2023/24,2023-10-25,"Sawai Mansingh Stadium, Jaipur",1,19.2,Jammu & Kashmir,Mizoram,Henan Nazir,Fazil Rashid,Mohit Jangra,0,0,,,,,,,,,
1383527,2023/24,2023-10-25,"Sawai Mansingh Stadium, Jaipur",1,19.3,Jammu & Kashmir,Mizoram,Henan Nazir,Fazil Rashid,Mohit Jangra,0,0,,,,,,caught,Henan Nazir,,
1383527,2023/24,2023-10-25,"Sawai Mansingh Stadium, Jaipur",1,19.4,Jammu & Kashmir,Mizoram,Yudhvir Singh,Fazil Rashid,Mohit Jangra,1,0,,,,,,,,,
1383527,2023/24,2023-10-25,"Sawai Mansingh Stadium, Jaipur",1,19.5,Jammu & Kashmir,Mizoram,Fazil Rashid,Yudhvir Singh,Mohit Jangra,4,0,,,,,,,,,
1383527,2023/24,2023-10-25,"Sawai Mansingh Stadium, Jaipur",1,19.6,Jammu & Kashmir,Mizoram,Fazil Rashid,Yudhvir Singh,Mohit Jangra,2,0,,,,,,,,,
1383527,2023/24,2023-10-25,"Sawai Mansingh Stadium, Jaipur",2,0.1,Mizoram,Jammu & Kashmir,Lalhruaizela,AD Chopra,Yudhvir Singh,0,0,,,,,,,,,
1383527,2023/24,2023-10-25,"Sawai Mansingh Stadium, Jaipur",2,0.2,Mizoram,Jammu & Kashmir,Lalhruaizela,AD Chopra,Yudhvir Singh,0,0,,,,,,bowled,Lalhruaizela,,
1383527,2023/24,2023-10-25,"Sawai Mansingh Stadium, Jaipur",2,0.3,Mizoram,Jammu & Kashmir,J Anderson,AD Chopra,Yudhvir Singh,0,0,,,,,,,,,
1383527,2023/24,2023-10-25,"Sawai Mansingh Stadium, Jaipur",2,0.4,Mizoram,Jammu & Kashmir,J Anderson,AD Chopra,Yudhvir Singh,0,0,,,,,,,,,
1383527,2023/24,2023-10-25,"Sawai Mansingh Stadium, Jaipur",2,0.5,Mizoram,Jammu & Kashmir,J Anderson,AD Chopra,Yudhvir Singh,0,1,1,,,,,,,,
1383527,2023/24,2023-10-25,"Sawai Mansingh Stadium, Jaipur",2,0.6,Mizoram,Jammu & Kashmir,J Anderson,AD Chopra,Yudhvir Singh,0,0,,,,,,,,,
1383527,2023/24,2023-10-25,"Sawai Mansingh Stadium, Jaipur",2,0.7,Mizoram,Jammu & Kashmir,J Anderson,AD Chopra,Yudhvir Singh,1,0,,,,,,,,,
1383527,2023/24,2023-10-25,"Sawai Mansingh Stadium, Jaipur",2,1.1,Mizoram,Jammu & Kashmir,J Anderson,AD Chopra,Rasikh Salam,0,0,,,,,,,,,
1383527,2023/24,2023-10-25,"Sawai Mansingh Stadium, Jaipur",2,1.2,Mizoram,Jammu & Kashmir,J Anderson,AD Chopra,Rasikh Salam,0,0,,,,,,,,,
1383527,2023/24,2023-10-25,"Sawai Mansingh Stadium, Jaipur",2,1.3,Mizoram,Jammu & Kashmir,J Anderson,AD Chopra,Rasikh Salam,0,0,,,,,,,,,
1383527,2023/24,2023-10-25,"Sawai Mansingh Stadium, Jaipur",2,1.4,Mizoram,Jammu & Kashmir,J Anderson,AD Chopra,Rasikh Salam,0,0,,,,,,,,,
1383527,2023/24,2023-10-25,"Sawai Mansingh Stadium, Jaipur",2,1.5,Mizoram,Jammu & Kashmir,J Anderson,AD Chopra,Rasikh Salam,1,0,,,,,,,,,
1383527,2023/24,2023-10-25,"Sawai Mansingh Stadium, Jaipur",2,1.6,Mizoram,Jammu & Kashmir,AD Chopra,J Anderson,Rasikh Salam,4,0,,,,,,,,,
1383527,2023/24,2023-10-25,"Sawai Mansingh Stadium, Jaipur",2,2.1,Mizoram,Jammu & Kashmir,J Anderson,AD Chopra,Yudhvir Singh,0,0,,,,,,,,,
1383527,2023/24,2023-10-25,"Sawai Mansingh Stadium, Jaipur",2,2.2,Mizoram,Jammu & Kashmir,J Anderson,AD Chopra,Yudhvir Singh,0,0,,,,,,,,,
1383527,2023/24,2023-10-25,"Sawai Mansingh Stadium, Jaipur",2,2.3,Mizoram,Jammu & Kashmir,J Anderson,AD Chopra,Yudhvir Singh,1,0,,,,,,,,,
1383527,2023/24,2023-10-25,"Sawai Mansingh Stadium, Jaipur",2,2.4,Mizoram,Jammu & Kashmir,AD Chopra,J Anderson,Yudhvir Singh,0,0,,,,,,,,,
1383527,2023/24,2023-10-25,"Sawai Mansingh Stadium, Jaipur",2,2.5,Mizoram,Jammu & Kashmir,AD Chopra,J Anderson,Yudhvir Singh,1,0,,,,,,,,,
1383527,2023/24,2023-10-25,"Sawai Mansingh Stadium, Jaipur",2,2.6,Mizoram,Jammu & Kashmir,J Anderson,AD Chopra,Yudhvir Singh,0,0,,,,,,,,,
1383527,2023/24,2023-10-25,"Sawai Mansingh Stadium, Jaipur",2,3.1,Mizoram,Jammu & Kashmir,AD Chopra,J Anderson,Rasikh Salam,0,0,,,,,,,,,
1383527,2023/24,2023-10-25,"Sawai Mansingh Stadium, Jaipur",2,3.2,Mizoram,Jammu & Kashmir,AD Chopra,J Anderson,Rasikh Salam,1,0,,,,,,,,,
1383527,2023/24,2023-10-25,"Sawai Mansingh Stadium, Jaipur",2,3.3,Mizoram,Jammu & Kashmir,J Anderson,AD Chopra,Rasikh Salam,0,0,,,,,,,,,
1383527,2023/24,2023-10-25,"Sawai Mansingh Stadium, Jaipur",2,3.4,Mizoram,Jammu & Kashmir,J Anderson,AD Chopra,Rasikh Salam,1,0,,,,,,,,,
1383527,2023/24,2023-10-25,"Sawai Mansingh Stadium, Jaipur",2,3.5,Mizoram,Jammu & Kashmir,AD Chopra,J Anderson,Rasikh Salam,6,0,,,,,,,,,
1383527,2023/24,2023-10-25,"Sawai Mansingh Stadium, Jaipur",2,3.6,Mizoram,Jammu & Kashmir,AD Chopra,J Anderson,Rasikh Salam,1,0,,,,,,,,,
1383527,2023/24,2023-10-25,"Sawai Mansingh Stadium, Jaipur",2,4.1,Mizoram,Jammu & Kashmir,AD Chopra,J Anderson,Umran Malik,0,0,,,,,,,,,
1383527,2023/24,2023-10-25,"Sawai Mansingh Stadium, Jaipur",2,4.2,Mizoram,Jammu & Kashmir,AD Chopra,J Anderson,Umran Malik,0,0,,,,,,,,,
1383527,2023/24,2023-10-25,"Sawai Mansingh Stadium, Jaipur",2,4.3,Mizoram,Jammu & Kashmir,AD Chopra,J Anderson,Umran Malik,0,0,,,,,,,,,
1383527,2023/24,2023-10-25,"Sawai Mansingh Stadium, Jaipur",2,4.4,Mizoram,Jammu & Kashmir,AD Chopra,J Anderson,Umran Malik,2,0,,,,,,,,,
1383527,2023/24,2023-10-25,"Sawai Mansingh Stadium, Jaipur",2,4.5,Mizoram,Jammu & Kashmir,AD Chopra,J Anderson,Umran Malik,0,0,,,,,,,,,
1383527,2023/24,2023-10-25,"Sawai Mansingh Stadium, Jaipur",2,4.6,Mizoram,Jammu & Kashmir,AD Chopra,J Anderson,Umran Malik,4,0,,,,,,,,,
1383527,2023/24,2023-10-25,"Sawai Mansingh Stadium, Jaipur",2,5.1,Mizoram,Jammu & Kashmir,J Anderson,AD Chopra,Abid Mushtaq,0,0,,,,,,,,,
1383527,2023/24,2023-10-25,"Sawai Mansingh Stadium, Jaipur",2,5.2,Mizoram,Jammu & Kashmir,J Anderson,AD Chopra,Abid Mushtaq,0,0,,,,,,,,,
1383527,2023/24,2023-10-25,"Sawai Mansingh Stadium, Jaipur",2,5.3,Mizoram,Jammu & Kashmir,J Anderson,AD Chopra,Abid Mushtaq,4,0,,,,,,,,,
1383527,2023/24,2023-10-25,"Sawai Mansingh Stadium, Jaipur",2,5.4,Mizoram,Jammu & Kashmir,J Anderson,AD Chopra,Abid Mushtaq,1,0,,,,,,,,,
1383527,2023/24,2023-10-25,"Sawai Mansingh Stadium, Jaipur",2,5.5,Mizoram,Jammu & Kashmir,AD Chopra,J Anderson,Abid Mushtaq,1,0,,,,,,,,,
1383527,2023/24,2023-10-25,"Sawai Mansingh Stadium, Jaipur",2,5.6,Mizoram,Jammu & Kashmir,J Anderson,AD Chopra,Abid Mushtaq,0,0,,,,,,,,,
1383527,2023/24,2023-10-25,"Sawai Mansingh Stadium, Jaipur",2,6.1,Mizoram,Jammu & Kashmir,AD Chopra,J Anderson,Umran Malik,4,0,,,,,,,,,
1383527,2023/24,2023-10-25,"Sawai Mansingh Stadium, Jaipur",2,6.2,Mizoram,Jammu & Kashmir,AD Chopra,J Anderson,Umran Malik,1,0,,,,,,,,,
1383527,2023/24,2023-10-25,"Sawai Mansingh Stadium, Jaipur",2,6.3,Mizoram,Jammu & Kashmir,J Anderson,AD Chopra,Umran Malik,0,0,,,,,,,,,
1383527,2023/24,2023-10-25,"Sawai Mansingh Stadium, Jaipur",2,6.4,Mizoram,Jammu & Kashmir,J Anderson,AD Chopra,Umran Malik,1,0,,,,,,,,,
1383527,2023/24,2023-10-25,"Sawai Mansingh Stadium, Jaipur",2,6.5,Mizoram,Jammu & Kashmir,AD Chopra,J Anderson,Umran Malik,4,0,,,,,,,,,
1383527,2023/24,2023-10-25,"Sawai Mansingh Stadium, Jaipur",2,6.6,Mizoram,Jammu & Kashmir,AD Chopra,J Anderson,Umran Malik,1,0,,,,,,,,,
1383527,2023/24,2023-10-25,"Sawai Mansingh Stadium, Jaipur",2,7.1,Mizoram,Jammu & Kashmir,AD Chopra,J Anderson,Sahil Lotra,1,0,,,,,,,,,
1383527,2023/24,2023-10-25,"Sawai Mansingh Stadium, Jaipur",2,7.2,Mizoram,Jammu & Kashmir,J Anderson,AD Chopra,Sahil Lotra,0,0,,,,,,,,,
1383527,2023/24,2023-10-25,"Sawai Mansingh Stadium, Jaipur",2,7.3,Mizoram,Jammu & Kashmir,J Anderson,AD Chopra,Sahil Lotra,1,0,,,,,,,,,
1383527,2023/24,2023-10-25,"Sawai Mansingh Stadium, Jaipur",2,7.4,Mizoram,Jammu & Kashmir,AD Chopra,J Anderson,Sahil Lotra,1,0,,,,,,,,,
1383527,2023/24,2023-10-25,"Sawai Mansingh Stadium, Jaipur",2,7.5,Mizoram,Jammu & Kashmir,J Anderson,AD Chopra,Sahil Lotra,0,0,,,,,,,,,
1383527,2023/24,2023-10-25,"Sawai Mansingh Stadium, Jaipur",2,7.6,Mizoram,Jammu & Kashmir,J Anderson,AD Chopra,Sahil Lotra,4,0,,,,,,,,,
1383527,2023/24,2023-10-25,"Sawai Mansingh Stadium, Jaipur",2,8.1,Mizoram,Jammu & Kashmir,AD Chopra,J Anderson,Abid Mushtaq,1,0,,,,,,,,,
1383527,2023/24,2023-10-25,"Sawai Mansingh Stadium, Jaipur",2,8.2,Mizoram,Jammu & Kashmir,J Anderson,AD Chopra,Abid Mushtaq,0,0,,,,,,,,,
1383527,2023/24,2023-10-25,"Sawai Mansingh Stadium, Jaipur",2,8.3,Mizoram,Jammu & Kashmir,J Anderson,AD Chopra,Abid Mushtaq,1,0,,,,,,,,,
1383527,2023/24,2023-10-25,"Sawai Mansingh Stadium, Jaipur",2,8.4,Mizoram,Jammu & Kashmir,AD Chopra,J Anderson,Abid Mushtaq,4,0,,,,,,,,,
1383527,2023/24,2023-10-25,"Sawai Mansingh Stadium, Jaipur",2,8.5,Mizoram,Jammu & Kashmir,AD Chopra,J Anderson,Abid Mushtaq,1,0,,,,,,,,,
1383527,2023/24,2023-10-25,"Sawai Mansingh Stadium, Jaipur",2,8.6,Mizoram,Jammu & Kashmir,J Anderson,AD Chopra,Abid Mushtaq,0,0,,,,,,,,,
1383527,2023/24,2023-10-25,"Sawai Mansingh Stadium, Jaipur",2,9.1,Mizoram,Jammu & Kashmir,AD Chopra,J Anderson,Sahil Lotra,1,0,,,,,,,,,
1383527,2023/24,2023-10-25,"Sawai Mansingh Stadium, Jaipur",2,9.2,Mizoram,Jammu & Kashmir,J Anderson,AD Chopra,Sahil Lotra,0,0,,,,,,,,,
1383527,2023/24,2023-10-25,"Sawai Mansingh Stadium, Jaipur",2,9.3,Mizoram,Jammu & Kashmir,J Anderson,AD Chopra,Sahil Lotra,0,0,,,,,,,,,
1383527,2023/24,2023-10-25,"Sawai Mansingh Stadium, Jaipur",2,9.4,Mizoram,Jammu & Kashmir,J Anderson,AD Chopra,Sahil Lotra,1,0,,,,,,,,,
1383527,2023/24,2023-10-25,"Sawai Mansingh Stadium, Jaipur",2,9.5,Mizoram,Jammu & Kashmir,AD Chopra,J Anderson,Sahil Lotra,1,0,,,,,,,,,
1383527,2023/24,2023-10-25,"Sawai Mansingh Stadium, Jaipur",2,9.6,Mizoram,Jammu & Kashmir,J Anderson,AD Chopra,Sahil Lotra,1,0,,,,,,,,,
1383527,2023/24,2023-10-25,"Sawai Mansingh Stadium, Jaipur",2,10.1,Mizoram,Jammu & Kashmir,J Anderson,AD Chopra,Abid Mushtaq,0,0,,,,,,,,,
1383527,2023/24,2023-10-25,"Sawai Mansingh Stadium, Jaipur",2,10.2,Mizoram,Jammu & Kashmir,J Anderson,AD Chopra,Abid Mushtaq,0,0,,,,,,,,,
1383527,2023/24,2023-10-25,"Sawai Mansingh Stadium, Jaipur",2,10.3,Mizoram,Jammu & Kashmir,J Anderson,AD Chopra,Abid Mushtaq,0,0,,,,,,,,,
1383527,2023/24,2023-10-25,"Sawai Mansingh Stadium, Jaipur",2,10.4,Mizoram,Jammu & Kashmir,J Anderson,AD Chopra,Abid Mushtaq,1,0,,,,,,,,,
1383527,2023/24,2023-10-25,"Sawai Mansingh Stadium, Jaipur",2,10.5,Mizoram,Jammu & Kashmir,AD Chopra,J Anderson,Abid Mushtaq,0,0,,,,,,,,,
1383527,2023/24,2023-10-25,"Sawai Mansingh Stadium, Jaipur",2,10.6,Mizoram,Jammu & Kashmir,AD Chopra,J Anderson,Abid Mushtaq,2,0,,,,,,,,,
1383527,2023/24,2023-10-25,"Sawai Mansingh Stadium, Jaipur",2,11.1,Mizoram,Jammu & Kashmir,J Anderson,AD Chopra,Sahil Lotra,1,0,,,,,,,,,
1383527,2023/24,2023-10-25,"Sawai Mansingh Stadium, Jaipur",2,11.2,Mizoram,Jammu & Kashmir,AD Chopra,J Anderson,Sahil Lotra,1,0,,,,,,,,,
1383527,2023/24,2023-10-25,"Sawai Mansingh Stadium, Jaipur",2,11.3,Mizoram,Jammu & Kashmir,J Anderson,AD Chopra,Sahil Lotra,0,0,,,,,,,,,
1383527,2023/24,2023-10-25,"Sawai Mansingh Stadium, Jaipur",2,11.4,Mizoram,Jammu & Kashmir,J Anderson,AD Chopra,Sahil Lotra,1,0,,,,,,,,,
1383527,2023/24,2023-10-25,"Sawai Mansingh Stadium, Jaipur",2,11.5,Mizoram,Jammu & Kashmir,AD Chopra,J Anderson,Sahil Lotra,4,0,,,,,,,,,
1383527,2023/24,2023-10-25,"Sawai Mansingh Stadium, Jaipur",2,11.6,Mizoram,Jammu & Kashmir,AD Chopra,J Anderson,Sahil Lotra,1,0,,,,,,,,,
1383527,2023/24,2023-10-25,"Sawai Mansingh Stadium, Jaipur",2,12.1,Mizoram,Jammu & Kashmir,AD Chopra,J Anderson,Lone Nasir Muzaffar,1,0,,,,,,,,,
1383527,2023/24,2023-10-25,"Sawai Mansingh Stadium, Jaipur",2,12.2,Mizoram,Jammu & Kashmir,J Anderson,AD Chopra,Lone Nasir Muzaffar,0,0,,,,,,caught,J Anderson,,
1383527,2023/24,2023-10-25,"Sawai Mansingh Stadium, Jaipur",2,12.3,Mizoram,Jammu & Kashmir,Mohit Jangra,AD Chopra,Lone Nasir Muzaffar,4,0,,,,,,,,,
1383527,2023/24,2023-10-25,"Sawai Mansingh Stadium, Jaipur",2,12.4,Mizoram,Jammu & Kashmir,Mohit Jangra,AD Chopra,Lone Nasir Muzaffar,1,0,,,,,,,,,
1383527,2023/24,2023-10-25,"Sawai Mansingh Stadium, Jaipur",2,12.5,Mizoram,Jammu & Kashmir,AD Chopra,Mohit Jangra,Lone Nasir Muzaffar,1,0,,,,,,,,,
1383527,2023/24,2023-10-25,"Sawai Mansingh Stadium, Jaipur",2,12.6,Mizoram,Jammu & Kashmir,Mohit Jangra,AD Chopra,Lone Nasir Muzaffar,1,0,,,,,,,,,
1383527,2023/24,2023-10-25,"Sawai Mansingh Stadium, Jaipur",2,13.1,Mizoram,Jammu & Kashmir,Mohit Jangra,AD Chopra,Sahil Lotra,1,0,,,,,,,,,
1383527,2023/24,2023-10-25,"Sawai Mansingh Stadium, Jaipur",2,13.2,Mizoram,Jammu & Kashmir,AD Chopra,Mohit Jangra,Sahil Lotra,1,0,,,,,,,,,
1383527,2023/24,2023-10-25,"Sawai Mansingh Stadium, Jaipur",2,13.3,Mizoram,Jammu & Kashmir,Mohit Jangra,AD Chopra,Sahil Lotra,1,0,,,,,,,,,
1383527,2023/24,2023-10-25,"Sawai Mansingh Stadium, Jaipur",2,13.4,Mizoram,Jammu & Kashmir,AD Chopra,Mohit Jangra,Sahil Lotra,0,0,,,,,,,,,
1383527,2023/24,2023-10-25,"Sawai Mansingh Stadium, Jaipur",2,13.5,Mizoram,Jammu & Kashmir,AD Chopra,Mohit Jangra,Sahil Lotra,2,0,,,,,,,,,
1383527,2023/24,2023-10-25,"Sawai Mansingh Stadium, Jaipur",2,13.6,Mizoram,Jammu & Kashmir,AD Chopra,Mohit Jangra,Sahil Lotra,1,0,,,,,,,,,
1383527,2023/24,2023-10-25,"Sawai Mansingh Stadium, Jaipur",2,14.1,Mizoram,Jammu & Kashmir,AD Chopra,Mohit Jangra,Lone Nasir Muzaffar,1,0,,,,,,,,,
1383527,2023/24,2023-10-25,"Sawai Mansingh Stadium, Jaipur",2,14.2,Mizoram,Jammu & Kashmir,Mohit Jangra,AD Chopra,Lone Nasir Muzaffar,1,0,,,,,,,,,
1383527,2023/24,2023-10-25,"Sawai Mansingh Stadium, Jaipur",2,14.3,Mizoram,Jammu & Kashmir,AD Chopra,Mohit Jangra,Lone Nasir Muzaffar,0,1,,,,1,,,,,
1383527,2023/24,2023-10-25,"Sawai Mansingh Stadium, Jaipur",2,14.4,Mizoram,Jammu & Kashmir,Mohit Jangra,AD Chopra,Lone Nasir Muzaffar,4,0,,,,,,,,,
1383527,2023/24,2023-10-25,"Sawai Mansingh Stadium, Jaipur",2,14.5,Mizoram,Jammu & Kashmir,Mohit Jangra,AD Chopra,Lone Nasir Muzaffar,0,0,,,,,,,,,
1383527,2023/24,2023-10-25,"Sawai Mansingh Stadium, Jaipur",2,14.6,Mizoram,Jammu & Kashmir,Mohit Jangra,AD Chopra,Lone Nasir Muzaffar,2,0,,,,,,,,,
1383527,2023/24,2023-10-25,"Sawai Mansingh Stadium, Jaipur",2,15.1,Mizoram,Jammu & Kashmir,AD Chopra,Mohit Jangra,Rasikh Salam,1,0,,,,,,,,,
1383527,2023/24,2023-10-25,"Sawai Mansingh Stadium, Jaipur",2,15.2,Mizoram,Jammu & Kashmir,Mohit Jangra,AD Chopra,Rasikh Salam,1,0,,,,,,,,,
1383527,2023/24,2023-10-25,"Sawai Mansingh Stadium, Jaipur",2,15.3,Mizoram,Jammu & Kashmir,AD Chopra,Mohit Jangra,Rasikh Salam,0,0,,,,,,,,,
1383527,2023/24,2023-10-25,"Sawai Mansingh Stadium, Jaipur",2,15.4,Mizoram,Jammu & Kashmir,AD Chopra,Mohit Jangra,Rasikh Salam,6,0,,,,,,,,,
1383527,2023/24,2023-10-25,"Sawai Mansingh Stadium, Jaipur",2,15.5,Mizoram,Jammu & Kashmir,AD Chopra,Mohit Jangra,Rasikh Salam,4,0,,,,,,,,,
1383527,2023/24,2023-10-25,"Sawai Mansingh Stadium, Jaipur",2,15.6,Mizoram,Jammu & Kashmir,AD Chopra,Mohit Jangra,Rasikh Salam,6,0,,,,,,,,,
1383527,2023/24,2023-10-25,"Sawai Mansingh Stadium, Jaipur",2,16.1,Mizoram,Jammu & Kashmir,Mohit Jangra,AD Chopra,Yudhvir Singh,0,0,,,,,,caught,Mohit Jangra,,
1383527,2023/24,2023-10-25,"Sawai Mansingh Stadium, Jaipur",2,16.2,Mizoram,Jammu & Kashmir,Joseph Lalthankhuma,AD Chopra,Yudhvir Singh,0,0,,,,,,,,,
1383527,2023/24,2023-10-25,"Sawai Mansingh Stadium, Jaipur",2,16.3,Mizoram,Jammu & Kashmir,Joseph Lalthankhuma,AD Chopra,Yudhvir Singh,1,0,,,,,,,,,
1383527,2023/24,2023-10-25,"Sawai Mansingh Stadium, Jaipur",2,16.4,Mizoram,Jammu & Kashmir,AD Chopra,Joseph Lalthankhuma,Yudhvir Singh,4,0,,,,,,,,,
1383527,2023/24,2023-10-25,"Sawai Mansingh Stadium, Jaipur",2,16.5,Mizoram,Jammu & Kashmir,AD Chopra,Joseph Lalthankhuma,Yudhvir Singh,0,0,,,,,,bowled,AD Chopra,,
1383527,2023/24,2023-10-25,"Sawai Mansingh Stadium, Jaipur",2,16.6,Mizoram,Jammu & Kashmir,Vikash Kumar,Joseph Lalthankhuma,Yudhvir Singh,4,0,,,,,,,,,
1383527,2023/24,2023-10-25,"Sawai Mansingh Stadium, Jaipur",2,17.1,Mizoram,Jammu & Kashmir,Joseph Lalthankhuma,Vikash Kumar,Umran Malik,1,0,,,,,,,,,
1383527,2023/24,2023-10-25,"Sawai Mansingh Stadium, Jaipur",2,17.2,Mizoram,Jammu & Kashmir,Vikash Kumar,Joseph Lalthankhuma,Umran Malik,0,1,,,1,,,,,,
1383527,2023/24,2023-10-25,"Sawai Mansingh Stadium, Jaipur",2,17.3,Mizoram,Jammu & Kashmir,Joseph Lalthankhuma,Vikash Kumar,Umran Malik,0,0,,,,,,,,,
1383527,2023/24,2023-10-25,"Sawai Mansingh Stadium, Jaipur",2,17.4,Mizoram,Jammu & Kashmir,Joseph Lalthankhuma,Vikash Kumar,Umran Malik,4,0,,,,,,,,,
1383527,2023/24,2023-10-25,"Sawai Mansingh Stadium, Jaipur",2,17.5,Mizoram,Jammu & Kashmir,Joseph Lalthankhuma,Vikash Kumar,Umran Malik,0,0,,,,,,bowled,Joseph Lalthankhuma,,
1383527,2023/24,2023-10-25,"Sawai Mansingh Stadium, Jaipur",2,17.6,Mizoram,Jammu & Kashmir,KC Cariappa,Vikash Kumar,Umran Malik,0,0,,,,,,,,,
1383527,2023/24,2023-10-25,"Sawai Mansingh Stadium, Jaipur",2,18.1,Mizoram,Jammu & Kashmir,Vikash Kumar,KC Cariappa,Abid Mushtaq,4,0,,,,,,,,,
1383527,2023/24,2023-10-25,"Sawai Mansingh Stadium, Jaipur",2,18.2,Mizoram,Jammu & Kashmir,Vikash Kumar,KC Cariappa,Abid Mushtaq,6,0,,,,,,,,,
1383527,2023/24,2023-10-25,"Sawai Mansingh Stadium, Jaipur",2,18.3,Mizoram,Jammu & Kashmir,Vikash Kumar,KC Cariappa,Abid Mushtaq,0,0,,,,,,,,,
1383527,2023/24,2023-10-25,"Sawai Mansingh Stadium, Jaipur",2,18.4,Mizoram,Jammu & Kashmir,Vikash Kumar,KC Cariappa,Abid Mushtaq,1,0,,,,,,,,,
1383527,2023/24,2023-10-25,"Sawai Mansingh Stadium, Jaipur",2,18.5,Mizoram,Jammu & Kashmir,KC Cariappa,Vikash Kumar,Abid Mushtaq,1,0,,,,,,run out,Vikash Kumar,,
1383527,2023/24,2023-10-25,"Sawai Mansingh Stadium, Jaipur",2,18.6,Mizoram,Jammu & Kashmir,KC Cariappa,Lalhriatrenga,Abid Mushtaq,1,0,,,,,,,,,
1383527,2023/24,2023-10-25,"Sawai Mansingh Stadium, Jaipur",2,19.1,Mizoram,Jammu & Kashmir,KC Cariappa,Lalhriatrenga,Umran Malik,0,0,,,,,,caught,KC Cariappa,,
1383527,2023/24,2023-10-25,"Sawai Mansingh Stadium, Jaipur",2,19.2,Mizoram,Jammu & Kashmir,Lalhruai Ralte,Lalhriatrenga,Umran Malik,0,0,,,,,,bowled,Lalhruai Ralte,,
1383527,2023/24,2023-10-25,"Sawai Mansingh Stadium, Jaipur",2,19.3,Mizoram,Jammu & Kashmir,Remruatdika Ralte,Lalhriatrenga,Umran Malik,4,0,,,,,,,,,
1383527,2023/24,2023-10-25,"Sawai Mansingh Stadium, Jaipur",2,19.4,Mizoram,Jammu & Kashmir,Remruatdika Ralte,Lalhriatrenga,Umran Malik,1,0,,,,,,,,,
1383527,2023/24,2023-10-25,"Sawai Mansingh Stadium, Jaipur",2,19.5,Mizoram,Jammu & Kashmir,Lalhriatrenga,Remruatdika Ralte,Umran Malik,0,1,,,1,,,,,,
1383527,2023/24,2023-10-25,"Sawai Mansingh Stadium, Jaipur",2,19.6,Mizoram,Jammu & Kashmir,Remruatdika Ralte,Lalhriatrenga,Umran Malik,0,1,,,1,,,,,,
