match_id,season,start_date,venue,innings,ball,batting_team,bowling_team,striker,non_striker,bowler,runs_off_bat,extras,wides,noballs,byes,legbyes,penalty,wicket_type,player_dismissed,other_wicket_type,other_player_dismissed
1383491,2023/24,2023-10-21,"Sawai Mansingh Stadium, Jaipur",1,0.1,Mizoram,Hyderabad (India),Lalhruaizela,AD Chopra,Ravi Teja,0,0,,,,,,,,,
1383491,2023/24,2023-10-21,"Sawai Mansingh Stadium, Jaipur",1,0.2,Mizoram,Hyderabad (India),Lalhruaizela,AD Chopra,Ravi Teja,0,0,,,,,,,,,
1383491,2023/24,2023-10-21,"Sawai Mansingh Stadium, Jaipur",1,0.3,Mizoram,Hyderabad (India),Lalhruaizela,AD Chopra,Ravi Teja,0,0,,,,,,run out,Lalhruaizela,,
1383491,2023/24,2023-10-21,"Sawai Mansingh Stadium, Jaipur",1,0.4,Mizoram,Hyderabad (India),J Anderson,AD Chopra,Ravi Teja,0,0,,,,,,,,,
1383491,2023/24,2023-10-21,"Sawai Mansingh Stadium, Jaipur",1,0.5,Mizoram,Hyderabad (India),J Anderson,AD Chopra,Ravi Teja,4,0,,,,,,,,,
1383491,2023/24,2023-10-21,"Sawai Mansingh Stadium, Jaipur",1,0.6,Mizoram,Hyderabad (India),J Anderson,AD Chopra,Ravi Teja,4,0,,,,,,,,,
1383491,2023/24,2023-10-21,"Sawai Mansingh Stadium, Jaipur",1,1.1,Mizoram,Hyderabad (India),AD Chopra,J Anderson,CV Milind,0,0,,,,,,,,,
1383491,2023/24,2023-10-21,"Sawai Mansingh Stadium, Jaipur",1,1.2,Mizoram,Hyderabad (India),AD Chopra,J Anderson,CV Milind,1,0,,,,,,,,,
1383491,2023/24,2023-10-21,"Sawai Mansingh Stadium, Jaipur",1,1.3,Mizoram,Hyderabad (India),J Anderson,AD Chopra,CV Milind,0,0,,,,,,,,,
1383491,2023/24,2023-10-21,"Sawai Mansingh Stadium, Jaipur",1,1.4,Mizoram,Hyderabad (India),J Anderson,AD Chopra,CV Milind,0,0,,,,,,,,,
1383491,2023/24,2023-10-21,"Sawai Mansingh Stadium, Jaipur",1,1.5,Mizoram,Hyderabad (India),J Anderson,AD Chopra,CV Milind,0,0,,,,,,,,,
1383491,2023/24,2023-10-21,"Sawai Mansingh Stadium, Jaipur",1,1.6,Mizoram,Hyderabad (India),J Anderson,AD Chopra,CV Milind,0,0,,,,,,,,,
1383491,2023/24,2023-10-21,"Sawai Mansingh Stadium, Jaipur",1,2.1,Mizoram,Hyderabad (India),AD Chopra,J Anderson,Rakshan Readdi,1,0,,,,,,,,,
1383491,2023/24,2023-10-21,"Sawai Mansingh Stadium, Jaipur",1,2.2,Mizoram,Hyderabad (India),J Anderson,AD Chopra,Rakshan Readdi,0,0,,,,,,,,,
1383491,2023/24,2023-10-21,"Sawai Mansingh Stadium, Jaipur",1,2.3,Mizoram,Hyderabad (India),J Anderson,AD Chopra,Rakshan Readdi,0,0,,,,,,,,,
1383491,2023/24,2023-10-21,"Sawai Mansingh Stadium, Jaipur",1,2.4,Mizoram,Hyderabad (India),J Anderson,AD Chopra,Rakshan Readdi,0,0,,,,,,caught,J Anderson,,
1383491,2023/24,2023-10-21,"Sawai Mansingh Stadium, Jaipur",1,2.5,Mizoram,Hyderabad (India),Joseph Lalthankhuma,AD Chopra,Rakshan Readdi,1,0,,,,,,,,,
1383491,2023/24,2023-10-21,"Sawai Mansingh Stadium, Jaipur",1,2.6,Mizoram,Hyderabad (India),AD Chopra,Joseph Lalthankhuma,Rakshan Readdi,1,0,,,,,,,,,
1383491,2023/24,2023-10-21,"Sawai Mansingh Stadium, Jaipur",1,3.1,Mizoram,Hyderabad (India),AD Chopra,Joseph Lalthankhuma,CV Milind,2,0,,,,,,,,,
1383491,2023/24,2023-10-21,"Sawai Mansingh Stadium, Jaipur",1,3.2,Mizoram,Hyderabad (India),AD Chopra,Joseph Lalthankhuma,CV Milind,0,0,,,,,,,,,
1383491,2023/24,2023-10-21,"Sawai Mansingh Stadium, Jaipur",1,3.3,Mizoram,Hyderabad (India),AD Chopra,Joseph Lalthankhuma,CV Milind,4,0,,,,,,,,,
1383491,2023/24,2023-10-21,"Sawai Mansingh Stadium, Jaipur",1,3.4,Mizoram,Hyderabad (India),AD Chopra,Joseph Lalthankhuma,CV Milind,0,0,,,,,,,,,
1383491,2023/24,2023-10-21,"Sawai Mansingh Stadium, Jaipur",1,3.5,Mizoram,Hyderabad (India),AD Chopra,Joseph Lalthankhuma,CV Milind,0,0,,,,,,,,,
1383491,2023/24,2023-10-21,"Sawai Mansingh Stadium, Jaipur",1,3.6,Mizoram,Hyderabad (India),AD Chopra,Joseph Lalthankhuma,CV Milind,6,0,,,,,,,,,
1383491,2023/24,2023-10-21,"Sawai Mansingh Stadium, Jaipur",1,4.1,Mizoram,Hyderabad (India),Joseph Lalthankhuma,AD Chopra,Rakshan Readdi,0,0,,,,,,,,,
1383491,2023/24,2023-10-21,"Sawai Mansingh Stadium, Jaipur",1,4.2,Mizoram,Hyderabad (India),Joseph Lalthankhuma,AD Chopra,Rakshan Readdi,0,0,,,,,,,,,
1383491,2023/24,2023-10-21,"Sawai Mansingh Stadium, Jaipur",1,4.3,Mizoram,Hyderabad (India),Joseph Lalthankhuma,AD Chopra,Rakshan Readdi,4,0,,,,,,,,,
1383491,2023/24,2023-10-21,"Sawai Mansingh Stadium, Jaipur",1,4.4,Mizoram,Hyderabad (India),Joseph Lalthankhuma,AD Chopra,Rakshan Readdi,0,0,,,,,,,,,
1383491,2023/24,2023-10-21,"Sawai Mansingh Stadium, Jaipur",1,4.5,Mizoram,Hyderabad (India),Joseph Lalthankhuma,AD Chopra,Rakshan Readdi,2,0,,,,,,,,,
1383491,2023/24,2023-10-21,"Sawai Mansingh Stadium, Jaipur",1,4.6,Mizoram,Hyderabad (India),Joseph Lalthankhuma,AD Chopra,Rakshan Readdi,1,0,,,,,,,,,
1383491,2023/24,2023-10-21,"Sawai Mansingh Stadium, Jaipur",1,5.1,Mizoram,Hyderabad (India),Joseph Lalthankhuma,AD Chopra,G Anikethreddy,0,0,,,,,,,,,
1383491,2023/24,2023-10-21,"Sawai Mansingh Stadium, Jaipur",1,5.2,Mizoram,Hyderabad (India),Joseph Lalthankhuma,AD Chopra,G Anikethreddy,0,0,,,,,,,,,
1383491,2023/24,2023-10-21,"Sawai Mansingh Stadium, Jaipur",1,5.3,Mizoram,Hyderabad (India),Joseph Lalthankhuma,AD Chopra,G Anikethreddy,0,0,,,,,,,,,
1383491,2023/24,2023-10-21,"Sawai Mansingh Stadium, Jaipur",1,5.4,Mizoram,Hyderabad (India),Joseph Lalthankhuma,AD Chopra,G Anikethreddy,1,0,,,,,,,,,
1383491,2023/24,2023-10-21,"Sawai Mansingh Stadium, Jaipur",1,5.5,Mizoram,Hyderabad (India),AD Chopra,Joseph Lalthankhuma,G Anikethreddy,6,0,,,,,,,,,
1383491,2023/24,2023-10-21,"Sawai Mansingh Stadium, Jaipur",1,5.6,Mizoram,Hyderabad (India),AD Chopra,Joseph Lalthankhuma,G Anikethreddy,1,0,,,,,,,,,
1383491,2023/24,2023-10-21,"Sawai Mansingh Stadium, Jaipur",1,6.1,Mizoram,Hyderabad (India),AD Chopra,Joseph Lalthankhuma,Ravi Teja,1,0,,,,,,,,,
1383491,2023/24,2023-10-21,"Sawai Mansingh Stadium, Jaipur",1,6.2,Mizoram,Hyderabad (India),Joseph Lalthankhuma,AD Chopra,Ravi Teja,1,0,,,,,,,,,
1383491,2023/24,2023-10-21,"Sawai Mansingh Stadium, Jaipur",1,6.3,Mizoram,Hyderabad (India),AD Chopra,Joseph Lalthankhuma,Ravi Teja,4,0,,,,,,,,,
1383491,2023/24,2023-10-21,"Sawai Mansingh Stadium, Jaipur",1,6.4,Mizoram,Hyderabad (India),AD Chopra,Joseph Lalthankhuma,Ravi Teja,1,0,,,,,,,,,
1383491,2023/24,2023-10-21,"Sawai Mansingh Stadium, Jaipur",1,6.5,Mizoram,Hyderabad (India),Joseph Lalthankhuma,AD Chopra,Ravi Teja,1,0,,,,,,,,,
1383491,2023/24,2023-10-21,"Sawai Mansingh Stadium, Jaipur",1,6.6,Mizoram,Hyderabad (India),AD Chopra,Joseph Lalthankhuma,Ravi Teja,0,0,,,,,,caught,AD Chopra,,
1383491,2023/24,2023-10-21,"Sawai Mansingh Stadium, Jaipur",1,7.1,Mizoram,Hyderabad (India),Joseph Lalthankhuma,J Biakthanpuia,G Anikethreddy,1,0,,,,,,,,,
1383491,2023/24,2023-10-21,"Sawai Mansingh Stadium, Jaipur",1,7.2,Mizoram,Hyderabad (India),J Biakthanpuia,Joseph Lalthankhuma,G Anikethreddy,0,0,,,,,,,,,
1383491,2023/24,2023-10-21,"Sawai Mansingh Stadium, Jaipur",1,7.3,Mizoram,Hyderabad (India),J Biakthanpuia,Joseph Lalthankhuma,G Anikethreddy,0,0,,,,,,,,,
1383491,2023/24,2023-10-21,"Sawai Mansingh Stadium, Jaipur",1,7.4,Mizoram,Hyderabad (India),J Biakthanpuia,Joseph Lalthankhuma,G Anikethreddy,0,0,,,,,,,,,
1383491,2023/24,2023-10-21,"Sawai Mansingh Stadium, Jaipur",1,7.5,Mizoram,Hyderabad (India),J Biakthanpuia,Joseph Lalthankhuma,G Anikethreddy,0,0,,,,,,,,,
1383491,2023/24,2023-10-21,"Sawai Mansingh Stadium, Jaipur",1,7.6,Mizoram,Hyderabad (India),J Biakthanpuia,Joseph Lalthankhuma,G Anikethreddy,0,0,,,,,,,,,
1383491,2023/24,2023-10-21,"Sawai Mansingh Stadium, Jaipur",1,8.1,Mizoram,Hyderabad (India),Joseph Lalthankhuma,J Biakthanpuia,Tanay Thyagarajan,1,0,,,,,,,,,
1383491,2023/24,2023-10-21,"Sawai Mansingh Stadium, Jaipur",1,8.2,Mizoram,Hyderabad (India),J Biakthanpuia,Joseph Lalthankhuma,Tanay Thyagarajan,0,0,,,,,,,,,
1383491,2023/24,2023-10-21,"Sawai Mansingh Stadium, Jaipur",1,8.3,Mizoram,Hyderabad (India),J Biakthanpuia,Joseph Lalthankhuma,Tanay Thyagarajan,1,0,,,,,,,,,
1383491,2023/24,2023-10-21,"Sawai Mansingh Stadium, Jaipur",1,8.4,Mizoram,Hyderabad (India),Joseph Lalthankhuma,J Biakthanpuia,Tanay Thyagarajan,4,0,,,,,,,,,
1383491,2023/24,2023-10-21,"Sawai Mansingh Stadium, Jaipur",1,8.5,Mizoram,Hyderabad (India),Joseph Lalthankhuma,J Biakthanpuia,Tanay Thyagarajan,0,0,,,,,,,,,
1383491,2023/24,2023-10-21,"Sawai Mansingh Stadium, Jaipur",1,8.6,Mizoram,Hyderabad (India),Joseph Lalthankhuma,J Biakthanpuia,Tanay Thyagarajan,1,0,,,,,,,,,
1383491,2023/24,2023-10-21,"Sawai Mansingh Stadium, Jaipur",1,9.1,Mizoram,Hyderabad (India),Joseph Lalthankhuma,J Biakthanpuia,G Anikethreddy,6,0,,,,,,,,,
1383491,2023/24,2023-10-21,"Sawai Mansingh Stadium, Jaipur",1,9.2,Mizoram,Hyderabad (India),Joseph Lalthankhuma,J Biakthanpuia,G Anikethreddy,0,0,,,,,,bowled,Joseph Lalthankhuma,,
1383491,2023/24,2023-10-21,"Sawai Mansingh Stadium, Jaipur",1,9.3,Mizoram,Hyderabad (India),Mohit Jangra,J Biakthanpuia,G Anikethreddy,1,0,,,,,,,,,
1383491,2023/24,2023-10-21,"Sawai Mansingh Stadium, Jaipur",1,9.4,Mizoram,Hyderabad (India),J Biakthanpuia,Mohit Jangra,G Anikethreddy,0,0,,,,,,,,,
1383491,2023/24,2023-10-21,"Sawai Mansingh Stadium, Jaipur",1,9.5,Mizoram,Hyderabad (India),J Biakthanpuia,Mohit Jangra,G Anikethreddy,0,0,,,,,,,,,
1383491,2023/24,2023-10-21,"Sawai Mansingh Stadium, Jaipur",1,9.6,Mizoram,Hyderabad (India),J Biakthanpuia,Mohit Jangra,G Anikethreddy,0,0,,,,,,,,,
1383491,2023/24,2023-10-21,"Sawai Mansingh Stadium, Jaipur",1,10.1,Mizoram,Hyderabad (India),Mohit Jangra,J Biakthanpuia,Tanay Thyagarajan,0,0,,,,,,,,,
1383491,2023/24,2023-10-21,"Sawai Mansingh Stadium, Jaipur",1,10.2,Mizoram,Hyderabad (India),Mohit Jangra,J Biakthanpuia,Tanay Thyagarajan,0,0,,,,,,,,,
1383491,2023/24,2023-10-21,"Sawai Mansingh Stadium, Jaipur",1,10.3,Mizoram,Hyderabad (India),Mohit Jangra,J Biakthanpuia,Tanay Thyagarajan,0,0,,,,,,,,,
1383491,2023/24,2023-10-21,"Sawai Mansingh Stadium, Jaipur",1,10.4,Mizoram,Hyderabad (India),Mohit Jangra,J Biakthanpuia,Tanay Thyagarajan,1,0,,,,,,,,,
1383491,2023/24,2023-10-21,"Sawai Mansingh Stadium, Jaipur",1,10.5,Mizoram,Hyderabad (India),J Biakthanpuia,Mohit Jangra,Tanay Thyagarajan,1,0,,,,,,,,,
1383491,2023/24,2023-10-21,"Sawai Mansingh Stadium, Jaipur",1,10.6,Mizoram,Hyderabad (India),Mohit Jangra,J Biakthanpuia,Tanay Thyagarajan,0,0,,,,,,,,,
1383491,2023/24,2023-10-21,"Sawai Mansingh Stadium, Jaipur",1,11.1,Mizoram,Hyderabad (India),J Biakthanpuia,Mohit Jangra,G Anikethreddy,1,0,,,,,,,,,
1383491,2023/24,2023-10-21,"Sawai Mansingh Stadium, Jaipur",1,11.2,Mizoram,Hyderabad (India),Mohit Jangra,J Biakthanpuia,G Anikethreddy,0,0,,,,,,,,,
1383491,2023/24,2023-10-21,"Sawai Mansingh Stadium, Jaipur",1,11.3,Mizoram,Hyderabad (India),Mohit Jangra,J Biakthanpuia,G Anikethreddy,0,0,,,,,,,,,
1383491,2023/24,2023-10-21,"Sawai Mansingh Stadium, Jaipur",1,11.4,Mizoram,Hyderabad (India),Mohit Jangra,J Biakthanpuia,G Anikethreddy,0,0,,,,,,,,,
1383491,2023/24,2023-10-21,"Sawai Mansingh Stadium, Jaipur",1,11.5,Mizoram,Hyderabad (India),Mohit Jangra,J Biakthanpuia,G Anikethreddy,6,0,,,,,,,,,
1383491,2023/24,2023-10-21,"Sawai Mansingh Stadium, Jaipur",1,11.6,Mizoram,Hyderabad (India),Mohit Jangra,J Biakthanpuia,G Anikethreddy,0,0,,,,,,,,,
1383491,2023/24,2023-10-21,"Sawai Mansingh Stadium, Jaipur",1,12.1,Mizoram,Hyderabad (India),J Biakthanpuia,Mohit Jangra,Tanay Thyagarajan,1,0,,,,,,,,,
1383491,2023/24,2023-10-21,"Sawai Mansingh Stadium, Jaipur",1,12.2,Mizoram,Hyderabad (India),Mohit Jangra,J Biakthanpuia,Tanay Thyagarajan,0,0,,,,,,,,,
1383491,2023/24,2023-10-21,"Sawai Mansingh Stadium, Jaipur",1,12.3,Mizoram,Hyderabad (India),Mohit Jangra,J Biakthanpuia,Tanay Thyagarajan,0,0,,,,,,,,,
1383491,2023/24,2023-10-21,"Sawai Mansingh Stadium, Jaipur",1,12.4,Mizoram,Hyderabad (India),Mohit Jangra,J Biakthanpuia,Tanay Thyagarajan,1,0,,,,,,,,,
1383491,2023/24,2023-10-21,"Sawai Mansingh Stadium, Jaipur",1,12.5,Mizoram,Hyderabad (India),J Biakthanpuia,Mohit Jangra,Tanay Thyagarajan,0,0,,,,,,,,,
1383491,2023/24,2023-10-21,"Sawai Mansingh Stadium, Jaipur",1,12.6,Mizoram,Hyderabad (India),J Biakthanpuia,Mohit Jangra,Tanay Thyagarajan,1,0,,,,,,,,,
1383491,2023/24,2023-10-21,"Sawai Mansingh Stadium, Jaipur",1,13.1,Mizoram,Hyderabad (India),J Biakthanpuia,Mohit Jangra,Rakshan Readdi,0,0,,,,,,,,,
1383491,2023/24,2023-10-21,"Sawai Mansingh Stadium, Jaipur",1,13.2,Mizoram,Hyderabad (India),J Biakthanpuia,Mohit Jangra,Rakshan Readdi,0,0,,,,,,,,,
1383491,2023/24,2023-10-21,"Sawai Mansingh Stadium, Jaipur",1,13.3,Mizoram,Hyderabad (India),J Biakthanpuia,Mohit Jangra,Rakshan Readdi,0,0,,,,,,,,,
1383491,2023/24,2023-10-21,"Sawai Mansingh Stadium, Jaipur",1,13.4,Mizoram,Hyderabad (India),J Biakthanpuia,Mohit Jangra,Rakshan Readdi,1,0,,,,,,,,,
1383491,2023/24,2023-10-21,"Sawai Mansingh Stadium, Jaipur",1,13.5,Mizoram,Hyderabad (India),Mohit Jangra,J Biakthanpuia,Rakshan Readdi,4,0,,,,,,,,,
1383491,2023/24,2023-10-21,"Sawai Mansingh Stadium, Jaipur",1,13.6,Mizoram,Hyderabad (India),Mohit Jangra,J Biakthanpuia,Rakshan Readdi,0,0,,,,,,caught,Mohit Jangra,,
1383491,2023/24,2023-10-21,"Sawai Mansingh Stadium, Jaipur",1,14.1,Mizoram,Hyderabad (India),J Biakthanpuia,KC Cariappa,Tanay Thyagarajan,1,0,,,,,,,,,
1383491,2023/24,2023-10-21,"Sawai Mansingh Stadium, Jaipur",1,14.2,Mizoram,Hyderabad (India),KC Cariappa,J Biakthanpuia,Tanay Thyagarajan,0,0,,,,,,,,,
1383491,2023/24,2023-10-21,"Sawai Mansingh Stadium, Jaipur",1,14.3,Mizoram,Hyderabad (India),KC Cariappa,J Biakthanpuia,Tanay Thyagarajan,6,0,,,,,,,,,
1383491,2023/24,2023-10-21,"Sawai Mansingh Stadium, Jaipur",1,14.4,Mizoram,Hyderabad (India),KC Cariappa,J Biakthanpuia,Tanay Thyagarajan,1,0,,,,,,,,,
1383491,2023/24,2023-10-21,"Sawai Mansingh Stadium, Jaipur",1,14.5,Mizoram,Hyderabad (India),J Biakthanpuia,KC Cariappa,Tanay Thyagarajan,0,0,,,,,,stumped,J Biakthanpuia,,
1383491,2023/24,2023-10-21,"Sawai Mansingh Stadium, Jaipur",1,14.6,Mizoram,Hyderabad (India),Lalhriatrenga,KC Cariappa,Tanay Thyagarajan,1,0,,,,,,,,,
1383491,2023/24,2023-10-21,"Sawai Mansingh Stadium, Jaipur",1,15.1,Mizoram,Hyderabad (India),Lalhriatrenga,KC Cariappa,Ravi Teja,0,0,,,,,,,,,
1383491,2023/24,2023-10-21,"Sawai Mansingh Stadium, Jaipur",1,15.2,Mizoram,Hyderabad (India),Lalhriatrenga,KC Cariappa,Ravi Teja,1,0,,,,,,,,,
1383491,2023/24,2023-10-21,"Sawai Mansingh Stadium, Jaipur",1,15.3,Mizoram,Hyderabad (India),KC Cariappa,Lalhriatrenga,Ravi Teja,6,0,,,,,,,,,
1383491,2023/24,2023-10-21,"Sawai Mansingh Stadium, Jaipur",1,15.4,Mizoram,Hyderabad (India),KC Cariappa,Lalhriatrenga,Ravi Teja,1,0,,,,,,,,,
1383491,2023/24,2023-10-21,"Sawai Mansingh Stadium, Jaipur",1,15.5,Mizoram,Hyderabad (India),Lalhriatrenga,KC Cariappa,Ravi Teja,1,0,,,,,,,,,
1383491,2023/24,2023-10-21,"Sawai Mansingh Stadium, Jaipur",1,15.6,Mizoram,Hyderabad (India),KC Cariappa,Lalhriatrenga,Ravi Teja,0,0,,,,,,,,,
1383491,2023/24,2023-10-21,"Sawai Mansingh Stadium, Jaipur",1,16.1,Mizoram,Hyderabad (India),Lalhriatrenga,KC Cariappa,CV Milind,1,0,,,,,,,,,
1383491,2023/24,2023-10-21,"Sawai Mansingh Stadium, Jaipur",1,16.2,Mizoram,Hyderabad (India),KC Cariappa,Lalhriatrenga,CV Milind,0,0,,,,,,,,,
1383491,2023/24,2023-10-21,"Sawai Mansingh Stadium, Jaipur",1,16.3,Mizoram,Hyderabad (India),KC Cariappa,Lalhriatrenga,CV Milind,1,0,,,,,,,,,
1383491,2023/24,2023-10-21,"Sawai Mansingh Stadium, Jaipur",1,16.4,Mizoram,Hyderabad (India),Lalhriatrenga,KC Cariappa,CV Milind,0,0,,,,,,,,,
1383491,2023/24,2023-10-21,"Sawai Mansingh Stadium, Jaipur",1,16.5,Mizoram,Hyderabad (India),Lalhriatrenga,KC Cariappa,CV Milind,0,0,,,,,,,,,
1383491,2023/24,2023-10-21,"Sawai Mansingh Stadium, Jaipur",1,16.6,Mizoram,Hyderabad (India),Lalhriatrenga,KC Cariappa,CV Milind,0,0,,,,,,,,,
1383491,2023/24,2023-10-21,"Sawai Mansingh Stadium, Jaipur",1,17.1,Mizoram,Hyderabad (India),KC Cariappa,Lalhriatrenga,Rakshan Readdi,0,0,,,,,,,,,
1383491,2023/24,2023-10-21,"Sawai Mansingh Stadium, Jaipur",1,17.2,Mizoram,Hyderabad (India),KC Cariappa,Lalhriatrenga,Rakshan Readdi,0,0,,,,,,,,,
1383491,2023/24,2023-10-21,"Sawai Mansingh Stadium, Jaipur",1,17.3,Mizoram,Hyderabad (India),KC Cariappa,Lalhriatrenga,Rakshan Readdi,1,0,,,,,,,,,
1383491,2023/24,2023-10-21,"Sawai Mansingh Stadium, Jaipur",1,17.4,Mizoram,Hyderabad (India),Lalhriatrenga,KC Cariappa,Rakshan Readdi,0,0,,,,,,,,,
1383491,2023/24,2023-10-21,"Sawai Mansingh Stadium, Jaipur",1,17.5,Mizoram,Hyderabad (India),Lalhriatrenga,KC Cariappa,Rakshan Readdi,4,0,,,,,,,,,
1383491,2023/24,2023-10-21,"Sawai Mansingh Stadium, Jaipur",1,17.6,Mizoram,Hyderabad (India),Lalhriatrenga,KC Cariappa,Rakshan Readdi,0,0,,,,,,,,,
1383491,2023/24,2023-10-21,"Sawai Mansingh Stadium, Jaipur",1,18.1,Mizoram,Hyderabad (India),KC Cariappa,Lalhriatrenga,Ravi Teja,0,0,,,,,,caught,KC Cariappa,,
1383491,2023/24,2023-10-21,"Sawai Mansingh Stadium, Jaipur",1,18.2,Mizoram,Hyderabad (India),Lalhruai Ralte,Lalhriatrenga,Ravi Teja,0,1,,,,1,,,,,
1383491,2023/24,2023-10-21,"Sawai Mansingh Stadium, Jaipur",1,18.3,Mizoram,Hyderabad (India),Lalhriatrenga,Lalhruai Ralte,Ravi Teja,0,0,,,,,,caught,Lalhriatrenga,,
1383491,2023/24,2023-10-21,"Sawai Mansingh Stadium, Jaipur",1,18.4,Mizoram,Hyderabad (India),Remruatdika Ralte,Lalhruai Ralte,Ravi Teja,1,0,,,,,,,,,
1383491,2023/24,2023-10-21,"Sawai Mansingh Stadium, Jaipur",1,18.5,Mizoram,Hyderabad (India),Lalhruai Ralte,Remruatdika Ralte,Ravi Teja,2,0,,,,,,,,,
1383491,2023/24,2023-10-21,"Sawai Mansingh Stadium, Jaipur",1,18.6,Mizoram,Hyderabad (India),Lalhruai Ralte,Remruatdika Ralte,Ravi Teja,2,0,,,,,,,,,
1383491,2023/24,2023-10-21,"Sawai Mansingh Stadium, Jaipur",1,19.1,Mizoram,Hyderabad (India),Remruatdika Ralte,Lalhruai Ralte,CV Milind,1,0,,,,,,,,,
1383491,2023/24,2023-10-21,"Sawai Mansingh Stadium, Jaipur",1,19.2,Mizoram,Hyderabad (India),Lalhruai Ralte,Remruatdika Ralte,CV Milind,1,0,,,,,,,,,
1383491,2023/24,2023-10-21,"Sawai Mansingh Stadium, Jaipur",1,19.3,Mizoram,Hyderabad (India),Remruatdika Ralte,Lalhruai Ralte,CV Milind,0,1,,,1,,,,,,
1383491,2023/24,2023-10-21,"Sawai Mansingh Stadium, Jaipur",1,19.4,Mizoram,Hyderabad (India),Lalhruai Ralte,Remruatdika Ralte,CV Milind,0,0,,,,,,caught,Lalhruai Ralte,,
1383491,2023/24,2023-10-21,"Sawai Mansingh Stadium, Jaipur",1,19.5,Mizoram,Hyderabad (India),R Ralte,Remruatdika Ralte,CV Milind,1,0,,,,,,,,,
1383491,2023/24,2023-10-21,"Sawai Mansingh Stadium, Jaipur",1,19.6,Mizoram,Hyderabad (India),Remruatdika Ralte,R Ralte,CV Milind,0,0,,,,,,bowled,Remruatdika Ralte,,
1383491,2023/24,2023-10-21,"Sawai Mansingh Stadium, Jaipur",2,0.1,Hyderabad (India),Mizoram,Tanmay Agarwal,Rohit Rayudu,Mohit Jangra,0,0,,,,,,,,,
1383491,2023/24,2023-10-21,"Sawai Mansingh Stadium, Jaipur",2,0.2,Hyderabad (India),Mizoram,Tanmay Agarwal,Rohit Rayudu,Mohit Jangra,0,0,,,,,,,,,
1383491,2023/24,2023-10-21,"Sawai Mansingh Stadium, Jaipur",2,0.3,Hyderabad (India),Mizoram,Tanmay Agarwal,Rohit Rayudu,Mohit Jangra,2,0,,,,,,,,,
1383491,2023/24,2023-10-21,"Sawai Mansingh Stadium, Jaipur",2,0.4,Hyderabad (India),Mizoram,Tanmay Agarwal,Rohit Rayudu,Mohit Jangra,0,0,,,,,,,,,
1383491,2023/24,2023-10-21,"Sawai Mansingh Stadium, Jaipur",2,0.5,Hyderabad (India),Mizoram,Tanmay Agarwal,Rohit Rayudu,Mohit Jangra,0,0,,,,,,,,,
1383491,2023/24,2023-10-21,"Sawai Mansingh Stadium, Jaipur",2,0.6,Hyderabad (India),Mizoram,Tanmay Agarwal,Rohit Rayudu,Mohit Jangra,0,0,,,,,,,,,
1383491,2023/24,2023-10-21,"Sawai Mansingh Stadium, Jaipur",2,1.1,Hyderabad (India),Mizoram,Rohit Rayudu,Tanmay Agarwal,KC Cariappa,0,0,,,,,,,,,
1383491,2023/24,2023-10-21,"Sawai Mansingh Stadium, Jaipur",2,1.2,Hyderabad (India),Mizoram,Rohit Rayudu,Tanmay Agarwal,KC Cariappa,0,0,,,,,,,,,
1383491,2023/24,2023-10-21,"Sawai Mansingh Stadium, Jaipur",2,1.3,Hyderabad (India),Mizoram,Rohit Rayudu,Tanmay Agarwal,KC Cariappa,0,0,,,,,,,,,
1383491,2023/24,2023-10-21,"Sawai Mansingh Stadium, Jaipur",2,1.4,Hyderabad (India),Mizoram,Rohit Rayudu,Tanmay Agarwal,KC Cariappa,0,0,,,,,,,,,
1383491,2023/24,2023-10-21,"Sawai Mansingh Stadium, Jaipur",2,1.5,Hyderabad (India),Mizoram,Rohit Rayudu,Tanmay Agarwal,KC Cariappa,3,0,,,,,,,,,
1383491,2023/24,2023-10-21,"Sawai Mansingh Stadium, Jaipur",2,1.6,Hyderabad (India),Mizoram,Tanmay Agarwal,Rohit Rayudu,KC Cariappa,2,0,,,,,,,,,
1383491,2023/24,2023-10-21,"Sawai Mansingh Stadium, Jaipur",2,2.1,Hyderabad (India),Mizoram,Rohit Rayudu,Tanmay Agarwal,Mohit Jangra,0,0,,,,,,,,,
1383491,2023/24,2023-10-21,"Sawai Mansingh Stadium, Jaipur",2,2.2,Hyderabad (India),Mizoram,Rohit Rayudu,Tanmay Agarwal,Mohit Jangra,0,0,,,,,,,,,
1383491,2023/24,2023-10-21,"Sawai Mansingh Stadium, Jaipur",2,2.3,Hyderabad (India),Mizoram,Rohit Rayudu,Tanmay Agarwal,Mohit Jangra,4,0,,,,,,,,,
1383491,2023/24,2023-10-21,"Sawai Mansingh Stadium, Jaipur",2,2.4,Hyderabad (India),Mizoram,Rohit Rayudu,Tanmay Agarwal,Mohit Jangra,1,0,,,,,,,,,
1383491,2023/24,2023-10-21,"Sawai Mansingh Stadium, Jaipur",2,2.5,Hyderabad (India),Mizoram,Tanmay Agarwal,Rohit Rayudu,Mohit Jangra,0,0,,,,,,,,,
1383491,2023/24,2023-10-21,"Sawai Mansingh Stadium, Jaipur",2,2.6,Hyderabad (India),Mizoram,Tanmay Agarwal,Rohit Rayudu,Mohit Jangra,0,0,,,,,,,,,
1383491,2023/24,2023-10-21,"Sawai Mansingh Stadium, Jaipur",2,3.1,Hyderabad (India),Mizoram,Rohit Rayudu,Tanmay Agarwal,KC Cariappa,0,0,,,,,,,,,
1383491,2023/24,2023-10-21,"Sawai Mansingh Stadium, Jaipur",2,3.2,Hyderabad (India),Mizoram,Rohit Rayudu,Tanmay Agarwal,KC Cariappa,1,0,,,,,,,,,
1383491,2023/24,2023-10-21,"Sawai Mansingh Stadium, Jaipur",2,3.3,Hyderabad (India),Mizoram,Tanmay Agarwal,Rohit Rayudu,KC Cariappa,0,0,,,,,,,,,
1383491,2023/24,2023-10-21,"Sawai Mansingh Stadium, Jaipur",2,3.4,Hyderabad (India),Mizoram,Tanmay Agarwal,Rohit Rayudu,KC Cariappa,1,0,,,,,,,,,
1383491,2023/24,2023-10-21,"Sawai Mansingh Stadium, Jaipur",2,3.5,Hyderabad (India),Mizoram,Rohit Rayudu,Tanmay Agarwal,KC Cariappa,1,0,,,,,,,,,
1383491,2023/24,2023-10-21,"Sawai Mansingh Stadium, Jaipur",2,3.6,Hyderabad (India),Mizoram,Tanmay Agarwal,Rohit Rayudu,KC Cariappa,4,0,,,,,,,,,
1383491,2023/24,2023-10-21,"Sawai Mansingh Stadium, Jaipur",2,4.1,Hyderabad (India),Mizoram,Rohit Rayudu,Tanmay Agarwal,Mohit Jangra,4,0,,,,,,,,,
1383491,2023/24,2023-10-21,"Sawai Mansingh Stadium, Jaipur",2,4.2,Hyderabad (India),Mizoram,Rohit Rayudu,Tanmay Agarwal,Mohit Jangra,0,1,,,,1,,,,,
1383491,2023/24,2023-10-21,"Sawai Mansingh Stadium, Jaipur",2,4.3,Hyderabad (India),Mizoram,Tanmay Agarwal,Rohit Rayudu,Mohit Jangra,0,0,,,,,,,,,
1383491,2023/24,2023-10-21,"Sawai Mansingh Stadium, Jaipur",2,4.4,Hyderabad (India),Mizoram,Tanmay Agarwal,Rohit Rayudu,Mohit Jangra,4,0,,,,,,,,,
1383491,2023/24,2023-10-21,"Sawai Mansingh Stadium, Jaipur",2,4.5,Hyderabad (India),Mizoram,Tanmay Agarwal,Rohit Rayudu,Mohit Jangra,0,0,,,,,,,,,
1383491,2023/24,2023-10-21,"Sawai Mansingh Stadium, Jaipur",2,4.6,Hyderabad (India),Mizoram,Tanmay Agarwal,Rohit Rayudu,Mohit Jangra,1,0,,,,,,,,,
1383491,2023/24,2023-10-21,"Sawai Mansingh Stadium, Jaipur",2,5.1,Hyderabad (India),Mizoram,Tanmay Agarwal,Rohit Rayudu,R Ralte,0,0,,,,,,caught,Tanmay Agarwal,,
1383491,2023/24,2023-10-21,"Sawai Mansingh Stadium, Jaipur",2,5.2,Hyderabad (India),Mizoram,Tilak Varma,Rohit Rayudu,R Ralte,2,0,,,,,,,,,
1383491,2023/24,2023-10-21,"Sawai Mansingh Stadium, Jaipur",2,5.3,Hyderabad (India),Mizoram,Tilak Varma,Rohit Rayudu,R Ralte,1,0,,,,,,,,,
1383491,2023/24,2023-10-21,"Sawai Mansingh Stadium, Jaipur",2,5.4,Hyderabad (India),Mizoram,Rohit Rayudu,Tilak Varma,R Ralte,6,0,,,,,,,,,
1383491,2023/24,2023-10-21,"Sawai Mansingh Stadium, Jaipur",2,5.5,Hyderabad (India),Mizoram,Rohit Rayudu,Tilak Varma,R Ralte,1,0,,,,,,,,,
1383491,2023/24,2023-10-21,"Sawai Mansingh Stadium, Jaipur",2,5.6,Hyderabad (India),Mizoram,Tilak Varma,Rohit Rayudu,R Ralte,0,1,1,,,,,,,,
1383491,2023/24,2023-10-21,"Sawai Mansingh Stadium, Jaipur",2,5.7,Hyderabad (India),Mizoram,Tilak Varma,Rohit Rayudu,R Ralte,0,0,,,,,,,,,
1383491,2023/24,2023-10-21,"Sawai Mansingh Stadium, Jaipur",2,6.1,Hyderabad (India),Mizoram,Rohit Rayudu,Tilak Varma,Lalhruai Ralte,1,0,,,,,,,,,
1383491,2023/24,2023-10-21,"Sawai Mansingh Stadium, Jaipur",2,6.2,Hyderabad (India),Mizoram,Tilak Varma,Rohit Rayudu,Lalhruai Ralte,0,0,,,,,,,,,
1383491,2023/24,2023-10-21,"Sawai Mansingh Stadium, Jaipur",2,6.3,Hyderabad (India),Mizoram,Tilak Varma,Rohit Rayudu,Lalhruai Ralte,1,0,,,,,,,,,
1383491,2023/24,2023-10-21,"Sawai Mansingh Stadium, Jaipur",2,6.4,Hyderabad (India),Mizoram,Rohit Rayudu,Tilak Varma,Lalhruai Ralte,0,0,,,,,,,,,
1383491,2023/24,2023-10-21,"Sawai Mansingh Stadium, Jaipur",2,6.5,Hyderabad (India),Mizoram,Rohit Rayudu,Tilak Varma,Lalhruai Ralte,4,0,,,,,,,,,
1383491,2023/24,2023-10-21,"Sawai Mansingh Stadium, Jaipur",2,6.6,Hyderabad (India),Mizoram,Rohit Rayudu,Tilak Varma,Lalhruai Ralte,1,0,,,,,,,,,
1383491,2023/24,2023-10-21,"Sawai Mansingh Stadium, Jaipur",2,7.1,Hyderabad (India),Mizoram,Rohit Rayudu,Tilak Varma,R Ralte,1,0,,,,,,,,,
1383491,2023/24,2023-10-21,"Sawai Mansingh Stadium, Jaipur",2,7.2,Hyderabad (India),Mizoram,Tilak Varma,Rohit Rayudu,R Ralte,6,0,,,,,,,,,
1383491,2023/24,2023-10-21,"Sawai Mansingh Stadium, Jaipur",2,7.3,Hyderabad (India),Mizoram,Tilak Varma,Rohit Rayudu,R Ralte,4,0,,,,,,,,,
1383491,2023/24,2023-10-21,"Sawai Mansingh Stadium, Jaipur",2,7.4,Hyderabad (India),Mizoram,Tilak Varma,Rohit Rayudu,R Ralte,2,0,,,,,,,,,
1383491,2023/24,2023-10-21,"Sawai Mansingh Stadium, Jaipur",2,7.5,Hyderabad (India),Mizoram,Tilak Varma,Rohit Rayudu,R Ralte,6,0,,,,,,,,,
1383491,2023/24,2023-10-21,"Sawai Mansingh Stadium, Jaipur",2,7.6,Hyderabad (India),Mizoram,Tilak Varma,Rohit Rayudu,R Ralte,1,0,,,,,,,,,
1383491,2023/24,2023-10-21,"Sawai Mansingh Stadium, Jaipur",2,8.1,Hyderabad (India),Mizoram,Tilak Varma,Rohit Rayudu,Lalhruai Ralte,1,0,,,,,,,,,
1383491,2023/24,2023-10-21,"Sawai Mansingh Stadium, Jaipur",2,8.2,Hyderabad (India),Mizoram,Rohit Rayudu,Tilak Varma,Lalhruai Ralte,4,0,,,,,,,,,
1383491,2023/24,2023-10-21,"Sawai Mansingh Stadium, Jaipur",2,8.3,Hyderabad (India),Mizoram,Rohit Rayudu,Tilak Varma,Lalhruai Ralte,2,0,,,,,,,,,
1383491,2023/24,2023-10-21,"Sawai Mansingh Stadium, Jaipur",2,8.4,Hyderabad (India),Mizoram,Rohit Rayudu,Tilak Varma,Lalhruai Ralte,1,0,,,,,,,,,
1383491,2023/24,2023-10-21,"Sawai Mansingh Stadium, Jaipur",2,8.5,Hyderabad (India),Mizoram,Tilak Varma,Rohit Rayudu,Lalhruai Ralte,6,0,,,,,,,,,
1383491,2023/24,2023-10-21,"Sawai Mansingh Stadium, Jaipur",2,8.6,Hyderabad (India),Mizoram,Tilak Varma,Rohit Rayudu,Lalhruai Ralte,0,0,,,,,,,,,
1383491,2023/24,2023-10-21,"Sawai Mansingh Stadium, Jaipur",2,9.1,Hyderabad (India),Mizoram,Rohit Rayudu,Tilak Varma,Remruatdika Ralte,4,0,,,,,,,,,
1383491,2023/24,2023-10-21,"Sawai Mansingh Stadium, Jaipur",2,9.2,Hyderabad (India),Mizoram,Rohit Rayudu,Tilak Varma,Remruatdika Ralte,0,0,,,,,,,,,
1383491,2023/24,2023-10-21,"Sawai Mansingh Stadium, Jaipur",2,9.3,Hyderabad (India),Mizoram,Rohit Rayudu,Tilak Varma,Remruatdika Ralte,0,1,1,,,,,,,,
1383491,2023/24,2023-10-21,"Sawai Mansingh Stadium, Jaipur",2,9.4,Hyderabad (India),Mizoram,Rohit Rayudu,Tilak Varma,Remruatdika Ralte,0,0,,,,,,,,,
1383491,2023/24,2023-10-21,"Sawai Mansingh Stadium, Jaipur",2,9.5,Hyderabad (India),Mizoram,Rohit Rayudu,Tilak Varma,Remruatdika Ralte,1,0,,,,,,,,,
1383491,2023/24,2023-10-21,"Sawai Mansingh Stadium, Jaipur",2,9.6,Hyderabad (India),Mizoram,Tilak Varma,Rohit Rayudu,Remruatdika Ralte,0,0,,,,,,,,,
1383491,2023/24,2023-10-21,"Sawai Mansingh Stadium, Jaipur",2,9.7,Hyderabad (India),Mizoram,Tilak Varma,Rohit Rayudu,Remruatdika Ralte,1,0,,,,,,,,,
1383491,2023/24,2023-10-21,"Sawai Mansingh Stadium, Jaipur",2,10.1,Hyderabad (India),Mizoram,Tilak Varma,Rohit Rayudu,KC Cariappa,1,0,,,,,,,,,
1383491,2023/24,2023-10-21,"Sawai Mansingh Stadium, Jaipur",2,10.2,Hyderabad (India),Mizoram,Rohit Rayudu,Tilak Varma,KC Cariappa,0,0,,,,,,,,,
1383491,2023/24,2023-10-21,"Sawai Mansingh Stadium, Jaipur",2,10.3,Hyderabad (India),Mizoram,Rohit Rayudu,Tilak Varma,KC Cariappa,1,0,,,,,,,,,
1383491,2023/24,2023-10-21,"Sawai Mansingh Stadium, Jaipur",2,10.4,Hyderabad (India),Mizoram,Tilak Varma,Rohit Rayudu,KC Cariappa,1,0,,,,,,,,,
1383491,2023/24,2023-10-21,"Sawai Mansingh Stadium, Jaipur",2,10.5,Hyderabad (India),Mizoram,Rohit Rayudu,Tilak Varma,KC Cariappa,0,0,,,,,,caught and bowled,Rohit Rayudu,,
1383491,2023/24,2023-10-21,"Sawai Mansingh Stadium, Jaipur",2,10.6,Hyderabad (India),Mizoram,Rahul Buddhi,Tilak Varma,KC Cariappa,0,0,,,,,,,,,
1383491,2023/24,2023-10-21,"Sawai Mansingh Stadium, Jaipur",2,11.1,Hyderabad (India),Mizoram,Tilak Varma,Rahul Buddhi,Remruatdika Ralte,1,0,,,,,,,,,
1383491,2023/24,2023-10-21,"Sawai Mansingh Stadium, Jaipur",2,11.2,Hyderabad (India),Mizoram,Rahul Buddhi,Tilak Varma,Remruatdika Ralte,0,0,,,,,,,,,
1383491,2023/24,2023-10-21,"Sawai Mansingh Stadium, Jaipur",2,11.3,Hyderabad (India),Mizoram,Rahul Buddhi,Tilak Varma,Remruatdika Ralte,0,0,,,,,,,,,
1383491,2023/24,2023-10-21,"Sawai Mansingh Stadium, Jaipur",2,11.4,Hyderabad (India),Mizoram,Rahul Buddhi,Tilak Varma,Remruatdika Ralte,0,0,,,,,,,,,
1383491,2023/24,2023-10-21,"Sawai Mansingh Stadium, Jaipur",2,11.5,Hyderabad (India),Mizoram,Rahul Buddhi,Tilak Varma,Remruatdika Ralte,4,0,,,,,,,,,
1383491,2023/24,2023-10-21,"Sawai Mansingh Stadium, Jaipur",2,11.6,Hyderabad (India),Mizoram,Rahul Buddhi,Tilak Varma,Remruatdika Ralte,1,0,,,,,,,,,
1383491,2023/24,2023-10-21,"Sawai Mansingh Stadium, Jaipur",2,12.1,Hyderabad (India),Mizoram,Rahul Buddhi,Tilak Varma,TC Vanlalremruata,1,0,,,,,,,,,
1383491,2023/24,2023-10-21,"Sawai Mansingh Stadium, Jaipur",2,12.2,Hyderabad (India),Mizoram,Tilak Varma,Rahul Buddhi,TC Vanlalremruata,1,0,,,,,,,,,
1383491,2023/24,2023-10-21,"Sawai Mansingh Stadium, Jaipur",2,12.3,Hyderabad (India),Mizoram,Rahul Buddhi,Tilak Varma,TC Vanlalremruata,0,0,,,,,,,,,
1383491,2023/24,2023-10-21,"Sawai Mansingh Stadium, Jaipur",2,12.4,Hyderabad (India),Mizoram,Rahul Buddhi,Tilak Varma,TC Vanlalremruata,4,0,,,,,,,,,
1383491,2023/24,2023-10-21,"Sawai Mansingh Stadium, Jaipur",2,12.5,Hyderabad (India),Mizoram,Rahul Buddhi,Tilak Varma,TC Vanlalremruata,0,0,,,,,,caught,Rahul Buddhi,,
1383491,2023/24,2023-10-21,"Sawai Mansingh Stadium, Jaipur",2,12.6,Hyderabad (India),Mizoram,CP Sahani,Tilak Varma,TC Vanlalremruata,1,0,,,,,,,,,
1383491,2023/24,2023-10-21,"Sawai Mansingh Stadium, Jaipur",2,13.1,Hyderabad (India),Mizoram,CP Sahani,Tilak Varma,Remruatdika Ralte,0,0,,,,,,,,,
1383491,2023/24,2023-10-21,"Sawai Mansingh Stadium, Jaipur",2,13.2,Hyderabad (India),Mizoram,CP Sahani,Tilak Varma,Remruatdika Ralte,0,0,,,,,,,,,
1383491,2023/24,2023-10-21,"Sawai Mansingh Stadium, Jaipur",2,13.3,Hyderabad (India),Mizoram,CP Sahani,Tilak Varma,Remruatdika Ralte,1,0,,,,,,,,,
1383491,2023/24,2023-10-21,"Sawai Mansingh Stadium, Jaipur",2,13.4,Hyderabad (India),Mizoram,Tilak Varma,CP Sahani,Remruatdika Ralte,0,0,,,,,,,,,
1383491,2023/24,2023-10-21,"Sawai Mansingh Stadium, Jaipur",2,13.5,Hyderabad (India),Mizoram,Tilak Varma,CP Sahani,Remruatdika Ralte,0,0,,,,,,,,,
1383491,2023/24,2023-10-21,"Sawai Mansingh Stadium, Jaipur",2,13.6,Hyderabad (India),Mizoram,Tilak Varma,CP Sahani,Remruatdika Ralte,0,0,,,,,,,,,
1383491,2023/24,2023-10-21,"Sawai Mansingh Stadium, Jaipur",2,14.1,Hyderabad (India),Mizoram,CP Sahani,Tilak Varma,TC Vanlalremruata,2,0,,,,,,,,,
1383491,2023/24,2023-10-21,"Sawai Mansingh Stadium, Jaipur",2,14.2,Hyderabad (India),Mizoram,CP Sahani,Tilak Varma,TC Vanlalremruata,0,0,,,,,,,,,
1383491,2023/24,2023-10-21,"Sawai Mansingh Stadium, Jaipur",2,14.3,Hyderabad (India),Mizoram,CP Sahani,Tilak Varma,TC Vanlalremruata,0,0,,,,,,caught,CP Sahani,,
1383491,2023/24,2023-10-21,"Sawai Mansingh Stadium, Jaipur",2,14.4,Hyderabad (India),Mizoram,Rahul Singh,Tilak Varma,TC Vanlalremruata,2,0,,,,,,,,,
1383491,2023/24,2023-10-21,"Sawai Mansingh Stadium, Jaipur",2,14.5,Hyderabad (India),Mizoram,Rahul Singh,Tilak Varma,TC Vanlalremruata,1,0,,,,,,,,,
1383491,2023/24,2023-10-21,"Sawai Mansingh Stadium, Jaipur",2,14.6,Hyderabad (India),Mizoram,Tilak Varma,Rahul Singh,TC Vanlalremruata,1,0,,,,,,,,,
1383491,2023/24,2023-10-21,"Sawai Mansingh Stadium, Jaipur",2,15.1,Hyderabad (India),Mizoram,Tilak Varma,Rahul Singh,Remruatdika Ralte,4,0,,,,,,,,,
