match_id,season,start_date,venue,innings,ball,batting_team,bowling_team,striker,non_striker,bowler,runs_off_bat,extras,wides,noballs,byes,legbyes,penalty,wicket_type,player_dismissed,other_wicket_type,other_player_dismissed
1383460,2023/24,2023-10-17,"JSCA International Stadium Complex, Ranchi",1,0.1,Punjab,Andhra,Abhishek Sharma,P Simran Singh,Cheepurapalli Stephen,0,0,,,,,,,,,
1383460,2023/24,2023-10-17,"JSCA International Stadium Complex, Ranchi",1,0.2,Punjab,Andhra,Abhishek Sharma,P Simran Singh,Cheepurapalli Stephen,0,0,,,,,,,,,
1383460,2023/24,2023-10-17,"JSCA International Stadium Complex, Ranchi",1,0.3,Punjab,Andhra,Abhishek Sharma,P Simran Singh,Cheepurapalli Stephen,4,0,,,,,,,,,
1383460,2023/24,2023-10-17,"JSCA International Stadium Complex, Ranchi",1,0.4,Punjab,Andhra,Abhishek Sharma,P Simran Singh,Cheepurapalli Stephen,0,0,,,,,,,,,
1383460,2023/24,2023-10-17,"JSCA International Stadium Complex, Ranchi",1,0.5,Punjab,Andhra,Abhishek Sharma,P Simran Singh,Cheepurapalli Stephen,0,0,,,,,,,,,
1383460,2023/24,2023-10-17,"JSCA International Stadium Complex, Ranchi",1,0.6,Punjab,Andhra,Abhishek Sharma,P Simran Singh,Cheepurapalli Stephen,0,0,,,,,,,,,
1383460,2023/24,2023-10-17,"JSCA International Stadium Complex, Ranchi",1,1.1,Punjab,Andhra,P Simran Singh,Abhishek Sharma,Y Prithvi Raj,0,0,,,,,,,,,
1383460,2023/24,2023-10-17,"JSCA International Stadium Complex, Ranchi",1,1.2,Punjab,Andhra,P Simran Singh,Abhishek Sharma,Y Prithvi Raj,0,5,5,,,,,,,,
1383460,2023/24,2023-10-17,"JSCA International Stadium Complex, Ranchi",1,1.3,Punjab,Andhra,P Simran Singh,Abhishek Sharma,Y Prithvi Raj,0,0,,,,,,,,,
1383460,2023/24,2023-10-17,"JSCA International Stadium Complex, Ranchi",1,1.4,Punjab,Andhra,P Simran Singh,Abhishek Sharma,Y Prithvi Raj,0,1,1,,,,,,,,
1383460,2023/24,2023-10-17,"JSCA International Stadium Complex, Ranchi",1,1.5,Punjab,Andhra,P Simran Singh,Abhishek Sharma,Y Prithvi Raj,4,0,,,,,,,,,
1383460,2023/24,2023-10-17,"JSCA International Stadium Complex, Ranchi",1,1.6,Punjab,Andhra,P Simran Singh,Abhishek Sharma,Y Prithvi Raj,1,0,,,,,,,,,
1383460,2023/24,2023-10-17,"JSCA International Stadium Complex, Ranchi",1,1.7,Punjab,Andhra,Abhishek Sharma,P Simran Singh,Y Prithvi Raj,0,1,1,,,,,,,,
1383460,2023/24,2023-10-17,"JSCA International Stadium Complex, Ranchi",1,1.8,Punjab,Andhra,Abhishek Sharma,P Simran Singh,Y Prithvi Raj,4,0,,,,,,,,,
1383460,2023/24,2023-10-17,"JSCA International Stadium Complex, Ranchi",1,1.9,Punjab,Andhra,Abhishek Sharma,P Simran Singh,Y Prithvi Raj,0,0,,,,,,,,,
1383460,2023/24,2023-10-17,"JSCA International Stadium Complex, Ranchi",1,2.1,Punjab,Andhra,P Simran Singh,Abhishek Sharma,Cheepurapalli Stephen,4,0,,,,,,,,,
1383460,2023/24,2023-10-17,"JSCA International Stadium Complex, Ranchi",1,2.2,Punjab,Andhra,P Simran Singh,Abhishek Sharma,Cheepurapalli Stephen,1,0,,,,,,,,,
1383460,2023/24,2023-10-17,"JSCA International Stadium Complex, Ranchi",1,2.3,Punjab,Andhra,Abhishek Sharma,P Simran Singh,Cheepurapalli Stephen,0,0,,,,,,,,,
1383460,2023/24,2023-10-17,"JSCA International Stadium Complex, Ranchi",1,2.4,Punjab,Andhra,Abhishek Sharma,P Simran Singh,Cheepurapalli Stephen,0,0,,,,,,,,,
1383460,2023/24,2023-10-17,"JSCA International Stadium Complex, Ranchi",1,2.5,Punjab,Andhra,Abhishek Sharma,P Simran Singh,Cheepurapalli Stephen,0,0,,,,,,,,,
1383460,2023/24,2023-10-17,"JSCA International Stadium Complex, Ranchi",1,2.6,Punjab,Andhra,Abhishek Sharma,P Simran Singh,Cheepurapalli Stephen,1,0,,,,,,,,,
1383460,2023/24,2023-10-17,"JSCA International Stadium Complex, Ranchi",1,3.1,Punjab,Andhra,Abhishek Sharma,P Simran Singh,Harishankar Reddy,0,0,,,,,,,,,
1383460,2023/24,2023-10-17,"JSCA International Stadium Complex, Ranchi",1,3.2,Punjab,Andhra,Abhishek Sharma,P Simran Singh,Harishankar Reddy,0,0,,,,,,,,,
1383460,2023/24,2023-10-17,"JSCA International Stadium Complex, Ranchi",1,3.3,Punjab,Andhra,Abhishek Sharma,P Simran Singh,Harishankar Reddy,6,0,,,,,,,,,
1383460,2023/24,2023-10-17,"JSCA International Stadium Complex, Ranchi",1,3.4,Punjab,Andhra,Abhishek Sharma,P Simran Singh,Harishankar Reddy,1,0,,,,,,,,,
1383460,2023/24,2023-10-17,"JSCA International Stadium Complex, Ranchi",1,3.5,Punjab,Andhra,P Simran Singh,Abhishek Sharma,Harishankar Reddy,0,0,,,,,,,,,
1383460,2023/24,2023-10-17,"JSCA International Stadium Complex, Ranchi",1,3.6,Punjab,Andhra,P Simran Singh,Abhishek Sharma,Harishankar Reddy,0,0,,,,,,,,,
1383460,2023/24,2023-10-17,"JSCA International Stadium Complex, Ranchi",1,4.1,Punjab,Andhra,Abhishek Sharma,P Simran Singh,Y Prithvi Raj,4,0,,,,,,,,,
1383460,2023/24,2023-10-17,"JSCA International Stadium Complex, Ranchi",1,4.2,Punjab,Andhra,Abhishek Sharma,P Simran Singh,Y Prithvi Raj,1,0,,,,,,,,,
1383460,2023/24,2023-10-17,"JSCA International Stadium Complex, Ranchi",1,4.3,Punjab,Andhra,P Simran Singh,Abhishek Sharma,Y Prithvi Raj,0,0,,,,,,,,,
1383460,2023/24,2023-10-17,"JSCA International Stadium Complex, Ranchi",1,4.4,Punjab,Andhra,P Simran Singh,Abhishek Sharma,Y Prithvi Raj,6,0,,,,,,,,,
1383460,2023/24,2023-10-17,"JSCA International Stadium Complex, Ranchi",1,4.5,Punjab,Andhra,P Simran Singh,Abhishek Sharma,Y Prithvi Raj,4,0,,,,,,,,,
1383460,2023/24,2023-10-17,"JSCA International Stadium Complex, Ranchi",1,4.6,Punjab,Andhra,P Simran Singh,Abhishek Sharma,Y Prithvi Raj,0,1,1,,,,,,,,
1383460,2023/24,2023-10-17,"JSCA International Stadium Complex, Ranchi",1,4.7,Punjab,Andhra,P Simran Singh,Abhishek Sharma,Y Prithvi Raj,1,0,,,,,,,,,
1383460,2023/24,2023-10-17,"JSCA International Stadium Complex, Ranchi",1,5.1,Punjab,Andhra,P Simran Singh,Abhishek Sharma,Lalith Mohan,1,0,,,,,,,,,
1383460,2023/24,2023-10-17,"JSCA International Stadium Complex, Ranchi",1,5.2,Punjab,Andhra,Abhishek Sharma,P Simran Singh,Lalith Mohan,6,0,,,,,,,,,
1383460,2023/24,2023-10-17,"JSCA International Stadium Complex, Ranchi",1,5.3,Punjab,Andhra,Abhishek Sharma,P Simran Singh,Lalith Mohan,6,0,,,,,,,,,
1383460,2023/24,2023-10-17,"JSCA International Stadium Complex, Ranchi",1,5.4,Punjab,Andhra,Abhishek Sharma,P Simran Singh,Lalith Mohan,6,0,,,,,,,,,
1383460,2023/24,2023-10-17,"JSCA International Stadium Complex, Ranchi",1,5.5,Punjab,Andhra,Abhishek Sharma,P Simran Singh,Lalith Mohan,2,0,,,,,,,,,
1383460,2023/24,2023-10-17,"JSCA International Stadium Complex, Ranchi",1,5.6,Punjab,Andhra,Abhishek Sharma,P Simran Singh,Lalith Mohan,1,0,,,,,,,,,
1383460,2023/24,2023-10-17,"JSCA International Stadium Complex, Ranchi",1,6.1,Punjab,Andhra,Abhishek Sharma,P Simran Singh,T Vijay,4,0,,,,,,,,,
1383460,2023/24,2023-10-17,"JSCA International Stadium Complex, Ranchi",1,6.2,Punjab,Andhra,Abhishek Sharma,P Simran Singh,T Vijay,6,0,,,,,,,,,
1383460,2023/24,2023-10-17,"JSCA International Stadium Complex, Ranchi",1,6.3,Punjab,Andhra,Abhishek Sharma,P Simran Singh,T Vijay,1,0,,,,,,,,,
1383460,2023/24,2023-10-17,"JSCA International Stadium Complex, Ranchi",1,6.4,Punjab,Andhra,P Simran Singh,Abhishek Sharma,T Vijay,0,0,,,,,,,,,
1383460,2023/24,2023-10-17,"JSCA International Stadium Complex, Ranchi",1,6.5,Punjab,Andhra,P Simran Singh,Abhishek Sharma,T Vijay,1,0,,,,,,,,,
1383460,2023/24,2023-10-17,"JSCA International Stadium Complex, Ranchi",1,6.6,Punjab,Andhra,Abhishek Sharma,P Simran Singh,T Vijay,6,0,,,,,,,,,
1383460,2023/24,2023-10-17,"JSCA International Stadium Complex, Ranchi",1,7.1,Punjab,Andhra,P Simran Singh,Abhishek Sharma,Lalith Mohan,0,0,,,,,,,,,
1383460,2023/24,2023-10-17,"JSCA International Stadium Complex, Ranchi",1,7.2,Punjab,Andhra,P Simran Singh,Abhishek Sharma,Lalith Mohan,0,0,,,,,,,,,
1383460,2023/24,2023-10-17,"JSCA International Stadium Complex, Ranchi",1,7.3,Punjab,Andhra,P Simran Singh,Abhishek Sharma,Lalith Mohan,0,0,,,,,,,,,
1383460,2023/24,2023-10-17,"JSCA International Stadium Complex, Ranchi",1,7.4,Punjab,Andhra,P Simran Singh,Abhishek Sharma,Lalith Mohan,0,0,,,,,,,,,
1383460,2023/24,2023-10-17,"JSCA International Stadium Complex, Ranchi",1,7.5,Punjab,Andhra,P Simran Singh,Abhishek Sharma,Lalith Mohan,1,0,,,,,,,,,
1383460,2023/24,2023-10-17,"JSCA International Stadium Complex, Ranchi",1,7.6,Punjab,Andhra,Abhishek Sharma,P Simran Singh,Lalith Mohan,1,0,,,,,,,,,
1383460,2023/24,2023-10-17,"JSCA International Stadium Complex, Ranchi",1,8.1,Punjab,Andhra,Abhishek Sharma,P Simran Singh,T Vijay,1,0,,,,,,,,,
1383460,2023/24,2023-10-17,"JSCA International Stadium Complex, Ranchi",1,8.2,Punjab,Andhra,P Simran Singh,Abhishek Sharma,T Vijay,0,0,,,,,,caught,P Simran Singh,,
1383460,2023/24,2023-10-17,"JSCA International Stadium Complex, Ranchi",1,8.3,Punjab,Andhra,Naman Dhir,Abhishek Sharma,T Vijay,1,0,,,,,,,,,
1383460,2023/24,2023-10-17,"JSCA International Stadium Complex, Ranchi",1,8.4,Punjab,Andhra,Abhishek Sharma,Naman Dhir,T Vijay,4,0,,,,,,,,,
1383460,2023/24,2023-10-17,"JSCA International Stadium Complex, Ranchi",1,8.5,Punjab,Andhra,Abhishek Sharma,Naman Dhir,T Vijay,6,0,,,,,,,,,
1383460,2023/24,2023-10-17,"JSCA International Stadium Complex, Ranchi",1,8.6,Punjab,Andhra,Abhishek Sharma,Naman Dhir,T Vijay,4,0,,,,,,,,,
1383460,2023/24,2023-10-17,"JSCA International Stadium Complex, Ranchi",1,9.1,Punjab,Andhra,Naman Dhir,Abhishek Sharma,Lalith Mohan,1,0,,,,,,,,,
1383460,2023/24,2023-10-17,"JSCA International Stadium Complex, Ranchi",1,9.2,Punjab,Andhra,Abhishek Sharma,Naman Dhir,Lalith Mohan,1,0,,,,,,,,,
1383460,2023/24,2023-10-17,"JSCA International Stadium Complex, Ranchi",1,9.3,Punjab,Andhra,Naman Dhir,Abhishek Sharma,Lalith Mohan,1,0,,,,,,,,,
1383460,2023/24,2023-10-17,"JSCA International Stadium Complex, Ranchi",1,9.4,Punjab,Andhra,Abhishek Sharma,Naman Dhir,Lalith Mohan,6,0,,,,,,,,,
1383460,2023/24,2023-10-17,"JSCA International Stadium Complex, Ranchi",1,9.5,Punjab,Andhra,Abhishek Sharma,Naman Dhir,Lalith Mohan,1,0,,,,,,,,,
1383460,2023/24,2023-10-17,"JSCA International Stadium Complex, Ranchi",1,9.6,Punjab,Andhra,Naman Dhir,Abhishek Sharma,Lalith Mohan,1,0,,,,,,,,,
1383460,2023/24,2023-10-17,"JSCA International Stadium Complex, Ranchi",1,10.1,Punjab,Andhra,Naman Dhir,Abhishek Sharma,Harishankar Reddy,6,0,,,,,,,,,
1383460,2023/24,2023-10-17,"JSCA International Stadium Complex, Ranchi",1,10.2,Punjab,Andhra,Naman Dhir,Abhishek Sharma,Harishankar Reddy,1,0,,,,,,,,,
1383460,2023/24,2023-10-17,"JSCA International Stadium Complex, Ranchi",1,10.3,Punjab,Andhra,Abhishek Sharma,Naman Dhir,Harishankar Reddy,4,0,,,,,,,,,
1383460,2023/24,2023-10-17,"JSCA International Stadium Complex, Ranchi",1,10.4,Punjab,Andhra,Abhishek Sharma,Naman Dhir,Harishankar Reddy,0,0,,,,,,,,,
1383460,2023/24,2023-10-17,"JSCA International Stadium Complex, Ranchi",1,10.5,Punjab,Andhra,Abhishek Sharma,Naman Dhir,Harishankar Reddy,4,0,,,,,,,,,
1383460,2023/24,2023-10-17,"JSCA International Stadium Complex, Ranchi",1,10.6,Punjab,Andhra,Abhishek Sharma,Naman Dhir,Harishankar Reddy,6,0,,,,,,,,,
1383460,2023/24,2023-10-17,"JSCA International Stadium Complex, Ranchi",1,11.1,Punjab,Andhra,Naman Dhir,Abhishek Sharma,T Vijay,6,0,,,,,,,,,
1383460,2023/24,2023-10-17,"JSCA International Stadium Complex, Ranchi",1,11.2,Punjab,Andhra,Naman Dhir,Abhishek Sharma,T Vijay,0,0,,,,,,caught,Naman Dhir,,
1383460,2023/24,2023-10-17,"JSCA International Stadium Complex, Ranchi",1,11.3,Punjab,Andhra,Anmolpreet Singh,Abhishek Sharma,T Vijay,1,0,,,,,,,,,
1383460,2023/24,2023-10-17,"JSCA International Stadium Complex, Ranchi",1,11.4,Punjab,Andhra,Abhishek Sharma,Anmolpreet Singh,T Vijay,1,0,,,,,,,,,
1383460,2023/24,2023-10-17,"JSCA International Stadium Complex, Ranchi",1,11.5,Punjab,Andhra,Anmolpreet Singh,Abhishek Sharma,T Vijay,1,0,,,,,,,,,
1383460,2023/24,2023-10-17,"JSCA International Stadium Complex, Ranchi",1,11.6,Punjab,Andhra,Abhishek Sharma,Anmolpreet Singh,T Vijay,1,0,,,,,,,,,
1383460,2023/24,2023-10-17,"JSCA International Stadium Complex, Ranchi",1,12.1,Punjab,Andhra,Abhishek Sharma,Anmolpreet Singh,Lalith Mohan,1,0,,,,,,,,,
1383460,2023/24,2023-10-17,"JSCA International Stadium Complex, Ranchi",1,12.2,Punjab,Andhra,Anmolpreet Singh,Abhishek Sharma,Lalith Mohan,1,0,,,,,,,,,
1383460,2023/24,2023-10-17,"JSCA International Stadium Complex, Ranchi",1,12.3,Punjab,Andhra,Abhishek Sharma,Anmolpreet Singh,Lalith Mohan,1,0,,,,,,,,,
1383460,2023/24,2023-10-17,"JSCA International Stadium Complex, Ranchi",1,12.4,Punjab,Andhra,Anmolpreet Singh,Abhishek Sharma,Lalith Mohan,6,0,,,,,,,,,
1383460,2023/24,2023-10-17,"JSCA International Stadium Complex, Ranchi",1,12.5,Punjab,Andhra,Anmolpreet Singh,Abhishek Sharma,Lalith Mohan,1,0,,,,,,,,,
1383460,2023/24,2023-10-17,"JSCA International Stadium Complex, Ranchi",1,12.6,Punjab,Andhra,Abhishek Sharma,Anmolpreet Singh,Lalith Mohan,2,0,,,,,,,,,
1383460,2023/24,2023-10-17,"JSCA International Stadium Complex, Ranchi",1,13.1,Punjab,Andhra,Anmolpreet Singh,Abhishek Sharma,T Vijay,4,0,,,,,,,,,
1383460,2023/24,2023-10-17,"JSCA International Stadium Complex, Ranchi",1,13.2,Punjab,Andhra,Anmolpreet Singh,Abhishek Sharma,T Vijay,6,0,,,,,,,,,
1383460,2023/24,2023-10-17,"JSCA International Stadium Complex, Ranchi",1,13.3,Punjab,Andhra,Anmolpreet Singh,Abhishek Sharma,T Vijay,1,0,,,,,,,,,
1383460,2023/24,2023-10-17,"JSCA International Stadium Complex, Ranchi",1,13.4,Punjab,Andhra,Abhishek Sharma,Anmolpreet Singh,T Vijay,1,0,,,,,,,,,
1383460,2023/24,2023-10-17,"JSCA International Stadium Complex, Ranchi",1,13.5,Punjab,Andhra,Anmolpreet Singh,Abhishek Sharma,T Vijay,1,0,,,,,,,,,
1383460,2023/24,2023-10-17,"JSCA International Stadium Complex, Ranchi",1,13.6,Punjab,Andhra,Abhishek Sharma,Anmolpreet Singh,T Vijay,1,0,,,,,,,,,
1383460,2023/24,2023-10-17,"JSCA International Stadium Complex, Ranchi",1,14.1,Punjab,Andhra,Abhishek Sharma,Anmolpreet Singh,Y Prithvi Raj,1,0,,,,,,,,,
1383460,2023/24,2023-10-17,"JSCA International Stadium Complex, Ranchi",1,14.2,Punjab,Andhra,Anmolpreet Singh,Abhishek Sharma,Y Prithvi Raj,4,0,,,,,,,,,
1383460,2023/24,2023-10-17,"JSCA International Stadium Complex, Ranchi",1,14.3,Punjab,Andhra,Anmolpreet Singh,Abhishek Sharma,Y Prithvi Raj,0,1,1,,,,,,,,
1383460,2023/24,2023-10-17,"JSCA International Stadium Complex, Ranchi",1,14.4,Punjab,Andhra,Anmolpreet Singh,Abhishek Sharma,Y Prithvi Raj,0,0,,,,,,,,,
1383460,2023/24,2023-10-17,"JSCA International Stadium Complex, Ranchi",1,14.5,Punjab,Andhra,Anmolpreet Singh,Abhishek Sharma,Y Prithvi Raj,6,0,,,,,,,,,
1383460,2023/24,2023-10-17,"JSCA International Stadium Complex, Ranchi",1,14.6,Punjab,Andhra,Anmolpreet Singh,Abhishek Sharma,Y Prithvi Raj,6,0,,,,,,,,,
1383460,2023/24,2023-10-17,"JSCA International Stadium Complex, Ranchi",1,14.7,Punjab,Andhra,Anmolpreet Singh,Abhishek Sharma,Y Prithvi Raj,6,0,,,,,,,,,
1383460,2023/24,2023-10-17,"JSCA International Stadium Complex, Ranchi",1,15.1,Punjab,Andhra,Abhishek Sharma,Anmolpreet Singh,Cheepurapalli Stephen,4,0,,,,,,,,,
1383460,2023/24,2023-10-17,"JSCA International Stadium Complex, Ranchi",1,15.2,Punjab,Andhra,Abhishek Sharma,Anmolpreet Singh,Cheepurapalli Stephen,1,0,,,,,,,,,
1383460,2023/24,2023-10-17,"JSCA International Stadium Complex, Ranchi",1,15.3,Punjab,Andhra,Anmolpreet Singh,Abhishek Sharma,Cheepurapalli Stephen,1,0,,,,,,,,,
1383460,2023/24,2023-10-17,"JSCA International Stadium Complex, Ranchi",1,15.4,Punjab,Andhra,Abhishek Sharma,Anmolpreet Singh,Cheepurapalli Stephen,1,0,,,,,,,,,
1383460,2023/24,2023-10-17,"JSCA International Stadium Complex, Ranchi",1,15.5,Punjab,Andhra,Anmolpreet Singh,Abhishek Sharma,Cheepurapalli Stephen,1,0,,,,,,,,,
1383460,2023/24,2023-10-17,"JSCA International Stadium Complex, Ranchi",1,15.6,Punjab,Andhra,Abhishek Sharma,Anmolpreet Singh,Cheepurapalli Stephen,0,0,,,,,,caught,Abhishek Sharma,,
1383460,2023/24,2023-10-17,"JSCA International Stadium Complex, Ranchi",1,16.1,Punjab,Andhra,Anmolpreet Singh,Ramandeep Singh,Harishankar Reddy,4,0,,,,,,,,,
1383460,2023/24,2023-10-17,"JSCA International Stadium Complex, Ranchi",1,16.2,Punjab,Andhra,Anmolpreet Singh,Ramandeep Singh,Harishankar Reddy,4,0,,,,,,,,,
1383460,2023/24,2023-10-17,"JSCA International Stadium Complex, Ranchi",1,16.3,Punjab,Andhra,Anmolpreet Singh,Ramandeep Singh,Harishankar Reddy,4,0,,,,,,,,,
1383460,2023/24,2023-10-17,"JSCA International Stadium Complex, Ranchi",1,16.4,Punjab,Andhra,Anmolpreet Singh,Ramandeep Singh,Harishankar Reddy,6,0,,,,,,,,,
1383460,2023/24,2023-10-17,"JSCA International Stadium Complex, Ranchi",1,16.5,Punjab,Andhra,Anmolpreet Singh,Ramandeep Singh,Harishankar Reddy,1,0,,,,,,,,,
1383460,2023/24,2023-10-17,"JSCA International Stadium Complex, Ranchi",1,16.6,Punjab,Andhra,Ramandeep Singh,Anmolpreet Singh,Harishankar Reddy,1,0,,,,,,,,,
1383460,2023/24,2023-10-17,"JSCA International Stadium Complex, Ranchi",1,17.1,Punjab,Andhra,Ramandeep Singh,Anmolpreet Singh,Cheepurapalli Stephen,1,0,,,,,,,,,
1383460,2023/24,2023-10-17,"JSCA International Stadium Complex, Ranchi",1,17.2,Punjab,Andhra,Anmolpreet Singh,Ramandeep Singh,Cheepurapalli Stephen,4,0,,,,,,,,,
1383460,2023/24,2023-10-17,"JSCA International Stadium Complex, Ranchi",1,17.3,Punjab,Andhra,Anmolpreet Singh,Ramandeep Singh,Cheepurapalli Stephen,6,0,,,,,,,,,
1383460,2023/24,2023-10-17,"JSCA International Stadium Complex, Ranchi",1,17.4,Punjab,Andhra,Anmolpreet Singh,Ramandeep Singh,Cheepurapalli Stephen,6,0,,,,,,,,,
1383460,2023/24,2023-10-17,"JSCA International Stadium Complex, Ranchi",1,17.5,Punjab,Andhra,Anmolpreet Singh,Ramandeep Singh,Cheepurapalli Stephen,6,0,,,,,,,,,
1383460,2023/24,2023-10-17,"JSCA International Stadium Complex, Ranchi",1,17.6,Punjab,Andhra,Anmolpreet Singh,Ramandeep Singh,Cheepurapalli Stephen,0,0,,,,,,caught,Anmolpreet Singh,,
1383460,2023/24,2023-10-17,"JSCA International Stadium Complex, Ranchi",1,18.1,Punjab,Andhra,Ramandeep Singh,Sanvir Singh,Y Prithvi Raj,6,0,,,,,,,,,
1383460,2023/24,2023-10-17,"JSCA International Stadium Complex, Ranchi",1,18.2,Punjab,Andhra,Ramandeep Singh,Sanvir Singh,Y Prithvi Raj,0,0,,,,,,,,,
1383460,2023/24,2023-10-17,"JSCA International Stadium Complex, Ranchi",1,18.3,Punjab,Andhra,Ramandeep Singh,Sanvir Singh,Y Prithvi Raj,0,0,,,,,,,,,
1383460,2023/24,2023-10-17,"JSCA International Stadium Complex, Ranchi",1,18.4,Punjab,Andhra,Ramandeep Singh,Sanvir Singh,Y Prithvi Raj,0,0,,,,,,caught,Ramandeep Singh,,
1383460,2023/24,2023-10-17,"JSCA International Stadium Complex, Ranchi",1,18.5,Punjab,Andhra,Mandeep Singh,Sanvir Singh,Y Prithvi Raj,0,0,,,,,,,,,
1383460,2023/24,2023-10-17,"JSCA International Stadium Complex, Ranchi",1,18.6,Punjab,Andhra,Mandeep Singh,Sanvir Singh,Y Prithvi Raj,0,0,,,,,,caught,Mandeep Singh,,
1383460,2023/24,2023-10-17,"JSCA International Stadium Complex, Ranchi",1,19.1,Punjab,Andhra,Sanvir Singh,Harpreet Brar,Harishankar Reddy,0,1,1,,,,,,,,
1383460,2023/24,2023-10-17,"JSCA International Stadium Complex, Ranchi",1,19.2,Punjab,Andhra,Sanvir Singh,Harpreet Brar,Harishankar Reddy,2,0,,,,,,,,,
1383460,2023/24,2023-10-17,"JSCA International Stadium Complex, Ranchi",1,19.3,Punjab,Andhra,Sanvir Singh,Harpreet Brar,Harishankar Reddy,0,1,1,,,,,,,,
1383460,2023/24,2023-10-17,"JSCA International Stadium Complex, Ranchi",1,19.4,Punjab,Andhra,Sanvir Singh,Harpreet Brar,Harishankar Reddy,0,0,,,,,,,,,
1383460,2023/24,2023-10-17,"JSCA International Stadium Complex, Ranchi",1,19.5,Punjab,Andhra,Sanvir Singh,Harpreet Brar,Harishankar Reddy,4,0,,,,,,,,,
1383460,2023/24,2023-10-17,"JSCA International Stadium Complex, Ranchi",1,19.6,Punjab,Andhra,Sanvir Singh,Harpreet Brar,Harishankar Reddy,4,0,,,,,,,,,
1383460,2023/24,2023-10-17,"JSCA International Stadium Complex, Ranchi",1,19.7,Punjab,Andhra,Sanvir Singh,Harpreet Brar,Harishankar Reddy,0,1,1,,,,,,,,
1383460,2023/24,2023-10-17,"JSCA International Stadium Complex, Ranchi",1,19.8,Punjab,Andhra,Sanvir Singh,Harpreet Brar,Harishankar Reddy,4,0,,,,,,,,,
1383460,2023/24,2023-10-17,"JSCA International Stadium Complex, Ranchi",1,19.9,Punjab,Andhra,Sanvir Singh,Harpreet Brar,Harishankar Reddy,1,0,,,,,,,,,
1383460,2023/24,2023-10-17,"JSCA International Stadium Complex, Ranchi",2,0.1,Andhra,Punjab,Ashwin Hebbar,KS Bharat,Abhishek Sharma,1,0,,,,,,,,,
1383460,2023/24,2023-10-17,"JSCA International Stadium Complex, Ranchi",2,0.2,Andhra,Punjab,KS Bharat,Ashwin Hebbar,Abhishek Sharma,1,0,,,,,,,,,
1383460,2023/24,2023-10-17,"JSCA International Stadium Complex, Ranchi",2,0.3,Andhra,Punjab,Ashwin Hebbar,KS Bharat,Abhishek Sharma,6,0,,,,,,,,,
1383460,2023/24,2023-10-17,"JSCA International Stadium Complex, Ranchi",2,0.4,Andhra,Punjab,Ashwin Hebbar,KS Bharat,Abhishek Sharma,1,0,,,,,,,,,
1383460,2023/24,2023-10-17,"JSCA International Stadium Complex, Ranchi",2,0.5,Andhra,Punjab,KS Bharat,Ashwin Hebbar,Abhishek Sharma,0,0,,,,,,,,,
1383460,2023/24,2023-10-17,"JSCA International Stadium Complex, Ranchi",2,0.6,Andhra,Punjab,KS Bharat,Ashwin Hebbar,Abhishek Sharma,0,0,,,,,,,,,
1383460,2023/24,2023-10-17,"JSCA International Stadium Complex, Ranchi",2,1.1,Andhra,Punjab,Ashwin Hebbar,KS Bharat,Arshdeep Singh,0,0,,,,,,,,,
1383460,2023/24,2023-10-17,"JSCA International Stadium Complex, Ranchi",2,1.2,Andhra,Punjab,Ashwin Hebbar,KS Bharat,Arshdeep Singh,4,0,,,,,,,,,
1383460,2023/24,2023-10-17,"JSCA International Stadium Complex, Ranchi",2,1.3,Andhra,Punjab,Ashwin Hebbar,KS Bharat,Arshdeep Singh,0,0,,,,,,,,,
1383460,2023/24,2023-10-17,"JSCA International Stadium Complex, Ranchi",2,1.4,Andhra,Punjab,Ashwin Hebbar,KS Bharat,Arshdeep Singh,0,0,,,,,,,,,
1383460,2023/24,2023-10-17,"JSCA International Stadium Complex, Ranchi",2,1.5,Andhra,Punjab,Ashwin Hebbar,KS Bharat,Arshdeep Singh,0,0,,,,,,,,,
1383460,2023/24,2023-10-17,"JSCA International Stadium Complex, Ranchi",2,1.6,Andhra,Punjab,Ashwin Hebbar,KS Bharat,Arshdeep Singh,1,0,,,,,,,,,
1383460,2023/24,2023-10-17,"JSCA International Stadium Complex, Ranchi",2,2.1,Andhra,Punjab,Ashwin Hebbar,KS Bharat,S Kaul,4,0,,,,,,,,,
1383460,2023/24,2023-10-17,"JSCA International Stadium Complex, Ranchi",2,2.2,Andhra,Punjab,Ashwin Hebbar,KS Bharat,S Kaul,0,0,,,,,,caught,Ashwin Hebbar,,
1383460,2023/24,2023-10-17,"JSCA International Stadium Complex, Ranchi",2,2.3,Andhra,Punjab,GH Vihari,KS Bharat,S Kaul,0,0,,,,,,,,,
1383460,2023/24,2023-10-17,"JSCA International Stadium Complex, Ranchi",2,2.4,Andhra,Punjab,GH Vihari,KS Bharat,S Kaul,0,0,,,,,,,,,
1383460,2023/24,2023-10-17,"JSCA International Stadium Complex, Ranchi",2,2.5,Andhra,Punjab,GH Vihari,KS Bharat,S Kaul,0,0,,,,,,,,,
1383460,2023/24,2023-10-17,"JSCA International Stadium Complex, Ranchi",2,2.6,Andhra,Punjab,GH Vihari,KS Bharat,S Kaul,4,0,,,,,,,,,
1383460,2023/24,2023-10-17,"JSCA International Stadium Complex, Ranchi",2,3.1,Andhra,Punjab,KS Bharat,GH Vihari,Arshdeep Singh,0,0,,,,,,caught,KS Bharat,,
1383460,2023/24,2023-10-17,"JSCA International Stadium Complex, Ranchi",2,3.2,Andhra,Punjab,SK Rasheed,GH Vihari,Arshdeep Singh,0,0,,,,,,,,,
1383460,2023/24,2023-10-17,"JSCA International Stadium Complex, Ranchi",2,3.3,Andhra,Punjab,SK Rasheed,GH Vihari,Arshdeep Singh,0,0,,,,,,,,,
1383460,2023/24,2023-10-17,"JSCA International Stadium Complex, Ranchi",2,3.4,Andhra,Punjab,SK Rasheed,GH Vihari,Arshdeep Singh,1,0,,,,,,,,,
1383460,2023/24,2023-10-17,"JSCA International Stadium Complex, Ranchi",2,3.5,Andhra,Punjab,GH Vihari,SK Rasheed,Arshdeep Singh,0,0,,,,,,,,,
1383460,2023/24,2023-10-17,"JSCA International Stadium Complex, Ranchi",2,3.6,Andhra,Punjab,GH Vihari,SK Rasheed,Arshdeep Singh,0,0,,,,,,,,,
1383460,2023/24,2023-10-17,"JSCA International Stadium Complex, Ranchi",2,4.1,Andhra,Punjab,SK Rasheed,GH Vihari,Harpreet Brar,0,0,,,,,,,,,
1383460,2023/24,2023-10-17,"JSCA International Stadium Complex, Ranchi",2,4.2,Andhra,Punjab,SK Rasheed,GH Vihari,Harpreet Brar,0,0,,,,,,,,,
1383460,2023/24,2023-10-17,"JSCA International Stadium Complex, Ranchi",2,4.3,Andhra,Punjab,SK Rasheed,GH Vihari,Harpreet Brar,0,0,,,,,,lbw,SK Rasheed,,
1383460,2023/24,2023-10-17,"JSCA International Stadium Complex, Ranchi",2,4.4,Andhra,Punjab,RK Bhui,GH Vihari,Harpreet Brar,0,0,,,,,,,,,
1383460,2023/24,2023-10-17,"JSCA International Stadium Complex, Ranchi",2,4.5,Andhra,Punjab,RK Bhui,GH Vihari,Harpreet Brar,0,0,,,,,,,,,
1383460,2023/24,2023-10-17,"JSCA International Stadium Complex, Ranchi",2,4.6,Andhra,Punjab,RK Bhui,GH Vihari,Harpreet Brar,0,0,,,,,,,,,
1383460,2023/24,2023-10-17,"JSCA International Stadium Complex, Ranchi",2,5.1,Andhra,Punjab,GH Vihari,RK Bhui,S Kaul,4,0,,,,,,,,,
1383460,2023/24,2023-10-17,"JSCA International Stadium Complex, Ranchi",2,5.2,Andhra,Punjab,GH Vihari,RK Bhui,S Kaul,0,0,,,,,,caught,GH Vihari,,
1383460,2023/24,2023-10-17,"JSCA International Stadium Complex, Ranchi",2,5.3,Andhra,Punjab,Y Sandeep,RK Bhui,S Kaul,1,0,,,,,,,,,
1383460,2023/24,2023-10-17,"JSCA International Stadium Complex, Ranchi",2,5.4,Andhra,Punjab,RK Bhui,Y Sandeep,S Kaul,0,0,,,,,,,,,
1383460,2023/24,2023-10-17,"JSCA International Stadium Complex, Ranchi",2,5.5,Andhra,Punjab,RK Bhui,Y Sandeep,S Kaul,4,0,,,,,,,,,
1383460,2023/24,2023-10-17,"JSCA International Stadium Complex, Ranchi",2,5.6,Andhra,Punjab,RK Bhui,Y Sandeep,S Kaul,1,0,,,,,,,,,
1383460,2023/24,2023-10-17,"JSCA International Stadium Complex, Ranchi",2,6.1,Andhra,Punjab,RK Bhui,Y Sandeep,Harpreet Brar,0,0,,,,,,,,,
1383460,2023/24,2023-10-17,"JSCA International Stadium Complex, Ranchi",2,6.2,Andhra,Punjab,RK Bhui,Y Sandeep,Harpreet Brar,1,0,,,,,,,,,
1383460,2023/24,2023-10-17,"JSCA International Stadium Complex, Ranchi",2,6.3,Andhra,Punjab,Y Sandeep,RK Bhui,Harpreet Brar,0,0,,,,,,caught,Y Sandeep,,
1383460,2023/24,2023-10-17,"JSCA International Stadium Complex, Ranchi",2,6.4,Andhra,Punjab,M Dheeraj Kumar,RK Bhui,Harpreet Brar,0,0,,,,,,lbw,M Dheeraj Kumar,,
1383460,2023/24,2023-10-17,"JSCA International Stadium Complex, Ranchi",2,6.5,Andhra,Punjab,T Vijay,RK Bhui,Harpreet Brar,0,0,,,,,,,,,
1383460,2023/24,2023-10-17,"JSCA International Stadium Complex, Ranchi",2,6.6,Andhra,Punjab,T Vijay,RK Bhui,Harpreet Brar,0,0,,,,,,,,,
1383460,2023/24,2023-10-17,"JSCA International Stadium Complex, Ranchi",2,7.1,Andhra,Punjab,RK Bhui,T Vijay,Arshdeep Singh,1,0,,,,,,,,,
1383460,2023/24,2023-10-17,"JSCA International Stadium Complex, Ranchi",2,7.2,Andhra,Punjab,T Vijay,RK Bhui,Arshdeep Singh,1,0,,,,,,,,,
1383460,2023/24,2023-10-17,"JSCA International Stadium Complex, Ranchi",2,7.3,Andhra,Punjab,RK Bhui,T Vijay,Arshdeep Singh,0,1,1,,,,,,,,
1383460,2023/24,2023-10-17,"JSCA International Stadium Complex, Ranchi",2,7.4,Andhra,Punjab,RK Bhui,T Vijay,Arshdeep Singh,4,0,,,,,,,,,
1383460,2023/24,2023-10-17,"JSCA International Stadium Complex, Ranchi",2,7.5,Andhra,Punjab,RK Bhui,T Vijay,Arshdeep Singh,0,1,1,,,,,,,,
1383460,2023/24,2023-10-17,"JSCA International Stadium Complex, Ranchi",2,7.6,Andhra,Punjab,RK Bhui,T Vijay,Arshdeep Singh,1,0,,,,,,,,,
1383460,2023/24,2023-10-17,"JSCA International Stadium Complex, Ranchi",2,7.7,Andhra,Punjab,T Vijay,RK Bhui,Arshdeep Singh,1,0,,,,,,,,,
1383460,2023/24,2023-10-17,"JSCA International Stadium Complex, Ranchi",2,7.8,Andhra,Punjab,RK Bhui,T Vijay,Arshdeep Singh,1,0,,,,,,,,,
1383460,2023/24,2023-10-17,"JSCA International Stadium Complex, Ranchi",2,8.1,Andhra,Punjab,RK Bhui,T Vijay,Harpreet Brar,1,0,,,,,,,,,
1383460,2023/24,2023-10-17,"JSCA International Stadium Complex, Ranchi",2,8.2,Andhra,Punjab,T Vijay,RK Bhui,Harpreet Brar,1,0,,,,,,,,,
1383460,2023/24,2023-10-17,"JSCA International Stadium Complex, Ranchi",2,8.3,Andhra,Punjab,RK Bhui,T Vijay,Harpreet Brar,1,0,,,,,,,,,
1383460,2023/24,2023-10-17,"JSCA International Stadium Complex, Ranchi",2,8.4,Andhra,Punjab,T Vijay,RK Bhui,Harpreet Brar,0,0,,,,,,,,,
1383460,2023/24,2023-10-17,"JSCA International Stadium Complex, Ranchi",2,8.5,Andhra,Punjab,T Vijay,RK Bhui,Harpreet Brar,0,0,,,,,,,,,
1383460,2023/24,2023-10-17,"JSCA International Stadium Complex, Ranchi",2,8.6,Andhra,Punjab,T Vijay,RK Bhui,Harpreet Brar,0,0,,,,,,,,,
1383460,2023/24,2023-10-17,"JSCA International Stadium Complex, Ranchi",2,9.1,Andhra,Punjab,RK Bhui,T Vijay,M Markande,0,0,,,,,,,,,
1383460,2023/24,2023-10-17,"JSCA International Stadium Complex, Ranchi",2,9.2,Andhra,Punjab,RK Bhui,T Vijay,M Markande,1,0,,,,,,,,,
1383460,2023/24,2023-10-17,"JSCA International Stadium Complex, Ranchi",2,9.3,Andhra,Punjab,T Vijay,RK Bhui,M Markande,1,0,,,,,,,,,
1383460,2023/24,2023-10-17,"JSCA International Stadium Complex, Ranchi",2,9.4,Andhra,Punjab,RK Bhui,T Vijay,M Markande,1,0,,,,,,,,,
1383460,2023/24,2023-10-17,"JSCA International Stadium Complex, Ranchi",2,9.5,Andhra,Punjab,T Vijay,RK Bhui,M Markande,1,0,,,,,,,,,
1383460,2023/24,2023-10-17,"JSCA International Stadium Complex, Ranchi",2,9.6,Andhra,Punjab,RK Bhui,T Vijay,M Markande,6,0,,,,,,,,,
1383460,2023/24,2023-10-17,"JSCA International Stadium Complex, Ranchi",2,10.1,Andhra,Punjab,T Vijay,RK Bhui,P Dutta,2,0,,,,,,,,,
1383460,2023/24,2023-10-17,"JSCA International Stadium Complex, Ranchi",2,10.2,Andhra,Punjab,T Vijay,RK Bhui,P Dutta,0,0,,,,,,,,,
1383460,2023/24,2023-10-17,"JSCA International Stadium Complex, Ranchi",2,10.3,Andhra,Punjab,T Vijay,RK Bhui,P Dutta,0,0,,,,,,,,,
1383460,2023/24,2023-10-17,"JSCA International Stadium Complex, Ranchi",2,10.4,Andhra,Punjab,T Vijay,RK Bhui,P Dutta,0,0,,,,,,,,,
1383460,2023/24,2023-10-17,"JSCA International Stadium Complex, Ranchi",2,10.5,Andhra,Punjab,T Vijay,RK Bhui,P Dutta,1,0,,,,,,,,,
1383460,2023/24,2023-10-17,"JSCA International Stadium Complex, Ranchi",2,10.6,Andhra,Punjab,RK Bhui,T Vijay,P Dutta,1,0,,,,,,,,,
1383460,2023/24,2023-10-17,"JSCA International Stadium Complex, Ranchi",2,11.1,Andhra,Punjab,RK Bhui,T Vijay,M Markande,1,0,,,,,,,,,
1383460,2023/24,2023-10-17,"JSCA International Stadium Complex, Ranchi",2,11.2,Andhra,Punjab,T Vijay,RK Bhui,M Markande,0,0,,,,,,,,,
1383460,2023/24,2023-10-17,"JSCA International Stadium Complex, Ranchi",2,11.3,Andhra,Punjab,T Vijay,RK Bhui,M Markande,1,0,,,,,,,,,
1383460,2023/24,2023-10-17,"JSCA International Stadium Complex, Ranchi",2,11.4,Andhra,Punjab,RK Bhui,T Vijay,M Markande,2,0,,,,,,,,,
1383460,2023/24,2023-10-17,"JSCA International Stadium Complex, Ranchi",2,11.5,Andhra,Punjab,RK Bhui,T Vijay,M Markande,6,0,,,,,,,,,
1383460,2023/24,2023-10-17,"JSCA International Stadium Complex, Ranchi",2,11.6,Andhra,Punjab,RK Bhui,T Vijay,M Markande,6,0,,,,,,,,,
1383460,2023/24,2023-10-17,"JSCA International Stadium Complex, Ranchi",2,12.1,Andhra,Punjab,T Vijay,RK Bhui,P Dutta,0,0,,,,,,,,,
1383460,2023/24,2023-10-17,"JSCA International Stadium Complex, Ranchi",2,12.2,Andhra,Punjab,T Vijay,RK Bhui,P Dutta,1,0,,,,,,,,,
1383460,2023/24,2023-10-17,"JSCA International Stadium Complex, Ranchi",2,12.3,Andhra,Punjab,RK Bhui,T Vijay,P Dutta,0,0,,,,,,,,,
1383460,2023/24,2023-10-17,"JSCA International Stadium Complex, Ranchi",2,12.4,Andhra,Punjab,RK Bhui,T Vijay,P Dutta,0,0,,,,,,,,,
1383460,2023/24,2023-10-17,"JSCA International Stadium Complex, Ranchi",2,12.5,Andhra,Punjab,RK Bhui,T Vijay,P Dutta,6,0,,,,,,,,,
1383460,2023/24,2023-10-17,"JSCA International Stadium Complex, Ranchi",2,12.6,Andhra,Punjab,RK Bhui,T Vijay,P Dutta,0,0,,,,,,,,,
1383460,2023/24,2023-10-17,"JSCA International Stadium Complex, Ranchi",2,13.1,Andhra,Punjab,T Vijay,RK Bhui,Ramandeep Singh,1,0,,,,,,,,,
1383460,2023/24,2023-10-17,"JSCA International Stadium Complex, Ranchi",2,13.2,Andhra,Punjab,RK Bhui,T Vijay,Ramandeep Singh,2,0,,,,,,,,,
1383460,2023/24,2023-10-17,"JSCA International Stadium Complex, Ranchi",2,13.3,Andhra,Punjab,RK Bhui,T Vijay,Ramandeep Singh,0,0,,,,,,,,,
1383460,2023/24,2023-10-17,"JSCA International Stadium Complex, Ranchi",2,13.4,Andhra,Punjab,RK Bhui,T Vijay,Ramandeep Singh,0,1,1,,,,,,,,
1383460,2023/24,2023-10-17,"JSCA International Stadium Complex, Ranchi",2,13.5,Andhra,Punjab,RK Bhui,T Vijay,Ramandeep Singh,1,0,,,,,,,,,
1383460,2023/24,2023-10-17,"JSCA International Stadium Complex, Ranchi",2,13.6,Andhra,Punjab,T Vijay,RK Bhui,Ramandeep Singh,4,0,,,,,,,,,
1383460,2023/24,2023-10-17,"JSCA International Stadium Complex, Ranchi",2,13.7,Andhra,Punjab,T Vijay,RK Bhui,Ramandeep Singh,0,0,,,,,,,,,
1383460,2023/24,2023-10-17,"JSCA International Stadium Complex, Ranchi",2,14.1,Andhra,Punjab,RK Bhui,T Vijay,M Markande,1,0,,,,,,,,,
1383460,2023/24,2023-10-17,"JSCA International Stadium Complex, Ranchi",2,14.2,Andhra,Punjab,T Vijay,RK Bhui,M Markande,1,0,,,,,,,,,
1383460,2023/24,2023-10-17,"JSCA International Stadium Complex, Ranchi",2,14.3,Andhra,Punjab,RK Bhui,T Vijay,M Markande,1,0,,,,,,,,,
1383460,2023/24,2023-10-17,"JSCA International Stadium Complex, Ranchi",2,14.4,Andhra,Punjab,T Vijay,RK Bhui,M Markande,1,0,,,,,,,,,
1383460,2023/24,2023-10-17,"JSCA International Stadium Complex, Ranchi",2,14.5,Andhra,Punjab,RK Bhui,T Vijay,M Markande,1,0,,,,,,,,,
1383460,2023/24,2023-10-17,"JSCA International Stadium Complex, Ranchi",2,14.6,Andhra,Punjab,T Vijay,RK Bhui,M Markande,0,0,,,,,,,,,
1383460,2023/24,2023-10-17,"JSCA International Stadium Complex, Ranchi",2,15.1,Andhra,Punjab,RK Bhui,T Vijay,Harpreet Brar,1,0,,,,,,,,,
1383460,2023/24,2023-10-17,"JSCA International Stadium Complex, Ranchi",2,15.2,Andhra,Punjab,T Vijay,RK Bhui,Harpreet Brar,1,0,,,,,,,,,
1383460,2023/24,2023-10-17,"JSCA International Stadium Complex, Ranchi",2,15.3,Andhra,Punjab,RK Bhui,T Vijay,Harpreet Brar,1,0,,,,,,,,,
1383460,2023/24,2023-10-17,"JSCA International Stadium Complex, Ranchi",2,15.4,Andhra,Punjab,T Vijay,RK Bhui,Harpreet Brar,4,0,,,,,,,,,
1383460,2023/24,2023-10-17,"JSCA International Stadium Complex, Ranchi",2,15.5,Andhra,Punjab,T Vijay,RK Bhui,Harpreet Brar,1,0,,,,,,,,,
1383460,2023/24,2023-10-17,"JSCA International Stadium Complex, Ranchi",2,15.6,Andhra,Punjab,RK Bhui,T Vijay,Harpreet Brar,6,0,,,,,,,,,
1383460,2023/24,2023-10-17,"JSCA International Stadium Complex, Ranchi",2,16.1,Andhra,Punjab,T Vijay,RK Bhui,P Dutta,0,0,,,,,,caught,T Vijay,,
1383460,2023/24,2023-10-17,"JSCA International Stadium Complex, Ranchi",2,16.2,Andhra,Punjab,Harishankar Reddy,RK Bhui,P Dutta,1,0,,,,,,,,,
1383460,2023/24,2023-10-17,"JSCA International Stadium Complex, Ranchi",2,16.3,Andhra,Punjab,RK Bhui,Harishankar Reddy,P Dutta,6,0,,,,,,,,,
1383460,2023/24,2023-10-17,"JSCA International Stadium Complex, Ranchi",2,16.4,Andhra,Punjab,RK Bhui,Harishankar Reddy,P Dutta,6,0,,,,,,,,,
1383460,2023/24,2023-10-17,"JSCA International Stadium Complex, Ranchi",2,16.5,Andhra,Punjab,RK Bhui,Harishankar Reddy,P Dutta,1,0,,,,,,,,,
1383460,2023/24,2023-10-17,"JSCA International Stadium Complex, Ranchi",2,16.6,Andhra,Punjab,Harishankar Reddy,RK Bhui,P Dutta,0,0,,,,,,,,,
1383460,2023/24,2023-10-17,"JSCA International Stadium Complex, Ranchi",2,17.1,Andhra,Punjab,RK Bhui,Harishankar Reddy,S Kaul,0,1,1,,,,,,,,
1383460,2023/24,2023-10-17,"JSCA International Stadium Complex, Ranchi",2,17.2,Andhra,Punjab,RK Bhui,Harishankar Reddy,S Kaul,4,0,,,,,,,,,
1383460,2023/24,2023-10-17,"JSCA International Stadium Complex, Ranchi",2,17.3,Andhra,Punjab,RK Bhui,Harishankar Reddy,S Kaul,4,0,,,,,,,,,
1383460,2023/24,2023-10-17,"JSCA International Stadium Complex, Ranchi",2,17.4,Andhra,Punjab,RK Bhui,Harishankar Reddy,S Kaul,4,0,,,,,,,,,
1383460,2023/24,2023-10-17,"JSCA International Stadium Complex, Ranchi",2,17.5,Andhra,Punjab,RK Bhui,Harishankar Reddy,S Kaul,1,0,,,,,,,,,
1383460,2023/24,2023-10-17,"JSCA International Stadium Complex, Ranchi",2,17.6,Andhra,Punjab,Harishankar Reddy,RK Bhui,S Kaul,0,0,,,,,,,,,
1383460,2023/24,2023-10-17,"JSCA International Stadium Complex, Ranchi",2,17.7,Andhra,Punjab,Harishankar Reddy,RK Bhui,S Kaul,0,0,,,,,,,,,
1383460,2023/24,2023-10-17,"JSCA International Stadium Complex, Ranchi",2,18.1,Andhra,Punjab,RK Bhui,Harishankar Reddy,Arshdeep Singh,6,1,,1,,,,,,,
1383460,2023/24,2023-10-17,"JSCA International Stadium Complex, Ranchi",2,18.2,Andhra,Punjab,RK Bhui,Harishankar Reddy,Arshdeep Singh,0,0,,,,,,,,,
1383460,2023/24,2023-10-17,"JSCA International Stadium Complex, Ranchi",2,18.3,Andhra,Punjab,RK Bhui,Harishankar Reddy,Arshdeep Singh,6,0,,,,,,,,,
1383460,2023/24,2023-10-17,"JSCA International Stadium Complex, Ranchi",2,18.4,Andhra,Punjab,RK Bhui,Harishankar Reddy,Arshdeep Singh,1,0,,,,,,,,,
1383460,2023/24,2023-10-17,"JSCA International Stadium Complex, Ranchi",2,18.5,Andhra,Punjab,Harishankar Reddy,RK Bhui,Arshdeep Singh,4,0,,,,,,,,,
1383460,2023/24,2023-10-17,"JSCA International Stadium Complex, Ranchi",2,18.6,Andhra,Punjab,Harishankar Reddy,RK Bhui,Arshdeep Singh,1,0,,,,,,,,,
1383460,2023/24,2023-10-17,"JSCA International Stadium Complex, Ranchi",2,18.7,Andhra,Punjab,RK Bhui,Harishankar Reddy,Arshdeep Singh,0,1,1,,,,,,,,
1383460,2023/24,2023-10-17,"JSCA International Stadium Complex, Ranchi",2,18.8,Andhra,Punjab,RK Bhui,Harishankar Reddy,Arshdeep Singh,0,1,,,,1,,,,,
1383460,2023/24,2023-10-17,"JSCA International Stadium Complex, Ranchi",2,19.1,Andhra,Punjab,RK Bhui,Harishankar Reddy,S Kaul,1,0,,,,,,,,,
1383460,2023/24,2023-10-17,"JSCA International Stadium Complex, Ranchi",2,19.2,Andhra,Punjab,Harishankar Reddy,RK Bhui,S Kaul,1,0,,,,,,,,,
1383460,2023/24,2023-10-17,"JSCA International Stadium Complex, Ranchi",2,19.3,Andhra,Punjab,RK Bhui,Harishankar Reddy,S Kaul,1,0,,,,,,,,,
1383460,2023/24,2023-10-17,"JSCA International Stadium Complex, Ranchi",2,19.4,Andhra,Punjab,Harishankar Reddy,RK Bhui,S Kaul,1,0,,,,,,,,,
1383460,2023/24,2023-10-17,"JSCA International Stadium Complex, Ranchi",2,19.5,Andhra,Punjab,RK Bhui,Harishankar Reddy,S Kaul,4,0,,,,,,,,,
1383460,2023/24,2023-10-17,"JSCA International Stadium Complex, Ranchi",2,19.6,Andhra,Punjab,RK Bhui,Harishankar Reddy,S Kaul,0,0,,,,,,,,,
