match_id,season,start_date,venue,innings,ball,batting_team,bowling_team,striker,non_striker,bowler,runs_off_bat,extras,wides,noballs,byes,legbyes,penalty,wicket_type,player_dismissed,other_wicket_type,other_player_dismissed
1383445,2023/24,2023-10-16,"JSCA International Stadium Complex, Ranchi",1,0.1,Manipur,Railways,Karnajit Yumnam,Nitesh Sedai,Yuvraj Singh,0,0,,,,,,,,,
1383445,2023/24,2023-10-16,"JSCA International Stadium Complex, Ranchi",1,0.2,Manipur,Railways,Karnajit Yumnam,Nitesh Sedai,Yuvraj Singh,0,0,,,,,,,,,
1383445,2023/24,2023-10-16,"JSCA International Stadium Complex, Ranchi",1,0.3,Manipur,Railways,Karnajit Yumnam,Nitesh Sedai,Yuvraj Singh,0,0,,,,,,,,,
1383445,2023/24,2023-10-16,"JSCA International Stadium Complex, Ranchi",1,0.4,Manipur,Railways,Karnajit Yumnam,Nitesh Sedai,Yuvraj Singh,0,1,1,,,,,,,,
1383445,2023/24,2023-10-16,"JSCA International Stadium Complex, Ranchi",1,0.5,Manipur,Railways,Karnajit Yumnam,Nitesh Sedai,Yuvraj Singh,0,0,,,,,,,,,
1383445,2023/24,2023-10-16,"JSCA International Stadium Complex, Ranchi",1,0.6,Manipur,Railways,Karnajit Yumnam,Nitesh Sedai,Yuvraj Singh,0,0,,,,,,,,,
1383445,2023/24,2023-10-16,"JSCA International Stadium Complex, Ranchi",1,0.7,Manipur,Railways,Karnajit Yumnam,Nitesh Sedai,Yuvraj Singh,0,0,,,,,,,,,
1383445,2023/24,2023-10-16,"JSCA International Stadium Complex, Ranchi",1,1.1,Manipur,Railways,Nitesh Sedai,Karnajit Yumnam,Susheel Kumar,0,0,,,,,,,,,
1383445,2023/24,2023-10-16,"JSCA International Stadium Complex, Ranchi",1,1.2,Manipur,Railways,Nitesh Sedai,Karnajit Yumnam,Susheel Kumar,0,0,,,,,,,,,
1383445,2023/24,2023-10-16,"JSCA International Stadium Complex, Ranchi",1,1.3,Manipur,Railways,Nitesh Sedai,Karnajit Yumnam,Susheel Kumar,1,0,,,,,,,,,
1383445,2023/24,2023-10-16,"JSCA International Stadium Complex, Ranchi",1,1.4,Manipur,Railways,Karnajit Yumnam,Nitesh Sedai,Susheel Kumar,0,0,,,,,,,,,
1383445,2023/24,2023-10-16,"JSCA International Stadium Complex, Ranchi",1,1.5,Manipur,Railways,Karnajit Yumnam,Nitesh Sedai,Susheel Kumar,1,0,,,,,,,,,
1383445,2023/24,2023-10-16,"JSCA International Stadium Complex, Ranchi",1,1.6,Manipur,Railways,Nitesh Sedai,Karnajit Yumnam,Susheel Kumar,0,0,,,,,,,,,
1383445,2023/24,2023-10-16,"JSCA International Stadium Complex, Ranchi",1,2.1,Manipur,Railways,Karnajit Yumnam,Nitesh Sedai,Yuvraj Singh,0,0,,,,,,,,,
1383445,2023/24,2023-10-16,"JSCA International Stadium Complex, Ranchi",1,2.2,Manipur,Railways,Karnajit Yumnam,Nitesh Sedai,Yuvraj Singh,0,0,,,,,,caught,Karnajit Yumnam,,
1383445,2023/24,2023-10-16,"JSCA International Stadium Complex, Ranchi",1,2.3,Manipur,Railways,P Prafullomani,Nitesh Sedai,Yuvraj Singh,0,0,,,,,,,,,
1383445,2023/24,2023-10-16,"JSCA International Stadium Complex, Ranchi",1,2.4,Manipur,Railways,P Prafullomani,Nitesh Sedai,Yuvraj Singh,0,0,,,,,,,,,
1383445,2023/24,2023-10-16,"JSCA International Stadium Complex, Ranchi",1,2.5,Manipur,Railways,P Prafullomani,Nitesh Sedai,Yuvraj Singh,4,0,,,,,,,,,
1383445,2023/24,2023-10-16,"JSCA International Stadium Complex, Ranchi",1,2.6,Manipur,Railways,P Prafullomani,Nitesh Sedai,Yuvraj Singh,0,0,,,,,,,,,
1383445,2023/24,2023-10-16,"JSCA International Stadium Complex, Ranchi",1,3.1,Manipur,Railways,Nitesh Sedai,P Prafullomani,Susheel Kumar,1,0,,,,,,,,,
1383445,2023/24,2023-10-16,"JSCA International Stadium Complex, Ranchi",1,3.2,Manipur,Railways,P Prafullomani,Nitesh Sedai,Susheel Kumar,0,0,,,,,,,,,
1383445,2023/24,2023-10-16,"JSCA International Stadium Complex, Ranchi",1,3.3,Manipur,Railways,P Prafullomani,Nitesh Sedai,Susheel Kumar,4,0,,,,,,,,,
1383445,2023/24,2023-10-16,"JSCA International Stadium Complex, Ranchi",1,3.4,Manipur,Railways,P Prafullomani,Nitesh Sedai,Susheel Kumar,0,0,,,,,,,,,
1383445,2023/24,2023-10-16,"JSCA International Stadium Complex, Ranchi",1,3.5,Manipur,Railways,P Prafullomani,Nitesh Sedai,Susheel Kumar,1,0,,,,,,,,,
1383445,2023/24,2023-10-16,"JSCA International Stadium Complex, Ranchi",1,3.6,Manipur,Railways,Nitesh Sedai,P Prafullomani,Susheel Kumar,4,0,,,,,,,,,
1383445,2023/24,2023-10-16,"JSCA International Stadium Complex, Ranchi",1,4.1,Manipur,Railways,P Prafullomani,Nitesh Sedai,AR Pandey,4,0,,,,,,,,,
1383445,2023/24,2023-10-16,"JSCA International Stadium Complex, Ranchi",1,4.2,Manipur,Railways,P Prafullomani,Nitesh Sedai,AR Pandey,0,0,,,,,,,,,
1383445,2023/24,2023-10-16,"JSCA International Stadium Complex, Ranchi",1,4.3,Manipur,Railways,P Prafullomani,Nitesh Sedai,AR Pandey,4,0,,,,,,,,,
1383445,2023/24,2023-10-16,"JSCA International Stadium Complex, Ranchi",1,4.4,Manipur,Railways,P Prafullomani,Nitesh Sedai,AR Pandey,4,0,,,,,,,,,
1383445,2023/24,2023-10-16,"JSCA International Stadium Complex, Ranchi",1,4.5,Manipur,Railways,P Prafullomani,Nitesh Sedai,AR Pandey,0,0,,,,,,,,,
1383445,2023/24,2023-10-16,"JSCA International Stadium Complex, Ranchi",1,4.6,Manipur,Railways,P Prafullomani,Nitesh Sedai,AR Pandey,0,0,,,,,,,,,
1383445,2023/24,2023-10-16,"JSCA International Stadium Complex, Ranchi",1,5.1,Manipur,Railways,Nitesh Sedai,P Prafullomani,Akash Pandey,0,0,,,,,,,,,
1383445,2023/24,2023-10-16,"JSCA International Stadium Complex, Ranchi",1,5.2,Manipur,Railways,Nitesh Sedai,P Prafullomani,Akash Pandey,0,0,,,,,,bowled,Nitesh Sedai,,
1383445,2023/24,2023-10-16,"JSCA International Stadium Complex, Ranchi",1,5.3,Manipur,Railways,Johnson Singh,P Prafullomani,Akash Pandey,0,0,,,,,,,,,
1383445,2023/24,2023-10-16,"JSCA International Stadium Complex, Ranchi",1,5.4,Manipur,Railways,Johnson Singh,P Prafullomani,Akash Pandey,0,0,,,,,,,,,
1383445,2023/24,2023-10-16,"JSCA International Stadium Complex, Ranchi",1,5.5,Manipur,Railways,Johnson Singh,P Prafullomani,Akash Pandey,0,0,,,,,,caught,Johnson Singh,,
1383445,2023/24,2023-10-16,"JSCA International Stadium Complex, Ranchi",1,5.6,Manipur,Railways,Langlonyamba Meitan Keishangbam,P Prafullomani,Akash Pandey,1,0,,,,,,,,,
1383445,2023/24,2023-10-16,"JSCA International Stadium Complex, Ranchi",1,6.1,Manipur,Railways,Langlonyamba Meitan Keishangbam,P Prafullomani,KV Sharma,0,0,,,,,,,,,
1383445,2023/24,2023-10-16,"JSCA International Stadium Complex, Ranchi",1,6.2,Manipur,Railways,Langlonyamba Meitan Keishangbam,P Prafullomani,KV Sharma,0,0,,,,,,,,,
1383445,2023/24,2023-10-16,"JSCA International Stadium Complex, Ranchi",1,6.3,Manipur,Railways,Langlonyamba Meitan Keishangbam,P Prafullomani,KV Sharma,1,0,,,,,,,,,
1383445,2023/24,2023-10-16,"JSCA International Stadium Complex, Ranchi",1,6.4,Manipur,Railways,P Prafullomani,Langlonyamba Meitan Keishangbam,KV Sharma,0,0,,,,,,,,,
1383445,2023/24,2023-10-16,"JSCA International Stadium Complex, Ranchi",1,6.5,Manipur,Railways,P Prafullomani,Langlonyamba Meitan Keishangbam,KV Sharma,1,0,,,,,,,,,
1383445,2023/24,2023-10-16,"JSCA International Stadium Complex, Ranchi",1,6.6,Manipur,Railways,Langlonyamba Meitan Keishangbam,P Prafullomani,KV Sharma,0,0,,,,,,,,,
1383445,2023/24,2023-10-16,"JSCA International Stadium Complex, Ranchi",1,7.1,Manipur,Railways,P Prafullomani,Langlonyamba Meitan Keishangbam,Akash Pandey,0,0,,,,,,,,,
1383445,2023/24,2023-10-16,"JSCA International Stadium Complex, Ranchi",1,7.2,Manipur,Railways,P Prafullomani,Langlonyamba Meitan Keishangbam,Akash Pandey,1,0,,,,,,,,,
1383445,2023/24,2023-10-16,"JSCA International Stadium Complex, Ranchi",1,7.3,Manipur,Railways,Langlonyamba Meitan Keishangbam,P Prafullomani,Akash Pandey,0,0,,,,,,,,,
1383445,2023/24,2023-10-16,"JSCA International Stadium Complex, Ranchi",1,7.4,Manipur,Railways,Langlonyamba Meitan Keishangbam,P Prafullomani,Akash Pandey,0,0,,,,,,bowled,Langlonyamba Meitan Keishangbam,,
1383445,2023/24,2023-10-16,"JSCA International Stadium Complex, Ranchi",1,7.5,Manipur,Railways,Rex Rajkumar,P Prafullomani,Akash Pandey,0,0,,,,,,,,,
1383445,2023/24,2023-10-16,"JSCA International Stadium Complex, Ranchi",1,7.6,Manipur,Railways,Rex Rajkumar,P Prafullomani,Akash Pandey,0,0,,,,,,,,,
1383445,2023/24,2023-10-16,"JSCA International Stadium Complex, Ranchi",1,8.1,Manipur,Railways,P Prafullomani,Rex Rajkumar,KV Sharma,0,0,,,,,,,,,
1383445,2023/24,2023-10-16,"JSCA International Stadium Complex, Ranchi",1,8.2,Manipur,Railways,P Prafullomani,Rex Rajkumar,KV Sharma,0,0,,,,,,,,,
1383445,2023/24,2023-10-16,"JSCA International Stadium Complex, Ranchi",1,8.3,Manipur,Railways,P Prafullomani,Rex Rajkumar,KV Sharma,0,0,,,,,,,,,
1383445,2023/24,2023-10-16,"JSCA International Stadium Complex, Ranchi",1,8.4,Manipur,Railways,P Prafullomani,Rex Rajkumar,KV Sharma,0,0,,,,,,,,,
1383445,2023/24,2023-10-16,"JSCA International Stadium Complex, Ranchi",1,8.5,Manipur,Railways,P Prafullomani,Rex Rajkumar,KV Sharma,6,0,,,,,,,,,
1383445,2023/24,2023-10-16,"JSCA International Stadium Complex, Ranchi",1,8.6,Manipur,Railways,P Prafullomani,Rex Rajkumar,KV Sharma,0,0,,,,,,,,,
1383445,2023/24,2023-10-16,"JSCA International Stadium Complex, Ranchi",1,9.1,Manipur,Railways,Rex Rajkumar,P Prafullomani,Akash Pandey,1,0,,,,,,,,,
1383445,2023/24,2023-10-16,"JSCA International Stadium Complex, Ranchi",1,9.2,Manipur,Railways,P Prafullomani,Rex Rajkumar,Akash Pandey,0,0,,,,,,,,,
1383445,2023/24,2023-10-16,"JSCA International Stadium Complex, Ranchi",1,9.3,Manipur,Railways,P Prafullomani,Rex Rajkumar,Akash Pandey,0,0,,,,,,,,,
1383445,2023/24,2023-10-16,"JSCA International Stadium Complex, Ranchi",1,9.4,Manipur,Railways,P Prafullomani,Rex Rajkumar,Akash Pandey,0,0,,,,,,,,,
1383445,2023/24,2023-10-16,"JSCA International Stadium Complex, Ranchi",1,9.5,Manipur,Railways,P Prafullomani,Rex Rajkumar,Akash Pandey,1,0,,,,,,,,,
1383445,2023/24,2023-10-16,"JSCA International Stadium Complex, Ranchi",1,9.6,Manipur,Railways,Rex Rajkumar,P Prafullomani,Akash Pandey,1,0,,,,,,,,,
1383445,2023/24,2023-10-16,"JSCA International Stadium Complex, Ranchi",1,10.1,Manipur,Railways,Rex Rajkumar,P Prafullomani,Shivam Chaudhary,2,0,,,,,,,,,
1383445,2023/24,2023-10-16,"JSCA International Stadium Complex, Ranchi",1,10.2,Manipur,Railways,Rex Rajkumar,P Prafullomani,Shivam Chaudhary,0,0,,,,,,,,,
1383445,2023/24,2023-10-16,"JSCA International Stadium Complex, Ranchi",1,10.3,Manipur,Railways,Rex Rajkumar,P Prafullomani,Shivam Chaudhary,1,0,,,,,,,,,
1383445,2023/24,2023-10-16,"JSCA International Stadium Complex, Ranchi",1,10.4,Manipur,Railways,P Prafullomani,Rex Rajkumar,Shivam Chaudhary,0,1,1,,,,,,,,
1383445,2023/24,2023-10-16,"JSCA International Stadium Complex, Ranchi",1,10.5,Manipur,Railways,P Prafullomani,Rex Rajkumar,Shivam Chaudhary,1,0,,,,,,,,,
1383445,2023/24,2023-10-16,"JSCA International Stadium Complex, Ranchi",1,10.6,Manipur,Railways,Rex Rajkumar,P Prafullomani,Shivam Chaudhary,0,0,,,,,,,,,
1383445,2023/24,2023-10-16,"JSCA International Stadium Complex, Ranchi",1,10.7,Manipur,Railways,Rex Rajkumar,P Prafullomani,Shivam Chaudhary,1,0,,,,,,,,,
1383445,2023/24,2023-10-16,"JSCA International Stadium Complex, Ranchi",1,11.1,Manipur,Railways,Rex Rajkumar,P Prafullomani,AR Pandey,1,0,,,,,,,,,
1383445,2023/24,2023-10-16,"JSCA International Stadium Complex, Ranchi",1,11.2,Manipur,Railways,P Prafullomani,Rex Rajkumar,AR Pandey,1,0,,,,,,,,,
1383445,2023/24,2023-10-16,"JSCA International Stadium Complex, Ranchi",1,11.3,Manipur,Railways,Rex Rajkumar,P Prafullomani,AR Pandey,0,0,,,,,,,,,
1383445,2023/24,2023-10-16,"JSCA International Stadium Complex, Ranchi",1,11.4,Manipur,Railways,Rex Rajkumar,P Prafullomani,AR Pandey,2,0,,,,,,,,,
1383445,2023/24,2023-10-16,"JSCA International Stadium Complex, Ranchi",1,11.5,Manipur,Railways,Rex Rajkumar,P Prafullomani,AR Pandey,0,0,,,,,,,,,
1383445,2023/24,2023-10-16,"JSCA International Stadium Complex, Ranchi",1,11.6,Manipur,Railways,Rex Rajkumar,P Prafullomani,AR Pandey,0,0,,,,,,,,,
1383445,2023/24,2023-10-16,"JSCA International Stadium Complex, Ranchi",1,12.1,Manipur,Railways,P Prafullomani,Rex Rajkumar,Shivam Chaudhary,0,0,,,,,,,,,
1383445,2023/24,2023-10-16,"JSCA International Stadium Complex, Ranchi",1,12.2,Manipur,Railways,P Prafullomani,Rex Rajkumar,Shivam Chaudhary,0,0,,,,,,,,,
1383445,2023/24,2023-10-16,"JSCA International Stadium Complex, Ranchi",1,12.3,Manipur,Railways,P Prafullomani,Rex Rajkumar,Shivam Chaudhary,1,0,,,,,,,,,
1383445,2023/24,2023-10-16,"JSCA International Stadium Complex, Ranchi",1,12.4,Manipur,Railways,Rex Rajkumar,P Prafullomani,Shivam Chaudhary,1,0,,,,,,,,,
1383445,2023/24,2023-10-16,"JSCA International Stadium Complex, Ranchi",1,12.5,Manipur,Railways,P Prafullomani,Rex Rajkumar,Shivam Chaudhary,6,0,,,,,,,,,
1383445,2023/24,2023-10-16,"JSCA International Stadium Complex, Ranchi",1,12.6,Manipur,Railways,P Prafullomani,Rex Rajkumar,Shivam Chaudhary,0,0,,,,,,,,,
1383445,2023/24,2023-10-16,"JSCA International Stadium Complex, Ranchi",1,13.1,Manipur,Railways,Rex Rajkumar,P Prafullomani,AR Pandey,2,0,,,,,,,,,
1383445,2023/24,2023-10-16,"JSCA International Stadium Complex, Ranchi",1,13.2,Manipur,Railways,Rex Rajkumar,P Prafullomani,AR Pandey,6,0,,,,,,,,,
1383445,2023/24,2023-10-16,"JSCA International Stadium Complex, Ranchi",1,13.3,Manipur,Railways,Rex Rajkumar,P Prafullomani,AR Pandey,1,0,,,,,,,,,
1383445,2023/24,2023-10-16,"JSCA International Stadium Complex, Ranchi",1,13.4,Manipur,Railways,P Prafullomani,Rex Rajkumar,AR Pandey,1,0,,,,,,,,,
1383445,2023/24,2023-10-16,"JSCA International Stadium Complex, Ranchi",1,13.5,Manipur,Railways,Rex Rajkumar,P Prafullomani,AR Pandey,6,0,,,,,,,,,
1383445,2023/24,2023-10-16,"JSCA International Stadium Complex, Ranchi",1,13.6,Manipur,Railways,Rex Rajkumar,P Prafullomani,AR Pandey,0,0,,,,,,,,,
1383445,2023/24,2023-10-16,"JSCA International Stadium Complex, Ranchi",1,14.1,Manipur,Railways,P Prafullomani,Rex Rajkumar,KV Sharma,2,0,,,,,,,,,
1383445,2023/24,2023-10-16,"JSCA International Stadium Complex, Ranchi",1,14.2,Manipur,Railways,P Prafullomani,Rex Rajkumar,KV Sharma,1,0,,,,,,,,,
1383445,2023/24,2023-10-16,"JSCA International Stadium Complex, Ranchi",1,14.3,Manipur,Railways,Rex Rajkumar,P Prafullomani,KV Sharma,1,0,,,,,,,,,
1383445,2023/24,2023-10-16,"JSCA International Stadium Complex, Ranchi",1,14.4,Manipur,Railways,P Prafullomani,Rex Rajkumar,KV Sharma,0,0,,,,,,,,,
1383445,2023/24,2023-10-16,"JSCA International Stadium Complex, Ranchi",1,14.5,Manipur,Railways,P Prafullomani,Rex Rajkumar,KV Sharma,1,0,,,,,,,,,
1383445,2023/24,2023-10-16,"JSCA International Stadium Complex, Ranchi",1,14.6,Manipur,Railways,Rex Rajkumar,P Prafullomani,KV Sharma,1,0,,,,,,,,,
1383445,2023/24,2023-10-16,"JSCA International Stadium Complex, Ranchi",1,15.1,Manipur,Railways,Rex Rajkumar,P Prafullomani,Akash Pandey,1,0,,,,,,,,,
1383445,2023/24,2023-10-16,"JSCA International Stadium Complex, Ranchi",1,15.2,Manipur,Railways,P Prafullomani,Rex Rajkumar,Akash Pandey,0,1,,,,1,,,,,
1383445,2023/24,2023-10-16,"JSCA International Stadium Complex, Ranchi",1,15.3,Manipur,Railways,Rex Rajkumar,P Prafullomani,Akash Pandey,0,0,,,,,,,,,
1383445,2023/24,2023-10-16,"JSCA International Stadium Complex, Ranchi",1,15.4,Manipur,Railways,Rex Rajkumar,P Prafullomani,Akash Pandey,0,0,,,,,,caught,Rex Rajkumar,,
1383445,2023/24,2023-10-16,"JSCA International Stadium Complex, Ranchi",1,15.5,Manipur,Railways,Kangabam Singh,P Prafullomani,Akash Pandey,0,0,,,,,,,,,
1383445,2023/24,2023-10-16,"JSCA International Stadium Complex, Ranchi",1,15.6,Manipur,Railways,Kangabam Singh,P Prafullomani,Akash Pandey,0,0,,,,,,,,,
1383445,2023/24,2023-10-16,"JSCA International Stadium Complex, Ranchi",1,16.1,Manipur,Railways,P Prafullomani,Kangabam Singh,KV Sharma,1,0,,,,,,,,,
1383445,2023/24,2023-10-16,"JSCA International Stadium Complex, Ranchi",1,16.2,Manipur,Railways,Kangabam Singh,P Prafullomani,KV Sharma,4,0,,,,,,,,,
1383445,2023/24,2023-10-16,"JSCA International Stadium Complex, Ranchi",1,16.3,Manipur,Railways,Kangabam Singh,P Prafullomani,KV Sharma,1,0,,,,,,,,,
1383445,2023/24,2023-10-16,"JSCA International Stadium Complex, Ranchi",1,16.4,Manipur,Railways,P Prafullomani,Kangabam Singh,KV Sharma,1,0,,,,,,,,,
1383445,2023/24,2023-10-16,"JSCA International Stadium Complex, Ranchi",1,16.5,Manipur,Railways,Kangabam Singh,P Prafullomani,KV Sharma,1,0,,,,,,,,,
1383445,2023/24,2023-10-16,"JSCA International Stadium Complex, Ranchi",1,16.6,Manipur,Railways,P Prafullomani,Kangabam Singh,KV Sharma,1,0,,,,,,,,,
1383445,2023/24,2023-10-16,"JSCA International Stadium Complex, Ranchi",1,17.1,Manipur,Railways,P Prafullomani,Kangabam Singh,Shivam Chaudhary,0,0,,,,,,,,,
1383445,2023/24,2023-10-16,"JSCA International Stadium Complex, Ranchi",1,17.2,Manipur,Railways,P Prafullomani,Kangabam Singh,Shivam Chaudhary,1,0,,,,,,,,,
1383445,2023/24,2023-10-16,"JSCA International Stadium Complex, Ranchi",1,17.3,Manipur,Railways,Kangabam Singh,P Prafullomani,Shivam Chaudhary,0,0,,,,,,,,,
1383445,2023/24,2023-10-16,"JSCA International Stadium Complex, Ranchi",1,17.4,Manipur,Railways,Kangabam Singh,P Prafullomani,Shivam Chaudhary,0,0,,,,,,,,,
1383445,2023/24,2023-10-16,"JSCA International Stadium Complex, Ranchi",1,17.5,Manipur,Railways,Kangabam Singh,P Prafullomani,Shivam Chaudhary,1,0,,,,,,,,,
1383445,2023/24,2023-10-16,"JSCA International Stadium Complex, Ranchi",1,17.6,Manipur,Railways,P Prafullomani,Kangabam Singh,Shivam Chaudhary,0,0,,,,,,,,,
1383445,2023/24,2023-10-16,"JSCA International Stadium Complex, Ranchi",1,18.1,Manipur,Railways,Kangabam Singh,P Prafullomani,Yuvraj Singh,2,0,,,,,,,,,
1383445,2023/24,2023-10-16,"JSCA International Stadium Complex, Ranchi",1,18.2,Manipur,Railways,Kangabam Singh,P Prafullomani,Yuvraj Singh,1,0,,,,,,,,,
1383445,2023/24,2023-10-16,"JSCA International Stadium Complex, Ranchi",1,18.3,Manipur,Railways,P Prafullomani,Kangabam Singh,Yuvraj Singh,1,0,,,,,,,,,
1383445,2023/24,2023-10-16,"JSCA International Stadium Complex, Ranchi",1,18.4,Manipur,Railways,Kangabam Singh,P Prafullomani,Yuvraj Singh,2,0,,,,,,,,,
1383445,2023/24,2023-10-16,"JSCA International Stadium Complex, Ranchi",1,18.5,Manipur,Railways,Kangabam Singh,P Prafullomani,Yuvraj Singh,1,0,,,,,,,,,
1383445,2023/24,2023-10-16,"JSCA International Stadium Complex, Ranchi",1,18.6,Manipur,Railways,P Prafullomani,Kangabam Singh,Yuvraj Singh,1,0,,,,,,,,,
1383445,2023/24,2023-10-16,"JSCA International Stadium Complex, Ranchi",1,19.1,Manipur,Railways,P Prafullomani,Kangabam Singh,Susheel Kumar,1,0,,,,,,,,,
1383445,2023/24,2023-10-16,"JSCA International Stadium Complex, Ranchi",1,19.2,Manipur,Railways,Kangabam Singh,P Prafullomani,Susheel Kumar,1,0,,,,,,,,,
1383445,2023/24,2023-10-16,"JSCA International Stadium Complex, Ranchi",1,19.3,Manipur,Railways,P Prafullomani,Kangabam Singh,Susheel Kumar,0,0,,,,,,,,,
1383445,2023/24,2023-10-16,"JSCA International Stadium Complex, Ranchi",1,19.4,Manipur,Railways,P Prafullomani,Kangabam Singh,Susheel Kumar,1,0,,,,,,,,,
1383445,2023/24,2023-10-16,"JSCA International Stadium Complex, Ranchi",1,19.5,Manipur,Railways,Kangabam Singh,P Prafullomani,Susheel Kumar,4,0,,,,,,,,,
1383445,2023/24,2023-10-16,"JSCA International Stadium Complex, Ranchi",1,19.6,Manipur,Railways,Kangabam Singh,P Prafullomani,Susheel Kumar,2,0,,,,,,,,,
1383445,2023/24,2023-10-16,"JSCA International Stadium Complex, Ranchi",2,0.1,Railways,Manipur,Shivam Chaudhary,Pratham Singh,Rex Rajkumar,4,0,,,,,,,,,
1383445,2023/24,2023-10-16,"JSCA International Stadium Complex, Ranchi",2,0.2,Railways,Manipur,Shivam Chaudhary,Pratham Singh,Rex Rajkumar,0,0,,,,,,,,,
1383445,2023/24,2023-10-16,"JSCA International Stadium Complex, Ranchi",2,0.3,Railways,Manipur,Shivam Chaudhary,Pratham Singh,Rex Rajkumar,0,0,,,,,,,,,
1383445,2023/24,2023-10-16,"JSCA International Stadium Complex, Ranchi",2,0.4,Railways,Manipur,Shivam Chaudhary,Pratham Singh,Rex Rajkumar,0,0,,,,,,,,,
1383445,2023/24,2023-10-16,"JSCA International Stadium Complex, Ranchi",2,0.5,Railways,Manipur,Shivam Chaudhary,Pratham Singh,Rex Rajkumar,0,0,,,,,,,,,
1383445,2023/24,2023-10-16,"JSCA International Stadium Complex, Ranchi",2,0.6,Railways,Manipur,Shivam Chaudhary,Pratham Singh,Rex Rajkumar,4,0,,,,,,,,,
1383445,2023/24,2023-10-16,"JSCA International Stadium Complex, Ranchi",2,1.1,Railways,Manipur,Pratham Singh,Shivam Chaudhary,BM Chingakham,4,0,,,,,,,,,
1383445,2023/24,2023-10-16,"JSCA International Stadium Complex, Ranchi",2,1.2,Railways,Manipur,Pratham Singh,Shivam Chaudhary,BM Chingakham,0,0,,,,,,,,,
1383445,2023/24,2023-10-16,"JSCA International Stadium Complex, Ranchi",2,1.3,Railways,Manipur,Pratham Singh,Shivam Chaudhary,BM Chingakham,0,0,,,,,,,,,
1383445,2023/24,2023-10-16,"JSCA International Stadium Complex, Ranchi",2,1.4,Railways,Manipur,Pratham Singh,Shivam Chaudhary,BM Chingakham,4,0,,,,,,,,,
1383445,2023/24,2023-10-16,"JSCA International Stadium Complex, Ranchi",2,1.5,Railways,Manipur,Pratham Singh,Shivam Chaudhary,BM Chingakham,0,0,,,,,,,,,
1383445,2023/24,2023-10-16,"JSCA International Stadium Complex, Ranchi",2,1.6,Railways,Manipur,Pratham Singh,Shivam Chaudhary,BM Chingakham,4,0,,,,,,,,,
1383445,2023/24,2023-10-16,"JSCA International Stadium Complex, Ranchi",2,2.1,Railways,Manipur,Shivam Chaudhary,Pratham Singh,Bishworjit Konthoujam,4,0,,,,,,,,,
1383445,2023/24,2023-10-16,"JSCA International Stadium Complex, Ranchi",2,2.2,Railways,Manipur,Shivam Chaudhary,Pratham Singh,Bishworjit Konthoujam,0,0,,,,,,,,,
1383445,2023/24,2023-10-16,"JSCA International Stadium Complex, Ranchi",2,2.3,Railways,Manipur,Shivam Chaudhary,Pratham Singh,Bishworjit Konthoujam,1,0,,,,,,,,,
1383445,2023/24,2023-10-16,"JSCA International Stadium Complex, Ranchi",2,2.4,Railways,Manipur,Pratham Singh,Shivam Chaudhary,Bishworjit Konthoujam,1,0,,,,,,,,,
1383445,2023/24,2023-10-16,"JSCA International Stadium Complex, Ranchi",2,2.5,Railways,Manipur,Shivam Chaudhary,Pratham Singh,Bishworjit Konthoujam,4,0,,,,,,,,,
1383445,2023/24,2023-10-16,"JSCA International Stadium Complex, Ranchi",2,2.6,Railways,Manipur,Shivam Chaudhary,Pratham Singh,Bishworjit Konthoujam,4,0,,,,,,,,,
1383445,2023/24,2023-10-16,"JSCA International Stadium Complex, Ranchi",2,3.1,Railways,Manipur,Pratham Singh,Shivam Chaudhary,Rex Rajkumar,1,0,,,,,,,,,
1383445,2023/24,2023-10-16,"JSCA International Stadium Complex, Ranchi",2,3.2,Railways,Manipur,Shivam Chaudhary,Pratham Singh,Rex Rajkumar,0,0,,,,,,,,,
1383445,2023/24,2023-10-16,"JSCA International Stadium Complex, Ranchi",2,3.3,Railways,Manipur,Shivam Chaudhary,Pratham Singh,Rex Rajkumar,4,0,,,,,,,,,
1383445,2023/24,2023-10-16,"JSCA International Stadium Complex, Ranchi",2,3.4,Railways,Manipur,Shivam Chaudhary,Pratham Singh,Rex Rajkumar,4,0,,,,,,,,,
1383445,2023/24,2023-10-16,"JSCA International Stadium Complex, Ranchi",2,3.5,Railways,Manipur,Shivam Chaudhary,Pratham Singh,Rex Rajkumar,6,0,,,,,,,,,
1383445,2023/24,2023-10-16,"JSCA International Stadium Complex, Ranchi",2,3.6,Railways,Manipur,Shivam Chaudhary,Pratham Singh,Rex Rajkumar,0,0,,,,,,,,,
1383445,2023/24,2023-10-16,"JSCA International Stadium Complex, Ranchi",2,4.1,Railways,Manipur,Pratham Singh,Shivam Chaudhary,L Kishan Singha,4,0,,,,,,,,,
1383445,2023/24,2023-10-16,"JSCA International Stadium Complex, Ranchi",2,4.2,Railways,Manipur,Pratham Singh,Shivam Chaudhary,L Kishan Singha,0,0,,,,,,run out,Shivam Chaudhary,,
1383445,2023/24,2023-10-16,"JSCA International Stadium Complex, Ranchi",2,4.3,Railways,Manipur,Pratham Singh,Vivek Singh,L Kishan Singha,0,0,,,,,,,,,
1383445,2023/24,2023-10-16,"JSCA International Stadium Complex, Ranchi",2,4.4,Railways,Manipur,Pratham Singh,Vivek Singh,L Kishan Singha,0,0,,,,,,,,,
1383445,2023/24,2023-10-16,"JSCA International Stadium Complex, Ranchi",2,4.5,Railways,Manipur,Pratham Singh,Vivek Singh,L Kishan Singha,4,0,,,,,,,,,
1383445,2023/24,2023-10-16,"JSCA International Stadium Complex, Ranchi",2,4.6,Railways,Manipur,Pratham Singh,Vivek Singh,L Kishan Singha,1,0,,,,,,,,,
1383445,2023/24,2023-10-16,"JSCA International Stadium Complex, Ranchi",2,5.1,Railways,Manipur,Pratham Singh,Vivek Singh,Nitesh Sedai,0,0,,,,,,,,,
1383445,2023/24,2023-10-16,"JSCA International Stadium Complex, Ranchi",2,5.2,Railways,Manipur,Pratham Singh,Vivek Singh,Nitesh Sedai,4,0,,,,,,,,,
1383445,2023/24,2023-10-16,"JSCA International Stadium Complex, Ranchi",2,5.3,Railways,Manipur,Pratham Singh,Vivek Singh,Nitesh Sedai,0,0,,,,,,,,,
1383445,2023/24,2023-10-16,"JSCA International Stadium Complex, Ranchi",2,5.4,Railways,Manipur,Pratham Singh,Vivek Singh,Nitesh Sedai,1,0,,,,,,,,,
1383445,2023/24,2023-10-16,"JSCA International Stadium Complex, Ranchi",2,5.5,Railways,Manipur,Vivek Singh,Pratham Singh,Nitesh Sedai,4,0,,,,,,,,,
1383445,2023/24,2023-10-16,"JSCA International Stadium Complex, Ranchi",2,5.6,Railways,Manipur,Vivek Singh,Pratham Singh,Nitesh Sedai,2,0,,,,,,,,,
1383445,2023/24,2023-10-16,"JSCA International Stadium Complex, Ranchi",2,6.1,Railways,Manipur,Pratham Singh,Vivek Singh,BM Chingakham,6,0,,,,,,,,,
1383445,2023/24,2023-10-16,"JSCA International Stadium Complex, Ranchi",2,6.2,Railways,Manipur,Pratham Singh,Vivek Singh,BM Chingakham,0,0,,,,,,,,,
1383445,2023/24,2023-10-16,"JSCA International Stadium Complex, Ranchi",2,6.3,Railways,Manipur,Pratham Singh,Vivek Singh,BM Chingakham,4,0,,,,,,,,,
1383445,2023/24,2023-10-16,"JSCA International Stadium Complex, Ranchi",2,6.4,Railways,Manipur,Pratham Singh,Vivek Singh,BM Chingakham,0,0,,,,,,,,,
1383445,2023/24,2023-10-16,"JSCA International Stadium Complex, Ranchi",2,6.5,Railways,Manipur,Pratham Singh,Vivek Singh,BM Chingakham,4,0,,,,,,,,,
1383445,2023/24,2023-10-16,"JSCA International Stadium Complex, Ranchi",2,6.6,Railways,Manipur,Pratham Singh,Vivek Singh,BM Chingakham,1,0,,,,,,,,,
1383445,2023/24,2023-10-16,"JSCA International Stadium Complex, Ranchi",2,7.1,Railways,Manipur,Pratham Singh,Vivek Singh,Nitesh Sedai,0,0,,,,,,,,,
1383445,2023/24,2023-10-16,"JSCA International Stadium Complex, Ranchi",2,7.2,Railways,Manipur,Pratham Singh,Vivek Singh,Nitesh Sedai,0,0,,,,,,,,,
1383445,2023/24,2023-10-16,"JSCA International Stadium Complex, Ranchi",2,7.3,Railways,Manipur,Pratham Singh,Vivek Singh,Nitesh Sedai,4,0,,,,,,,,,
1383445,2023/24,2023-10-16,"JSCA International Stadium Complex, Ranchi",2,7.4,Railways,Manipur,Pratham Singh,Vivek Singh,Nitesh Sedai,4,0,,,,,,,,,
1383445,2023/24,2023-10-16,"JSCA International Stadium Complex, Ranchi",2,7.5,Railways,Manipur,Pratham Singh,Vivek Singh,Nitesh Sedai,4,0,,,,,,,,,
1383445,2023/24,2023-10-16,"JSCA International Stadium Complex, Ranchi",2,7.6,Railways,Manipur,Pratham Singh,Vivek Singh,Nitesh Sedai,0,0,,,,,,,,,
1383445,2023/24,2023-10-16,"JSCA International Stadium Complex, Ranchi",2,8.1,Railways,Manipur,Vivek Singh,Pratham Singh,Sultan Karim,1,0,,,,,,,,,
1383445,2023/24,2023-10-16,"JSCA International Stadium Complex, Ranchi",2,8.2,Railways,Manipur,Pratham Singh,Vivek Singh,Sultan Karim,0,0,,,,,,,,,
1383445,2023/24,2023-10-16,"JSCA International Stadium Complex, Ranchi",2,8.3,Railways,Manipur,Pratham Singh,Vivek Singh,Sultan Karim,6,0,,,,,,,,,
1383445,2023/24,2023-10-16,"JSCA International Stadium Complex, Ranchi",2,8.4,Railways,Manipur,Pratham Singh,Vivek Singh,Sultan Karim,2,0,,,,,,,,,
1383445,2023/24,2023-10-16,"JSCA International Stadium Complex, Ranchi",2,8.5,Railways,Manipur,Pratham Singh,Vivek Singh,Sultan Karim,1,0,,,,,,,,,
1383445,2023/24,2023-10-16,"JSCA International Stadium Complex, Ranchi",2,8.6,Railways,Manipur,Vivek Singh,Pratham Singh,Sultan Karim,1,0,,,,,,,,,
1383445,2023/24,2023-10-16,"JSCA International Stadium Complex, Ranchi",2,9.1,Railways,Manipur,Vivek Singh,Pratham Singh,Langlonyamba Meitan Keishangbam,1,0,,,,,,,,,
1383445,2023/24,2023-10-16,"JSCA International Stadium Complex, Ranchi",2,9.2,Railways,Manipur,Pratham Singh,Vivek Singh,Langlonyamba Meitan Keishangbam,1,0,,,,,,,,,
1383445,2023/24,2023-10-16,"JSCA International Stadium Complex, Ranchi",2,9.3,Railways,Manipur,Vivek Singh,Pratham Singh,Langlonyamba Meitan Keishangbam,0,0,,,,,,,,,
1383445,2023/24,2023-10-16,"JSCA International Stadium Complex, Ranchi",2,9.4,Railways,Manipur,Vivek Singh,Pratham Singh,Langlonyamba Meitan Keishangbam,1,0,,,,,,,,,
1383445,2023/24,2023-10-16,"JSCA International Stadium Complex, Ranchi",2,9.5,Railways,Manipur,Pratham Singh,Vivek Singh,Langlonyamba Meitan Keishangbam,2,0,,,,,,,,,
1383445,2023/24,2023-10-16,"JSCA International Stadium Complex, Ranchi",2,9.6,Railways,Manipur,Pratham Singh,Vivek Singh,Langlonyamba Meitan Keishangbam,0,0,,,,,,,,,
1383445,2023/24,2023-10-16,"JSCA International Stadium Complex, Ranchi",2,10.1,Railways,Manipur,Vivek Singh,Pratham Singh,Sultan Karim,4,0,,,,,,,,,
