match_id,season,start_date,venue,innings,ball,batting_team,bowling_team,striker,non_striker,bowler,runs_off_bat,extras,wides,noballs,byes,legbyes,penalty,wicket_type,player_dismissed,other_wicket_type,other_player_dismissed
1383488,2023/24,2023-10-21,"Sawai Mansingh Stadium, Jaipur",1,0.1,Mumbai,Jammu & Kashmir,YBK Jaiswal,A Raghuvanshi,Rasikh Salam,0,0,,,,,,,,,
1383488,2023/24,2023-10-21,"Sawai Mansingh Stadium, Jaipur",1,0.2,Mumbai,Jammu & Kashmir,YBK Jaiswal,A Raghuvanshi,Rasikh Salam,0,0,,,,,,,,,
1383488,2023/24,2023-10-21,"Sawai Mansingh Stadium, Jaipur",1,0.3,Mumbai,Jammu & Kashmir,YBK Jaiswal,A Raghuvanshi,Rasikh Salam,0,0,,,,,,,,,
1383488,2023/24,2023-10-21,"Sawai Mansingh Stadium, Jaipur",1,0.4,Mumbai,Jammu & Kashmir,YBK Jaiswal,A Raghuvanshi,Rasikh Salam,0,0,,,,,,,,,
1383488,2023/24,2023-10-21,"Sawai Mansingh Stadium, Jaipur",1,0.5,Mumbai,Jammu & Kashmir,YBK Jaiswal,A Raghuvanshi,Rasikh Salam,0,0,,,,,,,,,
1383488,2023/24,2023-10-21,"Sawai Mansingh Stadium, Jaipur",1,0.6,Mumbai,Jammu & Kashmir,YBK Jaiswal,A Raghuvanshi,Rasikh Salam,4,0,,,,,,,,,
1383488,2023/24,2023-10-21,"Sawai Mansingh Stadium, Jaipur",1,1.1,Mumbai,Jammu & Kashmir,A Raghuvanshi,YBK Jaiswal,Yudhvir Singh,0,0,,,,,,,,,
1383488,2023/24,2023-10-21,"Sawai Mansingh Stadium, Jaipur",1,1.2,Mumbai,Jammu & Kashmir,A Raghuvanshi,YBK Jaiswal,Yudhvir Singh,0,0,,,,,,,,,
1383488,2023/24,2023-10-21,"Sawai Mansingh Stadium, Jaipur",1,1.3,Mumbai,Jammu & Kashmir,A Raghuvanshi,YBK Jaiswal,Yudhvir Singh,6,0,,,,,,,,,
1383488,2023/24,2023-10-21,"Sawai Mansingh Stadium, Jaipur",1,1.4,Mumbai,Jammu & Kashmir,A Raghuvanshi,YBK Jaiswal,Yudhvir Singh,1,0,,,,,,,,,
1383488,2023/24,2023-10-21,"Sawai Mansingh Stadium, Jaipur",1,1.5,Mumbai,Jammu & Kashmir,YBK Jaiswal,A Raghuvanshi,Yudhvir Singh,1,0,,,,,,,,,
1383488,2023/24,2023-10-21,"Sawai Mansingh Stadium, Jaipur",1,1.6,Mumbai,Jammu & Kashmir,A Raghuvanshi,YBK Jaiswal,Yudhvir Singh,0,0,,,,,,,,,
1383488,2023/24,2023-10-21,"Sawai Mansingh Stadium, Jaipur",1,2.1,Mumbai,Jammu & Kashmir,YBK Jaiswal,A Raghuvanshi,Rasikh Salam,0,0,,,,,,,,,
1383488,2023/24,2023-10-21,"Sawai Mansingh Stadium, Jaipur",1,2.2,Mumbai,Jammu & Kashmir,YBK Jaiswal,A Raghuvanshi,Rasikh Salam,4,0,,,,,,,,,
1383488,2023/24,2023-10-21,"Sawai Mansingh Stadium, Jaipur",1,2.3,Mumbai,Jammu & Kashmir,YBK Jaiswal,A Raghuvanshi,Rasikh Salam,0,0,,,,,,,,,
1383488,2023/24,2023-10-21,"Sawai Mansingh Stadium, Jaipur",1,2.4,Mumbai,Jammu & Kashmir,YBK Jaiswal,A Raghuvanshi,Rasikh Salam,1,0,,,,,,,,,
1383488,2023/24,2023-10-21,"Sawai Mansingh Stadium, Jaipur",1,2.5,Mumbai,Jammu & Kashmir,A Raghuvanshi,YBK Jaiswal,Rasikh Salam,6,0,,,,,,,,,
1383488,2023/24,2023-10-21,"Sawai Mansingh Stadium, Jaipur",1,2.6,Mumbai,Jammu & Kashmir,A Raghuvanshi,YBK Jaiswal,Rasikh Salam,0,0,,,,,,,,,
1383488,2023/24,2023-10-21,"Sawai Mansingh Stadium, Jaipur",1,3.1,Mumbai,Jammu & Kashmir,YBK Jaiswal,A Raghuvanshi,Yudhvir Singh,1,0,,,,,,,,,
1383488,2023/24,2023-10-21,"Sawai Mansingh Stadium, Jaipur",1,3.2,Mumbai,Jammu & Kashmir,A Raghuvanshi,YBK Jaiswal,Yudhvir Singh,1,0,,,,,,,,,
1383488,2023/24,2023-10-21,"Sawai Mansingh Stadium, Jaipur",1,3.3,Mumbai,Jammu & Kashmir,YBK Jaiswal,A Raghuvanshi,Yudhvir Singh,1,0,,,,,,,,,
1383488,2023/24,2023-10-21,"Sawai Mansingh Stadium, Jaipur",1,3.4,Mumbai,Jammu & Kashmir,A Raghuvanshi,YBK Jaiswal,Yudhvir Singh,0,0,,,,,,,,,
1383488,2023/24,2023-10-21,"Sawai Mansingh Stadium, Jaipur",1,3.5,Mumbai,Jammu & Kashmir,A Raghuvanshi,YBK Jaiswal,Yudhvir Singh,0,0,,,,,,,,,
1383488,2023/24,2023-10-21,"Sawai Mansingh Stadium, Jaipur",1,3.6,Mumbai,Jammu & Kashmir,A Raghuvanshi,YBK Jaiswal,Yudhvir Singh,0,0,,,,,,,,,
1383488,2023/24,2023-10-21,"Sawai Mansingh Stadium, Jaipur",1,4.1,Mumbai,Jammu & Kashmir,YBK Jaiswal,A Raghuvanshi,Umran Malik,1,0,,,,,,,,,
1383488,2023/24,2023-10-21,"Sawai Mansingh Stadium, Jaipur",1,4.2,Mumbai,Jammu & Kashmir,A Raghuvanshi,YBK Jaiswal,Umran Malik,0,0,,,,,,,,,
1383488,2023/24,2023-10-21,"Sawai Mansingh Stadium, Jaipur",1,4.3,Mumbai,Jammu & Kashmir,A Raghuvanshi,YBK Jaiswal,Umran Malik,1,0,,,,,,,,,
1383488,2023/24,2023-10-21,"Sawai Mansingh Stadium, Jaipur",1,4.4,Mumbai,Jammu & Kashmir,YBK Jaiswal,A Raghuvanshi,Umran Malik,0,0,,,,,,,,,
1383488,2023/24,2023-10-21,"Sawai Mansingh Stadium, Jaipur",1,4.5,Mumbai,Jammu & Kashmir,YBK Jaiswal,A Raghuvanshi,Umran Malik,2,0,,,,,,,,,
1383488,2023/24,2023-10-21,"Sawai Mansingh Stadium, Jaipur",1,4.6,Mumbai,Jammu & Kashmir,YBK Jaiswal,A Raghuvanshi,Umran Malik,4,0,,,,,,,,,
1383488,2023/24,2023-10-21,"Sawai Mansingh Stadium, Jaipur",1,5.1,Mumbai,Jammu & Kashmir,A Raghuvanshi,YBK Jaiswal,Abid Mushtaq,0,0,,,,,,,,,
1383488,2023/24,2023-10-21,"Sawai Mansingh Stadium, Jaipur",1,5.2,Mumbai,Jammu & Kashmir,A Raghuvanshi,YBK Jaiswal,Abid Mushtaq,1,0,,,,,,,,,
1383488,2023/24,2023-10-21,"Sawai Mansingh Stadium, Jaipur",1,5.3,Mumbai,Jammu & Kashmir,YBK Jaiswal,A Raghuvanshi,Abid Mushtaq,1,0,,,,,,,,,
1383488,2023/24,2023-10-21,"Sawai Mansingh Stadium, Jaipur",1,5.4,Mumbai,Jammu & Kashmir,A Raghuvanshi,YBK Jaiswal,Abid Mushtaq,0,0,,,,,,caught,A Raghuvanshi,,
1383488,2023/24,2023-10-21,"Sawai Mansingh Stadium, Jaipur",1,5.5,Mumbai,Jammu & Kashmir,AM Rahane,YBK Jaiswal,Abid Mushtaq,1,0,,,,,,,,,
1383488,2023/24,2023-10-21,"Sawai Mansingh Stadium, Jaipur",1,5.6,Mumbai,Jammu & Kashmir,YBK Jaiswal,AM Rahane,Abid Mushtaq,4,0,,,,,,,,,
1383488,2023/24,2023-10-21,"Sawai Mansingh Stadium, Jaipur",1,6.1,Mumbai,Jammu & Kashmir,AM Rahane,YBK Jaiswal,Umran Malik,1,0,,,,,,,,,
1383488,2023/24,2023-10-21,"Sawai Mansingh Stadium, Jaipur",1,6.2,Mumbai,Jammu & Kashmir,YBK Jaiswal,AM Rahane,Umran Malik,0,1,,,,1,,,,,
1383488,2023/24,2023-10-21,"Sawai Mansingh Stadium, Jaipur",1,6.3,Mumbai,Jammu & Kashmir,AM Rahane,YBK Jaiswal,Umran Malik,1,0,,,,,,,,,
1383488,2023/24,2023-10-21,"Sawai Mansingh Stadium, Jaipur",1,6.4,Mumbai,Jammu & Kashmir,YBK Jaiswal,AM Rahane,Umran Malik,0,0,,,,,,,,,
1383488,2023/24,2023-10-21,"Sawai Mansingh Stadium, Jaipur",1,6.5,Mumbai,Jammu & Kashmir,YBK Jaiswal,AM Rahane,Umran Malik,4,0,,,,,,,,,
1383488,2023/24,2023-10-21,"Sawai Mansingh Stadium, Jaipur",1,6.6,Mumbai,Jammu & Kashmir,YBK Jaiswal,AM Rahane,Umran Malik,4,0,,,,,,,,,
1383488,2023/24,2023-10-21,"Sawai Mansingh Stadium, Jaipur",1,7.1,Mumbai,Jammu & Kashmir,AM Rahane,YBK Jaiswal,Abid Mushtaq,0,0,,,,,,,,,
1383488,2023/24,2023-10-21,"Sawai Mansingh Stadium, Jaipur",1,7.2,Mumbai,Jammu & Kashmir,AM Rahane,YBK Jaiswal,Abid Mushtaq,1,0,,,,,,,,,
1383488,2023/24,2023-10-21,"Sawai Mansingh Stadium, Jaipur",1,7.3,Mumbai,Jammu & Kashmir,YBK Jaiswal,AM Rahane,Abid Mushtaq,0,1,,,,1,,,,,
1383488,2023/24,2023-10-21,"Sawai Mansingh Stadium, Jaipur",1,7.4,Mumbai,Jammu & Kashmir,AM Rahane,YBK Jaiswal,Abid Mushtaq,0,0,,,,,,,,,
1383488,2023/24,2023-10-21,"Sawai Mansingh Stadium, Jaipur",1,7.5,Mumbai,Jammu & Kashmir,AM Rahane,YBK Jaiswal,Abid Mushtaq,1,0,,,,,,,,,
1383488,2023/24,2023-10-21,"Sawai Mansingh Stadium, Jaipur",1,7.6,Mumbai,Jammu & Kashmir,YBK Jaiswal,AM Rahane,Abid Mushtaq,0,0,,,,,,,,,
1383488,2023/24,2023-10-21,"Sawai Mansingh Stadium, Jaipur",1,8.1,Mumbai,Jammu & Kashmir,AM Rahane,YBK Jaiswal,Sahil Lotra,1,0,,,,,,,,,
1383488,2023/24,2023-10-21,"Sawai Mansingh Stadium, Jaipur",1,8.2,Mumbai,Jammu & Kashmir,YBK Jaiswal,AM Rahane,Sahil Lotra,4,0,,,,,,,,,
1383488,2023/24,2023-10-21,"Sawai Mansingh Stadium, Jaipur",1,8.3,Mumbai,Jammu & Kashmir,YBK Jaiswal,AM Rahane,Sahil Lotra,1,0,,,,,,,,,
1383488,2023/24,2023-10-21,"Sawai Mansingh Stadium, Jaipur",1,8.4,Mumbai,Jammu & Kashmir,AM Rahane,YBK Jaiswal,Sahil Lotra,0,0,,,,,,,,,
1383488,2023/24,2023-10-21,"Sawai Mansingh Stadium, Jaipur",1,8.5,Mumbai,Jammu & Kashmir,AM Rahane,YBK Jaiswal,Sahil Lotra,1,0,,,,,,,,,
1383488,2023/24,2023-10-21,"Sawai Mansingh Stadium, Jaipur",1,8.6,Mumbai,Jammu & Kashmir,YBK Jaiswal,AM Rahane,Sahil Lotra,1,0,,,,,,,,,
1383488,2023/24,2023-10-21,"Sawai Mansingh Stadium, Jaipur",1,9.1,Mumbai,Jammu & Kashmir,YBK Jaiswal,AM Rahane,Abid Mushtaq,0,0,,,,,,,,,
1383488,2023/24,2023-10-21,"Sawai Mansingh Stadium, Jaipur",1,9.2,Mumbai,Jammu & Kashmir,YBK Jaiswal,AM Rahane,Abid Mushtaq,0,0,,,,,,,,,
1383488,2023/24,2023-10-21,"Sawai Mansingh Stadium, Jaipur",1,9.3,Mumbai,Jammu & Kashmir,YBK Jaiswal,AM Rahane,Abid Mushtaq,0,0,,,,,,,,,
1383488,2023/24,2023-10-21,"Sawai Mansingh Stadium, Jaipur",1,9.4,Mumbai,Jammu & Kashmir,YBK Jaiswal,AM Rahane,Abid Mushtaq,1,0,,,,,,,,,
1383488,2023/24,2023-10-21,"Sawai Mansingh Stadium, Jaipur",1,9.5,Mumbai,Jammu & Kashmir,AM Rahane,YBK Jaiswal,Abid Mushtaq,0,0,,,,,,,,,
1383488,2023/24,2023-10-21,"Sawai Mansingh Stadium, Jaipur",1,9.6,Mumbai,Jammu & Kashmir,AM Rahane,YBK Jaiswal,Abid Mushtaq,1,0,,,,,,,,,
1383488,2023/24,2023-10-21,"Sawai Mansingh Stadium, Jaipur",1,10.1,Mumbai,Jammu & Kashmir,AM Rahane,YBK Jaiswal,Sahil Lotra,1,0,,,,,,,,,
1383488,2023/24,2023-10-21,"Sawai Mansingh Stadium, Jaipur",1,10.2,Mumbai,Jammu & Kashmir,YBK Jaiswal,AM Rahane,Sahil Lotra,6,0,,,,,,,,,
1383488,2023/24,2023-10-21,"Sawai Mansingh Stadium, Jaipur",1,10.3,Mumbai,Jammu & Kashmir,YBK Jaiswal,AM Rahane,Sahil Lotra,4,0,,,,,,,,,
1383488,2023/24,2023-10-21,"Sawai Mansingh Stadium, Jaipur",1,10.4,Mumbai,Jammu & Kashmir,YBK Jaiswal,AM Rahane,Sahil Lotra,1,0,,,,,,,,,
1383488,2023/24,2023-10-21,"Sawai Mansingh Stadium, Jaipur",1,10.5,Mumbai,Jammu & Kashmir,AM Rahane,YBK Jaiswal,Sahil Lotra,1,0,,,,,,,,,
1383488,2023/24,2023-10-21,"Sawai Mansingh Stadium, Jaipur",1,10.6,Mumbai,Jammu & Kashmir,YBK Jaiswal,AM Rahane,Sahil Lotra,0,0,,,,,,stumped,YBK Jaiswal,,
1383488,2023/24,2023-10-21,"Sawai Mansingh Stadium, Jaipur",1,11.1,Mumbai,Jammu & Kashmir,AM Rahane,S Dube,Umran Malik,1,0,,,,,,,,,
1383488,2023/24,2023-10-21,"Sawai Mansingh Stadium, Jaipur",1,11.2,Mumbai,Jammu & Kashmir,S Dube,AM Rahane,Umran Malik,0,0,,,,,,,,,
1383488,2023/24,2023-10-21,"Sawai Mansingh Stadium, Jaipur",1,11.3,Mumbai,Jammu & Kashmir,S Dube,AM Rahane,Umran Malik,0,0,,,,,,,,,
1383488,2023/24,2023-10-21,"Sawai Mansingh Stadium, Jaipur",1,11.4,Mumbai,Jammu & Kashmir,S Dube,AM Rahane,Umran Malik,1,0,,,,,,,,,
1383488,2023/24,2023-10-21,"Sawai Mansingh Stadium, Jaipur",1,11.5,Mumbai,Jammu & Kashmir,AM Rahane,S Dube,Umran Malik,1,0,,,,,,,,,
1383488,2023/24,2023-10-21,"Sawai Mansingh Stadium, Jaipur",1,11.6,Mumbai,Jammu & Kashmir,S Dube,AM Rahane,Umran Malik,1,0,,,,,,,,,
1383488,2023/24,2023-10-21,"Sawai Mansingh Stadium, Jaipur",1,12.1,Mumbai,Jammu & Kashmir,S Dube,AM Rahane,Sahil Lotra,0,0,,,,,,,,,
1383488,2023/24,2023-10-21,"Sawai Mansingh Stadium, Jaipur",1,12.2,Mumbai,Jammu & Kashmir,S Dube,AM Rahane,Sahil Lotra,0,0,,,,,,,,,
1383488,2023/24,2023-10-21,"Sawai Mansingh Stadium, Jaipur",1,12.3,Mumbai,Jammu & Kashmir,S Dube,AM Rahane,Sahil Lotra,1,0,,,,,,,,,
1383488,2023/24,2023-10-21,"Sawai Mansingh Stadium, Jaipur",1,12.4,Mumbai,Jammu & Kashmir,AM Rahane,S Dube,Sahil Lotra,1,0,,,,,,,,,
1383488,2023/24,2023-10-21,"Sawai Mansingh Stadium, Jaipur",1,12.5,Mumbai,Jammu & Kashmir,S Dube,AM Rahane,Sahil Lotra,0,0,,,,,,,,,
1383488,2023/24,2023-10-21,"Sawai Mansingh Stadium, Jaipur",1,12.6,Mumbai,Jammu & Kashmir,S Dube,AM Rahane,Sahil Lotra,1,0,,,,,,,,,
1383488,2023/24,2023-10-21,"Sawai Mansingh Stadium, Jaipur",1,13.1,Mumbai,Jammu & Kashmir,S Dube,AM Rahane,Umran Malik,0,0,,,,,,,,,
1383488,2023/24,2023-10-21,"Sawai Mansingh Stadium, Jaipur",1,13.2,Mumbai,Jammu & Kashmir,S Dube,AM Rahane,Umran Malik,0,0,,,,,,,,,
1383488,2023/24,2023-10-21,"Sawai Mansingh Stadium, Jaipur",1,13.3,Mumbai,Jammu & Kashmir,S Dube,AM Rahane,Umran Malik,0,0,,,,,,,,,
1383488,2023/24,2023-10-21,"Sawai Mansingh Stadium, Jaipur",1,13.4,Mumbai,Jammu & Kashmir,S Dube,AM Rahane,Umran Malik,0,1,1,,,,,,,,
1383488,2023/24,2023-10-21,"Sawai Mansingh Stadium, Jaipur",1,13.5,Mumbai,Jammu & Kashmir,S Dube,AM Rahane,Umran Malik,1,0,,,,,,,,,
1383488,2023/24,2023-10-21,"Sawai Mansingh Stadium, Jaipur",1,13.6,Mumbai,Jammu & Kashmir,AM Rahane,S Dube,Umran Malik,2,0,,,,,,,,,
1383488,2023/24,2023-10-21,"Sawai Mansingh Stadium, Jaipur",1,13.7,Mumbai,Jammu & Kashmir,AM Rahane,S Dube,Umran Malik,2,0,,,,,,,,,
1383488,2023/24,2023-10-21,"Sawai Mansingh Stadium, Jaipur",1,14.1,Mumbai,Jammu & Kashmir,S Dube,AM Rahane,Sahil Lotra,2,0,,,,,,,,,
1383488,2023/24,2023-10-21,"Sawai Mansingh Stadium, Jaipur",1,14.2,Mumbai,Jammu & Kashmir,S Dube,AM Rahane,Sahil Lotra,0,0,,,,,,,,,
1383488,2023/24,2023-10-21,"Sawai Mansingh Stadium, Jaipur",1,14.3,Mumbai,Jammu & Kashmir,S Dube,AM Rahane,Sahil Lotra,0,1,1,,,,,,,,
1383488,2023/24,2023-10-21,"Sawai Mansingh Stadium, Jaipur",1,14.4,Mumbai,Jammu & Kashmir,S Dube,AM Rahane,Sahil Lotra,2,0,,,,,,,,,
1383488,2023/24,2023-10-21,"Sawai Mansingh Stadium, Jaipur",1,14.5,Mumbai,Jammu & Kashmir,S Dube,AM Rahane,Sahil Lotra,0,0,,,,,,,,,
1383488,2023/24,2023-10-21,"Sawai Mansingh Stadium, Jaipur",1,14.6,Mumbai,Jammu & Kashmir,S Dube,AM Rahane,Sahil Lotra,1,0,,,,,,,,,
1383488,2023/24,2023-10-21,"Sawai Mansingh Stadium, Jaipur",1,14.7,Mumbai,Jammu & Kashmir,AM Rahane,S Dube,Sahil Lotra,1,0,,,,,,,,,
1383488,2023/24,2023-10-21,"Sawai Mansingh Stadium, Jaipur",1,15.1,Mumbai,Jammu & Kashmir,AM Rahane,S Dube,Yudhvir Singh,2,0,,,,,,,,,
1383488,2023/24,2023-10-21,"Sawai Mansingh Stadium, Jaipur",1,15.2,Mumbai,Jammu & Kashmir,AM Rahane,S Dube,Yudhvir Singh,4,0,,,,,,,,,
1383488,2023/24,2023-10-21,"Sawai Mansingh Stadium, Jaipur",1,15.3,Mumbai,Jammu & Kashmir,AM Rahane,S Dube,Yudhvir Singh,1,0,,,,,,,,,
1383488,2023/24,2023-10-21,"Sawai Mansingh Stadium, Jaipur",1,15.4,Mumbai,Jammu & Kashmir,S Dube,AM Rahane,Yudhvir Singh,0,0,,,,,,,,,
1383488,2023/24,2023-10-21,"Sawai Mansingh Stadium, Jaipur",1,15.5,Mumbai,Jammu & Kashmir,S Dube,AM Rahane,Yudhvir Singh,1,0,,,,,,,,,
1383488,2023/24,2023-10-21,"Sawai Mansingh Stadium, Jaipur",1,15.6,Mumbai,Jammu & Kashmir,AM Rahane,S Dube,Yudhvir Singh,0,1,,,,1,,,,,
1383488,2023/24,2023-10-21,"Sawai Mansingh Stadium, Jaipur",1,16.1,Mumbai,Jammu & Kashmir,AM Rahane,S Dube,Rasikh Salam,2,0,,,,,,,,,
1383488,2023/24,2023-10-21,"Sawai Mansingh Stadium, Jaipur",1,16.2,Mumbai,Jammu & Kashmir,AM Rahane,S Dube,Rasikh Salam,1,0,,,,,,,,,
1383488,2023/24,2023-10-21,"Sawai Mansingh Stadium, Jaipur",1,16.3,Mumbai,Jammu & Kashmir,S Dube,AM Rahane,Rasikh Salam,1,0,,,,,,,,,
1383488,2023/24,2023-10-21,"Sawai Mansingh Stadium, Jaipur",1,16.4,Mumbai,Jammu & Kashmir,AM Rahane,S Dube,Rasikh Salam,1,0,,,,,,,,,
1383488,2023/24,2023-10-21,"Sawai Mansingh Stadium, Jaipur",1,16.5,Mumbai,Jammu & Kashmir,S Dube,AM Rahane,Rasikh Salam,1,0,,,,,,,,,
1383488,2023/24,2023-10-21,"Sawai Mansingh Stadium, Jaipur",1,16.6,Mumbai,Jammu & Kashmir,AM Rahane,S Dube,Rasikh Salam,1,0,,,,,,,,,
1383488,2023/24,2023-10-21,"Sawai Mansingh Stadium, Jaipur",1,17.1,Mumbai,Jammu & Kashmir,AM Rahane,S Dube,Abid Mushtaq,0,0,,,,,,,,,
1383488,2023/24,2023-10-21,"Sawai Mansingh Stadium, Jaipur",1,17.2,Mumbai,Jammu & Kashmir,AM Rahane,S Dube,Abid Mushtaq,1,0,,,,,,,,,
1383488,2023/24,2023-10-21,"Sawai Mansingh Stadium, Jaipur",1,17.3,Mumbai,Jammu & Kashmir,S Dube,AM Rahane,Abid Mushtaq,1,0,,,,,,,,,
1383488,2023/24,2023-10-21,"Sawai Mansingh Stadium, Jaipur",1,17.4,Mumbai,Jammu & Kashmir,AM Rahane,S Dube,Abid Mushtaq,0,0,,,,,,caught,AM Rahane,,
1383488,2023/24,2023-10-21,"Sawai Mansingh Stadium, Jaipur",1,17.5,Mumbai,Jammu & Kashmir,SN Khan,S Dube,Abid Mushtaq,1,0,,,,,,,,,
1383488,2023/24,2023-10-21,"Sawai Mansingh Stadium, Jaipur",1,17.6,Mumbai,Jammu & Kashmir,S Dube,SN Khan,Abid Mushtaq,1,0,,,,,,,,,
1383488,2023/24,2023-10-21,"Sawai Mansingh Stadium, Jaipur",1,18.1,Mumbai,Jammu & Kashmir,S Dube,SN Khan,Rasikh Salam,0,0,,,,,,caught,S Dube,,
1383488,2023/24,2023-10-21,"Sawai Mansingh Stadium, Jaipur",1,18.2,Mumbai,Jammu & Kashmir,SZ Mulani,SN Khan,Rasikh Salam,0,0,,,,,,,,,
1383488,2023/24,2023-10-21,"Sawai Mansingh Stadium, Jaipur",1,18.3,Mumbai,Jammu & Kashmir,SZ Mulani,SN Khan,Rasikh Salam,1,0,,,,,,,,,
1383488,2023/24,2023-10-21,"Sawai Mansingh Stadium, Jaipur",1,18.4,Mumbai,Jammu & Kashmir,SN Khan,SZ Mulani,Rasikh Salam,1,0,,,,,,,,,
1383488,2023/24,2023-10-21,"Sawai Mansingh Stadium, Jaipur",1,18.5,Mumbai,Jammu & Kashmir,SZ Mulani,SN Khan,Rasikh Salam,1,0,,,,,,,,,
1383488,2023/24,2023-10-21,"Sawai Mansingh Stadium, Jaipur",1,18.6,Mumbai,Jammu & Kashmir,SN Khan,SZ Mulani,Rasikh Salam,0,0,,,,,,,,,
1383488,2023/24,2023-10-21,"Sawai Mansingh Stadium, Jaipur",1,19.1,Mumbai,Jammu & Kashmir,SZ Mulani,SN Khan,Yudhvir Singh,4,0,,,,,,,,,
1383488,2023/24,2023-10-21,"Sawai Mansingh Stadium, Jaipur",1,19.2,Mumbai,Jammu & Kashmir,SZ Mulani,SN Khan,Yudhvir Singh,6,0,,,,,,,,,
1383488,2023/24,2023-10-21,"Sawai Mansingh Stadium, Jaipur",1,19.3,Mumbai,Jammu & Kashmir,SZ Mulani,SN Khan,Yudhvir Singh,0,1,1,,,,,,,,
1383488,2023/24,2023-10-21,"Sawai Mansingh Stadium, Jaipur",1,19.4,Mumbai,Jammu & Kashmir,SZ Mulani,SN Khan,Yudhvir Singh,4,0,,,,,,,,,
1383488,2023/24,2023-10-21,"Sawai Mansingh Stadium, Jaipur",1,19.5,Mumbai,Jammu & Kashmir,SZ Mulani,SN Khan,Yudhvir Singh,1,0,,,,,,,,,
1383488,2023/24,2023-10-21,"Sawai Mansingh Stadium, Jaipur",1,19.6,Mumbai,Jammu & Kashmir,SN Khan,SZ Mulani,Yudhvir Singh,0,1,,,1,,,,,,
1383488,2023/24,2023-10-21,"Sawai Mansingh Stadium, Jaipur",1,19.7,Mumbai,Jammu & Kashmir,SZ Mulani,SN Khan,Yudhvir Singh,0,0,,,,,,caught and bowled,SZ Mulani,,
1383488,2023/24,2023-10-21,"Sawai Mansingh Stadium, Jaipur",2,0.1,Jammu & Kashmir,Mumbai,Vivrant Sharma,Qamran Iqbal,DS Kulkarni,0,0,,,,,,,,,
1383488,2023/24,2023-10-21,"Sawai Mansingh Stadium, Jaipur",2,0.2,Jammu & Kashmir,Mumbai,Vivrant Sharma,Qamran Iqbal,DS Kulkarni,1,0,,,,,,,,,
1383488,2023/24,2023-10-21,"Sawai Mansingh Stadium, Jaipur",2,0.3,Jammu & Kashmir,Mumbai,Qamran Iqbal,Vivrant Sharma,DS Kulkarni,0,0,,,,,,,,,
1383488,2023/24,2023-10-21,"Sawai Mansingh Stadium, Jaipur",2,0.4,Jammu & Kashmir,Mumbai,Qamran Iqbal,Vivrant Sharma,DS Kulkarni,0,0,,,,,,,,,
1383488,2023/24,2023-10-21,"Sawai Mansingh Stadium, Jaipur",2,0.5,Jammu & Kashmir,Mumbai,Qamran Iqbal,Vivrant Sharma,DS Kulkarni,0,0,,,,,,,,,
1383488,2023/24,2023-10-21,"Sawai Mansingh Stadium, Jaipur",2,0.6,Jammu & Kashmir,Mumbai,Qamran Iqbal,Vivrant Sharma,DS Kulkarni,0,0,,,,,,bowled,Qamran Iqbal,,
1383488,2023/24,2023-10-21,"Sawai Mansingh Stadium, Jaipur",2,1.1,Jammu & Kashmir,Mumbai,Vivrant Sharma,Shubham Khajuria,TU Deshpande,0,0,,,,,,,,,
1383488,2023/24,2023-10-21,"Sawai Mansingh Stadium, Jaipur",2,1.2,Jammu & Kashmir,Mumbai,Vivrant Sharma,Shubham Khajuria,TU Deshpande,0,0,,,,,,,,,
1383488,2023/24,2023-10-21,"Sawai Mansingh Stadium, Jaipur",2,1.3,Jammu & Kashmir,Mumbai,Vivrant Sharma,Shubham Khajuria,TU Deshpande,0,0,,,,,,,,,
1383488,2023/24,2023-10-21,"Sawai Mansingh Stadium, Jaipur",2,1.4,Jammu & Kashmir,Mumbai,Vivrant Sharma,Shubham Khajuria,TU Deshpande,0,0,,,,,,,,,
1383488,2023/24,2023-10-21,"Sawai Mansingh Stadium, Jaipur",2,1.5,Jammu & Kashmir,Mumbai,Vivrant Sharma,Shubham Khajuria,TU Deshpande,1,0,,,,,,,,,
1383488,2023/24,2023-10-21,"Sawai Mansingh Stadium, Jaipur",2,1.6,Jammu & Kashmir,Mumbai,Shubham Khajuria,Vivrant Sharma,TU Deshpande,1,0,,,,,,,,,
1383488,2023/24,2023-10-21,"Sawai Mansingh Stadium, Jaipur",2,2.1,Jammu & Kashmir,Mumbai,Shubham Khajuria,Vivrant Sharma,DS Kulkarni,0,0,,,,,,,,,
1383488,2023/24,2023-10-21,"Sawai Mansingh Stadium, Jaipur",2,2.2,Jammu & Kashmir,Mumbai,Shubham Khajuria,Vivrant Sharma,DS Kulkarni,0,0,,,,,,,,,
1383488,2023/24,2023-10-21,"Sawai Mansingh Stadium, Jaipur",2,2.3,Jammu & Kashmir,Mumbai,Shubham Khajuria,Vivrant Sharma,DS Kulkarni,0,0,,,,,,,,,
1383488,2023/24,2023-10-21,"Sawai Mansingh Stadium, Jaipur",2,2.4,Jammu & Kashmir,Mumbai,Shubham Khajuria,Vivrant Sharma,DS Kulkarni,2,0,,,,,,,,,
1383488,2023/24,2023-10-21,"Sawai Mansingh Stadium, Jaipur",2,2.5,Jammu & Kashmir,Mumbai,Shubham Khajuria,Vivrant Sharma,DS Kulkarni,0,0,,,,,,,,,
1383488,2023/24,2023-10-21,"Sawai Mansingh Stadium, Jaipur",2,2.6,Jammu & Kashmir,Mumbai,Shubham Khajuria,Vivrant Sharma,DS Kulkarni,0,0,,,,,,,,,
1383488,2023/24,2023-10-21,"Sawai Mansingh Stadium, Jaipur",2,3.1,Jammu & Kashmir,Mumbai,Vivrant Sharma,Shubham Khajuria,Mohit Avasthi,0,0,,,,,,,,,
1383488,2023/24,2023-10-21,"Sawai Mansingh Stadium, Jaipur",2,3.2,Jammu & Kashmir,Mumbai,Vivrant Sharma,Shubham Khajuria,Mohit Avasthi,4,0,,,,,,,,,
1383488,2023/24,2023-10-21,"Sawai Mansingh Stadium, Jaipur",2,3.3,Jammu & Kashmir,Mumbai,Vivrant Sharma,Shubham Khajuria,Mohit Avasthi,1,0,,,,,,,,,
1383488,2023/24,2023-10-21,"Sawai Mansingh Stadium, Jaipur",2,3.4,Jammu & Kashmir,Mumbai,Shubham Khajuria,Vivrant Sharma,Mohit Avasthi,0,0,,,,,,caught,Shubham Khajuria,,
1383488,2023/24,2023-10-21,"Sawai Mansingh Stadium, Jaipur",2,3.5,Jammu & Kashmir,Mumbai,Fazil Rashid,Vivrant Sharma,Mohit Avasthi,0,0,,,,,,,,,
1383488,2023/24,2023-10-21,"Sawai Mansingh Stadium, Jaipur",2,3.6,Jammu & Kashmir,Mumbai,Fazil Rashid,Vivrant Sharma,Mohit Avasthi,0,0,,,,,,,,,
1383488,2023/24,2023-10-21,"Sawai Mansingh Stadium, Jaipur",2,4.1,Jammu & Kashmir,Mumbai,Vivrant Sharma,Fazil Rashid,TU Deshpande,2,0,,,,,,,,,
1383488,2023/24,2023-10-21,"Sawai Mansingh Stadium, Jaipur",2,4.2,Jammu & Kashmir,Mumbai,Vivrant Sharma,Fazil Rashid,TU Deshpande,0,0,,,,,,,,,
1383488,2023/24,2023-10-21,"Sawai Mansingh Stadium, Jaipur",2,4.3,Jammu & Kashmir,Mumbai,Vivrant Sharma,Fazil Rashid,TU Deshpande,2,0,,,,,,,,,
1383488,2023/24,2023-10-21,"Sawai Mansingh Stadium, Jaipur",2,4.4,Jammu & Kashmir,Mumbai,Vivrant Sharma,Fazil Rashid,TU Deshpande,1,0,,,,,,,,,
1383488,2023/24,2023-10-21,"Sawai Mansingh Stadium, Jaipur",2,4.5,Jammu & Kashmir,Mumbai,Fazil Rashid,Vivrant Sharma,TU Deshpande,1,0,,,,,,,,,
1383488,2023/24,2023-10-21,"Sawai Mansingh Stadium, Jaipur",2,4.6,Jammu & Kashmir,Mumbai,Vivrant Sharma,Fazil Rashid,TU Deshpande,1,0,,,,,,,,,
1383488,2023/24,2023-10-21,"Sawai Mansingh Stadium, Jaipur",2,5.1,Jammu & Kashmir,Mumbai,Vivrant Sharma,Fazil Rashid,Mohit Avasthi,0,1,1,,,,,,,,
1383488,2023/24,2023-10-21,"Sawai Mansingh Stadium, Jaipur",2,5.2,Jammu & Kashmir,Mumbai,Vivrant Sharma,Fazil Rashid,Mohit Avasthi,0,0,,,,,,,,,
1383488,2023/24,2023-10-21,"Sawai Mansingh Stadium, Jaipur",2,5.3,Jammu & Kashmir,Mumbai,Vivrant Sharma,Fazil Rashid,Mohit Avasthi,0,0,,,,,,caught,Vivrant Sharma,,
1383488,2023/24,2023-10-21,"Sawai Mansingh Stadium, Jaipur",2,5.4,Jammu & Kashmir,Mumbai,Shubham Pundir,Fazil Rashid,Mohit Avasthi,0,0,,,,,,,,,
1383488,2023/24,2023-10-21,"Sawai Mansingh Stadium, Jaipur",2,5.5,Jammu & Kashmir,Mumbai,Shubham Pundir,Fazil Rashid,Mohit Avasthi,0,0,,,,,,,,,
1383488,2023/24,2023-10-21,"Sawai Mansingh Stadium, Jaipur",2,5.6,Jammu & Kashmir,Mumbai,Shubham Pundir,Fazil Rashid,Mohit Avasthi,0,0,,,,,,,,,
1383488,2023/24,2023-10-21,"Sawai Mansingh Stadium, Jaipur",2,5.7,Jammu & Kashmir,Mumbai,Shubham Pundir,Fazil Rashid,Mohit Avasthi,1,0,,,,,,,,,
1383488,2023/24,2023-10-21,"Sawai Mansingh Stadium, Jaipur",2,6.1,Jammu & Kashmir,Mumbai,Shubham Pundir,Fazil Rashid,SZ Mulani,1,0,,,,,,,,,
1383488,2023/24,2023-10-21,"Sawai Mansingh Stadium, Jaipur",2,6.2,Jammu & Kashmir,Mumbai,Fazil Rashid,Shubham Pundir,SZ Mulani,0,0,,,,,,lbw,Fazil Rashid,,
1383488,2023/24,2023-10-21,"Sawai Mansingh Stadium, Jaipur",2,6.3,Jammu & Kashmir,Mumbai,Abdul Samad,Shubham Pundir,SZ Mulani,0,0,,,,,,,,,
1383488,2023/24,2023-10-21,"Sawai Mansingh Stadium, Jaipur",2,6.4,Jammu & Kashmir,Mumbai,Abdul Samad,Shubham Pundir,SZ Mulani,0,0,,,,,,,,,
1383488,2023/24,2023-10-21,"Sawai Mansingh Stadium, Jaipur",2,6.5,Jammu & Kashmir,Mumbai,Abdul Samad,Shubham Pundir,SZ Mulani,1,0,,,,,,,,,
1383488,2023/24,2023-10-21,"Sawai Mansingh Stadium, Jaipur",2,6.6,Jammu & Kashmir,Mumbai,Shubham Pundir,Abdul Samad,SZ Mulani,1,0,,,,,,,,,
1383488,2023/24,2023-10-21,"Sawai Mansingh Stadium, Jaipur",2,7.1,Jammu & Kashmir,Mumbai,Shubham Pundir,Abdul Samad,Tanush Kotian,1,0,,,,,,,,,
1383488,2023/24,2023-10-21,"Sawai Mansingh Stadium, Jaipur",2,7.2,Jammu & Kashmir,Mumbai,Abdul Samad,Shubham Pundir,Tanush Kotian,1,0,,,,,,,,,
1383488,2023/24,2023-10-21,"Sawai Mansingh Stadium, Jaipur",2,7.3,Jammu & Kashmir,Mumbai,Shubham Pundir,Abdul Samad,Tanush Kotian,0,0,,,,,,,,,
1383488,2023/24,2023-10-21,"Sawai Mansingh Stadium, Jaipur",2,7.4,Jammu & Kashmir,Mumbai,Shubham Pundir,Abdul Samad,Tanush Kotian,0,1,1,,,,,,,,
1383488,2023/24,2023-10-21,"Sawai Mansingh Stadium, Jaipur",2,7.5,Jammu & Kashmir,Mumbai,Shubham Pundir,Abdul Samad,Tanush Kotian,0,0,,,,,,,,,
1383488,2023/24,2023-10-21,"Sawai Mansingh Stadium, Jaipur",2,7.6,Jammu & Kashmir,Mumbai,Shubham Pundir,Abdul Samad,Tanush Kotian,1,0,,,,,,,,,
1383488,2023/24,2023-10-21,"Sawai Mansingh Stadium, Jaipur",2,7.7,Jammu & Kashmir,Mumbai,Abdul Samad,Shubham Pundir,Tanush Kotian,1,0,,,,,,,,,
1383488,2023/24,2023-10-21,"Sawai Mansingh Stadium, Jaipur",2,8.1,Jammu & Kashmir,Mumbai,Abdul Samad,Shubham Pundir,SZ Mulani,0,0,,,,,,,,,
1383488,2023/24,2023-10-21,"Sawai Mansingh Stadium, Jaipur",2,8.2,Jammu & Kashmir,Mumbai,Abdul Samad,Shubham Pundir,SZ Mulani,0,0,,,,,,,,,
1383488,2023/24,2023-10-21,"Sawai Mansingh Stadium, Jaipur",2,8.3,Jammu & Kashmir,Mumbai,Abdul Samad,Shubham Pundir,SZ Mulani,6,0,,,,,,,,,
1383488,2023/24,2023-10-21,"Sawai Mansingh Stadium, Jaipur",2,8.4,Jammu & Kashmir,Mumbai,Abdul Samad,Shubham Pundir,SZ Mulani,0,0,,,,,,,,,
1383488,2023/24,2023-10-21,"Sawai Mansingh Stadium, Jaipur",2,8.5,Jammu & Kashmir,Mumbai,Abdul Samad,Shubham Pundir,SZ Mulani,1,0,,,,,,,,,
1383488,2023/24,2023-10-21,"Sawai Mansingh Stadium, Jaipur",2,8.6,Jammu & Kashmir,Mumbai,Shubham Pundir,Abdul Samad,SZ Mulani,1,0,,,,,,,,,
1383488,2023/24,2023-10-21,"Sawai Mansingh Stadium, Jaipur",2,9.1,Jammu & Kashmir,Mumbai,Shubham Pundir,Abdul Samad,Tanush Kotian,0,0,,,,,,lbw,Shubham Pundir,,
1383488,2023/24,2023-10-21,"Sawai Mansingh Stadium, Jaipur",2,9.2,Jammu & Kashmir,Mumbai,Henan Nazir,Abdul Samad,Tanush Kotian,0,0,,,,,,,,,
1383488,2023/24,2023-10-21,"Sawai Mansingh Stadium, Jaipur",2,9.3,Jammu & Kashmir,Mumbai,Henan Nazir,Abdul Samad,Tanush Kotian,1,0,,,,,,,,,
1383488,2023/24,2023-10-21,"Sawai Mansingh Stadium, Jaipur",2,9.4,Jammu & Kashmir,Mumbai,Abdul Samad,Henan Nazir,Tanush Kotian,1,0,,,,,,,,,
1383488,2023/24,2023-10-21,"Sawai Mansingh Stadium, Jaipur",2,9.5,Jammu & Kashmir,Mumbai,Henan Nazir,Abdul Samad,Tanush Kotian,0,0,,,,,,,,,
1383488,2023/24,2023-10-21,"Sawai Mansingh Stadium, Jaipur",2,9.6,Jammu & Kashmir,Mumbai,Henan Nazir,Abdul Samad,Tanush Kotian,1,0,,,,,,,,,
1383488,2023/24,2023-10-21,"Sawai Mansingh Stadium, Jaipur",2,10.1,Jammu & Kashmir,Mumbai,Henan Nazir,Abdul Samad,SZ Mulani,0,0,,,,,,,,,
1383488,2023/24,2023-10-21,"Sawai Mansingh Stadium, Jaipur",2,10.2,Jammu & Kashmir,Mumbai,Henan Nazir,Abdul Samad,SZ Mulani,0,0,,,,,,,,,
1383488,2023/24,2023-10-21,"Sawai Mansingh Stadium, Jaipur",2,10.3,Jammu & Kashmir,Mumbai,Henan Nazir,Abdul Samad,SZ Mulani,1,0,,,,,,,,,
1383488,2023/24,2023-10-21,"Sawai Mansingh Stadium, Jaipur",2,10.4,Jammu & Kashmir,Mumbai,Abdul Samad,Henan Nazir,SZ Mulani,0,0,,,,,,,,,
1383488,2023/24,2023-10-21,"Sawai Mansingh Stadium, Jaipur",2,10.5,Jammu & Kashmir,Mumbai,Abdul Samad,Henan Nazir,SZ Mulani,1,0,,,,,,,,,
1383488,2023/24,2023-10-21,"Sawai Mansingh Stadium, Jaipur",2,10.6,Jammu & Kashmir,Mumbai,Henan Nazir,Abdul Samad,SZ Mulani,0,0,,,,,,caught,Henan Nazir,,
1383488,2023/24,2023-10-21,"Sawai Mansingh Stadium, Jaipur",2,11.1,Jammu & Kashmir,Mumbai,Abdul Samad,Abid Mushtaq,Atharva Ankolekar,1,0,,,,,,,,,
1383488,2023/24,2023-10-21,"Sawai Mansingh Stadium, Jaipur",2,11.2,Jammu & Kashmir,Mumbai,Abid Mushtaq,Abdul Samad,Atharva Ankolekar,0,0,,,,,,,,,
1383488,2023/24,2023-10-21,"Sawai Mansingh Stadium, Jaipur",2,11.3,Jammu & Kashmir,Mumbai,Abid Mushtaq,Abdul Samad,Atharva Ankolekar,0,0,,,,,,,,,
1383488,2023/24,2023-10-21,"Sawai Mansingh Stadium, Jaipur",2,11.4,Jammu & Kashmir,Mumbai,Abid Mushtaq,Abdul Samad,Atharva Ankolekar,1,0,,,,,,,,,
1383488,2023/24,2023-10-21,"Sawai Mansingh Stadium, Jaipur",2,11.5,Jammu & Kashmir,Mumbai,Abdul Samad,Abid Mushtaq,Atharva Ankolekar,2,0,,,,,,,,,
1383488,2023/24,2023-10-21,"Sawai Mansingh Stadium, Jaipur",2,11.6,Jammu & Kashmir,Mumbai,Abdul Samad,Abid Mushtaq,Atharva Ankolekar,1,0,,,,,,,,,
1383488,2023/24,2023-10-21,"Sawai Mansingh Stadium, Jaipur",2,12.1,Jammu & Kashmir,Mumbai,Abdul Samad,Abid Mushtaq,SZ Mulani,1,0,,,,,,,,,
1383488,2023/24,2023-10-21,"Sawai Mansingh Stadium, Jaipur",2,12.2,Jammu & Kashmir,Mumbai,Abid Mushtaq,Abdul Samad,SZ Mulani,1,0,,,,,,,,,
1383488,2023/24,2023-10-21,"Sawai Mansingh Stadium, Jaipur",2,12.3,Jammu & Kashmir,Mumbai,Abdul Samad,Abid Mushtaq,SZ Mulani,1,0,,,,,,,,,
1383488,2023/24,2023-10-21,"Sawai Mansingh Stadium, Jaipur",2,12.4,Jammu & Kashmir,Mumbai,Abid Mushtaq,Abdul Samad,SZ Mulani,0,0,,,,,,caught,Abid Mushtaq,,
1383488,2023/24,2023-10-21,"Sawai Mansingh Stadium, Jaipur",2,12.5,Jammu & Kashmir,Mumbai,Sahil Lotra,Abdul Samad,SZ Mulani,1,0,,,,,,,,,
1383488,2023/24,2023-10-21,"Sawai Mansingh Stadium, Jaipur",2,12.6,Jammu & Kashmir,Mumbai,Abdul Samad,Sahil Lotra,SZ Mulani,1,0,,,,,,,,,
1383488,2023/24,2023-10-21,"Sawai Mansingh Stadium, Jaipur",2,13.1,Jammu & Kashmir,Mumbai,Abdul Samad,Sahil Lotra,Atharva Ankolekar,1,0,,,,,,,,,
1383488,2023/24,2023-10-21,"Sawai Mansingh Stadium, Jaipur",2,13.2,Jammu & Kashmir,Mumbai,Sahil Lotra,Abdul Samad,Atharva Ankolekar,4,0,,,,,,,,,
1383488,2023/24,2023-10-21,"Sawai Mansingh Stadium, Jaipur",2,13.3,Jammu & Kashmir,Mumbai,Sahil Lotra,Abdul Samad,Atharva Ankolekar,1,0,,,,,,,,,
1383488,2023/24,2023-10-21,"Sawai Mansingh Stadium, Jaipur",2,13.4,Jammu & Kashmir,Mumbai,Abdul Samad,Sahil Lotra,Atharva Ankolekar,1,0,,,,,,,,,
1383488,2023/24,2023-10-21,"Sawai Mansingh Stadium, Jaipur",2,13.5,Jammu & Kashmir,Mumbai,Sahil Lotra,Abdul Samad,Atharva Ankolekar,0,0,,,,,,,,,
1383488,2023/24,2023-10-21,"Sawai Mansingh Stadium, Jaipur",2,13.6,Jammu & Kashmir,Mumbai,Sahil Lotra,Abdul Samad,Atharva Ankolekar,0,4,,,4,,,,,,
1383488,2023/24,2023-10-21,"Sawai Mansingh Stadium, Jaipur",2,14.1,Jammu & Kashmir,Mumbai,Abdul Samad,Sahil Lotra,DS Kulkarni,4,0,,,,,,,,,
1383488,2023/24,2023-10-21,"Sawai Mansingh Stadium, Jaipur",2,14.2,Jammu & Kashmir,Mumbai,Abdul Samad,Sahil Lotra,DS Kulkarni,1,0,,,,,,,,,
1383488,2023/24,2023-10-21,"Sawai Mansingh Stadium, Jaipur",2,14.3,Jammu & Kashmir,Mumbai,Sahil Lotra,Abdul Samad,DS Kulkarni,0,0,,,,,,caught,Sahil Lotra,,
1383488,2023/24,2023-10-21,"Sawai Mansingh Stadium, Jaipur",2,14.4,Jammu & Kashmir,Mumbai,Yudhvir Singh,Abdul Samad,DS Kulkarni,0,0,,,,,,,,,
1383488,2023/24,2023-10-21,"Sawai Mansingh Stadium, Jaipur",2,14.5,Jammu & Kashmir,Mumbai,Yudhvir Singh,Abdul Samad,DS Kulkarni,6,0,,,,,,,,,
1383488,2023/24,2023-10-21,"Sawai Mansingh Stadium, Jaipur",2,14.6,Jammu & Kashmir,Mumbai,Yudhvir Singh,Abdul Samad,DS Kulkarni,1,0,,,,,,,,,
1383488,2023/24,2023-10-21,"Sawai Mansingh Stadium, Jaipur",2,15.1,Jammu & Kashmir,Mumbai,Yudhvir Singh,Abdul Samad,TU Deshpande,6,0,,,,,,,,,
1383488,2023/24,2023-10-21,"Sawai Mansingh Stadium, Jaipur",2,15.2,Jammu & Kashmir,Mumbai,Yudhvir Singh,Abdul Samad,TU Deshpande,4,0,,,,,,,,,
1383488,2023/24,2023-10-21,"Sawai Mansingh Stadium, Jaipur",2,15.3,Jammu & Kashmir,Mumbai,Yudhvir Singh,Abdul Samad,TU Deshpande,4,0,,,,,,,,,
1383488,2023/24,2023-10-21,"Sawai Mansingh Stadium, Jaipur",2,15.4,Jammu & Kashmir,Mumbai,Yudhvir Singh,Abdul Samad,TU Deshpande,1,0,,,,,,,,,
1383488,2023/24,2023-10-21,"Sawai Mansingh Stadium, Jaipur",2,15.5,Jammu & Kashmir,Mumbai,Abdul Samad,Yudhvir Singh,TU Deshpande,4,0,,,,,,,,,
1383488,2023/24,2023-10-21,"Sawai Mansingh Stadium, Jaipur",2,15.6,Jammu & Kashmir,Mumbai,Abdul Samad,Yudhvir Singh,TU Deshpande,1,0,,,,,,,,,
1383488,2023/24,2023-10-21,"Sawai Mansingh Stadium, Jaipur",2,16.1,Jammu & Kashmir,Mumbai,Abdul Samad,Yudhvir Singh,Mohit Avasthi,0,0,,,,,,run out,Yudhvir Singh,,
1383488,2023/24,2023-10-21,"Sawai Mansingh Stadium, Jaipur",2,16.2,Jammu & Kashmir,Mumbai,Abdul Samad,Rasikh Salam,Mohit Avasthi,4,0,,,,,,,,,
1383488,2023/24,2023-10-21,"Sawai Mansingh Stadium, Jaipur",2,16.3,Jammu & Kashmir,Mumbai,Abdul Samad,Rasikh Salam,Mohit Avasthi,1,0,,,,,,,,,
1383488,2023/24,2023-10-21,"Sawai Mansingh Stadium, Jaipur",2,16.4,Jammu & Kashmir,Mumbai,Rasikh Salam,Abdul Samad,Mohit Avasthi,0,0,,,,,,,,,
1383488,2023/24,2023-10-21,"Sawai Mansingh Stadium, Jaipur",2,16.5,Jammu & Kashmir,Mumbai,Rasikh Salam,Abdul Samad,Mohit Avasthi,1,0,,,,,,,,,
1383488,2023/24,2023-10-21,"Sawai Mansingh Stadium, Jaipur",2,16.6,Jammu & Kashmir,Mumbai,Abdul Samad,Rasikh Salam,Mohit Avasthi,1,0,,,,,,,,,
1383488,2023/24,2023-10-21,"Sawai Mansingh Stadium, Jaipur",2,17.1,Jammu & Kashmir,Mumbai,Abdul Samad,Rasikh Salam,DS Kulkarni,1,0,,,,,,,,,
1383488,2023/24,2023-10-21,"Sawai Mansingh Stadium, Jaipur",2,17.2,Jammu & Kashmir,Mumbai,Rasikh Salam,Abdul Samad,DS Kulkarni,0,0,,,,,,,,,
1383488,2023/24,2023-10-21,"Sawai Mansingh Stadium, Jaipur",2,17.3,Jammu & Kashmir,Mumbai,Rasikh Salam,Abdul Samad,DS Kulkarni,0,0,,,,,,run out,Rasikh Salam,,
