match_id,season,start_date,venue,innings,ball,batting_team,bowling_team,striker,non_striker,bowler,runs_off_bat,extras,wides,noballs,byes,legbyes,penalty,wicket_type,player_dismissed,other_wicket_type,other_player_dismissed
1383503,2023/24,2023-10-21,"Abhimanyu Cricket Academy, Dehradun",1,0.1,Karnataka,Delhi,D Padikkal,MA Agarwal,I Sharma,0,0,,,,,,,,,
1383503,2023/24,2023-10-21,"Abhimanyu Cricket Academy, Dehradun",1,0.2,Karnataka,Delhi,D Padikkal,MA Agarwal,I Sharma,0,0,,,,,,,,,
1383503,2023/24,2023-10-21,"Abhimanyu Cricket Academy, Dehradun",1,0.3,Karnataka,Delhi,D Padikkal,MA Agarwal,I Sharma,4,0,,,,,,,,,
1383503,2023/24,2023-10-21,"Abhimanyu Cricket Academy, Dehradun",1,0.4,Karnataka,Delhi,D Padikkal,MA Agarwal,I Sharma,0,0,,,,,,,,,
1383503,2023/24,2023-10-21,"Abhimanyu Cricket Academy, Dehradun",1,0.5,Karnataka,Delhi,D Padikkal,MA Agarwal,I Sharma,0,0,,,,,,,,,
1383503,2023/24,2023-10-21,"Abhimanyu Cricket Academy, Dehradun",1,0.6,Karnataka,Delhi,D Padikkal,MA Agarwal,I Sharma,0,0,,,,,,bowled,D Padikkal,,
1383503,2023/24,2023-10-21,"Abhimanyu Cricket Academy, Dehradun",1,1.1,Karnataka,Delhi,MA Agarwal,K L Shrijith,Navdeep Saini,0,0,,,,,,,,,
1383503,2023/24,2023-10-21,"Abhimanyu Cricket Academy, Dehradun",1,1.2,Karnataka,Delhi,MA Agarwal,K L Shrijith,Navdeep Saini,1,0,,,,,,,,,
1383503,2023/24,2023-10-21,"Abhimanyu Cricket Academy, Dehradun",1,1.3,Karnataka,Delhi,K L Shrijith,MA Agarwal,Navdeep Saini,0,0,,,,,,,,,
1383503,2023/24,2023-10-21,"Abhimanyu Cricket Academy, Dehradun",1,1.4,Karnataka,Delhi,K L Shrijith,MA Agarwal,Navdeep Saini,0,0,,,,,,,,,
1383503,2023/24,2023-10-21,"Abhimanyu Cricket Academy, Dehradun",1,1.5,Karnataka,Delhi,K L Shrijith,MA Agarwal,Navdeep Saini,0,0,,,,,,,,,
1383503,2023/24,2023-10-21,"Abhimanyu Cricket Academy, Dehradun",1,1.6,Karnataka,Delhi,K L Shrijith,MA Agarwal,Navdeep Saini,2,0,,,,,,,,,
1383503,2023/24,2023-10-21,"Abhimanyu Cricket Academy, Dehradun",1,2.1,Karnataka,Delhi,MA Agarwal,K L Shrijith,I Sharma,0,0,,,,,,,,,
1383503,2023/24,2023-10-21,"Abhimanyu Cricket Academy, Dehradun",1,2.2,Karnataka,Delhi,MA Agarwal,K L Shrijith,I Sharma,0,0,,,,,,,,,
1383503,2023/24,2023-10-21,"Abhimanyu Cricket Academy, Dehradun",1,2.3,Karnataka,Delhi,MA Agarwal,K L Shrijith,I Sharma,4,0,,,,,,,,,
1383503,2023/24,2023-10-21,"Abhimanyu Cricket Academy, Dehradun",1,2.4,Karnataka,Delhi,MA Agarwal,K L Shrijith,I Sharma,0,0,,,,,,,,,
1383503,2023/24,2023-10-21,"Abhimanyu Cricket Academy, Dehradun",1,2.5,Karnataka,Delhi,MA Agarwal,K L Shrijith,I Sharma,1,0,,,,,,,,,
1383503,2023/24,2023-10-21,"Abhimanyu Cricket Academy, Dehradun",1,2.6,Karnataka,Delhi,K L Shrijith,MA Agarwal,I Sharma,0,0,,,,,,,,,
1383503,2023/24,2023-10-21,"Abhimanyu Cricket Academy, Dehradun",1,3.1,Karnataka,Delhi,MA Agarwal,K L Shrijith,Harshit Rana,4,0,,,,,,,,,
1383503,2023/24,2023-10-21,"Abhimanyu Cricket Academy, Dehradun",1,3.2,Karnataka,Delhi,MA Agarwal,K L Shrijith,Harshit Rana,0,0,,,,,,,,,
1383503,2023/24,2023-10-21,"Abhimanyu Cricket Academy, Dehradun",1,3.3,Karnataka,Delhi,MA Agarwal,K L Shrijith,Harshit Rana,0,0,,,,,,,,,
1383503,2023/24,2023-10-21,"Abhimanyu Cricket Academy, Dehradun",1,3.4,Karnataka,Delhi,MA Agarwal,K L Shrijith,Harshit Rana,0,0,,,,,,,,,
1383503,2023/24,2023-10-21,"Abhimanyu Cricket Academy, Dehradun",1,3.5,Karnataka,Delhi,MA Agarwal,K L Shrijith,Harshit Rana,0,0,,,,,,,,,
1383503,2023/24,2023-10-21,"Abhimanyu Cricket Academy, Dehradun",1,3.6,Karnataka,Delhi,MA Agarwal,K L Shrijith,Harshit Rana,1,0,,,,,,,,,
1383503,2023/24,2023-10-21,"Abhimanyu Cricket Academy, Dehradun",1,4.1,Karnataka,Delhi,MA Agarwal,K L Shrijith,Suyash Sharma,1,0,,,,,,,,,
1383503,2023/24,2023-10-21,"Abhimanyu Cricket Academy, Dehradun",1,4.2,Karnataka,Delhi,K L Shrijith,MA Agarwal,Suyash Sharma,1,0,,,,,,,,,
1383503,2023/24,2023-10-21,"Abhimanyu Cricket Academy, Dehradun",1,4.3,Karnataka,Delhi,MA Agarwal,K L Shrijith,Suyash Sharma,0,0,,,,,,,,,
1383503,2023/24,2023-10-21,"Abhimanyu Cricket Academy, Dehradun",1,4.4,Karnataka,Delhi,MA Agarwal,K L Shrijith,Suyash Sharma,1,0,,,,,,,,,
1383503,2023/24,2023-10-21,"Abhimanyu Cricket Academy, Dehradun",1,4.5,Karnataka,Delhi,K L Shrijith,MA Agarwal,Suyash Sharma,0,0,,,,,,,,,
1383503,2023/24,2023-10-21,"Abhimanyu Cricket Academy, Dehradun",1,4.6,Karnataka,Delhi,K L Shrijith,MA Agarwal,Suyash Sharma,1,0,,,,,,,,,
1383503,2023/24,2023-10-21,"Abhimanyu Cricket Academy, Dehradun",1,5.1,Karnataka,Delhi,K L Shrijith,MA Agarwal,Harshit Rana,0,0,,,,,,,,,
1383503,2023/24,2023-10-21,"Abhimanyu Cricket Academy, Dehradun",1,5.2,Karnataka,Delhi,K L Shrijith,MA Agarwal,Harshit Rana,0,1,,1,,,,,,,
1383503,2023/24,2023-10-21,"Abhimanyu Cricket Academy, Dehradun",1,5.3,Karnataka,Delhi,K L Shrijith,MA Agarwal,Harshit Rana,4,0,,,,,,,,,
1383503,2023/24,2023-10-21,"Abhimanyu Cricket Academy, Dehradun",1,5.4,Karnataka,Delhi,K L Shrijith,MA Agarwal,Harshit Rana,1,0,,,,,,,,,
1383503,2023/24,2023-10-21,"Abhimanyu Cricket Academy, Dehradun",1,5.5,Karnataka,Delhi,MA Agarwal,K L Shrijith,Harshit Rana,0,0,,,,,,,,,
1383503,2023/24,2023-10-21,"Abhimanyu Cricket Academy, Dehradun",1,5.6,Karnataka,Delhi,MA Agarwal,K L Shrijith,Harshit Rana,1,0,,,,,,,,,
1383503,2023/24,2023-10-21,"Abhimanyu Cricket Academy, Dehradun",1,5.7,Karnataka,Delhi,K L Shrijith,MA Agarwal,Harshit Rana,0,1,,,,1,,,,,
1383503,2023/24,2023-10-21,"Abhimanyu Cricket Academy, Dehradun",1,6.1,Karnataka,Delhi,K L Shrijith,MA Agarwal,Suyash Sharma,4,0,,,,,,,,,
1383503,2023/24,2023-10-21,"Abhimanyu Cricket Academy, Dehradun",1,6.2,Karnataka,Delhi,K L Shrijith,MA Agarwal,Suyash Sharma,1,0,,,,,,,,,
1383503,2023/24,2023-10-21,"Abhimanyu Cricket Academy, Dehradun",1,6.3,Karnataka,Delhi,MA Agarwal,K L Shrijith,Suyash Sharma,0,0,,,,,,,,,
1383503,2023/24,2023-10-21,"Abhimanyu Cricket Academy, Dehradun",1,6.4,Karnataka,Delhi,MA Agarwal,K L Shrijith,Suyash Sharma,1,0,,,,,,,,,
1383503,2023/24,2023-10-21,"Abhimanyu Cricket Academy, Dehradun",1,6.5,Karnataka,Delhi,K L Shrijith,MA Agarwal,Suyash Sharma,1,0,,,,,,,,,
1383503,2023/24,2023-10-21,"Abhimanyu Cricket Academy, Dehradun",1,6.6,Karnataka,Delhi,MA Agarwal,K L Shrijith,Suyash Sharma,0,0,,,,,,,,,
1383503,2023/24,2023-10-21,"Abhimanyu Cricket Academy, Dehradun",1,7.1,Karnataka,Delhi,K L Shrijith,MA Agarwal,Lalit Yadav,2,0,,,,,,,,,
1383503,2023/24,2023-10-21,"Abhimanyu Cricket Academy, Dehradun",1,7.2,Karnataka,Delhi,K L Shrijith,MA Agarwal,Lalit Yadav,1,0,,,,,,,,,
1383503,2023/24,2023-10-21,"Abhimanyu Cricket Academy, Dehradun",1,7.3,Karnataka,Delhi,MA Agarwal,K L Shrijith,Lalit Yadav,0,0,,,,,,,,,
1383503,2023/24,2023-10-21,"Abhimanyu Cricket Academy, Dehradun",1,7.4,Karnataka,Delhi,MA Agarwal,K L Shrijith,Lalit Yadav,0,0,,,,,,lbw,MA Agarwal,,
1383503,2023/24,2023-10-21,"Abhimanyu Cricket Academy, Dehradun",1,7.5,Karnataka,Delhi,MK Pandey,K L Shrijith,Lalit Yadav,0,0,,,,,,,,,
1383503,2023/24,2023-10-21,"Abhimanyu Cricket Academy, Dehradun",1,7.6,Karnataka,Delhi,MK Pandey,K L Shrijith,Lalit Yadav,1,0,,,,,,,,,
1383503,2023/24,2023-10-21,"Abhimanyu Cricket Academy, Dehradun",1,8.1,Karnataka,Delhi,MK Pandey,K L Shrijith,Navdeep Saini,0,0,,,,,,,,,
1383503,2023/24,2023-10-21,"Abhimanyu Cricket Academy, Dehradun",1,8.2,Karnataka,Delhi,MK Pandey,K L Shrijith,Navdeep Saini,1,0,,,,,,,,,
1383503,2023/24,2023-10-21,"Abhimanyu Cricket Academy, Dehradun",1,8.3,Karnataka,Delhi,K L Shrijith,MK Pandey,Navdeep Saini,4,0,,,,,,,,,
1383503,2023/24,2023-10-21,"Abhimanyu Cricket Academy, Dehradun",1,8.4,Karnataka,Delhi,K L Shrijith,MK Pandey,Navdeep Saini,0,0,,,,,,,,,
1383503,2023/24,2023-10-21,"Abhimanyu Cricket Academy, Dehradun",1,8.5,Karnataka,Delhi,K L Shrijith,MK Pandey,Navdeep Saini,1,0,,,,,,,,,
1383503,2023/24,2023-10-21,"Abhimanyu Cricket Academy, Dehradun",1,8.6,Karnataka,Delhi,MK Pandey,K L Shrijith,Navdeep Saini,1,0,,,,,,,,,
1383503,2023/24,2023-10-21,"Abhimanyu Cricket Academy, Dehradun",1,9.1,Karnataka,Delhi,MK Pandey,K L Shrijith,Lalit Yadav,1,0,,,,,,,,,
1383503,2023/24,2023-10-21,"Abhimanyu Cricket Academy, Dehradun",1,9.2,Karnataka,Delhi,K L Shrijith,MK Pandey,Lalit Yadav,1,0,,,,,,,,,
1383503,2023/24,2023-10-21,"Abhimanyu Cricket Academy, Dehradun",1,9.3,Karnataka,Delhi,MK Pandey,K L Shrijith,Lalit Yadav,1,0,,,,,,,,,
1383503,2023/24,2023-10-21,"Abhimanyu Cricket Academy, Dehradun",1,9.4,Karnataka,Delhi,K L Shrijith,MK Pandey,Lalit Yadav,0,0,,,,,,bowled,K L Shrijith,,
1383503,2023/24,2023-10-21,"Abhimanyu Cricket Academy, Dehradun",1,9.5,Karnataka,Delhi,BR Sharath,MK Pandey,Lalit Yadav,0,0,,,,,,lbw,BR Sharath,,
1383503,2023/24,2023-10-21,"Abhimanyu Cricket Academy, Dehradun",1,9.6,Karnataka,Delhi,A Manohar,MK Pandey,Lalit Yadav,0,0,,,,,,,,,
1383503,2023/24,2023-10-21,"Abhimanyu Cricket Academy, Dehradun",1,10.1,Karnataka,Delhi,MK Pandey,A Manohar,Suyash Sharma,1,0,,,,,,,,,
1383503,2023/24,2023-10-21,"Abhimanyu Cricket Academy, Dehradun",1,10.2,Karnataka,Delhi,A Manohar,MK Pandey,Suyash Sharma,1,0,,,,,,,,,
1383503,2023/24,2023-10-21,"Abhimanyu Cricket Academy, Dehradun",1,10.3,Karnataka,Delhi,MK Pandey,A Manohar,Suyash Sharma,1,0,,,,,,,,,
1383503,2023/24,2023-10-21,"Abhimanyu Cricket Academy, Dehradun",1,10.4,Karnataka,Delhi,A Manohar,MK Pandey,Suyash Sharma,1,0,,,,,,,,,
1383503,2023/24,2023-10-21,"Abhimanyu Cricket Academy, Dehradun",1,10.5,Karnataka,Delhi,MK Pandey,A Manohar,Suyash Sharma,1,0,,,,,,,,,
1383503,2023/24,2023-10-21,"Abhimanyu Cricket Academy, Dehradun",1,10.6,Karnataka,Delhi,A Manohar,MK Pandey,Suyash Sharma,1,0,,,,,,,,,
1383503,2023/24,2023-10-21,"Abhimanyu Cricket Academy, Dehradun",1,11.1,Karnataka,Delhi,A Manohar,MK Pandey,Lalit Yadav,1,0,,,,,,,,,
1383503,2023/24,2023-10-21,"Abhimanyu Cricket Academy, Dehradun",1,11.2,Karnataka,Delhi,MK Pandey,A Manohar,Lalit Yadav,6,0,,,,,,,,,
1383503,2023/24,2023-10-21,"Abhimanyu Cricket Academy, Dehradun",1,11.3,Karnataka,Delhi,MK Pandey,A Manohar,Lalit Yadav,0,0,,,,,,,,,
1383503,2023/24,2023-10-21,"Abhimanyu Cricket Academy, Dehradun",1,11.4,Karnataka,Delhi,MK Pandey,A Manohar,Lalit Yadav,1,0,,,,,,,,,
1383503,2023/24,2023-10-21,"Abhimanyu Cricket Academy, Dehradun",1,11.5,Karnataka,Delhi,A Manohar,MK Pandey,Lalit Yadav,0,0,,,,,,,,,
1383503,2023/24,2023-10-21,"Abhimanyu Cricket Academy, Dehradun",1,11.6,Karnataka,Delhi,A Manohar,MK Pandey,Lalit Yadav,1,0,,,,,,,,,
1383503,2023/24,2023-10-21,"Abhimanyu Cricket Academy, Dehradun",1,12.1,Karnataka,Delhi,A Manohar,MK Pandey,I Sharma,0,0,,,,,,,,,
1383503,2023/24,2023-10-21,"Abhimanyu Cricket Academy, Dehradun",1,12.2,Karnataka,Delhi,A Manohar,MK Pandey,I Sharma,1,0,,,,,,,,,
1383503,2023/24,2023-10-21,"Abhimanyu Cricket Academy, Dehradun",1,12.3,Karnataka,Delhi,MK Pandey,A Manohar,I Sharma,1,0,,,,,,,,,
1383503,2023/24,2023-10-21,"Abhimanyu Cricket Academy, Dehradun",1,12.4,Karnataka,Delhi,A Manohar,MK Pandey,I Sharma,1,0,,,,,,,,,
1383503,2023/24,2023-10-21,"Abhimanyu Cricket Academy, Dehradun",1,12.5,Karnataka,Delhi,MK Pandey,A Manohar,I Sharma,1,0,,,,,,,,,
1383503,2023/24,2023-10-21,"Abhimanyu Cricket Academy, Dehradun",1,12.6,Karnataka,Delhi,A Manohar,MK Pandey,I Sharma,1,0,,,,,,,,,
1383503,2023/24,2023-10-21,"Abhimanyu Cricket Academy, Dehradun",1,13.1,Karnataka,Delhi,A Manohar,MK Pandey,Suyash Sharma,0,1,1,,,,,,,,
1383503,2023/24,2023-10-21,"Abhimanyu Cricket Academy, Dehradun",1,13.2,Karnataka,Delhi,A Manohar,MK Pandey,Suyash Sharma,1,0,,,,,,,,,
1383503,2023/24,2023-10-21,"Abhimanyu Cricket Academy, Dehradun",1,13.3,Karnataka,Delhi,MK Pandey,A Manohar,Suyash Sharma,0,1,,,,1,,,,,
1383503,2023/24,2023-10-21,"Abhimanyu Cricket Academy, Dehradun",1,13.4,Karnataka,Delhi,A Manohar,MK Pandey,Suyash Sharma,0,4,,,4,,,,,,
1383503,2023/24,2023-10-21,"Abhimanyu Cricket Academy, Dehradun",1,13.5,Karnataka,Delhi,A Manohar,MK Pandey,Suyash Sharma,1,0,,,,,,,,,
1383503,2023/24,2023-10-21,"Abhimanyu Cricket Academy, Dehradun",1,13.6,Karnataka,Delhi,MK Pandey,A Manohar,Suyash Sharma,0,0,,,,,,lbw,MK Pandey,,
1383503,2023/24,2023-10-21,"Abhimanyu Cricket Academy, Dehradun",1,13.7,Karnataka,Delhi,MS Bhandage,A Manohar,Suyash Sharma,0,0,,,,,,,,,
1383503,2023/24,2023-10-21,"Abhimanyu Cricket Academy, Dehradun",1,14.1,Karnataka,Delhi,A Manohar,MS Bhandage,Navdeep Saini,0,0,,,,,,,,,
1383503,2023/24,2023-10-21,"Abhimanyu Cricket Academy, Dehradun",1,14.2,Karnataka,Delhi,A Manohar,MS Bhandage,Navdeep Saini,4,0,,,,,,,,,
1383503,2023/24,2023-10-21,"Abhimanyu Cricket Academy, Dehradun",1,14.3,Karnataka,Delhi,A Manohar,MS Bhandage,Navdeep Saini,0,2,2,,,,,,,,
1383503,2023/24,2023-10-21,"Abhimanyu Cricket Academy, Dehradun",1,14.4,Karnataka,Delhi,MS Bhandage,A Manohar,Navdeep Saini,1,0,,,,,,,,,
1383503,2023/24,2023-10-21,"Abhimanyu Cricket Academy, Dehradun",1,14.5,Karnataka,Delhi,A Manohar,MS Bhandage,Navdeep Saini,0,0,,,,,,,,,
1383503,2023/24,2023-10-21,"Abhimanyu Cricket Academy, Dehradun",1,14.6,Karnataka,Delhi,A Manohar,MS Bhandage,Navdeep Saini,1,0,,,,,,,,,
1383503,2023/24,2023-10-21,"Abhimanyu Cricket Academy, Dehradun",1,14.7,Karnataka,Delhi,MS Bhandage,A Manohar,Navdeep Saini,0,0,,,,,,,,,
1383503,2023/24,2023-10-21,"Abhimanyu Cricket Academy, Dehradun",1,15.1,Karnataka,Delhi,A Manohar,MS Bhandage,Lalit Yadav,0,0,,,,,,,,,
1383503,2023/24,2023-10-21,"Abhimanyu Cricket Academy, Dehradun",1,15.2,Karnataka,Delhi,A Manohar,MS Bhandage,Lalit Yadav,1,0,,,,,,,,,
1383503,2023/24,2023-10-21,"Abhimanyu Cricket Academy, Dehradun",1,15.3,Karnataka,Delhi,MS Bhandage,A Manohar,Lalit Yadav,0,0,,,,,,,,,
1383503,2023/24,2023-10-21,"Abhimanyu Cricket Academy, Dehradun",1,15.4,Karnataka,Delhi,MS Bhandage,A Manohar,Lalit Yadav,1,0,,,,,,,,,
1383503,2023/24,2023-10-21,"Abhimanyu Cricket Academy, Dehradun",1,15.5,Karnataka,Delhi,A Manohar,MS Bhandage,Lalit Yadav,1,0,,,,,,,,,
1383503,2023/24,2023-10-21,"Abhimanyu Cricket Academy, Dehradun",1,15.6,Karnataka,Delhi,MS Bhandage,A Manohar,Lalit Yadav,0,0,,,,,,,,,
1383503,2023/24,2023-10-21,"Abhimanyu Cricket Academy, Dehradun",1,16.1,Karnataka,Delhi,A Manohar,MS Bhandage,Harshit Rana,6,0,,,,,,,,,
1383503,2023/24,2023-10-21,"Abhimanyu Cricket Academy, Dehradun",1,16.2,Karnataka,Delhi,A Manohar,MS Bhandage,Harshit Rana,6,0,,,,,,,,,
1383503,2023/24,2023-10-21,"Abhimanyu Cricket Academy, Dehradun",1,16.3,Karnataka,Delhi,A Manohar,MS Bhandage,Harshit Rana,2,0,,,,,,,,,
1383503,2023/24,2023-10-21,"Abhimanyu Cricket Academy, Dehradun",1,16.4,Karnataka,Delhi,A Manohar,MS Bhandage,Harshit Rana,4,0,,,,,,,,,
1383503,2023/24,2023-10-21,"Abhimanyu Cricket Academy, Dehradun",1,16.5,Karnataka,Delhi,A Manohar,MS Bhandage,Harshit Rana,1,0,,,,,,,,,
1383503,2023/24,2023-10-21,"Abhimanyu Cricket Academy, Dehradun",1,16.6,Karnataka,Delhi,MS Bhandage,A Manohar,Harshit Rana,1,0,,,,,,,,,
1383503,2023/24,2023-10-21,"Abhimanyu Cricket Academy, Dehradun",1,17.1,Karnataka,Delhi,MS Bhandage,A Manohar,Navdeep Saini,0,0,,,,,,,,,
1383503,2023/24,2023-10-21,"Abhimanyu Cricket Academy, Dehradun",1,17.2,Karnataka,Delhi,MS Bhandage,A Manohar,Navdeep Saini,1,0,,,,,,,,,
1383503,2023/24,2023-10-21,"Abhimanyu Cricket Academy, Dehradun",1,17.3,Karnataka,Delhi,A Manohar,MS Bhandage,Navdeep Saini,1,0,,,,,,,,,
1383503,2023/24,2023-10-21,"Abhimanyu Cricket Academy, Dehradun",1,17.4,Karnataka,Delhi,MS Bhandage,A Manohar,Navdeep Saini,6,0,,,,,,,,,
1383503,2023/24,2023-10-21,"Abhimanyu Cricket Academy, Dehradun",1,17.5,Karnataka,Delhi,MS Bhandage,A Manohar,Navdeep Saini,1,0,,,,,,,,,
1383503,2023/24,2023-10-21,"Abhimanyu Cricket Academy, Dehradun",1,17.6,Karnataka,Delhi,A Manohar,MS Bhandage,Navdeep Saini,0,0,,,,,,,,,
1383503,2023/24,2023-10-21,"Abhimanyu Cricket Academy, Dehradun",1,18.1,Karnataka,Delhi,MS Bhandage,A Manohar,I Sharma,1,0,,,,,,,,,
1383503,2023/24,2023-10-21,"Abhimanyu Cricket Academy, Dehradun",1,18.2,Karnataka,Delhi,A Manohar,MS Bhandage,I Sharma,0,0,,,,,,,,,
1383503,2023/24,2023-10-21,"Abhimanyu Cricket Academy, Dehradun",1,18.3,Karnataka,Delhi,A Manohar,MS Bhandage,I Sharma,1,0,,,,,,,,,
1383503,2023/24,2023-10-21,"Abhimanyu Cricket Academy, Dehradun",1,18.4,Karnataka,Delhi,MS Bhandage,A Manohar,I Sharma,1,0,,,,,,,,,
1383503,2023/24,2023-10-21,"Abhimanyu Cricket Academy, Dehradun",1,18.5,Karnataka,Delhi,A Manohar,MS Bhandage,I Sharma,0,0,,,,,,,,,
1383503,2023/24,2023-10-21,"Abhimanyu Cricket Academy, Dehradun",1,18.6,Karnataka,Delhi,A Manohar,MS Bhandage,I Sharma,2,0,,,,,,,,,
1383503,2023/24,2023-10-21,"Abhimanyu Cricket Academy, Dehradun",1,19.1,Karnataka,Delhi,MS Bhandage,A Manohar,Harshit Rana,0,1,1,,,,,,,,
1383503,2023/24,2023-10-21,"Abhimanyu Cricket Academy, Dehradun",1,19.2,Karnataka,Delhi,MS Bhandage,A Manohar,Harshit Rana,1,0,,,,,,,,,
1383503,2023/24,2023-10-21,"Abhimanyu Cricket Academy, Dehradun",1,19.3,Karnataka,Delhi,A Manohar,MS Bhandage,Harshit Rana,1,0,,,,,,,,,
1383503,2023/24,2023-10-21,"Abhimanyu Cricket Academy, Dehradun",1,19.4,Karnataka,Delhi,MS Bhandage,A Manohar,Harshit Rana,1,0,,,,,,,,,
1383503,2023/24,2023-10-21,"Abhimanyu Cricket Academy, Dehradun",1,19.5,Karnataka,Delhi,A Manohar,MS Bhandage,Harshit Rana,2,0,,,,,,,,,
1383503,2023/24,2023-10-21,"Abhimanyu Cricket Academy, Dehradun",1,19.6,Karnataka,Delhi,A Manohar,MS Bhandage,Harshit Rana,1,0,,,,,,,,,
1383503,2023/24,2023-10-21,"Abhimanyu Cricket Academy, Dehradun",1,19.7,Karnataka,Delhi,MS Bhandage,A Manohar,Harshit Rana,6,0,,,,,,,,,
1383503,2023/24,2023-10-21,"Abhimanyu Cricket Academy, Dehradun",2,0.1,Delhi,Karnataka,Priyansh Arya,Anuj Rawat,M Prasidh Krishna,0,0,,,,,,,,,
1383503,2023/24,2023-10-21,"Abhimanyu Cricket Academy, Dehradun",2,0.2,Delhi,Karnataka,Priyansh Arya,Anuj Rawat,M Prasidh Krishna,4,0,,,,,,,,,
1383503,2023/24,2023-10-21,"Abhimanyu Cricket Academy, Dehradun",2,0.3,Delhi,Karnataka,Priyansh Arya,Anuj Rawat,M Prasidh Krishna,0,0,,,,,,,,,
1383503,2023/24,2023-10-21,"Abhimanyu Cricket Academy, Dehradun",2,0.4,Delhi,Karnataka,Priyansh Arya,Anuj Rawat,M Prasidh Krishna,6,0,,,,,,,,,
1383503,2023/24,2023-10-21,"Abhimanyu Cricket Academy, Dehradun",2,0.5,Delhi,Karnataka,Priyansh Arya,Anuj Rawat,M Prasidh Krishna,6,0,,,,,,,,,
1383503,2023/24,2023-10-21,"Abhimanyu Cricket Academy, Dehradun",2,0.6,Delhi,Karnataka,Priyansh Arya,Anuj Rawat,M Prasidh Krishna,0,0,,,,,,,,,
1383503,2023/24,2023-10-21,"Abhimanyu Cricket Academy, Dehradun",2,1.1,Delhi,Karnataka,Anuj Rawat,Priyansh Arya,V Kaverappa,0,0,,,,,,,,,
1383503,2023/24,2023-10-21,"Abhimanyu Cricket Academy, Dehradun",2,1.2,Delhi,Karnataka,Anuj Rawat,Priyansh Arya,V Kaverappa,4,0,,,,,,,,,
1383503,2023/24,2023-10-21,"Abhimanyu Cricket Academy, Dehradun",2,1.3,Delhi,Karnataka,Anuj Rawat,Priyansh Arya,V Kaverappa,0,1,1,,,,,,,,
1383503,2023/24,2023-10-21,"Abhimanyu Cricket Academy, Dehradun",2,1.4,Delhi,Karnataka,Anuj Rawat,Priyansh Arya,V Kaverappa,4,0,,,,,,,,,
1383503,2023/24,2023-10-21,"Abhimanyu Cricket Academy, Dehradun",2,1.5,Delhi,Karnataka,Anuj Rawat,Priyansh Arya,V Kaverappa,1,0,,,,,,,,,
1383503,2023/24,2023-10-21,"Abhimanyu Cricket Academy, Dehradun",2,1.6,Delhi,Karnataka,Priyansh Arya,Anuj Rawat,V Kaverappa,1,0,,,,,,,,,
1383503,2023/24,2023-10-21,"Abhimanyu Cricket Academy, Dehradun",2,1.7,Delhi,Karnataka,Anuj Rawat,Priyansh Arya,V Kaverappa,1,0,,,,,,,,,
1383503,2023/24,2023-10-21,"Abhimanyu Cricket Academy, Dehradun",2,2.1,Delhi,Karnataka,Anuj Rawat,Priyansh Arya,K Gowtham,1,0,,,,,,,,,
1383503,2023/24,2023-10-21,"Abhimanyu Cricket Academy, Dehradun",2,2.2,Delhi,Karnataka,Priyansh Arya,Anuj Rawat,K Gowtham,0,0,,,,,,,,,
1383503,2023/24,2023-10-21,"Abhimanyu Cricket Academy, Dehradun",2,2.3,Delhi,Karnataka,Priyansh Arya,Anuj Rawat,K Gowtham,1,0,,,,,,,,,
1383503,2023/24,2023-10-21,"Abhimanyu Cricket Academy, Dehradun",2,2.4,Delhi,Karnataka,Anuj Rawat,Priyansh Arya,K Gowtham,1,0,,,,,,,,,
1383503,2023/24,2023-10-21,"Abhimanyu Cricket Academy, Dehradun",2,2.5,Delhi,Karnataka,Priyansh Arya,Anuj Rawat,K Gowtham,0,0,,,,,,,,,
1383503,2023/24,2023-10-21,"Abhimanyu Cricket Academy, Dehradun",2,2.6,Delhi,Karnataka,Priyansh Arya,Anuj Rawat,K Gowtham,1,0,,,,,,,,,
1383503,2023/24,2023-10-21,"Abhimanyu Cricket Academy, Dehradun",2,3.1,Delhi,Karnataka,Priyansh Arya,Anuj Rawat,Vijaykumar Vyshak,0,1,1,,,,,,,,
1383503,2023/24,2023-10-21,"Abhimanyu Cricket Academy, Dehradun",2,3.2,Delhi,Karnataka,Priyansh Arya,Anuj Rawat,Vijaykumar Vyshak,4,0,,,,,,,,,
1383503,2023/24,2023-10-21,"Abhimanyu Cricket Academy, Dehradun",2,3.3,Delhi,Karnataka,Priyansh Arya,Anuj Rawat,Vijaykumar Vyshak,4,0,,,,,,,,,
1383503,2023/24,2023-10-21,"Abhimanyu Cricket Academy, Dehradun",2,3.4,Delhi,Karnataka,Priyansh Arya,Anuj Rawat,Vijaykumar Vyshak,4,0,,,,,,,,,
1383503,2023/24,2023-10-21,"Abhimanyu Cricket Academy, Dehradun",2,3.5,Delhi,Karnataka,Priyansh Arya,Anuj Rawat,Vijaykumar Vyshak,4,0,,,,,,,,,
1383503,2023/24,2023-10-21,"Abhimanyu Cricket Academy, Dehradun",2,3.6,Delhi,Karnataka,Priyansh Arya,Anuj Rawat,Vijaykumar Vyshak,1,0,,,,,,,,,
1383503,2023/24,2023-10-21,"Abhimanyu Cricket Academy, Dehradun",2,3.7,Delhi,Karnataka,Anuj Rawat,Priyansh Arya,Vijaykumar Vyshak,0,0,,,,,,,,,
1383503,2023/24,2023-10-21,"Abhimanyu Cricket Academy, Dehradun",2,4.1,Delhi,Karnataka,Priyansh Arya,Anuj Rawat,K Gowtham,1,0,,,,,,,,,
1383503,2023/24,2023-10-21,"Abhimanyu Cricket Academy, Dehradun",2,4.2,Delhi,Karnataka,Anuj Rawat,Priyansh Arya,K Gowtham,1,0,,,,,,,,,
1383503,2023/24,2023-10-21,"Abhimanyu Cricket Academy, Dehradun",2,4.3,Delhi,Karnataka,Priyansh Arya,Anuj Rawat,K Gowtham,6,0,,,,,,,,,
1383503,2023/24,2023-10-21,"Abhimanyu Cricket Academy, Dehradun",2,4.4,Delhi,Karnataka,Priyansh Arya,Anuj Rawat,K Gowtham,0,0,,,,,,,,,
1383503,2023/24,2023-10-21,"Abhimanyu Cricket Academy, Dehradun",2,4.5,Delhi,Karnataka,Priyansh Arya,Anuj Rawat,K Gowtham,0,0,,,,,,,,,
1383503,2023/24,2023-10-21,"Abhimanyu Cricket Academy, Dehradun",2,4.6,Delhi,Karnataka,Priyansh Arya,Anuj Rawat,K Gowtham,0,0,,,,,,,,,
1383503,2023/24,2023-10-21,"Abhimanyu Cricket Academy, Dehradun",2,5.1,Delhi,Karnataka,Anuj Rawat,Priyansh Arya,S Hegde,0,0,,,,,,,,,
1383503,2023/24,2023-10-21,"Abhimanyu Cricket Academy, Dehradun",2,5.2,Delhi,Karnataka,Anuj Rawat,Priyansh Arya,S Hegde,0,4,,,,4,,,,,
1383503,2023/24,2023-10-21,"Abhimanyu Cricket Academy, Dehradun",2,5.3,Delhi,Karnataka,Anuj Rawat,Priyansh Arya,S Hegde,0,0,,,,,,,,,
1383503,2023/24,2023-10-21,"Abhimanyu Cricket Academy, Dehradun",2,5.4,Delhi,Karnataka,Anuj Rawat,Priyansh Arya,S Hegde,1,0,,,,,,,,,
1383503,2023/24,2023-10-21,"Abhimanyu Cricket Academy, Dehradun",2,5.5,Delhi,Karnataka,Priyansh Arya,Anuj Rawat,S Hegde,4,0,,,,,,,,,
1383503,2023/24,2023-10-21,"Abhimanyu Cricket Academy, Dehradun",2,5.6,Delhi,Karnataka,Priyansh Arya,Anuj Rawat,S Hegde,4,0,,,,,,,,,
1383503,2023/24,2023-10-21,"Abhimanyu Cricket Academy, Dehradun",2,6.1,Delhi,Karnataka,Anuj Rawat,Priyansh Arya,K Gowtham,0,0,,,,,,,,,
1383503,2023/24,2023-10-21,"Abhimanyu Cricket Academy, Dehradun",2,6.2,Delhi,Karnataka,Anuj Rawat,Priyansh Arya,K Gowtham,1,0,,,,,,,,,
1383503,2023/24,2023-10-21,"Abhimanyu Cricket Academy, Dehradun",2,6.3,Delhi,Karnataka,Priyansh Arya,Anuj Rawat,K Gowtham,0,0,,,,,,caught,Priyansh Arya,,
1383503,2023/24,2023-10-21,"Abhimanyu Cricket Academy, Dehradun",2,6.4,Delhi,Karnataka,YV Dhull,Anuj Rawat,K Gowtham,0,0,,,,,,,,,
1383503,2023/24,2023-10-21,"Abhimanyu Cricket Academy, Dehradun",2,6.5,Delhi,Karnataka,YV Dhull,Anuj Rawat,K Gowtham,0,0,,,,,,,,,
1383503,2023/24,2023-10-21,"Abhimanyu Cricket Academy, Dehradun",2,6.6,Delhi,Karnataka,YV Dhull,Anuj Rawat,K Gowtham,4,0,,,,,,,,,
1383503,2023/24,2023-10-21,"Abhimanyu Cricket Academy, Dehradun",2,7.1,Delhi,Karnataka,Anuj Rawat,YV Dhull,S Hegde,1,0,,,,,,,,,
1383503,2023/24,2023-10-21,"Abhimanyu Cricket Academy, Dehradun",2,7.2,Delhi,Karnataka,YV Dhull,Anuj Rawat,S Hegde,0,0,,,,,,,,,
1383503,2023/24,2023-10-21,"Abhimanyu Cricket Academy, Dehradun",2,7.3,Delhi,Karnataka,YV Dhull,Anuj Rawat,S Hegde,0,0,,,,,,,,,
1383503,2023/24,2023-10-21,"Abhimanyu Cricket Academy, Dehradun",2,7.4,Delhi,Karnataka,YV Dhull,Anuj Rawat,S Hegde,0,0,,,,,,,,,
1383503,2023/24,2023-10-21,"Abhimanyu Cricket Academy, Dehradun",2,7.5,Delhi,Karnataka,YV Dhull,Anuj Rawat,S Hegde,1,0,,,,,,,,,
1383503,2023/24,2023-10-21,"Abhimanyu Cricket Academy, Dehradun",2,7.6,Delhi,Karnataka,Anuj Rawat,YV Dhull,S Hegde,0,1,,,,1,,,,,
1383503,2023/24,2023-10-21,"Abhimanyu Cricket Academy, Dehradun",2,8.1,Delhi,Karnataka,Anuj Rawat,YV Dhull,M Prasidh Krishna,1,0,,,,,,,,,
1383503,2023/24,2023-10-21,"Abhimanyu Cricket Academy, Dehradun",2,8.2,Delhi,Karnataka,YV Dhull,Anuj Rawat,M Prasidh Krishna,0,0,,,,,,,,,
1383503,2023/24,2023-10-21,"Abhimanyu Cricket Academy, Dehradun",2,8.3,Delhi,Karnataka,YV Dhull,Anuj Rawat,M Prasidh Krishna,1,0,,,,,,,,,
1383503,2023/24,2023-10-21,"Abhimanyu Cricket Academy, Dehradun",2,8.4,Delhi,Karnataka,Anuj Rawat,YV Dhull,M Prasidh Krishna,2,0,,,,,,,,,
1383503,2023/24,2023-10-21,"Abhimanyu Cricket Academy, Dehradun",2,8.5,Delhi,Karnataka,Anuj Rawat,YV Dhull,M Prasidh Krishna,0,0,,,,,,,,,
1383503,2023/24,2023-10-21,"Abhimanyu Cricket Academy, Dehradun",2,8.6,Delhi,Karnataka,Anuj Rawat,YV Dhull,M Prasidh Krishna,0,0,,,,,,,,,
1383503,2023/24,2023-10-21,"Abhimanyu Cricket Academy, Dehradun",2,9.1,Delhi,Karnataka,YV Dhull,Anuj Rawat,K Gowtham,0,0,,,,,,,,,
1383503,2023/24,2023-10-21,"Abhimanyu Cricket Academy, Dehradun",2,9.2,Delhi,Karnataka,YV Dhull,Anuj Rawat,K Gowtham,2,0,,,,,,,,,
1383503,2023/24,2023-10-21,"Abhimanyu Cricket Academy, Dehradun",2,9.3,Delhi,Karnataka,YV Dhull,Anuj Rawat,K Gowtham,1,0,,,,,,,,,
1383503,2023/24,2023-10-21,"Abhimanyu Cricket Academy, Dehradun",2,9.4,Delhi,Karnataka,Anuj Rawat,YV Dhull,K Gowtham,4,0,,,,,,,,,
1383503,2023/24,2023-10-21,"Abhimanyu Cricket Academy, Dehradun",2,9.5,Delhi,Karnataka,Anuj Rawat,YV Dhull,K Gowtham,1,0,,,,,,,,,
1383503,2023/24,2023-10-21,"Abhimanyu Cricket Academy, Dehradun",2,9.6,Delhi,Karnataka,YV Dhull,Anuj Rawat,K Gowtham,1,0,,,,,,,,,
1383503,2023/24,2023-10-21,"Abhimanyu Cricket Academy, Dehradun",2,10.1,Delhi,Karnataka,YV Dhull,Anuj Rawat,S Hegde,1,0,,,,,,,,,
1383503,2023/24,2023-10-21,"Abhimanyu Cricket Academy, Dehradun",2,10.2,Delhi,Karnataka,Anuj Rawat,YV Dhull,S Hegde,1,0,,,,,,,,,
1383503,2023/24,2023-10-21,"Abhimanyu Cricket Academy, Dehradun",2,10.3,Delhi,Karnataka,YV Dhull,Anuj Rawat,S Hegde,1,0,,,,,,,,,
1383503,2023/24,2023-10-21,"Abhimanyu Cricket Academy, Dehradun",2,10.4,Delhi,Karnataka,Anuj Rawat,YV Dhull,S Hegde,4,0,,,,,,,,,
1383503,2023/24,2023-10-21,"Abhimanyu Cricket Academy, Dehradun",2,10.5,Delhi,Karnataka,Anuj Rawat,YV Dhull,S Hegde,2,0,,,,,,,,,
1383503,2023/24,2023-10-21,"Abhimanyu Cricket Academy, Dehradun",2,10.6,Delhi,Karnataka,Anuj Rawat,YV Dhull,S Hegde,1,0,,,,,,,,,
1383503,2023/24,2023-10-21,"Abhimanyu Cricket Academy, Dehradun",2,11.1,Delhi,Karnataka,Anuj Rawat,YV Dhull,M Prasidh Krishna,1,0,,,,,,,,,
1383503,2023/24,2023-10-21,"Abhimanyu Cricket Academy, Dehradun",2,11.2,Delhi,Karnataka,YV Dhull,Anuj Rawat,M Prasidh Krishna,1,0,,,,,,,,,
1383503,2023/24,2023-10-21,"Abhimanyu Cricket Academy, Dehradun",2,11.3,Delhi,Karnataka,Anuj Rawat,YV Dhull,M Prasidh Krishna,1,0,,,,,,,,,
1383503,2023/24,2023-10-21,"Abhimanyu Cricket Academy, Dehradun",2,11.4,Delhi,Karnataka,YV Dhull,Anuj Rawat,M Prasidh Krishna,0,0,,,,,,,,,
1383503,2023/24,2023-10-21,"Abhimanyu Cricket Academy, Dehradun",2,11.5,Delhi,Karnataka,YV Dhull,Anuj Rawat,M Prasidh Krishna,0,0,,,,,,,,,
1383503,2023/24,2023-10-21,"Abhimanyu Cricket Academy, Dehradun",2,11.6,Delhi,Karnataka,YV Dhull,Anuj Rawat,M Prasidh Krishna,1,0,,,,,,,,,
1383503,2023/24,2023-10-21,"Abhimanyu Cricket Academy, Dehradun",2,12.1,Delhi,Karnataka,YV Dhull,Anuj Rawat,MS Bhandage,1,0,,,,,,,,,
1383503,2023/24,2023-10-21,"Abhimanyu Cricket Academy, Dehradun",2,12.2,Delhi,Karnataka,Anuj Rawat,YV Dhull,MS Bhandage,0,0,,,,,,,,,
1383503,2023/24,2023-10-21,"Abhimanyu Cricket Academy, Dehradun",2,12.3,Delhi,Karnataka,Anuj Rawat,YV Dhull,MS Bhandage,4,0,,,,,,,,,
1383503,2023/24,2023-10-21,"Abhimanyu Cricket Academy, Dehradun",2,12.4,Delhi,Karnataka,Anuj Rawat,YV Dhull,MS Bhandage,0,0,,,,,,caught,Anuj Rawat,,
1383503,2023/24,2023-10-21,"Abhimanyu Cricket Academy, Dehradun",2,12.5,Delhi,Karnataka,A Badoni,YV Dhull,MS Bhandage,0,0,,,,,,,,,
1383503,2023/24,2023-10-21,"Abhimanyu Cricket Academy, Dehradun",2,12.6,Delhi,Karnataka,A Badoni,YV Dhull,MS Bhandage,4,0,,,,,,,,,
1383503,2023/24,2023-10-21,"Abhimanyu Cricket Academy, Dehradun",2,13.1,Delhi,Karnataka,YV Dhull,A Badoni,Vijaykumar Vyshak,1,0,,,,,,,,,
1383503,2023/24,2023-10-21,"Abhimanyu Cricket Academy, Dehradun",2,13.2,Delhi,Karnataka,A Badoni,YV Dhull,Vijaykumar Vyshak,1,0,,,,,,,,,
1383503,2023/24,2023-10-21,"Abhimanyu Cricket Academy, Dehradun",2,13.3,Delhi,Karnataka,YV Dhull,A Badoni,Vijaykumar Vyshak,0,1,,,,1,,,,,
1383503,2023/24,2023-10-21,"Abhimanyu Cricket Academy, Dehradun",2,13.4,Delhi,Karnataka,A Badoni,YV Dhull,Vijaykumar Vyshak,0,0,,,,,,,,,
1383503,2023/24,2023-10-21,"Abhimanyu Cricket Academy, Dehradun",2,13.5,Delhi,Karnataka,A Badoni,YV Dhull,Vijaykumar Vyshak,0,0,,,,,,,,,
1383503,2023/24,2023-10-21,"Abhimanyu Cricket Academy, Dehradun",2,13.6,Delhi,Karnataka,A Badoni,YV Dhull,Vijaykumar Vyshak,0,0,,,,,,,,,
1383503,2023/24,2023-10-21,"Abhimanyu Cricket Academy, Dehradun",2,14.1,Delhi,Karnataka,YV Dhull,A Badoni,S Hegde,0,0,,,,,,,,,
1383503,2023/24,2023-10-21,"Abhimanyu Cricket Academy, Dehradun",2,14.2,Delhi,Karnataka,YV Dhull,A Badoni,S Hegde,0,0,,,,,,,,,
1383503,2023/24,2023-10-21,"Abhimanyu Cricket Academy, Dehradun",2,14.3,Delhi,Karnataka,YV Dhull,A Badoni,S Hegde,1,0,,,,,,,,,
1383503,2023/24,2023-10-21,"Abhimanyu Cricket Academy, Dehradun",2,14.4,Delhi,Karnataka,A Badoni,YV Dhull,S Hegde,4,0,,,,,,,,,
1383503,2023/24,2023-10-21,"Abhimanyu Cricket Academy, Dehradun",2,14.5,Delhi,Karnataka,A Badoni,YV Dhull,S Hegde,1,0,,,,,,,,,
1383503,2023/24,2023-10-21,"Abhimanyu Cricket Academy, Dehradun",2,14.6,Delhi,Karnataka,YV Dhull,A Badoni,S Hegde,4,0,,,,,,,,,
1383503,2023/24,2023-10-21,"Abhimanyu Cricket Academy, Dehradun",2,15.1,Delhi,Karnataka,A Badoni,YV Dhull,Vijaykumar Vyshak,1,0,,,,,,,,,
1383503,2023/24,2023-10-21,"Abhimanyu Cricket Academy, Dehradun",2,15.2,Delhi,Karnataka,YV Dhull,A Badoni,Vijaykumar Vyshak,1,0,,,,,,,,,
1383503,2023/24,2023-10-21,"Abhimanyu Cricket Academy, Dehradun",2,15.3,Delhi,Karnataka,A Badoni,YV Dhull,Vijaykumar Vyshak,1,0,,,,,,,,,
1383503,2023/24,2023-10-21,"Abhimanyu Cricket Academy, Dehradun",2,15.4,Delhi,Karnataka,YV Dhull,A Badoni,Vijaykumar Vyshak,0,0,,,,,,,,,
1383503,2023/24,2023-10-21,"Abhimanyu Cricket Academy, Dehradun",2,15.5,Delhi,Karnataka,YV Dhull,A Badoni,Vijaykumar Vyshak,1,0,,,,,,,,,
1383503,2023/24,2023-10-21,"Abhimanyu Cricket Academy, Dehradun",2,15.6,Delhi,Karnataka,A Badoni,YV Dhull,Vijaykumar Vyshak,0,0,,,,,,,,,
1383503,2023/24,2023-10-21,"Abhimanyu Cricket Academy, Dehradun",2,16.1,Delhi,Karnataka,YV Dhull,A Badoni,V Kaverappa,1,0,,,,,,,,,
1383503,2023/24,2023-10-21,"Abhimanyu Cricket Academy, Dehradun",2,16.2,Delhi,Karnataka,A Badoni,YV Dhull,V Kaverappa,1,0,,,,,,,,,
1383503,2023/24,2023-10-21,"Abhimanyu Cricket Academy, Dehradun",2,16.3,Delhi,Karnataka,YV Dhull,A Badoni,V Kaverappa,1,0,,,,,,,,,
1383503,2023/24,2023-10-21,"Abhimanyu Cricket Academy, Dehradun",2,16.4,Delhi,Karnataka,A Badoni,YV Dhull,V Kaverappa,1,0,,,,,,,,,
1383503,2023/24,2023-10-21,"Abhimanyu Cricket Academy, Dehradun",2,16.5,Delhi,Karnataka,YV Dhull,A Badoni,V Kaverappa,1,0,,,,,,,,,
