match_id,season,start_date,venue,innings,ball,batting_team,bowling_team,striker,non_striker,bowler,runs_off_bat,extras,wides,noballs,byes,legbyes,penalty,wicket_type,player_dismissed,other_wicket_type,other_player_dismissed
1383478,2023/24,2023-10-19,"JSCA International Stadium Complex, Ranchi",1,0.1,Punjab,Railways,P Simran Singh,Abhishek Sharma,Yuvraj Singh,0,0,,,,,,,,,
1383478,2023/24,2023-10-19,"JSCA International Stadium Complex, Ranchi",1,0.2,Punjab,Railways,P Simran Singh,Abhishek Sharma,Yuvraj Singh,0,0,,,,,,,,,
1383478,2023/24,2023-10-19,"JSCA International Stadium Complex, Ranchi",1,0.3,Punjab,Railways,P Simran Singh,Abhishek Sharma,Yuvraj Singh,1,0,,,,,,,,,
1383478,2023/24,2023-10-19,"JSCA International Stadium Complex, Ranchi",1,0.4,Punjab,Railways,Abhishek Sharma,P Simran Singh,Yuvraj Singh,0,0,,,,,,,,,
1383478,2023/24,2023-10-19,"JSCA International Stadium Complex, Ranchi",1,0.5,Punjab,Railways,Abhishek Sharma,P Simran Singh,Yuvraj Singh,0,0,,,,,,,,,
1383478,2023/24,2023-10-19,"JSCA International Stadium Complex, Ranchi",1,0.6,Punjab,Railways,Abhishek Sharma,P Simran Singh,Yuvraj Singh,0,0,,,,,,,,,
1383478,2023/24,2023-10-19,"JSCA International Stadium Complex, Ranchi",1,1.1,Punjab,Railways,P Simran Singh,Abhishek Sharma,Susheel Kumar,0,1,1,,,,,,,,
1383478,2023/24,2023-10-19,"JSCA International Stadium Complex, Ranchi",1,1.2,Punjab,Railways,P Simran Singh,Abhishek Sharma,Susheel Kumar,4,0,,,,,,,,,
1383478,2023/24,2023-10-19,"JSCA International Stadium Complex, Ranchi",1,1.3,Punjab,Railways,P Simran Singh,Abhishek Sharma,Susheel Kumar,0,0,,,,,,,,,
1383478,2023/24,2023-10-19,"JSCA International Stadium Complex, Ranchi",1,1.4,Punjab,Railways,P Simran Singh,Abhishek Sharma,Susheel Kumar,0,0,,,,,,,,,
1383478,2023/24,2023-10-19,"JSCA International Stadium Complex, Ranchi",1,1.5,Punjab,Railways,P Simran Singh,Abhishek Sharma,Susheel Kumar,0,0,,,,,,,,,
1383478,2023/24,2023-10-19,"JSCA International Stadium Complex, Ranchi",1,1.6,Punjab,Railways,P Simran Singh,Abhishek Sharma,Susheel Kumar,0,0,,,,,,,,,
1383478,2023/24,2023-10-19,"JSCA International Stadium Complex, Ranchi",1,1.7,Punjab,Railways,P Simran Singh,Abhishek Sharma,Susheel Kumar,3,0,,,,,,,,,
1383478,2023/24,2023-10-19,"JSCA International Stadium Complex, Ranchi",1,2.1,Punjab,Railways,P Simran Singh,Abhishek Sharma,Yuvraj Singh,4,0,,,,,,,,,
1383478,2023/24,2023-10-19,"JSCA International Stadium Complex, Ranchi",1,2.2,Punjab,Railways,P Simran Singh,Abhishek Sharma,Yuvraj Singh,1,0,,,,,,,,,
1383478,2023/24,2023-10-19,"JSCA International Stadium Complex, Ranchi",1,2.3,Punjab,Railways,Abhishek Sharma,P Simran Singh,Yuvraj Singh,1,0,,,,,,,,,
1383478,2023/24,2023-10-19,"JSCA International Stadium Complex, Ranchi",1,2.4,Punjab,Railways,P Simran Singh,Abhishek Sharma,Yuvraj Singh,1,0,,,,,,,,,
1383478,2023/24,2023-10-19,"JSCA International Stadium Complex, Ranchi",1,2.5,Punjab,Railways,Abhishek Sharma,P Simran Singh,Yuvraj Singh,0,0,,,,,,,,,
1383478,2023/24,2023-10-19,"JSCA International Stadium Complex, Ranchi",1,2.6,Punjab,Railways,Abhishek Sharma,P Simran Singh,Yuvraj Singh,6,0,,,,,,,,,
1383478,2023/24,2023-10-19,"JSCA International Stadium Complex, Ranchi",1,3.1,Punjab,Railways,P Simran Singh,Abhishek Sharma,Akash Pandey,1,0,,,,,,,,,
1383478,2023/24,2023-10-19,"JSCA International Stadium Complex, Ranchi",1,3.2,Punjab,Railways,Abhishek Sharma,P Simran Singh,Akash Pandey,0,0,,,,,,,,,
1383478,2023/24,2023-10-19,"JSCA International Stadium Complex, Ranchi",1,3.3,Punjab,Railways,Abhishek Sharma,P Simran Singh,Akash Pandey,6,0,,,,,,,,,
1383478,2023/24,2023-10-19,"JSCA International Stadium Complex, Ranchi",1,3.4,Punjab,Railways,Abhishek Sharma,P Simran Singh,Akash Pandey,2,0,,,,,,,,,
1383478,2023/24,2023-10-19,"JSCA International Stadium Complex, Ranchi",1,3.5,Punjab,Railways,Abhishek Sharma,P Simran Singh,Akash Pandey,0,0,,,,,,,,,
1383478,2023/24,2023-10-19,"JSCA International Stadium Complex, Ranchi",1,3.6,Punjab,Railways,Abhishek Sharma,P Simran Singh,Akash Pandey,6,0,,,,,,,,,
1383478,2023/24,2023-10-19,"JSCA International Stadium Complex, Ranchi",1,4.1,Punjab,Railways,P Simran Singh,Abhishek Sharma,AR Pandey,2,0,,,,,,,,,
1383478,2023/24,2023-10-19,"JSCA International Stadium Complex, Ranchi",1,4.2,Punjab,Railways,P Simran Singh,Abhishek Sharma,AR Pandey,0,0,,,,,,,,,
1383478,2023/24,2023-10-19,"JSCA International Stadium Complex, Ranchi",1,4.3,Punjab,Railways,P Simran Singh,Abhishek Sharma,AR Pandey,4,0,,,,,,,,,
1383478,2023/24,2023-10-19,"JSCA International Stadium Complex, Ranchi",1,4.4,Punjab,Railways,P Simran Singh,Abhishek Sharma,AR Pandey,0,0,,,,,,,,,
1383478,2023/24,2023-10-19,"JSCA International Stadium Complex, Ranchi",1,4.5,Punjab,Railways,P Simran Singh,Abhishek Sharma,AR Pandey,1,0,,,,,,,,,
1383478,2023/24,2023-10-19,"JSCA International Stadium Complex, Ranchi",1,4.6,Punjab,Railways,Abhishek Sharma,P Simran Singh,AR Pandey,0,0,,,,,,,,,
1383478,2023/24,2023-10-19,"JSCA International Stadium Complex, Ranchi",1,5.1,Punjab,Railways,P Simran Singh,Abhishek Sharma,Susheel Kumar,1,0,,,,,,,,,
1383478,2023/24,2023-10-19,"JSCA International Stadium Complex, Ranchi",1,5.2,Punjab,Railways,Abhishek Sharma,P Simran Singh,Susheel Kumar,4,0,,,,,,,,,
1383478,2023/24,2023-10-19,"JSCA International Stadium Complex, Ranchi",1,5.3,Punjab,Railways,Abhishek Sharma,P Simran Singh,Susheel Kumar,4,0,,,,,,,,,
1383478,2023/24,2023-10-19,"JSCA International Stadium Complex, Ranchi",1,5.4,Punjab,Railways,Abhishek Sharma,P Simran Singh,Susheel Kumar,1,0,,,,,,,,,
1383478,2023/24,2023-10-19,"JSCA International Stadium Complex, Ranchi",1,5.5,Punjab,Railways,P Simran Singh,Abhishek Sharma,Susheel Kumar,4,0,,,,,,,,,
1383478,2023/24,2023-10-19,"JSCA International Stadium Complex, Ranchi",1,5.6,Punjab,Railways,P Simran Singh,Abhishek Sharma,Susheel Kumar,3,0,,,,,,,,,
1383478,2023/24,2023-10-19,"JSCA International Stadium Complex, Ranchi",1,6.1,Punjab,Railways,P Simran Singh,Abhishek Sharma,AR Pandey,4,0,,,,,,,,,
1383478,2023/24,2023-10-19,"JSCA International Stadium Complex, Ranchi",1,6.2,Punjab,Railways,P Simran Singh,Abhishek Sharma,AR Pandey,0,0,,,,,,caught,P Simran Singh,,
1383478,2023/24,2023-10-19,"JSCA International Stadium Complex, Ranchi",1,6.3,Punjab,Railways,Naman Dhir,Abhishek Sharma,AR Pandey,1,0,,,,,,,,,
1383478,2023/24,2023-10-19,"JSCA International Stadium Complex, Ranchi",1,6.4,Punjab,Railways,Abhishek Sharma,Naman Dhir,AR Pandey,6,0,,,,,,,,,
1383478,2023/24,2023-10-19,"JSCA International Stadium Complex, Ranchi",1,6.5,Punjab,Railways,Abhishek Sharma,Naman Dhir,AR Pandey,2,0,,,,,,,,,
1383478,2023/24,2023-10-19,"JSCA International Stadium Complex, Ranchi",1,6.6,Punjab,Railways,Abhishek Sharma,Naman Dhir,AR Pandey,1,0,,,,,,,,,
1383478,2023/24,2023-10-19,"JSCA International Stadium Complex, Ranchi",1,7.1,Punjab,Railways,Abhishek Sharma,Naman Dhir,KV Sharma,6,0,,,,,,,,,
1383478,2023/24,2023-10-19,"JSCA International Stadium Complex, Ranchi",1,7.2,Punjab,Railways,Abhishek Sharma,Naman Dhir,KV Sharma,0,0,,,,,,,,,
1383478,2023/24,2023-10-19,"JSCA International Stadium Complex, Ranchi",1,7.3,Punjab,Railways,Abhishek Sharma,Naman Dhir,KV Sharma,1,0,,,,,,,,,
1383478,2023/24,2023-10-19,"JSCA International Stadium Complex, Ranchi",1,7.4,Punjab,Railways,Naman Dhir,Abhishek Sharma,KV Sharma,0,0,,,,,,,,,
1383478,2023/24,2023-10-19,"JSCA International Stadium Complex, Ranchi",1,7.5,Punjab,Railways,Naman Dhir,Abhishek Sharma,KV Sharma,0,0,,,,,,,,,
1383478,2023/24,2023-10-19,"JSCA International Stadium Complex, Ranchi",1,7.6,Punjab,Railways,Naman Dhir,Abhishek Sharma,KV Sharma,0,0,,,,,,,,,
1383478,2023/24,2023-10-19,"JSCA International Stadium Complex, Ranchi",1,8.1,Punjab,Railways,Abhishek Sharma,Naman Dhir,Shivam Chaudhary,0,0,,,,,,,,,
1383478,2023/24,2023-10-19,"JSCA International Stadium Complex, Ranchi",1,8.2,Punjab,Railways,Abhishek Sharma,Naman Dhir,Shivam Chaudhary,6,0,,,,,,,,,
1383478,2023/24,2023-10-19,"JSCA International Stadium Complex, Ranchi",1,8.3,Punjab,Railways,Abhishek Sharma,Naman Dhir,Shivam Chaudhary,4,0,,,,,,,,,
1383478,2023/24,2023-10-19,"JSCA International Stadium Complex, Ranchi",1,8.4,Punjab,Railways,Abhishek Sharma,Naman Dhir,Shivam Chaudhary,0,0,,,,,,,,,
1383478,2023/24,2023-10-19,"JSCA International Stadium Complex, Ranchi",1,8.5,Punjab,Railways,Abhishek Sharma,Naman Dhir,Shivam Chaudhary,1,0,,,,,,,,,
1383478,2023/24,2023-10-19,"JSCA International Stadium Complex, Ranchi",1,8.6,Punjab,Railways,Naman Dhir,Abhishek Sharma,Shivam Chaudhary,1,0,,,,,,,,,
1383478,2023/24,2023-10-19,"JSCA International Stadium Complex, Ranchi",1,9.1,Punjab,Railways,Naman Dhir,Abhishek Sharma,KV Sharma,0,0,,,,,,,,,
1383478,2023/24,2023-10-19,"JSCA International Stadium Complex, Ranchi",1,9.2,Punjab,Railways,Naman Dhir,Abhishek Sharma,KV Sharma,6,0,,,,,,,,,
1383478,2023/24,2023-10-19,"JSCA International Stadium Complex, Ranchi",1,9.3,Punjab,Railways,Naman Dhir,Abhishek Sharma,KV Sharma,1,0,,,,,,,,,
1383478,2023/24,2023-10-19,"JSCA International Stadium Complex, Ranchi",1,9.4,Punjab,Railways,Abhishek Sharma,Naman Dhir,KV Sharma,1,0,,,,,,,,,
1383478,2023/24,2023-10-19,"JSCA International Stadium Complex, Ranchi",1,9.5,Punjab,Railways,Naman Dhir,Abhishek Sharma,KV Sharma,0,0,,,,,,,,,
1383478,2023/24,2023-10-19,"JSCA International Stadium Complex, Ranchi",1,9.6,Punjab,Railways,Naman Dhir,Abhishek Sharma,KV Sharma,2,0,,,,,,,,,
1383478,2023/24,2023-10-19,"JSCA International Stadium Complex, Ranchi",1,10.1,Punjab,Railways,Abhishek Sharma,Naman Dhir,Shivam Chaudhary,1,0,,,,,,,,,
1383478,2023/24,2023-10-19,"JSCA International Stadium Complex, Ranchi",1,10.2,Punjab,Railways,Naman Dhir,Abhishek Sharma,Shivam Chaudhary,0,0,,,,,,,,,
1383478,2023/24,2023-10-19,"JSCA International Stadium Complex, Ranchi",1,10.3,Punjab,Railways,Naman Dhir,Abhishek Sharma,Shivam Chaudhary,1,0,,,,,,,,,
1383478,2023/24,2023-10-19,"JSCA International Stadium Complex, Ranchi",1,10.4,Punjab,Railways,Abhishek Sharma,Naman Dhir,Shivam Chaudhary,1,0,,,,,,,,,
1383478,2023/24,2023-10-19,"JSCA International Stadium Complex, Ranchi",1,10.5,Punjab,Railways,Naman Dhir,Abhishek Sharma,Shivam Chaudhary,0,0,,,,,,bowled,Naman Dhir,,
1383478,2023/24,2023-10-19,"JSCA International Stadium Complex, Ranchi",1,10.6,Punjab,Railways,Anmolpreet Singh,Abhishek Sharma,Shivam Chaudhary,0,0,,,,,,,,,
1383478,2023/24,2023-10-19,"JSCA International Stadium Complex, Ranchi",1,11.1,Punjab,Railways,Abhishek Sharma,Anmolpreet Singh,KV Sharma,0,1,1,,,,,,,,
1383478,2023/24,2023-10-19,"JSCA International Stadium Complex, Ranchi",1,11.2,Punjab,Railways,Abhishek Sharma,Anmolpreet Singh,KV Sharma,6,0,,,,,,,,,
1383478,2023/24,2023-10-19,"JSCA International Stadium Complex, Ranchi",1,11.3,Punjab,Railways,Abhishek Sharma,Anmolpreet Singh,KV Sharma,1,0,,,,,,,,,
1383478,2023/24,2023-10-19,"JSCA International Stadium Complex, Ranchi",1,11.4,Punjab,Railways,Anmolpreet Singh,Abhishek Sharma,KV Sharma,1,0,,,,,,,,,
1383478,2023/24,2023-10-19,"JSCA International Stadium Complex, Ranchi",1,11.5,Punjab,Railways,Abhishek Sharma,Anmolpreet Singh,KV Sharma,4,0,,,,,,,,,
1383478,2023/24,2023-10-19,"JSCA International Stadium Complex, Ranchi",1,11.6,Punjab,Railways,Abhishek Sharma,Anmolpreet Singh,KV Sharma,1,0,,,,,,,,,
1383478,2023/24,2023-10-19,"JSCA International Stadium Complex, Ranchi",1,11.7,Punjab,Railways,Anmolpreet Singh,Abhishek Sharma,KV Sharma,1,0,,,,,,,,,
1383478,2023/24,2023-10-19,"JSCA International Stadium Complex, Ranchi",1,12.1,Punjab,Railways,Anmolpreet Singh,Abhishek Sharma,Shivam Chaudhary,1,0,,,,,,,,,
1383478,2023/24,2023-10-19,"JSCA International Stadium Complex, Ranchi",1,12.2,Punjab,Railways,Abhishek Sharma,Anmolpreet Singh,Shivam Chaudhary,6,0,,,,,,,,,
1383478,2023/24,2023-10-19,"JSCA International Stadium Complex, Ranchi",1,12.3,Punjab,Railways,Abhishek Sharma,Anmolpreet Singh,Shivam Chaudhary,1,0,,,,,,,,,
1383478,2023/24,2023-10-19,"JSCA International Stadium Complex, Ranchi",1,12.4,Punjab,Railways,Anmolpreet Singh,Abhishek Sharma,Shivam Chaudhary,1,0,,,,,,,,,
1383478,2023/24,2023-10-19,"JSCA International Stadium Complex, Ranchi",1,12.5,Punjab,Railways,Abhishek Sharma,Anmolpreet Singh,Shivam Chaudhary,2,0,,,,,,,,,
1383478,2023/24,2023-10-19,"JSCA International Stadium Complex, Ranchi",1,12.6,Punjab,Railways,Abhishek Sharma,Anmolpreet Singh,Shivam Chaudhary,1,0,,,,,,,,,
1383478,2023/24,2023-10-19,"JSCA International Stadium Complex, Ranchi",1,13.1,Punjab,Railways,Abhishek Sharma,Anmolpreet Singh,Akash Pandey,0,0,,,,,,caught,Abhishek Sharma,,
1383478,2023/24,2023-10-19,"JSCA International Stadium Complex, Ranchi",1,13.2,Punjab,Railways,Mandeep Singh,Anmolpreet Singh,Akash Pandey,1,0,,,,,,,,,
1383478,2023/24,2023-10-19,"JSCA International Stadium Complex, Ranchi",1,13.3,Punjab,Railways,Anmolpreet Singh,Mandeep Singh,Akash Pandey,1,0,,,,,,,,,
1383478,2023/24,2023-10-19,"JSCA International Stadium Complex, Ranchi",1,13.4,Punjab,Railways,Mandeep Singh,Anmolpreet Singh,Akash Pandey,4,0,,,,,,,,,
1383478,2023/24,2023-10-19,"JSCA International Stadium Complex, Ranchi",1,13.5,Punjab,Railways,Mandeep Singh,Anmolpreet Singh,Akash Pandey,4,0,,,,,,,,,
1383478,2023/24,2023-10-19,"JSCA International Stadium Complex, Ranchi",1,13.6,Punjab,Railways,Mandeep Singh,Anmolpreet Singh,Akash Pandey,1,0,,,,,,,,,
1383478,2023/24,2023-10-19,"JSCA International Stadium Complex, Ranchi",1,14.1,Punjab,Railways,Mandeep Singh,Anmolpreet Singh,KV Sharma,1,0,,,,,,,,,
1383478,2023/24,2023-10-19,"JSCA International Stadium Complex, Ranchi",1,14.2,Punjab,Railways,Anmolpreet Singh,Mandeep Singh,KV Sharma,0,0,,,,,,,,,
1383478,2023/24,2023-10-19,"JSCA International Stadium Complex, Ranchi",1,14.3,Punjab,Railways,Anmolpreet Singh,Mandeep Singh,KV Sharma,4,0,,,,,,,,,
1383478,2023/24,2023-10-19,"JSCA International Stadium Complex, Ranchi",1,14.4,Punjab,Railways,Anmolpreet Singh,Mandeep Singh,KV Sharma,1,0,,,,,,,,,
1383478,2023/24,2023-10-19,"JSCA International Stadium Complex, Ranchi",1,14.5,Punjab,Railways,Mandeep Singh,Anmolpreet Singh,KV Sharma,1,0,,,,,,,,,
1383478,2023/24,2023-10-19,"JSCA International Stadium Complex, Ranchi",1,14.6,Punjab,Railways,Anmolpreet Singh,Mandeep Singh,KV Sharma,6,0,,,,,,,,,
1383478,2023/24,2023-10-19,"JSCA International Stadium Complex, Ranchi",1,15.1,Punjab,Railways,Mandeep Singh,Anmolpreet Singh,Akash Pandey,0,0,,,,,,bowled,Mandeep Singh,,
1383478,2023/24,2023-10-19,"JSCA International Stadium Complex, Ranchi",1,15.2,Punjab,Railways,Sanvir Singh,Anmolpreet Singh,Akash Pandey,0,0,,,,,,,,,
1383478,2023/24,2023-10-19,"JSCA International Stadium Complex, Ranchi",1,15.3,Punjab,Railways,Sanvir Singh,Anmolpreet Singh,Akash Pandey,1,0,,,,,,,,,
1383478,2023/24,2023-10-19,"JSCA International Stadium Complex, Ranchi",1,15.4,Punjab,Railways,Anmolpreet Singh,Sanvir Singh,Akash Pandey,1,0,,,,,,,,,
1383478,2023/24,2023-10-19,"JSCA International Stadium Complex, Ranchi",1,15.5,Punjab,Railways,Sanvir Singh,Anmolpreet Singh,Akash Pandey,1,0,,,,,,,,,
1383478,2023/24,2023-10-19,"JSCA International Stadium Complex, Ranchi",1,15.6,Punjab,Railways,Anmolpreet Singh,Sanvir Singh,Akash Pandey,1,0,,,,,,,,,
1383478,2023/24,2023-10-19,"JSCA International Stadium Complex, Ranchi",1,16.1,Punjab,Railways,Anmolpreet Singh,Sanvir Singh,Yuvraj Singh,2,0,,,,,,,,,
1383478,2023/24,2023-10-19,"JSCA International Stadium Complex, Ranchi",1,16.2,Punjab,Railways,Anmolpreet Singh,Sanvir Singh,Yuvraj Singh,0,0,,,,,,,,,
1383478,2023/24,2023-10-19,"JSCA International Stadium Complex, Ranchi",1,16.3,Punjab,Railways,Anmolpreet Singh,Sanvir Singh,Yuvraj Singh,6,0,,,,,,,,,
1383478,2023/24,2023-10-19,"JSCA International Stadium Complex, Ranchi",1,16.4,Punjab,Railways,Anmolpreet Singh,Sanvir Singh,Yuvraj Singh,1,0,,,,,,,,,
1383478,2023/24,2023-10-19,"JSCA International Stadium Complex, Ranchi",1,16.5,Punjab,Railways,Sanvir Singh,Anmolpreet Singh,Yuvraj Singh,1,0,,,,,,,,,
1383478,2023/24,2023-10-19,"JSCA International Stadium Complex, Ranchi",1,16.6,Punjab,Railways,Anmolpreet Singh,Sanvir Singh,Yuvraj Singh,1,0,,,,,,,,,
1383478,2023/24,2023-10-19,"JSCA International Stadium Complex, Ranchi",1,17.1,Punjab,Railways,Anmolpreet Singh,Sanvir Singh,Susheel Kumar,0,0,,,,,,caught,Anmolpreet Singh,,
1383478,2023/24,2023-10-19,"JSCA International Stadium Complex, Ranchi",1,17.2,Punjab,Railways,Ramandeep Singh,Sanvir Singh,Susheel Kumar,1,0,,,,,,,,,
1383478,2023/24,2023-10-19,"JSCA International Stadium Complex, Ranchi",1,17.3,Punjab,Railways,Sanvir Singh,Ramandeep Singh,Susheel Kumar,0,0,,,,,,,,,
1383478,2023/24,2023-10-19,"JSCA International Stadium Complex, Ranchi",1,17.4,Punjab,Railways,Sanvir Singh,Ramandeep Singh,Susheel Kumar,0,0,,,,,,,,,
1383478,2023/24,2023-10-19,"JSCA International Stadium Complex, Ranchi",1,17.5,Punjab,Railways,Sanvir Singh,Ramandeep Singh,Susheel Kumar,6,0,,,,,,,,,
1383478,2023/24,2023-10-19,"JSCA International Stadium Complex, Ranchi",1,17.6,Punjab,Railways,Sanvir Singh,Ramandeep Singh,Susheel Kumar,1,0,,,,,,,,,
1383478,2023/24,2023-10-19,"JSCA International Stadium Complex, Ranchi",1,18.1,Punjab,Railways,Sanvir Singh,Ramandeep Singh,Yuvraj Singh,4,0,,,,,,,,,
1383478,2023/24,2023-10-19,"JSCA International Stadium Complex, Ranchi",1,18.2,Punjab,Railways,Sanvir Singh,Ramandeep Singh,Yuvraj Singh,4,0,,,,,,,,,
1383478,2023/24,2023-10-19,"JSCA International Stadium Complex, Ranchi",1,18.3,Punjab,Railways,Sanvir Singh,Ramandeep Singh,Yuvraj Singh,0,0,,,,,,,,,
1383478,2023/24,2023-10-19,"JSCA International Stadium Complex, Ranchi",1,18.4,Punjab,Railways,Sanvir Singh,Ramandeep Singh,Yuvraj Singh,0,4,,,,4,,,,,
1383478,2023/24,2023-10-19,"JSCA International Stadium Complex, Ranchi",1,18.5,Punjab,Railways,Sanvir Singh,Ramandeep Singh,Yuvraj Singh,0,0,,,,,,,,,
1383478,2023/24,2023-10-19,"JSCA International Stadium Complex, Ranchi",1,18.6,Punjab,Railways,Sanvir Singh,Ramandeep Singh,Yuvraj Singh,4,0,,,,,,,,,
1383478,2023/24,2023-10-19,"JSCA International Stadium Complex, Ranchi",1,19.1,Punjab,Railways,Ramandeep Singh,Sanvir Singh,Susheel Kumar,0,0,,,,,,,,,
1383478,2023/24,2023-10-19,"JSCA International Stadium Complex, Ranchi",1,19.2,Punjab,Railways,Ramandeep Singh,Sanvir Singh,Susheel Kumar,6,0,,,,,,,,,
1383478,2023/24,2023-10-19,"JSCA International Stadium Complex, Ranchi",1,19.3,Punjab,Railways,Ramandeep Singh,Sanvir Singh,Susheel Kumar,2,0,,,,,,,,,
1383478,2023/24,2023-10-19,"JSCA International Stadium Complex, Ranchi",1,19.4,Punjab,Railways,Ramandeep Singh,Sanvir Singh,Susheel Kumar,6,0,,,,,,,,,
1383478,2023/24,2023-10-19,"JSCA International Stadium Complex, Ranchi",1,19.5,Punjab,Railways,Ramandeep Singh,Sanvir Singh,Susheel Kumar,6,0,,,,,,,,,
1383478,2023/24,2023-10-19,"JSCA International Stadium Complex, Ranchi",1,19.6,Punjab,Railways,Ramandeep Singh,Sanvir Singh,Susheel Kumar,1,0,,,,,,,,,
1383478,2023/24,2023-10-19,"JSCA International Stadium Complex, Ranchi",2,0.1,Railways,Punjab,Shivam Chaudhary,Pratham Singh,Arshdeep Singh,0,1,1,,,,,,,,
1383478,2023/24,2023-10-19,"JSCA International Stadium Complex, Ranchi",2,0.2,Railways,Punjab,Shivam Chaudhary,Pratham Singh,Arshdeep Singh,0,0,,,,,,,,,
1383478,2023/24,2023-10-19,"JSCA International Stadium Complex, Ranchi",2,0.3,Railways,Punjab,Shivam Chaudhary,Pratham Singh,Arshdeep Singh,1,0,,,,,,,,,
1383478,2023/24,2023-10-19,"JSCA International Stadium Complex, Ranchi",2,0.4,Railways,Punjab,Pratham Singh,Shivam Chaudhary,Arshdeep Singh,1,0,,,,,,,,,
1383478,2023/24,2023-10-19,"JSCA International Stadium Complex, Ranchi",2,0.5,Railways,Punjab,Shivam Chaudhary,Pratham Singh,Arshdeep Singh,0,0,,,,,,,,,
1383478,2023/24,2023-10-19,"JSCA International Stadium Complex, Ranchi",2,0.6,Railways,Punjab,Shivam Chaudhary,Pratham Singh,Arshdeep Singh,1,0,,,,,,,,,
1383478,2023/24,2023-10-19,"JSCA International Stadium Complex, Ranchi",2,0.7,Railways,Punjab,Pratham Singh,Shivam Chaudhary,Arshdeep Singh,0,0,,,,,,lbw,Pratham Singh,,
1383478,2023/24,2023-10-19,"JSCA International Stadium Complex, Ranchi",2,1.1,Railways,Punjab,Shivam Chaudhary,Vivek Singh,Abhishek Sharma,4,0,,,,,,,,,
1383478,2023/24,2023-10-19,"JSCA International Stadium Complex, Ranchi",2,1.2,Railways,Punjab,Shivam Chaudhary,Vivek Singh,Abhishek Sharma,1,0,,,,,,,,,
1383478,2023/24,2023-10-19,"JSCA International Stadium Complex, Ranchi",2,1.3,Railways,Punjab,Vivek Singh,Shivam Chaudhary,Abhishek Sharma,0,0,,,,,,,,,
1383478,2023/24,2023-10-19,"JSCA International Stadium Complex, Ranchi",2,1.4,Railways,Punjab,Vivek Singh,Shivam Chaudhary,Abhishek Sharma,0,0,,,,,,,,,
1383478,2023/24,2023-10-19,"JSCA International Stadium Complex, Ranchi",2,1.5,Railways,Punjab,Vivek Singh,Shivam Chaudhary,Abhishek Sharma,0,0,,,,,,,,,
1383478,2023/24,2023-10-19,"JSCA International Stadium Complex, Ranchi",2,1.6,Railways,Punjab,Vivek Singh,Shivam Chaudhary,Abhishek Sharma,1,0,,,,,,,,,
1383478,2023/24,2023-10-19,"JSCA International Stadium Complex, Ranchi",2,2.1,Railways,Punjab,Vivek Singh,Shivam Chaudhary,Arshdeep Singh,0,4,,,4,,,,,,
1383478,2023/24,2023-10-19,"JSCA International Stadium Complex, Ranchi",2,2.2,Railways,Punjab,Vivek Singh,Shivam Chaudhary,Arshdeep Singh,0,0,,,,,,,,,
1383478,2023/24,2023-10-19,"JSCA International Stadium Complex, Ranchi",2,2.3,Railways,Punjab,Vivek Singh,Shivam Chaudhary,Arshdeep Singh,1,0,,,,,,,,,
1383478,2023/24,2023-10-19,"JSCA International Stadium Complex, Ranchi",2,2.4,Railways,Punjab,Shivam Chaudhary,Vivek Singh,Arshdeep Singh,0,0,,,,,,,,,
1383478,2023/24,2023-10-19,"JSCA International Stadium Complex, Ranchi",2,2.5,Railways,Punjab,Shivam Chaudhary,Vivek Singh,Arshdeep Singh,4,0,,,,,,,,,
1383478,2023/24,2023-10-19,"JSCA International Stadium Complex, Ranchi",2,2.6,Railways,Punjab,Shivam Chaudhary,Vivek Singh,Arshdeep Singh,0,0,,,,,,,,,
1383478,2023/24,2023-10-19,"JSCA International Stadium Complex, Ranchi",2,3.1,Railways,Punjab,Vivek Singh,Shivam Chaudhary,S Kaul,4,0,,,,,,,,,
1383478,2023/24,2023-10-19,"JSCA International Stadium Complex, Ranchi",2,3.2,Railways,Punjab,Vivek Singh,Shivam Chaudhary,S Kaul,1,0,,,,,,,,,
1383478,2023/24,2023-10-19,"JSCA International Stadium Complex, Ranchi",2,3.3,Railways,Punjab,Shivam Chaudhary,Vivek Singh,S Kaul,0,0,,,,,,bowled,Shivam Chaudhary,,
1383478,2023/24,2023-10-19,"JSCA International Stadium Complex, Ranchi",2,3.4,Railways,Punjab,Upendra Yadav,Vivek Singh,S Kaul,1,0,,,,,,,,,
1383478,2023/24,2023-10-19,"JSCA International Stadium Complex, Ranchi",2,3.5,Railways,Punjab,Vivek Singh,Upendra Yadav,S Kaul,0,1,1,,,,,,,,
1383478,2023/24,2023-10-19,"JSCA International Stadium Complex, Ranchi",2,3.6,Railways,Punjab,Vivek Singh,Upendra Yadav,S Kaul,0,0,,,,,,,,,
1383478,2023/24,2023-10-19,"JSCA International Stadium Complex, Ranchi",2,3.7,Railways,Punjab,Vivek Singh,Upendra Yadav,S Kaul,1,0,,,,,,,,,
1383478,2023/24,2023-10-19,"JSCA International Stadium Complex, Ranchi",2,4.1,Railways,Punjab,Vivek Singh,Upendra Yadav,Abhishek Sharma,0,1,1,,,,,,,,
1383478,2023/24,2023-10-19,"JSCA International Stadium Complex, Ranchi",2,4.2,Railways,Punjab,Vivek Singh,Upendra Yadav,Abhishek Sharma,1,0,,,,,,,,,
1383478,2023/24,2023-10-19,"JSCA International Stadium Complex, Ranchi",2,4.3,Railways,Punjab,Upendra Yadav,Vivek Singh,Abhishek Sharma,0,0,,,,,,,,,
1383478,2023/24,2023-10-19,"JSCA International Stadium Complex, Ranchi",2,4.4,Railways,Punjab,Upendra Yadav,Vivek Singh,Abhishek Sharma,1,0,,,,,,,,,
1383478,2023/24,2023-10-19,"JSCA International Stadium Complex, Ranchi",2,4.5,Railways,Punjab,Vivek Singh,Upendra Yadav,Abhishek Sharma,0,0,,,,,,,,,
1383478,2023/24,2023-10-19,"JSCA International Stadium Complex, Ranchi",2,4.6,Railways,Punjab,Vivek Singh,Upendra Yadav,Abhishek Sharma,4,0,,,,,,,,,
1383478,2023/24,2023-10-19,"JSCA International Stadium Complex, Ranchi",2,4.7,Railways,Punjab,Vivek Singh,Upendra Yadav,Abhishek Sharma,6,0,,,,,,,,,
1383478,2023/24,2023-10-19,"JSCA International Stadium Complex, Ranchi",2,5.1,Railways,Punjab,Upendra Yadav,Vivek Singh,S Kaul,0,0,,,,,,,,,
1383478,2023/24,2023-10-19,"JSCA International Stadium Complex, Ranchi",2,5.2,Railways,Punjab,Upendra Yadav,Vivek Singh,S Kaul,1,0,,,,,,,,,
1383478,2023/24,2023-10-19,"JSCA International Stadium Complex, Ranchi",2,5.3,Railways,Punjab,Vivek Singh,Upendra Yadav,S Kaul,0,0,,,,,,,,,
1383478,2023/24,2023-10-19,"JSCA International Stadium Complex, Ranchi",2,5.4,Railways,Punjab,Vivek Singh,Upendra Yadav,S Kaul,1,0,,,,,,,,,
1383478,2023/24,2023-10-19,"JSCA International Stadium Complex, Ranchi",2,5.5,Railways,Punjab,Upendra Yadav,Vivek Singh,S Kaul,0,1,1,,,,,,,,
1383478,2023/24,2023-10-19,"JSCA International Stadium Complex, Ranchi",2,5.6,Railways,Punjab,Upendra Yadav,Vivek Singh,S Kaul,4,0,,,,,,,,,
1383478,2023/24,2023-10-19,"JSCA International Stadium Complex, Ranchi",2,5.7,Railways,Punjab,Upendra Yadav,Vivek Singh,S Kaul,0,1,,,,1,,,,,
1383478,2023/24,2023-10-19,"JSCA International Stadium Complex, Ranchi",2,6.1,Railways,Punjab,Upendra Yadav,Vivek Singh,Harpreet Brar,0,0,,,,,,lbw,Upendra Yadav,,
1383478,2023/24,2023-10-19,"JSCA International Stadium Complex, Ranchi",2,6.2,Railways,Punjab,Shubham Chaubey,Vivek Singh,Harpreet Brar,0,0,,,,,,,,,
1383478,2023/24,2023-10-19,"JSCA International Stadium Complex, Ranchi",2,6.3,Railways,Punjab,Shubham Chaubey,Vivek Singh,Harpreet Brar,1,0,,,,,,,,,
1383478,2023/24,2023-10-19,"JSCA International Stadium Complex, Ranchi",2,6.4,Railways,Punjab,Vivek Singh,Shubham Chaubey,Harpreet Brar,0,0,,,,,,caught,Vivek Singh,,
1383478,2023/24,2023-10-19,"JSCA International Stadium Complex, Ranchi",2,6.5,Railways,Punjab,N Kushwah,Shubham Chaubey,Harpreet Brar,0,0,,,,,,,,,
1383478,2023/24,2023-10-19,"JSCA International Stadium Complex, Ranchi",2,6.6,Railways,Punjab,N Kushwah,Shubham Chaubey,Harpreet Brar,0,0,,,,,,,,,
1383478,2023/24,2023-10-19,"JSCA International Stadium Complex, Ranchi",2,7.1,Railways,Punjab,Shubham Chaubey,N Kushwah,Baltej Singh,0,0,,,,,,,,,
1383478,2023/24,2023-10-19,"JSCA International Stadium Complex, Ranchi",2,7.2,Railways,Punjab,Shubham Chaubey,N Kushwah,Baltej Singh,0,0,,,,,,,,,
1383478,2023/24,2023-10-19,"JSCA International Stadium Complex, Ranchi",2,7.3,Railways,Punjab,Shubham Chaubey,N Kushwah,Baltej Singh,1,0,,,,,,,,,
1383478,2023/24,2023-10-19,"JSCA International Stadium Complex, Ranchi",2,7.4,Railways,Punjab,N Kushwah,Shubham Chaubey,Baltej Singh,0,0,,,,,,caught,N Kushwah,,
1383478,2023/24,2023-10-19,"JSCA International Stadium Complex, Ranchi",2,7.5,Railways,Punjab,AR Pandey,Shubham Chaubey,Baltej Singh,1,0,,,,,,,,,
1383478,2023/24,2023-10-19,"JSCA International Stadium Complex, Ranchi",2,7.6,Railways,Punjab,Shubham Chaubey,AR Pandey,Baltej Singh,0,1,1,,,,,,,,
1383478,2023/24,2023-10-19,"JSCA International Stadium Complex, Ranchi",2,7.7,Railways,Punjab,Shubham Chaubey,AR Pandey,Baltej Singh,0,0,,,,,,,,,
1383478,2023/24,2023-10-19,"JSCA International Stadium Complex, Ranchi",2,8.1,Railways,Punjab,AR Pandey,Shubham Chaubey,Harpreet Brar,1,0,,,,,,,,,
1383478,2023/24,2023-10-19,"JSCA International Stadium Complex, Ranchi",2,8.2,Railways,Punjab,Shubham Chaubey,AR Pandey,Harpreet Brar,1,0,,,,,,,,,
1383478,2023/24,2023-10-19,"JSCA International Stadium Complex, Ranchi",2,8.3,Railways,Punjab,AR Pandey,Shubham Chaubey,Harpreet Brar,4,0,,,,,,,,,
1383478,2023/24,2023-10-19,"JSCA International Stadium Complex, Ranchi",2,8.4,Railways,Punjab,AR Pandey,Shubham Chaubey,Harpreet Brar,1,0,,,,,,,,,
1383478,2023/24,2023-10-19,"JSCA International Stadium Complex, Ranchi",2,8.5,Railways,Punjab,Shubham Chaubey,AR Pandey,Harpreet Brar,1,0,,,,,,,,,
1383478,2023/24,2023-10-19,"JSCA International Stadium Complex, Ranchi",2,8.6,Railways,Punjab,AR Pandey,Shubham Chaubey,Harpreet Brar,4,0,,,,,,,,,
1383478,2023/24,2023-10-19,"JSCA International Stadium Complex, Ranchi",2,9.1,Railways,Punjab,Shubham Chaubey,AR Pandey,Baltej Singh,1,0,,,,,,,,,
1383478,2023/24,2023-10-19,"JSCA International Stadium Complex, Ranchi",2,9.2,Railways,Punjab,AR Pandey,Shubham Chaubey,Baltej Singh,1,0,,,,,,,,,
1383478,2023/24,2023-10-19,"JSCA International Stadium Complex, Ranchi",2,9.3,Railways,Punjab,Shubham Chaubey,AR Pandey,Baltej Singh,0,0,,,,,,,,,
1383478,2023/24,2023-10-19,"JSCA International Stadium Complex, Ranchi",2,9.4,Railways,Punjab,Shubham Chaubey,AR Pandey,Baltej Singh,1,0,,,,,,,,,
1383478,2023/24,2023-10-19,"JSCA International Stadium Complex, Ranchi",2,9.5,Railways,Punjab,AR Pandey,Shubham Chaubey,Baltej Singh,0,1,,,,1,,,,,
1383478,2023/24,2023-10-19,"JSCA International Stadium Complex, Ranchi",2,9.6,Railways,Punjab,Shubham Chaubey,AR Pandey,Baltej Singh,0,0,,,,,,,,,
1383478,2023/24,2023-10-19,"JSCA International Stadium Complex, Ranchi",2,10.1,Railways,Punjab,AR Pandey,Shubham Chaubey,M Markande,1,0,,,,,,,,,
1383478,2023/24,2023-10-19,"JSCA International Stadium Complex, Ranchi",2,10.2,Railways,Punjab,Shubham Chaubey,AR Pandey,M Markande,1,0,,,,,,,,,
1383478,2023/24,2023-10-19,"JSCA International Stadium Complex, Ranchi",2,10.3,Railways,Punjab,AR Pandey,Shubham Chaubey,M Markande,1,0,,,,,,,,,
1383478,2023/24,2023-10-19,"JSCA International Stadium Complex, Ranchi",2,10.4,Railways,Punjab,Shubham Chaubey,AR Pandey,M Markande,1,0,,,,,,,,,
1383478,2023/24,2023-10-19,"JSCA International Stadium Complex, Ranchi",2,10.5,Railways,Punjab,AR Pandey,Shubham Chaubey,M Markande,4,0,,,,,,,,,
1383478,2023/24,2023-10-19,"JSCA International Stadium Complex, Ranchi",2,10.6,Railways,Punjab,AR Pandey,Shubham Chaubey,M Markande,0,0,,,,,,caught,AR Pandey,,
1383478,2023/24,2023-10-19,"JSCA International Stadium Complex, Ranchi",2,11.1,Railways,Punjab,Shubham Chaubey,Ashutosh Sharma,Baltej Singh,0,0,,,,,,,,,
1383478,2023/24,2023-10-19,"JSCA International Stadium Complex, Ranchi",2,11.2,Railways,Punjab,Shubham Chaubey,Ashutosh Sharma,Baltej Singh,0,0,,,,,,,,,
1383478,2023/24,2023-10-19,"JSCA International Stadium Complex, Ranchi",2,11.3,Railways,Punjab,Shubham Chaubey,Ashutosh Sharma,Baltej Singh,1,0,,,,,,,,,
1383478,2023/24,2023-10-19,"JSCA International Stadium Complex, Ranchi",2,11.4,Railways,Punjab,Ashutosh Sharma,Shubham Chaubey,Baltej Singh,4,0,,,,,,,,,
1383478,2023/24,2023-10-19,"JSCA International Stadium Complex, Ranchi",2,11.5,Railways,Punjab,Ashutosh Sharma,Shubham Chaubey,Baltej Singh,0,0,,,,,,,,,
1383478,2023/24,2023-10-19,"JSCA International Stadium Complex, Ranchi",2,11.6,Railways,Punjab,Ashutosh Sharma,Shubham Chaubey,Baltej Singh,0,0,,,,,,lbw,Ashutosh Sharma,,
1383478,2023/24,2023-10-19,"JSCA International Stadium Complex, Ranchi",2,12.1,Railways,Punjab,Shubham Chaubey,KV Sharma,M Markande,1,0,,,,,,,,,
1383478,2023/24,2023-10-19,"JSCA International Stadium Complex, Ranchi",2,12.2,Railways,Punjab,KV Sharma,Shubham Chaubey,M Markande,1,0,,,,,,,,,
1383478,2023/24,2023-10-19,"JSCA International Stadium Complex, Ranchi",2,12.3,Railways,Punjab,Shubham Chaubey,KV Sharma,M Markande,4,0,,,,,,,,,
1383478,2023/24,2023-10-19,"JSCA International Stadium Complex, Ranchi",2,12.4,Railways,Punjab,Shubham Chaubey,KV Sharma,M Markande,0,0,,,,,,,,,
1383478,2023/24,2023-10-19,"JSCA International Stadium Complex, Ranchi",2,12.5,Railways,Punjab,Shubham Chaubey,KV Sharma,M Markande,1,0,,,,,,,,,
1383478,2023/24,2023-10-19,"JSCA International Stadium Complex, Ranchi",2,12.6,Railways,Punjab,KV Sharma,Shubham Chaubey,M Markande,1,0,,,,,,,,,
1383478,2023/24,2023-10-19,"JSCA International Stadium Complex, Ranchi",2,13.1,Railways,Punjab,KV Sharma,Shubham Chaubey,Baltej Singh,1,0,,,,,,,,,
1383478,2023/24,2023-10-19,"JSCA International Stadium Complex, Ranchi",2,13.2,Railways,Punjab,Shubham Chaubey,KV Sharma,Baltej Singh,1,0,,,,,,,,,
1383478,2023/24,2023-10-19,"JSCA International Stadium Complex, Ranchi",2,13.3,Railways,Punjab,KV Sharma,Shubham Chaubey,Baltej Singh,0,1,,,,1,,,,,
1383478,2023/24,2023-10-19,"JSCA International Stadium Complex, Ranchi",2,13.4,Railways,Punjab,Shubham Chaubey,KV Sharma,Baltej Singh,1,0,,,,,,,,,
1383478,2023/24,2023-10-19,"JSCA International Stadium Complex, Ranchi",2,13.5,Railways,Punjab,KV Sharma,Shubham Chaubey,Baltej Singh,0,0,,,,,,,,,
1383478,2023/24,2023-10-19,"JSCA International Stadium Complex, Ranchi",2,13.6,Railways,Punjab,KV Sharma,Shubham Chaubey,Baltej Singh,1,0,,,,,,,,,
1383478,2023/24,2023-10-19,"JSCA International Stadium Complex, Ranchi",2,14.1,Railways,Punjab,KV Sharma,Shubham Chaubey,Harpreet Brar,0,0,,,,,,,,,
1383478,2023/24,2023-10-19,"JSCA International Stadium Complex, Ranchi",2,14.2,Railways,Punjab,KV Sharma,Shubham Chaubey,Harpreet Brar,1,0,,,,,,,,,
1383478,2023/24,2023-10-19,"JSCA International Stadium Complex, Ranchi",2,14.3,Railways,Punjab,Shubham Chaubey,KV Sharma,Harpreet Brar,0,0,,,,,,,,,
1383478,2023/24,2023-10-19,"JSCA International Stadium Complex, Ranchi",2,14.4,Railways,Punjab,Shubham Chaubey,KV Sharma,Harpreet Brar,1,0,,,,,,,,,
1383478,2023/24,2023-10-19,"JSCA International Stadium Complex, Ranchi",2,14.5,Railways,Punjab,KV Sharma,Shubham Chaubey,Harpreet Brar,0,0,,,,,,caught,KV Sharma,,
1383478,2023/24,2023-10-19,"JSCA International Stadium Complex, Ranchi",2,14.6,Railways,Punjab,Yuvraj Singh,Shubham Chaubey,Harpreet Brar,0,0,,,,,,,,,
1383478,2023/24,2023-10-19,"JSCA International Stadium Complex, Ranchi",2,15.1,Railways,Punjab,Shubham Chaubey,Yuvraj Singh,M Markande,1,0,,,,,,,,,
1383478,2023/24,2023-10-19,"JSCA International Stadium Complex, Ranchi",2,15.2,Railways,Punjab,Yuvraj Singh,Shubham Chaubey,M Markande,1,0,,,,,,,,,
1383478,2023/24,2023-10-19,"JSCA International Stadium Complex, Ranchi",2,15.3,Railways,Punjab,Shubham Chaubey,Yuvraj Singh,M Markande,0,0,,,,,,bowled,Shubham Chaubey,,
1383478,2023/24,2023-10-19,"JSCA International Stadium Complex, Ranchi",2,15.4,Railways,Punjab,Akash Pandey,Yuvraj Singh,M Markande,0,0,,,,,,,,,
1383478,2023/24,2023-10-19,"JSCA International Stadium Complex, Ranchi",2,15.5,Railways,Punjab,Akash Pandey,Yuvraj Singh,M Markande,0,0,,,,,,,,,
1383478,2023/24,2023-10-19,"JSCA International Stadium Complex, Ranchi",2,15.6,Railways,Punjab,Akash Pandey,Yuvraj Singh,M Markande,0,0,,,,,,bowled,Akash Pandey,,
