match_id,season,start_date,venue,innings,ball,batting_team,bowling_team,striker,non_striker,bowler,runs_off_bat,extras,wides,noballs,byes,legbyes,penalty,wicket_type,player_dismissed,other_wicket_type,other_player_dismissed
1383461,2023/24,2023-10-17,"JSCA International Stadium Complex, Ranchi",1,0.1,Saurashtra,Gujarat,Tarang Gohel,H Desai,Chintan Gaja,1,0,,,,,,,,,
1383461,2023/24,2023-10-17,"JSCA International Stadium Complex, Ranchi",1,0.2,Saurashtra,Gujarat,H Desai,Tarang Gohel,Chintan Gaja,0,0,,,,,,,,,
1383461,2023/24,2023-10-17,"JSCA International Stadium Complex, Ranchi",1,0.3,Saurashtra,Gujarat,H Desai,Tarang Gohel,Chintan Gaja,0,0,,,,,,,,,
1383461,2023/24,2023-10-17,"JSCA International Stadium Complex, Ranchi",1,0.4,Saurashtra,Gujarat,H Desai,Tarang Gohel,Chintan Gaja,1,0,,,,,,,,,
1383461,2023/24,2023-10-17,"JSCA International Stadium Complex, Ranchi",1,0.5,Saurashtra,Gujarat,Tarang Gohel,H Desai,Chintan Gaja,0,0,,,,,,,,,
1383461,2023/24,2023-10-17,"JSCA International Stadium Complex, Ranchi",1,0.6,Saurashtra,Gujarat,Tarang Gohel,H Desai,Chintan Gaja,0,0,,,,,,caught,Tarang Gohel,,
1383461,2023/24,2023-10-17,"JSCA International Stadium Complex, Ranchi",1,1.1,Saurashtra,Gujarat,H Desai,Samarth Vyas,A Nagwaswalla,0,0,,,,,,,,,
1383461,2023/24,2023-10-17,"JSCA International Stadium Complex, Ranchi",1,1.2,Saurashtra,Gujarat,H Desai,Samarth Vyas,A Nagwaswalla,0,0,,,,,,,,,
1383461,2023/24,2023-10-17,"JSCA International Stadium Complex, Ranchi",1,1.3,Saurashtra,Gujarat,H Desai,Samarth Vyas,A Nagwaswalla,0,0,,,,,,,,,
1383461,2023/24,2023-10-17,"JSCA International Stadium Complex, Ranchi",1,1.4,Saurashtra,Gujarat,H Desai,Samarth Vyas,A Nagwaswalla,0,0,,,,,,,,,
1383461,2023/24,2023-10-17,"JSCA International Stadium Complex, Ranchi",1,1.5,Saurashtra,Gujarat,H Desai,Samarth Vyas,A Nagwaswalla,4,0,,,,,,,,,
1383461,2023/24,2023-10-17,"JSCA International Stadium Complex, Ranchi",1,1.6,Saurashtra,Gujarat,H Desai,Samarth Vyas,A Nagwaswalla,2,0,,,,,,,,,
1383461,2023/24,2023-10-17,"JSCA International Stadium Complex, Ranchi",1,2.1,Saurashtra,Gujarat,Samarth Vyas,H Desai,Chintan Gaja,0,0,,,,,,,,,
1383461,2023/24,2023-10-17,"JSCA International Stadium Complex, Ranchi",1,2.2,Saurashtra,Gujarat,Samarth Vyas,H Desai,Chintan Gaja,0,1,,,,1,,,,,
1383461,2023/24,2023-10-17,"JSCA International Stadium Complex, Ranchi",1,2.3,Saurashtra,Gujarat,H Desai,Samarth Vyas,Chintan Gaja,4,0,,,,,,,,,
1383461,2023/24,2023-10-17,"JSCA International Stadium Complex, Ranchi",1,2.4,Saurashtra,Gujarat,H Desai,Samarth Vyas,Chintan Gaja,4,0,,,,,,,,,
1383461,2023/24,2023-10-17,"JSCA International Stadium Complex, Ranchi",1,2.5,Saurashtra,Gujarat,H Desai,Samarth Vyas,Chintan Gaja,4,0,,,,,,,,,
1383461,2023/24,2023-10-17,"JSCA International Stadium Complex, Ranchi",1,2.6,Saurashtra,Gujarat,H Desai,Samarth Vyas,Chintan Gaja,0,0,,,,,,,,,
1383461,2023/24,2023-10-17,"JSCA International Stadium Complex, Ranchi",1,3.1,Saurashtra,Gujarat,Samarth Vyas,H Desai,SN Patel,0,1,1,,,,,,,,
1383461,2023/24,2023-10-17,"JSCA International Stadium Complex, Ranchi",1,3.2,Saurashtra,Gujarat,Samarth Vyas,H Desai,SN Patel,0,0,,,,,,,,,
1383461,2023/24,2023-10-17,"JSCA International Stadium Complex, Ranchi",1,3.3,Saurashtra,Gujarat,Samarth Vyas,H Desai,SN Patel,0,0,,,,,,,,,
1383461,2023/24,2023-10-17,"JSCA International Stadium Complex, Ranchi",1,3.4,Saurashtra,Gujarat,Samarth Vyas,H Desai,SN Patel,0,0,,,,,,,,,
1383461,2023/24,2023-10-17,"JSCA International Stadium Complex, Ranchi",1,3.5,Saurashtra,Gujarat,Samarth Vyas,H Desai,SN Patel,1,0,,,,,,,,,
1383461,2023/24,2023-10-17,"JSCA International Stadium Complex, Ranchi",1,3.6,Saurashtra,Gujarat,H Desai,Samarth Vyas,SN Patel,0,0,,,,,,,,,
1383461,2023/24,2023-10-17,"JSCA International Stadium Complex, Ranchi",1,3.7,Saurashtra,Gujarat,H Desai,Samarth Vyas,SN Patel,1,0,,,,,,,,,
1383461,2023/24,2023-10-17,"JSCA International Stadium Complex, Ranchi",1,4.1,Saurashtra,Gujarat,H Desai,Samarth Vyas,A Nagwaswalla,1,0,,,,,,,,,
1383461,2023/24,2023-10-17,"JSCA International Stadium Complex, Ranchi",1,4.2,Saurashtra,Gujarat,Samarth Vyas,H Desai,A Nagwaswalla,0,5,5,,,,,,,,
1383461,2023/24,2023-10-17,"JSCA International Stadium Complex, Ranchi",1,4.3,Saurashtra,Gujarat,Samarth Vyas,H Desai,A Nagwaswalla,1,0,,,,,,,,,
1383461,2023/24,2023-10-17,"JSCA International Stadium Complex, Ranchi",1,4.4,Saurashtra,Gujarat,H Desai,Samarth Vyas,A Nagwaswalla,4,0,,,,,,,,,
1383461,2023/24,2023-10-17,"JSCA International Stadium Complex, Ranchi",1,4.5,Saurashtra,Gujarat,H Desai,Samarth Vyas,A Nagwaswalla,6,0,,,,,,,,,
1383461,2023/24,2023-10-17,"JSCA International Stadium Complex, Ranchi",1,4.6,Saurashtra,Gujarat,H Desai,Samarth Vyas,A Nagwaswalla,0,0,,,,,,,,,
1383461,2023/24,2023-10-17,"JSCA International Stadium Complex, Ranchi",1,4.7,Saurashtra,Gujarat,H Desai,Samarth Vyas,A Nagwaswalla,6,0,,,,,,,,,
1383461,2023/24,2023-10-17,"JSCA International Stadium Complex, Ranchi",1,5.1,Saurashtra,Gujarat,Samarth Vyas,H Desai,SN Patel,4,0,,,,,,,,,
1383461,2023/24,2023-10-17,"JSCA International Stadium Complex, Ranchi",1,5.2,Saurashtra,Gujarat,Samarth Vyas,H Desai,SN Patel,0,0,,,,,,,,,
1383461,2023/24,2023-10-17,"JSCA International Stadium Complex, Ranchi",1,5.3,Saurashtra,Gujarat,Samarth Vyas,H Desai,SN Patel,4,0,,,,,,,,,
1383461,2023/24,2023-10-17,"JSCA International Stadium Complex, Ranchi",1,5.4,Saurashtra,Gujarat,Samarth Vyas,H Desai,SN Patel,0,0,,,,,,,,,
1383461,2023/24,2023-10-17,"JSCA International Stadium Complex, Ranchi",1,5.5,Saurashtra,Gujarat,Samarth Vyas,H Desai,SN Patel,4,0,,,,,,,,,
1383461,2023/24,2023-10-17,"JSCA International Stadium Complex, Ranchi",1,5.6,Saurashtra,Gujarat,Samarth Vyas,H Desai,SN Patel,1,0,,,,,,,,,
1383461,2023/24,2023-10-17,"JSCA International Stadium Complex, Ranchi",1,6.1,Saurashtra,Gujarat,Samarth Vyas,H Desai,Ravi Bishnoi,0,0,,,,,,,,,
1383461,2023/24,2023-10-17,"JSCA International Stadium Complex, Ranchi",1,6.2,Saurashtra,Gujarat,Samarth Vyas,H Desai,Ravi Bishnoi,0,0,,,,,,,,,
1383461,2023/24,2023-10-17,"JSCA International Stadium Complex, Ranchi",1,6.3,Saurashtra,Gujarat,Samarth Vyas,H Desai,Ravi Bishnoi,0,0,,,,,,,,,
1383461,2023/24,2023-10-17,"JSCA International Stadium Complex, Ranchi",1,6.4,Saurashtra,Gujarat,Samarth Vyas,H Desai,Ravi Bishnoi,0,0,,,,,,,,,
1383461,2023/24,2023-10-17,"JSCA International Stadium Complex, Ranchi",1,6.5,Saurashtra,Gujarat,Samarth Vyas,H Desai,Ravi Bishnoi,2,0,,,,,,,,,
1383461,2023/24,2023-10-17,"JSCA International Stadium Complex, Ranchi",1,6.6,Saurashtra,Gujarat,Samarth Vyas,H Desai,Ravi Bishnoi,1,0,,,,,,,,,
1383461,2023/24,2023-10-17,"JSCA International Stadium Complex, Ranchi",1,7.1,Saurashtra,Gujarat,Samarth Vyas,H Desai,PP Chawla,1,0,,,,,,,,,
1383461,2023/24,2023-10-17,"JSCA International Stadium Complex, Ranchi",1,7.2,Saurashtra,Gujarat,H Desai,Samarth Vyas,PP Chawla,4,0,,,,,,,,,
1383461,2023/24,2023-10-17,"JSCA International Stadium Complex, Ranchi",1,7.3,Saurashtra,Gujarat,H Desai,Samarth Vyas,PP Chawla,0,0,,,,,,lbw,H Desai,,
1383461,2023/24,2023-10-17,"JSCA International Stadium Complex, Ranchi",1,7.4,Saurashtra,Gujarat,SP Jackson,Samarth Vyas,PP Chawla,1,0,,,,,,,,,
1383461,2023/24,2023-10-17,"JSCA International Stadium Complex, Ranchi",1,7.5,Saurashtra,Gujarat,Samarth Vyas,SP Jackson,PP Chawla,0,0,,,,,,,,,
1383461,2023/24,2023-10-17,"JSCA International Stadium Complex, Ranchi",1,7.6,Saurashtra,Gujarat,Samarth Vyas,SP Jackson,PP Chawla,0,0,,,,,,caught,Samarth Vyas,,
1383461,2023/24,2023-10-17,"JSCA International Stadium Complex, Ranchi",1,8.1,Saurashtra,Gujarat,SP Jackson,Vishvaraj Jadeja,Ravi Bishnoi,0,0,,,,,,,,,
1383461,2023/24,2023-10-17,"JSCA International Stadium Complex, Ranchi",1,8.2,Saurashtra,Gujarat,SP Jackson,Vishvaraj Jadeja,Ravi Bishnoi,0,0,,,,,,lbw,SP Jackson,,
1383461,2023/24,2023-10-17,"JSCA International Stadium Complex, Ranchi",1,8.3,Saurashtra,Gujarat,Jay Gohil,Vishvaraj Jadeja,Ravi Bishnoi,0,4,,,4,,,,,,
1383461,2023/24,2023-10-17,"JSCA International Stadium Complex, Ranchi",1,8.4,Saurashtra,Gujarat,Jay Gohil,Vishvaraj Jadeja,Ravi Bishnoi,0,0,,,,,,,,,
1383461,2023/24,2023-10-17,"JSCA International Stadium Complex, Ranchi",1,8.5,Saurashtra,Gujarat,Jay Gohil,Vishvaraj Jadeja,Ravi Bishnoi,0,0,,,,,,,,,
1383461,2023/24,2023-10-17,"JSCA International Stadium Complex, Ranchi",1,8.6,Saurashtra,Gujarat,Jay Gohil,Vishvaraj Jadeja,Ravi Bishnoi,0,1,1,,,,,,,,
1383461,2023/24,2023-10-17,"JSCA International Stadium Complex, Ranchi",1,8.7,Saurashtra,Gujarat,Jay Gohil,Vishvaraj Jadeja,Ravi Bishnoi,0,0,,,,,,,,,
1383461,2023/24,2023-10-17,"JSCA International Stadium Complex, Ranchi",1,9.1,Saurashtra,Gujarat,Vishvaraj Jadeja,Jay Gohil,PP Chawla,0,0,,,,,,,,,
1383461,2023/24,2023-10-17,"JSCA International Stadium Complex, Ranchi",1,9.2,Saurashtra,Gujarat,Vishvaraj Jadeja,Jay Gohil,PP Chawla,1,0,,,,,,,,,
1383461,2023/24,2023-10-17,"JSCA International Stadium Complex, Ranchi",1,9.3,Saurashtra,Gujarat,Jay Gohil,Vishvaraj Jadeja,PP Chawla,0,0,,,,,,,,,
1383461,2023/24,2023-10-17,"JSCA International Stadium Complex, Ranchi",1,9.4,Saurashtra,Gujarat,Jay Gohil,Vishvaraj Jadeja,PP Chawla,1,0,,,,,,,,,
1383461,2023/24,2023-10-17,"JSCA International Stadium Complex, Ranchi",1,9.5,Saurashtra,Gujarat,Vishvaraj Jadeja,Jay Gohil,PP Chawla,1,0,,,,,,,,,
1383461,2023/24,2023-10-17,"JSCA International Stadium Complex, Ranchi",1,9.6,Saurashtra,Gujarat,Jay Gohil,Vishvaraj Jadeja,PP Chawla,0,0,,,,,,,,,
1383461,2023/24,2023-10-17,"JSCA International Stadium Complex, Ranchi",1,10.1,Saurashtra,Gujarat,Vishvaraj Jadeja,Jay Gohil,SN Patel,1,0,,,,,,,,,
1383461,2023/24,2023-10-17,"JSCA International Stadium Complex, Ranchi",1,10.2,Saurashtra,Gujarat,Jay Gohil,Vishvaraj Jadeja,SN Patel,0,0,,,,,,,,,
1383461,2023/24,2023-10-17,"JSCA International Stadium Complex, Ranchi",1,10.3,Saurashtra,Gujarat,Jay Gohil,Vishvaraj Jadeja,SN Patel,0,0,,,,,,,,,
1383461,2023/24,2023-10-17,"JSCA International Stadium Complex, Ranchi",1,10.4,Saurashtra,Gujarat,Jay Gohil,Vishvaraj Jadeja,SN Patel,0,0,,,,,,,,,
1383461,2023/24,2023-10-17,"JSCA International Stadium Complex, Ranchi",1,10.5,Saurashtra,Gujarat,Jay Gohil,Vishvaraj Jadeja,SN Patel,1,0,,,,,,,,,
1383461,2023/24,2023-10-17,"JSCA International Stadium Complex, Ranchi",1,10.6,Saurashtra,Gujarat,Vishvaraj Jadeja,Jay Gohil,SN Patel,0,0,,,,,,,,,
1383461,2023/24,2023-10-17,"JSCA International Stadium Complex, Ranchi",1,11.1,Saurashtra,Gujarat,Jay Gohil,Vishvaraj Jadeja,Chintan Gaja,6,0,,,,,,,,,
1383461,2023/24,2023-10-17,"JSCA International Stadium Complex, Ranchi",1,11.2,Saurashtra,Gujarat,Jay Gohil,Vishvaraj Jadeja,Chintan Gaja,1,0,,,,,,,,,
1383461,2023/24,2023-10-17,"JSCA International Stadium Complex, Ranchi",1,11.3,Saurashtra,Gujarat,Vishvaraj Jadeja,Jay Gohil,Chintan Gaja,1,0,,,,,,,,,
1383461,2023/24,2023-10-17,"JSCA International Stadium Complex, Ranchi",1,11.4,Saurashtra,Gujarat,Jay Gohil,Vishvaraj Jadeja,Chintan Gaja,4,0,,,,,,,,,
1383461,2023/24,2023-10-17,"JSCA International Stadium Complex, Ranchi",1,11.5,Saurashtra,Gujarat,Jay Gohil,Vishvaraj Jadeja,Chintan Gaja,1,0,,,,,,,,,
1383461,2023/24,2023-10-17,"JSCA International Stadium Complex, Ranchi",1,11.6,Saurashtra,Gujarat,Vishvaraj Jadeja,Jay Gohil,Chintan Gaja,1,0,,,,,,,,,
1383461,2023/24,2023-10-17,"JSCA International Stadium Complex, Ranchi",1,12.1,Saurashtra,Gujarat,Vishvaraj Jadeja,Jay Gohil,PP Chawla,0,0,,,,,,,,,
1383461,2023/24,2023-10-17,"JSCA International Stadium Complex, Ranchi",1,12.2,Saurashtra,Gujarat,Vishvaraj Jadeja,Jay Gohil,PP Chawla,0,0,,,,,,,,,
1383461,2023/24,2023-10-17,"JSCA International Stadium Complex, Ranchi",1,12.3,Saurashtra,Gujarat,Vishvaraj Jadeja,Jay Gohil,PP Chawla,1,0,,,,,,,,,
1383461,2023/24,2023-10-17,"JSCA International Stadium Complex, Ranchi",1,12.4,Saurashtra,Gujarat,Jay Gohil,Vishvaraj Jadeja,PP Chawla,1,0,,,,,,,,,
1383461,2023/24,2023-10-17,"JSCA International Stadium Complex, Ranchi",1,12.5,Saurashtra,Gujarat,Vishvaraj Jadeja,Jay Gohil,PP Chawla,4,0,,,,,,,,,
1383461,2023/24,2023-10-17,"JSCA International Stadium Complex, Ranchi",1,12.6,Saurashtra,Gujarat,Vishvaraj Jadeja,Jay Gohil,PP Chawla,1,0,,,,,,,,,
1383461,2023/24,2023-10-17,"JSCA International Stadium Complex, Ranchi",1,13.1,Saurashtra,Gujarat,Vishvaraj Jadeja,Jay Gohil,Ravi Bishnoi,1,0,,,,,,,,,
1383461,2023/24,2023-10-17,"JSCA International Stadium Complex, Ranchi",1,13.2,Saurashtra,Gujarat,Jay Gohil,Vishvaraj Jadeja,Ravi Bishnoi,0,0,,,,,,,,,
1383461,2023/24,2023-10-17,"JSCA International Stadium Complex, Ranchi",1,13.3,Saurashtra,Gujarat,Jay Gohil,Vishvaraj Jadeja,Ravi Bishnoi,0,0,,,,,,,,,
1383461,2023/24,2023-10-17,"JSCA International Stadium Complex, Ranchi",1,13.4,Saurashtra,Gujarat,Jay Gohil,Vishvaraj Jadeja,Ravi Bishnoi,1,0,,,,,,,,,
1383461,2023/24,2023-10-17,"JSCA International Stadium Complex, Ranchi",1,13.5,Saurashtra,Gujarat,Vishvaraj Jadeja,Jay Gohil,Ravi Bishnoi,0,0,,,,,,lbw,Vishvaraj Jadeja,,
1383461,2023/24,2023-10-17,"JSCA International Stadium Complex, Ranchi",1,13.6,Saurashtra,Gujarat,Dharmendrasinh Jadeja,Jay Gohil,Ravi Bishnoi,0,0,,,,,,,,,
1383461,2023/24,2023-10-17,"JSCA International Stadium Complex, Ranchi",1,14.1,Saurashtra,Gujarat,Jay Gohil,Dharmendrasinh Jadeja,A Nagwaswalla,4,0,,,,,,,,,
1383461,2023/24,2023-10-17,"JSCA International Stadium Complex, Ranchi",1,14.2,Saurashtra,Gujarat,Jay Gohil,Dharmendrasinh Jadeja,A Nagwaswalla,4,0,,,,,,,,,
1383461,2023/24,2023-10-17,"JSCA International Stadium Complex, Ranchi",1,14.3,Saurashtra,Gujarat,Jay Gohil,Dharmendrasinh Jadeja,A Nagwaswalla,0,0,,,,,,,,,
1383461,2023/24,2023-10-17,"JSCA International Stadium Complex, Ranchi",1,14.4,Saurashtra,Gujarat,Jay Gohil,Dharmendrasinh Jadeja,A Nagwaswalla,2,0,,,,,,,,,
1383461,2023/24,2023-10-17,"JSCA International Stadium Complex, Ranchi",1,14.5,Saurashtra,Gujarat,Jay Gohil,Dharmendrasinh Jadeja,A Nagwaswalla,0,0,,,,,,,,,
1383461,2023/24,2023-10-17,"JSCA International Stadium Complex, Ranchi",1,14.6,Saurashtra,Gujarat,Jay Gohil,Dharmendrasinh Jadeja,A Nagwaswalla,1,0,,,,,,,,,
1383461,2023/24,2023-10-17,"JSCA International Stadium Complex, Ranchi",1,15.1,Saurashtra,Gujarat,Jay Gohil,Dharmendrasinh Jadeja,PP Chawla,0,0,,,,,,,,,
1383461,2023/24,2023-10-17,"JSCA International Stadium Complex, Ranchi",1,15.2,Saurashtra,Gujarat,Jay Gohil,Dharmendrasinh Jadeja,PP Chawla,1,0,,,,,,,,,
1383461,2023/24,2023-10-17,"JSCA International Stadium Complex, Ranchi",1,15.3,Saurashtra,Gujarat,Dharmendrasinh Jadeja,Jay Gohil,PP Chawla,4,0,,,,,,,,,
1383461,2023/24,2023-10-17,"JSCA International Stadium Complex, Ranchi",1,15.4,Saurashtra,Gujarat,Dharmendrasinh Jadeja,Jay Gohil,PP Chawla,1,0,,,,,,,,,
1383461,2023/24,2023-10-17,"JSCA International Stadium Complex, Ranchi",1,15.5,Saurashtra,Gujarat,Jay Gohil,Dharmendrasinh Jadeja,PP Chawla,1,0,,,,,,,,,
1383461,2023/24,2023-10-17,"JSCA International Stadium Complex, Ranchi",1,15.6,Saurashtra,Gujarat,Dharmendrasinh Jadeja,Jay Gohil,PP Chawla,1,0,,,,,,,,,
1383461,2023/24,2023-10-17,"JSCA International Stadium Complex, Ranchi",1,16.1,Saurashtra,Gujarat,Dharmendrasinh Jadeja,Jay Gohil,Chintan Gaja,0,0,,,,,,caught,Dharmendrasinh Jadeja,,
1383461,2023/24,2023-10-17,"JSCA International Stadium Complex, Ranchi",1,16.2,Saurashtra,Gujarat,Chirag Jani,Jay Gohil,Chintan Gaja,1,0,,,,,,,,,
1383461,2023/24,2023-10-17,"JSCA International Stadium Complex, Ranchi",2,0.1,Gujarat,Saurashtra,Urvil Patel,Priyank Panchal,JD Unadkat,1,0,,,,,,,,,
1383461,2023/24,2023-10-17,"JSCA International Stadium Complex, Ranchi",2,0.2,Gujarat,Saurashtra,Priyank Panchal,Urvil Patel,JD Unadkat,1,0,,,,,,,,,
1383461,2023/24,2023-10-17,"JSCA International Stadium Complex, Ranchi",2,0.3,Gujarat,Saurashtra,Urvil Patel,Priyank Panchal,JD Unadkat,4,0,,,,,,,,,
1383461,2023/24,2023-10-17,"JSCA International Stadium Complex, Ranchi",2,0.4,Gujarat,Saurashtra,Urvil Patel,Priyank Panchal,JD Unadkat,4,0,,,,,,,,,
1383461,2023/24,2023-10-17,"JSCA International Stadium Complex, Ranchi",2,0.5,Gujarat,Saurashtra,Urvil Patel,Priyank Panchal,JD Unadkat,1,0,,,,,,,,,
1383461,2023/24,2023-10-17,"JSCA International Stadium Complex, Ranchi",2,0.6,Gujarat,Saurashtra,Priyank Panchal,Urvil Patel,JD Unadkat,0,0,,,,,,,,,
1383461,2023/24,2023-10-17,"JSCA International Stadium Complex, Ranchi",2,1.1,Gujarat,Saurashtra,Urvil Patel,Priyank Panchal,K D Patel,1,0,,,,,,,,,
1383461,2023/24,2023-10-17,"JSCA International Stadium Complex, Ranchi",2,1.2,Gujarat,Saurashtra,Priyank Panchal,Urvil Patel,K D Patel,1,0,,,,,,,,,
1383461,2023/24,2023-10-17,"JSCA International Stadium Complex, Ranchi",2,1.3,Gujarat,Saurashtra,Urvil Patel,Priyank Panchal,K D Patel,1,0,,,,,,,,,
1383461,2023/24,2023-10-17,"JSCA International Stadium Complex, Ranchi",2,1.4,Gujarat,Saurashtra,Priyank Panchal,Urvil Patel,K D Patel,4,0,,,,,,,,,
1383461,2023/24,2023-10-17,"JSCA International Stadium Complex, Ranchi",2,1.5,Gujarat,Saurashtra,Priyank Panchal,Urvil Patel,K D Patel,0,0,,,,,,,,,
1383461,2023/24,2023-10-17,"JSCA International Stadium Complex, Ranchi",2,1.6,Gujarat,Saurashtra,Priyank Panchal,Urvil Patel,K D Patel,4,0,,,,,,,,,
1383461,2023/24,2023-10-17,"JSCA International Stadium Complex, Ranchi",2,2.1,Gujarat,Saurashtra,Urvil Patel,Priyank Panchal,Dharmendrasinh Jadeja,0,0,,,,,,,,,
1383461,2023/24,2023-10-17,"JSCA International Stadium Complex, Ranchi",2,2.2,Gujarat,Saurashtra,Urvil Patel,Priyank Panchal,Dharmendrasinh Jadeja,4,0,,,,,,,,,
1383461,2023/24,2023-10-17,"JSCA International Stadium Complex, Ranchi",2,2.3,Gujarat,Saurashtra,Urvil Patel,Priyank Panchal,Dharmendrasinh Jadeja,6,0,,,,,,,,,
1383461,2023/24,2023-10-17,"JSCA International Stadium Complex, Ranchi",2,2.4,Gujarat,Saurashtra,Urvil Patel,Priyank Panchal,Dharmendrasinh Jadeja,4,0,,,,,,,,,
1383461,2023/24,2023-10-17,"JSCA International Stadium Complex, Ranchi",2,2.5,Gujarat,Saurashtra,Urvil Patel,Priyank Panchal,Dharmendrasinh Jadeja,1,0,,,,,,,,,
1383461,2023/24,2023-10-17,"JSCA International Stadium Complex, Ranchi",2,2.6,Gujarat,Saurashtra,Priyank Panchal,Urvil Patel,Dharmendrasinh Jadeja,0,0,,,,,,,,,
1383461,2023/24,2023-10-17,"JSCA International Stadium Complex, Ranchi",2,3.1,Gujarat,Saurashtra,Urvil Patel,Priyank Panchal,Chirag Jani,0,0,,,,,,caught,Urvil Patel,,
1383461,2023/24,2023-10-17,"JSCA International Stadium Complex, Ranchi",2,3.2,Gujarat,Saurashtra,UR Kumar,Priyank Panchal,Chirag Jani,1,0,,,,,,,,,
1383461,2023/24,2023-10-17,"JSCA International Stadium Complex, Ranchi",2,3.3,Gujarat,Saurashtra,Priyank Panchal,UR Kumar,Chirag Jani,0,0,,,,,,caught,Priyank Panchal,,
1383461,2023/24,2023-10-17,"JSCA International Stadium Complex, Ranchi",2,3.4,Gujarat,Saurashtra,Saurav Chauhan,UR Kumar,Chirag Jani,0,0,,,,,,,,,
1383461,2023/24,2023-10-17,"JSCA International Stadium Complex, Ranchi",2,3.5,Gujarat,Saurashtra,Saurav Chauhan,UR Kumar,Chirag Jani,1,0,,,,,,,,,
1383461,2023/24,2023-10-17,"JSCA International Stadium Complex, Ranchi",2,3.6,Gujarat,Saurashtra,UR Kumar,Saurav Chauhan,Chirag Jani,1,0,,,,,,,,,
1383461,2023/24,2023-10-17,"JSCA International Stadium Complex, Ranchi",2,4.1,Gujarat,Saurashtra,UR Kumar,Saurav Chauhan,Aditya Jadeja,0,1,1,,,,,,,,
1383461,2023/24,2023-10-17,"JSCA International Stadium Complex, Ranchi",2,4.2,Gujarat,Saurashtra,UR Kumar,Saurav Chauhan,Aditya Jadeja,1,0,,,,,,,,,
1383461,2023/24,2023-10-17,"JSCA International Stadium Complex, Ranchi",2,4.3,Gujarat,Saurashtra,Saurav Chauhan,UR Kumar,Aditya Jadeja,0,0,,,,,,,,,
1383461,2023/24,2023-10-17,"JSCA International Stadium Complex, Ranchi",2,4.4,Gujarat,Saurashtra,Saurav Chauhan,UR Kumar,Aditya Jadeja,1,1,,1,,,,,,,
1383461,2023/24,2023-10-17,"JSCA International Stadium Complex, Ranchi",2,4.5,Gujarat,Saurashtra,UR Kumar,Saurav Chauhan,Aditya Jadeja,1,0,,,,,,,,,
1383461,2023/24,2023-10-17,"JSCA International Stadium Complex, Ranchi",2,4.6,Gujarat,Saurashtra,Saurav Chauhan,UR Kumar,Aditya Jadeja,0,0,,,,,,caught,Saurav Chauhan,,
1383461,2023/24,2023-10-17,"JSCA International Stadium Complex, Ranchi",2,4.7,Gujarat,Saurashtra,Aarya Desai,UR Kumar,Aditya Jadeja,1,0,,,,,,,,,
1383461,2023/24,2023-10-17,"JSCA International Stadium Complex, Ranchi",2,4.8,Gujarat,Saurashtra,UR Kumar,Aarya Desai,Aditya Jadeja,1,0,,,,,,,,,
1383461,2023/24,2023-10-17,"JSCA International Stadium Complex, Ranchi",2,5.1,Gujarat,Saurashtra,UR Kumar,Aarya Desai,JD Unadkat,4,0,,,,,,,,,
1383461,2023/24,2023-10-17,"JSCA International Stadium Complex, Ranchi",2,5.2,Gujarat,Saurashtra,UR Kumar,Aarya Desai,JD Unadkat,0,1,1,,,,,,,,
1383461,2023/24,2023-10-17,"JSCA International Stadium Complex, Ranchi",2,5.3,Gujarat,Saurashtra,UR Kumar,Aarya Desai,JD Unadkat,1,0,,,,,,,,,
1383461,2023/24,2023-10-17,"JSCA International Stadium Complex, Ranchi",2,5.4,Gujarat,Saurashtra,Aarya Desai,UR Kumar,JD Unadkat,1,0,,,,,,,,,
1383461,2023/24,2023-10-17,"JSCA International Stadium Complex, Ranchi",2,5.5,Gujarat,Saurashtra,UR Kumar,Aarya Desai,JD Unadkat,6,0,,,,,,,,,
1383461,2023/24,2023-10-17,"JSCA International Stadium Complex, Ranchi",2,5.6,Gujarat,Saurashtra,UR Kumar,Aarya Desai,JD Unadkat,0,0,,,,,,,,,
1383461,2023/24,2023-10-17,"JSCA International Stadium Complex, Ranchi",2,5.7,Gujarat,Saurashtra,UR Kumar,Aarya Desai,JD Unadkat,1,0,,,,,,,,,
1383461,2023/24,2023-10-17,"JSCA International Stadium Complex, Ranchi",2,6.1,Gujarat,Saurashtra,UR Kumar,Aarya Desai,Parth Bhut,0,0,,,,,,,,,
1383461,2023/24,2023-10-17,"JSCA International Stadium Complex, Ranchi",2,6.2,Gujarat,Saurashtra,UR Kumar,Aarya Desai,Parth Bhut,1,0,,,,,,,,,
1383461,2023/24,2023-10-17,"JSCA International Stadium Complex, Ranchi",2,6.3,Gujarat,Saurashtra,Aarya Desai,UR Kumar,Parth Bhut,6,0,,,,,,,,,
1383461,2023/24,2023-10-17,"JSCA International Stadium Complex, Ranchi",2,6.4,Gujarat,Saurashtra,Aarya Desai,UR Kumar,Parth Bhut,4,0,,,,,,,,,
1383461,2023/24,2023-10-17,"JSCA International Stadium Complex, Ranchi",2,6.5,Gujarat,Saurashtra,Aarya Desai,UR Kumar,Parth Bhut,1,0,,,,,,,,,
1383461,2023/24,2023-10-17,"JSCA International Stadium Complex, Ranchi",2,6.6,Gujarat,Saurashtra,UR Kumar,Aarya Desai,Parth Bhut,0,0,,,,,,,,,
1383461,2023/24,2023-10-17,"JSCA International Stadium Complex, Ranchi",2,7.1,Gujarat,Saurashtra,Aarya Desai,UR Kumar,Chirag Jani,0,0,,,,,,,,,
1383461,2023/24,2023-10-17,"JSCA International Stadium Complex, Ranchi",2,7.2,Gujarat,Saurashtra,Aarya Desai,UR Kumar,Chirag Jani,4,0,,,,,,,,,
1383461,2023/24,2023-10-17,"JSCA International Stadium Complex, Ranchi",2,7.3,Gujarat,Saurashtra,Aarya Desai,UR Kumar,Chirag Jani,0,0,,,,,,,,,
1383461,2023/24,2023-10-17,"JSCA International Stadium Complex, Ranchi",2,7.4,Gujarat,Saurashtra,Aarya Desai,UR Kumar,Chirag Jani,0,0,,,,,,,,,
1383461,2023/24,2023-10-17,"JSCA International Stadium Complex, Ranchi",2,7.5,Gujarat,Saurashtra,Aarya Desai,UR Kumar,Chirag Jani,0,0,,,,,,,,,
1383461,2023/24,2023-10-17,"JSCA International Stadium Complex, Ranchi",2,7.6,Gujarat,Saurashtra,Aarya Desai,UR Kumar,Chirag Jani,1,0,,,,,,,,,
1383461,2023/24,2023-10-17,"JSCA International Stadium Complex, Ranchi",2,8.1,Gujarat,Saurashtra,Aarya Desai,UR Kumar,K D Patel,0,1,1,,,,,,,,
1383461,2023/24,2023-10-17,"JSCA International Stadium Complex, Ranchi",2,8.2,Gujarat,Saurashtra,Aarya Desai,UR Kumar,K D Patel,0,0,,,,,,,,,
1383461,2023/24,2023-10-17,"JSCA International Stadium Complex, Ranchi",2,8.3,Gujarat,Saurashtra,Aarya Desai,UR Kumar,K D Patel,1,0,,,,,,,,,
1383461,2023/24,2023-10-17,"JSCA International Stadium Complex, Ranchi",2,8.4,Gujarat,Saurashtra,UR Kumar,Aarya Desai,K D Patel,0,1,,,,1,,,,,
1383461,2023/24,2023-10-17,"JSCA International Stadium Complex, Ranchi",2,8.5,Gujarat,Saurashtra,Aarya Desai,UR Kumar,K D Patel,2,0,,,,,,,,,
1383461,2023/24,2023-10-17,"JSCA International Stadium Complex, Ranchi",2,8.6,Gujarat,Saurashtra,Aarya Desai,UR Kumar,K D Patel,6,0,,,,,,,,,
1383461,2023/24,2023-10-17,"JSCA International Stadium Complex, Ranchi",2,8.7,Gujarat,Saurashtra,Aarya Desai,UR Kumar,K D Patel,1,0,,,,,,,,,
1383461,2023/24,2023-10-17,"JSCA International Stadium Complex, Ranchi",2,9.1,Gujarat,Saurashtra,Aarya Desai,UR Kumar,Chirag Jani,0,0,,,,,,caught,Aarya Desai,,
1383461,2023/24,2023-10-17,"JSCA International Stadium Complex, Ranchi",2,9.2,Gujarat,Saurashtra,Chirag Gandhi,UR Kumar,Chirag Jani,1,0,,,,,,,,,
1383461,2023/24,2023-10-17,"JSCA International Stadium Complex, Ranchi",2,9.3,Gujarat,Saurashtra,UR Kumar,Chirag Gandhi,Chirag Jani,6,0,,,,,,,,,
1383461,2023/24,2023-10-17,"JSCA International Stadium Complex, Ranchi",2,9.4,Gujarat,Saurashtra,UR Kumar,Chirag Gandhi,Chirag Jani,1,0,,,,,,,,,
1383461,2023/24,2023-10-17,"JSCA International Stadium Complex, Ranchi",2,9.5,Gujarat,Saurashtra,Chirag Gandhi,UR Kumar,Chirag Jani,1,0,,,,,,,,,
1383461,2023/24,2023-10-17,"JSCA International Stadium Complex, Ranchi",2,9.6,Gujarat,Saurashtra,UR Kumar,Chirag Gandhi,Chirag Jani,4,0,,,,,,,,,
1383461,2023/24,2023-10-17,"JSCA International Stadium Complex, Ranchi",2,10.1,Gujarat,Saurashtra,Chirag Gandhi,UR Kumar,Dharmendrasinh Jadeja,1,0,,,,,,,,,
1383461,2023/24,2023-10-17,"JSCA International Stadium Complex, Ranchi",2,10.2,Gujarat,Saurashtra,UR Kumar,Chirag Gandhi,Dharmendrasinh Jadeja,6,0,,,,,,,,,
