match_id,season,start_date,venue,innings,ball,batting_team,bowling_team,striker,non_striker,bowler,runs_off_bat,extras,wides,noballs,byes,legbyes,penalty,wicket_type,player_dismissed,other_wicket_type,other_player_dismissed
1383561,2023/24,2023-10-31,"Punjab Cricket Association IS Bindra Stadium, Mohali, Chandigarh",1,0.1,Bengal,Assam,AR Easwaran,Abishek Porel,Mukhtar Hussain,0,0,,,,,,,,,
1383561,2023/24,2023-10-31,"Punjab Cricket Association IS Bindra Stadium, Mohali, Chandigarh",1,0.2,Bengal,Assam,AR Easwaran,Abishek Porel,Mukhtar Hussain,0,0,,,,,,,,,
1383561,2023/24,2023-10-31,"Punjab Cricket Association IS Bindra Stadium, Mohali, Chandigarh",1,0.3,Bengal,Assam,AR Easwaran,Abishek Porel,Mukhtar Hussain,0,0,,,,,,,,,
1383561,2023/24,2023-10-31,"Punjab Cricket Association IS Bindra Stadium, Mohali, Chandigarh",1,0.4,Bengal,Assam,AR Easwaran,Abishek Porel,Mukhtar Hussain,0,0,,,,,,,,,
1383561,2023/24,2023-10-31,"Punjab Cricket Association IS Bindra Stadium, Mohali, Chandigarh",1,0.5,Bengal,Assam,AR Easwaran,Abishek Porel,Mukhtar Hussain,3,0,,,,,,,,,
1383561,2023/24,2023-10-31,"Punjab Cricket Association IS Bindra Stadium, Mohali, Chandigarh",1,0.6,Bengal,Assam,Abishek Porel,AR Easwaran,Mukhtar Hussain,0,0,,,,,,,,,
1383561,2023/24,2023-10-31,"Punjab Cricket Association IS Bindra Stadium, Mohali, Chandigarh",1,1.1,Bengal,Assam,AR Easwaran,Abishek Porel,Mrinmoy Dutta,0,0,,,,,,,,,
1383561,2023/24,2023-10-31,"Punjab Cricket Association IS Bindra Stadium, Mohali, Chandigarh",1,1.2,Bengal,Assam,AR Easwaran,Abishek Porel,Mrinmoy Dutta,1,0,,,,,,,,,
1383561,2023/24,2023-10-31,"Punjab Cricket Association IS Bindra Stadium, Mohali, Chandigarh",1,1.3,Bengal,Assam,Abishek Porel,AR Easwaran,Mrinmoy Dutta,0,0,,,,,,,,,
1383561,2023/24,2023-10-31,"Punjab Cricket Association IS Bindra Stadium, Mohali, Chandigarh",1,1.4,Bengal,Assam,Abishek Porel,AR Easwaran,Mrinmoy Dutta,0,0,,,,,,,,,
1383561,2023/24,2023-10-31,"Punjab Cricket Association IS Bindra Stadium, Mohali, Chandigarh",1,1.5,Bengal,Assam,Abishek Porel,AR Easwaran,Mrinmoy Dutta,1,0,,,,,,,,,
1383561,2023/24,2023-10-31,"Punjab Cricket Association IS Bindra Stadium, Mohali, Chandigarh",1,1.6,Bengal,Assam,AR Easwaran,Abishek Porel,Mrinmoy Dutta,0,0,,,,,,,,,
1383561,2023/24,2023-10-31,"Punjab Cricket Association IS Bindra Stadium, Mohali, Chandigarh",1,2.1,Bengal,Assam,Abishek Porel,AR Easwaran,Mukhtar Hussain,6,0,,,,,,,,,
1383561,2023/24,2023-10-31,"Punjab Cricket Association IS Bindra Stadium, Mohali, Chandigarh",1,2.2,Bengal,Assam,Abishek Porel,AR Easwaran,Mukhtar Hussain,0,0,,,,,,,,,
1383561,2023/24,2023-10-31,"Punjab Cricket Association IS Bindra Stadium, Mohali, Chandigarh",1,2.3,Bengal,Assam,Abishek Porel,AR Easwaran,Mukhtar Hussain,4,0,,,,,,,,,
1383561,2023/24,2023-10-31,"Punjab Cricket Association IS Bindra Stadium, Mohali, Chandigarh",1,2.4,Bengal,Assam,Abishek Porel,AR Easwaran,Mukhtar Hussain,1,0,,,,,,,,,
1383561,2023/24,2023-10-31,"Punjab Cricket Association IS Bindra Stadium, Mohali, Chandigarh",1,2.5,Bengal,Assam,AR Easwaran,Abishek Porel,Mukhtar Hussain,1,0,,,,,,,,,
1383561,2023/24,2023-10-31,"Punjab Cricket Association IS Bindra Stadium, Mohali, Chandigarh",1,2.6,Bengal,Assam,Abishek Porel,AR Easwaran,Mukhtar Hussain,0,0,,,,,,,,,
1383561,2023/24,2023-10-31,"Punjab Cricket Association IS Bindra Stadium, Mohali, Chandigarh",1,3.1,Bengal,Assam,AR Easwaran,Abishek Porel,Mrinmoy Dutta,4,0,,,,,,,,,
1383561,2023/24,2023-10-31,"Punjab Cricket Association IS Bindra Stadium, Mohali, Chandigarh",1,3.2,Bengal,Assam,AR Easwaran,Abishek Porel,Mrinmoy Dutta,0,0,,,,,,,,,
1383561,2023/24,2023-10-31,"Punjab Cricket Association IS Bindra Stadium, Mohali, Chandigarh",1,3.3,Bengal,Assam,AR Easwaran,Abishek Porel,Mrinmoy Dutta,4,1,,1,,,,,,,
1383561,2023/24,2023-10-31,"Punjab Cricket Association IS Bindra Stadium, Mohali, Chandigarh",1,3.4,Bengal,Assam,AR Easwaran,Abishek Porel,Mrinmoy Dutta,4,0,,,,,,,,,
1383561,2023/24,2023-10-31,"Punjab Cricket Association IS Bindra Stadium, Mohali, Chandigarh",1,3.5,Bengal,Assam,AR Easwaran,Abishek Porel,Mrinmoy Dutta,4,0,,,,,,,,,
1383561,2023/24,2023-10-31,"Punjab Cricket Association IS Bindra Stadium, Mohali, Chandigarh",1,3.6,Bengal,Assam,AR Easwaran,Abishek Porel,Mrinmoy Dutta,0,0,,,,,,caught,AR Easwaran,,
1383561,2023/24,2023-10-31,"Punjab Cricket Association IS Bindra Stadium, Mohali, Chandigarh",1,3.7,Bengal,Assam,SK Gharami,Abishek Porel,Mrinmoy Dutta,0,4,,,,4,,,,,
1383561,2023/24,2023-10-31,"Punjab Cricket Association IS Bindra Stadium, Mohali, Chandigarh",1,4.1,Bengal,Assam,Abishek Porel,SK Gharami,R Parag,4,0,,,,,,,,,
1383561,2023/24,2023-10-31,"Punjab Cricket Association IS Bindra Stadium, Mohali, Chandigarh",1,4.2,Bengal,Assam,Abishek Porel,SK Gharami,R Parag,3,0,,,,,,,,,
1383561,2023/24,2023-10-31,"Punjab Cricket Association IS Bindra Stadium, Mohali, Chandigarh",1,4.3,Bengal,Assam,SK Gharami,Abishek Porel,R Parag,0,0,,,,,,,,,
1383561,2023/24,2023-10-31,"Punjab Cricket Association IS Bindra Stadium, Mohali, Chandigarh",1,4.4,Bengal,Assam,SK Gharami,Abishek Porel,R Parag,0,0,,,,,,,,,
1383561,2023/24,2023-10-31,"Punjab Cricket Association IS Bindra Stadium, Mohali, Chandigarh",1,4.5,Bengal,Assam,SK Gharami,Abishek Porel,R Parag,0,0,,,,,,,,,
1383561,2023/24,2023-10-31,"Punjab Cricket Association IS Bindra Stadium, Mohali, Chandigarh",1,4.6,Bengal,Assam,SK Gharami,Abishek Porel,R Parag,1,0,,,,,,,,,
1383561,2023/24,2023-10-31,"Punjab Cricket Association IS Bindra Stadium, Mohali, Chandigarh",1,5.1,Bengal,Assam,SK Gharami,Abishek Porel,Akash Sengupta,0,0,,,,,,caught,SK Gharami,,
1383561,2023/24,2023-10-31,"Punjab Cricket Association IS Bindra Stadium, Mohali, Chandigarh",1,5.2,Bengal,Assam,RS Khaira,Abishek Porel,Akash Sengupta,1,0,,,,,,,,,
1383561,2023/24,2023-10-31,"Punjab Cricket Association IS Bindra Stadium, Mohali, Chandigarh",1,5.3,Bengal,Assam,Abishek Porel,RS Khaira,Akash Sengupta,1,0,,,,,,,,,
1383561,2023/24,2023-10-31,"Punjab Cricket Association IS Bindra Stadium, Mohali, Chandigarh",1,5.4,Bengal,Assam,RS Khaira,Abishek Porel,Akash Sengupta,0,0,,,,,,,,,
1383561,2023/24,2023-10-31,"Punjab Cricket Association IS Bindra Stadium, Mohali, Chandigarh",1,5.5,Bengal,Assam,RS Khaira,Abishek Porel,Akash Sengupta,0,0,,,,,,,,,
1383561,2023/24,2023-10-31,"Punjab Cricket Association IS Bindra Stadium, Mohali, Chandigarh",1,5.6,Bengal,Assam,RS Khaira,Abishek Porel,Akash Sengupta,0,0,,,,,,,,,
1383561,2023/24,2023-10-31,"Punjab Cricket Association IS Bindra Stadium, Mohali, Chandigarh",1,6.1,Bengal,Assam,Abishek Porel,RS Khaira,R Parag,1,0,,,,,,,,,
1383561,2023/24,2023-10-31,"Punjab Cricket Association IS Bindra Stadium, Mohali, Chandigarh",1,6.2,Bengal,Assam,RS Khaira,Abishek Porel,R Parag,1,0,,,,,,,,,
1383561,2023/24,2023-10-31,"Punjab Cricket Association IS Bindra Stadium, Mohali, Chandigarh",1,6.3,Bengal,Assam,Abishek Porel,RS Khaira,R Parag,1,0,,,,,,,,,
1383561,2023/24,2023-10-31,"Punjab Cricket Association IS Bindra Stadium, Mohali, Chandigarh",1,6.4,Bengal,Assam,RS Khaira,Abishek Porel,R Parag,2,0,,,,,,,,,
1383561,2023/24,2023-10-31,"Punjab Cricket Association IS Bindra Stadium, Mohali, Chandigarh",1,6.5,Bengal,Assam,RS Khaira,Abishek Porel,R Parag,0,0,,,,,,lbw,RS Khaira,,
1383561,2023/24,2023-10-31,"Punjab Cricket Association IS Bindra Stadium, Mohali, Chandigarh",1,6.6,Bengal,Assam,S Habib Gandhi,Abishek Porel,R Parag,0,0,,,,,,,,,
1383561,2023/24,2023-10-31,"Punjab Cricket Association IS Bindra Stadium, Mohali, Chandigarh",1,7.1,Bengal,Assam,Abishek Porel,S Habib Gandhi,Akash Sengupta,1,0,,,,,,,,,
1383561,2023/24,2023-10-31,"Punjab Cricket Association IS Bindra Stadium, Mohali, Chandigarh",1,7.2,Bengal,Assam,S Habib Gandhi,Abishek Porel,Akash Sengupta,1,0,,,,,,,,,
1383561,2023/24,2023-10-31,"Punjab Cricket Association IS Bindra Stadium, Mohali, Chandigarh",1,7.3,Bengal,Assam,Abishek Porel,S Habib Gandhi,Akash Sengupta,0,0,,,,,,caught,Abishek Porel,,
1383561,2023/24,2023-10-31,"Punjab Cricket Association IS Bindra Stadium, Mohali, Chandigarh",1,7.4,Bengal,Assam,Ritwik Roy Chowdhury,S Habib Gandhi,Akash Sengupta,0,0,,,,,,,,,
1383561,2023/24,2023-10-31,"Punjab Cricket Association IS Bindra Stadium, Mohali, Chandigarh",1,7.5,Bengal,Assam,Ritwik Roy Chowdhury,S Habib Gandhi,Akash Sengupta,2,0,,,,,,,,,
1383561,2023/24,2023-10-31,"Punjab Cricket Association IS Bindra Stadium, Mohali, Chandigarh",1,7.6,Bengal,Assam,Ritwik Roy Chowdhury,S Habib Gandhi,Akash Sengupta,1,0,,,,,,,,,
1383561,2023/24,2023-10-31,"Punjab Cricket Association IS Bindra Stadium, Mohali, Chandigarh",1,8.1,Bengal,Assam,Ritwik Roy Chowdhury,S Habib Gandhi,Sibsankar Roy,1,0,,,,,,,,,
1383561,2023/24,2023-10-31,"Punjab Cricket Association IS Bindra Stadium, Mohali, Chandigarh",1,8.2,Bengal,Assam,S Habib Gandhi,Ritwik Roy Chowdhury,Sibsankar Roy,1,0,,,,,,,,,
1383561,2023/24,2023-10-31,"Punjab Cricket Association IS Bindra Stadium, Mohali, Chandigarh",1,8.3,Bengal,Assam,Ritwik Roy Chowdhury,S Habib Gandhi,Sibsankar Roy,0,0,,,,,,,,,
1383561,2023/24,2023-10-31,"Punjab Cricket Association IS Bindra Stadium, Mohali, Chandigarh",1,8.4,Bengal,Assam,Ritwik Roy Chowdhury,S Habib Gandhi,Sibsankar Roy,1,0,,,,,,,,,
1383561,2023/24,2023-10-31,"Punjab Cricket Association IS Bindra Stadium, Mohali, Chandigarh",1,8.5,Bengal,Assam,S Habib Gandhi,Ritwik Roy Chowdhury,Sibsankar Roy,0,0,,,,,,,,,
1383561,2023/24,2023-10-31,"Punjab Cricket Association IS Bindra Stadium, Mohali, Chandigarh",1,8.6,Bengal,Assam,S Habib Gandhi,Ritwik Roy Chowdhury,Sibsankar Roy,0,0,,,,,,,,,
1383561,2023/24,2023-10-31,"Punjab Cricket Association IS Bindra Stadium, Mohali, Chandigarh",1,9.1,Bengal,Assam,Ritwik Roy Chowdhury,S Habib Gandhi,AA Choudhury,4,0,,,,,,,,,
1383561,2023/24,2023-10-31,"Punjab Cricket Association IS Bindra Stadium, Mohali, Chandigarh",1,9.2,Bengal,Assam,Ritwik Roy Chowdhury,S Habib Gandhi,AA Choudhury,0,0,,,,,,,,,
1383561,2023/24,2023-10-31,"Punjab Cricket Association IS Bindra Stadium, Mohali, Chandigarh",1,9.3,Bengal,Assam,Ritwik Roy Chowdhury,S Habib Gandhi,AA Choudhury,1,0,,,,,,,,,
1383561,2023/24,2023-10-31,"Punjab Cricket Association IS Bindra Stadium, Mohali, Chandigarh",1,9.4,Bengal,Assam,S Habib Gandhi,Ritwik Roy Chowdhury,AA Choudhury,4,0,,,,,,,,,
1383561,2023/24,2023-10-31,"Punjab Cricket Association IS Bindra Stadium, Mohali, Chandigarh",1,9.5,Bengal,Assam,S Habib Gandhi,Ritwik Roy Chowdhury,AA Choudhury,1,0,,,,,,,,,
1383561,2023/24,2023-10-31,"Punjab Cricket Association IS Bindra Stadium, Mohali, Chandigarh",1,9.6,Bengal,Assam,Ritwik Roy Chowdhury,S Habib Gandhi,AA Choudhury,1,0,,,,,,,,,
1383561,2023/24,2023-10-31,"Punjab Cricket Association IS Bindra Stadium, Mohali, Chandigarh",1,10.1,Bengal,Assam,Ritwik Roy Chowdhury,S Habib Gandhi,Sourav Dey,1,0,,,,,,,,,
1383561,2023/24,2023-10-31,"Punjab Cricket Association IS Bindra Stadium, Mohali, Chandigarh",1,10.2,Bengal,Assam,S Habib Gandhi,Ritwik Roy Chowdhury,Sourav Dey,1,0,,,,,,,,,
1383561,2023/24,2023-10-31,"Punjab Cricket Association IS Bindra Stadium, Mohali, Chandigarh",1,10.3,Bengal,Assam,Ritwik Roy Chowdhury,S Habib Gandhi,Sourav Dey,1,0,,,,,,,,,
1383561,2023/24,2023-10-31,"Punjab Cricket Association IS Bindra Stadium, Mohali, Chandigarh",1,10.4,Bengal,Assam,S Habib Gandhi,Ritwik Roy Chowdhury,Sourav Dey,0,0,,,,,,,,,
1383561,2023/24,2023-10-31,"Punjab Cricket Association IS Bindra Stadium, Mohali, Chandigarh",1,10.5,Bengal,Assam,S Habib Gandhi,Ritwik Roy Chowdhury,Sourav Dey,0,0,,,,,,,,,
1383561,2023/24,2023-10-31,"Punjab Cricket Association IS Bindra Stadium, Mohali, Chandigarh",1,10.6,Bengal,Assam,S Habib Gandhi,Ritwik Roy Chowdhury,Sourav Dey,0,0,,,,,,,,,
1383561,2023/24,2023-10-31,"Punjab Cricket Association IS Bindra Stadium, Mohali, Chandigarh",1,11.1,Bengal,Assam,Ritwik Roy Chowdhury,S Habib Gandhi,R Parag,0,0,,,,,,,,,
1383561,2023/24,2023-10-31,"Punjab Cricket Association IS Bindra Stadium, Mohali, Chandigarh",1,11.2,Bengal,Assam,Ritwik Roy Chowdhury,S Habib Gandhi,R Parag,1,0,,,,,,,,,
1383561,2023/24,2023-10-31,"Punjab Cricket Association IS Bindra Stadium, Mohali, Chandigarh",1,11.3,Bengal,Assam,S Habib Gandhi,Ritwik Roy Chowdhury,R Parag,4,0,,,,,,,,,
1383561,2023/24,2023-10-31,"Punjab Cricket Association IS Bindra Stadium, Mohali, Chandigarh",1,11.4,Bengal,Assam,S Habib Gandhi,Ritwik Roy Chowdhury,R Parag,0,0,,,,,,stumped,S Habib Gandhi,,
1383561,2023/24,2023-10-31,"Punjab Cricket Association IS Bindra Stadium, Mohali, Chandigarh",1,11.5,Bengal,Assam,Shahbaz Ahmed,Ritwik Roy Chowdhury,R Parag,1,0,,,,,,,,,
1383561,2023/24,2023-10-31,"Punjab Cricket Association IS Bindra Stadium, Mohali, Chandigarh",1,11.6,Bengal,Assam,Ritwik Roy Chowdhury,Shahbaz Ahmed,R Parag,0,0,,,,,,,,,
1383561,2023/24,2023-10-31,"Punjab Cricket Association IS Bindra Stadium, Mohali, Chandigarh",1,12.1,Bengal,Assam,Shahbaz Ahmed,Ritwik Roy Chowdhury,Sourav Dey,2,0,,,,,,,,,
1383561,2023/24,2023-10-31,"Punjab Cricket Association IS Bindra Stadium, Mohali, Chandigarh",1,12.2,Bengal,Assam,Shahbaz Ahmed,Ritwik Roy Chowdhury,Sourav Dey,1,0,,,,,,,,,
1383561,2023/24,2023-10-31,"Punjab Cricket Association IS Bindra Stadium, Mohali, Chandigarh",1,12.3,Bengal,Assam,Ritwik Roy Chowdhury,Shahbaz Ahmed,Sourav Dey,0,0,,,,,,caught,Ritwik Roy Chowdhury,,
1383561,2023/24,2023-10-31,"Punjab Cricket Association IS Bindra Stadium, Mohali, Chandigarh",1,12.4,Bengal,Assam,Karan Lal,Shahbaz Ahmed,Sourav Dey,1,0,,,,,,,,,
1383561,2023/24,2023-10-31,"Punjab Cricket Association IS Bindra Stadium, Mohali, Chandigarh",1,12.5,Bengal,Assam,Shahbaz Ahmed,Karan Lal,Sourav Dey,0,0,,,,,,,,,
1383561,2023/24,2023-10-31,"Punjab Cricket Association IS Bindra Stadium, Mohali, Chandigarh",1,12.6,Bengal,Assam,Shahbaz Ahmed,Karan Lal,Sourav Dey,1,0,,,,,,,,,
1383561,2023/24,2023-10-31,"Punjab Cricket Association IS Bindra Stadium, Mohali, Chandigarh",1,13.1,Bengal,Assam,Shahbaz Ahmed,Karan Lal,Sibsankar Roy,0,0,,,,,,caught,Shahbaz Ahmed,,
1383561,2023/24,2023-10-31,"Punjab Cricket Association IS Bindra Stadium, Mohali, Chandigarh",1,13.2,Bengal,Assam,Kaushik Maity,Karan Lal,Sibsankar Roy,1,0,,,,,,,,,
1383561,2023/24,2023-10-31,"Punjab Cricket Association IS Bindra Stadium, Mohali, Chandigarh",1,13.3,Bengal,Assam,Karan Lal,Kaushik Maity,Sibsankar Roy,1,0,,,,,,,,,
1383561,2023/24,2023-10-31,"Punjab Cricket Association IS Bindra Stadium, Mohali, Chandigarh",1,13.4,Bengal,Assam,Kaushik Maity,Karan Lal,Sibsankar Roy,1,0,,,,,,,,,
1383561,2023/24,2023-10-31,"Punjab Cricket Association IS Bindra Stadium, Mohali, Chandigarh",1,13.5,Bengal,Assam,Karan Lal,Kaushik Maity,Sibsankar Roy,0,0,,,,,,,,,
1383561,2023/24,2023-10-31,"Punjab Cricket Association IS Bindra Stadium, Mohali, Chandigarh",1,13.6,Bengal,Assam,Karan Lal,Kaushik Maity,Sibsankar Roy,0,0,,,,,,,,,
1383561,2023/24,2023-10-31,"Punjab Cricket Association IS Bindra Stadium, Mohali, Chandigarh",1,14.1,Bengal,Assam,Kaushik Maity,Karan Lal,Sourav Dey,1,0,,,,,,,,,
1383561,2023/24,2023-10-31,"Punjab Cricket Association IS Bindra Stadium, Mohali, Chandigarh",1,14.2,Bengal,Assam,Karan Lal,Kaushik Maity,Sourav Dey,1,0,,,,,,,,,
1383561,2023/24,2023-10-31,"Punjab Cricket Association IS Bindra Stadium, Mohali, Chandigarh",1,14.3,Bengal,Assam,Kaushik Maity,Karan Lal,Sourav Dey,2,0,,,,,,,,,
1383561,2023/24,2023-10-31,"Punjab Cricket Association IS Bindra Stadium, Mohali, Chandigarh",1,14.4,Bengal,Assam,Kaushik Maity,Karan Lal,Sourav Dey,0,0,,,,,,,,,
1383561,2023/24,2023-10-31,"Punjab Cricket Association IS Bindra Stadium, Mohali, Chandigarh",1,14.5,Bengal,Assam,Kaushik Maity,Karan Lal,Sourav Dey,1,0,,,,,,,,,
1383561,2023/24,2023-10-31,"Punjab Cricket Association IS Bindra Stadium, Mohali, Chandigarh",1,14.6,Bengal,Assam,Karan Lal,Kaushik Maity,Sourav Dey,1,0,,,,,,,,,
1383561,2023/24,2023-10-31,"Punjab Cricket Association IS Bindra Stadium, Mohali, Chandigarh",1,15.1,Bengal,Assam,Karan Lal,Kaushik Maity,R Parag,1,0,,,,,,,,,
1383561,2023/24,2023-10-31,"Punjab Cricket Association IS Bindra Stadium, Mohali, Chandigarh",1,15.2,Bengal,Assam,Kaushik Maity,Karan Lal,R Parag,0,0,,,,,,,,,
1383561,2023/24,2023-10-31,"Punjab Cricket Association IS Bindra Stadium, Mohali, Chandigarh",1,15.3,Bengal,Assam,Kaushik Maity,Karan Lal,R Parag,1,0,,,,,,,,,
1383561,2023/24,2023-10-31,"Punjab Cricket Association IS Bindra Stadium, Mohali, Chandigarh",1,15.4,Bengal,Assam,Karan Lal,Kaushik Maity,R Parag,1,0,,,,,,,,,
1383561,2023/24,2023-10-31,"Punjab Cricket Association IS Bindra Stadium, Mohali, Chandigarh",1,15.5,Bengal,Assam,Kaushik Maity,Karan Lal,R Parag,0,0,,,,,,,,,
1383561,2023/24,2023-10-31,"Punjab Cricket Association IS Bindra Stadium, Mohali, Chandigarh",1,15.6,Bengal,Assam,Kaushik Maity,Karan Lal,R Parag,1,0,,,,,,,,,
1383561,2023/24,2023-10-31,"Punjab Cricket Association IS Bindra Stadium, Mohali, Chandigarh",1,16.1,Bengal,Assam,Kaushik Maity,Karan Lal,AA Choudhury,1,0,,,,,,,,,
1383561,2023/24,2023-10-31,"Punjab Cricket Association IS Bindra Stadium, Mohali, Chandigarh",1,16.2,Bengal,Assam,Karan Lal,Kaushik Maity,AA Choudhury,0,0,,,,,,,,,
1383561,2023/24,2023-10-31,"Punjab Cricket Association IS Bindra Stadium, Mohali, Chandigarh",1,16.3,Bengal,Assam,Karan Lal,Kaushik Maity,AA Choudhury,1,0,,,,,,,,,
1383561,2023/24,2023-10-31,"Punjab Cricket Association IS Bindra Stadium, Mohali, Chandigarh",1,16.4,Bengal,Assam,Kaushik Maity,Karan Lal,AA Choudhury,1,0,,,,,,,,,
1383561,2023/24,2023-10-31,"Punjab Cricket Association IS Bindra Stadium, Mohali, Chandigarh",1,16.5,Bengal,Assam,Karan Lal,Kaushik Maity,AA Choudhury,1,0,,,,,,,,,
1383561,2023/24,2023-10-31,"Punjab Cricket Association IS Bindra Stadium, Mohali, Chandigarh",1,16.6,Bengal,Assam,Kaushik Maity,Karan Lal,AA Choudhury,2,0,,,,,,,,,
1383561,2023/24,2023-10-31,"Punjab Cricket Association IS Bindra Stadium, Mohali, Chandigarh",1,17.1,Bengal,Assam,Karan Lal,Kaushik Maity,Akash Sengupta,1,0,,,,,,,,,
1383561,2023/24,2023-10-31,"Punjab Cricket Association IS Bindra Stadium, Mohali, Chandigarh",1,17.2,Bengal,Assam,Kaushik Maity,Karan Lal,Akash Sengupta,1,0,,,,,,,,,
1383561,2023/24,2023-10-31,"Punjab Cricket Association IS Bindra Stadium, Mohali, Chandigarh",1,17.3,Bengal,Assam,Karan Lal,Kaushik Maity,Akash Sengupta,1,0,,,,,,,,,
1383561,2023/24,2023-10-31,"Punjab Cricket Association IS Bindra Stadium, Mohali, Chandigarh",1,17.4,Bengal,Assam,Kaushik Maity,Karan Lal,Akash Sengupta,1,0,,,,,,,,,
1383561,2023/24,2023-10-31,"Punjab Cricket Association IS Bindra Stadium, Mohali, Chandigarh",1,17.5,Bengal,Assam,Karan Lal,Kaushik Maity,Akash Sengupta,1,0,,,,,,,,,
1383561,2023/24,2023-10-31,"Punjab Cricket Association IS Bindra Stadium, Mohali, Chandigarh",1,17.6,Bengal,Assam,Kaushik Maity,Karan Lal,Akash Sengupta,1,0,,,,,,,,,
1383561,2023/24,2023-10-31,"Punjab Cricket Association IS Bindra Stadium, Mohali, Chandigarh",1,18.1,Bengal,Assam,Kaushik Maity,Karan Lal,Sourav Dey,1,0,,,,,,,,,
1383561,2023/24,2023-10-31,"Punjab Cricket Association IS Bindra Stadium, Mohali, Chandigarh",1,18.2,Bengal,Assam,Karan Lal,Kaushik Maity,Sourav Dey,0,0,,,,,,,,,
1383561,2023/24,2023-10-31,"Punjab Cricket Association IS Bindra Stadium, Mohali, Chandigarh",1,18.3,Bengal,Assam,Karan Lal,Kaushik Maity,Sourav Dey,2,0,,,,,,,,,
1383561,2023/24,2023-10-31,"Punjab Cricket Association IS Bindra Stadium, Mohali, Chandigarh",1,18.4,Bengal,Assam,Karan Lal,Kaushik Maity,Sourav Dey,1,0,,,,,,,,,
1383561,2023/24,2023-10-31,"Punjab Cricket Association IS Bindra Stadium, Mohali, Chandigarh",1,18.5,Bengal,Assam,Kaushik Maity,Karan Lal,Sourav Dey,1,0,,,,,,,,,
1383561,2023/24,2023-10-31,"Punjab Cricket Association IS Bindra Stadium, Mohali, Chandigarh",1,18.6,Bengal,Assam,Karan Lal,Kaushik Maity,Sourav Dey,6,0,,,,,,,,,
1383561,2023/24,2023-10-31,"Punjab Cricket Association IS Bindra Stadium, Mohali, Chandigarh",1,19.1,Bengal,Assam,Kaushik Maity,Karan Lal,Akash Sengupta,1,0,,,,,,,,,
1383561,2023/24,2023-10-31,"Punjab Cricket Association IS Bindra Stadium, Mohali, Chandigarh",1,19.2,Bengal,Assam,Karan Lal,Kaushik Maity,Akash Sengupta,4,0,,,,,,,,,
1383561,2023/24,2023-10-31,"Punjab Cricket Association IS Bindra Stadium, Mohali, Chandigarh",1,19.3,Bengal,Assam,Karan Lal,Kaushik Maity,Akash Sengupta,0,0,,,,,,caught,Karan Lal,,
1383561,2023/24,2023-10-31,"Punjab Cricket Association IS Bindra Stadium, Mohali, Chandigarh",1,19.4,Bengal,Assam,Akash Deep,Kaushik Maity,Akash Sengupta,0,0,,,,,,,,,
1383561,2023/24,2023-10-31,"Punjab Cricket Association IS Bindra Stadium, Mohali, Chandigarh",1,19.5,Bengal,Assam,Akash Deep,Kaushik Maity,Akash Sengupta,1,0,,,,,,,,,
1383561,2023/24,2023-10-31,"Punjab Cricket Association IS Bindra Stadium, Mohali, Chandigarh",1,19.6,Bengal,Assam,Kaushik Maity,Akash Deep,Akash Sengupta,3,1,,1,,,,,,,
1383561,2023/24,2023-10-31,"Punjab Cricket Association IS Bindra Stadium, Mohali, Chandigarh",1,19.7,Bengal,Assam,Akash Deep,Kaushik Maity,Akash Sengupta,6,0,,,,,,,,,
1383561,2023/24,2023-10-31,"Punjab Cricket Association IS Bindra Stadium, Mohali, Chandigarh",2,0.1,Assam,Bengal,Rishav Das,Denish Das,Akash Deep,4,0,,,,,,,,,
1383561,2023/24,2023-10-31,"Punjab Cricket Association IS Bindra Stadium, Mohali, Chandigarh",2,0.2,Assam,Bengal,Rishav Das,Denish Das,Akash Deep,1,0,,,,,,,,,
1383561,2023/24,2023-10-31,"Punjab Cricket Association IS Bindra Stadium, Mohali, Chandigarh",2,0.3,Assam,Bengal,Denish Das,Rishav Das,Akash Deep,0,0,,,,,,,,,
1383561,2023/24,2023-10-31,"Punjab Cricket Association IS Bindra Stadium, Mohali, Chandigarh",2,0.4,Assam,Bengal,Denish Das,Rishav Das,Akash Deep,4,0,,,,,,,,,
1383561,2023/24,2023-10-31,"Punjab Cricket Association IS Bindra Stadium, Mohali, Chandigarh",2,0.5,Assam,Bengal,Denish Das,Rishav Das,Akash Deep,0,0,,,,,,,,,
1383561,2023/24,2023-10-31,"Punjab Cricket Association IS Bindra Stadium, Mohali, Chandigarh",2,0.6,Assam,Bengal,Denish Das,Rishav Das,Akash Deep,0,0,,,,,,,,,
1383561,2023/24,2023-10-31,"Punjab Cricket Association IS Bindra Stadium, Mohali, Chandigarh",2,1.1,Assam,Bengal,Rishav Das,Denish Das,Mukesh Kumar,0,0,,,,,,,,,
1383561,2023/24,2023-10-31,"Punjab Cricket Association IS Bindra Stadium, Mohali, Chandigarh",2,1.2,Assam,Bengal,Rishav Das,Denish Das,Mukesh Kumar,0,0,,,,,,,,,
1383561,2023/24,2023-10-31,"Punjab Cricket Association IS Bindra Stadium, Mohali, Chandigarh",2,1.3,Assam,Bengal,Rishav Das,Denish Das,Mukesh Kumar,1,0,,,,,,,,,
1383561,2023/24,2023-10-31,"Punjab Cricket Association IS Bindra Stadium, Mohali, Chandigarh",2,1.4,Assam,Bengal,Denish Das,Rishav Das,Mukesh Kumar,1,0,,,,,,,,,
1383561,2023/24,2023-10-31,"Punjab Cricket Association IS Bindra Stadium, Mohali, Chandigarh",2,1.5,Assam,Bengal,Rishav Das,Denish Das,Mukesh Kumar,1,0,,,,,,,,,
1383561,2023/24,2023-10-31,"Punjab Cricket Association IS Bindra Stadium, Mohali, Chandigarh",2,1.6,Assam,Bengal,Denish Das,Rishav Das,Mukesh Kumar,1,0,,,,,,,,,
1383561,2023/24,2023-10-31,"Punjab Cricket Association IS Bindra Stadium, Mohali, Chandigarh",2,2.1,Assam,Bengal,Denish Das,Rishav Das,Akash Deep,0,0,,,,,,,,,
1383561,2023/24,2023-10-31,"Punjab Cricket Association IS Bindra Stadium, Mohali, Chandigarh",2,2.2,Assam,Bengal,Denish Das,Rishav Das,Akash Deep,0,0,,,,,,,,,
1383561,2023/24,2023-10-31,"Punjab Cricket Association IS Bindra Stadium, Mohali, Chandigarh",2,2.3,Assam,Bengal,Denish Das,Rishav Das,Akash Deep,3,0,,,,,,,,,
1383561,2023/24,2023-10-31,"Punjab Cricket Association IS Bindra Stadium, Mohali, Chandigarh",2,2.4,Assam,Bengal,Rishav Das,Denish Das,Akash Deep,1,0,,,,,,,,,
1383561,2023/24,2023-10-31,"Punjab Cricket Association IS Bindra Stadium, Mohali, Chandigarh",2,2.5,Assam,Bengal,Denish Das,Rishav Das,Akash Deep,0,0,,,,,,,,,
1383561,2023/24,2023-10-31,"Punjab Cricket Association IS Bindra Stadium, Mohali, Chandigarh",2,2.6,Assam,Bengal,Denish Das,Rishav Das,Akash Deep,0,0,,,,,,,,,
1383561,2023/24,2023-10-31,"Punjab Cricket Association IS Bindra Stadium, Mohali, Chandigarh",2,3.1,Assam,Bengal,Rishav Das,Denish Das,IC Porel,1,0,,,,,,,,,
1383561,2023/24,2023-10-31,"Punjab Cricket Association IS Bindra Stadium, Mohali, Chandigarh",2,3.2,Assam,Bengal,Denish Das,Rishav Das,IC Porel,0,1,,,,1,,,,,
1383561,2023/24,2023-10-31,"Punjab Cricket Association IS Bindra Stadium, Mohali, Chandigarh",2,3.3,Assam,Bengal,Rishav Das,Denish Das,IC Porel,4,0,,,,,,,,,
1383561,2023/24,2023-10-31,"Punjab Cricket Association IS Bindra Stadium, Mohali, Chandigarh",2,3.4,Assam,Bengal,Rishav Das,Denish Das,IC Porel,1,0,,,,,,,,,
1383561,2023/24,2023-10-31,"Punjab Cricket Association IS Bindra Stadium, Mohali, Chandigarh",2,3.5,Assam,Bengal,Denish Das,Rishav Das,IC Porel,1,0,,,,,,,,,
1383561,2023/24,2023-10-31,"Punjab Cricket Association IS Bindra Stadium, Mohali, Chandigarh",2,3.6,Assam,Bengal,Rishav Das,Denish Das,IC Porel,2,0,,,,,,,,,
1383561,2023/24,2023-10-31,"Punjab Cricket Association IS Bindra Stadium, Mohali, Chandigarh",2,4.1,Assam,Bengal,Denish Das,Rishav Das,Mukesh Kumar,0,0,,,,,,,,,
1383561,2023/24,2023-10-31,"Punjab Cricket Association IS Bindra Stadium, Mohali, Chandigarh",2,4.2,Assam,Bengal,Denish Das,Rishav Das,Mukesh Kumar,0,0,,,,,,caught,Denish Das,,
1383561,2023/24,2023-10-31,"Punjab Cricket Association IS Bindra Stadium, Mohali, Chandigarh",2,4.3,Assam,Bengal,BA Roy,Rishav Das,Mukesh Kumar,0,0,,,,,,,,,
1383561,2023/24,2023-10-31,"Punjab Cricket Association IS Bindra Stadium, Mohali, Chandigarh",2,4.4,Assam,Bengal,BA Roy,Rishav Das,Mukesh Kumar,0,0,,,,,,,,,
1383561,2023/24,2023-10-31,"Punjab Cricket Association IS Bindra Stadium, Mohali, Chandigarh",2,4.5,Assam,Bengal,BA Roy,Rishav Das,Mukesh Kumar,4,0,,,,,,,,,
1383561,2023/24,2023-10-31,"Punjab Cricket Association IS Bindra Stadium, Mohali, Chandigarh",2,4.6,Assam,Bengal,BA Roy,Rishav Das,Mukesh Kumar,4,0,,,,,,,,,
1383561,2023/24,2023-10-31,"Punjab Cricket Association IS Bindra Stadium, Mohali, Chandigarh",2,5.1,Assam,Bengal,Rishav Das,BA Roy,IC Porel,1,0,,,,,,,,,
1383561,2023/24,2023-10-31,"Punjab Cricket Association IS Bindra Stadium, Mohali, Chandigarh",2,5.2,Assam,Bengal,BA Roy,Rishav Das,IC Porel,1,0,,,,,,,,,
1383561,2023/24,2023-10-31,"Punjab Cricket Association IS Bindra Stadium, Mohali, Chandigarh",2,5.3,Assam,Bengal,Rishav Das,BA Roy,IC Porel,0,0,,,,,,,,,
1383561,2023/24,2023-10-31,"Punjab Cricket Association IS Bindra Stadium, Mohali, Chandigarh",2,5.4,Assam,Bengal,Rishav Das,BA Roy,IC Porel,2,0,,,,,,,,,
1383561,2023/24,2023-10-31,"Punjab Cricket Association IS Bindra Stadium, Mohali, Chandigarh",2,5.5,Assam,Bengal,Rishav Das,BA Roy,IC Porel,2,0,,,,,,,,,
1383561,2023/24,2023-10-31,"Punjab Cricket Association IS Bindra Stadium, Mohali, Chandigarh",2,5.6,Assam,Bengal,Rishav Das,BA Roy,IC Porel,1,0,,,,,,,,,
1383561,2023/24,2023-10-31,"Punjab Cricket Association IS Bindra Stadium, Mohali, Chandigarh",2,6.1,Assam,Bengal,Rishav Das,BA Roy,Mukesh Kumar,4,0,,,,,,,,,
1383561,2023/24,2023-10-31,"Punjab Cricket Association IS Bindra Stadium, Mohali, Chandigarh",2,6.2,Assam,Bengal,Rishav Das,BA Roy,Mukesh Kumar,1,0,,,,,,,,,
1383561,2023/24,2023-10-31,"Punjab Cricket Association IS Bindra Stadium, Mohali, Chandigarh",2,6.3,Assam,Bengal,BA Roy,Rishav Das,Mukesh Kumar,0,0,,,,,,,,,
1383561,2023/24,2023-10-31,"Punjab Cricket Association IS Bindra Stadium, Mohali, Chandigarh",2,6.4,Assam,Bengal,BA Roy,Rishav Das,Mukesh Kumar,0,0,,,,,,,,,
1383561,2023/24,2023-10-31,"Punjab Cricket Association IS Bindra Stadium, Mohali, Chandigarh",2,6.5,Assam,Bengal,BA Roy,Rishav Das,Mukesh Kumar,4,0,,,,,,,,,
1383561,2023/24,2023-10-31,"Punjab Cricket Association IS Bindra Stadium, Mohali, Chandigarh",2,6.6,Assam,Bengal,BA Roy,Rishav Das,Mukesh Kumar,0,0,,,,,,,,,
1383561,2023/24,2023-10-31,"Punjab Cricket Association IS Bindra Stadium, Mohali, Chandigarh",2,7.1,Assam,Bengal,Rishav Das,BA Roy,Shahbaz Ahmed,0,0,,,,,,,,,
1383561,2023/24,2023-10-31,"Punjab Cricket Association IS Bindra Stadium, Mohali, Chandigarh",2,7.2,Assam,Bengal,Rishav Das,BA Roy,Shahbaz Ahmed,1,0,,,,,,,,,
1383561,2023/24,2023-10-31,"Punjab Cricket Association IS Bindra Stadium, Mohali, Chandigarh",2,7.3,Assam,Bengal,BA Roy,Rishav Das,Shahbaz Ahmed,0,0,,,,,,,,,
1383561,2023/24,2023-10-31,"Punjab Cricket Association IS Bindra Stadium, Mohali, Chandigarh",2,7.4,Assam,Bengal,BA Roy,Rishav Das,Shahbaz Ahmed,1,0,,,,,,,,,
1383561,2023/24,2023-10-31,"Punjab Cricket Association IS Bindra Stadium, Mohali, Chandigarh",2,7.5,Assam,Bengal,Rishav Das,BA Roy,Shahbaz Ahmed,0,0,,,,,,,,,
1383561,2023/24,2023-10-31,"Punjab Cricket Association IS Bindra Stadium, Mohali, Chandigarh",2,7.6,Assam,Bengal,Rishav Das,BA Roy,Shahbaz Ahmed,0,0,,,,,,,,,
1383561,2023/24,2023-10-31,"Punjab Cricket Association IS Bindra Stadium, Mohali, Chandigarh",2,8.1,Assam,Bengal,BA Roy,Rishav Das,Kaushik Maity,0,0,,,,,,,,,
1383561,2023/24,2023-10-31,"Punjab Cricket Association IS Bindra Stadium, Mohali, Chandigarh",2,8.2,Assam,Bengal,BA Roy,Rishav Das,Kaushik Maity,1,0,,,,,,,,,
1383561,2023/24,2023-10-31,"Punjab Cricket Association IS Bindra Stadium, Mohali, Chandigarh",2,8.3,Assam,Bengal,Rishav Das,BA Roy,Kaushik Maity,0,0,,,,,,,,,
1383561,2023/24,2023-10-31,"Punjab Cricket Association IS Bindra Stadium, Mohali, Chandigarh",2,8.4,Assam,Bengal,Rishav Das,BA Roy,Kaushik Maity,2,0,,,,,,,,,
1383561,2023/24,2023-10-31,"Punjab Cricket Association IS Bindra Stadium, Mohali, Chandigarh",2,8.5,Assam,Bengal,Rishav Das,BA Roy,Kaushik Maity,1,0,,,,,,,,,
1383561,2023/24,2023-10-31,"Punjab Cricket Association IS Bindra Stadium, Mohali, Chandigarh",2,8.6,Assam,Bengal,BA Roy,Rishav Das,Kaushik Maity,0,0,,,,,,,,,
1383561,2023/24,2023-10-31,"Punjab Cricket Association IS Bindra Stadium, Mohali, Chandigarh",2,9.1,Assam,Bengal,Rishav Das,BA Roy,Shahbaz Ahmed,0,0,,,,,,caught,Rishav Das,,
1383561,2023/24,2023-10-31,"Punjab Cricket Association IS Bindra Stadium, Mohali, Chandigarh",2,9.2,Assam,Bengal,R Parag,BA Roy,Shahbaz Ahmed,0,0,,,,,,,,,
1383561,2023/24,2023-10-31,"Punjab Cricket Association IS Bindra Stadium, Mohali, Chandigarh",2,9.3,Assam,Bengal,R Parag,BA Roy,Shahbaz Ahmed,1,0,,,,,,,,,
1383561,2023/24,2023-10-31,"Punjab Cricket Association IS Bindra Stadium, Mohali, Chandigarh",2,9.4,Assam,Bengal,BA Roy,R Parag,Shahbaz Ahmed,0,0,,,,,,,,,
1383561,2023/24,2023-10-31,"Punjab Cricket Association IS Bindra Stadium, Mohali, Chandigarh",2,9.5,Assam,Bengal,BA Roy,R Parag,Shahbaz Ahmed,0,0,,,,,,,,,
1383561,2023/24,2023-10-31,"Punjab Cricket Association IS Bindra Stadium, Mohali, Chandigarh",2,9.6,Assam,Bengal,BA Roy,R Parag,Shahbaz Ahmed,2,0,,,,,,,,,
1383561,2023/24,2023-10-31,"Punjab Cricket Association IS Bindra Stadium, Mohali, Chandigarh",2,10.1,Assam,Bengal,R Parag,BA Roy,Kaushik Maity,6,0,,,,,,,,,
1383561,2023/24,2023-10-31,"Punjab Cricket Association IS Bindra Stadium, Mohali, Chandigarh",2,10.2,Assam,Bengal,R Parag,BA Roy,Kaushik Maity,1,0,,,,,,,,,
1383561,2023/24,2023-10-31,"Punjab Cricket Association IS Bindra Stadium, Mohali, Chandigarh",2,10.3,Assam,Bengal,BA Roy,R Parag,Kaushik Maity,1,0,,,,,,,,,
1383561,2023/24,2023-10-31,"Punjab Cricket Association IS Bindra Stadium, Mohali, Chandigarh",2,10.4,Assam,Bengal,R Parag,BA Roy,Kaushik Maity,0,0,,,,,,,,,
1383561,2023/24,2023-10-31,"Punjab Cricket Association IS Bindra Stadium, Mohali, Chandigarh",2,10.5,Assam,Bengal,R Parag,BA Roy,Kaushik Maity,6,0,,,,,,,,,
1383561,2023/24,2023-10-31,"Punjab Cricket Association IS Bindra Stadium, Mohali, Chandigarh",2,10.6,Assam,Bengal,R Parag,BA Roy,Kaushik Maity,0,0,,,,,,,,,
1383561,2023/24,2023-10-31,"Punjab Cricket Association IS Bindra Stadium, Mohali, Chandigarh",2,11.1,Assam,Bengal,BA Roy,R Parag,Shahbaz Ahmed,6,0,,,,,,,,,
1383561,2023/24,2023-10-31,"Punjab Cricket Association IS Bindra Stadium, Mohali, Chandigarh",2,11.2,Assam,Bengal,BA Roy,R Parag,Shahbaz Ahmed,0,0,,,,,,,,,
1383561,2023/24,2023-10-31,"Punjab Cricket Association IS Bindra Stadium, Mohali, Chandigarh",2,11.3,Assam,Bengal,BA Roy,R Parag,Shahbaz Ahmed,2,0,,,,,,,,,
1383561,2023/24,2023-10-31,"Punjab Cricket Association IS Bindra Stadium, Mohali, Chandigarh",2,11.4,Assam,Bengal,BA Roy,R Parag,Shahbaz Ahmed,1,0,,,,,,,,,
1383561,2023/24,2023-10-31,"Punjab Cricket Association IS Bindra Stadium, Mohali, Chandigarh",2,11.5,Assam,Bengal,R Parag,BA Roy,Shahbaz Ahmed,1,0,,,,,,,,,
1383561,2023/24,2023-10-31,"Punjab Cricket Association IS Bindra Stadium, Mohali, Chandigarh",2,11.6,Assam,Bengal,BA Roy,R Parag,Shahbaz Ahmed,1,0,,,,,,,,,
1383561,2023/24,2023-10-31,"Punjab Cricket Association IS Bindra Stadium, Mohali, Chandigarh",2,12.1,Assam,Bengal,BA Roy,R Parag,Akash Deep,1,0,,,,,,,,,
1383561,2023/24,2023-10-31,"Punjab Cricket Association IS Bindra Stadium, Mohali, Chandigarh",2,12.2,Assam,Bengal,R Parag,BA Roy,Akash Deep,4,0,,,,,,,,,
1383561,2023/24,2023-10-31,"Punjab Cricket Association IS Bindra Stadium, Mohali, Chandigarh",2,12.3,Assam,Bengal,R Parag,BA Roy,Akash Deep,0,0,,,,,,,,,
1383561,2023/24,2023-10-31,"Punjab Cricket Association IS Bindra Stadium, Mohali, Chandigarh",2,12.4,Assam,Bengal,R Parag,BA Roy,Akash Deep,0,0,,,,,,,,,
1383561,2023/24,2023-10-31,"Punjab Cricket Association IS Bindra Stadium, Mohali, Chandigarh",2,12.5,Assam,Bengal,R Parag,BA Roy,Akash Deep,6,0,,,,,,,,,
1383561,2023/24,2023-10-31,"Punjab Cricket Association IS Bindra Stadium, Mohali, Chandigarh",2,12.6,Assam,Bengal,R Parag,BA Roy,Akash Deep,1,0,,,,,,,,,
1383561,2023/24,2023-10-31,"Punjab Cricket Association IS Bindra Stadium, Mohali, Chandigarh",2,13.1,Assam,Bengal,R Parag,BA Roy,IC Porel,1,0,,,,,,,,,
1383561,2023/24,2023-10-31,"Punjab Cricket Association IS Bindra Stadium, Mohali, Chandigarh",2,13.2,Assam,Bengal,BA Roy,R Parag,IC Porel,0,1,1,,,,,,,,
1383561,2023/24,2023-10-31,"Punjab Cricket Association IS Bindra Stadium, Mohali, Chandigarh",2,13.3,Assam,Bengal,BA Roy,R Parag,IC Porel,1,0,,,,,,,,,
1383561,2023/24,2023-10-31,"Punjab Cricket Association IS Bindra Stadium, Mohali, Chandigarh",2,13.4,Assam,Bengal,R Parag,BA Roy,IC Porel,1,0,,,,,,,,,
1383561,2023/24,2023-10-31,"Punjab Cricket Association IS Bindra Stadium, Mohali, Chandigarh",2,13.5,Assam,Bengal,BA Roy,R Parag,IC Porel,1,0,,,,,,,,,
1383561,2023/24,2023-10-31,"Punjab Cricket Association IS Bindra Stadium, Mohali, Chandigarh",2,13.6,Assam,Bengal,R Parag,BA Roy,IC Porel,1,0,,,,,,,,,
1383561,2023/24,2023-10-31,"Punjab Cricket Association IS Bindra Stadium, Mohali, Chandigarh",2,13.7,Assam,Bengal,BA Roy,R Parag,IC Porel,0,0,,,,,,,,,
1383561,2023/24,2023-10-31,"Punjab Cricket Association IS Bindra Stadium, Mohali, Chandigarh",2,14.1,Assam,Bengal,R Parag,BA Roy,Shahbaz Ahmed,0,0,,,,,,,,,
1383561,2023/24,2023-10-31,"Punjab Cricket Association IS Bindra Stadium, Mohali, Chandigarh",2,14.2,Assam,Bengal,R Parag,BA Roy,Shahbaz Ahmed,6,0,,,,,,,,,
1383561,2023/24,2023-10-31,"Punjab Cricket Association IS Bindra Stadium, Mohali, Chandigarh",2,14.3,Assam,Bengal,R Parag,BA Roy,Shahbaz Ahmed,0,1,1,,,,,,,,
1383561,2023/24,2023-10-31,"Punjab Cricket Association IS Bindra Stadium, Mohali, Chandigarh",2,14.4,Assam,Bengal,R Parag,BA Roy,Shahbaz Ahmed,1,0,,,,,,,,,
1383561,2023/24,2023-10-31,"Punjab Cricket Association IS Bindra Stadium, Mohali, Chandigarh",2,14.5,Assam,Bengal,BA Roy,R Parag,Shahbaz Ahmed,1,0,,,,,,,,,
1383561,2023/24,2023-10-31,"Punjab Cricket Association IS Bindra Stadium, Mohali, Chandigarh",2,14.6,Assam,Bengal,R Parag,BA Roy,Shahbaz Ahmed,4,0,,,,,,,,,
1383561,2023/24,2023-10-31,"Punjab Cricket Association IS Bindra Stadium, Mohali, Chandigarh",2,14.7,Assam,Bengal,R Parag,BA Roy,Shahbaz Ahmed,1,0,,,,,,,,,
1383561,2023/24,2023-10-31,"Punjab Cricket Association IS Bindra Stadium, Mohali, Chandigarh",2,15.1,Assam,Bengal,R Parag,BA Roy,Mukesh Kumar,2,0,,,,,,,,,
1383561,2023/24,2023-10-31,"Punjab Cricket Association IS Bindra Stadium, Mohali, Chandigarh",2,15.2,Assam,Bengal,R Parag,BA Roy,Mukesh Kumar,0,0,,,,,,,,,
1383561,2023/24,2023-10-31,"Punjab Cricket Association IS Bindra Stadium, Mohali, Chandigarh",2,15.3,Assam,Bengal,R Parag,BA Roy,Mukesh Kumar,1,1,,1,,,,,,,
1383561,2023/24,2023-10-31,"Punjab Cricket Association IS Bindra Stadium, Mohali, Chandigarh",2,15.4,Assam,Bengal,BA Roy,R Parag,Mukesh Kumar,1,0,,,,,,,,,
1383561,2023/24,2023-10-31,"Punjab Cricket Association IS Bindra Stadium, Mohali, Chandigarh",2,15.5,Assam,Bengal,R Parag,BA Roy,Mukesh Kumar,2,0,,,,,,,,,
1383561,2023/24,2023-10-31,"Punjab Cricket Association IS Bindra Stadium, Mohali, Chandigarh",2,15.6,Assam,Bengal,R Parag,BA Roy,Mukesh Kumar,0,0,,,,,,,,,
1383561,2023/24,2023-10-31,"Punjab Cricket Association IS Bindra Stadium, Mohali, Chandigarh",2,15.7,Assam,Bengal,R Parag,BA Roy,Mukesh Kumar,1,0,,,,,,,,,
1383561,2023/24,2023-10-31,"Punjab Cricket Association IS Bindra Stadium, Mohali, Chandigarh",2,16.1,Assam,Bengal,R Parag,BA Roy,IC Porel,0,0,,,,,,,,,
1383561,2023/24,2023-10-31,"Punjab Cricket Association IS Bindra Stadium, Mohali, Chandigarh",2,16.2,Assam,Bengal,R Parag,BA Roy,IC Porel,1,0,,,,,,,,,
1383561,2023/24,2023-10-31,"Punjab Cricket Association IS Bindra Stadium, Mohali, Chandigarh",2,16.3,Assam,Bengal,BA Roy,R Parag,IC Porel,0,0,,,,,,,,,
1383561,2023/24,2023-10-31,"Punjab Cricket Association IS Bindra Stadium, Mohali, Chandigarh",2,16.4,Assam,Bengal,BA Roy,R Parag,IC Porel,0,0,,,,,,,,,
1383561,2023/24,2023-10-31,"Punjab Cricket Association IS Bindra Stadium, Mohali, Chandigarh",2,16.5,Assam,Bengal,BA Roy,R Parag,IC Porel,4,0,,,,,,,,,
1383561,2023/24,2023-10-31,"Punjab Cricket Association IS Bindra Stadium, Mohali, Chandigarh",2,16.6,Assam,Bengal,BA Roy,R Parag,IC Porel,4,0,,,,,,,,,
1383561,2023/24,2023-10-31,"Punjab Cricket Association IS Bindra Stadium, Mohali, Chandigarh",2,17.1,Assam,Bengal,R Parag,BA Roy,Akash Deep,2,0,,,,,,,,,
1383561,2023/24,2023-10-31,"Punjab Cricket Association IS Bindra Stadium, Mohali, Chandigarh",2,17.2,Assam,Bengal,R Parag,BA Roy,Akash Deep,0,1,,,1,,,,,,
1383561,2023/24,2023-10-31,"Punjab Cricket Association IS Bindra Stadium, Mohali, Chandigarh",2,17.3,Assam,Bengal,BA Roy,R Parag,Akash Deep,0,0,,,,,,,,,
1383561,2023/24,2023-10-31,"Punjab Cricket Association IS Bindra Stadium, Mohali, Chandigarh",2,17.4,Assam,Bengal,BA Roy,R Parag,Akash Deep,0,0,,,,,,,,,
1383561,2023/24,2023-10-31,"Punjab Cricket Association IS Bindra Stadium, Mohali, Chandigarh",2,17.5,Assam,Bengal,BA Roy,R Parag,Akash Deep,0,1,1,,,,,,,,
1383561,2023/24,2023-10-31,"Punjab Cricket Association IS Bindra Stadium, Mohali, Chandigarh",2,17.6,Assam,Bengal,BA Roy,R Parag,Akash Deep,4,0,,,,,,,,,
