match_id,season,start_date,venue,innings,ball,batting_team,bowling_team,striker,non_striker,bowler,runs_off_bat,extras,wides,noballs,byes,legbyes,penalty,wicket_type,player_dismissed,other_wicket_type,other_player_dismissed
1383534,2023/24,2023-10-25,"JSCA International Stadium Complex, Ranchi",1,0.1,Railways,Gujarat,Shivam Chaudhary,Pratham Singh,Chintan Gaja,0,1,,,,1,,,,,
1383534,2023/24,2023-10-25,"JSCA International Stadium Complex, Ranchi",1,0.2,Railways,Gujarat,Pratham Singh,Shivam Chaudhary,Chintan Gaja,0,0,,,,,,,,,
1383534,2023/24,2023-10-25,"JSCA International Stadium Complex, Ranchi",1,0.3,Railways,Gujarat,Pratham Singh,Shivam Chaudhary,Chintan Gaja,4,0,,,,,,,,,
1383534,2023/24,2023-10-25,"JSCA International Stadium Complex, Ranchi",1,0.4,Railways,Gujarat,Pratham Singh,Shivam Chaudhary,Chintan Gaja,0,0,,,,,,,,,
1383534,2023/24,2023-10-25,"JSCA International Stadium Complex, Ranchi",1,0.5,Railways,Gujarat,Pratham Singh,Shivam Chaudhary,Chintan Gaja,0,0,,,,,,,,,
1383534,2023/24,2023-10-25,"JSCA International Stadium Complex, Ranchi",1,0.6,Railways,Gujarat,Pratham Singh,Shivam Chaudhary,Chintan Gaja,1,0,,,,,,,,,
1383534,2023/24,2023-10-25,"JSCA International Stadium Complex, Ranchi",1,1.1,Railways,Gujarat,Pratham Singh,Shivam Chaudhary,A Nagwaswalla,0,0,,,,,,,,,
1383534,2023/24,2023-10-25,"JSCA International Stadium Complex, Ranchi",1,1.2,Railways,Gujarat,Pratham Singh,Shivam Chaudhary,A Nagwaswalla,0,0,,,,,,,,,
1383534,2023/24,2023-10-25,"JSCA International Stadium Complex, Ranchi",1,1.3,Railways,Gujarat,Pratham Singh,Shivam Chaudhary,A Nagwaswalla,0,0,,,,,,caught,Pratham Singh,,
1383534,2023/24,2023-10-25,"JSCA International Stadium Complex, Ranchi",1,1.4,Railways,Gujarat,N Kushwah,Shivam Chaudhary,A Nagwaswalla,0,0,,,,,,,,,
1383534,2023/24,2023-10-25,"JSCA International Stadium Complex, Ranchi",1,1.5,Railways,Gujarat,N Kushwah,Shivam Chaudhary,A Nagwaswalla,0,0,,,,,,caught,N Kushwah,,
1383534,2023/24,2023-10-25,"JSCA International Stadium Complex, Ranchi",1,1.6,Railways,Gujarat,Mohammad Saif,Shivam Chaudhary,A Nagwaswalla,0,0,,,,,,,,,
1383534,2023/24,2023-10-25,"JSCA International Stadium Complex, Ranchi",1,2.1,Railways,Gujarat,Shivam Chaudhary,Mohammad Saif,Chintan Gaja,0,0,,,,,,,,,
1383534,2023/24,2023-10-25,"JSCA International Stadium Complex, Ranchi",1,2.2,Railways,Gujarat,Shivam Chaudhary,Mohammad Saif,Chintan Gaja,4,0,,,,,,,,,
1383534,2023/24,2023-10-25,"JSCA International Stadium Complex, Ranchi",1,2.3,Railways,Gujarat,Shivam Chaudhary,Mohammad Saif,Chintan Gaja,0,0,,,,,,,,,
1383534,2023/24,2023-10-25,"JSCA International Stadium Complex, Ranchi",1,2.4,Railways,Gujarat,Shivam Chaudhary,Mohammad Saif,Chintan Gaja,0,0,,,,,,caught,Shivam Chaudhary,,
1383534,2023/24,2023-10-25,"JSCA International Stadium Complex, Ranchi",1,2.5,Railways,Gujarat,Upendra Yadav,Mohammad Saif,Chintan Gaja,0,0,,,,,,,,,
1383534,2023/24,2023-10-25,"JSCA International Stadium Complex, Ranchi",1,2.6,Railways,Gujarat,Upendra Yadav,Mohammad Saif,Chintan Gaja,0,0,,,,,,,,,
1383534,2023/24,2023-10-25,"JSCA International Stadium Complex, Ranchi",1,3.1,Railways,Gujarat,Mohammad Saif,Upendra Yadav,A Nagwaswalla,0,0,,,,,,,,,
1383534,2023/24,2023-10-25,"JSCA International Stadium Complex, Ranchi",1,3.2,Railways,Gujarat,Mohammad Saif,Upendra Yadav,A Nagwaswalla,0,0,,,,,,,,,
1383534,2023/24,2023-10-25,"JSCA International Stadium Complex, Ranchi",1,3.3,Railways,Gujarat,Mohammad Saif,Upendra Yadav,A Nagwaswalla,0,0,,,,,,caught,Mohammad Saif,,
1383534,2023/24,2023-10-25,"JSCA International Stadium Complex, Ranchi",1,3.4,Railways,Gujarat,Vivek Singh,Upendra Yadav,A Nagwaswalla,0,0,,,,,,,,,
1383534,2023/24,2023-10-25,"JSCA International Stadium Complex, Ranchi",1,3.5,Railways,Gujarat,Vivek Singh,Upendra Yadav,A Nagwaswalla,0,0,,,,,,,,,
1383534,2023/24,2023-10-25,"JSCA International Stadium Complex, Ranchi",1,3.6,Railways,Gujarat,Vivek Singh,Upendra Yadav,A Nagwaswalla,0,0,,,,,,,,,
1383534,2023/24,2023-10-25,"JSCA International Stadium Complex, Ranchi",1,4.1,Railways,Gujarat,Upendra Yadav,Vivek Singh,Chintan Gaja,0,0,,,,,,,,,
1383534,2023/24,2023-10-25,"JSCA International Stadium Complex, Ranchi",1,4.2,Railways,Gujarat,Upendra Yadav,Vivek Singh,Chintan Gaja,0,0,,,,,,,,,
1383534,2023/24,2023-10-25,"JSCA International Stadium Complex, Ranchi",1,4.3,Railways,Gujarat,Upendra Yadav,Vivek Singh,Chintan Gaja,0,0,,,,,,,,,
1383534,2023/24,2023-10-25,"JSCA International Stadium Complex, Ranchi",1,4.4,Railways,Gujarat,Upendra Yadav,Vivek Singh,Chintan Gaja,0,0,,,,,,,,,
1383534,2023/24,2023-10-25,"JSCA International Stadium Complex, Ranchi",1,4.5,Railways,Gujarat,Upendra Yadav,Vivek Singh,Chintan Gaja,0,0,,,,,,,,,
1383534,2023/24,2023-10-25,"JSCA International Stadium Complex, Ranchi",1,4.6,Railways,Gujarat,Upendra Yadav,Vivek Singh,Chintan Gaja,4,0,,,,,,,,,
1383534,2023/24,2023-10-25,"JSCA International Stadium Complex, Ranchi",1,5.1,Railways,Gujarat,Vivek Singh,Upendra Yadav,A Nagwaswalla,1,0,,,,,,,,,
1383534,2023/24,2023-10-25,"JSCA International Stadium Complex, Ranchi",1,5.2,Railways,Gujarat,Upendra Yadav,Vivek Singh,A Nagwaswalla,0,0,,,,,,,,,
1383534,2023/24,2023-10-25,"JSCA International Stadium Complex, Ranchi",1,5.3,Railways,Gujarat,Upendra Yadav,Vivek Singh,A Nagwaswalla,0,0,,,,,,,,,
1383534,2023/24,2023-10-25,"JSCA International Stadium Complex, Ranchi",1,5.4,Railways,Gujarat,Upendra Yadav,Vivek Singh,A Nagwaswalla,1,0,,,,,,,,,
1383534,2023/24,2023-10-25,"JSCA International Stadium Complex, Ranchi",1,5.5,Railways,Gujarat,Vivek Singh,Upendra Yadav,A Nagwaswalla,0,1,1,,,,,,,,
1383534,2023/24,2023-10-25,"JSCA International Stadium Complex, Ranchi",1,5.6,Railways,Gujarat,Vivek Singh,Upendra Yadav,A Nagwaswalla,0,0,,,,,,,,,
1383534,2023/24,2023-10-25,"JSCA International Stadium Complex, Ranchi",1,5.7,Railways,Gujarat,Vivek Singh,Upendra Yadav,A Nagwaswalla,0,0,,,,,,caught,Vivek Singh,,
1383534,2023/24,2023-10-25,"JSCA International Stadium Complex, Ranchi",1,6.1,Railways,Gujarat,Upendra Yadav,Ashutosh Sharma,SN Patel,1,0,,,,,,,,,
1383534,2023/24,2023-10-25,"JSCA International Stadium Complex, Ranchi",1,6.2,Railways,Gujarat,Ashutosh Sharma,Upendra Yadav,SN Patel,0,0,,,,,,,,,
1383534,2023/24,2023-10-25,"JSCA International Stadium Complex, Ranchi",1,6.3,Railways,Gujarat,Ashutosh Sharma,Upendra Yadav,SN Patel,4,0,,,,,,,,,
1383534,2023/24,2023-10-25,"JSCA International Stadium Complex, Ranchi",1,6.4,Railways,Gujarat,Ashutosh Sharma,Upendra Yadav,SN Patel,4,0,,,,,,,,,
1383534,2023/24,2023-10-25,"JSCA International Stadium Complex, Ranchi",1,6.5,Railways,Gujarat,Ashutosh Sharma,Upendra Yadav,SN Patel,2,0,,,,,,,,,
1383534,2023/24,2023-10-25,"JSCA International Stadium Complex, Ranchi",1,6.6,Railways,Gujarat,Ashutosh Sharma,Upendra Yadav,SN Patel,0,0,,,,,,,,,
1383534,2023/24,2023-10-25,"JSCA International Stadium Complex, Ranchi",1,7.1,Railways,Gujarat,Upendra Yadav,Ashutosh Sharma,Ravi Bishnoi,1,0,,,,,,,,,
1383534,2023/24,2023-10-25,"JSCA International Stadium Complex, Ranchi",1,7.2,Railways,Gujarat,Ashutosh Sharma,Upendra Yadav,Ravi Bishnoi,0,0,,,,,,caught,Ashutosh Sharma,,
1383534,2023/24,2023-10-25,"JSCA International Stadium Complex, Ranchi",1,7.3,Railways,Gujarat,AR Pandey,Upendra Yadav,Ravi Bishnoi,0,0,,,,,,,,,
1383534,2023/24,2023-10-25,"JSCA International Stadium Complex, Ranchi",1,7.4,Railways,Gujarat,AR Pandey,Upendra Yadav,Ravi Bishnoi,1,0,,,,,,,,,
1383534,2023/24,2023-10-25,"JSCA International Stadium Complex, Ranchi",1,7.5,Railways,Gujarat,Upendra Yadav,AR Pandey,Ravi Bishnoi,1,0,,,,,,,,,
1383534,2023/24,2023-10-25,"JSCA International Stadium Complex, Ranchi",1,7.6,Railways,Gujarat,AR Pandey,Upendra Yadav,Ravi Bishnoi,0,0,,,,,,,,,
1383534,2023/24,2023-10-25,"JSCA International Stadium Complex, Ranchi",1,8.1,Railways,Gujarat,Upendra Yadav,AR Pandey,SN Patel,0,0,,,,,,,,,
1383534,2023/24,2023-10-25,"JSCA International Stadium Complex, Ranchi",1,8.2,Railways,Gujarat,Upendra Yadav,AR Pandey,SN Patel,4,0,,,,,,,,,
1383534,2023/24,2023-10-25,"JSCA International Stadium Complex, Ranchi",1,8.3,Railways,Gujarat,Upendra Yadav,AR Pandey,SN Patel,0,0,,,,,,,,,
1383534,2023/24,2023-10-25,"JSCA International Stadium Complex, Ranchi",1,8.4,Railways,Gujarat,Upendra Yadav,AR Pandey,SN Patel,0,0,,,,,,,,,
1383534,2023/24,2023-10-25,"JSCA International Stadium Complex, Ranchi",1,8.5,Railways,Gujarat,Upendra Yadav,AR Pandey,SN Patel,0,0,,,,,,,,,
1383534,2023/24,2023-10-25,"JSCA International Stadium Complex, Ranchi",1,8.6,Railways,Gujarat,Upendra Yadav,AR Pandey,SN Patel,1,0,,,,,,,,,
1383534,2023/24,2023-10-25,"JSCA International Stadium Complex, Ranchi",1,9.1,Railways,Gujarat,Upendra Yadav,AR Pandey,PP Chawla,4,0,,,,,,,,,
1383534,2023/24,2023-10-25,"JSCA International Stadium Complex, Ranchi",1,9.2,Railways,Gujarat,Upendra Yadav,AR Pandey,PP Chawla,6,0,,,,,,,,,
1383534,2023/24,2023-10-25,"JSCA International Stadium Complex, Ranchi",1,9.3,Railways,Gujarat,Upendra Yadav,AR Pandey,PP Chawla,0,0,,,,,,,,,
1383534,2023/24,2023-10-25,"JSCA International Stadium Complex, Ranchi",1,9.4,Railways,Gujarat,Upendra Yadav,AR Pandey,PP Chawla,1,0,,,,,,,,,
1383534,2023/24,2023-10-25,"JSCA International Stadium Complex, Ranchi",1,9.5,Railways,Gujarat,AR Pandey,Upendra Yadav,PP Chawla,6,0,,,,,,,,,
1383534,2023/24,2023-10-25,"JSCA International Stadium Complex, Ranchi",1,9.6,Railways,Gujarat,AR Pandey,Upendra Yadav,PP Chawla,0,0,,,,,,,,,
1383534,2023/24,2023-10-25,"JSCA International Stadium Complex, Ranchi",1,10.1,Railways,Gujarat,Upendra Yadav,AR Pandey,AR Patel,1,0,,,,,,,,,
1383534,2023/24,2023-10-25,"JSCA International Stadium Complex, Ranchi",1,10.2,Railways,Gujarat,AR Pandey,Upendra Yadav,AR Patel,0,0,,,,,,,,,
1383534,2023/24,2023-10-25,"JSCA International Stadium Complex, Ranchi",1,10.3,Railways,Gujarat,AR Pandey,Upendra Yadav,AR Patel,0,0,,,,,,,,,
1383534,2023/24,2023-10-25,"JSCA International Stadium Complex, Ranchi",1,10.4,Railways,Gujarat,AR Pandey,Upendra Yadav,AR Patel,4,0,,,,,,,,,
1383534,2023/24,2023-10-25,"JSCA International Stadium Complex, Ranchi",1,10.5,Railways,Gujarat,AR Pandey,Upendra Yadav,AR Patel,1,0,,,,,,,,,
1383534,2023/24,2023-10-25,"JSCA International Stadium Complex, Ranchi",1,10.6,Railways,Gujarat,Upendra Yadav,AR Pandey,AR Patel,4,0,,,,,,,,,
1383534,2023/24,2023-10-25,"JSCA International Stadium Complex, Ranchi",1,11.1,Railways,Gujarat,AR Pandey,Upendra Yadav,Ravi Bishnoi,1,0,,,,,,,,,
1383534,2023/24,2023-10-25,"JSCA International Stadium Complex, Ranchi",1,11.2,Railways,Gujarat,Upendra Yadav,AR Pandey,Ravi Bishnoi,0,0,,,,,,,,,
1383534,2023/24,2023-10-25,"JSCA International Stadium Complex, Ranchi",1,11.3,Railways,Gujarat,Upendra Yadav,AR Pandey,Ravi Bishnoi,0,0,,,,,,,,,
1383534,2023/24,2023-10-25,"JSCA International Stadium Complex, Ranchi",1,11.4,Railways,Gujarat,Upendra Yadav,AR Pandey,Ravi Bishnoi,0,0,,,,,,,,,
1383534,2023/24,2023-10-25,"JSCA International Stadium Complex, Ranchi",1,11.5,Railways,Gujarat,Upendra Yadav,AR Pandey,Ravi Bishnoi,0,0,,,,,,,,,
1383534,2023/24,2023-10-25,"JSCA International Stadium Complex, Ranchi",1,11.6,Railways,Gujarat,Upendra Yadav,AR Pandey,Ravi Bishnoi,0,0,,,,,,,,,
1383534,2023/24,2023-10-25,"JSCA International Stadium Complex, Ranchi",1,12.1,Railways,Gujarat,AR Pandey,Upendra Yadav,AR Patel,1,0,,,,,,,,,
1383534,2023/24,2023-10-25,"JSCA International Stadium Complex, Ranchi",1,12.2,Railways,Gujarat,Upendra Yadav,AR Pandey,AR Patel,0,0,,,,,,,,,
1383534,2023/24,2023-10-25,"JSCA International Stadium Complex, Ranchi",1,12.3,Railways,Gujarat,Upendra Yadav,AR Pandey,AR Patel,1,0,,,,,,,,,
1383534,2023/24,2023-10-25,"JSCA International Stadium Complex, Ranchi",1,12.4,Railways,Gujarat,AR Pandey,Upendra Yadav,AR Patel,1,0,,,,,,,,,
1383534,2023/24,2023-10-25,"JSCA International Stadium Complex, Ranchi",1,12.5,Railways,Gujarat,Upendra Yadav,AR Pandey,AR Patel,1,0,,,,,,,,,
1383534,2023/24,2023-10-25,"JSCA International Stadium Complex, Ranchi",1,12.6,Railways,Gujarat,AR Pandey,Upendra Yadav,AR Patel,0,0,,,,,,,,,
1383534,2023/24,2023-10-25,"JSCA International Stadium Complex, Ranchi",1,13.1,Railways,Gujarat,Upendra Yadav,AR Pandey,Ravi Bishnoi,1,0,,,,,,,,,
1383534,2023/24,2023-10-25,"JSCA International Stadium Complex, Ranchi",1,13.2,Railways,Gujarat,AR Pandey,Upendra Yadav,Ravi Bishnoi,0,0,,,,,,,,,
1383534,2023/24,2023-10-25,"JSCA International Stadium Complex, Ranchi",1,13.3,Railways,Gujarat,AR Pandey,Upendra Yadav,Ravi Bishnoi,0,0,,,,,,,,,
1383534,2023/24,2023-10-25,"JSCA International Stadium Complex, Ranchi",1,13.4,Railways,Gujarat,AR Pandey,Upendra Yadav,Ravi Bishnoi,4,0,,,,,,,,,
1383534,2023/24,2023-10-25,"JSCA International Stadium Complex, Ranchi",1,13.5,Railways,Gujarat,AR Pandey,Upendra Yadav,Ravi Bishnoi,0,0,,,,,,,,,
1383534,2023/24,2023-10-25,"JSCA International Stadium Complex, Ranchi",1,13.6,Railways,Gujarat,AR Pandey,Upendra Yadav,Ravi Bishnoi,1,0,,,,,,,,,
1383534,2023/24,2023-10-25,"JSCA International Stadium Complex, Ranchi",1,14.1,Railways,Gujarat,AR Pandey,Upendra Yadav,Chintan Gaja,4,0,,,,,,,,,
1383534,2023/24,2023-10-25,"JSCA International Stadium Complex, Ranchi",1,14.2,Railways,Gujarat,AR Pandey,Upendra Yadav,Chintan Gaja,6,0,,,,,,,,,
1383534,2023/24,2023-10-25,"JSCA International Stadium Complex, Ranchi",1,14.3,Railways,Gujarat,AR Pandey,Upendra Yadav,Chintan Gaja,1,0,,,,,,,,,
1383534,2023/24,2023-10-25,"JSCA International Stadium Complex, Ranchi",1,14.4,Railways,Gujarat,Upendra Yadav,AR Pandey,Chintan Gaja,3,0,,,,,,,,,
1383534,2023/24,2023-10-25,"JSCA International Stadium Complex, Ranchi",1,14.5,Railways,Gujarat,AR Pandey,Upendra Yadav,Chintan Gaja,0,0,,,,,,,,,
1383534,2023/24,2023-10-25,"JSCA International Stadium Complex, Ranchi",1,14.6,Railways,Gujarat,AR Pandey,Upendra Yadav,Chintan Gaja,0,0,,,,,,,,,
1383534,2023/24,2023-10-25,"JSCA International Stadium Complex, Ranchi",1,15.1,Railways,Gujarat,Upendra Yadav,AR Pandey,PP Chawla,1,0,,,,,,,,,
1383534,2023/24,2023-10-25,"JSCA International Stadium Complex, Ranchi",1,15.2,Railways,Gujarat,AR Pandey,Upendra Yadav,PP Chawla,1,0,,,,,,,,,
1383534,2023/24,2023-10-25,"JSCA International Stadium Complex, Ranchi",1,15.3,Railways,Gujarat,Upendra Yadav,AR Pandey,PP Chawla,1,0,,,,,,,,,
1383534,2023/24,2023-10-25,"JSCA International Stadium Complex, Ranchi",1,15.4,Railways,Gujarat,AR Pandey,Upendra Yadav,PP Chawla,1,0,,,,,,,,,
1383534,2023/24,2023-10-25,"JSCA International Stadium Complex, Ranchi",1,15.5,Railways,Gujarat,Upendra Yadav,AR Pandey,PP Chawla,2,0,,,,,,,,,
1383534,2023/24,2023-10-25,"JSCA International Stadium Complex, Ranchi",1,15.6,Railways,Gujarat,Upendra Yadav,AR Pandey,PP Chawla,0,0,,,,,,,,,
1383534,2023/24,2023-10-25,"JSCA International Stadium Complex, Ranchi",1,16.1,Railways,Gujarat,AR Pandey,Upendra Yadav,Ravi Bishnoi,0,0,,,,,,caught,AR Pandey,,
1383534,2023/24,2023-10-25,"JSCA International Stadium Complex, Ranchi",1,16.2,Railways,Gujarat,KV Sharma,Upendra Yadav,Ravi Bishnoi,0,0,,,,,,,,,
1383534,2023/24,2023-10-25,"JSCA International Stadium Complex, Ranchi",1,16.3,Railways,Gujarat,KV Sharma,Upendra Yadav,Ravi Bishnoi,1,0,,,,,,,,,
1383534,2023/24,2023-10-25,"JSCA International Stadium Complex, Ranchi",1,16.4,Railways,Gujarat,Upendra Yadav,KV Sharma,Ravi Bishnoi,1,0,,,,,,,,,
1383534,2023/24,2023-10-25,"JSCA International Stadium Complex, Ranchi",1,16.5,Railways,Gujarat,KV Sharma,Upendra Yadav,Ravi Bishnoi,0,0,,,,,,,,,
1383534,2023/24,2023-10-25,"JSCA International Stadium Complex, Ranchi",1,16.6,Railways,Gujarat,KV Sharma,Upendra Yadav,Ravi Bishnoi,1,0,,,,,,,,,
1383534,2023/24,2023-10-25,"JSCA International Stadium Complex, Ranchi",1,17.1,Railways,Gujarat,KV Sharma,Upendra Yadav,PP Chawla,0,0,,,,,,,,,
1383534,2023/24,2023-10-25,"JSCA International Stadium Complex, Ranchi",1,17.2,Railways,Gujarat,KV Sharma,Upendra Yadav,PP Chawla,0,0,,,,,,,,,
1383534,2023/24,2023-10-25,"JSCA International Stadium Complex, Ranchi",1,17.3,Railways,Gujarat,KV Sharma,Upendra Yadav,PP Chawla,4,0,,,,,,,,,
1383534,2023/24,2023-10-25,"JSCA International Stadium Complex, Ranchi",1,17.4,Railways,Gujarat,KV Sharma,Upendra Yadav,PP Chawla,6,0,,,,,,,,,
1383534,2023/24,2023-10-25,"JSCA International Stadium Complex, Ranchi",1,17.5,Railways,Gujarat,KV Sharma,Upendra Yadav,PP Chawla,6,0,,,,,,,,,
1383534,2023/24,2023-10-25,"JSCA International Stadium Complex, Ranchi",1,17.6,Railways,Gujarat,KV Sharma,Upendra Yadav,PP Chawla,1,0,,,,,,,,,
1383534,2023/24,2023-10-25,"JSCA International Stadium Complex, Ranchi",1,18.1,Railways,Gujarat,KV Sharma,Upendra Yadav,SN Patel,1,0,,,,,,,,,
1383534,2023/24,2023-10-25,"JSCA International Stadium Complex, Ranchi",1,18.2,Railways,Gujarat,Upendra Yadav,KV Sharma,SN Patel,6,0,,,,,,,,,
1383534,2023/24,2023-10-25,"JSCA International Stadium Complex, Ranchi",1,18.3,Railways,Gujarat,Upendra Yadav,KV Sharma,SN Patel,4,0,,,,,,,,,
1383534,2023/24,2023-10-25,"JSCA International Stadium Complex, Ranchi",1,18.4,Railways,Gujarat,Upendra Yadav,KV Sharma,SN Patel,4,0,,,,,,,,,
1383534,2023/24,2023-10-25,"JSCA International Stadium Complex, Ranchi",1,18.5,Railways,Gujarat,Upendra Yadav,KV Sharma,SN Patel,6,0,,,,,,,,,
1383534,2023/24,2023-10-25,"JSCA International Stadium Complex, Ranchi",1,18.6,Railways,Gujarat,Upendra Yadav,KV Sharma,SN Patel,4,0,,,,,,,,,
1383534,2023/24,2023-10-25,"JSCA International Stadium Complex, Ranchi",1,19.1,Railways,Gujarat,KV Sharma,Upendra Yadav,A Nagwaswalla,4,0,,,,,,,,,
1383534,2023/24,2023-10-25,"JSCA International Stadium Complex, Ranchi",1,19.2,Railways,Gujarat,KV Sharma,Upendra Yadav,A Nagwaswalla,4,0,,,,,,,,,
1383534,2023/24,2023-10-25,"JSCA International Stadium Complex, Ranchi",1,19.3,Railways,Gujarat,KV Sharma,Upendra Yadav,A Nagwaswalla,1,0,,,,,,,,,
1383534,2023/24,2023-10-25,"JSCA International Stadium Complex, Ranchi",1,19.4,Railways,Gujarat,Upendra Yadav,KV Sharma,A Nagwaswalla,0,0,,,,,,caught,Upendra Yadav,,
1383534,2023/24,2023-10-25,"JSCA International Stadium Complex, Ranchi",1,19.5,Railways,Gujarat,Yuvraj Singh,KV Sharma,A Nagwaswalla,0,0,,,,,,caught,Yuvraj Singh,,
1383534,2023/24,2023-10-25,"JSCA International Stadium Complex, Ranchi",1,19.6,Railways,Gujarat,Akash Pandey,KV Sharma,A Nagwaswalla,1,0,,,,,,run out,Akash Pandey,,
1383534,2023/24,2023-10-25,"JSCA International Stadium Complex, Ranchi",2,0.1,Gujarat,Railways,Aarya Desai,Urvil Patel,Yuvraj Singh,0,0,,,,,,,,,
1383534,2023/24,2023-10-25,"JSCA International Stadium Complex, Ranchi",2,0.2,Gujarat,Railways,Aarya Desai,Urvil Patel,Yuvraj Singh,0,0,,,,,,,,,
1383534,2023/24,2023-10-25,"JSCA International Stadium Complex, Ranchi",2,0.3,Gujarat,Railways,Aarya Desai,Urvil Patel,Yuvraj Singh,0,0,,,,,,,,,
1383534,2023/24,2023-10-25,"JSCA International Stadium Complex, Ranchi",2,0.4,Gujarat,Railways,Aarya Desai,Urvil Patel,Yuvraj Singh,0,0,,,,,,,,,
1383534,2023/24,2023-10-25,"JSCA International Stadium Complex, Ranchi",2,0.5,Gujarat,Railways,Aarya Desai,Urvil Patel,Yuvraj Singh,0,0,,,,,,,,,
1383534,2023/24,2023-10-25,"JSCA International Stadium Complex, Ranchi",2,0.6,Gujarat,Railways,Aarya Desai,Urvil Patel,Yuvraj Singh,1,0,,,,,,,,,
1383534,2023/24,2023-10-25,"JSCA International Stadium Complex, Ranchi",2,1.1,Gujarat,Railways,Aarya Desai,Urvil Patel,AR Pandey,1,0,,,,,,,,,
1383534,2023/24,2023-10-25,"JSCA International Stadium Complex, Ranchi",2,1.2,Gujarat,Railways,Urvil Patel,Aarya Desai,AR Pandey,0,0,,,,,,,,,
1383534,2023/24,2023-10-25,"JSCA International Stadium Complex, Ranchi",2,1.3,Gujarat,Railways,Urvil Patel,Aarya Desai,AR Pandey,1,0,,,,,,,,,
1383534,2023/24,2023-10-25,"JSCA International Stadium Complex, Ranchi",2,1.4,Gujarat,Railways,Aarya Desai,Urvil Patel,AR Pandey,0,5,5,,,,,,,,
1383534,2023/24,2023-10-25,"JSCA International Stadium Complex, Ranchi",2,1.5,Gujarat,Railways,Aarya Desai,Urvil Patel,AR Pandey,1,0,,,,,,,,,
1383534,2023/24,2023-10-25,"JSCA International Stadium Complex, Ranchi",2,1.6,Gujarat,Railways,Urvil Patel,Aarya Desai,AR Pandey,4,0,,,,,,,,,
1383534,2023/24,2023-10-25,"JSCA International Stadium Complex, Ranchi",2,1.7,Gujarat,Railways,Urvil Patel,Aarya Desai,AR Pandey,1,0,,,,,,,,,
1383534,2023/24,2023-10-25,"JSCA International Stadium Complex, Ranchi",2,2.1,Gujarat,Railways,Urvil Patel,Aarya Desai,Yuvraj Singh,4,0,,,,,,,,,
1383534,2023/24,2023-10-25,"JSCA International Stadium Complex, Ranchi",2,2.2,Gujarat,Railways,Urvil Patel,Aarya Desai,Yuvraj Singh,4,0,,,,,,,,,
1383534,2023/24,2023-10-25,"JSCA International Stadium Complex, Ranchi",2,2.3,Gujarat,Railways,Urvil Patel,Aarya Desai,Yuvraj Singh,4,0,,,,,,,,,
1383534,2023/24,2023-10-25,"JSCA International Stadium Complex, Ranchi",2,2.4,Gujarat,Railways,Urvil Patel,Aarya Desai,Yuvraj Singh,0,0,,,,,,,,,
1383534,2023/24,2023-10-25,"JSCA International Stadium Complex, Ranchi",2,2.5,Gujarat,Railways,Urvil Patel,Aarya Desai,Yuvraj Singh,0,0,,,,,,,,,
1383534,2023/24,2023-10-25,"JSCA International Stadium Complex, Ranchi",2,2.6,Gujarat,Railways,Urvil Patel,Aarya Desai,Yuvraj Singh,0,0,,,,,,,,,
1383534,2023/24,2023-10-25,"JSCA International Stadium Complex, Ranchi",2,3.1,Gujarat,Railways,Aarya Desai,Urvil Patel,RA Sharma,4,0,,,,,,,,,
1383534,2023/24,2023-10-25,"JSCA International Stadium Complex, Ranchi",2,3.2,Gujarat,Railways,Aarya Desai,Urvil Patel,RA Sharma,0,0,,,,,,,,,
1383534,2023/24,2023-10-25,"JSCA International Stadium Complex, Ranchi",2,3.3,Gujarat,Railways,Aarya Desai,Urvil Patel,RA Sharma,0,1,,,,1,,,,,
1383534,2023/24,2023-10-25,"JSCA International Stadium Complex, Ranchi",2,3.4,Gujarat,Railways,Urvil Patel,Aarya Desai,RA Sharma,2,0,,,,,,,,,
1383534,2023/24,2023-10-25,"JSCA International Stadium Complex, Ranchi",2,3.5,Gujarat,Railways,Urvil Patel,Aarya Desai,RA Sharma,0,0,,,,,,caught,Urvil Patel,,
1383534,2023/24,2023-10-25,"JSCA International Stadium Complex, Ranchi",2,3.6,Gujarat,Railways,UR Kumar,Aarya Desai,RA Sharma,0,0,,,,,,,,,
1383534,2023/24,2023-10-25,"JSCA International Stadium Complex, Ranchi",2,4.1,Gujarat,Railways,Aarya Desai,UR Kumar,AR Pandey,4,0,,,,,,,,,
1383534,2023/24,2023-10-25,"JSCA International Stadium Complex, Ranchi",2,4.2,Gujarat,Railways,Aarya Desai,UR Kumar,AR Pandey,1,0,,,,,,,,,
1383534,2023/24,2023-10-25,"JSCA International Stadium Complex, Ranchi",2,4.3,Gujarat,Railways,UR Kumar,Aarya Desai,AR Pandey,0,0,,,,,,,,,
1383534,2023/24,2023-10-25,"JSCA International Stadium Complex, Ranchi",2,4.4,Gujarat,Railways,UR Kumar,Aarya Desai,AR Pandey,0,0,,,,,,,,,
1383534,2023/24,2023-10-25,"JSCA International Stadium Complex, Ranchi",2,4.5,Gujarat,Railways,UR Kumar,Aarya Desai,AR Pandey,0,0,,,,,,,,,
1383534,2023/24,2023-10-25,"JSCA International Stadium Complex, Ranchi",2,4.6,Gujarat,Railways,UR Kumar,Aarya Desai,AR Pandey,1,0,,,,,,,,,
1383534,2023/24,2023-10-25,"JSCA International Stadium Complex, Ranchi",2,5.1,Gujarat,Railways,UR Kumar,Aarya Desai,RA Sharma,1,0,,,,,,,,,
1383534,2023/24,2023-10-25,"JSCA International Stadium Complex, Ranchi",2,5.2,Gujarat,Railways,Aarya Desai,UR Kumar,RA Sharma,0,0,,,,,,,,,
1383534,2023/24,2023-10-25,"JSCA International Stadium Complex, Ranchi",2,5.3,Gujarat,Railways,Aarya Desai,UR Kumar,RA Sharma,0,0,,,,,,,,,
1383534,2023/24,2023-10-25,"JSCA International Stadium Complex, Ranchi",2,5.4,Gujarat,Railways,Aarya Desai,UR Kumar,RA Sharma,1,0,,,,,,,,,
1383534,2023/24,2023-10-25,"JSCA International Stadium Complex, Ranchi",2,5.5,Gujarat,Railways,UR Kumar,Aarya Desai,RA Sharma,2,0,,,,,,,,,
1383534,2023/24,2023-10-25,"JSCA International Stadium Complex, Ranchi",2,5.6,Gujarat,Railways,UR Kumar,Aarya Desai,RA Sharma,1,0,,,,,,,,,
1383534,2023/24,2023-10-25,"JSCA International Stadium Complex, Ranchi",2,6.1,Gujarat,Railways,UR Kumar,Aarya Desai,Shivam Chaudhary,1,0,,,,,,,,,
1383534,2023/24,2023-10-25,"JSCA International Stadium Complex, Ranchi",2,6.2,Gujarat,Railways,Aarya Desai,UR Kumar,Shivam Chaudhary,1,0,,,,,,,,,
1383534,2023/24,2023-10-25,"JSCA International Stadium Complex, Ranchi",2,6.3,Gujarat,Railways,UR Kumar,Aarya Desai,Shivam Chaudhary,1,0,,,,,,,,,
1383534,2023/24,2023-10-25,"JSCA International Stadium Complex, Ranchi",2,6.4,Gujarat,Railways,Aarya Desai,UR Kumar,Shivam Chaudhary,6,0,,,,,,,,,
1383534,2023/24,2023-10-25,"JSCA International Stadium Complex, Ranchi",2,6.5,Gujarat,Railways,Aarya Desai,UR Kumar,Shivam Chaudhary,1,0,,,,,,,,,
1383534,2023/24,2023-10-25,"JSCA International Stadium Complex, Ranchi",2,6.6,Gujarat,Railways,UR Kumar,Aarya Desai,Shivam Chaudhary,0,0,,,,,,,,,
1383534,2023/24,2023-10-25,"JSCA International Stadium Complex, Ranchi",2,7.1,Gujarat,Railways,Aarya Desai,UR Kumar,KV Sharma,6,0,,,,,,,,,
1383534,2023/24,2023-10-25,"JSCA International Stadium Complex, Ranchi",2,7.2,Gujarat,Railways,Aarya Desai,UR Kumar,KV Sharma,0,0,,,,,,,,,
1383534,2023/24,2023-10-25,"JSCA International Stadium Complex, Ranchi",2,7.3,Gujarat,Railways,Aarya Desai,UR Kumar,KV Sharma,0,0,,,,,,,,,
1383534,2023/24,2023-10-25,"JSCA International Stadium Complex, Ranchi",2,7.4,Gujarat,Railways,Aarya Desai,UR Kumar,KV Sharma,1,0,,,,,,,,,
1383534,2023/24,2023-10-25,"JSCA International Stadium Complex, Ranchi",2,7.5,Gujarat,Railways,UR Kumar,Aarya Desai,KV Sharma,1,0,,,,,,,,,
1383534,2023/24,2023-10-25,"JSCA International Stadium Complex, Ranchi",2,7.6,Gujarat,Railways,Aarya Desai,UR Kumar,KV Sharma,6,0,,,,,,,,,
1383534,2023/24,2023-10-25,"JSCA International Stadium Complex, Ranchi",2,8.1,Gujarat,Railways,UR Kumar,Aarya Desai,Akash Pandey,1,0,,,,,,,,,
1383534,2023/24,2023-10-25,"JSCA International Stadium Complex, Ranchi",2,8.2,Gujarat,Railways,Aarya Desai,UR Kumar,Akash Pandey,6,0,,,,,,,,,
1383534,2023/24,2023-10-25,"JSCA International Stadium Complex, Ranchi",2,8.3,Gujarat,Railways,Aarya Desai,UR Kumar,Akash Pandey,1,0,,,,,,,,,
1383534,2023/24,2023-10-25,"JSCA International Stadium Complex, Ranchi",2,8.4,Gujarat,Railways,UR Kumar,Aarya Desai,Akash Pandey,1,0,,,,,,,,,
1383534,2023/24,2023-10-25,"JSCA International Stadium Complex, Ranchi",2,8.5,Gujarat,Railways,Aarya Desai,UR Kumar,Akash Pandey,0,0,,,,,,,,,
1383534,2023/24,2023-10-25,"JSCA International Stadium Complex, Ranchi",2,8.6,Gujarat,Railways,Aarya Desai,UR Kumar,Akash Pandey,1,0,,,,,,,,,
1383534,2023/24,2023-10-25,"JSCA International Stadium Complex, Ranchi",2,9.1,Gujarat,Railways,Aarya Desai,UR Kumar,KV Sharma,2,0,,,,,,,,,
1383534,2023/24,2023-10-25,"JSCA International Stadium Complex, Ranchi",2,9.2,Gujarat,Railways,Aarya Desai,UR Kumar,KV Sharma,0,0,,,,,,caught,Aarya Desai,,
1383534,2023/24,2023-10-25,"JSCA International Stadium Complex, Ranchi",2,9.3,Gujarat,Railways,Saurav Chauhan,UR Kumar,KV Sharma,0,0,,,,,,,,,
1383534,2023/24,2023-10-25,"JSCA International Stadium Complex, Ranchi",2,9.4,Gujarat,Railways,Saurav Chauhan,UR Kumar,KV Sharma,1,0,,,,,,,,,
1383534,2023/24,2023-10-25,"JSCA International Stadium Complex, Ranchi",2,9.5,Gujarat,Railways,UR Kumar,Saurav Chauhan,KV Sharma,6,0,,,,,,,,,
1383534,2023/24,2023-10-25,"JSCA International Stadium Complex, Ranchi",2,9.6,Gujarat,Railways,UR Kumar,Saurav Chauhan,KV Sharma,0,2,,,2,,,,,,
1383534,2023/24,2023-10-25,"JSCA International Stadium Complex, Ranchi",2,10.1,Gujarat,Railways,Saurav Chauhan,UR Kumar,Shivam Chaudhary,0,0,,,,,,,,,
1383534,2023/24,2023-10-25,"JSCA International Stadium Complex, Ranchi",2,10.2,Gujarat,Railways,Saurav Chauhan,UR Kumar,Shivam Chaudhary,0,1,,,,1,,,,,
1383534,2023/24,2023-10-25,"JSCA International Stadium Complex, Ranchi",2,10.3,Gujarat,Railways,UR Kumar,Saurav Chauhan,Shivam Chaudhary,0,0,,,,,,,,,
1383534,2023/24,2023-10-25,"JSCA International Stadium Complex, Ranchi",2,10.4,Gujarat,Railways,UR Kumar,Saurav Chauhan,Shivam Chaudhary,1,0,,,,,,,,,
1383534,2023/24,2023-10-25,"JSCA International Stadium Complex, Ranchi",2,10.5,Gujarat,Railways,Saurav Chauhan,UR Kumar,Shivam Chaudhary,1,0,,,,,,,,,
1383534,2023/24,2023-10-25,"JSCA International Stadium Complex, Ranchi",2,10.6,Gujarat,Railways,UR Kumar,Saurav Chauhan,Shivam Chaudhary,6,0,,,,,,,,,
1383534,2023/24,2023-10-25,"JSCA International Stadium Complex, Ranchi",2,11.1,Gujarat,Railways,Saurav Chauhan,UR Kumar,KV Sharma,0,0,,,,,,,,,
1383534,2023/24,2023-10-25,"JSCA International Stadium Complex, Ranchi",2,11.2,Gujarat,Railways,Saurav Chauhan,UR Kumar,KV Sharma,1,0,,,,,,,,,
1383534,2023/24,2023-10-25,"JSCA International Stadium Complex, Ranchi",2,11.3,Gujarat,Railways,UR Kumar,Saurav Chauhan,KV Sharma,1,0,,,,,,,,,
1383534,2023/24,2023-10-25,"JSCA International Stadium Complex, Ranchi",2,11.4,Gujarat,Railways,Saurav Chauhan,UR Kumar,KV Sharma,1,0,,,,,,,,,
1383534,2023/24,2023-10-25,"JSCA International Stadium Complex, Ranchi",2,11.5,Gujarat,Railways,UR Kumar,Saurav Chauhan,KV Sharma,0,0,,,,,,,,,
1383534,2023/24,2023-10-25,"JSCA International Stadium Complex, Ranchi",2,11.6,Gujarat,Railways,UR Kumar,Saurav Chauhan,KV Sharma,1,0,,,,,,,,,
1383534,2023/24,2023-10-25,"JSCA International Stadium Complex, Ranchi",2,12.1,Gujarat,Railways,UR Kumar,Saurav Chauhan,RA Sharma,4,0,,,,,,,,,
1383534,2023/24,2023-10-25,"JSCA International Stadium Complex, Ranchi",2,12.2,Gujarat,Railways,UR Kumar,Saurav Chauhan,RA Sharma,0,0,,,,,,,,,
1383534,2023/24,2023-10-25,"JSCA International Stadium Complex, Ranchi",2,12.3,Gujarat,Railways,UR Kumar,Saurav Chauhan,RA Sharma,1,0,,,,,,,,,
1383534,2023/24,2023-10-25,"JSCA International Stadium Complex, Ranchi",2,12.4,Gujarat,Railways,Saurav Chauhan,UR Kumar,RA Sharma,0,0,,,,,,,,,
1383534,2023/24,2023-10-25,"JSCA International Stadium Complex, Ranchi",2,12.5,Gujarat,Railways,Saurav Chauhan,UR Kumar,RA Sharma,1,0,,,,,,,,,
1383534,2023/24,2023-10-25,"JSCA International Stadium Complex, Ranchi",2,12.6,Gujarat,Railways,UR Kumar,Saurav Chauhan,RA Sharma,0,0,,,,,,,,,
1383534,2023/24,2023-10-25,"JSCA International Stadium Complex, Ranchi",2,13.1,Gujarat,Railways,Saurav Chauhan,UR Kumar,Akash Pandey,6,0,,,,,,,,,
1383534,2023/24,2023-10-25,"JSCA International Stadium Complex, Ranchi",2,13.2,Gujarat,Railways,Saurav Chauhan,UR Kumar,Akash Pandey,6,0,,,,,,,,,
1383534,2023/24,2023-10-25,"JSCA International Stadium Complex, Ranchi",2,13.3,Gujarat,Railways,Saurav Chauhan,UR Kumar,Akash Pandey,4,0,,,,,,,,,
1383534,2023/24,2023-10-25,"JSCA International Stadium Complex, Ranchi",2,13.4,Gujarat,Railways,Saurav Chauhan,UR Kumar,Akash Pandey,6,0,,,,,,,,,
1383534,2023/24,2023-10-25,"JSCA International Stadium Complex, Ranchi",2,13.5,Gujarat,Railways,Saurav Chauhan,UR Kumar,Akash Pandey,6,0,,,,,,,,,
1383534,2023/24,2023-10-25,"JSCA International Stadium Complex, Ranchi",2,13.6,Gujarat,Railways,Saurav Chauhan,UR Kumar,Akash Pandey,4,0,,,,,,,,,
1383534,2023/24,2023-10-25,"JSCA International Stadium Complex, Ranchi",2,14.1,Gujarat,Railways,UR Kumar,Saurav Chauhan,AR Pandey,1,0,,,,,,,,,
1383534,2023/24,2023-10-25,"JSCA International Stadium Complex, Ranchi",2,14.2,Gujarat,Railways,Saurav Chauhan,UR Kumar,AR Pandey,0,1,1,,,,,,,,
1383534,2023/24,2023-10-25,"JSCA International Stadium Complex, Ranchi",2,14.3,Gujarat,Railways,Saurav Chauhan,UR Kumar,AR Pandey,2,0,,,,,,,,,
1383534,2023/24,2023-10-25,"JSCA International Stadium Complex, Ranchi",2,14.4,Gujarat,Railways,Saurav Chauhan,UR Kumar,AR Pandey,0,0,,,,,,,,,
1383534,2023/24,2023-10-25,"JSCA International Stadium Complex, Ranchi",2,14.5,Gujarat,Railways,Saurav Chauhan,UR Kumar,AR Pandey,0,0,,,,,,,,,
1383534,2023/24,2023-10-25,"JSCA International Stadium Complex, Ranchi",2,14.6,Gujarat,Railways,Saurav Chauhan,UR Kumar,AR Pandey,4,0,,,,,,,,,
1383534,2023/24,2023-10-25,"JSCA International Stadium Complex, Ranchi",2,14.7,Gujarat,Railways,Saurav Chauhan,UR Kumar,AR Pandey,1,0,,,,,,,,,
1383534,2023/24,2023-10-25,"JSCA International Stadium Complex, Ranchi",2,15.1,Gujarat,Railways,Saurav Chauhan,UR Kumar,Mohammad Saif,4,0,,,,,,,,,
