match_id,season,start_date,venue,innings,ball,batting_team,bowling_team,striker,non_striker,bowler,runs_off_bat,extras,wides,noballs,byes,legbyes,penalty,wicket_type,player_dismissed,other_wicket_type,other_player_dismissed
1383480,2023/24,2023-10-19,"JSCA International Stadium Complex, Ranchi",1,0.1,Gujarat,Goa,Urvil Patel,Priyank Panchal,Arjun Tendulkar,4,0,,,,,,,,,
1383480,2023/24,2023-10-19,"JSCA International Stadium Complex, Ranchi",1,0.2,Gujarat,Goa,Urvil Patel,Priyank Panchal,Arjun Tendulkar,1,0,,,,,,,,,
1383480,2023/24,2023-10-19,"JSCA International Stadium Complex, Ranchi",1,0.3,Gujarat,Goa,Priyank Panchal,Urvil Patel,Arjun Tendulkar,0,0,,,,,,,,,
1383480,2023/24,2023-10-19,"JSCA International Stadium Complex, Ranchi",1,0.4,Gujarat,Goa,Priyank Panchal,Urvil Patel,Arjun Tendulkar,4,0,,,,,,,,,
1383480,2023/24,2023-10-19,"JSCA International Stadium Complex, Ranchi",1,0.5,Gujarat,Goa,Priyank Panchal,Urvil Patel,Arjun Tendulkar,0,2,2,,,,,,,,
1383480,2023/24,2023-10-19,"JSCA International Stadium Complex, Ranchi",1,0.6,Gujarat,Goa,Urvil Patel,Priyank Panchal,Arjun Tendulkar,0,0,,,,,,,,,
1383480,2023/24,2023-10-19,"JSCA International Stadium Complex, Ranchi",1,0.7,Gujarat,Goa,Urvil Patel,Priyank Panchal,Arjun Tendulkar,4,0,,,,,,,,,
1383480,2023/24,2023-10-19,"JSCA International Stadium Complex, Ranchi",1,1.1,Gujarat,Goa,Priyank Panchal,Urvil Patel,SP Tari,0,0,,,,,,,,,
1383480,2023/24,2023-10-19,"JSCA International Stadium Complex, Ranchi",1,1.2,Gujarat,Goa,Priyank Panchal,Urvil Patel,SP Tari,0,0,,,,,,caught,Priyank Panchal,,
1383480,2023/24,2023-10-19,"JSCA International Stadium Complex, Ranchi",1,1.3,Gujarat,Goa,Aarya Desai,Urvil Patel,SP Tari,0,0,,,,,,,,,
1383480,2023/24,2023-10-19,"JSCA International Stadium Complex, Ranchi",1,1.4,Gujarat,Goa,Aarya Desai,Urvil Patel,SP Tari,0,0,,,,,,,,,
1383480,2023/24,2023-10-19,"JSCA International Stadium Complex, Ranchi",1,1.5,Gujarat,Goa,Aarya Desai,Urvil Patel,SP Tari,0,0,,,,,,,,,
1383480,2023/24,2023-10-19,"JSCA International Stadium Complex, Ranchi",1,1.6,Gujarat,Goa,Aarya Desai,Urvil Patel,SP Tari,4,0,,,,,,,,,
1383480,2023/24,2023-10-19,"JSCA International Stadium Complex, Ranchi",1,2.1,Gujarat,Goa,Urvil Patel,Aarya Desai,Lakshay Garg,0,0,,,,,,,,,
1383480,2023/24,2023-10-19,"JSCA International Stadium Complex, Ranchi",1,2.2,Gujarat,Goa,Urvil Patel,Aarya Desai,Lakshay Garg,1,0,,,,,,,,,
1383480,2023/24,2023-10-19,"JSCA International Stadium Complex, Ranchi",1,2.3,Gujarat,Goa,Aarya Desai,Urvil Patel,Lakshay Garg,4,0,,,,,,,,,
1383480,2023/24,2023-10-19,"JSCA International Stadium Complex, Ranchi",1,2.4,Gujarat,Goa,Aarya Desai,Urvil Patel,Lakshay Garg,4,0,,,,,,,,,
1383480,2023/24,2023-10-19,"JSCA International Stadium Complex, Ranchi",1,2.5,Gujarat,Goa,Aarya Desai,Urvil Patel,Lakshay Garg,1,0,,,,,,,,,
1383480,2023/24,2023-10-19,"JSCA International Stadium Complex, Ranchi",1,2.6,Gujarat,Goa,Urvil Patel,Aarya Desai,Lakshay Garg,0,1,1,,,,,,,,
1383480,2023/24,2023-10-19,"JSCA International Stadium Complex, Ranchi",1,2.7,Gujarat,Goa,Urvil Patel,Aarya Desai,Lakshay Garg,1,0,,,,,,,,,
1383480,2023/24,2023-10-19,"JSCA International Stadium Complex, Ranchi",1,3.1,Gujarat,Goa,Urvil Patel,Aarya Desai,SP Tari,4,0,,,,,,,,,
1383480,2023/24,2023-10-19,"JSCA International Stadium Complex, Ranchi",1,3.2,Gujarat,Goa,Urvil Patel,Aarya Desai,SP Tari,1,0,,,,,,,,,
1383480,2023/24,2023-10-19,"JSCA International Stadium Complex, Ranchi",1,3.3,Gujarat,Goa,Aarya Desai,Urvil Patel,SP Tari,0,0,,,,,,,,,
1383480,2023/24,2023-10-19,"JSCA International Stadium Complex, Ranchi",1,3.4,Gujarat,Goa,Aarya Desai,Urvil Patel,SP Tari,1,0,,,,,,,,,
1383480,2023/24,2023-10-19,"JSCA International Stadium Complex, Ranchi",1,3.5,Gujarat,Goa,Urvil Patel,Aarya Desai,SP Tari,2,0,,,,,,,,,
1383480,2023/24,2023-10-19,"JSCA International Stadium Complex, Ranchi",1,3.6,Gujarat,Goa,Urvil Patel,Aarya Desai,SP Tari,4,0,,,,,,,,,
1383480,2023/24,2023-10-19,"JSCA International Stadium Complex, Ranchi",1,4.1,Gujarat,Goa,Aarya Desai,Urvil Patel,MS Redkar,0,0,,,,,,,,,
1383480,2023/24,2023-10-19,"JSCA International Stadium Complex, Ranchi",1,4.2,Gujarat,Goa,Aarya Desai,Urvil Patel,MS Redkar,1,0,,,,,,,,,
1383480,2023/24,2023-10-19,"JSCA International Stadium Complex, Ranchi",1,4.3,Gujarat,Goa,Urvil Patel,Aarya Desai,MS Redkar,0,0,,,,,,,,,
1383480,2023/24,2023-10-19,"JSCA International Stadium Complex, Ranchi",1,4.4,Gujarat,Goa,Urvil Patel,Aarya Desai,MS Redkar,6,0,,,,,,,,,
1383480,2023/24,2023-10-19,"JSCA International Stadium Complex, Ranchi",1,4.5,Gujarat,Goa,Urvil Patel,Aarya Desai,MS Redkar,1,0,,,,,,,,,
1383480,2023/24,2023-10-19,"JSCA International Stadium Complex, Ranchi",1,4.6,Gujarat,Goa,Aarya Desai,Urvil Patel,MS Redkar,4,0,,,,,,,,,
1383480,2023/24,2023-10-19,"JSCA International Stadium Complex, Ranchi",1,5.1,Gujarat,Goa,Urvil Patel,Aarya Desai,Arjun Tendulkar,6,0,,,,,,,,,
1383480,2023/24,2023-10-19,"JSCA International Stadium Complex, Ranchi",1,5.2,Gujarat,Goa,Urvil Patel,Aarya Desai,Arjun Tendulkar,1,0,,,,,,,,,
1383480,2023/24,2023-10-19,"JSCA International Stadium Complex, Ranchi",1,5.3,Gujarat,Goa,Aarya Desai,Urvil Patel,Arjun Tendulkar,0,0,,,,,,,,,
1383480,2023/24,2023-10-19,"JSCA International Stadium Complex, Ranchi",1,5.4,Gujarat,Goa,Aarya Desai,Urvil Patel,Arjun Tendulkar,0,0,,,,,,,,,
1383480,2023/24,2023-10-19,"JSCA International Stadium Complex, Ranchi",1,5.5,Gujarat,Goa,Aarya Desai,Urvil Patel,Arjun Tendulkar,1,0,,,,,,,,,
1383480,2023/24,2023-10-19,"JSCA International Stadium Complex, Ranchi",1,5.6,Gujarat,Goa,Urvil Patel,Aarya Desai,Arjun Tendulkar,0,1,1,,,,,,,,
1383480,2023/24,2023-10-19,"JSCA International Stadium Complex, Ranchi",1,5.7,Gujarat,Goa,Urvil Patel,Aarya Desai,Arjun Tendulkar,4,0,,,,,,,,,
1383480,2023/24,2023-10-19,"JSCA International Stadium Complex, Ranchi",1,6.1,Gujarat,Goa,Aarya Desai,Urvil Patel,MS Redkar,1,0,,,,,,,,,
1383480,2023/24,2023-10-19,"JSCA International Stadium Complex, Ranchi",1,6.2,Gujarat,Goa,Urvil Patel,Aarya Desai,MS Redkar,6,0,,,,,,,,,
1383480,2023/24,2023-10-19,"JSCA International Stadium Complex, Ranchi",1,6.3,Gujarat,Goa,Urvil Patel,Aarya Desai,MS Redkar,0,0,,,,,,caught,Urvil Patel,,
1383480,2023/24,2023-10-19,"JSCA International Stadium Complex, Ranchi",1,6.4,Gujarat,Goa,UR Kumar,Aarya Desai,MS Redkar,1,0,,,,,,,,,
1383480,2023/24,2023-10-19,"JSCA International Stadium Complex, Ranchi",1,6.5,Gujarat,Goa,Aarya Desai,UR Kumar,MS Redkar,1,0,,,,,,,,,
1383480,2023/24,2023-10-19,"JSCA International Stadium Complex, Ranchi",1,6.6,Gujarat,Goa,UR Kumar,Aarya Desai,MS Redkar,0,0,,,,,,,,,
1383480,2023/24,2023-10-19,"JSCA International Stadium Complex, Ranchi",1,7.1,Gujarat,Goa,Aarya Desai,UR Kumar,Deepraj Gaonkar,1,0,,,,,,,,,
1383480,2023/24,2023-10-19,"JSCA International Stadium Complex, Ranchi",1,7.2,Gujarat,Goa,UR Kumar,Aarya Desai,Deepraj Gaonkar,1,0,,,,,,,,,
1383480,2023/24,2023-10-19,"JSCA International Stadium Complex, Ranchi",1,7.3,Gujarat,Goa,Aarya Desai,UR Kumar,Deepraj Gaonkar,1,0,,,,,,,,,
1383480,2023/24,2023-10-19,"JSCA International Stadium Complex, Ranchi",1,7.4,Gujarat,Goa,UR Kumar,Aarya Desai,Deepraj Gaonkar,0,0,,,,,,,,,
1383480,2023/24,2023-10-19,"JSCA International Stadium Complex, Ranchi",1,7.5,Gujarat,Goa,UR Kumar,Aarya Desai,Deepraj Gaonkar,1,0,,,,,,,,,
1383480,2023/24,2023-10-19,"JSCA International Stadium Complex, Ranchi",1,7.6,Gujarat,Goa,Aarya Desai,UR Kumar,Deepraj Gaonkar,1,0,,,,,,,,,
1383480,2023/24,2023-10-19,"JSCA International Stadium Complex, Ranchi",1,8.1,Gujarat,Goa,Aarya Desai,UR Kumar,MS Redkar,0,0,,,,,,bowled,Aarya Desai,,
1383480,2023/24,2023-10-19,"JSCA International Stadium Complex, Ranchi",1,8.2,Gujarat,Goa,Saurav Chauhan,UR Kumar,MS Redkar,1,0,,,,,,,,,
1383480,2023/24,2023-10-19,"JSCA International Stadium Complex, Ranchi",1,8.3,Gujarat,Goa,UR Kumar,Saurav Chauhan,MS Redkar,6,0,,,,,,,,,
1383480,2023/24,2023-10-19,"JSCA International Stadium Complex, Ranchi",1,8.4,Gujarat,Goa,UR Kumar,Saurav Chauhan,MS Redkar,1,0,,,,,,,,,
1383480,2023/24,2023-10-19,"JSCA International Stadium Complex, Ranchi",1,8.5,Gujarat,Goa,Saurav Chauhan,UR Kumar,MS Redkar,1,0,,,,,,,,,
1383480,2023/24,2023-10-19,"JSCA International Stadium Complex, Ranchi",1,8.6,Gujarat,Goa,UR Kumar,Saurav Chauhan,MS Redkar,1,0,,,,,,,,,
1383480,2023/24,2023-10-19,"JSCA International Stadium Complex, Ranchi",1,9.1,Gujarat,Goa,UR Kumar,Saurav Chauhan,VK Singh,6,0,,,,,,,,,
1383480,2023/24,2023-10-19,"JSCA International Stadium Complex, Ranchi",1,9.2,Gujarat,Goa,UR Kumar,Saurav Chauhan,VK Singh,1,0,,,,,,,,,
1383480,2023/24,2023-10-19,"JSCA International Stadium Complex, Ranchi",1,9.3,Gujarat,Goa,Saurav Chauhan,UR Kumar,VK Singh,4,0,,,,,,,,,
1383480,2023/24,2023-10-19,"JSCA International Stadium Complex, Ranchi",1,9.4,Gujarat,Goa,Saurav Chauhan,UR Kumar,VK Singh,1,0,,,,,,,,,
1383480,2023/24,2023-10-19,"JSCA International Stadium Complex, Ranchi",1,9.5,Gujarat,Goa,UR Kumar,Saurav Chauhan,VK Singh,1,0,,,,,,,,,
1383480,2023/24,2023-10-19,"JSCA International Stadium Complex, Ranchi",1,9.6,Gujarat,Goa,Saurav Chauhan,UR Kumar,VK Singh,0,2,2,,,,,,,,
1383480,2023/24,2023-10-19,"JSCA International Stadium Complex, Ranchi",1,9.7,Gujarat,Goa,UR Kumar,Saurav Chauhan,VK Singh,0,0,,,,,,,,,
1383480,2023/24,2023-10-19,"JSCA International Stadium Complex, Ranchi",1,10.1,Gujarat,Goa,Saurav Chauhan,UR Kumar,Lakshay Garg,1,0,,,,,,,,,
1383480,2023/24,2023-10-19,"JSCA International Stadium Complex, Ranchi",1,10.2,Gujarat,Goa,UR Kumar,Saurav Chauhan,Lakshay Garg,4,0,,,,,,,,,
1383480,2023/24,2023-10-19,"JSCA International Stadium Complex, Ranchi",1,10.3,Gujarat,Goa,UR Kumar,Saurav Chauhan,Lakshay Garg,0,0,,,,,,caught,UR Kumar,,
1383480,2023/24,2023-10-19,"JSCA International Stadium Complex, Ranchi",1,10.4,Gujarat,Goa,Chirag Gandhi,Saurav Chauhan,Lakshay Garg,0,0,,,,,,,,,
1383480,2023/24,2023-10-19,"JSCA International Stadium Complex, Ranchi",1,10.5,Gujarat,Goa,Chirag Gandhi,Saurav Chauhan,Lakshay Garg,1,0,,,,,,,,,
1383480,2023/24,2023-10-19,"JSCA International Stadium Complex, Ranchi",1,10.6,Gujarat,Goa,Saurav Chauhan,Chirag Gandhi,Lakshay Garg,1,0,,,,,,,,,
1383480,2023/24,2023-10-19,"JSCA International Stadium Complex, Ranchi",1,11.1,Gujarat,Goa,Saurav Chauhan,Chirag Gandhi,Deepraj Gaonkar,1,0,,,,,,,,,
1383480,2023/24,2023-10-19,"JSCA International Stadium Complex, Ranchi",1,11.2,Gujarat,Goa,Chirag Gandhi,Saurav Chauhan,Deepraj Gaonkar,1,0,,,,,,,,,
1383480,2023/24,2023-10-19,"JSCA International Stadium Complex, Ranchi",1,11.3,Gujarat,Goa,Saurav Chauhan,Chirag Gandhi,Deepraj Gaonkar,1,0,,,,,,,,,
1383480,2023/24,2023-10-19,"JSCA International Stadium Complex, Ranchi",1,11.4,Gujarat,Goa,Chirag Gandhi,Saurav Chauhan,Deepraj Gaonkar,1,0,,,,,,,,,
1383480,2023/24,2023-10-19,"JSCA International Stadium Complex, Ranchi",1,11.5,Gujarat,Goa,Saurav Chauhan,Chirag Gandhi,Deepraj Gaonkar,1,0,,,,,,,,,
1383480,2023/24,2023-10-19,"JSCA International Stadium Complex, Ranchi",1,11.6,Gujarat,Goa,Chirag Gandhi,Saurav Chauhan,Deepraj Gaonkar,0,0,,,,,,,,,
1383480,2023/24,2023-10-19,"JSCA International Stadium Complex, Ranchi",1,12.1,Gujarat,Goa,Saurav Chauhan,Chirag Gandhi,MS Redkar,1,0,,,,,,,,,
1383480,2023/24,2023-10-19,"JSCA International Stadium Complex, Ranchi",1,12.2,Gujarat,Goa,Chirag Gandhi,Saurav Chauhan,MS Redkar,1,0,,,,,,,,,
1383480,2023/24,2023-10-19,"JSCA International Stadium Complex, Ranchi",1,12.3,Gujarat,Goa,Saurav Chauhan,Chirag Gandhi,MS Redkar,6,0,,,,,,,,,
1383480,2023/24,2023-10-19,"JSCA International Stadium Complex, Ranchi",1,12.4,Gujarat,Goa,Saurav Chauhan,Chirag Gandhi,MS Redkar,1,0,,,,,,,,,
1383480,2023/24,2023-10-19,"JSCA International Stadium Complex, Ranchi",1,12.5,Gujarat,Goa,Chirag Gandhi,Saurav Chauhan,MS Redkar,1,0,,,,,,,,,
1383480,2023/24,2023-10-19,"JSCA International Stadium Complex, Ranchi",1,12.6,Gujarat,Goa,Saurav Chauhan,Chirag Gandhi,MS Redkar,1,0,,,,,,,,,
1383480,2023/24,2023-10-19,"JSCA International Stadium Complex, Ranchi",1,13.1,Gujarat,Goa,Saurav Chauhan,Chirag Gandhi,Deepraj Gaonkar,1,0,,,,,,,,,
1383480,2023/24,2023-10-19,"JSCA International Stadium Complex, Ranchi",1,13.2,Gujarat,Goa,Chirag Gandhi,Saurav Chauhan,Deepraj Gaonkar,1,0,,,,,,,,,
1383480,2023/24,2023-10-19,"JSCA International Stadium Complex, Ranchi",1,13.3,Gujarat,Goa,Saurav Chauhan,Chirag Gandhi,Deepraj Gaonkar,0,0,,,,,,,,,
1383480,2023/24,2023-10-19,"JSCA International Stadium Complex, Ranchi",1,13.4,Gujarat,Goa,Saurav Chauhan,Chirag Gandhi,Deepraj Gaonkar,6,0,,,,,,,,,
1383480,2023/24,2023-10-19,"JSCA International Stadium Complex, Ranchi",1,13.5,Gujarat,Goa,Saurav Chauhan,Chirag Gandhi,Deepraj Gaonkar,1,0,,,,,,,,,
1383480,2023/24,2023-10-19,"JSCA International Stadium Complex, Ranchi",1,13.6,Gujarat,Goa,Chirag Gandhi,Saurav Chauhan,Deepraj Gaonkar,4,0,,,,,,,,,
1383480,2023/24,2023-10-19,"JSCA International Stadium Complex, Ranchi",1,14.1,Gujarat,Goa,Saurav Chauhan,Chirag Gandhi,SP Tari,1,0,,,,,,,,,
1383480,2023/24,2023-10-19,"JSCA International Stadium Complex, Ranchi",1,14.2,Gujarat,Goa,Chirag Gandhi,Saurav Chauhan,SP Tari,1,0,,,,,,,,,
1383480,2023/24,2023-10-19,"JSCA International Stadium Complex, Ranchi",1,14.3,Gujarat,Goa,Saurav Chauhan,Chirag Gandhi,SP Tari,0,0,,,,,,,,,
1383480,2023/24,2023-10-19,"JSCA International Stadium Complex, Ranchi",1,14.4,Gujarat,Goa,Saurav Chauhan,Chirag Gandhi,SP Tari,1,0,,,,,,,,,
1383480,2023/24,2023-10-19,"JSCA International Stadium Complex, Ranchi",1,14.5,Gujarat,Goa,Chirag Gandhi,Saurav Chauhan,SP Tari,2,0,,,,,,,,,
1383480,2023/24,2023-10-19,"JSCA International Stadium Complex, Ranchi",1,14.6,Gujarat,Goa,Chirag Gandhi,Saurav Chauhan,SP Tari,1,0,,,,,,,,,
1383480,2023/24,2023-10-19,"JSCA International Stadium Complex, Ranchi",1,15.1,Gujarat,Goa,Chirag Gandhi,Saurav Chauhan,Lakshay Garg,1,0,,,,,,,,,
1383480,2023/24,2023-10-19,"JSCA International Stadium Complex, Ranchi",1,15.2,Gujarat,Goa,Saurav Chauhan,Chirag Gandhi,Lakshay Garg,1,0,,,,,,,,,
1383480,2023/24,2023-10-19,"JSCA International Stadium Complex, Ranchi",1,15.3,Gujarat,Goa,Chirag Gandhi,Saurav Chauhan,Lakshay Garg,6,0,,,,,,,,,
1383480,2023/24,2023-10-19,"JSCA International Stadium Complex, Ranchi",1,15.4,Gujarat,Goa,Chirag Gandhi,Saurav Chauhan,Lakshay Garg,1,0,,,,,,,,,
1383480,2023/24,2023-10-19,"JSCA International Stadium Complex, Ranchi",1,15.5,Gujarat,Goa,Saurav Chauhan,Chirag Gandhi,Lakshay Garg,1,0,,,,,,,,,
1383480,2023/24,2023-10-19,"JSCA International Stadium Complex, Ranchi",1,15.6,Gujarat,Goa,Chirag Gandhi,Saurav Chauhan,Lakshay Garg,0,1,,,,1,,,,,
1383480,2023/24,2023-10-19,"JSCA International Stadium Complex, Ranchi",1,16.1,Gujarat,Goa,Chirag Gandhi,Saurav Chauhan,Arjun Tendulkar,4,0,,,,,,,,,
1383480,2023/24,2023-10-19,"JSCA International Stadium Complex, Ranchi",1,16.2,Gujarat,Goa,Chirag Gandhi,Saurav Chauhan,Arjun Tendulkar,0,0,,,,,,caught,Chirag Gandhi,,
1383480,2023/24,2023-10-19,"JSCA International Stadium Complex, Ranchi",1,16.3,Gujarat,Goa,RV Patel,Saurav Chauhan,Arjun Tendulkar,1,0,,,,,,,,,
1383480,2023/24,2023-10-19,"JSCA International Stadium Complex, Ranchi",1,16.4,Gujarat,Goa,Saurav Chauhan,RV Patel,Arjun Tendulkar,1,0,,,,,,,,,
1383480,2023/24,2023-10-19,"JSCA International Stadium Complex, Ranchi",1,16.5,Gujarat,Goa,RV Patel,Saurav Chauhan,Arjun Tendulkar,0,1,1,,,,,,,,
1383480,2023/24,2023-10-19,"JSCA International Stadium Complex, Ranchi",1,16.6,Gujarat,Goa,RV Patel,Saurav Chauhan,Arjun Tendulkar,6,0,,,,,,,,,
1383480,2023/24,2023-10-19,"JSCA International Stadium Complex, Ranchi",1,16.7,Gujarat,Goa,RV Patel,Saurav Chauhan,Arjun Tendulkar,1,0,,,,,,,,,
1383480,2023/24,2023-10-19,"JSCA International Stadium Complex, Ranchi",1,17.1,Gujarat,Goa,RV Patel,Saurav Chauhan,SP Tari,0,1,,,,1,,,,,
1383480,2023/24,2023-10-19,"JSCA International Stadium Complex, Ranchi",1,17.2,Gujarat,Goa,Saurav Chauhan,RV Patel,SP Tari,1,0,,,,,,,,,
1383480,2023/24,2023-10-19,"JSCA International Stadium Complex, Ranchi",1,17.3,Gujarat,Goa,RV Patel,Saurav Chauhan,SP Tari,0,0,,,,,,,,,
1383480,2023/24,2023-10-19,"JSCA International Stadium Complex, Ranchi",1,17.4,Gujarat,Goa,RV Patel,Saurav Chauhan,SP Tari,4,0,,,,,,,,,
1383480,2023/24,2023-10-19,"JSCA International Stadium Complex, Ranchi",1,17.5,Gujarat,Goa,RV Patel,Saurav Chauhan,SP Tari,4,0,,,,,,,,,
1383480,2023/24,2023-10-19,"JSCA International Stadium Complex, Ranchi",1,17.6,Gujarat,Goa,RV Patel,Saurav Chauhan,SP Tari,1,0,,,,,,,,,
1383480,2023/24,2023-10-19,"JSCA International Stadium Complex, Ranchi",1,18.1,Gujarat,Goa,RV Patel,Saurav Chauhan,Arjun Tendulkar,4,0,,,,,,,,,
1383480,2023/24,2023-10-19,"JSCA International Stadium Complex, Ranchi",1,18.2,Gujarat,Goa,RV Patel,Saurav Chauhan,Arjun Tendulkar,1,0,,,,,,,,,
1383480,2023/24,2023-10-19,"JSCA International Stadium Complex, Ranchi",1,18.3,Gujarat,Goa,Saurav Chauhan,RV Patel,Arjun Tendulkar,0,1,1,,,,,,,,
1383480,2023/24,2023-10-19,"JSCA International Stadium Complex, Ranchi",1,18.4,Gujarat,Goa,Saurav Chauhan,RV Patel,Arjun Tendulkar,1,0,,,,,,,,,
1383480,2023/24,2023-10-19,"JSCA International Stadium Complex, Ranchi",1,18.5,Gujarat,Goa,RV Patel,Saurav Chauhan,Arjun Tendulkar,6,0,,,,,,,,,
1383480,2023/24,2023-10-19,"JSCA International Stadium Complex, Ranchi",1,18.6,Gujarat,Goa,RV Patel,Saurav Chauhan,Arjun Tendulkar,0,1,1,,,,,,,,
1383480,2023/24,2023-10-19,"JSCA International Stadium Complex, Ranchi",1,18.7,Gujarat,Goa,RV Patel,Saurav Chauhan,Arjun Tendulkar,1,0,,,,,,,,,
1383480,2023/24,2023-10-19,"JSCA International Stadium Complex, Ranchi",1,18.8,Gujarat,Goa,Saurav Chauhan,RV Patel,Arjun Tendulkar,0,0,,,,,,lbw,Saurav Chauhan,,
1383480,2023/24,2023-10-19,"JSCA International Stadium Complex, Ranchi",1,19.1,Gujarat,Goa,RV Patel,PP Chawla,Lakshay Garg,0,0,,,,,,lbw,RV Patel,,
1383480,2023/24,2023-10-19,"JSCA International Stadium Complex, Ranchi",1,19.2,Gujarat,Goa,Chintan Gaja,PP Chawla,Lakshay Garg,2,0,,,,,,,,,
1383480,2023/24,2023-10-19,"JSCA International Stadium Complex, Ranchi",1,19.3,Gujarat,Goa,Chintan Gaja,PP Chawla,Lakshay Garg,2,0,,,,,,,,,
1383480,2023/24,2023-10-19,"JSCA International Stadium Complex, Ranchi",1,19.4,Gujarat,Goa,Chintan Gaja,PP Chawla,Lakshay Garg,0,1,1,,,,,,,,
1383480,2023/24,2023-10-19,"JSCA International Stadium Complex, Ranchi",1,19.5,Gujarat,Goa,Chintan Gaja,PP Chawla,Lakshay Garg,6,0,,,,,,,,,
1383480,2023/24,2023-10-19,"JSCA International Stadium Complex, Ranchi",1,19.6,Gujarat,Goa,Chintan Gaja,PP Chawla,Lakshay Garg,1,0,,,,,,,,,
1383480,2023/24,2023-10-19,"JSCA International Stadium Complex, Ranchi",1,19.7,Gujarat,Goa,PP Chawla,Chintan Gaja,Lakshay Garg,4,0,,,,,,,,,
1383480,2023/24,2023-10-19,"JSCA International Stadium Complex, Ranchi",2,0.1,Goa,Gujarat,Ishaan Gadekar,RA Tripathi,Chintan Gaja,2,0,,,,,,,,,
1383480,2023/24,2023-10-19,"JSCA International Stadium Complex, Ranchi",2,0.2,Goa,Gujarat,Ishaan Gadekar,RA Tripathi,Chintan Gaja,2,0,,,,,,,,,
1383480,2023/24,2023-10-19,"JSCA International Stadium Complex, Ranchi",2,0.3,Goa,Gujarat,Ishaan Gadekar,RA Tripathi,Chintan Gaja,0,0,,,,,,,,,
1383480,2023/24,2023-10-19,"JSCA International Stadium Complex, Ranchi",2,0.4,Goa,Gujarat,Ishaan Gadekar,RA Tripathi,Chintan Gaja,6,0,,,,,,,,,
1383480,2023/24,2023-10-19,"JSCA International Stadium Complex, Ranchi",2,0.5,Goa,Gujarat,Ishaan Gadekar,RA Tripathi,Chintan Gaja,0,0,,,,,,,,,
1383480,2023/24,2023-10-19,"JSCA International Stadium Complex, Ranchi",2,0.6,Goa,Gujarat,Ishaan Gadekar,RA Tripathi,Chintan Gaja,0,1,1,,,,,,,,
1383480,2023/24,2023-10-19,"JSCA International Stadium Complex, Ranchi",2,0.7,Goa,Gujarat,Ishaan Gadekar,RA Tripathi,Chintan Gaja,0,0,,,,,,,,,
1383480,2023/24,2023-10-19,"JSCA International Stadium Complex, Ranchi",2,1.1,Goa,Gujarat,RA Tripathi,Ishaan Gadekar,A Nagwaswalla,1,0,,,,,,,,,
1383480,2023/24,2023-10-19,"JSCA International Stadium Complex, Ranchi",2,1.2,Goa,Gujarat,Ishaan Gadekar,RA Tripathi,A Nagwaswalla,0,0,,,,,,,,,
1383480,2023/24,2023-10-19,"JSCA International Stadium Complex, Ranchi",2,1.3,Goa,Gujarat,Ishaan Gadekar,RA Tripathi,A Nagwaswalla,1,0,,,,,,,,,
1383480,2023/24,2023-10-19,"JSCA International Stadium Complex, Ranchi",2,1.4,Goa,Gujarat,RA Tripathi,Ishaan Gadekar,A Nagwaswalla,4,0,,,,,,,,,
1383480,2023/24,2023-10-19,"JSCA International Stadium Complex, Ranchi",2,1.5,Goa,Gujarat,RA Tripathi,Ishaan Gadekar,A Nagwaswalla,0,0,,,,,,,,,
1383480,2023/24,2023-10-19,"JSCA International Stadium Complex, Ranchi",2,1.6,Goa,Gujarat,RA Tripathi,Ishaan Gadekar,A Nagwaswalla,1,0,,,,,,,,,
1383480,2023/24,2023-10-19,"JSCA International Stadium Complex, Ranchi",2,2.1,Goa,Gujarat,RA Tripathi,Ishaan Gadekar,SN Patel,1,0,,,,,,,,,
1383480,2023/24,2023-10-19,"JSCA International Stadium Complex, Ranchi",2,2.2,Goa,Gujarat,Ishaan Gadekar,RA Tripathi,SN Patel,0,0,,,,,,,,,
1383480,2023/24,2023-10-19,"JSCA International Stadium Complex, Ranchi",2,2.3,Goa,Gujarat,Ishaan Gadekar,RA Tripathi,SN Patel,4,0,,,,,,,,,
1383480,2023/24,2023-10-19,"JSCA International Stadium Complex, Ranchi",2,2.4,Goa,Gujarat,Ishaan Gadekar,RA Tripathi,SN Patel,4,0,,,,,,,,,
1383480,2023/24,2023-10-19,"JSCA International Stadium Complex, Ranchi",2,2.5,Goa,Gujarat,Ishaan Gadekar,RA Tripathi,SN Patel,0,0,,,,,,,,,
1383480,2023/24,2023-10-19,"JSCA International Stadium Complex, Ranchi",2,2.6,Goa,Gujarat,Ishaan Gadekar,RA Tripathi,SN Patel,4,0,,,,,,,,,
1383480,2023/24,2023-10-19,"JSCA International Stadium Complex, Ranchi",2,3.1,Goa,Gujarat,RA Tripathi,Ishaan Gadekar,A Nagwaswalla,4,0,,,,,,,,,
1383480,2023/24,2023-10-19,"JSCA International Stadium Complex, Ranchi",2,3.2,Goa,Gujarat,RA Tripathi,Ishaan Gadekar,A Nagwaswalla,0,0,,,,,,,,,
1383480,2023/24,2023-10-19,"JSCA International Stadium Complex, Ranchi",2,3.3,Goa,Gujarat,RA Tripathi,Ishaan Gadekar,A Nagwaswalla,0,0,,,,,,,,,
1383480,2023/24,2023-10-19,"JSCA International Stadium Complex, Ranchi",2,3.4,Goa,Gujarat,RA Tripathi,Ishaan Gadekar,A Nagwaswalla,0,0,,,,,,,,,
1383480,2023/24,2023-10-19,"JSCA International Stadium Complex, Ranchi",2,3.5,Goa,Gujarat,RA Tripathi,Ishaan Gadekar,A Nagwaswalla,1,0,,,,,,,,,
1383480,2023/24,2023-10-19,"JSCA International Stadium Complex, Ranchi",2,3.6,Goa,Gujarat,Ishaan Gadekar,RA Tripathi,A Nagwaswalla,1,0,,,,,,,,,
1383480,2023/24,2023-10-19,"JSCA International Stadium Complex, Ranchi",2,4.1,Goa,Gujarat,Ishaan Gadekar,RA Tripathi,Chintan Gaja,2,0,,,,,,,,,
1383480,2023/24,2023-10-19,"JSCA International Stadium Complex, Ranchi",2,4.2,Goa,Gujarat,Ishaan Gadekar,RA Tripathi,Chintan Gaja,1,0,,,,,,,,,
1383480,2023/24,2023-10-19,"JSCA International Stadium Complex, Ranchi",2,4.3,Goa,Gujarat,RA Tripathi,Ishaan Gadekar,Chintan Gaja,4,0,,,,,,,,,
1383480,2023/24,2023-10-19,"JSCA International Stadium Complex, Ranchi",2,4.4,Goa,Gujarat,RA Tripathi,Ishaan Gadekar,Chintan Gaja,4,0,,,,,,,,,
1383480,2023/24,2023-10-19,"JSCA International Stadium Complex, Ranchi",2,4.5,Goa,Gujarat,RA Tripathi,Ishaan Gadekar,Chintan Gaja,1,0,,,,,,,,,
1383480,2023/24,2023-10-19,"JSCA International Stadium Complex, Ranchi",2,4.6,Goa,Gujarat,Ishaan Gadekar,RA Tripathi,Chintan Gaja,1,0,,,,,,,,,
1383480,2023/24,2023-10-19,"JSCA International Stadium Complex, Ranchi",2,5.1,Goa,Gujarat,Ishaan Gadekar,RA Tripathi,SN Patel,4,0,,,,,,,,,
1383480,2023/24,2023-10-19,"JSCA International Stadium Complex, Ranchi",2,5.2,Goa,Gujarat,Ishaan Gadekar,RA Tripathi,SN Patel,0,0,,,,,,,,,
1383480,2023/24,2023-10-19,"JSCA International Stadium Complex, Ranchi",2,5.3,Goa,Gujarat,Ishaan Gadekar,RA Tripathi,SN Patel,0,0,,,,,,caught,Ishaan Gadekar,,
1383480,2023/24,2023-10-19,"JSCA International Stadium Complex, Ranchi",2,5.4,Goa,Gujarat,Krishnamurthy Siddharth,RA Tripathi,SN Patel,1,0,,,,,,,,,
1383480,2023/24,2023-10-19,"JSCA International Stadium Complex, Ranchi",2,5.5,Goa,Gujarat,RA Tripathi,Krishnamurthy Siddharth,SN Patel,0,0,,,,,,,,,
1383480,2023/24,2023-10-19,"JSCA International Stadium Complex, Ranchi",2,5.6,Goa,Gujarat,RA Tripathi,Krishnamurthy Siddharth,SN Patel,1,0,,,,,,,,,
1383480,2023/24,2023-10-19,"JSCA International Stadium Complex, Ranchi",2,6.1,Goa,Gujarat,RA Tripathi,Krishnamurthy Siddharth,Ravi Bishnoi,0,0,,,,,,caught and bowled,RA Tripathi,,
1383480,2023/24,2023-10-19,"JSCA International Stadium Complex, Ranchi",2,6.2,Goa,Gujarat,SS Prabhudessai,Krishnamurthy Siddharth,Ravi Bishnoi,2,0,,,,,,,,,
1383480,2023/24,2023-10-19,"JSCA International Stadium Complex, Ranchi",2,6.3,Goa,Gujarat,SS Prabhudessai,Krishnamurthy Siddharth,Ravi Bishnoi,1,0,,,,,,,,,
1383480,2023/24,2023-10-19,"JSCA International Stadium Complex, Ranchi",2,6.4,Goa,Gujarat,Krishnamurthy Siddharth,SS Prabhudessai,Ravi Bishnoi,0,0,,,,,,,,,
1383480,2023/24,2023-10-19,"JSCA International Stadium Complex, Ranchi",2,6.5,Goa,Gujarat,Krishnamurthy Siddharth,SS Prabhudessai,Ravi Bishnoi,0,0,,,,,,,,,
1383480,2023/24,2023-10-19,"JSCA International Stadium Complex, Ranchi",2,6.6,Goa,Gujarat,Krishnamurthy Siddharth,SS Prabhudessai,Ravi Bishnoi,2,0,,,,,,,,,
1383480,2023/24,2023-10-19,"JSCA International Stadium Complex, Ranchi",2,7.1,Goa,Gujarat,SS Prabhudessai,Krishnamurthy Siddharth,PP Chawla,4,0,,,,,,,,,
1383480,2023/24,2023-10-19,"JSCA International Stadium Complex, Ranchi",2,7.2,Goa,Gujarat,SS Prabhudessai,Krishnamurthy Siddharth,PP Chawla,1,0,,,,,,,,,
1383480,2023/24,2023-10-19,"JSCA International Stadium Complex, Ranchi",2,7.3,Goa,Gujarat,Krishnamurthy Siddharth,SS Prabhudessai,PP Chawla,1,0,,,,,,,,,
1383480,2023/24,2023-10-19,"JSCA International Stadium Complex, Ranchi",2,7.4,Goa,Gujarat,SS Prabhudessai,Krishnamurthy Siddharth,PP Chawla,0,0,,,,,,caught,SS Prabhudessai,,
1383480,2023/24,2023-10-19,"JSCA International Stadium Complex, Ranchi",2,7.5,Goa,Gujarat,Deepraj Gaonkar,Krishnamurthy Siddharth,PP Chawla,1,0,,,,,,,,,
1383480,2023/24,2023-10-19,"JSCA International Stadium Complex, Ranchi",2,7.6,Goa,Gujarat,Krishnamurthy Siddharth,Deepraj Gaonkar,PP Chawla,0,0,,,,,,,,,
1383480,2023/24,2023-10-19,"JSCA International Stadium Complex, Ranchi",2,8.1,Goa,Gujarat,Deepraj Gaonkar,Krishnamurthy Siddharth,Ravi Bishnoi,0,0,,,,,,,,,
1383480,2023/24,2023-10-19,"JSCA International Stadium Complex, Ranchi",2,8.2,Goa,Gujarat,Deepraj Gaonkar,Krishnamurthy Siddharth,Ravi Bishnoi,0,0,,,,,,,,,
1383480,2023/24,2023-10-19,"JSCA International Stadium Complex, Ranchi",2,8.3,Goa,Gujarat,Deepraj Gaonkar,Krishnamurthy Siddharth,Ravi Bishnoi,0,0,,,,,,,,,
1383480,2023/24,2023-10-19,"JSCA International Stadium Complex, Ranchi",2,8.4,Goa,Gujarat,Deepraj Gaonkar,Krishnamurthy Siddharth,Ravi Bishnoi,0,0,,,,,,,,,
1383480,2023/24,2023-10-19,"JSCA International Stadium Complex, Ranchi",2,8.5,Goa,Gujarat,Deepraj Gaonkar,Krishnamurthy Siddharth,Ravi Bishnoi,0,0,,,,,,,,,
1383480,2023/24,2023-10-19,"JSCA International Stadium Complex, Ranchi",2,8.6,Goa,Gujarat,Deepraj Gaonkar,Krishnamurthy Siddharth,Ravi Bishnoi,1,0,,,,,,,,,
1383480,2023/24,2023-10-19,"JSCA International Stadium Complex, Ranchi",2,9.1,Goa,Gujarat,Deepraj Gaonkar,Krishnamurthy Siddharth,PP Chawla,0,0,,,,,,,,,
1383480,2023/24,2023-10-19,"JSCA International Stadium Complex, Ranchi",2,9.2,Goa,Gujarat,Deepraj Gaonkar,Krishnamurthy Siddharth,PP Chawla,6,0,,,,,,,,,
1383480,2023/24,2023-10-19,"JSCA International Stadium Complex, Ranchi",2,9.3,Goa,Gujarat,Deepraj Gaonkar,Krishnamurthy Siddharth,PP Chawla,1,0,,,,,,,,,
1383480,2023/24,2023-10-19,"JSCA International Stadium Complex, Ranchi",2,9.4,Goa,Gujarat,Krishnamurthy Siddharth,Deepraj Gaonkar,PP Chawla,4,0,,,,,,,,,
1383480,2023/24,2023-10-19,"JSCA International Stadium Complex, Ranchi",2,9.5,Goa,Gujarat,Krishnamurthy Siddharth,Deepraj Gaonkar,PP Chawla,0,0,,,,,,,,,
1383480,2023/24,2023-10-19,"JSCA International Stadium Complex, Ranchi",2,9.6,Goa,Gujarat,Krishnamurthy Siddharth,Deepraj Gaonkar,PP Chawla,1,0,,,,,,,,,
1383480,2023/24,2023-10-19,"JSCA International Stadium Complex, Ranchi",2,10.1,Goa,Gujarat,Krishnamurthy Siddharth,Deepraj Gaonkar,Ravi Bishnoi,1,0,,,,,,,,,
1383480,2023/24,2023-10-19,"JSCA International Stadium Complex, Ranchi",2,10.2,Goa,Gujarat,Deepraj Gaonkar,Krishnamurthy Siddharth,Ravi Bishnoi,1,0,,,,,,,,,
1383480,2023/24,2023-10-19,"JSCA International Stadium Complex, Ranchi",2,10.3,Goa,Gujarat,Krishnamurthy Siddharth,Deepraj Gaonkar,Ravi Bishnoi,4,0,,,,,,,,,
1383480,2023/24,2023-10-19,"JSCA International Stadium Complex, Ranchi",2,10.4,Goa,Gujarat,Krishnamurthy Siddharth,Deepraj Gaonkar,Ravi Bishnoi,2,0,,,,,,,,,
1383480,2023/24,2023-10-19,"JSCA International Stadium Complex, Ranchi",2,10.5,Goa,Gujarat,Krishnamurthy Siddharth,Deepraj Gaonkar,Ravi Bishnoi,1,0,,,,,,,,,
1383480,2023/24,2023-10-19,"JSCA International Stadium Complex, Ranchi",2,10.6,Goa,Gujarat,Deepraj Gaonkar,Krishnamurthy Siddharth,Ravi Bishnoi,0,0,,,,,,,,,
1383480,2023/24,2023-10-19,"JSCA International Stadium Complex, Ranchi",2,11.1,Goa,Gujarat,Krishnamurthy Siddharth,Deepraj Gaonkar,Chintan Gaja,4,0,,,,,,,,,
1383480,2023/24,2023-10-19,"JSCA International Stadium Complex, Ranchi",2,11.2,Goa,Gujarat,Krishnamurthy Siddharth,Deepraj Gaonkar,Chintan Gaja,1,0,,,,,,,,,
1383480,2023/24,2023-10-19,"JSCA International Stadium Complex, Ranchi",2,11.3,Goa,Gujarat,Deepraj Gaonkar,Krishnamurthy Siddharth,Chintan Gaja,1,0,,,,,,,,,
1383480,2023/24,2023-10-19,"JSCA International Stadium Complex, Ranchi",2,11.4,Goa,Gujarat,Krishnamurthy Siddharth,Deepraj Gaonkar,Chintan Gaja,4,0,,,,,,,,,
1383480,2023/24,2023-10-19,"JSCA International Stadium Complex, Ranchi",2,11.5,Goa,Gujarat,Krishnamurthy Siddharth,Deepraj Gaonkar,Chintan Gaja,1,0,,,,,,,,,
1383480,2023/24,2023-10-19,"JSCA International Stadium Complex, Ranchi",2,11.6,Goa,Gujarat,Deepraj Gaonkar,Krishnamurthy Siddharth,Chintan Gaja,6,0,,,,,,,,,
1383480,2023/24,2023-10-19,"JSCA International Stadium Complex, Ranchi",2,12.1,Goa,Gujarat,Krishnamurthy Siddharth,Deepraj Gaonkar,PP Chawla,0,0,,,,,,,,,
1383480,2023/24,2023-10-19,"JSCA International Stadium Complex, Ranchi",2,12.2,Goa,Gujarat,Krishnamurthy Siddharth,Deepraj Gaonkar,PP Chawla,1,0,,,,,,,,,
1383480,2023/24,2023-10-19,"JSCA International Stadium Complex, Ranchi",2,12.3,Goa,Gujarat,Deepraj Gaonkar,Krishnamurthy Siddharth,PP Chawla,6,0,,,,,,,,,
1383480,2023/24,2023-10-19,"JSCA International Stadium Complex, Ranchi",2,12.4,Goa,Gujarat,Deepraj Gaonkar,Krishnamurthy Siddharth,PP Chawla,1,0,,,,,,,,,
1383480,2023/24,2023-10-19,"JSCA International Stadium Complex, Ranchi",2,12.5,Goa,Gujarat,Krishnamurthy Siddharth,Deepraj Gaonkar,PP Chawla,1,0,,,,,,,,,
1383480,2023/24,2023-10-19,"JSCA International Stadium Complex, Ranchi",2,12.6,Goa,Gujarat,Deepraj Gaonkar,Krishnamurthy Siddharth,PP Chawla,0,0,,,,,,,,,
1383480,2023/24,2023-10-19,"JSCA International Stadium Complex, Ranchi",2,13.1,Goa,Gujarat,Krishnamurthy Siddharth,Deepraj Gaonkar,SN Patel,2,0,,,,,,,,,
1383480,2023/24,2023-10-19,"JSCA International Stadium Complex, Ranchi",2,13.2,Goa,Gujarat,Krishnamurthy Siddharth,Deepraj Gaonkar,SN Patel,1,0,,,,,,,,,
1383480,2023/24,2023-10-19,"JSCA International Stadium Complex, Ranchi",2,13.3,Goa,Gujarat,Deepraj Gaonkar,Krishnamurthy Siddharth,SN Patel,0,0,,,,,,,,,
1383480,2023/24,2023-10-19,"JSCA International Stadium Complex, Ranchi",2,13.4,Goa,Gujarat,Deepraj Gaonkar,Krishnamurthy Siddharth,SN Patel,6,0,,,,,,,,,
1383480,2023/24,2023-10-19,"JSCA International Stadium Complex, Ranchi",2,13.5,Goa,Gujarat,Deepraj Gaonkar,Krishnamurthy Siddharth,SN Patel,0,0,,,,,,caught,Deepraj Gaonkar,,
1383480,2023/24,2023-10-19,"JSCA International Stadium Complex, Ranchi",2,13.6,Goa,Gujarat,Darshan Misal,Krishnamurthy Siddharth,SN Patel,0,0,,,,,,,,,
1383480,2023/24,2023-10-19,"JSCA International Stadium Complex, Ranchi",2,14.1,Goa,Gujarat,Krishnamurthy Siddharth,Darshan Misal,A Nagwaswalla,1,0,,,,,,,,,
1383480,2023/24,2023-10-19,"JSCA International Stadium Complex, Ranchi",2,14.2,Goa,Gujarat,Darshan Misal,Krishnamurthy Siddharth,A Nagwaswalla,6,0,,,,,,,,,
1383480,2023/24,2023-10-19,"JSCA International Stadium Complex, Ranchi",2,14.3,Goa,Gujarat,Darshan Misal,Krishnamurthy Siddharth,A Nagwaswalla,1,0,,,,,,,,,
1383480,2023/24,2023-10-19,"JSCA International Stadium Complex, Ranchi",2,14.4,Goa,Gujarat,Krishnamurthy Siddharth,Darshan Misal,A Nagwaswalla,1,0,,,,,,,,,
1383480,2023/24,2023-10-19,"JSCA International Stadium Complex, Ranchi",2,14.5,Goa,Gujarat,Darshan Misal,Krishnamurthy Siddharth,A Nagwaswalla,0,1,1,,,,,,,,
1383480,2023/24,2023-10-19,"JSCA International Stadium Complex, Ranchi",2,14.6,Goa,Gujarat,Darshan Misal,Krishnamurthy Siddharth,A Nagwaswalla,1,0,,,,,,,,,
1383480,2023/24,2023-10-19,"JSCA International Stadium Complex, Ranchi",2,14.7,Goa,Gujarat,Krishnamurthy Siddharth,Darshan Misal,A Nagwaswalla,6,0,,,,,,,,,
1383480,2023/24,2023-10-19,"JSCA International Stadium Complex, Ranchi",2,15.1,Goa,Gujarat,Darshan Misal,Krishnamurthy Siddharth,PP Chawla,1,0,,,,,,,,,
1383480,2023/24,2023-10-19,"JSCA International Stadium Complex, Ranchi",2,15.2,Goa,Gujarat,Krishnamurthy Siddharth,Darshan Misal,PP Chawla,1,0,,,,,,,,,
1383480,2023/24,2023-10-19,"JSCA International Stadium Complex, Ranchi",2,15.3,Goa,Gujarat,Darshan Misal,Krishnamurthy Siddharth,PP Chawla,6,0,,,,,,,,,
1383480,2023/24,2023-10-19,"JSCA International Stadium Complex, Ranchi",2,15.4,Goa,Gujarat,Darshan Misal,Krishnamurthy Siddharth,PP Chawla,1,0,,,,,,,,,
1383480,2023/24,2023-10-19,"JSCA International Stadium Complex, Ranchi",2,15.5,Goa,Gujarat,Krishnamurthy Siddharth,Darshan Misal,PP Chawla,0,0,,,,,,,,,
1383480,2023/24,2023-10-19,"JSCA International Stadium Complex, Ranchi",2,15.6,Goa,Gujarat,Krishnamurthy Siddharth,Darshan Misal,PP Chawla,1,0,,,,,,,,,
1383480,2023/24,2023-10-19,"JSCA International Stadium Complex, Ranchi",2,16.1,Goa,Gujarat,Krishnamurthy Siddharth,Darshan Misal,Chintan Gaja,0,1,1,,,,,,,,
1383480,2023/24,2023-10-19,"JSCA International Stadium Complex, Ranchi",2,16.2,Goa,Gujarat,Krishnamurthy Siddharth,Darshan Misal,Chintan Gaja,1,0,,,,,,,,,
1383480,2023/24,2023-10-19,"JSCA International Stadium Complex, Ranchi",2,16.3,Goa,Gujarat,Darshan Misal,Krishnamurthy Siddharth,Chintan Gaja,0,1,1,,,,,,,,
1383480,2023/24,2023-10-19,"JSCA International Stadium Complex, Ranchi",2,16.4,Goa,Gujarat,Darshan Misal,Krishnamurthy Siddharth,Chintan Gaja,6,0,,,,,,,,,
1383480,2023/24,2023-10-19,"JSCA International Stadium Complex, Ranchi",2,16.5,Goa,Gujarat,Darshan Misal,Krishnamurthy Siddharth,Chintan Gaja,0,0,,,,,,,,,
1383480,2023/24,2023-10-19,"JSCA International Stadium Complex, Ranchi",2,16.6,Goa,Gujarat,Darshan Misal,Krishnamurthy Siddharth,Chintan Gaja,1,0,,,,,,,,,
1383480,2023/24,2023-10-19,"JSCA International Stadium Complex, Ranchi",2,16.7,Goa,Gujarat,Krishnamurthy Siddharth,Darshan Misal,Chintan Gaja,4,0,,,,,,,,,
1383480,2023/24,2023-10-19,"JSCA International Stadium Complex, Ranchi",2,16.8,Goa,Gujarat,Krishnamurthy Siddharth,Darshan Misal,Chintan Gaja,1,0,,,,,,,,,
1383480,2023/24,2023-10-19,"JSCA International Stadium Complex, Ranchi",2,17.1,Goa,Gujarat,Krishnamurthy Siddharth,Darshan Misal,Ravi Bishnoi,0,0,,,,,,,,,
1383480,2023/24,2023-10-19,"JSCA International Stadium Complex, Ranchi",2,17.2,Goa,Gujarat,Krishnamurthy Siddharth,Darshan Misal,Ravi Bishnoi,1,0,,,,,,,,,
1383480,2023/24,2023-10-19,"JSCA International Stadium Complex, Ranchi",2,17.3,Goa,Gujarat,Darshan Misal,Krishnamurthy Siddharth,Ravi Bishnoi,0,0,,,,,,,,,
1383480,2023/24,2023-10-19,"JSCA International Stadium Complex, Ranchi",2,17.4,Goa,Gujarat,Darshan Misal,Krishnamurthy Siddharth,Ravi Bishnoi,6,0,,,,,,,,,
1383480,2023/24,2023-10-19,"JSCA International Stadium Complex, Ranchi",2,17.5,Goa,Gujarat,Darshan Misal,Krishnamurthy Siddharth,Ravi Bishnoi,1,0,,,,,,,,,
1383480,2023/24,2023-10-19,"JSCA International Stadium Complex, Ranchi",2,17.6,Goa,Gujarat,Krishnamurthy Siddharth,Darshan Misal,Ravi Bishnoi,1,0,,,,,,,,,
1383480,2023/24,2023-10-19,"JSCA International Stadium Complex, Ranchi",2,18.1,Goa,Gujarat,Krishnamurthy Siddharth,Darshan Misal,SN Patel,2,0,,,,,,,,,
1383480,2023/24,2023-10-19,"JSCA International Stadium Complex, Ranchi",2,18.2,Goa,Gujarat,Krishnamurthy Siddharth,Darshan Misal,SN Patel,1,0,,,,,,,,,
1383480,2023/24,2023-10-19,"JSCA International Stadium Complex, Ranchi",2,18.3,Goa,Gujarat,Darshan Misal,Krishnamurthy Siddharth,SN Patel,4,0,,,,,,,,,
1383480,2023/24,2023-10-19,"JSCA International Stadium Complex, Ranchi",2,18.4,Goa,Gujarat,Darshan Misal,Krishnamurthy Siddharth,SN Patel,1,0,,,,,,,,,
1383480,2023/24,2023-10-19,"JSCA International Stadium Complex, Ranchi",2,18.5,Goa,Gujarat,Krishnamurthy Siddharth,Darshan Misal,SN Patel,0,0,,,,,,caught,Krishnamurthy Siddharth,,
1383480,2023/24,2023-10-19,"JSCA International Stadium Complex, Ranchi",2,18.6,Goa,Gujarat,TT Sawkar,Darshan Misal,SN Patel,0,0,,,,,,caught,TT Sawkar,,
1383480,2023/24,2023-10-19,"JSCA International Stadium Complex, Ranchi",2,19.1,Goa,Gujarat,Darshan Misal,MS Redkar,A Nagwaswalla,0,1,1,,,,,,,,
1383480,2023/24,2023-10-19,"JSCA International Stadium Complex, Ranchi",2,19.2,Goa,Gujarat,Darshan Misal,MS Redkar,A Nagwaswalla,4,0,,,,,,,,,
1383480,2023/24,2023-10-19,"JSCA International Stadium Complex, Ranchi",2,19.3,Goa,Gujarat,Darshan Misal,MS Redkar,A Nagwaswalla,1,0,,,,,,,,,
1383480,2023/24,2023-10-19,"JSCA International Stadium Complex, Ranchi",2,19.4,Goa,Gujarat,MS Redkar,Darshan Misal,A Nagwaswalla,1,0,,,,,,,,,
1383480,2023/24,2023-10-19,"JSCA International Stadium Complex, Ranchi",2,19.5,Goa,Gujarat,Darshan Misal,MS Redkar,A Nagwaswalla,0,0,,,,,,,,,
1383480,2023/24,2023-10-19,"JSCA International Stadium Complex, Ranchi",2,19.6,Goa,Gujarat,Darshan Misal,MS Redkar,A Nagwaswalla,6,0,,,,,,,,,
1383480,2023/24,2023-10-19,"JSCA International Stadium Complex, Ranchi",2,19.7,Goa,Gujarat,Darshan Misal,MS Redkar,A Nagwaswalla,4,0,,,,,,,,,
