match_id,season,start_date,venue,innings,ball,batting_team,bowling_team,striker,non_striker,bowler,runs_off_bat,extras,wides,noballs,byes,legbyes,penalty,wicket_type,player_dismissed,other_wicket_type,other_player_dismissed
1384429,2023/24,2023-11-06,"Arun Jaitley Stadium, Delhi",1,0.1,Sri Lanka,Bangladesh,P Nissanka,MDKJ Perera,Shoriful Islam,0,1,,,,1,,,,,
1384429,2023/24,2023-11-06,"Arun Jaitley Stadium, Delhi",1,0.2,Sri Lanka,Bangladesh,MDKJ Perera,P Nissanka,Shoriful Islam,0,0,,,,,,,,,
1384429,2023/24,2023-11-06,"Arun Jaitley Stadium, Delhi",1,0.3,Sri Lanka,Bangladesh,MDKJ Perera,P Nissanka,Shoriful Islam,4,0,,,,,,,,,
1384429,2023/24,2023-11-06,"Arun Jaitley Stadium, Delhi",1,0.4,Sri Lanka,Bangladesh,MDKJ Perera,P Nissanka,Shoriful Islam,0,0,,,,,,,,,
1384429,2023/24,2023-11-06,"Arun Jaitley Stadium, Delhi",1,0.5,Sri Lanka,Bangladesh,MDKJ Perera,P Nissanka,Shoriful Islam,0,0,,,,,,,,,
1384429,2023/24,2023-11-06,"Arun Jaitley Stadium, Delhi",1,0.6,Sri Lanka,Bangladesh,MDKJ Perera,P Nissanka,Shoriful Islam,0,0,,,,,,caught,MDKJ Perera,,
1384429,2023/24,2023-11-06,"Arun Jaitley Stadium, Delhi",1,1.1,Sri Lanka,Bangladesh,P Nissanka,BKG Mendis,Taskin Ahmed,0,0,,,,,,,,,
1384429,2023/24,2023-11-06,"Arun Jaitley Stadium, Delhi",1,1.2,Sri Lanka,Bangladesh,P Nissanka,BKG Mendis,Taskin Ahmed,0,0,,,,,,,,,
1384429,2023/24,2023-11-06,"Arun Jaitley Stadium, Delhi",1,1.3,Sri Lanka,Bangladesh,P Nissanka,BKG Mendis,Taskin Ahmed,1,0,,,,,,,,,
1384429,2023/24,2023-11-06,"Arun Jaitley Stadium, Delhi",1,1.4,Sri Lanka,Bangladesh,BKG Mendis,P Nissanka,Taskin Ahmed,0,0,,,,,,,,,
1384429,2023/24,2023-11-06,"Arun Jaitley Stadium, Delhi",1,1.5,Sri Lanka,Bangladesh,BKG Mendis,P Nissanka,Taskin Ahmed,0,0,,,,,,,,,
1384429,2023/24,2023-11-06,"Arun Jaitley Stadium, Delhi",1,1.6,Sri Lanka,Bangladesh,BKG Mendis,P Nissanka,Taskin Ahmed,0,0,,,,,,,,,
1384429,2023/24,2023-11-06,"Arun Jaitley Stadium, Delhi",1,2.1,Sri Lanka,Bangladesh,P Nissanka,BKG Mendis,Shoriful Islam,0,0,,,,,,,,,
1384429,2023/24,2023-11-06,"Arun Jaitley Stadium, Delhi",1,2.2,Sri Lanka,Bangladesh,P Nissanka,BKG Mendis,Shoriful Islam,4,0,,,,,,,,,
1384429,2023/24,2023-11-06,"Arun Jaitley Stadium, Delhi",1,2.3,Sri Lanka,Bangladesh,P Nissanka,BKG Mendis,Shoriful Islam,4,0,,,,,,,,,
1384429,2023/24,2023-11-06,"Arun Jaitley Stadium, Delhi",1,2.4,Sri Lanka,Bangladesh,P Nissanka,BKG Mendis,Shoriful Islam,0,0,,,,,,,,,
1384429,2023/24,2023-11-06,"Arun Jaitley Stadium, Delhi",1,2.5,Sri Lanka,Bangladesh,P Nissanka,BKG Mendis,Shoriful Islam,0,0,,,,,,,,,
1384429,2023/24,2023-11-06,"Arun Jaitley Stadium, Delhi",1,2.6,Sri Lanka,Bangladesh,P Nissanka,BKG Mendis,Shoriful Islam,4,0,,,,,,,,,
1384429,2023/24,2023-11-06,"Arun Jaitley Stadium, Delhi",1,3.1,Sri Lanka,Bangladesh,BKG Mendis,P Nissanka,Taskin Ahmed,0,0,,,,,,,,,
1384429,2023/24,2023-11-06,"Arun Jaitley Stadium, Delhi",1,3.2,Sri Lanka,Bangladesh,BKG Mendis,P Nissanka,Taskin Ahmed,0,0,,,,,,,,,
1384429,2023/24,2023-11-06,"Arun Jaitley Stadium, Delhi",1,3.3,Sri Lanka,Bangladesh,BKG Mendis,P Nissanka,Taskin Ahmed,0,0,,,,,,,,,
1384429,2023/24,2023-11-06,"Arun Jaitley Stadium, Delhi",1,3.4,Sri Lanka,Bangladesh,BKG Mendis,P Nissanka,Taskin Ahmed,0,0,,,,,,,,,
1384429,2023/24,2023-11-06,"Arun Jaitley Stadium, Delhi",1,3.5,Sri Lanka,Bangladesh,BKG Mendis,P Nissanka,Taskin Ahmed,0,0,,,,,,,,,
1384429,2023/24,2023-11-06,"Arun Jaitley Stadium, Delhi",1,3.6,Sri Lanka,Bangladesh,BKG Mendis,P Nissanka,Taskin Ahmed,0,0,,,,,,,,,
1384429,2023/24,2023-11-06,"Arun Jaitley Stadium, Delhi",1,4.1,Sri Lanka,Bangladesh,P Nissanka,BKG Mendis,Shoriful Islam,0,0,,,,,,,,,
1384429,2023/24,2023-11-06,"Arun Jaitley Stadium, Delhi",1,4.2,Sri Lanka,Bangladesh,P Nissanka,BKG Mendis,Shoriful Islam,4,0,,,,,,,,,
1384429,2023/24,2023-11-06,"Arun Jaitley Stadium, Delhi",1,4.3,Sri Lanka,Bangladesh,P Nissanka,BKG Mendis,Shoriful Islam,2,0,,,,,,,,,
1384429,2023/24,2023-11-06,"Arun Jaitley Stadium, Delhi",1,4.4,Sri Lanka,Bangladesh,P Nissanka,BKG Mendis,Shoriful Islam,0,0,,,,,,,,,
1384429,2023/24,2023-11-06,"Arun Jaitley Stadium, Delhi",1,4.5,Sri Lanka,Bangladesh,P Nissanka,BKG Mendis,Shoriful Islam,0,0,,,,,,,,,
1384429,2023/24,2023-11-06,"Arun Jaitley Stadium, Delhi",1,4.6,Sri Lanka,Bangladesh,P Nissanka,BKG Mendis,Shoriful Islam,0,0,,,,,,,,,
1384429,2023/24,2023-11-06,"Arun Jaitley Stadium, Delhi",1,5.1,Sri Lanka,Bangladesh,BKG Mendis,P Nissanka,Taskin Ahmed,0,0,,,,,,,,,
1384429,2023/24,2023-11-06,"Arun Jaitley Stadium, Delhi",1,5.2,Sri Lanka,Bangladesh,BKG Mendis,P Nissanka,Taskin Ahmed,0,0,,,,,,,,,
1384429,2023/24,2023-11-06,"Arun Jaitley Stadium, Delhi",1,5.3,Sri Lanka,Bangladesh,BKG Mendis,P Nissanka,Taskin Ahmed,0,0,,,,,,,,,
1384429,2023/24,2023-11-06,"Arun Jaitley Stadium, Delhi",1,5.4,Sri Lanka,Bangladesh,BKG Mendis,P Nissanka,Taskin Ahmed,0,0,,,,,,,,,
1384429,2023/24,2023-11-06,"Arun Jaitley Stadium, Delhi",1,5.5,Sri Lanka,Bangladesh,BKG Mendis,P Nissanka,Taskin Ahmed,1,0,,,,,,,,,
1384429,2023/24,2023-11-06,"Arun Jaitley Stadium, Delhi",1,5.6,Sri Lanka,Bangladesh,P Nissanka,BKG Mendis,Taskin Ahmed,4,0,,,,,,,,,
1384429,2023/24,2023-11-06,"Arun Jaitley Stadium, Delhi",1,6.1,Sri Lanka,Bangladesh,BKG Mendis,P Nissanka,Tanzim Hasan Sakib,1,0,,,,,,,,,
1384429,2023/24,2023-11-06,"Arun Jaitley Stadium, Delhi",1,6.2,Sri Lanka,Bangladesh,P Nissanka,BKG Mendis,Tanzim Hasan Sakib,0,0,,,,,,,,,
1384429,2023/24,2023-11-06,"Arun Jaitley Stadium, Delhi",1,6.3,Sri Lanka,Bangladesh,P Nissanka,BKG Mendis,Tanzim Hasan Sakib,4,0,,,,,,,,,
1384429,2023/24,2023-11-06,"Arun Jaitley Stadium, Delhi",1,6.4,Sri Lanka,Bangladesh,P Nissanka,BKG Mendis,Tanzim Hasan Sakib,4,0,,,,,,,,,
1384429,2023/24,2023-11-06,"Arun Jaitley Stadium, Delhi",1,6.5,Sri Lanka,Bangladesh,P Nissanka,BKG Mendis,Tanzim Hasan Sakib,0,0,,,,,,,,,
1384429,2023/24,2023-11-06,"Arun Jaitley Stadium, Delhi",1,6.6,Sri Lanka,Bangladesh,P Nissanka,BKG Mendis,Tanzim Hasan Sakib,0,0,,,,,,,,,
1384429,2023/24,2023-11-06,"Arun Jaitley Stadium, Delhi",1,7.1,Sri Lanka,Bangladesh,BKG Mendis,P Nissanka,Taskin Ahmed,0,0,,,,,,,,,
1384429,2023/24,2023-11-06,"Arun Jaitley Stadium, Delhi",1,7.2,Sri Lanka,Bangladesh,BKG Mendis,P Nissanka,Taskin Ahmed,1,0,,,,,,,,,
1384429,2023/24,2023-11-06,"Arun Jaitley Stadium, Delhi",1,7.3,Sri Lanka,Bangladesh,P Nissanka,BKG Mendis,Taskin Ahmed,1,0,,,,,,,,,
1384429,2023/24,2023-11-06,"Arun Jaitley Stadium, Delhi",1,7.4,Sri Lanka,Bangladesh,BKG Mendis,P Nissanka,Taskin Ahmed,1,0,,,,,,,,,
1384429,2023/24,2023-11-06,"Arun Jaitley Stadium, Delhi",1,7.5,Sri Lanka,Bangladesh,P Nissanka,BKG Mendis,Taskin Ahmed,0,0,,,,,,,,,
1384429,2023/24,2023-11-06,"Arun Jaitley Stadium, Delhi",1,7.6,Sri Lanka,Bangladesh,P Nissanka,BKG Mendis,Taskin Ahmed,0,1,1,,,,,,,,
1384429,2023/24,2023-11-06,"Arun Jaitley Stadium, Delhi",1,7.7,Sri Lanka,Bangladesh,P Nissanka,BKG Mendis,Taskin Ahmed,1,0,,,,,,,,,
1384429,2023/24,2023-11-06,"Arun Jaitley Stadium, Delhi",1,8.1,Sri Lanka,Bangladesh,P Nissanka,BKG Mendis,Tanzim Hasan Sakib,1,0,,,,,,,,,
1384429,2023/24,2023-11-06,"Arun Jaitley Stadium, Delhi",1,8.2,Sri Lanka,Bangladesh,BKG Mendis,P Nissanka,Tanzim Hasan Sakib,0,0,,,,,,,,,
1384429,2023/24,2023-11-06,"Arun Jaitley Stadium, Delhi",1,8.3,Sri Lanka,Bangladesh,BKG Mendis,P Nissanka,Tanzim Hasan Sakib,1,0,,,,,,,,,
1384429,2023/24,2023-11-06,"Arun Jaitley Stadium, Delhi",1,8.4,Sri Lanka,Bangladesh,P Nissanka,BKG Mendis,Tanzim Hasan Sakib,1,0,,,,,,,,,
1384429,2023/24,2023-11-06,"Arun Jaitley Stadium, Delhi",1,8.5,Sri Lanka,Bangladesh,BKG Mendis,P Nissanka,Tanzim Hasan Sakib,1,0,,,,,,,,,
1384429,2023/24,2023-11-06,"Arun Jaitley Stadium, Delhi",1,8.6,Sri Lanka,Bangladesh,P Nissanka,BKG Mendis,Tanzim Hasan Sakib,0,0,,,,,,,,,
1384429,2023/24,2023-11-06,"Arun Jaitley Stadium, Delhi",1,9.1,Sri Lanka,Bangladesh,BKG Mendis,P Nissanka,Taskin Ahmed,0,0,,,,,,,,,
1384429,2023/24,2023-11-06,"Arun Jaitley Stadium, Delhi",1,9.2,Sri Lanka,Bangladesh,BKG Mendis,P Nissanka,Taskin Ahmed,1,0,,,,,,,,,
1384429,2023/24,2023-11-06,"Arun Jaitley Stadium, Delhi",1,9.3,Sri Lanka,Bangladesh,P Nissanka,BKG Mendis,Taskin Ahmed,0,0,,,,,,,,,
1384429,2023/24,2023-11-06,"Arun Jaitley Stadium, Delhi",1,9.4,Sri Lanka,Bangladesh,P Nissanka,BKG Mendis,Taskin Ahmed,0,0,,,,,,,,,
1384429,2023/24,2023-11-06,"Arun Jaitley Stadium, Delhi",1,9.5,Sri Lanka,Bangladesh,P Nissanka,BKG Mendis,Taskin Ahmed,4,0,,,,,,,,,
1384429,2023/24,2023-11-06,"Arun Jaitley Stadium, Delhi",1,9.6,Sri Lanka,Bangladesh,P Nissanka,BKG Mendis,Taskin Ahmed,0,0,,,,,,,,,
1384429,2023/24,2023-11-06,"Arun Jaitley Stadium, Delhi",1,10.1,Sri Lanka,Bangladesh,BKG Mendis,P Nissanka,Tanzim Hasan Sakib,6,0,,,,,,,,,
1384429,2023/24,2023-11-06,"Arun Jaitley Stadium, Delhi",1,10.2,Sri Lanka,Bangladesh,BKG Mendis,P Nissanka,Tanzim Hasan Sakib,0,1,1,,,,,,,,
1384429,2023/24,2023-11-06,"Arun Jaitley Stadium, Delhi",1,10.3,Sri Lanka,Bangladesh,BKG Mendis,P Nissanka,Tanzim Hasan Sakib,0,0,,,,,,,,,
1384429,2023/24,2023-11-06,"Arun Jaitley Stadium, Delhi",1,10.4,Sri Lanka,Bangladesh,BKG Mendis,P Nissanka,Tanzim Hasan Sakib,0,0,,,,,,,,,
1384429,2023/24,2023-11-06,"Arun Jaitley Stadium, Delhi",1,10.5,Sri Lanka,Bangladesh,BKG Mendis,P Nissanka,Tanzim Hasan Sakib,4,0,,,,,,,,,
1384429,2023/24,2023-11-06,"Arun Jaitley Stadium, Delhi",1,10.6,Sri Lanka,Bangladesh,BKG Mendis,P Nissanka,Tanzim Hasan Sakib,1,0,,,,,,,,,
1384429,2023/24,2023-11-06,"Arun Jaitley Stadium, Delhi",1,10.7,Sri Lanka,Bangladesh,P Nissanka,BKG Mendis,Tanzim Hasan Sakib,0,0,,,,,,,,,
1384429,2023/24,2023-11-06,"Arun Jaitley Stadium, Delhi",1,11.1,Sri Lanka,Bangladesh,BKG Mendis,P Nissanka,Shakib Al Hasan,1,0,,,,,,,,,
1384429,2023/24,2023-11-06,"Arun Jaitley Stadium, Delhi",1,11.2,Sri Lanka,Bangladesh,P Nissanka,BKG Mendis,Shakib Al Hasan,1,0,,,,,,,,,
1384429,2023/24,2023-11-06,"Arun Jaitley Stadium, Delhi",1,11.3,Sri Lanka,Bangladesh,BKG Mendis,P Nissanka,Shakib Al Hasan,0,0,,,,,,caught,BKG Mendis,,
1384429,2023/24,2023-11-06,"Arun Jaitley Stadium, Delhi",1,11.4,Sri Lanka,Bangladesh,S Samarawickrama,P Nissanka,Shakib Al Hasan,1,0,,,,,,,,,
1384429,2023/24,2023-11-06,"Arun Jaitley Stadium, Delhi",1,11.5,Sri Lanka,Bangladesh,P Nissanka,S Samarawickrama,Shakib Al Hasan,1,0,,,,,,,,,
1384429,2023/24,2023-11-06,"Arun Jaitley Stadium, Delhi",1,11.6,Sri Lanka,Bangladesh,S Samarawickrama,P Nissanka,Shakib Al Hasan,1,0,,,,,,,,,
1384429,2023/24,2023-11-06,"Arun Jaitley Stadium, Delhi",1,12.1,Sri Lanka,Bangladesh,S Samarawickrama,P Nissanka,Tanzim Hasan Sakib,0,0,,,,,,,,,
1384429,2023/24,2023-11-06,"Arun Jaitley Stadium, Delhi",1,12.2,Sri Lanka,Bangladesh,S Samarawickrama,P Nissanka,Tanzim Hasan Sakib,2,0,,,,,,,,,
1384429,2023/24,2023-11-06,"Arun Jaitley Stadium, Delhi",1,12.3,Sri Lanka,Bangladesh,S Samarawickrama,P Nissanka,Tanzim Hasan Sakib,1,0,,,,,,,,,
1384429,2023/24,2023-11-06,"Arun Jaitley Stadium, Delhi",1,12.4,Sri Lanka,Bangladesh,P Nissanka,S Samarawickrama,Tanzim Hasan Sakib,0,0,,,,,,bowled,P Nissanka,,
1384429,2023/24,2023-11-06,"Arun Jaitley Stadium, Delhi",1,12.5,Sri Lanka,Bangladesh,KIC Asalanka,S Samarawickrama,Tanzim Hasan Sakib,0,0,,,,,,,,,
1384429,2023/24,2023-11-06,"Arun Jaitley Stadium, Delhi",1,12.6,Sri Lanka,Bangladesh,KIC Asalanka,S Samarawickrama,Tanzim Hasan Sakib,0,0,,,,,,,,,
1384429,2023/24,2023-11-06,"Arun Jaitley Stadium, Delhi",1,13.1,Sri Lanka,Bangladesh,S Samarawickrama,KIC Asalanka,Shoriful Islam,1,0,,,,,,,,,
1384429,2023/24,2023-11-06,"Arun Jaitley Stadium, Delhi",1,13.2,Sri Lanka,Bangladesh,KIC Asalanka,S Samarawickrama,Shoriful Islam,0,0,,,,,,,,,
1384429,2023/24,2023-11-06,"Arun Jaitley Stadium, Delhi",1,13.3,Sri Lanka,Bangladesh,KIC Asalanka,S Samarawickrama,Shoriful Islam,0,0,,,,,,,,,
1384429,2023/24,2023-11-06,"Arun Jaitley Stadium, Delhi",1,13.4,Sri Lanka,Bangladesh,KIC Asalanka,S Samarawickrama,Shoriful Islam,0,0,,,,,,,,,
1384429,2023/24,2023-11-06,"Arun Jaitley Stadium, Delhi",1,13.5,Sri Lanka,Bangladesh,KIC Asalanka,S Samarawickrama,Shoriful Islam,3,0,,,,,,,,,
1384429,2023/24,2023-11-06,"Arun Jaitley Stadium, Delhi",1,13.6,Sri Lanka,Bangladesh,S Samarawickrama,KIC Asalanka,Shoriful Islam,0,0,,,,,,,,,
1384429,2023/24,2023-11-06,"Arun Jaitley Stadium, Delhi",1,14.1,Sri Lanka,Bangladesh,KIC Asalanka,S Samarawickrama,Tanzim Hasan Sakib,0,0,,,,,,,,,
1384429,2023/24,2023-11-06,"Arun Jaitley Stadium, Delhi",1,14.2,Sri Lanka,Bangladesh,KIC Asalanka,S Samarawickrama,Tanzim Hasan Sakib,0,0,,,,,,,,,
1384429,2023/24,2023-11-06,"Arun Jaitley Stadium, Delhi",1,14.3,Sri Lanka,Bangladesh,KIC Asalanka,S Samarawickrama,Tanzim Hasan Sakib,1,0,,,,,,,,,
1384429,2023/24,2023-11-06,"Arun Jaitley Stadium, Delhi",1,14.4,Sri Lanka,Bangladesh,S Samarawickrama,KIC Asalanka,Tanzim Hasan Sakib,1,0,,,,,,,,,
1384429,2023/24,2023-11-06,"Arun Jaitley Stadium, Delhi",1,14.5,Sri Lanka,Bangladesh,KIC Asalanka,S Samarawickrama,Tanzim Hasan Sakib,6,0,,,,,,,,,
1384429,2023/24,2023-11-06,"Arun Jaitley Stadium, Delhi",1,14.6,Sri Lanka,Bangladesh,KIC Asalanka,S Samarawickrama,Tanzim Hasan Sakib,0,0,,,,,,,,,
1384429,2023/24,2023-11-06,"Arun Jaitley Stadium, Delhi",1,15.1,Sri Lanka,Bangladesh,S Samarawickrama,KIC Asalanka,Mehedi Hasan Miraz,0,0,,,,,,,,,
1384429,2023/24,2023-11-06,"Arun Jaitley Stadium, Delhi",1,15.2,Sri Lanka,Bangladesh,S Samarawickrama,KIC Asalanka,Mehedi Hasan Miraz,1,0,,,,,,,,,
1384429,2023/24,2023-11-06,"Arun Jaitley Stadium, Delhi",1,15.3,Sri Lanka,Bangladesh,KIC Asalanka,S Samarawickrama,Mehedi Hasan Miraz,1,0,,,,,,,,,
1384429,2023/24,2023-11-06,"Arun Jaitley Stadium, Delhi",1,15.4,Sri Lanka,Bangladesh,S Samarawickrama,KIC Asalanka,Mehedi Hasan Miraz,1,0,,,,,,,,,
1384429,2023/24,2023-11-06,"Arun Jaitley Stadium, Delhi",1,15.5,Sri Lanka,Bangladesh,KIC Asalanka,S Samarawickrama,Mehedi Hasan Miraz,0,0,,,,,,,,,
1384429,2023/24,2023-11-06,"Arun Jaitley Stadium, Delhi",1,15.6,Sri Lanka,Bangladesh,KIC Asalanka,S Samarawickrama,Mehedi Hasan Miraz,0,0,,,,,,,,,
1384429,2023/24,2023-11-06,"Arun Jaitley Stadium, Delhi",1,16.1,Sri Lanka,Bangladesh,S Samarawickrama,KIC Asalanka,Shakib Al Hasan,1,0,,,,,,,,,
1384429,2023/24,2023-11-06,"Arun Jaitley Stadium, Delhi",1,16.2,Sri Lanka,Bangladesh,KIC Asalanka,S Samarawickrama,Shakib Al Hasan,0,0,,,,,,,,,
1384429,2023/24,2023-11-06,"Arun Jaitley Stadium, Delhi",1,16.3,Sri Lanka,Bangladesh,KIC Asalanka,S Samarawickrama,Shakib Al Hasan,2,0,,,,,,,,,
1384429,2023/24,2023-11-06,"Arun Jaitley Stadium, Delhi",1,16.4,Sri Lanka,Bangladesh,KIC Asalanka,S Samarawickrama,Shakib Al Hasan,0,0,,,,,,,,,
1384429,2023/24,2023-11-06,"Arun Jaitley Stadium, Delhi",1,16.5,Sri Lanka,Bangladesh,KIC Asalanka,S Samarawickrama,Shakib Al Hasan,6,0,,,,,,,,,
1384429,2023/24,2023-11-06,"Arun Jaitley Stadium, Delhi",1,16.6,Sri Lanka,Bangladesh,KIC Asalanka,S Samarawickrama,Shakib Al Hasan,0,0,,,,,,,,,
1384429,2023/24,2023-11-06,"Arun Jaitley Stadium, Delhi",1,17.1,Sri Lanka,Bangladesh,S Samarawickrama,KIC Asalanka,Mehedi Hasan Miraz,0,0,,,,,,,,,
1384429,2023/24,2023-11-06,"Arun Jaitley Stadium, Delhi",1,17.2,Sri Lanka,Bangladesh,S Samarawickrama,KIC Asalanka,Mehedi Hasan Miraz,0,0,,,,,,,,,
1384429,2023/24,2023-11-06,"Arun Jaitley Stadium, Delhi",1,17.3,Sri Lanka,Bangladesh,S Samarawickrama,KIC Asalanka,Mehedi Hasan Miraz,0,0,,,,,,,,,
1384429,2023/24,2023-11-06,"Arun Jaitley Stadium, Delhi",1,17.4,Sri Lanka,Bangladesh,S Samarawickrama,KIC Asalanka,Mehedi Hasan Miraz,4,0,,,,,,,,,
1384429,2023/24,2023-11-06,"Arun Jaitley Stadium, Delhi",1,17.5,Sri Lanka,Bangladesh,S Samarawickrama,KIC Asalanka,Mehedi Hasan Miraz,4,0,,,,,,,,,
1384429,2023/24,2023-11-06,"Arun Jaitley Stadium, Delhi",1,17.6,Sri Lanka,Bangladesh,S Samarawickrama,KIC Asalanka,Mehedi Hasan Miraz,1,0,,,,,,,,,
1384429,2023/24,2023-11-06,"Arun Jaitley Stadium, Delhi",1,18.1,Sri Lanka,Bangladesh,S Samarawickrama,KIC Asalanka,Shakib Al Hasan,1,0,,,,,,,,,
1384429,2023/24,2023-11-06,"Arun Jaitley Stadium, Delhi",1,18.2,Sri Lanka,Bangladesh,KIC Asalanka,S Samarawickrama,Shakib Al Hasan,1,0,,,,,,,,,
1384429,2023/24,2023-11-06,"Arun Jaitley Stadium, Delhi",1,18.3,Sri Lanka,Bangladesh,S Samarawickrama,KIC Asalanka,Shakib Al Hasan,0,0,,,,,,,,,
1384429,2023/24,2023-11-06,"Arun Jaitley Stadium, Delhi",1,18.4,Sri Lanka,Bangladesh,S Samarawickrama,KIC Asalanka,Shakib Al Hasan,1,0,,,,,,,,,
1384429,2023/24,2023-11-06,"Arun Jaitley Stadium, Delhi",1,18.5,Sri Lanka,Bangladesh,KIC Asalanka,S Samarawickrama,Shakib Al Hasan,0,0,,,,,,,,,
1384429,2023/24,2023-11-06,"Arun Jaitley Stadium, Delhi",1,18.6,Sri Lanka,Bangladesh,KIC Asalanka,S Samarawickrama,Shakib Al Hasan,0,0,,,,,,,,,
1384429,2023/24,2023-11-06,"Arun Jaitley Stadium, Delhi",1,19.1,Sri Lanka,Bangladesh,S Samarawickrama,KIC Asalanka,Mehedi Hasan Miraz,2,0,,,,,,,,,
1384429,2023/24,2023-11-06,"Arun Jaitley Stadium, Delhi",1,19.2,Sri Lanka,Bangladesh,S Samarawickrama,KIC Asalanka,Mehedi Hasan Miraz,0,0,,,,,,,,,
1384429,2023/24,2023-11-06,"Arun Jaitley Stadium, Delhi",1,19.3,Sri Lanka,Bangladesh,S Samarawickrama,KIC Asalanka,Mehedi Hasan Miraz,1,0,,,,,,,,,
1384429,2023/24,2023-11-06,"Arun Jaitley Stadium, Delhi",1,19.4,Sri Lanka,Bangladesh,KIC Asalanka,S Samarawickrama,Mehedi Hasan Miraz,0,0,,,,,,,,,
1384429,2023/24,2023-11-06,"Arun Jaitley Stadium, Delhi",1,19.5,Sri Lanka,Bangladesh,KIC Asalanka,S Samarawickrama,Mehedi Hasan Miraz,1,0,,,,,,,,,
1384429,2023/24,2023-11-06,"Arun Jaitley Stadium, Delhi",1,19.6,Sri Lanka,Bangladesh,S Samarawickrama,KIC Asalanka,Mehedi Hasan Miraz,1,0,,,,,,,,,
1384429,2023/24,2023-11-06,"Arun Jaitley Stadium, Delhi",1,20.1,Sri Lanka,Bangladesh,S Samarawickrama,KIC Asalanka,Shakib Al Hasan,0,0,,,,,,,,,
1384429,2023/24,2023-11-06,"Arun Jaitley Stadium, Delhi",1,20.2,Sri Lanka,Bangladesh,S Samarawickrama,KIC Asalanka,Shakib Al Hasan,1,0,,,,,,,,,
1384429,2023/24,2023-11-06,"Arun Jaitley Stadium, Delhi",1,20.3,Sri Lanka,Bangladesh,KIC Asalanka,S Samarawickrama,Shakib Al Hasan,0,0,,,,,,,,,
1384429,2023/24,2023-11-06,"Arun Jaitley Stadium, Delhi",1,20.4,Sri Lanka,Bangladesh,KIC Asalanka,S Samarawickrama,Shakib Al Hasan,1,0,,,,,,,,,
1384429,2023/24,2023-11-06,"Arun Jaitley Stadium, Delhi",1,20.5,Sri Lanka,Bangladesh,S Samarawickrama,KIC Asalanka,Shakib Al Hasan,1,0,,,,,,,,,
1384429,2023/24,2023-11-06,"Arun Jaitley Stadium, Delhi",1,20.6,Sri Lanka,Bangladesh,KIC Asalanka,S Samarawickrama,Shakib Al Hasan,1,0,,,,,,,,,
1384429,2023/24,2023-11-06,"Arun Jaitley Stadium, Delhi",1,21.1,Sri Lanka,Bangladesh,KIC Asalanka,S Samarawickrama,Mehedi Hasan Miraz,1,0,,,,,,,,,
1384429,2023/24,2023-11-06,"Arun Jaitley Stadium, Delhi",1,21.2,Sri Lanka,Bangladesh,S Samarawickrama,KIC Asalanka,Mehedi Hasan Miraz,0,0,,,,,,,,,
1384429,2023/24,2023-11-06,"Arun Jaitley Stadium, Delhi",1,21.3,Sri Lanka,Bangladesh,S Samarawickrama,KIC Asalanka,Mehedi Hasan Miraz,4,0,,,,,,,,,
1384429,2023/24,2023-11-06,"Arun Jaitley Stadium, Delhi",1,21.4,Sri Lanka,Bangladesh,S Samarawickrama,KIC Asalanka,Mehedi Hasan Miraz,1,0,,,,,,,,,
1384429,2023/24,2023-11-06,"Arun Jaitley Stadium, Delhi",1,21.5,Sri Lanka,Bangladesh,KIC Asalanka,S Samarawickrama,Mehedi Hasan Miraz,1,0,,,,,,,,,
1384429,2023/24,2023-11-06,"Arun Jaitley Stadium, Delhi",1,21.6,Sri Lanka,Bangladesh,S Samarawickrama,KIC Asalanka,Mehedi Hasan Miraz,1,0,,,,,,,,,
1384429,2023/24,2023-11-06,"Arun Jaitley Stadium, Delhi",1,22.1,Sri Lanka,Bangladesh,S Samarawickrama,KIC Asalanka,Shakib Al Hasan,1,0,,,,,,,,,
1384429,2023/24,2023-11-06,"Arun Jaitley Stadium, Delhi",1,22.2,Sri Lanka,Bangladesh,KIC Asalanka,S Samarawickrama,Shakib Al Hasan,1,0,,,,,,,,,
1384429,2023/24,2023-11-06,"Arun Jaitley Stadium, Delhi",1,22.3,Sri Lanka,Bangladesh,S Samarawickrama,KIC Asalanka,Shakib Al Hasan,0,0,,,,,,,,,
1384429,2023/24,2023-11-06,"Arun Jaitley Stadium, Delhi",1,22.4,Sri Lanka,Bangladesh,S Samarawickrama,KIC Asalanka,Shakib Al Hasan,0,0,,,,,,,,,
1384429,2023/24,2023-11-06,"Arun Jaitley Stadium, Delhi",1,22.5,Sri Lanka,Bangladesh,S Samarawickrama,KIC Asalanka,Shakib Al Hasan,0,0,,,,,,,,,
1384429,2023/24,2023-11-06,"Arun Jaitley Stadium, Delhi",1,22.6,Sri Lanka,Bangladesh,S Samarawickrama,KIC Asalanka,Shakib Al Hasan,1,0,,,,,,,,,
1384429,2023/24,2023-11-06,"Arun Jaitley Stadium, Delhi",1,23.1,Sri Lanka,Bangladesh,S Samarawickrama,KIC Asalanka,Shoriful Islam,1,0,,,,,,,,,
1384429,2023/24,2023-11-06,"Arun Jaitley Stadium, Delhi",1,23.2,Sri Lanka,Bangladesh,KIC Asalanka,S Samarawickrama,Shoriful Islam,1,0,,,,,,,,,
1384429,2023/24,2023-11-06,"Arun Jaitley Stadium, Delhi",1,23.3,Sri Lanka,Bangladesh,S Samarawickrama,KIC Asalanka,Shoriful Islam,0,0,,,,,,,,,
1384429,2023/24,2023-11-06,"Arun Jaitley Stadium, Delhi",1,23.4,Sri Lanka,Bangladesh,S Samarawickrama,KIC Asalanka,Shoriful Islam,1,0,,,,,,,,,
1384429,2023/24,2023-11-06,"Arun Jaitley Stadium, Delhi",1,23.5,Sri Lanka,Bangladesh,KIC Asalanka,S Samarawickrama,Shoriful Islam,0,0,,,,,,,,,
1384429,2023/24,2023-11-06,"Arun Jaitley Stadium, Delhi",1,23.6,Sri Lanka,Bangladesh,KIC Asalanka,S Samarawickrama,Shoriful Islam,0,0,,,,,,,,,
1384429,2023/24,2023-11-06,"Arun Jaitley Stadium, Delhi",1,24.1,Sri Lanka,Bangladesh,S Samarawickrama,KIC Asalanka,Shakib Al Hasan,4,0,,,,,,,,,
1384429,2023/24,2023-11-06,"Arun Jaitley Stadium, Delhi",1,24.2,Sri Lanka,Bangladesh,S Samarawickrama,KIC Asalanka,Shakib Al Hasan,0,0,,,,,,caught,S Samarawickrama,timed out,AD Mathews
1384429,2023/24,2023-11-06,"Arun Jaitley Stadium, Delhi",1,24.3,Sri Lanka,Bangladesh,DM de Silva,KIC Asalanka,Shakib Al Hasan,0,0,,,,,,,,,
1384429,2023/24,2023-11-06,"Arun Jaitley Stadium, Delhi",1,24.4,Sri Lanka,Bangladesh,DM de Silva,KIC Asalanka,Shakib Al Hasan,0,0,,,,,,,,,
1384429,2023/24,2023-11-06,"Arun Jaitley Stadium, Delhi",1,24.5,Sri Lanka,Bangladesh,DM de Silva,KIC Asalanka,Shakib Al Hasan,1,0,,,,,,,,,
1384429,2023/24,2023-11-06,"Arun Jaitley Stadium, Delhi",1,24.6,Sri Lanka,Bangladesh,KIC Asalanka,DM de Silva,Shakib Al Hasan,1,0,,,,,,,,,
1384429,2023/24,2023-11-06,"Arun Jaitley Stadium, Delhi",1,25.1,Sri Lanka,Bangladesh,KIC Asalanka,DM de Silva,Shoriful Islam,0,0,,,,,,,,,
1384429,2023/24,2023-11-06,"Arun Jaitley Stadium, Delhi",1,25.2,Sri Lanka,Bangladesh,KIC Asalanka,DM de Silva,Shoriful Islam,1,0,,,,,,,,,
1384429,2023/24,2023-11-06,"Arun Jaitley Stadium, Delhi",1,25.3,Sri Lanka,Bangladesh,DM de Silva,KIC Asalanka,Shoriful Islam,1,0,,,,,,,,,
1384429,2023/24,2023-11-06,"Arun Jaitley Stadium, Delhi",1,25.4,Sri Lanka,Bangladesh,KIC Asalanka,DM de Silva,Shoriful Islam,1,0,,,,,,,,,
1384429,2023/24,2023-11-06,"Arun Jaitley Stadium, Delhi",1,25.5,Sri Lanka,Bangladesh,DM de Silva,KIC Asalanka,Shoriful Islam,0,0,,,,,,,,,
1384429,2023/24,2023-11-06,"Arun Jaitley Stadium, Delhi",1,25.6,Sri Lanka,Bangladesh,DM de Silva,KIC Asalanka,Shoriful Islam,0,0,,,,,,,,,
1384429,2023/24,2023-11-06,"Arun Jaitley Stadium, Delhi",1,26.1,Sri Lanka,Bangladesh,KIC Asalanka,DM de Silva,Shakib Al Hasan,6,0,,,,,,,,,
1384429,2023/24,2023-11-06,"Arun Jaitley Stadium, Delhi",1,26.2,Sri Lanka,Bangladesh,KIC Asalanka,DM de Silva,Shakib Al Hasan,1,0,,,,,,,,,
1384429,2023/24,2023-11-06,"Arun Jaitley Stadium, Delhi",1,26.3,Sri Lanka,Bangladesh,DM de Silva,KIC Asalanka,Shakib Al Hasan,0,0,,,,,,,,,
1384429,2023/24,2023-11-06,"Arun Jaitley Stadium, Delhi",1,26.4,Sri Lanka,Bangladesh,DM de Silva,KIC Asalanka,Shakib Al Hasan,1,0,,,,,,,,,
1384429,2023/24,2023-11-06,"Arun Jaitley Stadium, Delhi",1,26.5,Sri Lanka,Bangladesh,KIC Asalanka,DM de Silva,Shakib Al Hasan,0,0,,,,,,,,,
1384429,2023/24,2023-11-06,"Arun Jaitley Stadium, Delhi",1,26.6,Sri Lanka,Bangladesh,KIC Asalanka,DM de Silva,Shakib Al Hasan,1,0,,,,,,,,,
1384429,2023/24,2023-11-06,"Arun Jaitley Stadium, Delhi",1,27.1,Sri Lanka,Bangladesh,KIC Asalanka,DM de Silva,Mehedi Hasan Miraz,0,0,,,,,,,,,
1384429,2023/24,2023-11-06,"Arun Jaitley Stadium, Delhi",1,27.2,Sri Lanka,Bangladesh,KIC Asalanka,DM de Silva,Mehedi Hasan Miraz,1,0,,,,,,,,,
1384429,2023/24,2023-11-06,"Arun Jaitley Stadium, Delhi",1,27.3,Sri Lanka,Bangladesh,DM de Silva,KIC Asalanka,Mehedi Hasan Miraz,1,0,,,,,,,,,
1384429,2023/24,2023-11-06,"Arun Jaitley Stadium, Delhi",1,27.4,Sri Lanka,Bangladesh,KIC Asalanka,DM de Silva,Mehedi Hasan Miraz,0,0,,,,,,,,,
1384429,2023/24,2023-11-06,"Arun Jaitley Stadium, Delhi",1,27.5,Sri Lanka,Bangladesh,KIC Asalanka,DM de Silva,Mehedi Hasan Miraz,0,0,,,,,,,,,
1384429,2023/24,2023-11-06,"Arun Jaitley Stadium, Delhi",1,27.6,Sri Lanka,Bangladesh,KIC Asalanka,DM de Silva,Mehedi Hasan Miraz,1,0,,,,,,,,,
1384429,2023/24,2023-11-06,"Arun Jaitley Stadium, Delhi",1,28.1,Sri Lanka,Bangladesh,KIC Asalanka,DM de Silva,Taskin Ahmed,0,0,,,,,,,,,
1384429,2023/24,2023-11-06,"Arun Jaitley Stadium, Delhi",1,28.2,Sri Lanka,Bangladesh,KIC Asalanka,DM de Silva,Taskin Ahmed,2,0,,,,,,,,,
1384429,2023/24,2023-11-06,"Arun Jaitley Stadium, Delhi",1,28.3,Sri Lanka,Bangladesh,KIC Asalanka,DM de Silva,Taskin Ahmed,0,0,,,,,,,,,
1384429,2023/24,2023-11-06,"Arun Jaitley Stadium, Delhi",1,28.4,Sri Lanka,Bangladesh,KIC Asalanka,DM de Silva,Taskin Ahmed,0,0,,,,,,,,,
1384429,2023/24,2023-11-06,"Arun Jaitley Stadium, Delhi",1,28.5,Sri Lanka,Bangladesh,KIC Asalanka,DM de Silva,Taskin Ahmed,4,0,,,,,,,,,
1384429,2023/24,2023-11-06,"Arun Jaitley Stadium, Delhi",1,28.6,Sri Lanka,Bangladesh,KIC Asalanka,DM de Silva,Taskin Ahmed,0,0,,,,,,,,,
1384429,2023/24,2023-11-06,"Arun Jaitley Stadium, Delhi",1,29.1,Sri Lanka,Bangladesh,DM de Silva,KIC Asalanka,Mehedi Hasan Miraz,0,0,,,,,,,,,
1384429,2023/24,2023-11-06,"Arun Jaitley Stadium, Delhi",1,29.2,Sri Lanka,Bangladesh,DM de Silva,KIC Asalanka,Mehedi Hasan Miraz,0,0,,,,,,,,,
1384429,2023/24,2023-11-06,"Arun Jaitley Stadium, Delhi",1,29.3,Sri Lanka,Bangladesh,DM de Silva,KIC Asalanka,Mehedi Hasan Miraz,0,0,,,,,,,,,
1384429,2023/24,2023-11-06,"Arun Jaitley Stadium, Delhi",1,29.4,Sri Lanka,Bangladesh,DM de Silva,KIC Asalanka,Mehedi Hasan Miraz,0,0,,,,,,,,,
1384429,2023/24,2023-11-06,"Arun Jaitley Stadium, Delhi",1,29.5,Sri Lanka,Bangladesh,DM de Silva,KIC Asalanka,Mehedi Hasan Miraz,4,0,,,,,,,,,
1384429,2023/24,2023-11-06,"Arun Jaitley Stadium, Delhi",1,29.6,Sri Lanka,Bangladesh,DM de Silva,KIC Asalanka,Mehedi Hasan Miraz,0,0,,,,,,,,,
1384429,2023/24,2023-11-06,"Arun Jaitley Stadium, Delhi",1,30.1,Sri Lanka,Bangladesh,KIC Asalanka,DM de Silva,Tanzim Hasan Sakib,0,0,,,,,,,,,
1384429,2023/24,2023-11-06,"Arun Jaitley Stadium, Delhi",1,30.2,Sri Lanka,Bangladesh,KIC Asalanka,DM de Silva,Tanzim Hasan Sakib,0,0,,,,,,,,,
1384429,2023/24,2023-11-06,"Arun Jaitley Stadium, Delhi",1,30.3,Sri Lanka,Bangladesh,KIC Asalanka,DM de Silva,Tanzim Hasan Sakib,1,0,,,,,,,,,
1384429,2023/24,2023-11-06,"Arun Jaitley Stadium, Delhi",1,30.4,Sri Lanka,Bangladesh,DM de Silva,KIC Asalanka,Tanzim Hasan Sakib,1,0,,,,,,,,,
1384429,2023/24,2023-11-06,"Arun Jaitley Stadium, Delhi",1,30.5,Sri Lanka,Bangladesh,KIC Asalanka,DM de Silva,Tanzim Hasan Sakib,4,0,,,,,,,,,
1384429,2023/24,2023-11-06,"Arun Jaitley Stadium, Delhi",1,30.6,Sri Lanka,Bangladesh,KIC Asalanka,DM de Silva,Tanzim Hasan Sakib,1,0,,,,,,,,,
1384429,2023/24,2023-11-06,"Arun Jaitley Stadium, Delhi",1,31.1,Sri Lanka,Bangladesh,KIC Asalanka,DM de Silva,Mehedi Hasan Miraz,0,0,,,,,,,,,
1384429,2023/24,2023-11-06,"Arun Jaitley Stadium, Delhi",1,31.2,Sri Lanka,Bangladesh,KIC Asalanka,DM de Silva,Mehedi Hasan Miraz,1,0,,,,,,,,,
1384429,2023/24,2023-11-06,"Arun Jaitley Stadium, Delhi",1,31.3,Sri Lanka,Bangladesh,DM de Silva,KIC Asalanka,Mehedi Hasan Miraz,1,0,,,,,,,,,
1384429,2023/24,2023-11-06,"Arun Jaitley Stadium, Delhi",1,31.4,Sri Lanka,Bangladesh,KIC Asalanka,DM de Silva,Mehedi Hasan Miraz,1,0,,,,,,,,,
1384429,2023/24,2023-11-06,"Arun Jaitley Stadium, Delhi",1,31.5,Sri Lanka,Bangladesh,DM de Silva,KIC Asalanka,Mehedi Hasan Miraz,0,0,,,,,,,,,
1384429,2023/24,2023-11-06,"Arun Jaitley Stadium, Delhi",1,31.6,Sri Lanka,Bangladesh,DM de Silva,KIC Asalanka,Mehedi Hasan Miraz,0,0,,,,,,,,,
1384429,2023/24,2023-11-06,"Arun Jaitley Stadium, Delhi",1,32.1,Sri Lanka,Bangladesh,KIC Asalanka,DM de Silva,Tanzim Hasan Sakib,4,0,,,,,,,,,
1384429,2023/24,2023-11-06,"Arun Jaitley Stadium, Delhi",1,32.2,Sri Lanka,Bangladesh,KIC Asalanka,DM de Silva,Tanzim Hasan Sakib,0,0,,,,,,,,,
1384429,2023/24,2023-11-06,"Arun Jaitley Stadium, Delhi",1,32.3,Sri Lanka,Bangladesh,KIC Asalanka,DM de Silva,Tanzim Hasan Sakib,4,0,,,,,,,,,
1384429,2023/24,2023-11-06,"Arun Jaitley Stadium, Delhi",1,32.4,Sri Lanka,Bangladesh,KIC Asalanka,DM de Silva,Tanzim Hasan Sakib,1,0,,,,,,,,,
1384429,2023/24,2023-11-06,"Arun Jaitley Stadium, Delhi",1,32.5,Sri Lanka,Bangladesh,DM de Silva,KIC Asalanka,Tanzim Hasan Sakib,4,0,,,,,,,,,
1384429,2023/24,2023-11-06,"Arun Jaitley Stadium, Delhi",1,32.6,Sri Lanka,Bangladesh,DM de Silva,KIC Asalanka,Tanzim Hasan Sakib,0,1,,,,1,,,,,
1384429,2023/24,2023-11-06,"Arun Jaitley Stadium, Delhi",1,33.1,Sri Lanka,Bangladesh,DM de Silva,KIC Asalanka,Shoriful Islam,0,0,,,,,,,,,
1384429,2023/24,2023-11-06,"Arun Jaitley Stadium, Delhi",1,33.2,Sri Lanka,Bangladesh,DM de Silva,KIC Asalanka,Shoriful Islam,1,0,,,,,,,,,
1384429,2023/24,2023-11-06,"Arun Jaitley Stadium, Delhi",1,33.3,Sri Lanka,Bangladesh,KIC Asalanka,DM de Silva,Shoriful Islam,0,0,,,,,,,,,
1384429,2023/24,2023-11-06,"Arun Jaitley Stadium, Delhi",1,33.4,Sri Lanka,Bangladesh,KIC Asalanka,DM de Silva,Shoriful Islam,1,0,,,,,,,,,
1384429,2023/24,2023-11-06,"Arun Jaitley Stadium, Delhi",1,33.5,Sri Lanka,Bangladesh,DM de Silva,KIC Asalanka,Shoriful Islam,0,0,,,,,,,,,
1384429,2023/24,2023-11-06,"Arun Jaitley Stadium, Delhi",1,33.6,Sri Lanka,Bangladesh,DM de Silva,KIC Asalanka,Shoriful Islam,0,1,1,,,,,,,,
1384429,2023/24,2023-11-06,"Arun Jaitley Stadium, Delhi",1,33.7,Sri Lanka,Bangladesh,DM de Silva,KIC Asalanka,Shoriful Islam,2,0,,,,,,,,,
1384429,2023/24,2023-11-06,"Arun Jaitley Stadium, Delhi",1,34.1,Sri Lanka,Bangladesh,KIC Asalanka,DM de Silva,Taskin Ahmed,0,0,,,,,,,,,
1384429,2023/24,2023-11-06,"Arun Jaitley Stadium, Delhi",1,34.2,Sri Lanka,Bangladesh,KIC Asalanka,DM de Silva,Taskin Ahmed,0,0,,,,,,,,,
1384429,2023/24,2023-11-06,"Arun Jaitley Stadium, Delhi",1,34.3,Sri Lanka,Bangladesh,KIC Asalanka,DM de Silva,Taskin Ahmed,0,0,,,,,,,,,
1384429,2023/24,2023-11-06,"Arun Jaitley Stadium, Delhi",1,34.4,Sri Lanka,Bangladesh,KIC Asalanka,DM de Silva,Taskin Ahmed,1,0,,,,,,,,,
1384429,2023/24,2023-11-06,"Arun Jaitley Stadium, Delhi",1,34.5,Sri Lanka,Bangladesh,DM de Silva,KIC Asalanka,Taskin Ahmed,0,0,,,,,,,,,
1384429,2023/24,2023-11-06,"Arun Jaitley Stadium, Delhi",1,34.6,Sri Lanka,Bangladesh,DM de Silva,KIC Asalanka,Taskin Ahmed,4,0,,,,,,,,,
1384429,2023/24,2023-11-06,"Arun Jaitley Stadium, Delhi",1,35.1,Sri Lanka,Bangladesh,KIC Asalanka,DM de Silva,Mehedi Hasan Miraz,0,0,,,,,,,,,
1384429,2023/24,2023-11-06,"Arun Jaitley Stadium, Delhi",1,35.2,Sri Lanka,Bangladesh,KIC Asalanka,DM de Silva,Mehedi Hasan Miraz,0,0,,,,,,,,,
1384429,2023/24,2023-11-06,"Arun Jaitley Stadium, Delhi",1,35.3,Sri Lanka,Bangladesh,KIC Asalanka,DM de Silva,Mehedi Hasan Miraz,1,0,,,,,,,,,
1384429,2023/24,2023-11-06,"Arun Jaitley Stadium, Delhi",1,35.4,Sri Lanka,Bangladesh,DM de Silva,KIC Asalanka,Mehedi Hasan Miraz,1,0,,,,,,,,,
1384429,2023/24,2023-11-06,"Arun Jaitley Stadium, Delhi",1,35.5,Sri Lanka,Bangladesh,KIC Asalanka,DM de Silva,Mehedi Hasan Miraz,0,0,,,,,,,,,
1384429,2023/24,2023-11-06,"Arun Jaitley Stadium, Delhi",1,35.6,Sri Lanka,Bangladesh,KIC Asalanka,DM de Silva,Mehedi Hasan Miraz,0,0,,,,,,,,,
1384429,2023/24,2023-11-06,"Arun Jaitley Stadium, Delhi",1,36.1,Sri Lanka,Bangladesh,DM de Silva,KIC Asalanka,Shakib Al Hasan,1,0,,,,,,,,,
1384429,2023/24,2023-11-06,"Arun Jaitley Stadium, Delhi",1,36.2,Sri Lanka,Bangladesh,KIC Asalanka,DM de Silva,Shakib Al Hasan,1,0,,,,,,,,,
1384429,2023/24,2023-11-06,"Arun Jaitley Stadium, Delhi",1,36.3,Sri Lanka,Bangladesh,DM de Silva,KIC Asalanka,Shakib Al Hasan,1,0,,,,,,,,,
1384429,2023/24,2023-11-06,"Arun Jaitley Stadium, Delhi",1,36.4,Sri Lanka,Bangladesh,KIC Asalanka,DM de Silva,Shakib Al Hasan,1,0,,,,,,,,,
1384429,2023/24,2023-11-06,"Arun Jaitley Stadium, Delhi",1,36.5,Sri Lanka,Bangladesh,DM de Silva,KIC Asalanka,Shakib Al Hasan,6,0,,,,,,,,,
1384429,2023/24,2023-11-06,"Arun Jaitley Stadium, Delhi",1,36.6,Sri Lanka,Bangladesh,DM de Silva,KIC Asalanka,Shakib Al Hasan,0,0,,,,,,,,,
1384429,2023/24,2023-11-06,"Arun Jaitley Stadium, Delhi",1,37.1,Sri Lanka,Bangladesh,KIC Asalanka,DM de Silva,Mehedi Hasan Miraz,0,0,,,,,,,,,
1384429,2023/24,2023-11-06,"Arun Jaitley Stadium, Delhi",1,37.2,Sri Lanka,Bangladesh,KIC Asalanka,DM de Silva,Mehedi Hasan Miraz,1,0,,,,,,,,,
1384429,2023/24,2023-11-06,"Arun Jaitley Stadium, Delhi",1,37.3,Sri Lanka,Bangladesh,DM de Silva,KIC Asalanka,Mehedi Hasan Miraz,0,0,,,,,,,,,
1384429,2023/24,2023-11-06,"Arun Jaitley Stadium, Delhi",1,37.4,Sri Lanka,Bangladesh,DM de Silva,KIC Asalanka,Mehedi Hasan Miraz,4,0,,,,,,,,,
1384429,2023/24,2023-11-06,"Arun Jaitley Stadium, Delhi",1,37.5,Sri Lanka,Bangladesh,DM de Silva,KIC Asalanka,Mehedi Hasan Miraz,0,0,,,,,,,,,
1384429,2023/24,2023-11-06,"Arun Jaitley Stadium, Delhi",1,37.6,Sri Lanka,Bangladesh,DM de Silva,KIC Asalanka,Mehedi Hasan Miraz,0,0,,,,,,stumped,DM de Silva,,
1384429,2023/24,2023-11-06,"Arun Jaitley Stadium, Delhi",1,38.1,Sri Lanka,Bangladesh,KIC Asalanka,M Theekshana,Taskin Ahmed,0,0,,,,,,,,,
1384429,2023/24,2023-11-06,"Arun Jaitley Stadium, Delhi",1,38.2,Sri Lanka,Bangladesh,KIC Asalanka,M Theekshana,Taskin Ahmed,1,0,,,,,,,,,
1384429,2023/24,2023-11-06,"Arun Jaitley Stadium, Delhi",1,38.3,Sri Lanka,Bangladesh,M Theekshana,KIC Asalanka,Taskin Ahmed,0,0,,,,,,,,,
1384429,2023/24,2023-11-06,"Arun Jaitley Stadium, Delhi",1,38.4,Sri Lanka,Bangladesh,M Theekshana,KIC Asalanka,Taskin Ahmed,1,0,,,,,,,,,
1384429,2023/24,2023-11-06,"Arun Jaitley Stadium, Delhi",1,38.5,Sri Lanka,Bangladesh,KIC Asalanka,M Theekshana,Taskin Ahmed,1,0,,,,,,,,,
1384429,2023/24,2023-11-06,"Arun Jaitley Stadium, Delhi",1,38.6,Sri Lanka,Bangladesh,M Theekshana,KIC Asalanka,Taskin Ahmed,0,0,,,,,,,,,
1384429,2023/24,2023-11-06,"Arun Jaitley Stadium, Delhi",1,39.1,Sri Lanka,Bangladesh,KIC Asalanka,M Theekshana,Mehedi Hasan Miraz,4,0,,,,,,,,,
1384429,2023/24,2023-11-06,"Arun Jaitley Stadium, Delhi",1,39.2,Sri Lanka,Bangladesh,KIC Asalanka,M Theekshana,Mehedi Hasan Miraz,0,0,,,,,,,,,
1384429,2023/24,2023-11-06,"Arun Jaitley Stadium, Delhi",1,39.3,Sri Lanka,Bangladesh,KIC Asalanka,M Theekshana,Mehedi Hasan Miraz,1,0,,,,,,,,,
1384429,2023/24,2023-11-06,"Arun Jaitley Stadium, Delhi",1,39.4,Sri Lanka,Bangladesh,M Theekshana,KIC Asalanka,Mehedi Hasan Miraz,1,0,,,,,,,,,
1384429,2023/24,2023-11-06,"Arun Jaitley Stadium, Delhi",1,39.5,Sri Lanka,Bangladesh,KIC Asalanka,M Theekshana,Mehedi Hasan Miraz,1,0,,,,,,,,,
1384429,2023/24,2023-11-06,"Arun Jaitley Stadium, Delhi",1,39.6,Sri Lanka,Bangladesh,M Theekshana,KIC Asalanka,Mehedi Hasan Miraz,0,0,,,,,,,,,
1384429,2023/24,2023-11-06,"Arun Jaitley Stadium, Delhi",1,40.1,Sri Lanka,Bangladesh,KIC Asalanka,M Theekshana,Taskin Ahmed,0,0,,,,,,,,,
1384429,2023/24,2023-11-06,"Arun Jaitley Stadium, Delhi",1,40.2,Sri Lanka,Bangladesh,KIC Asalanka,M Theekshana,Taskin Ahmed,1,0,,,,,,,,,
1384429,2023/24,2023-11-06,"Arun Jaitley Stadium, Delhi",1,40.3,Sri Lanka,Bangladesh,M Theekshana,KIC Asalanka,Taskin Ahmed,0,0,,,,,,,,,
1384429,2023/24,2023-11-06,"Arun Jaitley Stadium, Delhi",1,40.4,Sri Lanka,Bangladesh,M Theekshana,KIC Asalanka,Taskin Ahmed,1,0,,,,,,,,,
1384429,2023/24,2023-11-06,"Arun Jaitley Stadium, Delhi",1,40.5,Sri Lanka,Bangladesh,KIC Asalanka,M Theekshana,Taskin Ahmed,1,0,,,,,,,,,
1384429,2023/24,2023-11-06,"Arun Jaitley Stadium, Delhi",1,40.6,Sri Lanka,Bangladesh,M Theekshana,KIC Asalanka,Taskin Ahmed,0,0,,,,,,,,,
1384429,2023/24,2023-11-06,"Arun Jaitley Stadium, Delhi",1,41.1,Sri Lanka,Bangladesh,KIC Asalanka,M Theekshana,Tanzim Hasan Sakib,1,0,,,,,,,,,
1384429,2023/24,2023-11-06,"Arun Jaitley Stadium, Delhi",1,41.2,Sri Lanka,Bangladesh,M Theekshana,KIC Asalanka,Tanzim Hasan Sakib,0,1,1,,,,,,,,
1384429,2023/24,2023-11-06,"Arun Jaitley Stadium, Delhi",1,41.3,Sri Lanka,Bangladesh,M Theekshana,KIC Asalanka,Tanzim Hasan Sakib,0,0,,,,,,,,,
1384429,2023/24,2023-11-06,"Arun Jaitley Stadium, Delhi",1,41.4,Sri Lanka,Bangladesh,M Theekshana,KIC Asalanka,Tanzim Hasan Sakib,0,0,,,,,,,,,
1384429,2023/24,2023-11-06,"Arun Jaitley Stadium, Delhi",1,41.5,Sri Lanka,Bangladesh,M Theekshana,KIC Asalanka,Tanzim Hasan Sakib,0,0,,,,,,,,,
1384429,2023/24,2023-11-06,"Arun Jaitley Stadium, Delhi",1,41.6,Sri Lanka,Bangladesh,M Theekshana,KIC Asalanka,Tanzim Hasan Sakib,0,0,,,,,,,,,
1384429,2023/24,2023-11-06,"Arun Jaitley Stadium, Delhi",1,41.7,Sri Lanka,Bangladesh,M Theekshana,KIC Asalanka,Tanzim Hasan Sakib,1,0,,,,,,,,,
1384429,2023/24,2023-11-06,"Arun Jaitley Stadium, Delhi",1,42.1,Sri Lanka,Bangladesh,M Theekshana,KIC Asalanka,Taskin Ahmed,0,0,,,,,,,,,
1384429,2023/24,2023-11-06,"Arun Jaitley Stadium, Delhi",1,42.2,Sri Lanka,Bangladesh,M Theekshana,KIC Asalanka,Taskin Ahmed,0,0,,,,,,,,,
1384429,2023/24,2023-11-06,"Arun Jaitley Stadium, Delhi",1,42.3,Sri Lanka,Bangladesh,M Theekshana,KIC Asalanka,Taskin Ahmed,0,0,,,,,,,,,
1384429,2023/24,2023-11-06,"Arun Jaitley Stadium, Delhi",1,42.4,Sri Lanka,Bangladesh,M Theekshana,KIC Asalanka,Taskin Ahmed,4,0,,,,,,,,,
1384429,2023/24,2023-11-06,"Arun Jaitley Stadium, Delhi",1,42.5,Sri Lanka,Bangladesh,M Theekshana,KIC Asalanka,Taskin Ahmed,2,0,,,,,,,,,
1384429,2023/24,2023-11-06,"Arun Jaitley Stadium, Delhi",1,42.6,Sri Lanka,Bangladesh,M Theekshana,KIC Asalanka,Taskin Ahmed,0,0,,,,,,,,,
1384429,2023/24,2023-11-06,"Arun Jaitley Stadium, Delhi",1,43.1,Sri Lanka,Bangladesh,KIC Asalanka,M Theekshana,Tanzim Hasan Sakib,1,0,,,,,,,,,
1384429,2023/24,2023-11-06,"Arun Jaitley Stadium, Delhi",1,43.2,Sri Lanka,Bangladesh,M Theekshana,KIC Asalanka,Tanzim Hasan Sakib,4,0,,,,,,,,,
1384429,2023/24,2023-11-06,"Arun Jaitley Stadium, Delhi",1,43.3,Sri Lanka,Bangladesh,M Theekshana,KIC Asalanka,Tanzim Hasan Sakib,1,0,,,,,,,,,
1384429,2023/24,2023-11-06,"Arun Jaitley Stadium, Delhi",1,43.4,Sri Lanka,Bangladesh,KIC Asalanka,M Theekshana,Tanzim Hasan Sakib,6,0,,,,,,,,,
1384429,2023/24,2023-11-06,"Arun Jaitley Stadium, Delhi",1,43.5,Sri Lanka,Bangladesh,KIC Asalanka,M Theekshana,Tanzim Hasan Sakib,1,0,,,,,,,,,
1384429,2023/24,2023-11-06,"Arun Jaitley Stadium, Delhi",1,43.6,Sri Lanka,Bangladesh,M Theekshana,KIC Asalanka,Tanzim Hasan Sakib,0,0,,,,,,,,,
1384429,2023/24,2023-11-06,"Arun Jaitley Stadium, Delhi",1,44.1,Sri Lanka,Bangladesh,KIC Asalanka,M Theekshana,Shakib Al Hasan,1,0,,,,,,,,,
1384429,2023/24,2023-11-06,"Arun Jaitley Stadium, Delhi",1,44.2,Sri Lanka,Bangladesh,M Theekshana,KIC Asalanka,Shakib Al Hasan,0,0,,,,,,,,,
1384429,2023/24,2023-11-06,"Arun Jaitley Stadium, Delhi",1,44.3,Sri Lanka,Bangladesh,M Theekshana,KIC Asalanka,Shakib Al Hasan,0,0,,,,,,,,,
1384429,2023/24,2023-11-06,"Arun Jaitley Stadium, Delhi",1,44.4,Sri Lanka,Bangladesh,M Theekshana,KIC Asalanka,Shakib Al Hasan,1,0,,,,,,,,,
1384429,2023/24,2023-11-06,"Arun Jaitley Stadium, Delhi",1,44.5,Sri Lanka,Bangladesh,KIC Asalanka,M Theekshana,Shakib Al Hasan,1,0,,,,,,,,,
1384429,2023/24,2023-11-06,"Arun Jaitley Stadium, Delhi",1,44.6,Sri Lanka,Bangladesh,M Theekshana,KIC Asalanka,Shakib Al Hasan,1,0,,,,,,,,,
1384429,2023/24,2023-11-06,"Arun Jaitley Stadium, Delhi",1,45.1,Sri Lanka,Bangladesh,M Theekshana,KIC Asalanka,Shoriful Islam,0,1,,,,1,,,,,
1384429,2023/24,2023-11-06,"Arun Jaitley Stadium, Delhi",1,45.2,Sri Lanka,Bangladesh,KIC Asalanka,M Theekshana,Shoriful Islam,1,0,,,,,,,,,
1384429,2023/24,2023-11-06,"Arun Jaitley Stadium, Delhi",1,45.3,Sri Lanka,Bangladesh,M Theekshana,KIC Asalanka,Shoriful Islam,4,0,,,,,,,,,
1384429,2023/24,2023-11-06,"Arun Jaitley Stadium, Delhi",1,45.4,Sri Lanka,Bangladesh,M Theekshana,KIC Asalanka,Shoriful Islam,0,0,,,,,,,,,
1384429,2023/24,2023-11-06,"Arun Jaitley Stadium, Delhi",1,45.5,Sri Lanka,Bangladesh,M Theekshana,KIC Asalanka,Shoriful Islam,0,0,,,,,,,,,
1384429,2023/24,2023-11-06,"Arun Jaitley Stadium, Delhi",1,45.6,Sri Lanka,Bangladesh,M Theekshana,KIC Asalanka,Shoriful Islam,0,0,,,,,,caught,M Theekshana,,
1384429,2023/24,2023-11-06,"Arun Jaitley Stadium, Delhi",1,46.1,Sri Lanka,Bangladesh,KIC Asalanka,PVD Chameera,Shakib Al Hasan,2,0,,,,,,,,,
1384429,2023/24,2023-11-06,"Arun Jaitley Stadium, Delhi",1,46.2,Sri Lanka,Bangladesh,KIC Asalanka,PVD Chameera,Shakib Al Hasan,1,0,,,,,,,,,
1384429,2023/24,2023-11-06,"Arun Jaitley Stadium, Delhi",1,46.3,Sri Lanka,Bangladesh,PVD Chameera,KIC Asalanka,Shakib Al Hasan,0,0,,,,,,,,,
1384429,2023/24,2023-11-06,"Arun Jaitley Stadium, Delhi",1,46.4,Sri Lanka,Bangladesh,PVD Chameera,KIC Asalanka,Shakib Al Hasan,0,0,,,,,,,,,
1384429,2023/24,2023-11-06,"Arun Jaitley Stadium, Delhi",1,46.5,Sri Lanka,Bangladesh,PVD Chameera,KIC Asalanka,Shakib Al Hasan,0,0,,,,,,,,,
1384429,2023/24,2023-11-06,"Arun Jaitley Stadium, Delhi",1,46.6,Sri Lanka,Bangladesh,PVD Chameera,KIC Asalanka,Shakib Al Hasan,1,0,,,,,,,,,
1384429,2023/24,2023-11-06,"Arun Jaitley Stadium, Delhi",1,47.1,Sri Lanka,Bangladesh,PVD Chameera,KIC Asalanka,Shoriful Islam,0,0,,,,,,,,,
1384429,2023/24,2023-11-06,"Arun Jaitley Stadium, Delhi",1,47.2,Sri Lanka,Bangladesh,PVD Chameera,KIC Asalanka,Shoriful Islam,1,0,,,,,,,,,
1384429,2023/24,2023-11-06,"Arun Jaitley Stadium, Delhi",1,47.3,Sri Lanka,Bangladesh,KIC Asalanka,PVD Chameera,Shoriful Islam,0,0,,,,,,,,,
1384429,2023/24,2023-11-06,"Arun Jaitley Stadium, Delhi",1,47.4,Sri Lanka,Bangladesh,KIC Asalanka,PVD Chameera,Shoriful Islam,4,0,,,,,,,,,
1384429,2023/24,2023-11-06,"Arun Jaitley Stadium, Delhi",1,47.5,Sri Lanka,Bangladesh,KIC Asalanka,PVD Chameera,Shoriful Islam,2,0,,,,,,,,,
1384429,2023/24,2023-11-06,"Arun Jaitley Stadium, Delhi",1,47.6,Sri Lanka,Bangladesh,KIC Asalanka,PVD Chameera,Shoriful Islam,1,0,,,,,,,,,
1384429,2023/24,2023-11-06,"Arun Jaitley Stadium, Delhi",1,48.1,Sri Lanka,Bangladesh,KIC Asalanka,PVD Chameera,Tanzim Hasan Sakib,1,0,,,,,,,,,
1384429,2023/24,2023-11-06,"Arun Jaitley Stadium, Delhi",1,48.2,Sri Lanka,Bangladesh,PVD Chameera,KIC Asalanka,Tanzim Hasan Sakib,1,0,,,,,,,,,
1384429,2023/24,2023-11-06,"Arun Jaitley Stadium, Delhi",1,48.3,Sri Lanka,Bangladesh,KIC Asalanka,PVD Chameera,Tanzim Hasan Sakib,6,0,,,,,,,,,
1384429,2023/24,2023-11-06,"Arun Jaitley Stadium, Delhi",1,48.4,Sri Lanka,Bangladesh,KIC Asalanka,PVD Chameera,Tanzim Hasan Sakib,0,0,,,,,,caught,KIC Asalanka,,
1384429,2023/24,2023-11-06,"Arun Jaitley Stadium, Delhi",1,48.5,Sri Lanka,Bangladesh,CAK Rajitha,PVD Chameera,Tanzim Hasan Sakib,0,0,,,,,,,,,
1384429,2023/24,2023-11-06,"Arun Jaitley Stadium, Delhi",1,48.6,Sri Lanka,Bangladesh,CAK Rajitha,PVD Chameera,Tanzim Hasan Sakib,0,0,,,,,,caught,CAK Rajitha,,
1384429,2023/24,2023-11-06,"Arun Jaitley Stadium, Delhi",1,49.1,Sri Lanka,Bangladesh,PVD Chameera,D Madushanka,Shoriful Islam,0,0,,,,,,,,,
1384429,2023/24,2023-11-06,"Arun Jaitley Stadium, Delhi",1,49.2,Sri Lanka,Bangladesh,PVD Chameera,D Madushanka,Shoriful Islam,1,0,,,,,,,,,
1384429,2023/24,2023-11-06,"Arun Jaitley Stadium, Delhi",1,49.3,Sri Lanka,Bangladesh,D Madushanka,PVD Chameera,Shoriful Islam,0,0,,,,,,run out,PVD Chameera,,
1384429,2023/24,2023-11-06,"Arun Jaitley Stadium, Delhi",2,0.1,Bangladesh,Sri Lanka,Tanzid Hasan,Liton Das,D Madushanka,0,1,,,,1,,,,,
1384429,2023/24,2023-11-06,"Arun Jaitley Stadium, Delhi",2,0.2,Bangladesh,Sri Lanka,Liton Das,Tanzid Hasan,D Madushanka,0,0,,,,,,,,,
1384429,2023/24,2023-11-06,"Arun Jaitley Stadium, Delhi",2,0.3,Bangladesh,Sri Lanka,Liton Das,Tanzid Hasan,D Madushanka,0,0,,,,,,,,,
1384429,2023/24,2023-11-06,"Arun Jaitley Stadium, Delhi",2,0.4,Bangladesh,Sri Lanka,Liton Das,Tanzid Hasan,D Madushanka,1,0,,,,,,,,,
1384429,2023/24,2023-11-06,"Arun Jaitley Stadium, Delhi",2,0.5,Bangladesh,Sri Lanka,Tanzid Hasan,Liton Das,D Madushanka,4,0,,,,,,,,,
1384429,2023/24,2023-11-06,"Arun Jaitley Stadium, Delhi",2,0.6,Bangladesh,Sri Lanka,Tanzid Hasan,Liton Das,D Madushanka,4,0,,,,,,,,,
1384429,2023/24,2023-11-06,"Arun Jaitley Stadium, Delhi",2,1.1,Bangladesh,Sri Lanka,Liton Das,Tanzid Hasan,M Theekshana,4,0,,,,,,,,,
1384429,2023/24,2023-11-06,"Arun Jaitley Stadium, Delhi",2,1.2,Bangladesh,Sri Lanka,Liton Das,Tanzid Hasan,M Theekshana,0,1,1,,,,,,,,
1384429,2023/24,2023-11-06,"Arun Jaitley Stadium, Delhi",2,1.3,Bangladesh,Sri Lanka,Liton Das,Tanzid Hasan,M Theekshana,0,0,,,,,,,,,
1384429,2023/24,2023-11-06,"Arun Jaitley Stadium, Delhi",2,1.4,Bangladesh,Sri Lanka,Liton Das,Tanzid Hasan,M Theekshana,0,0,,,,,,,,,
1384429,2023/24,2023-11-06,"Arun Jaitley Stadium, Delhi",2,1.5,Bangladesh,Sri Lanka,Liton Das,Tanzid Hasan,M Theekshana,0,0,,,,,,,,,
1384429,2023/24,2023-11-06,"Arun Jaitley Stadium, Delhi",2,1.6,Bangladesh,Sri Lanka,Liton Das,Tanzid Hasan,M Theekshana,1,0,,,,,,,,,
1384429,2023/24,2023-11-06,"Arun Jaitley Stadium, Delhi",2,1.7,Bangladesh,Sri Lanka,Tanzid Hasan,Liton Das,M Theekshana,1,0,,,,,,,,,
1384429,2023/24,2023-11-06,"Arun Jaitley Stadium, Delhi",2,2.1,Bangladesh,Sri Lanka,Tanzid Hasan,Liton Das,D Madushanka,0,0,,,,,,caught,Tanzid Hasan,,
1384429,2023/24,2023-11-06,"Arun Jaitley Stadium, Delhi",2,2.2,Bangladesh,Sri Lanka,Nazmul Hossain Shanto,Liton Das,D Madushanka,0,0,,,,,,,,,
1384429,2023/24,2023-11-06,"Arun Jaitley Stadium, Delhi",2,2.3,Bangladesh,Sri Lanka,Nazmul Hossain Shanto,Liton Das,D Madushanka,1,0,,,,,,,,,
1384429,2023/24,2023-11-06,"Arun Jaitley Stadium, Delhi",2,2.4,Bangladesh,Sri Lanka,Liton Das,Nazmul Hossain Shanto,D Madushanka,0,0,,,,,,,,,
1384429,2023/24,2023-11-06,"Arun Jaitley Stadium, Delhi",2,2.5,Bangladesh,Sri Lanka,Liton Das,Nazmul Hossain Shanto,D Madushanka,4,0,,,,,,,,,
1384429,2023/24,2023-11-06,"Arun Jaitley Stadium, Delhi",2,2.6,Bangladesh,Sri Lanka,Liton Das,Nazmul Hossain Shanto,D Madushanka,0,1,1,,,,,,,,
1384429,2023/24,2023-11-06,"Arun Jaitley Stadium, Delhi",2,2.7,Bangladesh,Sri Lanka,Liton Das,Nazmul Hossain Shanto,D Madushanka,0,0,,,,,,,,,
1384429,2023/24,2023-11-06,"Arun Jaitley Stadium, Delhi",2,3.1,Bangladesh,Sri Lanka,Nazmul Hossain Shanto,Liton Das,M Theekshana,4,0,,,,,,,,,
1384429,2023/24,2023-11-06,"Arun Jaitley Stadium, Delhi",2,3.2,Bangladesh,Sri Lanka,Nazmul Hossain Shanto,Liton Das,M Theekshana,1,0,,,,,,,,,
1384429,2023/24,2023-11-06,"Arun Jaitley Stadium, Delhi",2,3.3,Bangladesh,Sri Lanka,Liton Das,Nazmul Hossain Shanto,M Theekshana,0,0,,,,,,,,,
1384429,2023/24,2023-11-06,"Arun Jaitley Stadium, Delhi",2,3.4,Bangladesh,Sri Lanka,Liton Das,Nazmul Hossain Shanto,M Theekshana,0,0,,,,,,,,,
1384429,2023/24,2023-11-06,"Arun Jaitley Stadium, Delhi",2,3.5,Bangladesh,Sri Lanka,Liton Das,Nazmul Hossain Shanto,M Theekshana,0,0,,,,,,,,,
1384429,2023/24,2023-11-06,"Arun Jaitley Stadium, Delhi",2,3.6,Bangladesh,Sri Lanka,Liton Das,Nazmul Hossain Shanto,M Theekshana,0,0,,,,,,,,,
1384429,2023/24,2023-11-06,"Arun Jaitley Stadium, Delhi",2,4.1,Bangladesh,Sri Lanka,Nazmul Hossain Shanto,Liton Das,D Madushanka,0,0,,,,,,,,,
1384429,2023/24,2023-11-06,"Arun Jaitley Stadium, Delhi",2,4.2,Bangladesh,Sri Lanka,Nazmul Hossain Shanto,Liton Das,D Madushanka,0,0,,,,,,,,,
1384429,2023/24,2023-11-06,"Arun Jaitley Stadium, Delhi",2,4.3,Bangladesh,Sri Lanka,Nazmul Hossain Shanto,Liton Das,D Madushanka,0,0,,,,,,,,,
1384429,2023/24,2023-11-06,"Arun Jaitley Stadium, Delhi",2,4.4,Bangladesh,Sri Lanka,Nazmul Hossain Shanto,Liton Das,D Madushanka,0,0,,,,,,,,,
1384429,2023/24,2023-11-06,"Arun Jaitley Stadium, Delhi",2,4.5,Bangladesh,Sri Lanka,Nazmul Hossain Shanto,Liton Das,D Madushanka,0,0,,,,,,,,,
1384429,2023/24,2023-11-06,"Arun Jaitley Stadium, Delhi",2,4.6,Bangladesh,Sri Lanka,Nazmul Hossain Shanto,Liton Das,D Madushanka,0,0,,,,,,,,,
1384429,2023/24,2023-11-06,"Arun Jaitley Stadium, Delhi",2,5.1,Bangladesh,Sri Lanka,Liton Das,Nazmul Hossain Shanto,CAK Rajitha,0,0,,,,,,,,,
1384429,2023/24,2023-11-06,"Arun Jaitley Stadium, Delhi",2,5.2,Bangladesh,Sri Lanka,Liton Das,Nazmul Hossain Shanto,CAK Rajitha,0,0,,,,,,,,,
1384429,2023/24,2023-11-06,"Arun Jaitley Stadium, Delhi",2,5.3,Bangladesh,Sri Lanka,Liton Das,Nazmul Hossain Shanto,CAK Rajitha,6,0,,,,,,,,,
1384429,2023/24,2023-11-06,"Arun Jaitley Stadium, Delhi",2,5.4,Bangladesh,Sri Lanka,Liton Das,Nazmul Hossain Shanto,CAK Rajitha,6,0,,,,,,,,,
1384429,2023/24,2023-11-06,"Arun Jaitley Stadium, Delhi",2,5.5,Bangladesh,Sri Lanka,Liton Das,Nazmul Hossain Shanto,CAK Rajitha,1,0,,,,,,,,,
1384429,2023/24,2023-11-06,"Arun Jaitley Stadium, Delhi",2,5.6,Bangladesh,Sri Lanka,Nazmul Hossain Shanto,Liton Das,CAK Rajitha,0,0,,,,,,,,,
1384429,2023/24,2023-11-06,"Arun Jaitley Stadium, Delhi",2,6.1,Bangladesh,Sri Lanka,Liton Das,Nazmul Hossain Shanto,D Madushanka,0,0,,,,,,,,,
1384429,2023/24,2023-11-06,"Arun Jaitley Stadium, Delhi",2,6.2,Bangladesh,Sri Lanka,Liton Das,Nazmul Hossain Shanto,D Madushanka,0,0,,,,,,lbw,Liton Das,,
1384429,2023/24,2023-11-06,"Arun Jaitley Stadium, Delhi",2,6.3,Bangladesh,Sri Lanka,Shakib Al Hasan,Nazmul Hossain Shanto,D Madushanka,0,0,,,,,,,,,
1384429,2023/24,2023-11-06,"Arun Jaitley Stadium, Delhi",2,6.4,Bangladesh,Sri Lanka,Shakib Al Hasan,Nazmul Hossain Shanto,D Madushanka,1,0,,,,,,,,,
1384429,2023/24,2023-11-06,"Arun Jaitley Stadium, Delhi",2,6.5,Bangladesh,Sri Lanka,Nazmul Hossain Shanto,Shakib Al Hasan,D Madushanka,1,0,,,,,,,,,
1384429,2023/24,2023-11-06,"Arun Jaitley Stadium, Delhi",2,6.6,Bangladesh,Sri Lanka,Shakib Al Hasan,Nazmul Hossain Shanto,D Madushanka,0,0,,,,,,,,,
1384429,2023/24,2023-11-06,"Arun Jaitley Stadium, Delhi",2,7.1,Bangladesh,Sri Lanka,Nazmul Hossain Shanto,Shakib Al Hasan,PVD Chameera,0,0,,,,,,,,,
1384429,2023/24,2023-11-06,"Arun Jaitley Stadium, Delhi",2,7.2,Bangladesh,Sri Lanka,Nazmul Hossain Shanto,Shakib Al Hasan,PVD Chameera,0,0,,,,,,,,,
1384429,2023/24,2023-11-06,"Arun Jaitley Stadium, Delhi",2,7.3,Bangladesh,Sri Lanka,Nazmul Hossain Shanto,Shakib Al Hasan,PVD Chameera,1,0,,,,,,,,,
1384429,2023/24,2023-11-06,"Arun Jaitley Stadium, Delhi",2,7.4,Bangladesh,Sri Lanka,Shakib Al Hasan,Nazmul Hossain Shanto,PVD Chameera,0,0,,,,,,,,,
1384429,2023/24,2023-11-06,"Arun Jaitley Stadium, Delhi",2,7.5,Bangladesh,Sri Lanka,Shakib Al Hasan,Nazmul Hossain Shanto,PVD Chameera,0,0,,,,,,,,,
1384429,2023/24,2023-11-06,"Arun Jaitley Stadium, Delhi",2,7.6,Bangladesh,Sri Lanka,Shakib Al Hasan,Nazmul Hossain Shanto,PVD Chameera,4,0,,,,,,,,,
1384429,2023/24,2023-11-06,"Arun Jaitley Stadium, Delhi",2,8.1,Bangladesh,Sri Lanka,Nazmul Hossain Shanto,Shakib Al Hasan,D Madushanka,0,0,,,,,,,,,
1384429,2023/24,2023-11-06,"Arun Jaitley Stadium, Delhi",2,8.2,Bangladesh,Sri Lanka,Nazmul Hossain Shanto,Shakib Al Hasan,D Madushanka,4,0,,,,,,,,,
1384429,2023/24,2023-11-06,"Arun Jaitley Stadium, Delhi",2,8.3,Bangladesh,Sri Lanka,Nazmul Hossain Shanto,Shakib Al Hasan,D Madushanka,1,0,,,,,,,,,
1384429,2023/24,2023-11-06,"Arun Jaitley Stadium, Delhi",2,8.4,Bangladesh,Sri Lanka,Shakib Al Hasan,Nazmul Hossain Shanto,D Madushanka,0,0,,,,,,,,,
1384429,2023/24,2023-11-06,"Arun Jaitley Stadium, Delhi",2,8.5,Bangladesh,Sri Lanka,Shakib Al Hasan,Nazmul Hossain Shanto,D Madushanka,1,0,,,,,,,,,
1384429,2023/24,2023-11-06,"Arun Jaitley Stadium, Delhi",2,8.6,Bangladesh,Sri Lanka,Nazmul Hossain Shanto,Shakib Al Hasan,D Madushanka,0,0,,,,,,,,,
1384429,2023/24,2023-11-06,"Arun Jaitley Stadium, Delhi",2,9.1,Bangladesh,Sri Lanka,Shakib Al Hasan,Nazmul Hossain Shanto,PVD Chameera,1,0,,,,,,,,,
1384429,2023/24,2023-11-06,"Arun Jaitley Stadium, Delhi",2,9.2,Bangladesh,Sri Lanka,Nazmul Hossain Shanto,Shakib Al Hasan,PVD Chameera,1,0,,,,,,,,,
1384429,2023/24,2023-11-06,"Arun Jaitley Stadium, Delhi",2,9.3,Bangladesh,Sri Lanka,Shakib Al Hasan,Nazmul Hossain Shanto,PVD Chameera,0,0,,,,,,,,,
1384429,2023/24,2023-11-06,"Arun Jaitley Stadium, Delhi",2,9.4,Bangladesh,Sri Lanka,Shakib Al Hasan,Nazmul Hossain Shanto,PVD Chameera,0,0,,,,,,,,,
1384429,2023/24,2023-11-06,"Arun Jaitley Stadium, Delhi",2,9.5,Bangladesh,Sri Lanka,Shakib Al Hasan,Nazmul Hossain Shanto,PVD Chameera,0,0,,,,,,,,,
1384429,2023/24,2023-11-06,"Arun Jaitley Stadium, Delhi",2,9.6,Bangladesh,Sri Lanka,Shakib Al Hasan,Nazmul Hossain Shanto,PVD Chameera,0,1,1,,,,,,,,
1384429,2023/24,2023-11-06,"Arun Jaitley Stadium, Delhi",2,9.7,Bangladesh,Sri Lanka,Shakib Al Hasan,Nazmul Hossain Shanto,PVD Chameera,0,0,,,,,,,,,
1384429,2023/24,2023-11-06,"Arun Jaitley Stadium, Delhi",2,10.1,Bangladesh,Sri Lanka,Nazmul Hossain Shanto,Shakib Al Hasan,AD Mathews,1,0,,,,,,,,,
1384429,2023/24,2023-11-06,"Arun Jaitley Stadium, Delhi",2,10.2,Bangladesh,Sri Lanka,Shakib Al Hasan,Nazmul Hossain Shanto,AD Mathews,0,0,,,,,,,,,
1384429,2023/24,2023-11-06,"Arun Jaitley Stadium, Delhi",2,10.3,Bangladesh,Sri Lanka,Shakib Al Hasan,Nazmul Hossain Shanto,AD Mathews,1,0,,,,,,,,,
1384429,2023/24,2023-11-06,"Arun Jaitley Stadium, Delhi",2,10.4,Bangladesh,Sri Lanka,Nazmul Hossain Shanto,Shakib Al Hasan,AD Mathews,0,0,,,,,,,,,
1384429,2023/24,2023-11-06,"Arun Jaitley Stadium, Delhi",2,10.5,Bangladesh,Sri Lanka,Nazmul Hossain Shanto,Shakib Al Hasan,AD Mathews,2,0,,,,,,,,,
1384429,2023/24,2023-11-06,"Arun Jaitley Stadium, Delhi",2,10.6,Bangladesh,Sri Lanka,Nazmul Hossain Shanto,Shakib Al Hasan,AD Mathews,0,0,,,,,,,,,
1384429,2023/24,2023-11-06,"Arun Jaitley Stadium, Delhi",2,11.1,Bangladesh,Sri Lanka,Shakib Al Hasan,Nazmul Hossain Shanto,PVD Chameera,0,0,,,,,,,,,
1384429,2023/24,2023-11-06,"Arun Jaitley Stadium, Delhi",2,11.2,Bangladesh,Sri Lanka,Shakib Al Hasan,Nazmul Hossain Shanto,PVD Chameera,0,0,,,,,,,,,
1384429,2023/24,2023-11-06,"Arun Jaitley Stadium, Delhi",2,11.3,Bangladesh,Sri Lanka,Shakib Al Hasan,Nazmul Hossain Shanto,PVD Chameera,6,0,,,,,,,,,
1384429,2023/24,2023-11-06,"Arun Jaitley Stadium, Delhi",2,11.4,Bangladesh,Sri Lanka,Shakib Al Hasan,Nazmul Hossain Shanto,PVD Chameera,0,0,,,,,,,,,
1384429,2023/24,2023-11-06,"Arun Jaitley Stadium, Delhi",2,11.5,Bangladesh,Sri Lanka,Shakib Al Hasan,Nazmul Hossain Shanto,PVD Chameera,4,0,,,,,,,,,
1384429,2023/24,2023-11-06,"Arun Jaitley Stadium, Delhi",2,11.6,Bangladesh,Sri Lanka,Shakib Al Hasan,Nazmul Hossain Shanto,PVD Chameera,0,0,,,,,,,,,
1384429,2023/24,2023-11-06,"Arun Jaitley Stadium, Delhi",2,12.1,Bangladesh,Sri Lanka,Nazmul Hossain Shanto,Shakib Al Hasan,AD Mathews,0,0,,,,,,,,,
1384429,2023/24,2023-11-06,"Arun Jaitley Stadium, Delhi",2,12.2,Bangladesh,Sri Lanka,Nazmul Hossain Shanto,Shakib Al Hasan,AD Mathews,0,0,,,,,,,,,
1384429,2023/24,2023-11-06,"Arun Jaitley Stadium, Delhi",2,12.3,Bangladesh,Sri Lanka,Nazmul Hossain Shanto,Shakib Al Hasan,AD Mathews,0,0,,,,,,,,,
1384429,2023/24,2023-11-06,"Arun Jaitley Stadium, Delhi",2,12.4,Bangladesh,Sri Lanka,Nazmul Hossain Shanto,Shakib Al Hasan,AD Mathews,0,0,,,,,,,,,
1384429,2023/24,2023-11-06,"Arun Jaitley Stadium, Delhi",2,12.5,Bangladesh,Sri Lanka,Nazmul Hossain Shanto,Shakib Al Hasan,AD Mathews,0,0,,,,,,,,,
1384429,2023/24,2023-11-06,"Arun Jaitley Stadium, Delhi",2,12.6,Bangladesh,Sri Lanka,Nazmul Hossain Shanto,Shakib Al Hasan,AD Mathews,1,0,,,,,,,,,
1384429,2023/24,2023-11-06,"Arun Jaitley Stadium, Delhi",2,13.1,Bangladesh,Sri Lanka,Nazmul Hossain Shanto,Shakib Al Hasan,M Theekshana,0,0,,,,,,,,,
1384429,2023/24,2023-11-06,"Arun Jaitley Stadium, Delhi",2,13.2,Bangladesh,Sri Lanka,Nazmul Hossain Shanto,Shakib Al Hasan,M Theekshana,0,0,,,,,,,,,
1384429,2023/24,2023-11-06,"Arun Jaitley Stadium, Delhi",2,13.3,Bangladesh,Sri Lanka,Nazmul Hossain Shanto,Shakib Al Hasan,M Theekshana,1,0,,,,,,,,,
1384429,2023/24,2023-11-06,"Arun Jaitley Stadium, Delhi",2,13.4,Bangladesh,Sri Lanka,Shakib Al Hasan,Nazmul Hossain Shanto,M Theekshana,0,0,,,,,,,,,
1384429,2023/24,2023-11-06,"Arun Jaitley Stadium, Delhi",2,13.5,Bangladesh,Sri Lanka,Shakib Al Hasan,Nazmul Hossain Shanto,M Theekshana,1,0,,,,,,,,,
1384429,2023/24,2023-11-06,"Arun Jaitley Stadium, Delhi",2,13.6,Bangladesh,Sri Lanka,Nazmul Hossain Shanto,Shakib Al Hasan,M Theekshana,0,1,1,,,,,,,,
1384429,2023/24,2023-11-06,"Arun Jaitley Stadium, Delhi",2,13.7,Bangladesh,Sri Lanka,Nazmul Hossain Shanto,Shakib Al Hasan,M Theekshana,0,0,,,,,,,,,
1384429,2023/24,2023-11-06,"Arun Jaitley Stadium, Delhi",2,14.1,Bangladesh,Sri Lanka,Shakib Al Hasan,Nazmul Hossain Shanto,PVD Chameera,0,0,,,,,,,,,
1384429,2023/24,2023-11-06,"Arun Jaitley Stadium, Delhi",2,14.2,Bangladesh,Sri Lanka,Shakib Al Hasan,Nazmul Hossain Shanto,PVD Chameera,1,0,,,,,,,,,
1384429,2023/24,2023-11-06,"Arun Jaitley Stadium, Delhi",2,14.3,Bangladesh,Sri Lanka,Nazmul Hossain Shanto,Shakib Al Hasan,PVD Chameera,0,0,,,,,,,,,
1384429,2023/24,2023-11-06,"Arun Jaitley Stadium, Delhi",2,14.4,Bangladesh,Sri Lanka,Nazmul Hossain Shanto,Shakib Al Hasan,PVD Chameera,0,0,,,,,,,,,
1384429,2023/24,2023-11-06,"Arun Jaitley Stadium, Delhi",2,14.5,Bangladesh,Sri Lanka,Nazmul Hossain Shanto,Shakib Al Hasan,PVD Chameera,4,0,,,,,,,,,
1384429,2023/24,2023-11-06,"Arun Jaitley Stadium, Delhi",2,14.6,Bangladesh,Sri Lanka,Nazmul Hossain Shanto,Shakib Al Hasan,PVD Chameera,1,0,,,,,,,,,
1384429,2023/24,2023-11-06,"Arun Jaitley Stadium, Delhi",2,15.1,Bangladesh,Sri Lanka,Nazmul Hossain Shanto,Shakib Al Hasan,M Theekshana,0,0,,,,,,,,,
1384429,2023/24,2023-11-06,"Arun Jaitley Stadium, Delhi",2,15.2,Bangladesh,Sri Lanka,Nazmul Hossain Shanto,Shakib Al Hasan,M Theekshana,1,0,,,,,,,,,
1384429,2023/24,2023-11-06,"Arun Jaitley Stadium, Delhi",2,15.3,Bangladesh,Sri Lanka,Shakib Al Hasan,Nazmul Hossain Shanto,M Theekshana,0,0,,,,,,,,,
1384429,2023/24,2023-11-06,"Arun Jaitley Stadium, Delhi",2,15.4,Bangladesh,Sri Lanka,Shakib Al Hasan,Nazmul Hossain Shanto,M Theekshana,4,0,,,,,,,,,
1384429,2023/24,2023-11-06,"Arun Jaitley Stadium, Delhi",2,15.5,Bangladesh,Sri Lanka,Shakib Al Hasan,Nazmul Hossain Shanto,M Theekshana,4,0,,,,,,,,,
1384429,2023/24,2023-11-06,"Arun Jaitley Stadium, Delhi",2,15.6,Bangladesh,Sri Lanka,Shakib Al Hasan,Nazmul Hossain Shanto,M Theekshana,0,0,,,,,,,,,
1384429,2023/24,2023-11-06,"Arun Jaitley Stadium, Delhi",2,16.1,Bangladesh,Sri Lanka,Nazmul Hossain Shanto,Shakib Al Hasan,D Madushanka,0,0,,,,,,,,,
1384429,2023/24,2023-11-06,"Arun Jaitley Stadium, Delhi",2,16.2,Bangladesh,Sri Lanka,Nazmul Hossain Shanto,Shakib Al Hasan,D Madushanka,0,0,,,,,,,,,
1384429,2023/24,2023-11-06,"Arun Jaitley Stadium, Delhi",2,16.3,Bangladesh,Sri Lanka,Nazmul Hossain Shanto,Shakib Al Hasan,D Madushanka,4,0,,,,,,,,,
1384429,2023/24,2023-11-06,"Arun Jaitley Stadium, Delhi",2,16.4,Bangladesh,Sri Lanka,Nazmul Hossain Shanto,Shakib Al Hasan,D Madushanka,0,1,1,,,,,,,,
1384429,2023/24,2023-11-06,"Arun Jaitley Stadium, Delhi",2,16.5,Bangladesh,Sri Lanka,Nazmul Hossain Shanto,Shakib Al Hasan,D Madushanka,0,0,,,,,,,,,
1384429,2023/24,2023-11-06,"Arun Jaitley Stadium, Delhi",2,16.6,Bangladesh,Sri Lanka,Nazmul Hossain Shanto,Shakib Al Hasan,D Madushanka,1,0,,,,,,,,,
1384429,2023/24,2023-11-06,"Arun Jaitley Stadium, Delhi",2,16.7,Bangladesh,Sri Lanka,Shakib Al Hasan,Nazmul Hossain Shanto,D Madushanka,0,1,1,,,,,,,,
1384429,2023/24,2023-11-06,"Arun Jaitley Stadium, Delhi",2,16.8,Bangladesh,Sri Lanka,Shakib Al Hasan,Nazmul Hossain Shanto,D Madushanka,0,0,,,,,,,,,
1384429,2023/24,2023-11-06,"Arun Jaitley Stadium, Delhi",2,17.1,Bangladesh,Sri Lanka,Nazmul Hossain Shanto,Shakib Al Hasan,CAK Rajitha,4,0,,,,,,,,,
1384429,2023/24,2023-11-06,"Arun Jaitley Stadium, Delhi",2,17.2,Bangladesh,Sri Lanka,Nazmul Hossain Shanto,Shakib Al Hasan,CAK Rajitha,4,0,,,,,,,,,
1384429,2023/24,2023-11-06,"Arun Jaitley Stadium, Delhi",2,17.3,Bangladesh,Sri Lanka,Nazmul Hossain Shanto,Shakib Al Hasan,CAK Rajitha,1,0,,,,,,,,,
1384429,2023/24,2023-11-06,"Arun Jaitley Stadium, Delhi",2,17.4,Bangladesh,Sri Lanka,Shakib Al Hasan,Nazmul Hossain Shanto,CAK Rajitha,1,0,,,,,,,,,
1384429,2023/24,2023-11-06,"Arun Jaitley Stadium, Delhi",2,17.5,Bangladesh,Sri Lanka,Nazmul Hossain Shanto,Shakib Al Hasan,CAK Rajitha,0,0,,,,,,,,,
1384429,2023/24,2023-11-06,"Arun Jaitley Stadium, Delhi",2,17.6,Bangladesh,Sri Lanka,Nazmul Hossain Shanto,Shakib Al Hasan,CAK Rajitha,1,0,,,,,,,,,
1384429,2023/24,2023-11-06,"Arun Jaitley Stadium, Delhi",2,18.1,Bangladesh,Sri Lanka,Nazmul Hossain Shanto,Shakib Al Hasan,D Madushanka,4,0,,,,,,,,,
1384429,2023/24,2023-11-06,"Arun Jaitley Stadium, Delhi",2,18.2,Bangladesh,Sri Lanka,Nazmul Hossain Shanto,Shakib Al Hasan,D Madushanka,0,0,,,,,,,,,
1384429,2023/24,2023-11-06,"Arun Jaitley Stadium, Delhi",2,18.3,Bangladesh,Sri Lanka,Nazmul Hossain Shanto,Shakib Al Hasan,D Madushanka,1,0,,,,,,,,,
1384429,2023/24,2023-11-06,"Arun Jaitley Stadium, Delhi",2,18.4,Bangladesh,Sri Lanka,Shakib Al Hasan,Nazmul Hossain Shanto,D Madushanka,4,0,,,,,,,,,
1384429,2023/24,2023-11-06,"Arun Jaitley Stadium, Delhi",2,18.5,Bangladesh,Sri Lanka,Shakib Al Hasan,Nazmul Hossain Shanto,D Madushanka,1,0,,,,,,,,,
1384429,2023/24,2023-11-06,"Arun Jaitley Stadium, Delhi",2,18.6,Bangladesh,Sri Lanka,Nazmul Hossain Shanto,Shakib Al Hasan,D Madushanka,1,0,,,,,,,,,
1384429,2023/24,2023-11-06,"Arun Jaitley Stadium, Delhi",2,19.1,Bangladesh,Sri Lanka,Nazmul Hossain Shanto,Shakib Al Hasan,CAK Rajitha,0,0,,,,,,,,,
1384429,2023/24,2023-11-06,"Arun Jaitley Stadium, Delhi",2,19.2,Bangladesh,Sri Lanka,Nazmul Hossain Shanto,Shakib Al Hasan,CAK Rajitha,1,0,,,,,,,,,
1384429,2023/24,2023-11-06,"Arun Jaitley Stadium, Delhi",2,19.3,Bangladesh,Sri Lanka,Shakib Al Hasan,Nazmul Hossain Shanto,CAK Rajitha,1,0,,,,,,,,,
1384429,2023/24,2023-11-06,"Arun Jaitley Stadium, Delhi",2,19.4,Bangladesh,Sri Lanka,Nazmul Hossain Shanto,Shakib Al Hasan,CAK Rajitha,1,0,,,,,,,,,
1384429,2023/24,2023-11-06,"Arun Jaitley Stadium, Delhi",2,19.5,Bangladesh,Sri Lanka,Shakib Al Hasan,Nazmul Hossain Shanto,CAK Rajitha,0,0,,,,,,,,,
1384429,2023/24,2023-11-06,"Arun Jaitley Stadium, Delhi",2,19.6,Bangladesh,Sri Lanka,Shakib Al Hasan,Nazmul Hossain Shanto,CAK Rajitha,1,0,,,,,,,,,
1384429,2023/24,2023-11-06,"Arun Jaitley Stadium, Delhi",2,20.1,Bangladesh,Sri Lanka,Shakib Al Hasan,Nazmul Hossain Shanto,AD Mathews,1,0,,,,,,,,,
1384429,2023/24,2023-11-06,"Arun Jaitley Stadium, Delhi",2,20.2,Bangladesh,Sri Lanka,Nazmul Hossain Shanto,Shakib Al Hasan,AD Mathews,4,0,,,,,,,,,
1384429,2023/24,2023-11-06,"Arun Jaitley Stadium, Delhi",2,20.3,Bangladesh,Sri Lanka,Nazmul Hossain Shanto,Shakib Al Hasan,AD Mathews,4,0,,,,,,,,,
1384429,2023/24,2023-11-06,"Arun Jaitley Stadium, Delhi",2,20.4,Bangladesh,Sri Lanka,Nazmul Hossain Shanto,Shakib Al Hasan,AD Mathews,0,0,,,,,,,,,
1384429,2023/24,2023-11-06,"Arun Jaitley Stadium, Delhi",2,20.5,Bangladesh,Sri Lanka,Nazmul Hossain Shanto,Shakib Al Hasan,AD Mathews,0,0,,,,,,,,,
1384429,2023/24,2023-11-06,"Arun Jaitley Stadium, Delhi",2,20.6,Bangladesh,Sri Lanka,Nazmul Hossain Shanto,Shakib Al Hasan,AD Mathews,1,0,,,,,,,,,
1384429,2023/24,2023-11-06,"Arun Jaitley Stadium, Delhi",2,21.1,Bangladesh,Sri Lanka,Nazmul Hossain Shanto,Shakib Al Hasan,DM de Silva,0,0,,,,,,,,,
1384429,2023/24,2023-11-06,"Arun Jaitley Stadium, Delhi",2,21.2,Bangladesh,Sri Lanka,Nazmul Hossain Shanto,Shakib Al Hasan,DM de Silva,1,0,,,,,,,,,
1384429,2023/24,2023-11-06,"Arun Jaitley Stadium, Delhi",2,21.3,Bangladesh,Sri Lanka,Shakib Al Hasan,Nazmul Hossain Shanto,DM de Silva,0,0,,,,,,,,,
1384429,2023/24,2023-11-06,"Arun Jaitley Stadium, Delhi",2,21.4,Bangladesh,Sri Lanka,Shakib Al Hasan,Nazmul Hossain Shanto,DM de Silva,4,0,,,,,,,,,
1384429,2023/24,2023-11-06,"Arun Jaitley Stadium, Delhi",2,21.5,Bangladesh,Sri Lanka,Shakib Al Hasan,Nazmul Hossain Shanto,DM de Silva,1,0,,,,,,,,,
1384429,2023/24,2023-11-06,"Arun Jaitley Stadium, Delhi",2,21.6,Bangladesh,Sri Lanka,Nazmul Hossain Shanto,Shakib Al Hasan,DM de Silva,1,0,,,,,,,,,
1384429,2023/24,2023-11-06,"Arun Jaitley Stadium, Delhi",2,22.1,Bangladesh,Sri Lanka,Nazmul Hossain Shanto,Shakib Al Hasan,AD Mathews,1,0,,,,,,,,,
1384429,2023/24,2023-11-06,"Arun Jaitley Stadium, Delhi",2,22.2,Bangladesh,Sri Lanka,Shakib Al Hasan,Nazmul Hossain Shanto,AD Mathews,1,0,,,,,,,,,
1384429,2023/24,2023-11-06,"Arun Jaitley Stadium, Delhi",2,22.3,Bangladesh,Sri Lanka,Nazmul Hossain Shanto,Shakib Al Hasan,AD Mathews,1,0,,,,,,,,,
1384429,2023/24,2023-11-06,"Arun Jaitley Stadium, Delhi",2,22.4,Bangladesh,Sri Lanka,Shakib Al Hasan,Nazmul Hossain Shanto,AD Mathews,1,0,,,,,,,,,
1384429,2023/24,2023-11-06,"Arun Jaitley Stadium, Delhi",2,22.5,Bangladesh,Sri Lanka,Nazmul Hossain Shanto,Shakib Al Hasan,AD Mathews,2,0,,,,,,,,,
1384429,2023/24,2023-11-06,"Arun Jaitley Stadium, Delhi",2,22.6,Bangladesh,Sri Lanka,Nazmul Hossain Shanto,Shakib Al Hasan,AD Mathews,1,0,,,,,,,,,
1384429,2023/24,2023-11-06,"Arun Jaitley Stadium, Delhi",2,23.1,Bangladesh,Sri Lanka,Nazmul Hossain Shanto,Shakib Al Hasan,DM de Silva,0,0,,,,,,,,,
1384429,2023/24,2023-11-06,"Arun Jaitley Stadium, Delhi",2,23.2,Bangladesh,Sri Lanka,Nazmul Hossain Shanto,Shakib Al Hasan,DM de Silva,4,0,,,,,,,,,
1384429,2023/24,2023-11-06,"Arun Jaitley Stadium, Delhi",2,23.3,Bangladesh,Sri Lanka,Nazmul Hossain Shanto,Shakib Al Hasan,DM de Silva,0,0,,,,,,,,,
1384429,2023/24,2023-11-06,"Arun Jaitley Stadium, Delhi",2,23.4,Bangladesh,Sri Lanka,Nazmul Hossain Shanto,Shakib Al Hasan,DM de Silva,1,0,,,,,,,,,
1384429,2023/24,2023-11-06,"Arun Jaitley Stadium, Delhi",2,23.5,Bangladesh,Sri Lanka,Shakib Al Hasan,Nazmul Hossain Shanto,DM de Silva,0,0,,,,,,,,,
1384429,2023/24,2023-11-06,"Arun Jaitley Stadium, Delhi",2,23.6,Bangladesh,Sri Lanka,Shakib Al Hasan,Nazmul Hossain Shanto,DM de Silva,1,0,,,,,,,,,
1384429,2023/24,2023-11-06,"Arun Jaitley Stadium, Delhi",2,24.1,Bangladesh,Sri Lanka,Shakib Al Hasan,Nazmul Hossain Shanto,PVD Chameera,1,0,,,,,,,,,
1384429,2023/24,2023-11-06,"Arun Jaitley Stadium, Delhi",2,24.2,Bangladesh,Sri Lanka,Nazmul Hossain Shanto,Shakib Al Hasan,PVD Chameera,1,0,,,,,,,,,
1384429,2023/24,2023-11-06,"Arun Jaitley Stadium, Delhi",2,24.3,Bangladesh,Sri Lanka,Shakib Al Hasan,Nazmul Hossain Shanto,PVD Chameera,1,0,,,,,,,,,
1384429,2023/24,2023-11-06,"Arun Jaitley Stadium, Delhi",2,24.4,Bangladesh,Sri Lanka,Nazmul Hossain Shanto,Shakib Al Hasan,PVD Chameera,0,0,,,,,,,,,
1384429,2023/24,2023-11-06,"Arun Jaitley Stadium, Delhi",2,24.5,Bangladesh,Sri Lanka,Nazmul Hossain Shanto,Shakib Al Hasan,PVD Chameera,1,0,,,,,,,,,
1384429,2023/24,2023-11-06,"Arun Jaitley Stadium, Delhi",2,24.6,Bangladesh,Sri Lanka,Shakib Al Hasan,Nazmul Hossain Shanto,PVD Chameera,4,0,,,,,,,,,
1384429,2023/24,2023-11-06,"Arun Jaitley Stadium, Delhi",2,25.1,Bangladesh,Sri Lanka,Nazmul Hossain Shanto,Shakib Al Hasan,DM de Silva,4,0,,,,,,,,,
1384429,2023/24,2023-11-06,"Arun Jaitley Stadium, Delhi",2,25.2,Bangladesh,Sri Lanka,Nazmul Hossain Shanto,Shakib Al Hasan,DM de Silva,0,0,,,,,,,,,
1384429,2023/24,2023-11-06,"Arun Jaitley Stadium, Delhi",2,25.3,Bangladesh,Sri Lanka,Nazmul Hossain Shanto,Shakib Al Hasan,DM de Silva,0,0,,,,,,,,,
1384429,2023/24,2023-11-06,"Arun Jaitley Stadium, Delhi",2,25.4,Bangladesh,Sri Lanka,Nazmul Hossain Shanto,Shakib Al Hasan,DM de Silva,2,0,,,,,,,,,
1384429,2023/24,2023-11-06,"Arun Jaitley Stadium, Delhi",2,25.5,Bangladesh,Sri Lanka,Nazmul Hossain Shanto,Shakib Al Hasan,DM de Silva,1,0,,,,,,,,,
1384429,2023/24,2023-11-06,"Arun Jaitley Stadium, Delhi",2,25.6,Bangladesh,Sri Lanka,Shakib Al Hasan,Nazmul Hossain Shanto,DM de Silva,0,0,,,,,,,,,
1384429,2023/24,2023-11-06,"Arun Jaitley Stadium, Delhi",2,26.1,Bangladesh,Sri Lanka,Nazmul Hossain Shanto,Shakib Al Hasan,PVD Chameera,0,0,,,,,,,,,
1384429,2023/24,2023-11-06,"Arun Jaitley Stadium, Delhi",2,26.2,Bangladesh,Sri Lanka,Nazmul Hossain Shanto,Shakib Al Hasan,PVD Chameera,1,0,,,,,,,,,
1384429,2023/24,2023-11-06,"Arun Jaitley Stadium, Delhi",2,26.3,Bangladesh,Sri Lanka,Shakib Al Hasan,Nazmul Hossain Shanto,PVD Chameera,0,0,,,,,,,,,
1384429,2023/24,2023-11-06,"Arun Jaitley Stadium, Delhi",2,26.4,Bangladesh,Sri Lanka,Shakib Al Hasan,Nazmul Hossain Shanto,PVD Chameera,0,0,,,,,,,,,
1384429,2023/24,2023-11-06,"Arun Jaitley Stadium, Delhi",2,26.5,Bangladesh,Sri Lanka,Shakib Al Hasan,Nazmul Hossain Shanto,PVD Chameera,4,0,,,,,,,,,
1384429,2023/24,2023-11-06,"Arun Jaitley Stadium, Delhi",2,26.6,Bangladesh,Sri Lanka,Shakib Al Hasan,Nazmul Hossain Shanto,PVD Chameera,0,0,,,,,,,,,
1384429,2023/24,2023-11-06,"Arun Jaitley Stadium, Delhi",2,27.1,Bangladesh,Sri Lanka,Nazmul Hossain Shanto,Shakib Al Hasan,M Theekshana,1,0,,,,,,,,,
1384429,2023/24,2023-11-06,"Arun Jaitley Stadium, Delhi",2,27.2,Bangladesh,Sri Lanka,Shakib Al Hasan,Nazmul Hossain Shanto,M Theekshana,4,0,,,,,,,,,
1384429,2023/24,2023-11-06,"Arun Jaitley Stadium, Delhi",2,27.3,Bangladesh,Sri Lanka,Shakib Al Hasan,Nazmul Hossain Shanto,M Theekshana,3,0,,,,,,,,,
1384429,2023/24,2023-11-06,"Arun Jaitley Stadium, Delhi",2,27.4,Bangladesh,Sri Lanka,Nazmul Hossain Shanto,Shakib Al Hasan,M Theekshana,0,0,,,,,,,,,
1384429,2023/24,2023-11-06,"Arun Jaitley Stadium, Delhi",2,27.5,Bangladesh,Sri Lanka,Nazmul Hossain Shanto,Shakib Al Hasan,M Theekshana,0,0,,,,,,,,,
1384429,2023/24,2023-11-06,"Arun Jaitley Stadium, Delhi",2,27.6,Bangladesh,Sri Lanka,Nazmul Hossain Shanto,Shakib Al Hasan,M Theekshana,0,0,,,,,,,,,
1384429,2023/24,2023-11-06,"Arun Jaitley Stadium, Delhi",2,28.1,Bangladesh,Sri Lanka,Shakib Al Hasan,Nazmul Hossain Shanto,PVD Chameera,0,0,,,,,,,,,
1384429,2023/24,2023-11-06,"Arun Jaitley Stadium, Delhi",2,28.2,Bangladesh,Sri Lanka,Shakib Al Hasan,Nazmul Hossain Shanto,PVD Chameera,4,0,,,,,,,,,
1384429,2023/24,2023-11-06,"Arun Jaitley Stadium, Delhi",2,28.3,Bangladesh,Sri Lanka,Shakib Al Hasan,Nazmul Hossain Shanto,PVD Chameera,1,0,,,,,,,,,
1384429,2023/24,2023-11-06,"Arun Jaitley Stadium, Delhi",2,28.4,Bangladesh,Sri Lanka,Nazmul Hossain Shanto,Shakib Al Hasan,PVD Chameera,0,0,,,,,,,,,
1384429,2023/24,2023-11-06,"Arun Jaitley Stadium, Delhi",2,28.5,Bangladesh,Sri Lanka,Nazmul Hossain Shanto,Shakib Al Hasan,PVD Chameera,0,0,,,,,,,,,
1384429,2023/24,2023-11-06,"Arun Jaitley Stadium, Delhi",2,28.6,Bangladesh,Sri Lanka,Nazmul Hossain Shanto,Shakib Al Hasan,PVD Chameera,1,0,,,,,,,,,
1384429,2023/24,2023-11-06,"Arun Jaitley Stadium, Delhi",2,29.1,Bangladesh,Sri Lanka,Nazmul Hossain Shanto,Shakib Al Hasan,CAK Rajitha,0,0,,,,,,,,,
1384429,2023/24,2023-11-06,"Arun Jaitley Stadium, Delhi",2,29.2,Bangladesh,Sri Lanka,Nazmul Hossain Shanto,Shakib Al Hasan,CAK Rajitha,4,0,,,,,,,,,
1384429,2023/24,2023-11-06,"Arun Jaitley Stadium, Delhi",2,29.3,Bangladesh,Sri Lanka,Nazmul Hossain Shanto,Shakib Al Hasan,CAK Rajitha,1,0,,,,,,,,,
1384429,2023/24,2023-11-06,"Arun Jaitley Stadium, Delhi",2,29.4,Bangladesh,Sri Lanka,Shakib Al Hasan,Nazmul Hossain Shanto,CAK Rajitha,6,0,,,,,,,,,
1384429,2023/24,2023-11-06,"Arun Jaitley Stadium, Delhi",2,29.5,Bangladesh,Sri Lanka,Shakib Al Hasan,Nazmul Hossain Shanto,CAK Rajitha,4,0,,,,,,,,,
1384429,2023/24,2023-11-06,"Arun Jaitley Stadium, Delhi",2,29.6,Bangladesh,Sri Lanka,Shakib Al Hasan,Nazmul Hossain Shanto,CAK Rajitha,4,0,,,,,,,,,
1384429,2023/24,2023-11-06,"Arun Jaitley Stadium, Delhi",2,30.1,Bangladesh,Sri Lanka,Nazmul Hossain Shanto,Shakib Al Hasan,M Theekshana,1,0,,,,,,,,,
1384429,2023/24,2023-11-06,"Arun Jaitley Stadium, Delhi",2,30.2,Bangladesh,Sri Lanka,Shakib Al Hasan,Nazmul Hossain Shanto,M Theekshana,0,0,,,,,,,,,
1384429,2023/24,2023-11-06,"Arun Jaitley Stadium, Delhi",2,30.3,Bangladesh,Sri Lanka,Shakib Al Hasan,Nazmul Hossain Shanto,M Theekshana,0,0,,,,,,,,,
1384429,2023/24,2023-11-06,"Arun Jaitley Stadium, Delhi",2,30.4,Bangladesh,Sri Lanka,Shakib Al Hasan,Nazmul Hossain Shanto,M Theekshana,0,0,,,,,,,,,
1384429,2023/24,2023-11-06,"Arun Jaitley Stadium, Delhi",2,30.5,Bangladesh,Sri Lanka,Shakib Al Hasan,Nazmul Hossain Shanto,M Theekshana,1,0,,,,,,,,,
1384429,2023/24,2023-11-06,"Arun Jaitley Stadium, Delhi",2,30.6,Bangladesh,Sri Lanka,Nazmul Hossain Shanto,Shakib Al Hasan,M Theekshana,2,0,,,,,,,,,
1384429,2023/24,2023-11-06,"Arun Jaitley Stadium, Delhi",2,31.1,Bangladesh,Sri Lanka,Shakib Al Hasan,Nazmul Hossain Shanto,AD Mathews,0,0,,,,,,caught,Shakib Al Hasan,,
1384429,2023/24,2023-11-06,"Arun Jaitley Stadium, Delhi",2,31.2,Bangladesh,Sri Lanka,Mahmudullah,Nazmul Hossain Shanto,AD Mathews,0,0,,,,,,,,,
1384429,2023/24,2023-11-06,"Arun Jaitley Stadium, Delhi",2,31.3,Bangladesh,Sri Lanka,Mahmudullah,Nazmul Hossain Shanto,AD Mathews,0,0,,,,,,,,,
1384429,2023/24,2023-11-06,"Arun Jaitley Stadium, Delhi",2,31.4,Bangladesh,Sri Lanka,Mahmudullah,Nazmul Hossain Shanto,AD Mathews,0,0,,,,,,,,,
1384429,2023/24,2023-11-06,"Arun Jaitley Stadium, Delhi",2,31.5,Bangladesh,Sri Lanka,Mahmudullah,Nazmul Hossain Shanto,AD Mathews,0,0,,,,,,,,,
1384429,2023/24,2023-11-06,"Arun Jaitley Stadium, Delhi",2,31.6,Bangladesh,Sri Lanka,Mahmudullah,Nazmul Hossain Shanto,AD Mathews,0,0,,,,,,,,,
1384429,2023/24,2023-11-06,"Arun Jaitley Stadium, Delhi",2,32.1,Bangladesh,Sri Lanka,Nazmul Hossain Shanto,Mahmudullah,M Theekshana,0,0,,,,,,,,,
1384429,2023/24,2023-11-06,"Arun Jaitley Stadium, Delhi",2,32.2,Bangladesh,Sri Lanka,Nazmul Hossain Shanto,Mahmudullah,M Theekshana,0,0,,,,,,,,,
1384429,2023/24,2023-11-06,"Arun Jaitley Stadium, Delhi",2,32.3,Bangladesh,Sri Lanka,Nazmul Hossain Shanto,Mahmudullah,M Theekshana,0,0,,,,,,,,,
1384429,2023/24,2023-11-06,"Arun Jaitley Stadium, Delhi",2,32.4,Bangladesh,Sri Lanka,Nazmul Hossain Shanto,Mahmudullah,M Theekshana,1,0,,,,,,,,,
1384429,2023/24,2023-11-06,"Arun Jaitley Stadium, Delhi",2,32.5,Bangladesh,Sri Lanka,Mahmudullah,Nazmul Hossain Shanto,M Theekshana,0,0,,,,,,,,,
1384429,2023/24,2023-11-06,"Arun Jaitley Stadium, Delhi",2,32.6,Bangladesh,Sri Lanka,Mahmudullah,Nazmul Hossain Shanto,M Theekshana,0,0,,,,,,,,,
1384429,2023/24,2023-11-06,"Arun Jaitley Stadium, Delhi",2,33.1,Bangladesh,Sri Lanka,Nazmul Hossain Shanto,Mahmudullah,AD Mathews,0,0,,,,,,,,,
1384429,2023/24,2023-11-06,"Arun Jaitley Stadium, Delhi",2,33.2,Bangladesh,Sri Lanka,Nazmul Hossain Shanto,Mahmudullah,AD Mathews,0,0,,,,,,bowled,Nazmul Hossain Shanto,,
1384429,2023/24,2023-11-06,"Arun Jaitley Stadium, Delhi",2,33.3,Bangladesh,Sri Lanka,Mushfiqur Rahim,Mahmudullah,AD Mathews,0,0,,,,,,,,,
1384429,2023/24,2023-11-06,"Arun Jaitley Stadium, Delhi",2,33.4,Bangladesh,Sri Lanka,Mushfiqur Rahim,Mahmudullah,AD Mathews,0,1,1,,,,,,,,
1384429,2023/24,2023-11-06,"Arun Jaitley Stadium, Delhi",2,33.5,Bangladesh,Sri Lanka,Mushfiqur Rahim,Mahmudullah,AD Mathews,0,0,,,,,,,,,
1384429,2023/24,2023-11-06,"Arun Jaitley Stadium, Delhi",2,33.6,Bangladesh,Sri Lanka,Mushfiqur Rahim,Mahmudullah,AD Mathews,0,0,,,,,,,,,
1384429,2023/24,2023-11-06,"Arun Jaitley Stadium, Delhi",2,33.7,Bangladesh,Sri Lanka,Mushfiqur Rahim,Mahmudullah,AD Mathews,4,0,,,,,,,,,
1384429,2023/24,2023-11-06,"Arun Jaitley Stadium, Delhi",2,34.1,Bangladesh,Sri Lanka,Mahmudullah,Mushfiqur Rahim,D Madushanka,2,0,,,,,,,,,
1384429,2023/24,2023-11-06,"Arun Jaitley Stadium, Delhi",2,34.2,Bangladesh,Sri Lanka,Mahmudullah,Mushfiqur Rahim,D Madushanka,0,0,,,,,,,,,
1384429,2023/24,2023-11-06,"Arun Jaitley Stadium, Delhi",2,34.3,Bangladesh,Sri Lanka,Mahmudullah,Mushfiqur Rahim,D Madushanka,6,0,,,,,,,,,
1384429,2023/24,2023-11-06,"Arun Jaitley Stadium, Delhi",2,34.4,Bangladesh,Sri Lanka,Mahmudullah,Mushfiqur Rahim,D Madushanka,0,0,,,,,,,,,
1384429,2023/24,2023-11-06,"Arun Jaitley Stadium, Delhi",2,34.5,Bangladesh,Sri Lanka,Mahmudullah,Mushfiqur Rahim,D Madushanka,0,0,,,,,,,,,
1384429,2023/24,2023-11-06,"Arun Jaitley Stadium, Delhi",2,34.6,Bangladesh,Sri Lanka,Mahmudullah,Mushfiqur Rahim,D Madushanka,0,0,,,,,,,,,
1384429,2023/24,2023-11-06,"Arun Jaitley Stadium, Delhi",2,35.1,Bangladesh,Sri Lanka,Mushfiqur Rahim,Mahmudullah,AD Mathews,0,0,,,,,,,,,
1384429,2023/24,2023-11-06,"Arun Jaitley Stadium, Delhi",2,35.2,Bangladesh,Sri Lanka,Mushfiqur Rahim,Mahmudullah,AD Mathews,1,0,,,,,,,,,
1384429,2023/24,2023-11-06,"Arun Jaitley Stadium, Delhi",2,35.3,Bangladesh,Sri Lanka,Mahmudullah,Mushfiqur Rahim,AD Mathews,4,0,,,,,,,,,
1384429,2023/24,2023-11-06,"Arun Jaitley Stadium, Delhi",2,35.4,Bangladesh,Sri Lanka,Mahmudullah,Mushfiqur Rahim,AD Mathews,1,0,,,,,,,,,
1384429,2023/24,2023-11-06,"Arun Jaitley Stadium, Delhi",2,35.5,Bangladesh,Sri Lanka,Mushfiqur Rahim,Mahmudullah,AD Mathews,0,0,,,,,,,,,
1384429,2023/24,2023-11-06,"Arun Jaitley Stadium, Delhi",2,35.6,Bangladesh,Sri Lanka,Mushfiqur Rahim,Mahmudullah,AD Mathews,2,0,,,,,,,,,
1384429,2023/24,2023-11-06,"Arun Jaitley Stadium, Delhi",2,36.1,Bangladesh,Sri Lanka,Mahmudullah,Mushfiqur Rahim,PVD Chameera,0,1,1,,,,,,,,
1384429,2023/24,2023-11-06,"Arun Jaitley Stadium, Delhi",2,36.2,Bangladesh,Sri Lanka,Mahmudullah,Mushfiqur Rahim,PVD Chameera,1,0,,,,,,,,,
1384429,2023/24,2023-11-06,"Arun Jaitley Stadium, Delhi",2,36.3,Bangladesh,Sri Lanka,Mushfiqur Rahim,Mahmudullah,PVD Chameera,1,0,,,,,,,,,
1384429,2023/24,2023-11-06,"Arun Jaitley Stadium, Delhi",2,36.4,Bangladesh,Sri Lanka,Mahmudullah,Mushfiqur Rahim,PVD Chameera,0,4,,,,4,,,,,
1384429,2023/24,2023-11-06,"Arun Jaitley Stadium, Delhi",2,36.5,Bangladesh,Sri Lanka,Mahmudullah,Mushfiqur Rahim,PVD Chameera,0,0,,,,,,,,,
1384429,2023/24,2023-11-06,"Arun Jaitley Stadium, Delhi",2,36.6,Bangladesh,Sri Lanka,Mahmudullah,Mushfiqur Rahim,PVD Chameera,4,0,,,,,,,,,
1384429,2023/24,2023-11-06,"Arun Jaitley Stadium, Delhi",2,36.7,Bangladesh,Sri Lanka,Mahmudullah,Mushfiqur Rahim,PVD Chameera,4,0,,,,,,,,,
1384429,2023/24,2023-11-06,"Arun Jaitley Stadium, Delhi",2,37.1,Bangladesh,Sri Lanka,Mushfiqur Rahim,Mahmudullah,D Madushanka,0,0,,,,,,,,,
1384429,2023/24,2023-11-06,"Arun Jaitley Stadium, Delhi",2,37.2,Bangladesh,Sri Lanka,Mushfiqur Rahim,Mahmudullah,D Madushanka,0,0,,,,,,,,,
1384429,2023/24,2023-11-06,"Arun Jaitley Stadium, Delhi",2,37.3,Bangladesh,Sri Lanka,Mushfiqur Rahim,Mahmudullah,D Madushanka,2,0,,,,,,,,,
1384429,2023/24,2023-11-06,"Arun Jaitley Stadium, Delhi",2,37.4,Bangladesh,Sri Lanka,Mushfiqur Rahim,Mahmudullah,D Madushanka,0,0,,,,,,bowled,Mushfiqur Rahim,,
1384429,2023/24,2023-11-06,"Arun Jaitley Stadium, Delhi",2,37.5,Bangladesh,Sri Lanka,Towhid Hridoy,Mahmudullah,D Madushanka,0,0,,,,,,,,,
1384429,2023/24,2023-11-06,"Arun Jaitley Stadium, Delhi",2,37.6,Bangladesh,Sri Lanka,Towhid Hridoy,Mahmudullah,D Madushanka,6,0,,,,,,,,,
1384429,2023/24,2023-11-06,"Arun Jaitley Stadium, Delhi",2,38.1,Bangladesh,Sri Lanka,Mahmudullah,Towhid Hridoy,M Theekshana,0,0,,,,,,,,,
1384429,2023/24,2023-11-06,"Arun Jaitley Stadium, Delhi",2,38.2,Bangladesh,Sri Lanka,Mahmudullah,Towhid Hridoy,M Theekshana,0,0,,,,,,,,,
1384429,2023/24,2023-11-06,"Arun Jaitley Stadium, Delhi",2,38.3,Bangladesh,Sri Lanka,Mahmudullah,Towhid Hridoy,M Theekshana,0,0,,,,,,bowled,Mahmudullah,,
1384429,2023/24,2023-11-06,"Arun Jaitley Stadium, Delhi",2,38.4,Bangladesh,Sri Lanka,Mehedi Hasan Miraz,Towhid Hridoy,M Theekshana,1,0,,,,,,,,,
1384429,2023/24,2023-11-06,"Arun Jaitley Stadium, Delhi",2,38.5,Bangladesh,Sri Lanka,Towhid Hridoy,Mehedi Hasan Miraz,M Theekshana,0,0,,,,,,,,,
1384429,2023/24,2023-11-06,"Arun Jaitley Stadium, Delhi",2,38.6,Bangladesh,Sri Lanka,Towhid Hridoy,Mehedi Hasan Miraz,M Theekshana,0,0,,,,,,,,,
1384429,2023/24,2023-11-06,"Arun Jaitley Stadium, Delhi",2,39.1,Bangladesh,Sri Lanka,Mehedi Hasan Miraz,Towhid Hridoy,D Madushanka,1,0,,,,,,,,,
1384429,2023/24,2023-11-06,"Arun Jaitley Stadium, Delhi",2,39.2,Bangladesh,Sri Lanka,Towhid Hridoy,Mehedi Hasan Miraz,D Madushanka,0,0,,,,,,,,,
1384429,2023/24,2023-11-06,"Arun Jaitley Stadium, Delhi",2,39.3,Bangladesh,Sri Lanka,Towhid Hridoy,Mehedi Hasan Miraz,D Madushanka,6,0,,,,,,,,,
1384429,2023/24,2023-11-06,"Arun Jaitley Stadium, Delhi",2,39.4,Bangladesh,Sri Lanka,Towhid Hridoy,Mehedi Hasan Miraz,D Madushanka,3,0,,,,,,,,,
1384429,2023/24,2023-11-06,"Arun Jaitley Stadium, Delhi",2,39.5,Bangladesh,Sri Lanka,Mehedi Hasan Miraz,Towhid Hridoy,D Madushanka,0,1,1,,,,,,,,
1384429,2023/24,2023-11-06,"Arun Jaitley Stadium, Delhi",2,39.6,Bangladesh,Sri Lanka,Mehedi Hasan Miraz,Towhid Hridoy,D Madushanka,0,0,,,,,,,,,
1384429,2023/24,2023-11-06,"Arun Jaitley Stadium, Delhi",2,39.7,Bangladesh,Sri Lanka,Mehedi Hasan Miraz,Towhid Hridoy,D Madushanka,1,0,,,,,,,,,
1384429,2023/24,2023-11-06,"Arun Jaitley Stadium, Delhi",2,40.1,Bangladesh,Sri Lanka,Mehedi Hasan Miraz,Towhid Hridoy,M Theekshana,0,1,1,,,,,,,,
1384429,2023/24,2023-11-06,"Arun Jaitley Stadium, Delhi",2,40.2,Bangladesh,Sri Lanka,Mehedi Hasan Miraz,Towhid Hridoy,M Theekshana,0,0,,,,,,caught,Mehedi Hasan Miraz,,
1384429,2023/24,2023-11-06,"Arun Jaitley Stadium, Delhi",2,40.3,Bangladesh,Sri Lanka,Tanzim Hasan Sakib,Towhid Hridoy,M Theekshana,0,0,,,,,,,,,
1384429,2023/24,2023-11-06,"Arun Jaitley Stadium, Delhi",2,40.4,Bangladesh,Sri Lanka,Tanzim Hasan Sakib,Towhid Hridoy,M Theekshana,4,0,,,,,,,,,
1384429,2023/24,2023-11-06,"Arun Jaitley Stadium, Delhi",2,40.5,Bangladesh,Sri Lanka,Tanzim Hasan Sakib,Towhid Hridoy,M Theekshana,0,0,,,,,,,,,
1384429,2023/24,2023-11-06,"Arun Jaitley Stadium, Delhi",2,40.6,Bangladesh,Sri Lanka,Tanzim Hasan Sakib,Towhid Hridoy,M Theekshana,0,4,,,,4,,,,,
1384429,2023/24,2023-11-06,"Arun Jaitley Stadium, Delhi",2,40.7,Bangladesh,Sri Lanka,Tanzim Hasan Sakib,Towhid Hridoy,M Theekshana,1,0,,,,,,,,,
1384429,2023/24,2023-11-06,"Arun Jaitley Stadium, Delhi",2,41.1,Bangladesh,Sri Lanka,Tanzim Hasan Sakib,Towhid Hridoy,AD Mathews,0,4,,,,4,,,,,
