version,2.2.0
info,balls_per_over,6
info,team,India
info,team,South Africa
info,gender,male
info,season,2023/24
info,date,2023/11/05
info,event,ICC Cricket World Cup
info,match_number,37
info,venue,"Eden Gardens, Kolkata"
info,city,Kolkata
info,toss_winner,India
info,toss_decision,bat
info,player_of_match,V Kohli
info,umpire,HDPK Dharmasena
info,umpire,PR Reiffel
info,reserve_umpire,AG Wharf
info,tv_umpire,CM Brown
info,match_referee,AJ Pycroft
info,winner,India
info,winner_runs,243
info,player,India,RG Sharma
info,player,India,Shubman Gill
info,player,India,V Kohli
info,player,India,SS Iyer
info,player,India,KL Rahul
info,player,India,SA Yadav
info,player,India,RA Jadeja
info,player,India,Mohammed Shami
info,player,India,JJ Bumrah
info,player,India,Kuldeep Yadav
info,player,India,Mohammed Siraj
info,player,South Africa,Q de Kock
info,player,South Africa,T Bavuma
info,player,South Africa,HE van der Dussen
info,player,South Africa,AK Markram
info,player,South Africa,H Klaasen
info,player,South Africa,DA Miller
info,player,South Africa,M Jansen
info,player,South Africa,KA Maharaj
info,player,South Africa,K Rabada
info,player,South Africa,L Ngidi
info,player,South Africa,T Shamsi
info,registry,people,AG Wharf,2e0fcc58
info,registry,people,AJ Pycroft,685d3f80
info,registry,people,AK Markram,6a26221c
info,registry,people,CM Brown,448f4f1c
info,registry,people,DA Miller,d67d5f00
info,registry,people,H Klaasen,235c2bb6
info,registry,people,HDPK Dharmasena,323e4c16
info,registry,people,HE van der Dussen,9948e262
info,registry,people,JJ Bumrah,462411b3
info,registry,people,K Rabada,e62dd25d
info,registry,people,KA Maharaj,0b60eb09
info,registry,people,KL Rahul,b17e2f24
info,registry,people,Kuldeep Yadav,8d2c70ad
info,registry,people,L Ngidi,f834dcfc
info,registry,people,M Jansen,81c36ee9
info,registry,people,Mohammed Shami,8cf9814c
info,registry,people,Mohammed Siraj,2f49c897
info,registry,people,PR Reiffel,c9354f29
info,registry,people,Q de Kock,372455c4
info,registry,people,RA Jadeja,fe93fd9d
info,registry,people,RG Sharma,740742ef
info,registry,people,SA Yadav,271f83cd
info,registry,people,SS Iyer,85ec8e33
info,registry,people,Shubman Gill,b4b99816
info,registry,people,T Bavuma,9ffd1ac1
info,registry,people,T Shamsi,a03bba42
info,registry,people,V Kohli,ba607b88
