version,2.2.0
info,balls_per_over,6
info,team,New Zealand
info,team,Pakistan
info,gender,male
info,season,2023/24
info,date,2023/11/04
info,event,ICC Cricket World Cup
info,match_number,35
info,venue,"M Chinnaswamy Stadium, Bengaluru"
info,city,Bengaluru
info,toss_winner,Pakistan
info,toss_decision,field
info,player_of_match,Fakhar Zaman
info,umpire,P Wilson
info,umpire,RA Kettleborough
info,reserve_umpire,JS Wilson
info,tv_umpire,RK Illingworth
info,match_referee,RB Richardson
info,winner,Pakistan
info,winner_runs,21
info,method,D/L
info,player,New Zealand,DP Conway
info,player,New Zealand,R Ravindra
info,player,New Zealand,KS Williamson
info,player,New Zealand,DJ Mitchell
info,player,New Zealand,MS Chapman
info,player,New Zealand,GD Phillips
info,player,New Zealand,MJ Santner
info,player,New Zealand,TWM Latham
info,player,New Zealand,IS Sodhi
info,player,New Zealand,TG Southee
info,player,New Zealand,TA Boult
info,player,Pakistan,Abdullah Shafique
info,player,Pakistan,Fakhar Zaman
info,player,Pakistan,Babar Azam
info,player,Pakistan,Mohammad Rizwan
info,player,Pakistan,Saud Shakeel
info,player,Pakistan,Iftikhar Ahmed
info,player,Pakistan,Agha Salman
info,player,Pakistan,Hasan Ali
info,player,Pakistan,Shaheen Shah Afridi
info,player,Pakistan,Mohammad Wasim
info,player,Pakistan,Haris Rauf
info,registry,people,Abdullah Shafique,fc2fffb5
info,registry,people,Agha Salman,89c16049
info,registry,people,Babar Azam,8a75e999
info,registry,people,DJ Mitchell,eade4650
info,registry,people,DP Conway,df5a6881
info,registry,people,Fakhar Zaman,1777c020
info,registry,people,GD Phillips,9a46c4e5
info,registry,people,Haris Rauf,24bb1c2f
info,registry,people,Hasan Ali,2911de16
info,registry,people,IS Sodhi,641ac5ff
info,registry,people,Iftikhar Ahmed,29e253dd
info,registry,people,JS Wilson,d7f3b72f
info,registry,people,KS Williamson,d027ba9f
info,registry,people,MJ Santner,e4a0deae
info,registry,people,MS Chapman,7fa12533
info,registry,people,Mohammad Rizwan,2f26ac1a
info,registry,people,Mohammad Wasim,9e9af5f2
info,registry,people,P Wilson,68304a36
info,registry,people,R Ravindra,ba5e1069
info,registry,people,RA Kettleborough,4017868f
info,registry,people,RB Richardson,410e2f12
info,registry,people,RK Illingworth,20672246
info,registry,people,Saud Shakeel,d07c1b2f
info,registry,people,Shaheen Shah Afridi,45a7e761
info,registry,people,TA Boult,a818c1be
info,registry,people,TG Southee,13c35c9e
info,registry,people,TWM Latham,e824e6ee
