match_id,season,start_date,venue,innings,ball,batting_team,bowling_team,striker,non_striker,bowler,runs_off_bat,extras,wides,noballs,byes,legbyes,penalty,wicket_type,player_dismissed,other_wicket_type,other_player_dismissed
1384401,2023/24,2023-10-12,"Bharat Ratna Shri Atal Bihari Vajpayee Ekana Cricket Stadium, Lucknow",1,0.1,South Africa,Australia,Q de Kock,T Bavuma,MA Starc,0,0,,,,,,,,,
1384401,2023/24,2023-10-12,"Bharat Ratna Shri Atal Bihari Vajpayee Ekana Cricket Stadium, Lucknow",1,0.2,South Africa,Australia,Q de Kock,T Bavuma,MA Starc,1,0,,,,,,,,,
1384401,2023/24,2023-10-12,"Bharat Ratna Shri Atal Bihari Vajpayee Ekana Cricket Stadium, Lucknow",1,0.3,South Africa,Australia,T Bavuma,Q de Kock,MA Starc,0,0,,,,,,,,,
1384401,2023/24,2023-10-12,"Bharat Ratna Shri Atal Bihari Vajpayee Ekana Cricket Stadium, Lucknow",1,0.4,South Africa,Australia,T Bavuma,Q de Kock,MA Starc,1,0,,,,,,,,,
1384401,2023/24,2023-10-12,"Bharat Ratna Shri Atal Bihari Vajpayee Ekana Cricket Stadium, Lucknow",1,0.5,South Africa,Australia,Q de Kock,T Bavuma,MA Starc,1,0,,,,,,,,,
1384401,2023/24,2023-10-12,"Bharat Ratna Shri Atal Bihari Vajpayee Ekana Cricket Stadium, Lucknow",1,0.6,South Africa,Australia,T Bavuma,Q de Kock,MA Starc,1,0,,,,,,,,,
1384401,2023/24,2023-10-12,"Bharat Ratna Shri Atal Bihari Vajpayee Ekana Cricket Stadium, Lucknow",1,1.1,South Africa,Australia,T Bavuma,Q de Kock,JR Hazlewood,0,0,,,,,,,,,
1384401,2023/24,2023-10-12,"Bharat Ratna Shri Atal Bihari Vajpayee Ekana Cricket Stadium, Lucknow",1,1.2,South Africa,Australia,T Bavuma,Q de Kock,JR Hazlewood,0,0,,,,,,,,,
1384401,2023/24,2023-10-12,"Bharat Ratna Shri Atal Bihari Vajpayee Ekana Cricket Stadium, Lucknow",1,1.3,South Africa,Australia,T Bavuma,Q de Kock,JR Hazlewood,2,0,,,,,,,,,
1384401,2023/24,2023-10-12,"Bharat Ratna Shri Atal Bihari Vajpayee Ekana Cricket Stadium, Lucknow",1,1.4,South Africa,Australia,T Bavuma,Q de Kock,JR Hazlewood,0,0,,,,,,,,,
1384401,2023/24,2023-10-12,"Bharat Ratna Shri Atal Bihari Vajpayee Ekana Cricket Stadium, Lucknow",1,1.5,South Africa,Australia,T Bavuma,Q de Kock,JR Hazlewood,0,0,,,,,,,,,
1384401,2023/24,2023-10-12,"Bharat Ratna Shri Atal Bihari Vajpayee Ekana Cricket Stadium, Lucknow",1,1.6,South Africa,Australia,T Bavuma,Q de Kock,JR Hazlewood,0,0,,,,,,,,,
1384401,2023/24,2023-10-12,"Bharat Ratna Shri Atal Bihari Vajpayee Ekana Cricket Stadium, Lucknow",1,2.1,South Africa,Australia,Q de Kock,T Bavuma,MA Starc,0,0,,,,,,,,,
1384401,2023/24,2023-10-12,"Bharat Ratna Shri Atal Bihari Vajpayee Ekana Cricket Stadium, Lucknow",1,2.2,South Africa,Australia,Q de Kock,T Bavuma,MA Starc,0,0,,,,,,,,,
1384401,2023/24,2023-10-12,"Bharat Ratna Shri Atal Bihari Vajpayee Ekana Cricket Stadium, Lucknow",1,2.3,South Africa,Australia,Q de Kock,T Bavuma,MA Starc,1,0,,,,,,,,,
1384401,2023/24,2023-10-12,"Bharat Ratna Shri Atal Bihari Vajpayee Ekana Cricket Stadium, Lucknow",1,2.4,South Africa,Australia,T Bavuma,Q de Kock,MA Starc,0,0,,,,,,,,,
1384401,2023/24,2023-10-12,"Bharat Ratna Shri Atal Bihari Vajpayee Ekana Cricket Stadium, Lucknow",1,2.5,South Africa,Australia,T Bavuma,Q de Kock,MA Starc,0,0,,,,,,,,,
1384401,2023/24,2023-10-12,"Bharat Ratna Shri Atal Bihari Vajpayee Ekana Cricket Stadium, Lucknow",1,2.6,South Africa,Australia,T Bavuma,Q de Kock,MA Starc,0,0,,,,,,,,,
1384401,2023/24,2023-10-12,"Bharat Ratna Shri Atal Bihari Vajpayee Ekana Cricket Stadium, Lucknow",1,3.1,South Africa,Australia,Q de Kock,T Bavuma,JR Hazlewood,0,0,,,,,,,,,
1384401,2023/24,2023-10-12,"Bharat Ratna Shri Atal Bihari Vajpayee Ekana Cricket Stadium, Lucknow",1,3.2,South Africa,Australia,Q de Kock,T Bavuma,JR Hazlewood,0,0,,,,,,,,,
1384401,2023/24,2023-10-12,"Bharat Ratna Shri Atal Bihari Vajpayee Ekana Cricket Stadium, Lucknow",1,3.3,South Africa,Australia,Q de Kock,T Bavuma,JR Hazlewood,0,0,,,,,,,,,
1384401,2023/24,2023-10-12,"Bharat Ratna Shri Atal Bihari Vajpayee Ekana Cricket Stadium, Lucknow",1,3.4,South Africa,Australia,Q de Kock,T Bavuma,JR Hazlewood,4,0,,,,,,,,,
1384401,2023/24,2023-10-12,"Bharat Ratna Shri Atal Bihari Vajpayee Ekana Cricket Stadium, Lucknow",1,3.5,South Africa,Australia,Q de Kock,T Bavuma,JR Hazlewood,0,0,,,,,,,,,
1384401,2023/24,2023-10-12,"Bharat Ratna Shri Atal Bihari Vajpayee Ekana Cricket Stadium, Lucknow",1,3.6,South Africa,Australia,Q de Kock,T Bavuma,JR Hazlewood,0,0,,,,,,,,,
1384401,2023/24,2023-10-12,"Bharat Ratna Shri Atal Bihari Vajpayee Ekana Cricket Stadium, Lucknow",1,4.1,South Africa,Australia,T Bavuma,Q de Kock,MA Starc,0,0,,,,,,,,,
1384401,2023/24,2023-10-12,"Bharat Ratna Shri Atal Bihari Vajpayee Ekana Cricket Stadium, Lucknow",1,4.2,South Africa,Australia,T Bavuma,Q de Kock,MA Starc,1,0,,,,,,,,,
1384401,2023/24,2023-10-12,"Bharat Ratna Shri Atal Bihari Vajpayee Ekana Cricket Stadium, Lucknow",1,4.3,South Africa,Australia,Q de Kock,T Bavuma,MA Starc,0,0,,,,,,,,,
1384401,2023/24,2023-10-12,"Bharat Ratna Shri Atal Bihari Vajpayee Ekana Cricket Stadium, Lucknow",1,4.4,South Africa,Australia,Q de Kock,T Bavuma,MA Starc,6,0,,,,,,,,,
1384401,2023/24,2023-10-12,"Bharat Ratna Shri Atal Bihari Vajpayee Ekana Cricket Stadium, Lucknow",1,4.5,South Africa,Australia,Q de Kock,T Bavuma,MA Starc,1,0,,,,,,,,,
1384401,2023/24,2023-10-12,"Bharat Ratna Shri Atal Bihari Vajpayee Ekana Cricket Stadium, Lucknow",1,4.6,South Africa,Australia,T Bavuma,Q de Kock,MA Starc,0,0,,,,,,,,,
1384401,2023/24,2023-10-12,"Bharat Ratna Shri Atal Bihari Vajpayee Ekana Cricket Stadium, Lucknow",1,5.1,South Africa,Australia,Q de Kock,T Bavuma,JR Hazlewood,4,0,,,,,,,,,
1384401,2023/24,2023-10-12,"Bharat Ratna Shri Atal Bihari Vajpayee Ekana Cricket Stadium, Lucknow",1,5.2,South Africa,Australia,Q de Kock,T Bavuma,JR Hazlewood,0,0,,,,,,,,,
1384401,2023/24,2023-10-12,"Bharat Ratna Shri Atal Bihari Vajpayee Ekana Cricket Stadium, Lucknow",1,5.3,South Africa,Australia,Q de Kock,T Bavuma,JR Hazlewood,0,4,,,4,,,,,,
1384401,2023/24,2023-10-12,"Bharat Ratna Shri Atal Bihari Vajpayee Ekana Cricket Stadium, Lucknow",1,5.4,South Africa,Australia,Q de Kock,T Bavuma,JR Hazlewood,0,0,,,,,,,,,
1384401,2023/24,2023-10-12,"Bharat Ratna Shri Atal Bihari Vajpayee Ekana Cricket Stadium, Lucknow",1,5.5,South Africa,Australia,Q de Kock,T Bavuma,JR Hazlewood,0,1,1,,,,,,,,
1384401,2023/24,2023-10-12,"Bharat Ratna Shri Atal Bihari Vajpayee Ekana Cricket Stadium, Lucknow",1,5.6,South Africa,Australia,Q de Kock,T Bavuma,JR Hazlewood,4,0,,,,,,,,,
1384401,2023/24,2023-10-12,"Bharat Ratna Shri Atal Bihari Vajpayee Ekana Cricket Stadium, Lucknow",1,5.7,South Africa,Australia,Q de Kock,T Bavuma,JR Hazlewood,0,0,,,,,,,,,
1384401,2023/24,2023-10-12,"Bharat Ratna Shri Atal Bihari Vajpayee Ekana Cricket Stadium, Lucknow",1,6.1,South Africa,Australia,T Bavuma,Q de Kock,GJ Maxwell,0,1,1,,,,,,,,
1384401,2023/24,2023-10-12,"Bharat Ratna Shri Atal Bihari Vajpayee Ekana Cricket Stadium, Lucknow",1,6.2,South Africa,Australia,T Bavuma,Q de Kock,GJ Maxwell,1,0,,,,,,,,,
1384401,2023/24,2023-10-12,"Bharat Ratna Shri Atal Bihari Vajpayee Ekana Cricket Stadium, Lucknow",1,6.3,South Africa,Australia,Q de Kock,T Bavuma,GJ Maxwell,1,0,,,,,,,,,
1384401,2023/24,2023-10-12,"Bharat Ratna Shri Atal Bihari Vajpayee Ekana Cricket Stadium, Lucknow",1,6.4,South Africa,Australia,T Bavuma,Q de Kock,GJ Maxwell,1,0,,,,,,,,,
1384401,2023/24,2023-10-12,"Bharat Ratna Shri Atal Bihari Vajpayee Ekana Cricket Stadium, Lucknow",1,6.5,South Africa,Australia,Q de Kock,T Bavuma,GJ Maxwell,0,0,,,,,,,,,
1384401,2023/24,2023-10-12,"Bharat Ratna Shri Atal Bihari Vajpayee Ekana Cricket Stadium, Lucknow",1,6.6,South Africa,Australia,Q de Kock,T Bavuma,GJ Maxwell,1,0,,,,,,,,,
1384401,2023/24,2023-10-12,"Bharat Ratna Shri Atal Bihari Vajpayee Ekana Cricket Stadium, Lucknow",1,6.7,South Africa,Australia,T Bavuma,Q de Kock,GJ Maxwell,1,0,,,,,,,,,
1384401,2023/24,2023-10-12,"Bharat Ratna Shri Atal Bihari Vajpayee Ekana Cricket Stadium, Lucknow",1,7.1,South Africa,Australia,T Bavuma,Q de Kock,PJ Cummins,0,0,,,,,,,,,
1384401,2023/24,2023-10-12,"Bharat Ratna Shri Atal Bihari Vajpayee Ekana Cricket Stadium, Lucknow",1,7.2,South Africa,Australia,T Bavuma,Q de Kock,PJ Cummins,1,0,,,,,,,,,
1384401,2023/24,2023-10-12,"Bharat Ratna Shri Atal Bihari Vajpayee Ekana Cricket Stadium, Lucknow",1,7.3,South Africa,Australia,Q de Kock,T Bavuma,PJ Cummins,1,0,,,,,,,,,
1384401,2023/24,2023-10-12,"Bharat Ratna Shri Atal Bihari Vajpayee Ekana Cricket Stadium, Lucknow",1,7.4,South Africa,Australia,T Bavuma,Q de Kock,PJ Cummins,0,0,,,,,,,,,
1384401,2023/24,2023-10-12,"Bharat Ratna Shri Atal Bihari Vajpayee Ekana Cricket Stadium, Lucknow",1,7.5,South Africa,Australia,T Bavuma,Q de Kock,PJ Cummins,4,0,,,,,,,,,
1384401,2023/24,2023-10-12,"Bharat Ratna Shri Atal Bihari Vajpayee Ekana Cricket Stadium, Lucknow",1,7.6,South Africa,Australia,T Bavuma,Q de Kock,PJ Cummins,1,0,,,,,,,,,
1384401,2023/24,2023-10-12,"Bharat Ratna Shri Atal Bihari Vajpayee Ekana Cricket Stadium, Lucknow",1,8.1,South Africa,Australia,T Bavuma,Q de Kock,GJ Maxwell,0,0,,,,,,,,,
1384401,2023/24,2023-10-12,"Bharat Ratna Shri Atal Bihari Vajpayee Ekana Cricket Stadium, Lucknow",1,8.2,South Africa,Australia,T Bavuma,Q de Kock,GJ Maxwell,1,0,,,,,,,,,
1384401,2023/24,2023-10-12,"Bharat Ratna Shri Atal Bihari Vajpayee Ekana Cricket Stadium, Lucknow",1,8.3,South Africa,Australia,Q de Kock,T Bavuma,GJ Maxwell,0,0,,,,,,,,,
1384401,2023/24,2023-10-12,"Bharat Ratna Shri Atal Bihari Vajpayee Ekana Cricket Stadium, Lucknow",1,8.4,South Africa,Australia,Q de Kock,T Bavuma,GJ Maxwell,0,0,,,,,,,,,
1384401,2023/24,2023-10-12,"Bharat Ratna Shri Atal Bihari Vajpayee Ekana Cricket Stadium, Lucknow",1,8.5,South Africa,Australia,Q de Kock,T Bavuma,GJ Maxwell,0,0,,,,,,,,,
1384401,2023/24,2023-10-12,"Bharat Ratna Shri Atal Bihari Vajpayee Ekana Cricket Stadium, Lucknow",1,8.6,South Africa,Australia,Q de Kock,T Bavuma,GJ Maxwell,0,0,,,,,,,,,
1384401,2023/24,2023-10-12,"Bharat Ratna Shri Atal Bihari Vajpayee Ekana Cricket Stadium, Lucknow",1,9.1,South Africa,Australia,T Bavuma,Q de Kock,PJ Cummins,1,0,,,,,,,,,
1384401,2023/24,2023-10-12,"Bharat Ratna Shri Atal Bihari Vajpayee Ekana Cricket Stadium, Lucknow",1,9.2,South Africa,Australia,Q de Kock,T Bavuma,PJ Cummins,0,0,,,,,,,,,
1384401,2023/24,2023-10-12,"Bharat Ratna Shri Atal Bihari Vajpayee Ekana Cricket Stadium, Lucknow",1,9.3,South Africa,Australia,Q de Kock,T Bavuma,PJ Cummins,0,0,,,,,,,,,
1384401,2023/24,2023-10-12,"Bharat Ratna Shri Atal Bihari Vajpayee Ekana Cricket Stadium, Lucknow",1,9.4,South Africa,Australia,Q de Kock,T Bavuma,PJ Cummins,1,0,,,,,,,,,
1384401,2023/24,2023-10-12,"Bharat Ratna Shri Atal Bihari Vajpayee Ekana Cricket Stadium, Lucknow",1,9.5,South Africa,Australia,T Bavuma,Q de Kock,PJ Cummins,1,0,,,,,,,,,
1384401,2023/24,2023-10-12,"Bharat Ratna Shri Atal Bihari Vajpayee Ekana Cricket Stadium, Lucknow",1,9.6,South Africa,Australia,Q de Kock,T Bavuma,PJ Cummins,4,0,,,,,,,,,
1384401,2023/24,2023-10-12,"Bharat Ratna Shri Atal Bihari Vajpayee Ekana Cricket Stadium, Lucknow",1,10.1,South Africa,Australia,T Bavuma,Q de Kock,GJ Maxwell,1,0,,,,,,,,,
1384401,2023/24,2023-10-12,"Bharat Ratna Shri Atal Bihari Vajpayee Ekana Cricket Stadium, Lucknow",1,10.2,South Africa,Australia,Q de Kock,T Bavuma,GJ Maxwell,2,0,,,,,,,,,
1384401,2023/24,2023-10-12,"Bharat Ratna Shri Atal Bihari Vajpayee Ekana Cricket Stadium, Lucknow",1,10.3,South Africa,Australia,Q de Kock,T Bavuma,GJ Maxwell,1,0,,,,,,,,,
1384401,2023/24,2023-10-12,"Bharat Ratna Shri Atal Bihari Vajpayee Ekana Cricket Stadium, Lucknow",1,10.4,South Africa,Australia,T Bavuma,Q de Kock,GJ Maxwell,0,0,,,,,,,,,
1384401,2023/24,2023-10-12,"Bharat Ratna Shri Atal Bihari Vajpayee Ekana Cricket Stadium, Lucknow",1,10.5,South Africa,Australia,T Bavuma,Q de Kock,GJ Maxwell,1,0,,,,,,,,,
1384401,2023/24,2023-10-12,"Bharat Ratna Shri Atal Bihari Vajpayee Ekana Cricket Stadium, Lucknow",1,10.6,South Africa,Australia,Q de Kock,T Bavuma,GJ Maxwell,1,0,,,,,,,,,
1384401,2023/24,2023-10-12,"Bharat Ratna Shri Atal Bihari Vajpayee Ekana Cricket Stadium, Lucknow",1,11.1,South Africa,Australia,Q de Kock,T Bavuma,PJ Cummins,6,0,,,,,,,,,
1384401,2023/24,2023-10-12,"Bharat Ratna Shri Atal Bihari Vajpayee Ekana Cricket Stadium, Lucknow",1,11.2,South Africa,Australia,Q de Kock,T Bavuma,PJ Cummins,0,0,,,,,,,,,
1384401,2023/24,2023-10-12,"Bharat Ratna Shri Atal Bihari Vajpayee Ekana Cricket Stadium, Lucknow",1,11.3,South Africa,Australia,Q de Kock,T Bavuma,PJ Cummins,0,0,,,,,,,,,
1384401,2023/24,2023-10-12,"Bharat Ratna Shri Atal Bihari Vajpayee Ekana Cricket Stadium, Lucknow",1,11.4,South Africa,Australia,Q de Kock,T Bavuma,PJ Cummins,1,0,,,,,,,,,
1384401,2023/24,2023-10-12,"Bharat Ratna Shri Atal Bihari Vajpayee Ekana Cricket Stadium, Lucknow",1,11.5,South Africa,Australia,T Bavuma,Q de Kock,PJ Cummins,0,0,,,,,,,,,
1384401,2023/24,2023-10-12,"Bharat Ratna Shri Atal Bihari Vajpayee Ekana Cricket Stadium, Lucknow",1,11.6,South Africa,Australia,T Bavuma,Q de Kock,PJ Cummins,0,0,,,,,,,,,
1384401,2023/24,2023-10-12,"Bharat Ratna Shri Atal Bihari Vajpayee Ekana Cricket Stadium, Lucknow",1,12.1,South Africa,Australia,Q de Kock,T Bavuma,A Zampa,0,0,,,,,,,,,
1384401,2023/24,2023-10-12,"Bharat Ratna Shri Atal Bihari Vajpayee Ekana Cricket Stadium, Lucknow",1,12.2,South Africa,Australia,Q de Kock,T Bavuma,A Zampa,0,0,,,,,,,,,
1384401,2023/24,2023-10-12,"Bharat Ratna Shri Atal Bihari Vajpayee Ekana Cricket Stadium, Lucknow",1,12.3,South Africa,Australia,Q de Kock,T Bavuma,A Zampa,0,0,,,,,,,,,
1384401,2023/24,2023-10-12,"Bharat Ratna Shri Atal Bihari Vajpayee Ekana Cricket Stadium, Lucknow",1,12.4,South Africa,Australia,Q de Kock,T Bavuma,A Zampa,1,0,,,,,,,,,
1384401,2023/24,2023-10-12,"Bharat Ratna Shri Atal Bihari Vajpayee Ekana Cricket Stadium, Lucknow",1,12.5,South Africa,Australia,T Bavuma,Q de Kock,A Zampa,0,0,,,,,,,,,
1384401,2023/24,2023-10-12,"Bharat Ratna Shri Atal Bihari Vajpayee Ekana Cricket Stadium, Lucknow",1,12.6,South Africa,Australia,T Bavuma,Q de Kock,A Zampa,1,0,,,,,,,,,
1384401,2023/24,2023-10-12,"Bharat Ratna Shri Atal Bihari Vajpayee Ekana Cricket Stadium, Lucknow",1,13.1,South Africa,Australia,T Bavuma,Q de Kock,MR Marsh,2,0,,,,,,,,,
1384401,2023/24,2023-10-12,"Bharat Ratna Shri Atal Bihari Vajpayee Ekana Cricket Stadium, Lucknow",1,13.2,South Africa,Australia,T Bavuma,Q de Kock,MR Marsh,1,0,,,,,,,,,
1384401,2023/24,2023-10-12,"Bharat Ratna Shri Atal Bihari Vajpayee Ekana Cricket Stadium, Lucknow",1,13.3,South Africa,Australia,Q de Kock,T Bavuma,MR Marsh,1,0,,,,,,,,,
1384401,2023/24,2023-10-12,"Bharat Ratna Shri Atal Bihari Vajpayee Ekana Cricket Stadium, Lucknow",1,13.4,South Africa,Australia,T Bavuma,Q de Kock,MR Marsh,1,0,,,,,,,,,
1384401,2023/24,2023-10-12,"Bharat Ratna Shri Atal Bihari Vajpayee Ekana Cricket Stadium, Lucknow",1,13.5,South Africa,Australia,Q de Kock,T Bavuma,MR Marsh,1,0,,,,,,,,,
1384401,2023/24,2023-10-12,"Bharat Ratna Shri Atal Bihari Vajpayee Ekana Cricket Stadium, Lucknow",1,13.6,South Africa,Australia,T Bavuma,Q de Kock,MR Marsh,0,0,,,,,,,,,
1384401,2023/24,2023-10-12,"Bharat Ratna Shri Atal Bihari Vajpayee Ekana Cricket Stadium, Lucknow",1,14.1,South Africa,Australia,Q de Kock,T Bavuma,A Zampa,1,0,,,,,,,,,
1384401,2023/24,2023-10-12,"Bharat Ratna Shri Atal Bihari Vajpayee Ekana Cricket Stadium, Lucknow",1,14.2,South Africa,Australia,T Bavuma,Q de Kock,A Zampa,0,0,,,,,,,,,
1384401,2023/24,2023-10-12,"Bharat Ratna Shri Atal Bihari Vajpayee Ekana Cricket Stadium, Lucknow",1,14.3,South Africa,Australia,T Bavuma,Q de Kock,A Zampa,0,0,,,,,,,,,
1384401,2023/24,2023-10-12,"Bharat Ratna Shri Atal Bihari Vajpayee Ekana Cricket Stadium, Lucknow",1,14.4,South Africa,Australia,T Bavuma,Q de Kock,A Zampa,1,0,,,,,,,,,
1384401,2023/24,2023-10-12,"Bharat Ratna Shri Atal Bihari Vajpayee Ekana Cricket Stadium, Lucknow",1,14.5,South Africa,Australia,Q de Kock,T Bavuma,A Zampa,0,0,,,,,,,,,
1384401,2023/24,2023-10-12,"Bharat Ratna Shri Atal Bihari Vajpayee Ekana Cricket Stadium, Lucknow",1,14.6,South Africa,Australia,Q de Kock,T Bavuma,A Zampa,4,0,,,,,,,,,
1384401,2023/24,2023-10-12,"Bharat Ratna Shri Atal Bihari Vajpayee Ekana Cricket Stadium, Lucknow",1,15.1,South Africa,Australia,T Bavuma,Q de Kock,MP Stoinis,4,0,,,,,,,,,
1384401,2023/24,2023-10-12,"Bharat Ratna Shri Atal Bihari Vajpayee Ekana Cricket Stadium, Lucknow",1,15.2,South Africa,Australia,T Bavuma,Q de Kock,MP Stoinis,2,0,,,,,,,,,
1384401,2023/24,2023-10-12,"Bharat Ratna Shri Atal Bihari Vajpayee Ekana Cricket Stadium, Lucknow",1,15.3,South Africa,Australia,T Bavuma,Q de Kock,MP Stoinis,0,0,,,,,,,,,
1384401,2023/24,2023-10-12,"Bharat Ratna Shri Atal Bihari Vajpayee Ekana Cricket Stadium, Lucknow",1,15.4,South Africa,Australia,T Bavuma,Q de Kock,MP Stoinis,1,0,,,,,,,,,
1384401,2023/24,2023-10-12,"Bharat Ratna Shri Atal Bihari Vajpayee Ekana Cricket Stadium, Lucknow",1,15.5,South Africa,Australia,Q de Kock,T Bavuma,MP Stoinis,0,0,,,,,,,,,
1384401,2023/24,2023-10-12,"Bharat Ratna Shri Atal Bihari Vajpayee Ekana Cricket Stadium, Lucknow",1,15.6,South Africa,Australia,Q de Kock,T Bavuma,MP Stoinis,1,0,,,,,,,,,
1384401,2023/24,2023-10-12,"Bharat Ratna Shri Atal Bihari Vajpayee Ekana Cricket Stadium, Lucknow",1,16.1,South Africa,Australia,Q de Kock,T Bavuma,A Zampa,4,0,,,,,,,,,
1384401,2023/24,2023-10-12,"Bharat Ratna Shri Atal Bihari Vajpayee Ekana Cricket Stadium, Lucknow",1,16.2,South Africa,Australia,Q de Kock,T Bavuma,A Zampa,4,0,,,,,,,,,
1384401,2023/24,2023-10-12,"Bharat Ratna Shri Atal Bihari Vajpayee Ekana Cricket Stadium, Lucknow",1,16.3,South Africa,Australia,Q de Kock,T Bavuma,A Zampa,1,0,,,,,,,,,
1384401,2023/24,2023-10-12,"Bharat Ratna Shri Atal Bihari Vajpayee Ekana Cricket Stadium, Lucknow",1,16.4,South Africa,Australia,T Bavuma,Q de Kock,A Zampa,0,0,,,,,,,,,
1384401,2023/24,2023-10-12,"Bharat Ratna Shri Atal Bihari Vajpayee Ekana Cricket Stadium, Lucknow",1,16.5,South Africa,Australia,T Bavuma,Q de Kock,A Zampa,0,0,,,,,,,,,
1384401,2023/24,2023-10-12,"Bharat Ratna Shri Atal Bihari Vajpayee Ekana Cricket Stadium, Lucknow",1,16.6,South Africa,Australia,T Bavuma,Q de Kock,A Zampa,0,0,,,,,,,,,
1384401,2023/24,2023-10-12,"Bharat Ratna Shri Atal Bihari Vajpayee Ekana Cricket Stadium, Lucknow",1,17.1,South Africa,Australia,Q de Kock,T Bavuma,MP Stoinis,1,0,,,,,,,,,
1384401,2023/24,2023-10-12,"Bharat Ratna Shri Atal Bihari Vajpayee Ekana Cricket Stadium, Lucknow",1,17.2,South Africa,Australia,T Bavuma,Q de Kock,MP Stoinis,1,0,,,,,,,,,
1384401,2023/24,2023-10-12,"Bharat Ratna Shri Atal Bihari Vajpayee Ekana Cricket Stadium, Lucknow",1,17.3,South Africa,Australia,Q de Kock,T Bavuma,MP Stoinis,0,0,,,,,,,,,
1384401,2023/24,2023-10-12,"Bharat Ratna Shri Atal Bihari Vajpayee Ekana Cricket Stadium, Lucknow",1,17.4,South Africa,Australia,Q de Kock,T Bavuma,MP Stoinis,1,0,,,,,,,,,
1384401,2023/24,2023-10-12,"Bharat Ratna Shri Atal Bihari Vajpayee Ekana Cricket Stadium, Lucknow",1,17.5,South Africa,Australia,T Bavuma,Q de Kock,MP Stoinis,0,0,,,,,,,,,
1384401,2023/24,2023-10-12,"Bharat Ratna Shri Atal Bihari Vajpayee Ekana Cricket Stadium, Lucknow",1,17.6,South Africa,Australia,T Bavuma,Q de Kock,MP Stoinis,0,0,,,,,,,,,
1384401,2023/24,2023-10-12,"Bharat Ratna Shri Atal Bihari Vajpayee Ekana Cricket Stadium, Lucknow",1,18.1,South Africa,Australia,Q de Kock,T Bavuma,A Zampa,1,0,,,,,,,,,
1384401,2023/24,2023-10-12,"Bharat Ratna Shri Atal Bihari Vajpayee Ekana Cricket Stadium, Lucknow",1,18.2,South Africa,Australia,T Bavuma,Q de Kock,A Zampa,1,0,,,,,,,,,
1384401,2023/24,2023-10-12,"Bharat Ratna Shri Atal Bihari Vajpayee Ekana Cricket Stadium, Lucknow",1,18.3,South Africa,Australia,Q de Kock,T Bavuma,A Zampa,1,0,,,,,,,,,
1384401,2023/24,2023-10-12,"Bharat Ratna Shri Atal Bihari Vajpayee Ekana Cricket Stadium, Lucknow",1,18.4,South Africa,Australia,T Bavuma,Q de Kock,A Zampa,0,0,,,,,,,,,
1384401,2023/24,2023-10-12,"Bharat Ratna Shri Atal Bihari Vajpayee Ekana Cricket Stadium, Lucknow",1,18.5,South Africa,Australia,T Bavuma,Q de Kock,A Zampa,1,0,,,,,,,,,
1384401,2023/24,2023-10-12,"Bharat Ratna Shri Atal Bihari Vajpayee Ekana Cricket Stadium, Lucknow",1,18.6,South Africa,Australia,Q de Kock,T Bavuma,A Zampa,1,0,,,,,,,,,
1384401,2023/24,2023-10-12,"Bharat Ratna Shri Atal Bihari Vajpayee Ekana Cricket Stadium, Lucknow",1,19.1,South Africa,Australia,Q de Kock,T Bavuma,GJ Maxwell,2,0,,,,,,,,,
1384401,2023/24,2023-10-12,"Bharat Ratna Shri Atal Bihari Vajpayee Ekana Cricket Stadium, Lucknow",1,19.2,South Africa,Australia,Q de Kock,T Bavuma,GJ Maxwell,0,0,,,,,,,,,
1384401,2023/24,2023-10-12,"Bharat Ratna Shri Atal Bihari Vajpayee Ekana Cricket Stadium, Lucknow",1,19.3,South Africa,Australia,Q de Kock,T Bavuma,GJ Maxwell,1,0,,,,,,,,,
1384401,2023/24,2023-10-12,"Bharat Ratna Shri Atal Bihari Vajpayee Ekana Cricket Stadium, Lucknow",1,19.4,South Africa,Australia,T Bavuma,Q de Kock,GJ Maxwell,0,0,,,,,,caught,T Bavuma,,
1384401,2023/24,2023-10-12,"Bharat Ratna Shri Atal Bihari Vajpayee Ekana Cricket Stadium, Lucknow",1,19.5,South Africa,Australia,HE van der Dussen,Q de Kock,GJ Maxwell,0,0,,,,,,,,,
1384401,2023/24,2023-10-12,"Bharat Ratna Shri Atal Bihari Vajpayee Ekana Cricket Stadium, Lucknow",1,19.6,South Africa,Australia,HE van der Dussen,Q de Kock,GJ Maxwell,0,0,,,,,,,,,
1384401,2023/24,2023-10-12,"Bharat Ratna Shri Atal Bihari Vajpayee Ekana Cricket Stadium, Lucknow",1,20.1,South Africa,Australia,Q de Kock,HE van der Dussen,JR Hazlewood,0,0,,,,,,,,,
1384401,2023/24,2023-10-12,"Bharat Ratna Shri Atal Bihari Vajpayee Ekana Cricket Stadium, Lucknow",1,20.2,South Africa,Australia,Q de Kock,HE van der Dussen,JR Hazlewood,0,0,,,,,,,,,
1384401,2023/24,2023-10-12,"Bharat Ratna Shri Atal Bihari Vajpayee Ekana Cricket Stadium, Lucknow",1,20.3,South Africa,Australia,Q de Kock,HE van der Dussen,JR Hazlewood,0,0,,,,,,,,,
1384401,2023/24,2023-10-12,"Bharat Ratna Shri Atal Bihari Vajpayee Ekana Cricket Stadium, Lucknow",1,20.4,South Africa,Australia,Q de Kock,HE van der Dussen,JR Hazlewood,1,0,,,,,,,,,
1384401,2023/24,2023-10-12,"Bharat Ratna Shri Atal Bihari Vajpayee Ekana Cricket Stadium, Lucknow",1,20.5,South Africa,Australia,HE van der Dussen,Q de Kock,JR Hazlewood,0,0,,,,,,,,,
1384401,2023/24,2023-10-12,"Bharat Ratna Shri Atal Bihari Vajpayee Ekana Cricket Stadium, Lucknow",1,20.6,South Africa,Australia,HE van der Dussen,Q de Kock,JR Hazlewood,0,0,,,,,,,,,
1384401,2023/24,2023-10-12,"Bharat Ratna Shri Atal Bihari Vajpayee Ekana Cricket Stadium, Lucknow",1,21.1,South Africa,Australia,Q de Kock,HE van der Dussen,GJ Maxwell,0,0,,,,,,,,,
1384401,2023/24,2023-10-12,"Bharat Ratna Shri Atal Bihari Vajpayee Ekana Cricket Stadium, Lucknow",1,21.2,South Africa,Australia,Q de Kock,HE van der Dussen,GJ Maxwell,0,0,,,,,,,,,
1384401,2023/24,2023-10-12,"Bharat Ratna Shri Atal Bihari Vajpayee Ekana Cricket Stadium, Lucknow",1,21.3,South Africa,Australia,Q de Kock,HE van der Dussen,GJ Maxwell,0,0,,,,,,,,,
1384401,2023/24,2023-10-12,"Bharat Ratna Shri Atal Bihari Vajpayee Ekana Cricket Stadium, Lucknow",1,21.4,South Africa,Australia,Q de Kock,HE van der Dussen,GJ Maxwell,0,0,,,,,,,,,
1384401,2023/24,2023-10-12,"Bharat Ratna Shri Atal Bihari Vajpayee Ekana Cricket Stadium, Lucknow",1,21.5,South Africa,Australia,Q de Kock,HE van der Dussen,GJ Maxwell,0,0,,,,,,,,,
1384401,2023/24,2023-10-12,"Bharat Ratna Shri Atal Bihari Vajpayee Ekana Cricket Stadium, Lucknow",1,21.6,South Africa,Australia,Q de Kock,HE van der Dussen,GJ Maxwell,0,0,,,,,,,,,
1384401,2023/24,2023-10-12,"Bharat Ratna Shri Atal Bihari Vajpayee Ekana Cricket Stadium, Lucknow",1,22.1,South Africa,Australia,HE van der Dussen,Q de Kock,JR Hazlewood,1,0,,,,,,,,,
1384401,2023/24,2023-10-12,"Bharat Ratna Shri Atal Bihari Vajpayee Ekana Cricket Stadium, Lucknow",1,22.2,South Africa,Australia,Q de Kock,HE van der Dussen,JR Hazlewood,1,0,,,,,,,,,
1384401,2023/24,2023-10-12,"Bharat Ratna Shri Atal Bihari Vajpayee Ekana Cricket Stadium, Lucknow",1,22.3,South Africa,Australia,HE van der Dussen,Q de Kock,JR Hazlewood,2,0,,,,,,,,,
1384401,2023/24,2023-10-12,"Bharat Ratna Shri Atal Bihari Vajpayee Ekana Cricket Stadium, Lucknow",1,22.4,South Africa,Australia,HE van der Dussen,Q de Kock,JR Hazlewood,1,0,,,,,,,,,
1384401,2023/24,2023-10-12,"Bharat Ratna Shri Atal Bihari Vajpayee Ekana Cricket Stadium, Lucknow",1,22.5,South Africa,Australia,Q de Kock,HE van der Dussen,JR Hazlewood,6,0,,,,,,,,,
1384401,2023/24,2023-10-12,"Bharat Ratna Shri Atal Bihari Vajpayee Ekana Cricket Stadium, Lucknow",1,22.6,South Africa,Australia,Q de Kock,HE van der Dussen,JR Hazlewood,6,0,,,,,,,,,
1384401,2023/24,2023-10-12,"Bharat Ratna Shri Atal Bihari Vajpayee Ekana Cricket Stadium, Lucknow",1,23.1,South Africa,Australia,HE van der Dussen,Q de Kock,GJ Maxwell,2,0,,,,,,,,,
1384401,2023/24,2023-10-12,"Bharat Ratna Shri Atal Bihari Vajpayee Ekana Cricket Stadium, Lucknow",1,23.2,South Africa,Australia,HE van der Dussen,Q de Kock,GJ Maxwell,0,0,,,,,,,,,
1384401,2023/24,2023-10-12,"Bharat Ratna Shri Atal Bihari Vajpayee Ekana Cricket Stadium, Lucknow",1,23.3,South Africa,Australia,HE van der Dussen,Q de Kock,GJ Maxwell,1,0,,,,,,,,,
1384401,2023/24,2023-10-12,"Bharat Ratna Shri Atal Bihari Vajpayee Ekana Cricket Stadium, Lucknow",1,23.4,South Africa,Australia,Q de Kock,HE van der Dussen,GJ Maxwell,1,0,,,,,,,,,
1384401,2023/24,2023-10-12,"Bharat Ratna Shri Atal Bihari Vajpayee Ekana Cricket Stadium, Lucknow",1,23.5,South Africa,Australia,HE van der Dussen,Q de Kock,GJ Maxwell,1,0,,,,,,,,,
1384401,2023/24,2023-10-12,"Bharat Ratna Shri Atal Bihari Vajpayee Ekana Cricket Stadium, Lucknow",1,23.6,South Africa,Australia,Q de Kock,HE van der Dussen,GJ Maxwell,0,0,,,,,,,,,
1384401,2023/24,2023-10-12,"Bharat Ratna Shri Atal Bihari Vajpayee Ekana Cricket Stadium, Lucknow",1,24.1,South Africa,Australia,HE van der Dussen,Q de Kock,A Zampa,1,0,,,,,,,,,
1384401,2023/24,2023-10-12,"Bharat Ratna Shri Atal Bihari Vajpayee Ekana Cricket Stadium, Lucknow",1,24.2,South Africa,Australia,Q de Kock,HE van der Dussen,A Zampa,1,0,,,,,,,,,
1384401,2023/24,2023-10-12,"Bharat Ratna Shri Atal Bihari Vajpayee Ekana Cricket Stadium, Lucknow",1,24.3,South Africa,Australia,HE van der Dussen,Q de Kock,A Zampa,0,0,,,,,,,,,
1384401,2023/24,2023-10-12,"Bharat Ratna Shri Atal Bihari Vajpayee Ekana Cricket Stadium, Lucknow",1,24.4,South Africa,Australia,HE van der Dussen,Q de Kock,A Zampa,1,0,,,,,,,,,
1384401,2023/24,2023-10-12,"Bharat Ratna Shri Atal Bihari Vajpayee Ekana Cricket Stadium, Lucknow",1,24.5,South Africa,Australia,Q de Kock,HE van der Dussen,A Zampa,1,0,,,,,,,,,
1384401,2023/24,2023-10-12,"Bharat Ratna Shri Atal Bihari Vajpayee Ekana Cricket Stadium, Lucknow",1,24.6,South Africa,Australia,HE van der Dussen,Q de Kock,A Zampa,1,0,,,,,,,,,
1384401,2023/24,2023-10-12,"Bharat Ratna Shri Atal Bihari Vajpayee Ekana Cricket Stadium, Lucknow",1,25.1,South Africa,Australia,HE van der Dussen,Q de Kock,MA Starc,1,0,,,,,,,,,
1384401,2023/24,2023-10-12,"Bharat Ratna Shri Atal Bihari Vajpayee Ekana Cricket Stadium, Lucknow",1,25.2,South Africa,Australia,Q de Kock,HE van der Dussen,MA Starc,4,0,,,,,,,,,
1384401,2023/24,2023-10-12,"Bharat Ratna Shri Atal Bihari Vajpayee Ekana Cricket Stadium, Lucknow",1,25.3,South Africa,Australia,Q de Kock,HE van der Dussen,MA Starc,0,0,,,,,,,,,
1384401,2023/24,2023-10-12,"Bharat Ratna Shri Atal Bihari Vajpayee Ekana Cricket Stadium, Lucknow",1,25.4,South Africa,Australia,Q de Kock,HE van der Dussen,MA Starc,0,0,,,,,,,,,
1384401,2023/24,2023-10-12,"Bharat Ratna Shri Atal Bihari Vajpayee Ekana Cricket Stadium, Lucknow",1,25.5,South Africa,Australia,Q de Kock,HE van der Dussen,MA Starc,1,0,,,,,,,,,
1384401,2023/24,2023-10-12,"Bharat Ratna Shri Atal Bihari Vajpayee Ekana Cricket Stadium, Lucknow",1,25.6,South Africa,Australia,HE van der Dussen,Q de Kock,MA Starc,1,0,,,,,,,,,
1384401,2023/24,2023-10-12,"Bharat Ratna Shri Atal Bihari Vajpayee Ekana Cricket Stadium, Lucknow",1,26.1,South Africa,Australia,HE van der Dussen,Q de Kock,A Zampa,1,0,,,,,,,,,
1384401,2023/24,2023-10-12,"Bharat Ratna Shri Atal Bihari Vajpayee Ekana Cricket Stadium, Lucknow",1,26.2,South Africa,Australia,Q de Kock,HE van der Dussen,A Zampa,0,0,,,,,,,,,
1384401,2023/24,2023-10-12,"Bharat Ratna Shri Atal Bihari Vajpayee Ekana Cricket Stadium, Lucknow",1,26.3,South Africa,Australia,Q de Kock,HE van der Dussen,A Zampa,1,0,,,,,,,,,
1384401,2023/24,2023-10-12,"Bharat Ratna Shri Atal Bihari Vajpayee Ekana Cricket Stadium, Lucknow",1,26.4,South Africa,Australia,HE van der Dussen,Q de Kock,A Zampa,4,0,,,,,,,,,
1384401,2023/24,2023-10-12,"Bharat Ratna Shri Atal Bihari Vajpayee Ekana Cricket Stadium, Lucknow",1,26.5,South Africa,Australia,HE van der Dussen,Q de Kock,A Zampa,0,0,,,,,,,,,
1384401,2023/24,2023-10-12,"Bharat Ratna Shri Atal Bihari Vajpayee Ekana Cricket Stadium, Lucknow",1,26.6,South Africa,Australia,HE van der Dussen,Q de Kock,A Zampa,1,0,,,,,,,,,
1384401,2023/24,2023-10-12,"Bharat Ratna Shri Atal Bihari Vajpayee Ekana Cricket Stadium, Lucknow",1,27.1,South Africa,Australia,HE van der Dussen,Q de Kock,MA Starc,4,0,,,,,,,,,
1384401,2023/24,2023-10-12,"Bharat Ratna Shri Atal Bihari Vajpayee Ekana Cricket Stadium, Lucknow",1,27.2,South Africa,Australia,HE van der Dussen,Q de Kock,MA Starc,0,0,,,,,,,,,
1384401,2023/24,2023-10-12,"Bharat Ratna Shri Atal Bihari Vajpayee Ekana Cricket Stadium, Lucknow",1,27.3,South Africa,Australia,HE van der Dussen,Q de Kock,MA Starc,0,0,,,,,,,,,
1384401,2023/24,2023-10-12,"Bharat Ratna Shri Atal Bihari Vajpayee Ekana Cricket Stadium, Lucknow",1,27.4,South Africa,Australia,HE van der Dussen,Q de Kock,MA Starc,0,0,,,,,,,,,
1384401,2023/24,2023-10-12,"Bharat Ratna Shri Atal Bihari Vajpayee Ekana Cricket Stadium, Lucknow",1,27.5,South Africa,Australia,HE van der Dussen,Q de Kock,MA Starc,0,1,1,,,,,,,,
1384401,2023/24,2023-10-12,"Bharat Ratna Shri Atal Bihari Vajpayee Ekana Cricket Stadium, Lucknow",1,27.6,South Africa,Australia,HE van der Dussen,Q de Kock,MA Starc,0,0,,,,,,,,,
1384401,2023/24,2023-10-12,"Bharat Ratna Shri Atal Bihari Vajpayee Ekana Cricket Stadium, Lucknow",1,27.7,South Africa,Australia,HE van der Dussen,Q de Kock,MA Starc,1,0,,,,,,,,,
1384401,2023/24,2023-10-12,"Bharat Ratna Shri Atal Bihari Vajpayee Ekana Cricket Stadium, Lucknow",1,28.1,South Africa,Australia,HE van der Dussen,Q de Kock,A Zampa,0,0,,,,,,,,,
1384401,2023/24,2023-10-12,"Bharat Ratna Shri Atal Bihari Vajpayee Ekana Cricket Stadium, Lucknow",1,28.2,South Africa,Australia,HE van der Dussen,Q de Kock,A Zampa,2,0,,,,,,,,,
1384401,2023/24,2023-10-12,"Bharat Ratna Shri Atal Bihari Vajpayee Ekana Cricket Stadium, Lucknow",1,28.3,South Africa,Australia,HE van der Dussen,Q de Kock,A Zampa,0,0,,,,,,caught,HE van der Dussen,,
1384401,2023/24,2023-10-12,"Bharat Ratna Shri Atal Bihari Vajpayee Ekana Cricket Stadium, Lucknow",1,28.4,South Africa,Australia,AK Markram,Q de Kock,A Zampa,0,1,1,,,,,,,,
1384401,2023/24,2023-10-12,"Bharat Ratna Shri Atal Bihari Vajpayee Ekana Cricket Stadium, Lucknow",1,28.5,South Africa,Australia,AK Markram,Q de Kock,A Zampa,1,0,,,,,,,,,
1384401,2023/24,2023-10-12,"Bharat Ratna Shri Atal Bihari Vajpayee Ekana Cricket Stadium, Lucknow",1,28.6,South Africa,Australia,Q de Kock,AK Markram,A Zampa,1,0,,,,,,,,,
1384401,2023/24,2023-10-12,"Bharat Ratna Shri Atal Bihari Vajpayee Ekana Cricket Stadium, Lucknow",1,28.7,South Africa,Australia,AK Markram,Q de Kock,A Zampa,0,0,,,,,,,,,
1384401,2023/24,2023-10-12,"Bharat Ratna Shri Atal Bihari Vajpayee Ekana Cricket Stadium, Lucknow",1,29.1,South Africa,Australia,Q de Kock,AK Markram,PJ Cummins,2,0,,,,,,,,,
1384401,2023/24,2023-10-12,"Bharat Ratna Shri Atal Bihari Vajpayee Ekana Cricket Stadium, Lucknow",1,29.2,South Africa,Australia,Q de Kock,AK Markram,PJ Cummins,1,0,,,,,,,,,
1384401,2023/24,2023-10-12,"Bharat Ratna Shri Atal Bihari Vajpayee Ekana Cricket Stadium, Lucknow",1,29.3,South Africa,Australia,AK Markram,Q de Kock,PJ Cummins,0,0,,,,,,,,,
1384401,2023/24,2023-10-12,"Bharat Ratna Shri Atal Bihari Vajpayee Ekana Cricket Stadium, Lucknow",1,29.4,South Africa,Australia,AK Markram,Q de Kock,PJ Cummins,1,0,,,,,,,,,
1384401,2023/24,2023-10-12,"Bharat Ratna Shri Atal Bihari Vajpayee Ekana Cricket Stadium, Lucknow",1,29.5,South Africa,Australia,Q de Kock,AK Markram,PJ Cummins,6,0,,,,,,,,,
1384401,2023/24,2023-10-12,"Bharat Ratna Shri Atal Bihari Vajpayee Ekana Cricket Stadium, Lucknow",1,29.6,South Africa,Australia,Q de Kock,AK Markram,PJ Cummins,0,0,,,,,,,,,
1384401,2023/24,2023-10-12,"Bharat Ratna Shri Atal Bihari Vajpayee Ekana Cricket Stadium, Lucknow",1,30.1,South Africa,Australia,AK Markram,Q de Kock,A Zampa,1,0,,,,,,,,,
1384401,2023/24,2023-10-12,"Bharat Ratna Shri Atal Bihari Vajpayee Ekana Cricket Stadium, Lucknow",1,30.2,South Africa,Australia,Q de Kock,AK Markram,A Zampa,0,0,,,,,,,,,
1384401,2023/24,2023-10-12,"Bharat Ratna Shri Atal Bihari Vajpayee Ekana Cricket Stadium, Lucknow",1,30.3,South Africa,Australia,Q de Kock,AK Markram,A Zampa,1,0,,,,,,,,,
1384401,2023/24,2023-10-12,"Bharat Ratna Shri Atal Bihari Vajpayee Ekana Cricket Stadium, Lucknow",1,30.4,South Africa,Australia,AK Markram,Q de Kock,A Zampa,1,0,,,,,,,,,
1384401,2023/24,2023-10-12,"Bharat Ratna Shri Atal Bihari Vajpayee Ekana Cricket Stadium, Lucknow",1,30.5,South Africa,Australia,Q de Kock,AK Markram,A Zampa,2,0,,,,,,,,,
1384401,2023/24,2023-10-12,"Bharat Ratna Shri Atal Bihari Vajpayee Ekana Cricket Stadium, Lucknow",1,30.6,South Africa,Australia,Q de Kock,AK Markram,A Zampa,1,0,,,,,,,,,
1384401,2023/24,2023-10-12,"Bharat Ratna Shri Atal Bihari Vajpayee Ekana Cricket Stadium, Lucknow",1,31.1,South Africa,Australia,Q de Kock,AK Markram,PJ Cummins,0,0,,,,,,,,,
1384401,2023/24,2023-10-12,"Bharat Ratna Shri Atal Bihari Vajpayee Ekana Cricket Stadium, Lucknow",1,31.2,South Africa,Australia,Q de Kock,AK Markram,PJ Cummins,0,0,,,,,,,,,
1384401,2023/24,2023-10-12,"Bharat Ratna Shri Atal Bihari Vajpayee Ekana Cricket Stadium, Lucknow",1,31.3,South Africa,Australia,Q de Kock,AK Markram,PJ Cummins,2,0,,,,,,,,,
1384401,2023/24,2023-10-12,"Bharat Ratna Shri Atal Bihari Vajpayee Ekana Cricket Stadium, Lucknow",1,31.4,South Africa,Australia,Q de Kock,AK Markram,PJ Cummins,0,0,,,,,,,,,
1384401,2023/24,2023-10-12,"Bharat Ratna Shri Atal Bihari Vajpayee Ekana Cricket Stadium, Lucknow",1,31.5,South Africa,Australia,Q de Kock,AK Markram,PJ Cummins,1,0,,,,,,,,,
1384401,2023/24,2023-10-12,"Bharat Ratna Shri Atal Bihari Vajpayee Ekana Cricket Stadium, Lucknow",1,31.6,South Africa,Australia,AK Markram,Q de Kock,PJ Cummins,1,0,,,,,,,,,
1384401,2023/24,2023-10-12,"Bharat Ratna Shri Atal Bihari Vajpayee Ekana Cricket Stadium, Lucknow",1,32.1,South Africa,Australia,AK Markram,Q de Kock,GJ Maxwell,0,1,1,,,,,,,,
1384401,2023/24,2023-10-12,"Bharat Ratna Shri Atal Bihari Vajpayee Ekana Cricket Stadium, Lucknow",1,32.2,South Africa,Australia,AK Markram,Q de Kock,GJ Maxwell,1,0,,,,,,,,,
1384401,2023/24,2023-10-12,"Bharat Ratna Shri Atal Bihari Vajpayee Ekana Cricket Stadium, Lucknow",1,32.3,South Africa,Australia,Q de Kock,AK Markram,GJ Maxwell,1,0,,,,,,,,,
1384401,2023/24,2023-10-12,"Bharat Ratna Shri Atal Bihari Vajpayee Ekana Cricket Stadium, Lucknow",1,32.4,South Africa,Australia,AK Markram,Q de Kock,GJ Maxwell,0,0,,,,,,,,,
1384401,2023/24,2023-10-12,"Bharat Ratna Shri Atal Bihari Vajpayee Ekana Cricket Stadium, Lucknow",1,32.5,South Africa,Australia,AK Markram,Q de Kock,GJ Maxwell,0,0,,,,,,,,,
1384401,2023/24,2023-10-12,"Bharat Ratna Shri Atal Bihari Vajpayee Ekana Cricket Stadium, Lucknow",1,32.6,South Africa,Australia,AK Markram,Q de Kock,GJ Maxwell,1,0,,,,,,,,,
1384401,2023/24,2023-10-12,"Bharat Ratna Shri Atal Bihari Vajpayee Ekana Cricket Stadium, Lucknow",1,32.7,South Africa,Australia,Q de Kock,AK Markram,GJ Maxwell,0,0,,,,,,,,,
1384401,2023/24,2023-10-12,"Bharat Ratna Shri Atal Bihari Vajpayee Ekana Cricket Stadium, Lucknow",1,33.1,South Africa,Australia,AK Markram,Q de Kock,PJ Cummins,4,0,,,,,,,,,
1384401,2023/24,2023-10-12,"Bharat Ratna Shri Atal Bihari Vajpayee Ekana Cricket Stadium, Lucknow",1,33.2,South Africa,Australia,AK Markram,Q de Kock,PJ Cummins,0,0,,,,,,,,,
1384401,2023/24,2023-10-12,"Bharat Ratna Shri Atal Bihari Vajpayee Ekana Cricket Stadium, Lucknow",1,33.3,South Africa,Australia,AK Markram,Q de Kock,PJ Cummins,1,0,,,,,,,,,
1384401,2023/24,2023-10-12,"Bharat Ratna Shri Atal Bihari Vajpayee Ekana Cricket Stadium, Lucknow",1,33.4,South Africa,Australia,Q de Kock,AK Markram,PJ Cummins,1,0,,,,,,,,,
1384401,2023/24,2023-10-12,"Bharat Ratna Shri Atal Bihari Vajpayee Ekana Cricket Stadium, Lucknow",1,33.5,South Africa,Australia,AK Markram,Q de Kock,PJ Cummins,4,0,,,,,,,,,
1384401,2023/24,2023-10-12,"Bharat Ratna Shri Atal Bihari Vajpayee Ekana Cricket Stadium, Lucknow",1,33.6,South Africa,Australia,AK Markram,Q de Kock,PJ Cummins,1,0,,,,,,,,,
1384401,2023/24,2023-10-12,"Bharat Ratna Shri Atal Bihari Vajpayee Ekana Cricket Stadium, Lucknow",1,34.1,South Africa,Australia,AK Markram,Q de Kock,GJ Maxwell,0,0,,,,,,,,,
1384401,2023/24,2023-10-12,"Bharat Ratna Shri Atal Bihari Vajpayee Ekana Cricket Stadium, Lucknow",1,34.2,South Africa,Australia,AK Markram,Q de Kock,GJ Maxwell,1,0,,,,,,,,,
1384401,2023/24,2023-10-12,"Bharat Ratna Shri Atal Bihari Vajpayee Ekana Cricket Stadium, Lucknow",1,34.3,South Africa,Australia,Q de Kock,AK Markram,GJ Maxwell,0,0,,,,,,,,,
1384401,2023/24,2023-10-12,"Bharat Ratna Shri Atal Bihari Vajpayee Ekana Cricket Stadium, Lucknow",1,34.4,South Africa,Australia,Q de Kock,AK Markram,GJ Maxwell,0,0,,,,,,,,,
1384401,2023/24,2023-10-12,"Bharat Ratna Shri Atal Bihari Vajpayee Ekana Cricket Stadium, Lucknow",1,34.5,South Africa,Australia,Q de Kock,AK Markram,GJ Maxwell,0,0,,,,,,bowled,Q de Kock,,
1384401,2023/24,2023-10-12,"Bharat Ratna Shri Atal Bihari Vajpayee Ekana Cricket Stadium, Lucknow",1,34.6,South Africa,Australia,H Klaasen,AK Markram,GJ Maxwell,0,0,,,,,,,,,
1384401,2023/24,2023-10-12,"Bharat Ratna Shri Atal Bihari Vajpayee Ekana Cricket Stadium, Lucknow",1,35.1,South Africa,Australia,AK Markram,H Klaasen,JR Hazlewood,0,0,,,,,,,,,
1384401,2023/24,2023-10-12,"Bharat Ratna Shri Atal Bihari Vajpayee Ekana Cricket Stadium, Lucknow",1,35.2,South Africa,Australia,AK Markram,H Klaasen,JR Hazlewood,1,0,,,,,,,,,
1384401,2023/24,2023-10-12,"Bharat Ratna Shri Atal Bihari Vajpayee Ekana Cricket Stadium, Lucknow",1,35.3,South Africa,Australia,H Klaasen,AK Markram,JR Hazlewood,1,0,,,,,,,,,
1384401,2023/24,2023-10-12,"Bharat Ratna Shri Atal Bihari Vajpayee Ekana Cricket Stadium, Lucknow",1,35.4,South Africa,Australia,AK Markram,H Klaasen,JR Hazlewood,0,0,,,,,,,,,
1384401,2023/24,2023-10-12,"Bharat Ratna Shri Atal Bihari Vajpayee Ekana Cricket Stadium, Lucknow",1,35.5,South Africa,Australia,AK Markram,H Klaasen,JR Hazlewood,1,0,,,,,,,,,
1384401,2023/24,2023-10-12,"Bharat Ratna Shri Atal Bihari Vajpayee Ekana Cricket Stadium, Lucknow",1,35.6,South Africa,Australia,H Klaasen,AK Markram,JR Hazlewood,0,0,,,,,,,,,
1384401,2023/24,2023-10-12,"Bharat Ratna Shri Atal Bihari Vajpayee Ekana Cricket Stadium, Lucknow",1,36.1,South Africa,Australia,AK Markram,H Klaasen,GJ Maxwell,0,0,,,,,,,,,
1384401,2023/24,2023-10-12,"Bharat Ratna Shri Atal Bihari Vajpayee Ekana Cricket Stadium, Lucknow",1,36.2,South Africa,Australia,AK Markram,H Klaasen,GJ Maxwell,0,1,,,,1,,,,,
1384401,2023/24,2023-10-12,"Bharat Ratna Shri Atal Bihari Vajpayee Ekana Cricket Stadium, Lucknow",1,36.3,South Africa,Australia,H Klaasen,AK Markram,GJ Maxwell,2,0,,,,,,,,,
1384401,2023/24,2023-10-12,"Bharat Ratna Shri Atal Bihari Vajpayee Ekana Cricket Stadium, Lucknow",1,36.4,South Africa,Australia,H Klaasen,AK Markram,GJ Maxwell,1,0,,,,,,,,,
1384401,2023/24,2023-10-12,"Bharat Ratna Shri Atal Bihari Vajpayee Ekana Cricket Stadium, Lucknow",1,36.5,South Africa,Australia,AK Markram,H Klaasen,GJ Maxwell,0,0,,,,,,,,,
1384401,2023/24,2023-10-12,"Bharat Ratna Shri Atal Bihari Vajpayee Ekana Cricket Stadium, Lucknow",1,36.6,South Africa,Australia,AK Markram,H Klaasen,GJ Maxwell,1,0,,,,,,,,,
1384401,2023/24,2023-10-12,"Bharat Ratna Shri Atal Bihari Vajpayee Ekana Cricket Stadium, Lucknow",1,37.1,South Africa,Australia,AK Markram,H Klaasen,JR Hazlewood,1,0,,,,,,,,,
1384401,2023/24,2023-10-12,"Bharat Ratna Shri Atal Bihari Vajpayee Ekana Cricket Stadium, Lucknow",1,37.2,South Africa,Australia,H Klaasen,AK Markram,JR Hazlewood,4,0,,,,,,,,,
1384401,2023/24,2023-10-12,"Bharat Ratna Shri Atal Bihari Vajpayee Ekana Cricket Stadium, Lucknow",1,37.3,South Africa,Australia,H Klaasen,AK Markram,JR Hazlewood,0,0,,,,,,,,,
1384401,2023/24,2023-10-12,"Bharat Ratna Shri Atal Bihari Vajpayee Ekana Cricket Stadium, Lucknow",1,37.4,South Africa,Australia,H Klaasen,AK Markram,JR Hazlewood,4,0,,,,,,,,,
1384401,2023/24,2023-10-12,"Bharat Ratna Shri Atal Bihari Vajpayee Ekana Cricket Stadium, Lucknow",1,37.5,South Africa,Australia,H Klaasen,AK Markram,JR Hazlewood,1,0,,,,,,,,,
1384401,2023/24,2023-10-12,"Bharat Ratna Shri Atal Bihari Vajpayee Ekana Cricket Stadium, Lucknow",1,37.6,South Africa,Australia,AK Markram,H Klaasen,JR Hazlewood,4,0,,,,,,,,,
1384401,2023/24,2023-10-12,"Bharat Ratna Shri Atal Bihari Vajpayee Ekana Cricket Stadium, Lucknow",1,38.1,South Africa,Australia,H Klaasen,AK Markram,GJ Maxwell,0,0,,,,,,,,,
1384401,2023/24,2023-10-12,"Bharat Ratna Shri Atal Bihari Vajpayee Ekana Cricket Stadium, Lucknow",1,38.2,South Africa,Australia,H Klaasen,AK Markram,GJ Maxwell,1,0,,,,,,,,,
1384401,2023/24,2023-10-12,"Bharat Ratna Shri Atal Bihari Vajpayee Ekana Cricket Stadium, Lucknow",1,38.3,South Africa,Australia,AK Markram,H Klaasen,GJ Maxwell,1,0,,,,,,,,,
1384401,2023/24,2023-10-12,"Bharat Ratna Shri Atal Bihari Vajpayee Ekana Cricket Stadium, Lucknow",1,38.4,South Africa,Australia,H Klaasen,AK Markram,GJ Maxwell,1,0,,,,,,,,,
1384401,2023/24,2023-10-12,"Bharat Ratna Shri Atal Bihari Vajpayee Ekana Cricket Stadium, Lucknow",1,38.5,South Africa,Australia,AK Markram,H Klaasen,GJ Maxwell,0,0,,,,,,,,,
1384401,2023/24,2023-10-12,"Bharat Ratna Shri Atal Bihari Vajpayee Ekana Cricket Stadium, Lucknow",1,38.6,South Africa,Australia,AK Markram,H Klaasen,GJ Maxwell,1,0,,,,,,,,,
1384401,2023/24,2023-10-12,"Bharat Ratna Shri Atal Bihari Vajpayee Ekana Cricket Stadium, Lucknow",1,39.1,South Africa,Australia,AK Markram,H Klaasen,MA Starc,1,0,,,,,,,,,
1384401,2023/24,2023-10-12,"Bharat Ratna Shri Atal Bihari Vajpayee Ekana Cricket Stadium, Lucknow",1,39.2,South Africa,Australia,H Klaasen,AK Markram,MA Starc,1,0,,,,,,,,,
1384401,2023/24,2023-10-12,"Bharat Ratna Shri Atal Bihari Vajpayee Ekana Cricket Stadium, Lucknow",1,39.3,South Africa,Australia,AK Markram,H Klaasen,MA Starc,6,0,,,,,,,,,
1384401,2023/24,2023-10-12,"Bharat Ratna Shri Atal Bihari Vajpayee Ekana Cricket Stadium, Lucknow",1,39.4,South Africa,Australia,AK Markram,H Klaasen,MA Starc,1,0,,,,,,,,,
1384401,2023/24,2023-10-12,"Bharat Ratna Shri Atal Bihari Vajpayee Ekana Cricket Stadium, Lucknow",1,39.5,South Africa,Australia,H Klaasen,AK Markram,MA Starc,0,0,,,,,,,,,
1384401,2023/24,2023-10-12,"Bharat Ratna Shri Atal Bihari Vajpayee Ekana Cricket Stadium, Lucknow",1,39.6,South Africa,Australia,H Klaasen,AK Markram,MA Starc,0,0,,,,,,,,,
1384401,2023/24,2023-10-12,"Bharat Ratna Shri Atal Bihari Vajpayee Ekana Cricket Stadium, Lucknow",1,40.1,South Africa,Australia,AK Markram,H Klaasen,A Zampa,1,0,,,,,,,,,
1384401,2023/24,2023-10-12,"Bharat Ratna Shri Atal Bihari Vajpayee Ekana Cricket Stadium, Lucknow",1,40.2,South Africa,Australia,H Klaasen,AK Markram,A Zampa,1,0,,,,,,,,,
1384401,2023/24,2023-10-12,"Bharat Ratna Shri Atal Bihari Vajpayee Ekana Cricket Stadium, Lucknow",1,40.3,South Africa,Australia,AK Markram,H Klaasen,A Zampa,4,0,,,,,,,,,
1384401,2023/24,2023-10-12,"Bharat Ratna Shri Atal Bihari Vajpayee Ekana Cricket Stadium, Lucknow",1,40.4,South Africa,Australia,AK Markram,H Klaasen,A Zampa,1,0,,,,,,,,,
1384401,2023/24,2023-10-12,"Bharat Ratna Shri Atal Bihari Vajpayee Ekana Cricket Stadium, Lucknow",1,40.5,South Africa,Australia,H Klaasen,AK Markram,A Zampa,4,0,,,,,,,,,
1384401,2023/24,2023-10-12,"Bharat Ratna Shri Atal Bihari Vajpayee Ekana Cricket Stadium, Lucknow",1,40.6,South Africa,Australia,H Klaasen,AK Markram,A Zampa,0,0,,,,,,,,,
1384401,2023/24,2023-10-12,"Bharat Ratna Shri Atal Bihari Vajpayee Ekana Cricket Stadium, Lucknow",1,41.1,South Africa,Australia,AK Markram,H Klaasen,MA Starc,1,0,,,,,,,,,
1384401,2023/24,2023-10-12,"Bharat Ratna Shri Atal Bihari Vajpayee Ekana Cricket Stadium, Lucknow",1,41.2,South Africa,Australia,H Klaasen,AK Markram,MA Starc,0,0,,,,,,,,,
1384401,2023/24,2023-10-12,"Bharat Ratna Shri Atal Bihari Vajpayee Ekana Cricket Stadium, Lucknow",1,41.3,South Africa,Australia,H Klaasen,AK Markram,MA Starc,2,0,,,,,,,,,
1384401,2023/24,2023-10-12,"Bharat Ratna Shri Atal Bihari Vajpayee Ekana Cricket Stadium, Lucknow",1,41.4,South Africa,Australia,H Klaasen,AK Markram,MA Starc,2,0,,,,,,,,,
1384401,2023/24,2023-10-12,"Bharat Ratna Shri Atal Bihari Vajpayee Ekana Cricket Stadium, Lucknow",1,41.5,South Africa,Australia,H Klaasen,AK Markram,MA Starc,0,0,,,,,,,,,
1384401,2023/24,2023-10-12,"Bharat Ratna Shri Atal Bihari Vajpayee Ekana Cricket Stadium, Lucknow",1,41.6,South Africa,Australia,H Klaasen,AK Markram,MA Starc,1,0,,,,,,,,,
1384401,2023/24,2023-10-12,"Bharat Ratna Shri Atal Bihari Vajpayee Ekana Cricket Stadium, Lucknow",1,42.1,South Africa,Australia,H Klaasen,AK Markram,A Zampa,1,0,,,,,,,,,
1384401,2023/24,2023-10-12,"Bharat Ratna Shri Atal Bihari Vajpayee Ekana Cricket Stadium, Lucknow",1,42.2,South Africa,Australia,AK Markram,H Klaasen,A Zampa,0,0,,,,,,,,,
1384401,2023/24,2023-10-12,"Bharat Ratna Shri Atal Bihari Vajpayee Ekana Cricket Stadium, Lucknow",1,42.3,South Africa,Australia,AK Markram,H Klaasen,A Zampa,4,0,,,,,,,,,
1384401,2023/24,2023-10-12,"Bharat Ratna Shri Atal Bihari Vajpayee Ekana Cricket Stadium, Lucknow",1,42.4,South Africa,Australia,AK Markram,H Klaasen,A Zampa,4,0,,,,,,,,,
1384401,2023/24,2023-10-12,"Bharat Ratna Shri Atal Bihari Vajpayee Ekana Cricket Stadium, Lucknow",1,42.5,South Africa,Australia,AK Markram,H Klaasen,A Zampa,4,0,,,,,,,,,
1384401,2023/24,2023-10-12,"Bharat Ratna Shri Atal Bihari Vajpayee Ekana Cricket Stadium, Lucknow",1,42.6,South Africa,Australia,AK Markram,H Klaasen,A Zampa,1,0,,,,,,,,,
1384401,2023/24,2023-10-12,"Bharat Ratna Shri Atal Bihari Vajpayee Ekana Cricket Stadium, Lucknow",1,43.1,South Africa,Australia,AK Markram,H Klaasen,PJ Cummins,0,0,,,,,,caught,AK Markram,,
1384401,2023/24,2023-10-12,"Bharat Ratna Shri Atal Bihari Vajpayee Ekana Cricket Stadium, Lucknow",1,43.2,South Africa,Australia,DA Miller,H Klaasen,PJ Cummins,1,0,,,,,,,,,
1384401,2023/24,2023-10-12,"Bharat Ratna Shri Atal Bihari Vajpayee Ekana Cricket Stadium, Lucknow",1,43.3,South Africa,Australia,H Klaasen,DA Miller,PJ Cummins,1,0,,,,,,,,,
1384401,2023/24,2023-10-12,"Bharat Ratna Shri Atal Bihari Vajpayee Ekana Cricket Stadium, Lucknow",1,43.4,South Africa,Australia,DA Miller,H Klaasen,PJ Cummins,0,0,,,,,,,,,
1384401,2023/24,2023-10-12,"Bharat Ratna Shri Atal Bihari Vajpayee Ekana Cricket Stadium, Lucknow",1,43.5,South Africa,Australia,DA Miller,H Klaasen,PJ Cummins,1,0,,,,,,,,,
1384401,2023/24,2023-10-12,"Bharat Ratna Shri Atal Bihari Vajpayee Ekana Cricket Stadium, Lucknow",1,43.6,South Africa,Australia,H Klaasen,DA Miller,PJ Cummins,1,0,,,,,,,,,
1384401,2023/24,2023-10-12,"Bharat Ratna Shri Atal Bihari Vajpayee Ekana Cricket Stadium, Lucknow",1,44.1,South Africa,Australia,H Klaasen,DA Miller,JR Hazlewood,0,0,,,,,,caught,H Klaasen,,
1384401,2023/24,2023-10-12,"Bharat Ratna Shri Atal Bihari Vajpayee Ekana Cricket Stadium, Lucknow",1,44.2,South Africa,Australia,M Jansen,DA Miller,JR Hazlewood,0,0,,,,,,,,,
1384401,2023/24,2023-10-12,"Bharat Ratna Shri Atal Bihari Vajpayee Ekana Cricket Stadium, Lucknow",1,44.3,South Africa,Australia,M Jansen,DA Miller,JR Hazlewood,0,0,,,,,,,,,
1384401,2023/24,2023-10-12,"Bharat Ratna Shri Atal Bihari Vajpayee Ekana Cricket Stadium, Lucknow",1,44.4,South Africa,Australia,M Jansen,DA Miller,JR Hazlewood,0,0,,,,,,,,,
1384401,2023/24,2023-10-12,"Bharat Ratna Shri Atal Bihari Vajpayee Ekana Cricket Stadium, Lucknow",1,44.5,South Africa,Australia,M Jansen,DA Miller,JR Hazlewood,4,0,,,,,,,,,
1384401,2023/24,2023-10-12,"Bharat Ratna Shri Atal Bihari Vajpayee Ekana Cricket Stadium, Lucknow",1,44.6,South Africa,Australia,M Jansen,DA Miller,JR Hazlewood,1,0,,,,,,,,,
1384401,2023/24,2023-10-12,"Bharat Ratna Shri Atal Bihari Vajpayee Ekana Cricket Stadium, Lucknow",1,45.1,South Africa,Australia,M Jansen,DA Miller,PJ Cummins,1,0,,,,,,,,,
1384401,2023/24,2023-10-12,"Bharat Ratna Shri Atal Bihari Vajpayee Ekana Cricket Stadium, Lucknow",1,45.2,South Africa,Australia,DA Miller,M Jansen,PJ Cummins,1,0,,,,,,,,,
1384401,2023/24,2023-10-12,"Bharat Ratna Shri Atal Bihari Vajpayee Ekana Cricket Stadium, Lucknow",1,45.3,South Africa,Australia,M Jansen,DA Miller,PJ Cummins,0,0,,,,,,,,,
1384401,2023/24,2023-10-12,"Bharat Ratna Shri Atal Bihari Vajpayee Ekana Cricket Stadium, Lucknow",1,45.4,South Africa,Australia,M Jansen,DA Miller,PJ Cummins,1,0,,,,,,,,,
1384401,2023/24,2023-10-12,"Bharat Ratna Shri Atal Bihari Vajpayee Ekana Cricket Stadium, Lucknow",1,45.5,South Africa,Australia,DA Miller,M Jansen,PJ Cummins,0,0,,,,,,,,,
1384401,2023/24,2023-10-12,"Bharat Ratna Shri Atal Bihari Vajpayee Ekana Cricket Stadium, Lucknow",1,45.6,South Africa,Australia,DA Miller,M Jansen,PJ Cummins,4,0,,,,,,,,,
1384401,2023/24,2023-10-12,"Bharat Ratna Shri Atal Bihari Vajpayee Ekana Cricket Stadium, Lucknow",1,46.1,South Africa,Australia,M Jansen,DA Miller,JR Hazlewood,0,0,,,,,,,,,
1384401,2023/24,2023-10-12,"Bharat Ratna Shri Atal Bihari Vajpayee Ekana Cricket Stadium, Lucknow",1,46.2,South Africa,Australia,M Jansen,DA Miller,JR Hazlewood,0,1,1,,,,,,,,
1384401,2023/24,2023-10-12,"Bharat Ratna Shri Atal Bihari Vajpayee Ekana Cricket Stadium, Lucknow",1,46.3,South Africa,Australia,M Jansen,DA Miller,JR Hazlewood,0,1,1,,,,,,,,
1384401,2023/24,2023-10-12,"Bharat Ratna Shri Atal Bihari Vajpayee Ekana Cricket Stadium, Lucknow",1,46.4,South Africa,Australia,M Jansen,DA Miller,JR Hazlewood,1,0,,,,,,,,,
1384401,2023/24,2023-10-12,"Bharat Ratna Shri Atal Bihari Vajpayee Ekana Cricket Stadium, Lucknow",1,46.5,South Africa,Australia,DA Miller,M Jansen,JR Hazlewood,1,0,,,,,,,,,
1384401,2023/24,2023-10-12,"Bharat Ratna Shri Atal Bihari Vajpayee Ekana Cricket Stadium, Lucknow",1,46.6,South Africa,Australia,M Jansen,DA Miller,JR Hazlewood,0,0,,,,,,,,,
1384401,2023/24,2023-10-12,"Bharat Ratna Shri Atal Bihari Vajpayee Ekana Cricket Stadium, Lucknow",1,46.7,South Africa,Australia,M Jansen,DA Miller,JR Hazlewood,0,0,,,,,,,,,
1384401,2023/24,2023-10-12,"Bharat Ratna Shri Atal Bihari Vajpayee Ekana Cricket Stadium, Lucknow",1,46.8,South Africa,Australia,M Jansen,DA Miller,JR Hazlewood,1,0,,,,,,,,,
1384401,2023/24,2023-10-12,"Bharat Ratna Shri Atal Bihari Vajpayee Ekana Cricket Stadium, Lucknow",1,47.1,South Africa,Australia,M Jansen,DA Miller,MA Starc,0,0,,,,,,,,,
1384401,2023/24,2023-10-12,"Bharat Ratna Shri Atal Bihari Vajpayee Ekana Cricket Stadium, Lucknow",1,47.2,South Africa,Australia,M Jansen,DA Miller,MA Starc,0,0,,,,,,,,,
1384401,2023/24,2023-10-12,"Bharat Ratna Shri Atal Bihari Vajpayee Ekana Cricket Stadium, Lucknow",1,47.3,South Africa,Australia,M Jansen,DA Miller,MA Starc,2,0,,,,,,,,,
1384401,2023/24,2023-10-12,"Bharat Ratna Shri Atal Bihari Vajpayee Ekana Cricket Stadium, Lucknow",1,47.4,South Africa,Australia,M Jansen,DA Miller,MA Starc,6,0,,,,,,,,,
1384401,2023/24,2023-10-12,"Bharat Ratna Shri Atal Bihari Vajpayee Ekana Cricket Stadium, Lucknow",1,47.5,South Africa,Australia,M Jansen,DA Miller,MA Starc,4,0,,,,,,,,,
1384401,2023/24,2023-10-12,"Bharat Ratna Shri Atal Bihari Vajpayee Ekana Cricket Stadium, Lucknow",1,47.6,South Africa,Australia,M Jansen,DA Miller,MA Starc,0,0,,,,,,,,,
1384401,2023/24,2023-10-12,"Bharat Ratna Shri Atal Bihari Vajpayee Ekana Cricket Stadium, Lucknow",1,48.1,South Africa,Australia,DA Miller,M Jansen,PJ Cummins,2,0,,,,,,,,,
1384401,2023/24,2023-10-12,"Bharat Ratna Shri Atal Bihari Vajpayee Ekana Cricket Stadium, Lucknow",1,48.2,South Africa,Australia,DA Miller,M Jansen,PJ Cummins,1,0,,,,,,,,,
1384401,2023/24,2023-10-12,"Bharat Ratna Shri Atal Bihari Vajpayee Ekana Cricket Stadium, Lucknow",1,48.3,South Africa,Australia,M Jansen,DA Miller,PJ Cummins,4,0,,,,,,,,,
1384401,2023/24,2023-10-12,"Bharat Ratna Shri Atal Bihari Vajpayee Ekana Cricket Stadium, Lucknow",1,48.4,South Africa,Australia,M Jansen,DA Miller,PJ Cummins,1,0,,,,,,,,,
1384401,2023/24,2023-10-12,"Bharat Ratna Shri Atal Bihari Vajpayee Ekana Cricket Stadium, Lucknow",1,48.5,South Africa,Australia,DA Miller,M Jansen,PJ Cummins,6,0,,,,,,,,,
1384401,2023/24,2023-10-12,"Bharat Ratna Shri Atal Bihari Vajpayee Ekana Cricket Stadium, Lucknow",1,48.6,South Africa,Australia,DA Miller,M Jansen,PJ Cummins,0,0,,,,,,,,,
1384401,2023/24,2023-10-12,"Bharat Ratna Shri Atal Bihari Vajpayee Ekana Cricket Stadium, Lucknow",1,49.1,South Africa,Australia,M Jansen,DA Miller,MA Starc,0,0,,,,,,caught,M Jansen,,
1384401,2023/24,2023-10-12,"Bharat Ratna Shri Atal Bihari Vajpayee Ekana Cricket Stadium, Lucknow",1,49.2,South Africa,Australia,K Rabada,DA Miller,MA Starc,0,1,,,,1,,,,,
1384401,2023/24,2023-10-12,"Bharat Ratna Shri Atal Bihari Vajpayee Ekana Cricket Stadium, Lucknow",1,49.3,South Africa,Australia,DA Miller,K Rabada,MA Starc,0,0,,,,,,,,,
1384401,2023/24,2023-10-12,"Bharat Ratna Shri Atal Bihari Vajpayee Ekana Cricket Stadium, Lucknow",1,49.4,South Africa,Australia,DA Miller,K Rabada,MA Starc,0,0,,,,,,bowled,DA Miller,,
1384401,2023/24,2023-10-12,"Bharat Ratna Shri Atal Bihari Vajpayee Ekana Cricket Stadium, Lucknow",1,49.5,South Africa,Australia,KA Maharaj,K Rabada,MA Starc,0,0,,,,,,,,,
1384401,2023/24,2023-10-12,"Bharat Ratna Shri Atal Bihari Vajpayee Ekana Cricket Stadium, Lucknow",1,49.6,South Africa,Australia,KA Maharaj,K Rabada,MA Starc,0,0,,,,,,,,,
1384401,2023/24,2023-10-12,"Bharat Ratna Shri Atal Bihari Vajpayee Ekana Cricket Stadium, Lucknow",2,0.1,Australia,South Africa,MR Marsh,DA Warner,L Ngidi,0,0,,,,,,,,,
1384401,2023/24,2023-10-12,"Bharat Ratna Shri Atal Bihari Vajpayee Ekana Cricket Stadium, Lucknow",2,0.2,Australia,South Africa,MR Marsh,DA Warner,L Ngidi,1,0,,,,,,,,,
1384401,2023/24,2023-10-12,"Bharat Ratna Shri Atal Bihari Vajpayee Ekana Cricket Stadium, Lucknow",2,0.3,Australia,South Africa,DA Warner,MR Marsh,L Ngidi,2,0,,,,,,,,,
1384401,2023/24,2023-10-12,"Bharat Ratna Shri Atal Bihari Vajpayee Ekana Cricket Stadium, Lucknow",2,0.4,Australia,South Africa,DA Warner,MR Marsh,L Ngidi,0,0,,,,,,,,,
1384401,2023/24,2023-10-12,"Bharat Ratna Shri Atal Bihari Vajpayee Ekana Cricket Stadium, Lucknow",2,0.5,Australia,South Africa,DA Warner,MR Marsh,L Ngidi,0,0,,,,,,,,,
1384401,2023/24,2023-10-12,"Bharat Ratna Shri Atal Bihari Vajpayee Ekana Cricket Stadium, Lucknow",2,0.6,Australia,South Africa,DA Warner,MR Marsh,L Ngidi,0,0,,,,,,,,,
1384401,2023/24,2023-10-12,"Bharat Ratna Shri Atal Bihari Vajpayee Ekana Cricket Stadium, Lucknow",2,1.1,Australia,South Africa,MR Marsh,DA Warner,M Jansen,2,0,,,,,,,,,
1384401,2023/24,2023-10-12,"Bharat Ratna Shri Atal Bihari Vajpayee Ekana Cricket Stadium, Lucknow",2,1.2,Australia,South Africa,MR Marsh,DA Warner,M Jansen,1,0,,,,,,,,,
1384401,2023/24,2023-10-12,"Bharat Ratna Shri Atal Bihari Vajpayee Ekana Cricket Stadium, Lucknow",2,1.3,Australia,South Africa,DA Warner,MR Marsh,M Jansen,0,0,,,,,,,,,
1384401,2023/24,2023-10-12,"Bharat Ratna Shri Atal Bihari Vajpayee Ekana Cricket Stadium, Lucknow",2,1.4,Australia,South Africa,DA Warner,MR Marsh,M Jansen,0,0,,,,,,,,,
1384401,2023/24,2023-10-12,"Bharat Ratna Shri Atal Bihari Vajpayee Ekana Cricket Stadium, Lucknow",2,1.5,Australia,South Africa,DA Warner,MR Marsh,M Jansen,0,1,,,,1,,,,,
1384401,2023/24,2023-10-12,"Bharat Ratna Shri Atal Bihari Vajpayee Ekana Cricket Stadium, Lucknow",2,1.6,Australia,South Africa,MR Marsh,DA Warner,M Jansen,0,0,,,,,,,,,
1384401,2023/24,2023-10-12,"Bharat Ratna Shri Atal Bihari Vajpayee Ekana Cricket Stadium, Lucknow",2,2.1,Australia,South Africa,DA Warner,MR Marsh,L Ngidi,0,0,,,,,,,,,
1384401,2023/24,2023-10-12,"Bharat Ratna Shri Atal Bihari Vajpayee Ekana Cricket Stadium, Lucknow",2,2.2,Australia,South Africa,DA Warner,MR Marsh,L Ngidi,0,0,,,,,,,,,
1384401,2023/24,2023-10-12,"Bharat Ratna Shri Atal Bihari Vajpayee Ekana Cricket Stadium, Lucknow",2,2.3,Australia,South Africa,DA Warner,MR Marsh,L Ngidi,0,0,,,,,,,,,
1384401,2023/24,2023-10-12,"Bharat Ratna Shri Atal Bihari Vajpayee Ekana Cricket Stadium, Lucknow",2,2.4,Australia,South Africa,DA Warner,MR Marsh,L Ngidi,0,0,,,,,,,,,
1384401,2023/24,2023-10-12,"Bharat Ratna Shri Atal Bihari Vajpayee Ekana Cricket Stadium, Lucknow",2,2.5,Australia,South Africa,DA Warner,MR Marsh,L Ngidi,0,0,,,,,,,,,
1384401,2023/24,2023-10-12,"Bharat Ratna Shri Atal Bihari Vajpayee Ekana Cricket Stadium, Lucknow",2,2.6,Australia,South Africa,DA Warner,MR Marsh,L Ngidi,0,0,,,,,,,,,
1384401,2023/24,2023-10-12,"Bharat Ratna Shri Atal Bihari Vajpayee Ekana Cricket Stadium, Lucknow",2,3.1,Australia,South Africa,MR Marsh,DA Warner,M Jansen,1,0,,,,,,,,,
1384401,2023/24,2023-10-12,"Bharat Ratna Shri Atal Bihari Vajpayee Ekana Cricket Stadium, Lucknow",2,3.2,Australia,South Africa,DA Warner,MR Marsh,M Jansen,4,0,,,,,,,,,
1384401,2023/24,2023-10-12,"Bharat Ratna Shri Atal Bihari Vajpayee Ekana Cricket Stadium, Lucknow",2,3.3,Australia,South Africa,DA Warner,MR Marsh,M Jansen,1,0,,,,,,,,,
1384401,2023/24,2023-10-12,"Bharat Ratna Shri Atal Bihari Vajpayee Ekana Cricket Stadium, Lucknow",2,3.4,Australia,South Africa,MR Marsh,DA Warner,M Jansen,2,0,,,,,,,,,
1384401,2023/24,2023-10-12,"Bharat Ratna Shri Atal Bihari Vajpayee Ekana Cricket Stadium, Lucknow",2,3.5,Australia,South Africa,MR Marsh,DA Warner,M Jansen,0,0,,,,,,,,,
1384401,2023/24,2023-10-12,"Bharat Ratna Shri Atal Bihari Vajpayee Ekana Cricket Stadium, Lucknow",2,3.6,Australia,South Africa,MR Marsh,DA Warner,M Jansen,0,0,,,,,,,,,
1384401,2023/24,2023-10-12,"Bharat Ratna Shri Atal Bihari Vajpayee Ekana Cricket Stadium, Lucknow",2,4.1,Australia,South Africa,DA Warner,MR Marsh,L Ngidi,1,0,,,,,,,,,
1384401,2023/24,2023-10-12,"Bharat Ratna Shri Atal Bihari Vajpayee Ekana Cricket Stadium, Lucknow",2,4.2,Australia,South Africa,MR Marsh,DA Warner,L Ngidi,0,0,,,,,,,,,
1384401,2023/24,2023-10-12,"Bharat Ratna Shri Atal Bihari Vajpayee Ekana Cricket Stadium, Lucknow",2,4.3,Australia,South Africa,MR Marsh,DA Warner,L Ngidi,0,0,,,,,,,,,
1384401,2023/24,2023-10-12,"Bharat Ratna Shri Atal Bihari Vajpayee Ekana Cricket Stadium, Lucknow",2,4.4,Australia,South Africa,MR Marsh,DA Warner,L Ngidi,0,0,,,,,,,,,
1384401,2023/24,2023-10-12,"Bharat Ratna Shri Atal Bihari Vajpayee Ekana Cricket Stadium, Lucknow",2,4.5,Australia,South Africa,MR Marsh,DA Warner,L Ngidi,0,0,,,,,,,,,
1384401,2023/24,2023-10-12,"Bharat Ratna Shri Atal Bihari Vajpayee Ekana Cricket Stadium, Lucknow",2,4.6,Australia,South Africa,MR Marsh,DA Warner,L Ngidi,0,0,,,,,,,,,
1384401,2023/24,2023-10-12,"Bharat Ratna Shri Atal Bihari Vajpayee Ekana Cricket Stadium, Lucknow",2,5.1,Australia,South Africa,DA Warner,MR Marsh,M Jansen,0,0,,,,,,,,,
1384401,2023/24,2023-10-12,"Bharat Ratna Shri Atal Bihari Vajpayee Ekana Cricket Stadium, Lucknow",2,5.2,Australia,South Africa,DA Warner,MR Marsh,M Jansen,0,0,,,,,,,,,
1384401,2023/24,2023-10-12,"Bharat Ratna Shri Atal Bihari Vajpayee Ekana Cricket Stadium, Lucknow",2,5.3,Australia,South Africa,DA Warner,MR Marsh,M Jansen,0,0,,,,,,,,,
1384401,2023/24,2023-10-12,"Bharat Ratna Shri Atal Bihari Vajpayee Ekana Cricket Stadium, Lucknow",2,5.4,Australia,South Africa,DA Warner,MR Marsh,M Jansen,4,1,,1,,,,,,,
1384401,2023/24,2023-10-12,"Bharat Ratna Shri Atal Bihari Vajpayee Ekana Cricket Stadium, Lucknow",2,5.5,Australia,South Africa,DA Warner,MR Marsh,M Jansen,1,0,,,,,,,,,
1384401,2023/24,2023-10-12,"Bharat Ratna Shri Atal Bihari Vajpayee Ekana Cricket Stadium, Lucknow",2,5.6,Australia,South Africa,MR Marsh,DA Warner,M Jansen,0,5,5,,,,,,,,
1384401,2023/24,2023-10-12,"Bharat Ratna Shri Atal Bihari Vajpayee Ekana Cricket Stadium, Lucknow",2,5.7,Australia,South Africa,MR Marsh,DA Warner,M Jansen,0,0,,,,,,caught,MR Marsh,,
1384401,2023/24,2023-10-12,"Bharat Ratna Shri Atal Bihari Vajpayee Ekana Cricket Stadium, Lucknow",2,5.8,Australia,South Africa,SPD Smith,DA Warner,M Jansen,0,0,,,,,,,,,
1384401,2023/24,2023-10-12,"Bharat Ratna Shri Atal Bihari Vajpayee Ekana Cricket Stadium, Lucknow",2,6.1,Australia,South Africa,DA Warner,SPD Smith,L Ngidi,0,0,,,,,,,,,
1384401,2023/24,2023-10-12,"Bharat Ratna Shri Atal Bihari Vajpayee Ekana Cricket Stadium, Lucknow",2,6.2,Australia,South Africa,DA Warner,SPD Smith,L Ngidi,0,0,,,,,,,,,
1384401,2023/24,2023-10-12,"Bharat Ratna Shri Atal Bihari Vajpayee Ekana Cricket Stadium, Lucknow",2,6.3,Australia,South Africa,DA Warner,SPD Smith,L Ngidi,0,0,,,,,,,,,
1384401,2023/24,2023-10-12,"Bharat Ratna Shri Atal Bihari Vajpayee Ekana Cricket Stadium, Lucknow",2,6.4,Australia,South Africa,DA Warner,SPD Smith,L Ngidi,0,0,,,,,,,,,
1384401,2023/24,2023-10-12,"Bharat Ratna Shri Atal Bihari Vajpayee Ekana Cricket Stadium, Lucknow",2,6.5,Australia,South Africa,DA Warner,SPD Smith,L Ngidi,0,0,,,,,,,,,
1384401,2023/24,2023-10-12,"Bharat Ratna Shri Atal Bihari Vajpayee Ekana Cricket Stadium, Lucknow",2,6.6,Australia,South Africa,DA Warner,SPD Smith,L Ngidi,0,0,,,,,,caught,DA Warner,,
1384401,2023/24,2023-10-12,"Bharat Ratna Shri Atal Bihari Vajpayee Ekana Cricket Stadium, Lucknow",2,7.1,Australia,South Africa,SPD Smith,M Labuschagne,M Jansen,0,0,,,,,,,,,
1384401,2023/24,2023-10-12,"Bharat Ratna Shri Atal Bihari Vajpayee Ekana Cricket Stadium, Lucknow",2,7.2,Australia,South Africa,SPD Smith,M Labuschagne,M Jansen,4,0,,,,,,,,,
1384401,2023/24,2023-10-12,"Bharat Ratna Shri Atal Bihari Vajpayee Ekana Cricket Stadium, Lucknow",2,7.3,Australia,South Africa,SPD Smith,M Labuschagne,M Jansen,0,0,,,,,,,,,
1384401,2023/24,2023-10-12,"Bharat Ratna Shri Atal Bihari Vajpayee Ekana Cricket Stadium, Lucknow",2,7.4,Australia,South Africa,SPD Smith,M Labuschagne,M Jansen,0,0,,,,,,,,,
1384401,2023/24,2023-10-12,"Bharat Ratna Shri Atal Bihari Vajpayee Ekana Cricket Stadium, Lucknow",2,7.5,Australia,South Africa,SPD Smith,M Labuschagne,M Jansen,0,0,,,,,,,,,
1384401,2023/24,2023-10-12,"Bharat Ratna Shri Atal Bihari Vajpayee Ekana Cricket Stadium, Lucknow",2,7.6,Australia,South Africa,SPD Smith,M Labuschagne,M Jansen,0,1,1,,,,,,,,
1384401,2023/24,2023-10-12,"Bharat Ratna Shri Atal Bihari Vajpayee Ekana Cricket Stadium, Lucknow",2,7.7,Australia,South Africa,SPD Smith,M Labuschagne,M Jansen,4,0,,,,,,,,,
1384401,2023/24,2023-10-12,"Bharat Ratna Shri Atal Bihari Vajpayee Ekana Cricket Stadium, Lucknow",2,8.1,Australia,South Africa,M Labuschagne,SPD Smith,L Ngidi,2,0,,,,,,,,,
1384401,2023/24,2023-10-12,"Bharat Ratna Shri Atal Bihari Vajpayee Ekana Cricket Stadium, Lucknow",2,8.2,Australia,South Africa,M Labuschagne,SPD Smith,L Ngidi,0,1,,,,1,,,,,
1384401,2023/24,2023-10-12,"Bharat Ratna Shri Atal Bihari Vajpayee Ekana Cricket Stadium, Lucknow",2,8.3,Australia,South Africa,SPD Smith,M Labuschagne,L Ngidi,0,0,,,,,,,,,
1384401,2023/24,2023-10-12,"Bharat Ratna Shri Atal Bihari Vajpayee Ekana Cricket Stadium, Lucknow",2,8.4,Australia,South Africa,SPD Smith,M Labuschagne,L Ngidi,0,0,,,,,,,,,
1384401,2023/24,2023-10-12,"Bharat Ratna Shri Atal Bihari Vajpayee Ekana Cricket Stadium, Lucknow",2,8.5,Australia,South Africa,SPD Smith,M Labuschagne,L Ngidi,2,0,,,,,,,,,
1384401,2023/24,2023-10-12,"Bharat Ratna Shri Atal Bihari Vajpayee Ekana Cricket Stadium, Lucknow",2,8.6,Australia,South Africa,SPD Smith,M Labuschagne,L Ngidi,1,0,,,,,,,,,
1384401,2023/24,2023-10-12,"Bharat Ratna Shri Atal Bihari Vajpayee Ekana Cricket Stadium, Lucknow",2,9.1,Australia,South Africa,SPD Smith,M Labuschagne,K Rabada,0,0,,,,,,,,,
1384401,2023/24,2023-10-12,"Bharat Ratna Shri Atal Bihari Vajpayee Ekana Cricket Stadium, Lucknow",2,9.2,Australia,South Africa,SPD Smith,M Labuschagne,K Rabada,0,0,,,,,,,,,
1384401,2023/24,2023-10-12,"Bharat Ratna Shri Atal Bihari Vajpayee Ekana Cricket Stadium, Lucknow",2,9.3,Australia,South Africa,SPD Smith,M Labuschagne,K Rabada,4,0,,,,,,,,,
1384401,2023/24,2023-10-12,"Bharat Ratna Shri Atal Bihari Vajpayee Ekana Cricket Stadium, Lucknow",2,9.4,Australia,South Africa,SPD Smith,M Labuschagne,K Rabada,4,0,,,,,,,,,
1384401,2023/24,2023-10-12,"Bharat Ratna Shri Atal Bihari Vajpayee Ekana Cricket Stadium, Lucknow",2,9.5,Australia,South Africa,SPD Smith,M Labuschagne,K Rabada,0,0,,,,,,lbw,SPD Smith,,
1384401,2023/24,2023-10-12,"Bharat Ratna Shri Atal Bihari Vajpayee Ekana Cricket Stadium, Lucknow",2,9.6,Australia,South Africa,JP Inglis,M Labuschagne,K Rabada,0,0,,,,,,,,,
1384401,2023/24,2023-10-12,"Bharat Ratna Shri Atal Bihari Vajpayee Ekana Cricket Stadium, Lucknow",2,10.1,Australia,South Africa,M Labuschagne,JP Inglis,KA Maharaj,0,0,,,,,,,,,
1384401,2023/24,2023-10-12,"Bharat Ratna Shri Atal Bihari Vajpayee Ekana Cricket Stadium, Lucknow",2,10.2,Australia,South Africa,M Labuschagne,JP Inglis,KA Maharaj,0,0,,,,,,,,,
1384401,2023/24,2023-10-12,"Bharat Ratna Shri Atal Bihari Vajpayee Ekana Cricket Stadium, Lucknow",2,10.3,Australia,South Africa,M Labuschagne,JP Inglis,KA Maharaj,0,0,,,,,,,,,
1384401,2023/24,2023-10-12,"Bharat Ratna Shri Atal Bihari Vajpayee Ekana Cricket Stadium, Lucknow",2,10.4,Australia,South Africa,M Labuschagne,JP Inglis,KA Maharaj,1,0,,,,,,,,,
1384401,2023/24,2023-10-12,"Bharat Ratna Shri Atal Bihari Vajpayee Ekana Cricket Stadium, Lucknow",2,10.5,Australia,South Africa,JP Inglis,M Labuschagne,KA Maharaj,4,0,,,,,,,,,
1384401,2023/24,2023-10-12,"Bharat Ratna Shri Atal Bihari Vajpayee Ekana Cricket Stadium, Lucknow",2,10.6,Australia,South Africa,JP Inglis,M Labuschagne,KA Maharaj,1,0,,,,,,,,,
1384401,2023/24,2023-10-12,"Bharat Ratna Shri Atal Bihari Vajpayee Ekana Cricket Stadium, Lucknow",2,11.1,Australia,South Africa,JP Inglis,M Labuschagne,K Rabada,0,0,,,,,,bowled,JP Inglis,,
1384401,2023/24,2023-10-12,"Bharat Ratna Shri Atal Bihari Vajpayee Ekana Cricket Stadium, Lucknow",2,11.2,Australia,South Africa,GJ Maxwell,M Labuschagne,K Rabada,0,0,,,,,,,,,
1384401,2023/24,2023-10-12,"Bharat Ratna Shri Atal Bihari Vajpayee Ekana Cricket Stadium, Lucknow",2,11.3,Australia,South Africa,GJ Maxwell,M Labuschagne,K Rabada,0,0,,,,,,,,,
1384401,2023/24,2023-10-12,"Bharat Ratna Shri Atal Bihari Vajpayee Ekana Cricket Stadium, Lucknow",2,11.4,Australia,South Africa,GJ Maxwell,M Labuschagne,K Rabada,0,1,,,,1,,,,,
1384401,2023/24,2023-10-12,"Bharat Ratna Shri Atal Bihari Vajpayee Ekana Cricket Stadium, Lucknow",2,11.5,Australia,South Africa,M Labuschagne,GJ Maxwell,K Rabada,0,0,,,,,,,,,
1384401,2023/24,2023-10-12,"Bharat Ratna Shri Atal Bihari Vajpayee Ekana Cricket Stadium, Lucknow",2,11.6,Australia,South Africa,M Labuschagne,GJ Maxwell,K Rabada,0,0,,,,,,,,,
1384401,2023/24,2023-10-12,"Bharat Ratna Shri Atal Bihari Vajpayee Ekana Cricket Stadium, Lucknow",2,12.1,Australia,South Africa,GJ Maxwell,M Labuschagne,KA Maharaj,0,0,,,,,,,,,
1384401,2023/24,2023-10-12,"Bharat Ratna Shri Atal Bihari Vajpayee Ekana Cricket Stadium, Lucknow",2,12.2,Australia,South Africa,GJ Maxwell,M Labuschagne,KA Maharaj,1,0,,,,,,,,,
1384401,2023/24,2023-10-12,"Bharat Ratna Shri Atal Bihari Vajpayee Ekana Cricket Stadium, Lucknow",2,12.3,Australia,South Africa,M Labuschagne,GJ Maxwell,KA Maharaj,0,0,,,,,,,,,
1384401,2023/24,2023-10-12,"Bharat Ratna Shri Atal Bihari Vajpayee Ekana Cricket Stadium, Lucknow",2,12.4,Australia,South Africa,M Labuschagne,GJ Maxwell,KA Maharaj,0,0,,,,,,,,,
1384401,2023/24,2023-10-12,"Bharat Ratna Shri Atal Bihari Vajpayee Ekana Cricket Stadium, Lucknow",2,12.5,Australia,South Africa,M Labuschagne,GJ Maxwell,KA Maharaj,0,0,,,,,,,,,
1384401,2023/24,2023-10-12,"Bharat Ratna Shri Atal Bihari Vajpayee Ekana Cricket Stadium, Lucknow",2,12.6,Australia,South Africa,M Labuschagne,GJ Maxwell,KA Maharaj,0,0,,,,,,,,,
1384401,2023/24,2023-10-12,"Bharat Ratna Shri Atal Bihari Vajpayee Ekana Cricket Stadium, Lucknow",2,13.1,Australia,South Africa,GJ Maxwell,M Labuschagne,K Rabada,0,0,,,,,,,,,
1384401,2023/24,2023-10-12,"Bharat Ratna Shri Atal Bihari Vajpayee Ekana Cricket Stadium, Lucknow",2,13.2,Australia,South Africa,GJ Maxwell,M Labuschagne,K Rabada,0,0,,,,,,,,,
1384401,2023/24,2023-10-12,"Bharat Ratna Shri Atal Bihari Vajpayee Ekana Cricket Stadium, Lucknow",2,13.3,Australia,South Africa,GJ Maxwell,M Labuschagne,K Rabada,0,0,,,,,,,,,
1384401,2023/24,2023-10-12,"Bharat Ratna Shri Atal Bihari Vajpayee Ekana Cricket Stadium, Lucknow",2,13.4,Australia,South Africa,GJ Maxwell,M Labuschagne,K Rabada,0,0,,,,,,,,,
1384401,2023/24,2023-10-12,"Bharat Ratna Shri Atal Bihari Vajpayee Ekana Cricket Stadium, Lucknow",2,13.5,Australia,South Africa,GJ Maxwell,M Labuschagne,K Rabada,2,0,,,,,,,,,
1384401,2023/24,2023-10-12,"Bharat Ratna Shri Atal Bihari Vajpayee Ekana Cricket Stadium, Lucknow",2,13.6,Australia,South Africa,GJ Maxwell,M Labuschagne,K Rabada,0,0,,,,,,,,,
1384401,2023/24,2023-10-12,"Bharat Ratna Shri Atal Bihari Vajpayee Ekana Cricket Stadium, Lucknow",2,14.1,Australia,South Africa,M Labuschagne,GJ Maxwell,KA Maharaj,1,0,,,,,,,,,
1384401,2023/24,2023-10-12,"Bharat Ratna Shri Atal Bihari Vajpayee Ekana Cricket Stadium, Lucknow",2,14.2,Australia,South Africa,GJ Maxwell,M Labuschagne,KA Maharaj,0,0,,,,,,,,,
1384401,2023/24,2023-10-12,"Bharat Ratna Shri Atal Bihari Vajpayee Ekana Cricket Stadium, Lucknow",2,14.3,Australia,South Africa,GJ Maxwell,M Labuschagne,KA Maharaj,0,0,,,,,,,,,
1384401,2023/24,2023-10-12,"Bharat Ratna Shri Atal Bihari Vajpayee Ekana Cricket Stadium, Lucknow",2,14.4,Australia,South Africa,GJ Maxwell,M Labuschagne,KA Maharaj,0,0,,,,,,,,,
1384401,2023/24,2023-10-12,"Bharat Ratna Shri Atal Bihari Vajpayee Ekana Cricket Stadium, Lucknow",2,14.5,Australia,South Africa,GJ Maxwell,M Labuschagne,KA Maharaj,0,0,,,,,,,,,
1384401,2023/24,2023-10-12,"Bharat Ratna Shri Atal Bihari Vajpayee Ekana Cricket Stadium, Lucknow",2,14.6,Australia,South Africa,GJ Maxwell,M Labuschagne,KA Maharaj,0,0,,,,,,,,,
1384401,2023/24,2023-10-12,"Bharat Ratna Shri Atal Bihari Vajpayee Ekana Cricket Stadium, Lucknow",2,15.1,Australia,South Africa,M Labuschagne,GJ Maxwell,K Rabada,4,0,,,,,,,,,
1384401,2023/24,2023-10-12,"Bharat Ratna Shri Atal Bihari Vajpayee Ekana Cricket Stadium, Lucknow",2,15.2,Australia,South Africa,M Labuschagne,GJ Maxwell,K Rabada,0,0,,,,,,,,,
1384401,2023/24,2023-10-12,"Bharat Ratna Shri Atal Bihari Vajpayee Ekana Cricket Stadium, Lucknow",2,15.3,Australia,South Africa,M Labuschagne,GJ Maxwell,K Rabada,0,0,,,,,,,,,
1384401,2023/24,2023-10-12,"Bharat Ratna Shri Atal Bihari Vajpayee Ekana Cricket Stadium, Lucknow",2,15.4,Australia,South Africa,M Labuschagne,GJ Maxwell,K Rabada,0,0,,,,,,,,,
1384401,2023/24,2023-10-12,"Bharat Ratna Shri Atal Bihari Vajpayee Ekana Cricket Stadium, Lucknow",2,15.5,Australia,South Africa,M Labuschagne,GJ Maxwell,K Rabada,0,0,,,,,,,,,
1384401,2023/24,2023-10-12,"Bharat Ratna Shri Atal Bihari Vajpayee Ekana Cricket Stadium, Lucknow",2,15.6,Australia,South Africa,M Labuschagne,GJ Maxwell,K Rabada,0,0,,,,,,,,,
1384401,2023/24,2023-10-12,"Bharat Ratna Shri Atal Bihari Vajpayee Ekana Cricket Stadium, Lucknow",2,16.1,Australia,South Africa,GJ Maxwell,M Labuschagne,KA Maharaj,0,0,,,,,,caught and bowled,GJ Maxwell,,
1384401,2023/24,2023-10-12,"Bharat Ratna Shri Atal Bihari Vajpayee Ekana Cricket Stadium, Lucknow",2,16.2,Australia,South Africa,MP Stoinis,M Labuschagne,KA Maharaj,4,0,,,,,,,,,
1384401,2023/24,2023-10-12,"Bharat Ratna Shri Atal Bihari Vajpayee Ekana Cricket Stadium, Lucknow",2,16.3,Australia,South Africa,MP Stoinis,M Labuschagne,KA Maharaj,1,0,,,,,,,,,
1384401,2023/24,2023-10-12,"Bharat Ratna Shri Atal Bihari Vajpayee Ekana Cricket Stadium, Lucknow",2,16.4,Australia,South Africa,M Labuschagne,MP Stoinis,KA Maharaj,0,0,,,,,,,,,
1384401,2023/24,2023-10-12,"Bharat Ratna Shri Atal Bihari Vajpayee Ekana Cricket Stadium, Lucknow",2,16.5,Australia,South Africa,M Labuschagne,MP Stoinis,KA Maharaj,0,0,,,,,,,,,
1384401,2023/24,2023-10-12,"Bharat Ratna Shri Atal Bihari Vajpayee Ekana Cricket Stadium, Lucknow",2,16.6,Australia,South Africa,M Labuschagne,MP Stoinis,KA Maharaj,0,0,,,,,,,,,
1384401,2023/24,2023-10-12,"Bharat Ratna Shri Atal Bihari Vajpayee Ekana Cricket Stadium, Lucknow",2,17.1,Australia,South Africa,MP Stoinis,M Labuschagne,K Rabada,0,0,,,,,,,,,
1384401,2023/24,2023-10-12,"Bharat Ratna Shri Atal Bihari Vajpayee Ekana Cricket Stadium, Lucknow",2,17.2,Australia,South Africa,MP Stoinis,M Labuschagne,K Rabada,0,0,,,,,,caught,MP Stoinis,,
1384401,2023/24,2023-10-12,"Bharat Ratna Shri Atal Bihari Vajpayee Ekana Cricket Stadium, Lucknow",2,17.3,Australia,South Africa,MA Starc,M Labuschagne,K Rabada,0,1,1,,,,,,,,
1384401,2023/24,2023-10-12,"Bharat Ratna Shri Atal Bihari Vajpayee Ekana Cricket Stadium, Lucknow",2,17.4,Australia,South Africa,MA Starc,M Labuschagne,K Rabada,0,0,,,,,,,,,
1384401,2023/24,2023-10-12,"Bharat Ratna Shri Atal Bihari Vajpayee Ekana Cricket Stadium, Lucknow",2,17.5,Australia,South Africa,MA Starc,M Labuschagne,K Rabada,0,0,,,,,,,,,
1384401,2023/24,2023-10-12,"Bharat Ratna Shri Atal Bihari Vajpayee Ekana Cricket Stadium, Lucknow",2,17.6,Australia,South Africa,MA Starc,M Labuschagne,K Rabada,0,0,,,,,,,,,
1384401,2023/24,2023-10-12,"Bharat Ratna Shri Atal Bihari Vajpayee Ekana Cricket Stadium, Lucknow",2,17.7,Australia,South Africa,MA Starc,M Labuschagne,K Rabada,0,0,,,,,,,,,
1384401,2023/24,2023-10-12,"Bharat Ratna Shri Atal Bihari Vajpayee Ekana Cricket Stadium, Lucknow",2,18.1,Australia,South Africa,M Labuschagne,MA Starc,KA Maharaj,1,0,,,,,,,,,
1384401,2023/24,2023-10-12,"Bharat Ratna Shri Atal Bihari Vajpayee Ekana Cricket Stadium, Lucknow",2,18.2,Australia,South Africa,MA Starc,M Labuschagne,KA Maharaj,0,0,,,,,,,,,
1384401,2023/24,2023-10-12,"Bharat Ratna Shri Atal Bihari Vajpayee Ekana Cricket Stadium, Lucknow",2,18.3,Australia,South Africa,MA Starc,M Labuschagne,KA Maharaj,0,0,,,,,,,,,
1384401,2023/24,2023-10-12,"Bharat Ratna Shri Atal Bihari Vajpayee Ekana Cricket Stadium, Lucknow",2,18.4,Australia,South Africa,MA Starc,M Labuschagne,KA Maharaj,0,0,,,,,,,,,
1384401,2023/24,2023-10-12,"Bharat Ratna Shri Atal Bihari Vajpayee Ekana Cricket Stadium, Lucknow",2,18.5,Australia,South Africa,MA Starc,M Labuschagne,KA Maharaj,1,0,,,,,,,,,
1384401,2023/24,2023-10-12,"Bharat Ratna Shri Atal Bihari Vajpayee Ekana Cricket Stadium, Lucknow",2,18.6,Australia,South Africa,M Labuschagne,MA Starc,KA Maharaj,0,0,,,,,,,,,
1384401,2023/24,2023-10-12,"Bharat Ratna Shri Atal Bihari Vajpayee Ekana Cricket Stadium, Lucknow",2,19.1,Australia,South Africa,MA Starc,M Labuschagne,K Rabada,4,0,,,,,,,,,
1384401,2023/24,2023-10-12,"Bharat Ratna Shri Atal Bihari Vajpayee Ekana Cricket Stadium, Lucknow",2,19.2,Australia,South Africa,MA Starc,M Labuschagne,K Rabada,1,0,,,,,,,,,
1384401,2023/24,2023-10-12,"Bharat Ratna Shri Atal Bihari Vajpayee Ekana Cricket Stadium, Lucknow",2,19.3,Australia,South Africa,M Labuschagne,MA Starc,K Rabada,0,1,,1,,,,,,,
1384401,2023/24,2023-10-12,"Bharat Ratna Shri Atal Bihari Vajpayee Ekana Cricket Stadium, Lucknow",2,19.4,Australia,South Africa,M Labuschagne,MA Starc,K Rabada,1,0,,,,,,,,,
1384401,2023/24,2023-10-12,"Bharat Ratna Shri Atal Bihari Vajpayee Ekana Cricket Stadium, Lucknow",2,19.5,Australia,South Africa,MA Starc,M Labuschagne,K Rabada,0,0,,,,,,,,,
1384401,2023/24,2023-10-12,"Bharat Ratna Shri Atal Bihari Vajpayee Ekana Cricket Stadium, Lucknow",2,19.6,Australia,South Africa,MA Starc,M Labuschagne,K Rabada,0,0,,,,,,,,,
1384401,2023/24,2023-10-12,"Bharat Ratna Shri Atal Bihari Vajpayee Ekana Cricket Stadium, Lucknow",2,19.7,Australia,South Africa,MA Starc,M Labuschagne,K Rabada,0,0,,,,,,,,,
1384401,2023/24,2023-10-12,"Bharat Ratna Shri Atal Bihari Vajpayee Ekana Cricket Stadium, Lucknow",2,20.1,Australia,South Africa,M Labuschagne,MA Starc,KA Maharaj,2,0,,,,,,,,,
1384401,2023/24,2023-10-12,"Bharat Ratna Shri Atal Bihari Vajpayee Ekana Cricket Stadium, Lucknow",2,20.2,Australia,South Africa,M Labuschagne,MA Starc,KA Maharaj,0,0,,,,,,,,,
1384401,2023/24,2023-10-12,"Bharat Ratna Shri Atal Bihari Vajpayee Ekana Cricket Stadium, Lucknow",2,20.3,Australia,South Africa,M Labuschagne,MA Starc,KA Maharaj,1,0,,,,,,,,,
1384401,2023/24,2023-10-12,"Bharat Ratna Shri Atal Bihari Vajpayee Ekana Cricket Stadium, Lucknow",2,20.4,Australia,South Africa,MA Starc,M Labuschagne,KA Maharaj,0,1,1,,,,,,,,
1384401,2023/24,2023-10-12,"Bharat Ratna Shri Atal Bihari Vajpayee Ekana Cricket Stadium, Lucknow",2,20.5,Australia,South Africa,MA Starc,M Labuschagne,KA Maharaj,0,0,,,,,,,,,
1384401,2023/24,2023-10-12,"Bharat Ratna Shri Atal Bihari Vajpayee Ekana Cricket Stadium, Lucknow",2,20.6,Australia,South Africa,MA Starc,M Labuschagne,KA Maharaj,0,0,,,,,,,,,
1384401,2023/24,2023-10-12,"Bharat Ratna Shri Atal Bihari Vajpayee Ekana Cricket Stadium, Lucknow",2,20.7,Australia,South Africa,MA Starc,M Labuschagne,KA Maharaj,0,0,,,,,,,,,
1384401,2023/24,2023-10-12,"Bharat Ratna Shri Atal Bihari Vajpayee Ekana Cricket Stadium, Lucknow",2,21.1,Australia,South Africa,M Labuschagne,MA Starc,T Shamsi,0,0,,,,,,,,,
1384401,2023/24,2023-10-12,"Bharat Ratna Shri Atal Bihari Vajpayee Ekana Cricket Stadium, Lucknow",2,21.2,Australia,South Africa,M Labuschagne,MA Starc,T Shamsi,1,0,,,,,,,,,
1384401,2023/24,2023-10-12,"Bharat Ratna Shri Atal Bihari Vajpayee Ekana Cricket Stadium, Lucknow",2,21.3,Australia,South Africa,MA Starc,M Labuschagne,T Shamsi,0,0,,,,,,,,,
1384401,2023/24,2023-10-12,"Bharat Ratna Shri Atal Bihari Vajpayee Ekana Cricket Stadium, Lucknow",2,21.4,Australia,South Africa,MA Starc,M Labuschagne,T Shamsi,0,0,,,,,,,,,
1384401,2023/24,2023-10-12,"Bharat Ratna Shri Atal Bihari Vajpayee Ekana Cricket Stadium, Lucknow",2,21.5,Australia,South Africa,MA Starc,M Labuschagne,T Shamsi,1,0,,,,,,,,,
1384401,2023/24,2023-10-12,"Bharat Ratna Shri Atal Bihari Vajpayee Ekana Cricket Stadium, Lucknow",2,21.6,Australia,South Africa,M Labuschagne,MA Starc,T Shamsi,1,0,,,,,,,,,
1384401,2023/24,2023-10-12,"Bharat Ratna Shri Atal Bihari Vajpayee Ekana Cricket Stadium, Lucknow",2,22.1,Australia,South Africa,M Labuschagne,MA Starc,KA Maharaj,0,0,,,,,,,,,
1384401,2023/24,2023-10-12,"Bharat Ratna Shri Atal Bihari Vajpayee Ekana Cricket Stadium, Lucknow",2,22.2,Australia,South Africa,M Labuschagne,MA Starc,KA Maharaj,1,0,,,,,,,,,
1384401,2023/24,2023-10-12,"Bharat Ratna Shri Atal Bihari Vajpayee Ekana Cricket Stadium, Lucknow",2,22.3,Australia,South Africa,MA Starc,M Labuschagne,KA Maharaj,1,0,,,,,,,,,
1384401,2023/24,2023-10-12,"Bharat Ratna Shri Atal Bihari Vajpayee Ekana Cricket Stadium, Lucknow",2,22.4,Australia,South Africa,M Labuschagne,MA Starc,KA Maharaj,1,0,,,,,,,,,
1384401,2023/24,2023-10-12,"Bharat Ratna Shri Atal Bihari Vajpayee Ekana Cricket Stadium, Lucknow",2,22.5,Australia,South Africa,MA Starc,M Labuschagne,KA Maharaj,0,0,,,,,,,,,
1384401,2023/24,2023-10-12,"Bharat Ratna Shri Atal Bihari Vajpayee Ekana Cricket Stadium, Lucknow",2,22.6,Australia,South Africa,MA Starc,M Labuschagne,KA Maharaj,0,0,,,,,,,,,
1384401,2023/24,2023-10-12,"Bharat Ratna Shri Atal Bihari Vajpayee Ekana Cricket Stadium, Lucknow",2,23.1,Australia,South Africa,M Labuschagne,MA Starc,T Shamsi,0,0,,,,,,,,,
1384401,2023/24,2023-10-12,"Bharat Ratna Shri Atal Bihari Vajpayee Ekana Cricket Stadium, Lucknow",2,23.2,Australia,South Africa,M Labuschagne,MA Starc,T Shamsi,2,0,,,,,,,,,
1384401,2023/24,2023-10-12,"Bharat Ratna Shri Atal Bihari Vajpayee Ekana Cricket Stadium, Lucknow",2,23.3,Australia,South Africa,M Labuschagne,MA Starc,T Shamsi,0,0,,,,,,,,,
1384401,2023/24,2023-10-12,"Bharat Ratna Shri Atal Bihari Vajpayee Ekana Cricket Stadium, Lucknow",2,23.4,Australia,South Africa,M Labuschagne,MA Starc,T Shamsi,0,0,,,,,,,,,
1384401,2023/24,2023-10-12,"Bharat Ratna Shri Atal Bihari Vajpayee Ekana Cricket Stadium, Lucknow",2,23.5,Australia,South Africa,M Labuschagne,MA Starc,T Shamsi,0,0,,,,,,,,,
1384401,2023/24,2023-10-12,"Bharat Ratna Shri Atal Bihari Vajpayee Ekana Cricket Stadium, Lucknow",2,23.6,Australia,South Africa,M Labuschagne,MA Starc,T Shamsi,1,0,,,,,,,,,
1384401,2023/24,2023-10-12,"Bharat Ratna Shri Atal Bihari Vajpayee Ekana Cricket Stadium, Lucknow",2,24.1,Australia,South Africa,M Labuschagne,MA Starc,L Ngidi,0,0,,,,,,,,,
1384401,2023/24,2023-10-12,"Bharat Ratna Shri Atal Bihari Vajpayee Ekana Cricket Stadium, Lucknow",2,24.2,Australia,South Africa,M Labuschagne,MA Starc,L Ngidi,0,0,,,,,,,,,
1384401,2023/24,2023-10-12,"Bharat Ratna Shri Atal Bihari Vajpayee Ekana Cricket Stadium, Lucknow",2,24.3,Australia,South Africa,M Labuschagne,MA Starc,L Ngidi,0,0,,,,,,,,,
1384401,2023/24,2023-10-12,"Bharat Ratna Shri Atal Bihari Vajpayee Ekana Cricket Stadium, Lucknow",2,24.4,Australia,South Africa,M Labuschagne,MA Starc,L Ngidi,0,0,,,,,,,,,
1384401,2023/24,2023-10-12,"Bharat Ratna Shri Atal Bihari Vajpayee Ekana Cricket Stadium, Lucknow",2,24.5,Australia,South Africa,M Labuschagne,MA Starc,L Ngidi,2,0,,,,,,,,,
1384401,2023/24,2023-10-12,"Bharat Ratna Shri Atal Bihari Vajpayee Ekana Cricket Stadium, Lucknow",2,24.6,Australia,South Africa,M Labuschagne,MA Starc,L Ngidi,0,0,,,,,,,,,
1384401,2023/24,2023-10-12,"Bharat Ratna Shri Atal Bihari Vajpayee Ekana Cricket Stadium, Lucknow",2,25.1,Australia,South Africa,MA Starc,M Labuschagne,T Shamsi,4,0,,,,,,,,,
1384401,2023/24,2023-10-12,"Bharat Ratna Shri Atal Bihari Vajpayee Ekana Cricket Stadium, Lucknow",2,25.2,Australia,South Africa,MA Starc,M Labuschagne,T Shamsi,2,0,,,,,,,,,
1384401,2023/24,2023-10-12,"Bharat Ratna Shri Atal Bihari Vajpayee Ekana Cricket Stadium, Lucknow",2,25.3,Australia,South Africa,MA Starc,M Labuschagne,T Shamsi,1,0,,,,,,,,,
1384401,2023/24,2023-10-12,"Bharat Ratna Shri Atal Bihari Vajpayee Ekana Cricket Stadium, Lucknow",2,25.4,Australia,South Africa,M Labuschagne,MA Starc,T Shamsi,1,0,,,,,,,,,
1384401,2023/24,2023-10-12,"Bharat Ratna Shri Atal Bihari Vajpayee Ekana Cricket Stadium, Lucknow",2,25.5,Australia,South Africa,MA Starc,M Labuschagne,T Shamsi,0,0,,,,,,,,,
1384401,2023/24,2023-10-12,"Bharat Ratna Shri Atal Bihari Vajpayee Ekana Cricket Stadium, Lucknow",2,25.6,Australia,South Africa,MA Starc,M Labuschagne,T Shamsi,1,0,,,,,,,,,
1384401,2023/24,2023-10-12,"Bharat Ratna Shri Atal Bihari Vajpayee Ekana Cricket Stadium, Lucknow",2,26.1,Australia,South Africa,MA Starc,M Labuschagne,L Ngidi,1,0,,,,,,,,,
1384401,2023/24,2023-10-12,"Bharat Ratna Shri Atal Bihari Vajpayee Ekana Cricket Stadium, Lucknow",2,26.2,Australia,South Africa,M Labuschagne,MA Starc,L Ngidi,1,0,,,,,,,,,
1384401,2023/24,2023-10-12,"Bharat Ratna Shri Atal Bihari Vajpayee Ekana Cricket Stadium, Lucknow",2,26.3,Australia,South Africa,MA Starc,M Labuschagne,L Ngidi,0,0,,,,,,,,,
1384401,2023/24,2023-10-12,"Bharat Ratna Shri Atal Bihari Vajpayee Ekana Cricket Stadium, Lucknow",2,26.4,Australia,South Africa,MA Starc,M Labuschagne,L Ngidi,0,0,,,,,,,,,
1384401,2023/24,2023-10-12,"Bharat Ratna Shri Atal Bihari Vajpayee Ekana Cricket Stadium, Lucknow",2,26.5,Australia,South Africa,MA Starc,M Labuschagne,L Ngidi,0,1,,,,1,,,,,
1384401,2023/24,2023-10-12,"Bharat Ratna Shri Atal Bihari Vajpayee Ekana Cricket Stadium, Lucknow",2,26.6,Australia,South Africa,M Labuschagne,MA Starc,L Ngidi,1,0,,,,,,,,,
1384401,2023/24,2023-10-12,"Bharat Ratna Shri Atal Bihari Vajpayee Ekana Cricket Stadium, Lucknow",2,27.1,Australia,South Africa,M Labuschagne,MA Starc,T Shamsi,0,0,,,,,,,,,
1384401,2023/24,2023-10-12,"Bharat Ratna Shri Atal Bihari Vajpayee Ekana Cricket Stadium, Lucknow",2,27.2,Australia,South Africa,M Labuschagne,MA Starc,T Shamsi,1,0,,,,,,,,,
1384401,2023/24,2023-10-12,"Bharat Ratna Shri Atal Bihari Vajpayee Ekana Cricket Stadium, Lucknow",2,27.3,Australia,South Africa,MA Starc,M Labuschagne,T Shamsi,1,0,,,,,,,,,
1384401,2023/24,2023-10-12,"Bharat Ratna Shri Atal Bihari Vajpayee Ekana Cricket Stadium, Lucknow",2,27.4,Australia,South Africa,M Labuschagne,MA Starc,T Shamsi,0,0,,,,,,,,,
1384401,2023/24,2023-10-12,"Bharat Ratna Shri Atal Bihari Vajpayee Ekana Cricket Stadium, Lucknow",2,27.5,Australia,South Africa,M Labuschagne,MA Starc,T Shamsi,1,0,,,,,,,,,
1384401,2023/24,2023-10-12,"Bharat Ratna Shri Atal Bihari Vajpayee Ekana Cricket Stadium, Lucknow",2,27.6,Australia,South Africa,MA Starc,M Labuschagne,T Shamsi,0,0,,,,,,,,,
1384401,2023/24,2023-10-12,"Bharat Ratna Shri Atal Bihari Vajpayee Ekana Cricket Stadium, Lucknow",2,28.1,Australia,South Africa,M Labuschagne,MA Starc,L Ngidi,1,0,,,,,,,,,
1384401,2023/24,2023-10-12,"Bharat Ratna Shri Atal Bihari Vajpayee Ekana Cricket Stadium, Lucknow",2,28.2,Australia,South Africa,MA Starc,M Labuschagne,L Ngidi,0,0,,,,,,,,,
1384401,2023/24,2023-10-12,"Bharat Ratna Shri Atal Bihari Vajpayee Ekana Cricket Stadium, Lucknow",2,28.3,Australia,South Africa,MA Starc,M Labuschagne,L Ngidi,0,1,1,,,,,,,,
1384401,2023/24,2023-10-12,"Bharat Ratna Shri Atal Bihari Vajpayee Ekana Cricket Stadium, Lucknow",2,28.4,Australia,South Africa,MA Starc,M Labuschagne,L Ngidi,1,0,,,,,,,,,
1384401,2023/24,2023-10-12,"Bharat Ratna Shri Atal Bihari Vajpayee Ekana Cricket Stadium, Lucknow",2,28.5,Australia,South Africa,M Labuschagne,MA Starc,L Ngidi,0,0,,,,,,,,,
1384401,2023/24,2023-10-12,"Bharat Ratna Shri Atal Bihari Vajpayee Ekana Cricket Stadium, Lucknow",2,28.6,Australia,South Africa,M Labuschagne,MA Starc,L Ngidi,0,0,,,,,,,,,
1384401,2023/24,2023-10-12,"Bharat Ratna Shri Atal Bihari Vajpayee Ekana Cricket Stadium, Lucknow",2,28.7,Australia,South Africa,M Labuschagne,MA Starc,L Ngidi,1,0,,,,,,,,,
1384401,2023/24,2023-10-12,"Bharat Ratna Shri Atal Bihari Vajpayee Ekana Cricket Stadium, Lucknow",2,29.1,Australia,South Africa,M Labuschagne,MA Starc,T Shamsi,0,0,,,,,,,,,
1384401,2023/24,2023-10-12,"Bharat Ratna Shri Atal Bihari Vajpayee Ekana Cricket Stadium, Lucknow",2,29.2,Australia,South Africa,M Labuschagne,MA Starc,T Shamsi,4,0,,,,,,,,,
1384401,2023/24,2023-10-12,"Bharat Ratna Shri Atal Bihari Vajpayee Ekana Cricket Stadium, Lucknow",2,29.3,Australia,South Africa,M Labuschagne,MA Starc,T Shamsi,4,0,,,,,,,,,
1384401,2023/24,2023-10-12,"Bharat Ratna Shri Atal Bihari Vajpayee Ekana Cricket Stadium, Lucknow",2,29.4,Australia,South Africa,M Labuschagne,MA Starc,T Shamsi,1,0,,,,,,,,,
1384401,2023/24,2023-10-12,"Bharat Ratna Shri Atal Bihari Vajpayee Ekana Cricket Stadium, Lucknow",2,29.5,Australia,South Africa,MA Starc,M Labuschagne,T Shamsi,0,0,,,,,,,,,
1384401,2023/24,2023-10-12,"Bharat Ratna Shri Atal Bihari Vajpayee Ekana Cricket Stadium, Lucknow",2,29.6,Australia,South Africa,MA Starc,M Labuschagne,T Shamsi,1,0,,,,,,,,,
1384401,2023/24,2023-10-12,"Bharat Ratna Shri Atal Bihari Vajpayee Ekana Cricket Stadium, Lucknow",2,30.1,Australia,South Africa,MA Starc,M Labuschagne,KA Maharaj,0,0,,,,,,,,,
1384401,2023/24,2023-10-12,"Bharat Ratna Shri Atal Bihari Vajpayee Ekana Cricket Stadium, Lucknow",2,30.2,Australia,South Africa,MA Starc,M Labuschagne,KA Maharaj,1,0,,,,,,,,,
1384401,2023/24,2023-10-12,"Bharat Ratna Shri Atal Bihari Vajpayee Ekana Cricket Stadium, Lucknow",2,30.3,Australia,South Africa,M Labuschagne,MA Starc,KA Maharaj,1,0,,,,,,,,,
1384401,2023/24,2023-10-12,"Bharat Ratna Shri Atal Bihari Vajpayee Ekana Cricket Stadium, Lucknow",2,30.4,Australia,South Africa,MA Starc,M Labuschagne,KA Maharaj,0,0,,,,,,,,,
1384401,2023/24,2023-10-12,"Bharat Ratna Shri Atal Bihari Vajpayee Ekana Cricket Stadium, Lucknow",2,30.5,Australia,South Africa,MA Starc,M Labuschagne,KA Maharaj,0,0,,,,,,,,,
1384401,2023/24,2023-10-12,"Bharat Ratna Shri Atal Bihari Vajpayee Ekana Cricket Stadium, Lucknow",2,30.6,Australia,South Africa,MA Starc,M Labuschagne,KA Maharaj,1,0,,,,,,,,,
1384401,2023/24,2023-10-12,"Bharat Ratna Shri Atal Bihari Vajpayee Ekana Cricket Stadium, Lucknow",2,31.1,Australia,South Africa,MA Starc,M Labuschagne,M Jansen,0,0,,,,,,,,,
1384401,2023/24,2023-10-12,"Bharat Ratna Shri Atal Bihari Vajpayee Ekana Cricket Stadium, Lucknow",2,31.2,Australia,South Africa,MA Starc,M Labuschagne,M Jansen,0,0,,,,,,,,,
1384401,2023/24,2023-10-12,"Bharat Ratna Shri Atal Bihari Vajpayee Ekana Cricket Stadium, Lucknow",2,31.3,Australia,South Africa,MA Starc,M Labuschagne,M Jansen,4,0,,,,,,,,,
1384401,2023/24,2023-10-12,"Bharat Ratna Shri Atal Bihari Vajpayee Ekana Cricket Stadium, Lucknow",2,31.4,Australia,South Africa,MA Starc,M Labuschagne,M Jansen,0,0,,,,,,,,,
1384401,2023/24,2023-10-12,"Bharat Ratna Shri Atal Bihari Vajpayee Ekana Cricket Stadium, Lucknow",2,31.5,Australia,South Africa,MA Starc,M Labuschagne,M Jansen,1,0,,,,,,,,,
1384401,2023/24,2023-10-12,"Bharat Ratna Shri Atal Bihari Vajpayee Ekana Cricket Stadium, Lucknow",2,31.6,Australia,South Africa,M Labuschagne,MA Starc,M Jansen,1,0,,,,,,,,,
1384401,2023/24,2023-10-12,"Bharat Ratna Shri Atal Bihari Vajpayee Ekana Cricket Stadium, Lucknow",2,32.1,Australia,South Africa,M Labuschagne,MA Starc,KA Maharaj,0,0,,,,,,,,,
1384401,2023/24,2023-10-12,"Bharat Ratna Shri Atal Bihari Vajpayee Ekana Cricket Stadium, Lucknow",2,32.2,Australia,South Africa,M Labuschagne,MA Starc,KA Maharaj,0,0,,,,,,,,,
1384401,2023/24,2023-10-12,"Bharat Ratna Shri Atal Bihari Vajpayee Ekana Cricket Stadium, Lucknow",2,32.3,Australia,South Africa,M Labuschagne,MA Starc,KA Maharaj,2,0,,,,,,,,,
1384401,2023/24,2023-10-12,"Bharat Ratna Shri Atal Bihari Vajpayee Ekana Cricket Stadium, Lucknow",2,32.4,Australia,South Africa,M Labuschagne,MA Starc,KA Maharaj,1,0,,,,,,,,,
1384401,2023/24,2023-10-12,"Bharat Ratna Shri Atal Bihari Vajpayee Ekana Cricket Stadium, Lucknow",2,32.5,Australia,South Africa,MA Starc,M Labuschagne,KA Maharaj,0,0,,,,,,,,,
1384401,2023/24,2023-10-12,"Bharat Ratna Shri Atal Bihari Vajpayee Ekana Cricket Stadium, Lucknow",2,32.6,Australia,South Africa,MA Starc,M Labuschagne,KA Maharaj,0,1,1,,,,,,,,
1384401,2023/24,2023-10-12,"Bharat Ratna Shri Atal Bihari Vajpayee Ekana Cricket Stadium, Lucknow",2,32.7,Australia,South Africa,MA Starc,M Labuschagne,KA Maharaj,0,0,,,,,,,,,
1384401,2023/24,2023-10-12,"Bharat Ratna Shri Atal Bihari Vajpayee Ekana Cricket Stadium, Lucknow",2,33.1,Australia,South Africa,M Labuschagne,MA Starc,M Jansen,1,0,,,,,,,,,
1384401,2023/24,2023-10-12,"Bharat Ratna Shri Atal Bihari Vajpayee Ekana Cricket Stadium, Lucknow",2,33.2,Australia,South Africa,MA Starc,M Labuschagne,M Jansen,0,0,,,,,,,,,
1384401,2023/24,2023-10-12,"Bharat Ratna Shri Atal Bihari Vajpayee Ekana Cricket Stadium, Lucknow",2,33.3,Australia,South Africa,MA Starc,M Labuschagne,M Jansen,0,0,,,,,,caught,MA Starc,,
1384401,2023/24,2023-10-12,"Bharat Ratna Shri Atal Bihari Vajpayee Ekana Cricket Stadium, Lucknow",2,33.4,Australia,South Africa,PJ Cummins,M Labuschagne,M Jansen,1,0,,,,,,,,,
1384401,2023/24,2023-10-12,"Bharat Ratna Shri Atal Bihari Vajpayee Ekana Cricket Stadium, Lucknow",2,33.5,Australia,South Africa,M Labuschagne,PJ Cummins,M Jansen,0,0,,,,,,,,,
1384401,2023/24,2023-10-12,"Bharat Ratna Shri Atal Bihari Vajpayee Ekana Cricket Stadium, Lucknow",2,33.6,Australia,South Africa,M Labuschagne,PJ Cummins,M Jansen,2,0,,,,,,,,,
1384401,2023/24,2023-10-12,"Bharat Ratna Shri Atal Bihari Vajpayee Ekana Cricket Stadium, Lucknow",2,34.1,Australia,South Africa,PJ Cummins,M Labuschagne,KA Maharaj,1,0,,,,,,,,,
1384401,2023/24,2023-10-12,"Bharat Ratna Shri Atal Bihari Vajpayee Ekana Cricket Stadium, Lucknow",2,34.2,Australia,South Africa,M Labuschagne,PJ Cummins,KA Maharaj,0,0,,,,,,,,,
1384401,2023/24,2023-10-12,"Bharat Ratna Shri Atal Bihari Vajpayee Ekana Cricket Stadium, Lucknow",2,34.3,Australia,South Africa,M Labuschagne,PJ Cummins,KA Maharaj,0,0,,,,,,,,,
1384401,2023/24,2023-10-12,"Bharat Ratna Shri Atal Bihari Vajpayee Ekana Cricket Stadium, Lucknow",2,34.4,Australia,South Africa,M Labuschagne,PJ Cummins,KA Maharaj,0,0,,,,,,caught,M Labuschagne,,
1384401,2023/24,2023-10-12,"Bharat Ratna Shri Atal Bihari Vajpayee Ekana Cricket Stadium, Lucknow",2,34.5,Australia,South Africa,A Zampa,PJ Cummins,KA Maharaj,0,0,,,,,,,,,
1384401,2023/24,2023-10-12,"Bharat Ratna Shri Atal Bihari Vajpayee Ekana Cricket Stadium, Lucknow",2,34.6,Australia,South Africa,A Zampa,PJ Cummins,KA Maharaj,0,0,,,,,,,,,
1384401,2023/24,2023-10-12,"Bharat Ratna Shri Atal Bihari Vajpayee Ekana Cricket Stadium, Lucknow",2,35.1,Australia,South Africa,PJ Cummins,A Zampa,M Jansen,4,0,,,,,,,,,
1384401,2023/24,2023-10-12,"Bharat Ratna Shri Atal Bihari Vajpayee Ekana Cricket Stadium, Lucknow",2,35.2,Australia,South Africa,PJ Cummins,A Zampa,M Jansen,0,0,,,,,,,,,
1384401,2023/24,2023-10-12,"Bharat Ratna Shri Atal Bihari Vajpayee Ekana Cricket Stadium, Lucknow",2,35.3,Australia,South Africa,PJ Cummins,A Zampa,M Jansen,4,0,,,,,,,,,
1384401,2023/24,2023-10-12,"Bharat Ratna Shri Atal Bihari Vajpayee Ekana Cricket Stadium, Lucknow",2,35.4,Australia,South Africa,PJ Cummins,A Zampa,M Jansen,4,0,,,,,,,,,
1384401,2023/24,2023-10-12,"Bharat Ratna Shri Atal Bihari Vajpayee Ekana Cricket Stadium, Lucknow",2,35.5,Australia,South Africa,PJ Cummins,A Zampa,M Jansen,0,1,1,,,,,,,,
1384401,2023/24,2023-10-12,"Bharat Ratna Shri Atal Bihari Vajpayee Ekana Cricket Stadium, Lucknow",2,35.6,Australia,South Africa,PJ Cummins,A Zampa,M Jansen,0,0,,,,,,,,,
1384401,2023/24,2023-10-12,"Bharat Ratna Shri Atal Bihari Vajpayee Ekana Cricket Stadium, Lucknow",2,35.7,Australia,South Africa,PJ Cummins,A Zampa,M Jansen,0,0,,,,,,,,,
1384401,2023/24,2023-10-12,"Bharat Ratna Shri Atal Bihari Vajpayee Ekana Cricket Stadium, Lucknow",2,36.1,Australia,South Africa,A Zampa,PJ Cummins,T Shamsi,4,0,,,,,,,,,
1384401,2023/24,2023-10-12,"Bharat Ratna Shri Atal Bihari Vajpayee Ekana Cricket Stadium, Lucknow",2,36.2,Australia,South Africa,A Zampa,PJ Cummins,T Shamsi,0,0,,,,,,,,,
1384401,2023/24,2023-10-12,"Bharat Ratna Shri Atal Bihari Vajpayee Ekana Cricket Stadium, Lucknow",2,36.3,Australia,South Africa,A Zampa,PJ Cummins,T Shamsi,1,0,,,,,,,,,
1384401,2023/24,2023-10-12,"Bharat Ratna Shri Atal Bihari Vajpayee Ekana Cricket Stadium, Lucknow",2,36.4,Australia,South Africa,PJ Cummins,A Zampa,T Shamsi,0,0,,,,,,,,,
1384401,2023/24,2023-10-12,"Bharat Ratna Shri Atal Bihari Vajpayee Ekana Cricket Stadium, Lucknow",2,36.5,Australia,South Africa,PJ Cummins,A Zampa,T Shamsi,0,0,,,,,,,,,
1384401,2023/24,2023-10-12,"Bharat Ratna Shri Atal Bihari Vajpayee Ekana Cricket Stadium, Lucknow",2,36.6,Australia,South Africa,PJ Cummins,A Zampa,T Shamsi,1,0,,,,,,,,,
1384401,2023/24,2023-10-12,"Bharat Ratna Shri Atal Bihari Vajpayee Ekana Cricket Stadium, Lucknow",2,37.1,Australia,South Africa,PJ Cummins,A Zampa,K Rabada,0,0,,,,,,,,,
1384401,2023/24,2023-10-12,"Bharat Ratna Shri Atal Bihari Vajpayee Ekana Cricket Stadium, Lucknow",2,37.2,Australia,South Africa,PJ Cummins,A Zampa,K Rabada,4,0,,,,,,,,,
1384401,2023/24,2023-10-12,"Bharat Ratna Shri Atal Bihari Vajpayee Ekana Cricket Stadium, Lucknow",2,37.3,Australia,South Africa,PJ Cummins,A Zampa,K Rabada,0,0,,,,,,,,,
1384401,2023/24,2023-10-12,"Bharat Ratna Shri Atal Bihari Vajpayee Ekana Cricket Stadium, Lucknow",2,37.4,Australia,South Africa,PJ Cummins,A Zampa,K Rabada,2,0,,,,,,,,,
1384401,2023/24,2023-10-12,"Bharat Ratna Shri Atal Bihari Vajpayee Ekana Cricket Stadium, Lucknow",2,37.5,Australia,South Africa,PJ Cummins,A Zampa,K Rabada,0,0,,,,,,,,,
1384401,2023/24,2023-10-12,"Bharat Ratna Shri Atal Bihari Vajpayee Ekana Cricket Stadium, Lucknow",2,37.6,Australia,South Africa,PJ Cummins,A Zampa,K Rabada,0,0,,,,,,,,,
1384401,2023/24,2023-10-12,"Bharat Ratna Shri Atal Bihari Vajpayee Ekana Cricket Stadium, Lucknow",2,38.1,Australia,South Africa,A Zampa,PJ Cummins,T Shamsi,0,0,,,,,,,,,
1384401,2023/24,2023-10-12,"Bharat Ratna Shri Atal Bihari Vajpayee Ekana Cricket Stadium, Lucknow",2,38.2,Australia,South Africa,A Zampa,PJ Cummins,T Shamsi,0,0,,,,,,,,,
1384401,2023/24,2023-10-12,"Bharat Ratna Shri Atal Bihari Vajpayee Ekana Cricket Stadium, Lucknow",2,38.3,Australia,South Africa,A Zampa,PJ Cummins,T Shamsi,0,0,,,,,,,,,
1384401,2023/24,2023-10-12,"Bharat Ratna Shri Atal Bihari Vajpayee Ekana Cricket Stadium, Lucknow",2,38.4,Australia,South Africa,A Zampa,PJ Cummins,T Shamsi,1,0,,,,,,,,,
1384401,2023/24,2023-10-12,"Bharat Ratna Shri Atal Bihari Vajpayee Ekana Cricket Stadium, Lucknow",2,38.5,Australia,South Africa,PJ Cummins,A Zampa,T Shamsi,0,0,,,,,,,,,
1384401,2023/24,2023-10-12,"Bharat Ratna Shri Atal Bihari Vajpayee Ekana Cricket Stadium, Lucknow",2,38.6,Australia,South Africa,PJ Cummins,A Zampa,T Shamsi,0,0,,,,,,,,,
1384401,2023/24,2023-10-12,"Bharat Ratna Shri Atal Bihari Vajpayee Ekana Cricket Stadium, Lucknow",2,39.1,Australia,South Africa,A Zampa,PJ Cummins,K Rabada,0,0,,,,,,,,,
1384401,2023/24,2023-10-12,"Bharat Ratna Shri Atal Bihari Vajpayee Ekana Cricket Stadium, Lucknow",2,39.2,Australia,South Africa,A Zampa,PJ Cummins,K Rabada,0,0,,,,,,,,,
1384401,2023/24,2023-10-12,"Bharat Ratna Shri Atal Bihari Vajpayee Ekana Cricket Stadium, Lucknow",2,39.3,Australia,South Africa,A Zampa,PJ Cummins,K Rabada,1,0,,,,,,,,,
1384401,2023/24,2023-10-12,"Bharat Ratna Shri Atal Bihari Vajpayee Ekana Cricket Stadium, Lucknow",2,39.4,Australia,South Africa,PJ Cummins,A Zampa,K Rabada,1,0,,,,,,,,,
1384401,2023/24,2023-10-12,"Bharat Ratna Shri Atal Bihari Vajpayee Ekana Cricket Stadium, Lucknow",2,39.5,Australia,South Africa,A Zampa,PJ Cummins,K Rabada,2,0,,,,,,,,,
1384401,2023/24,2023-10-12,"Bharat Ratna Shri Atal Bihari Vajpayee Ekana Cricket Stadium, Lucknow",2,39.6,Australia,South Africa,A Zampa,PJ Cummins,K Rabada,1,0,,,,,,,,,
1384401,2023/24,2023-10-12,"Bharat Ratna Shri Atal Bihari Vajpayee Ekana Cricket Stadium, Lucknow",2,40.1,Australia,South Africa,A Zampa,PJ Cummins,T Shamsi,0,0,,,,,,,,,
1384401,2023/24,2023-10-12,"Bharat Ratna Shri Atal Bihari Vajpayee Ekana Cricket Stadium, Lucknow",2,40.2,Australia,South Africa,A Zampa,PJ Cummins,T Shamsi,1,0,,,,,,,,,
1384401,2023/24,2023-10-12,"Bharat Ratna Shri Atal Bihari Vajpayee Ekana Cricket Stadium, Lucknow",2,40.3,Australia,South Africa,PJ Cummins,A Zampa,T Shamsi,0,0,,,,,,caught,PJ Cummins,,
1384401,2023/24,2023-10-12,"Bharat Ratna Shri Atal Bihari Vajpayee Ekana Cricket Stadium, Lucknow",2,40.4,Australia,South Africa,JR Hazlewood,A Zampa,T Shamsi,2,0,,,,,,,,,
1384401,2023/24,2023-10-12,"Bharat Ratna Shri Atal Bihari Vajpayee Ekana Cricket Stadium, Lucknow",2,40.5,Australia,South Africa,JR Hazlewood,A Zampa,T Shamsi,0,0,,,,,,caught,JR Hazlewood,,
