match_id,season,start_date,venue,innings,ball,batting_team,bowling_team,striker,non_striker,bowler,runs_off_bat,extras,wides,noballs,byes,legbyes,penalty,wicket_type,player_dismissed,other_wicket_type,other_player_dismissed
1384427,2023/24,2023-11-04,"Narendra Modi Stadium, Ahmedabad",1,0.1,Australia,England,TM Head,DA Warner,DJ Willey,2,0,,,,,,,,,
1384427,2023/24,2023-11-04,"Narendra Modi Stadium, Ahmedabad",1,0.2,Australia,England,TM Head,DA Warner,DJ Willey,0,0,,,,,,,,,
1384427,2023/24,2023-11-04,"Narendra Modi Stadium, Ahmedabad",1,0.3,Australia,England,TM Head,DA Warner,DJ Willey,0,0,,,,,,,,,
1384427,2023/24,2023-11-04,"Narendra Modi Stadium, Ahmedabad",1,0.4,Australia,England,TM Head,DA Warner,DJ Willey,2,0,,,,,,,,,
1384427,2023/24,2023-11-04,"Narendra Modi Stadium, Ahmedabad",1,0.5,Australia,England,TM Head,DA Warner,DJ Willey,4,0,,,,,,,,,
1384427,2023/24,2023-11-04,"Narendra Modi Stadium, Ahmedabad",1,0.6,Australia,England,TM Head,DA Warner,DJ Willey,1,0,,,,,,,,,
1384427,2023/24,2023-11-04,"Narendra Modi Stadium, Ahmedabad",1,1.1,Australia,England,TM Head,DA Warner,CR Woakes,0,0,,,,,,,,,
1384427,2023/24,2023-11-04,"Narendra Modi Stadium, Ahmedabad",1,1.2,Australia,England,TM Head,DA Warner,CR Woakes,0,0,,,,,,,,,
1384427,2023/24,2023-11-04,"Narendra Modi Stadium, Ahmedabad",1,1.3,Australia,England,TM Head,DA Warner,CR Woakes,2,0,,,,,,,,,
1384427,2023/24,2023-11-04,"Narendra Modi Stadium, Ahmedabad",1,1.4,Australia,England,TM Head,DA Warner,CR Woakes,0,0,,,,,,caught,TM Head,,
1384427,2023/24,2023-11-04,"Narendra Modi Stadium, Ahmedabad",1,1.5,Australia,England,SPD Smith,DA Warner,CR Woakes,0,0,,,,,,,,,
1384427,2023/24,2023-11-04,"Narendra Modi Stadium, Ahmedabad",1,1.6,Australia,England,SPD Smith,DA Warner,CR Woakes,3,0,,,,,,,,,
1384427,2023/24,2023-11-04,"Narendra Modi Stadium, Ahmedabad",1,2.1,Australia,England,SPD Smith,DA Warner,DJ Willey,0,0,,,,,,,,,
1384427,2023/24,2023-11-04,"Narendra Modi Stadium, Ahmedabad",1,2.2,Australia,England,SPD Smith,DA Warner,DJ Willey,1,0,,,,,,,,,
1384427,2023/24,2023-11-04,"Narendra Modi Stadium, Ahmedabad",1,2.3,Australia,England,DA Warner,SPD Smith,DJ Willey,0,0,,,,,,,,,
1384427,2023/24,2023-11-04,"Narendra Modi Stadium, Ahmedabad",1,2.4,Australia,England,DA Warner,SPD Smith,DJ Willey,0,0,,,,,,,,,
1384427,2023/24,2023-11-04,"Narendra Modi Stadium, Ahmedabad",1,2.5,Australia,England,DA Warner,SPD Smith,DJ Willey,0,0,,,,,,,,,
1384427,2023/24,2023-11-04,"Narendra Modi Stadium, Ahmedabad",1,2.6,Australia,England,DA Warner,SPD Smith,DJ Willey,0,0,,,,,,,,,
1384427,2023/24,2023-11-04,"Narendra Modi Stadium, Ahmedabad",1,3.1,Australia,England,SPD Smith,DA Warner,CR Woakes,0,3,,,,3,,,,,
1384427,2023/24,2023-11-04,"Narendra Modi Stadium, Ahmedabad",1,3.2,Australia,England,DA Warner,SPD Smith,CR Woakes,2,0,,,,,,,,,
1384427,2023/24,2023-11-04,"Narendra Modi Stadium, Ahmedabad",1,3.3,Australia,England,DA Warner,SPD Smith,CR Woakes,4,0,,,,,,,,,
1384427,2023/24,2023-11-04,"Narendra Modi Stadium, Ahmedabad",1,3.4,Australia,England,DA Warner,SPD Smith,CR Woakes,0,0,,,,,,,,,
1384427,2023/24,2023-11-04,"Narendra Modi Stadium, Ahmedabad",1,3.5,Australia,England,DA Warner,SPD Smith,CR Woakes,2,0,,,,,,,,,
1384427,2023/24,2023-11-04,"Narendra Modi Stadium, Ahmedabad",1,3.6,Australia,England,DA Warner,SPD Smith,CR Woakes,0,0,,,,,,,,,
1384427,2023/24,2023-11-04,"Narendra Modi Stadium, Ahmedabad",1,4.1,Australia,England,SPD Smith,DA Warner,DJ Willey,1,0,,,,,,,,,
1384427,2023/24,2023-11-04,"Narendra Modi Stadium, Ahmedabad",1,4.2,Australia,England,DA Warner,SPD Smith,DJ Willey,0,0,,,,,,,,,
1384427,2023/24,2023-11-04,"Narendra Modi Stadium, Ahmedabad",1,4.3,Australia,England,DA Warner,SPD Smith,DJ Willey,0,0,,,,,,,,,
1384427,2023/24,2023-11-04,"Narendra Modi Stadium, Ahmedabad",1,4.4,Australia,England,DA Warner,SPD Smith,DJ Willey,1,0,,,,,,,,,
1384427,2023/24,2023-11-04,"Narendra Modi Stadium, Ahmedabad",1,4.5,Australia,England,SPD Smith,DA Warner,DJ Willey,0,0,,,,,,,,,
1384427,2023/24,2023-11-04,"Narendra Modi Stadium, Ahmedabad",1,4.6,Australia,England,SPD Smith,DA Warner,DJ Willey,4,0,,,,,,,,,
1384427,2023/24,2023-11-04,"Narendra Modi Stadium, Ahmedabad",1,5.1,Australia,England,DA Warner,SPD Smith,CR Woakes,0,0,,,,,,,,,
1384427,2023/24,2023-11-04,"Narendra Modi Stadium, Ahmedabad",1,5.2,Australia,England,DA Warner,SPD Smith,CR Woakes,6,0,,,,,,,,,
1384427,2023/24,2023-11-04,"Narendra Modi Stadium, Ahmedabad",1,5.3,Australia,England,DA Warner,SPD Smith,CR Woakes,0,0,,,,,,,,,
1384427,2023/24,2023-11-04,"Narendra Modi Stadium, Ahmedabad",1,5.4,Australia,England,DA Warner,SPD Smith,CR Woakes,0,0,,,,,,caught,DA Warner,,
1384427,2023/24,2023-11-04,"Narendra Modi Stadium, Ahmedabad",1,5.5,Australia,England,M Labuschagne,SPD Smith,CR Woakes,0,0,,,,,,,,,
1384427,2023/24,2023-11-04,"Narendra Modi Stadium, Ahmedabad",1,5.6,Australia,England,M Labuschagne,SPD Smith,CR Woakes,1,0,,,,,,,,,
1384427,2023/24,2023-11-04,"Narendra Modi Stadium, Ahmedabad",1,6.1,Australia,England,M Labuschagne,SPD Smith,DJ Willey,0,0,,,,,,,,,
1384427,2023/24,2023-11-04,"Narendra Modi Stadium, Ahmedabad",1,6.2,Australia,England,M Labuschagne,SPD Smith,DJ Willey,0,0,,,,,,,,,
1384427,2023/24,2023-11-04,"Narendra Modi Stadium, Ahmedabad",1,6.3,Australia,England,M Labuschagne,SPD Smith,DJ Willey,0,0,,,,,,,,,
1384427,2023/24,2023-11-04,"Narendra Modi Stadium, Ahmedabad",1,6.4,Australia,England,M Labuschagne,SPD Smith,DJ Willey,0,0,,,,,,,,,
1384427,2023/24,2023-11-04,"Narendra Modi Stadium, Ahmedabad",1,6.5,Australia,England,M Labuschagne,SPD Smith,DJ Willey,0,0,,,,,,,,,
1384427,2023/24,2023-11-04,"Narendra Modi Stadium, Ahmedabad",1,6.6,Australia,England,M Labuschagne,SPD Smith,DJ Willey,0,0,,,,,,,,,
1384427,2023/24,2023-11-04,"Narendra Modi Stadium, Ahmedabad",1,7.1,Australia,England,SPD Smith,M Labuschagne,CR Woakes,0,0,,,,,,,,,
1384427,2023/24,2023-11-04,"Narendra Modi Stadium, Ahmedabad",1,7.2,Australia,England,SPD Smith,M Labuschagne,CR Woakes,0,0,,,,,,,,,
1384427,2023/24,2023-11-04,"Narendra Modi Stadium, Ahmedabad",1,7.3,Australia,England,SPD Smith,M Labuschagne,CR Woakes,0,0,,,,,,,,,
1384427,2023/24,2023-11-04,"Narendra Modi Stadium, Ahmedabad",1,7.4,Australia,England,SPD Smith,M Labuschagne,CR Woakes,2,0,,,,,,,,,
1384427,2023/24,2023-11-04,"Narendra Modi Stadium, Ahmedabad",1,7.5,Australia,England,SPD Smith,M Labuschagne,CR Woakes,0,0,,,,,,,,,
1384427,2023/24,2023-11-04,"Narendra Modi Stadium, Ahmedabad",1,7.6,Australia,England,SPD Smith,M Labuschagne,CR Woakes,0,0,,,,,,,,,
1384427,2023/24,2023-11-04,"Narendra Modi Stadium, Ahmedabad",1,8.1,Australia,England,M Labuschagne,SPD Smith,DJ Willey,4,0,,,,,,,,,
1384427,2023/24,2023-11-04,"Narendra Modi Stadium, Ahmedabad",1,8.2,Australia,England,M Labuschagne,SPD Smith,DJ Willey,0,0,,,,,,,,,
1384427,2023/24,2023-11-04,"Narendra Modi Stadium, Ahmedabad",1,8.3,Australia,England,M Labuschagne,SPD Smith,DJ Willey,0,1,,,,1,,,,,
1384427,2023/24,2023-11-04,"Narendra Modi Stadium, Ahmedabad",1,8.4,Australia,England,SPD Smith,M Labuschagne,DJ Willey,1,0,,,,,,,,,
1384427,2023/24,2023-11-04,"Narendra Modi Stadium, Ahmedabad",1,8.5,Australia,England,M Labuschagne,SPD Smith,DJ Willey,0,0,,,,,,,,,
1384427,2023/24,2023-11-04,"Narendra Modi Stadium, Ahmedabad",1,8.6,Australia,England,M Labuschagne,SPD Smith,DJ Willey,0,0,,,,,,,,,
1384427,2023/24,2023-11-04,"Narendra Modi Stadium, Ahmedabad",1,9.1,Australia,England,SPD Smith,M Labuschagne,CR Woakes,1,0,,,,,,,,,
1384427,2023/24,2023-11-04,"Narendra Modi Stadium, Ahmedabad",1,9.2,Australia,England,M Labuschagne,SPD Smith,CR Woakes,0,0,,,,,,,,,
1384427,2023/24,2023-11-04,"Narendra Modi Stadium, Ahmedabad",1,9.3,Australia,England,M Labuschagne,SPD Smith,CR Woakes,0,0,,,,,,,,,
1384427,2023/24,2023-11-04,"Narendra Modi Stadium, Ahmedabad",1,9.4,Australia,England,M Labuschagne,SPD Smith,CR Woakes,0,0,,,,,,,,,
1384427,2023/24,2023-11-04,"Narendra Modi Stadium, Ahmedabad",1,9.5,Australia,England,M Labuschagne,SPD Smith,CR Woakes,0,0,,,,,,,,,
1384427,2023/24,2023-11-04,"Narendra Modi Stadium, Ahmedabad",1,9.6,Australia,England,M Labuschagne,SPD Smith,CR Woakes,0,0,,,,,,,,,
1384427,2023/24,2023-11-04,"Narendra Modi Stadium, Ahmedabad",1,10.1,Australia,England,SPD Smith,M Labuschagne,MA Wood,0,0,,,,,,,,,
1384427,2023/24,2023-11-04,"Narendra Modi Stadium, Ahmedabad",1,10.2,Australia,England,SPD Smith,M Labuschagne,MA Wood,0,0,,,,,,,,,
1384427,2023/24,2023-11-04,"Narendra Modi Stadium, Ahmedabad",1,10.3,Australia,England,SPD Smith,M Labuschagne,MA Wood,1,0,,,,,,,,,
1384427,2023/24,2023-11-04,"Narendra Modi Stadium, Ahmedabad",1,10.4,Australia,England,M Labuschagne,SPD Smith,MA Wood,1,0,,,,,,,,,
1384427,2023/24,2023-11-04,"Narendra Modi Stadium, Ahmedabad",1,10.5,Australia,England,SPD Smith,M Labuschagne,MA Wood,1,0,,,,,,,,,
1384427,2023/24,2023-11-04,"Narendra Modi Stadium, Ahmedabad",1,10.6,Australia,England,M Labuschagne,SPD Smith,MA Wood,0,0,,,,,,,,,
1384427,2023/24,2023-11-04,"Narendra Modi Stadium, Ahmedabad",1,11.1,Australia,England,SPD Smith,M Labuschagne,CR Woakes,1,0,,,,,,,,,
1384427,2023/24,2023-11-04,"Narendra Modi Stadium, Ahmedabad",1,11.2,Australia,England,M Labuschagne,SPD Smith,CR Woakes,0,0,,,,,,,,,
1384427,2023/24,2023-11-04,"Narendra Modi Stadium, Ahmedabad",1,11.3,Australia,England,M Labuschagne,SPD Smith,CR Woakes,0,0,,,,,,,,,
1384427,2023/24,2023-11-04,"Narendra Modi Stadium, Ahmedabad",1,11.4,Australia,England,M Labuschagne,SPD Smith,CR Woakes,4,0,,,,,,,,,
1384427,2023/24,2023-11-04,"Narendra Modi Stadium, Ahmedabad",1,11.5,Australia,England,M Labuschagne,SPD Smith,CR Woakes,1,0,,,,,,,,,
1384427,2023/24,2023-11-04,"Narendra Modi Stadium, Ahmedabad",1,11.6,Australia,England,SPD Smith,M Labuschagne,CR Woakes,1,0,,,,,,,,,
1384427,2023/24,2023-11-04,"Narendra Modi Stadium, Ahmedabad",1,12.1,Australia,England,SPD Smith,M Labuschagne,MA Wood,1,0,,,,,,,,,
1384427,2023/24,2023-11-04,"Narendra Modi Stadium, Ahmedabad",1,12.2,Australia,England,M Labuschagne,SPD Smith,MA Wood,0,0,,,,,,,,,
1384427,2023/24,2023-11-04,"Narendra Modi Stadium, Ahmedabad",1,12.3,Australia,England,M Labuschagne,SPD Smith,MA Wood,0,0,,,,,,,,,
1384427,2023/24,2023-11-04,"Narendra Modi Stadium, Ahmedabad",1,12.4,Australia,England,M Labuschagne,SPD Smith,MA Wood,1,0,,,,,,,,,
1384427,2023/24,2023-11-04,"Narendra Modi Stadium, Ahmedabad",1,12.5,Australia,England,SPD Smith,M Labuschagne,MA Wood,0,0,,,,,,,,,
1384427,2023/24,2023-11-04,"Narendra Modi Stadium, Ahmedabad",1,12.6,Australia,England,SPD Smith,M Labuschagne,MA Wood,1,0,,,,,,,,,
1384427,2023/24,2023-11-04,"Narendra Modi Stadium, Ahmedabad",1,13.1,Australia,England,SPD Smith,M Labuschagne,LS Livingstone,0,0,,,,,,,,,
1384427,2023/24,2023-11-04,"Narendra Modi Stadium, Ahmedabad",1,13.2,Australia,England,SPD Smith,M Labuschagne,LS Livingstone,1,0,,,,,,,,,
1384427,2023/24,2023-11-04,"Narendra Modi Stadium, Ahmedabad",1,13.3,Australia,England,M Labuschagne,SPD Smith,LS Livingstone,0,0,,,,,,,,,
1384427,2023/24,2023-11-04,"Narendra Modi Stadium, Ahmedabad",1,13.4,Australia,England,M Labuschagne,SPD Smith,LS Livingstone,1,0,,,,,,,,,
1384427,2023/24,2023-11-04,"Narendra Modi Stadium, Ahmedabad",1,13.5,Australia,England,SPD Smith,M Labuschagne,LS Livingstone,1,0,,,,,,,,,
1384427,2023/24,2023-11-04,"Narendra Modi Stadium, Ahmedabad",1,13.6,Australia,England,M Labuschagne,SPD Smith,LS Livingstone,0,0,,,,,,,,,
1384427,2023/24,2023-11-04,"Narendra Modi Stadium, Ahmedabad",1,14.1,Australia,England,SPD Smith,M Labuschagne,MA Wood,1,0,,,,,,,,,
1384427,2023/24,2023-11-04,"Narendra Modi Stadium, Ahmedabad",1,14.2,Australia,England,M Labuschagne,SPD Smith,MA Wood,0,0,,,,,,,,,
1384427,2023/24,2023-11-04,"Narendra Modi Stadium, Ahmedabad",1,14.3,Australia,England,M Labuschagne,SPD Smith,MA Wood,1,0,,,,,,,,,
1384427,2023/24,2023-11-04,"Narendra Modi Stadium, Ahmedabad",1,14.4,Australia,England,SPD Smith,M Labuschagne,MA Wood,0,0,,,,,,,,,
1384427,2023/24,2023-11-04,"Narendra Modi Stadium, Ahmedabad",1,14.5,Australia,England,SPD Smith,M Labuschagne,MA Wood,1,0,,,,,,,,,
1384427,2023/24,2023-11-04,"Narendra Modi Stadium, Ahmedabad",1,14.6,Australia,England,M Labuschagne,SPD Smith,MA Wood,3,0,,,,,,,,,
1384427,2023/24,2023-11-04,"Narendra Modi Stadium, Ahmedabad",1,15.1,Australia,England,M Labuschagne,SPD Smith,LS Livingstone,2,0,,,,,,,,,
1384427,2023/24,2023-11-04,"Narendra Modi Stadium, Ahmedabad",1,15.2,Australia,England,M Labuschagne,SPD Smith,LS Livingstone,1,0,,,,,,,,,
1384427,2023/24,2023-11-04,"Narendra Modi Stadium, Ahmedabad",1,15.3,Australia,England,SPD Smith,M Labuschagne,LS Livingstone,1,0,,,,,,,,,
1384427,2023/24,2023-11-04,"Narendra Modi Stadium, Ahmedabad",1,15.4,Australia,England,M Labuschagne,SPD Smith,LS Livingstone,0,0,,,,,,,,,
1384427,2023/24,2023-11-04,"Narendra Modi Stadium, Ahmedabad",1,15.5,Australia,England,M Labuschagne,SPD Smith,LS Livingstone,1,0,,,,,,,,,
1384427,2023/24,2023-11-04,"Narendra Modi Stadium, Ahmedabad",1,15.6,Australia,England,SPD Smith,M Labuschagne,LS Livingstone,1,0,,,,,,,,,
1384427,2023/24,2023-11-04,"Narendra Modi Stadium, Ahmedabad",1,16.1,Australia,England,SPD Smith,M Labuschagne,MA Wood,0,0,,,,,,,,,
1384427,2023/24,2023-11-04,"Narendra Modi Stadium, Ahmedabad",1,16.2,Australia,England,SPD Smith,M Labuschagne,MA Wood,1,0,,,,,,,,,
1384427,2023/24,2023-11-04,"Narendra Modi Stadium, Ahmedabad",1,16.3,Australia,England,M Labuschagne,SPD Smith,MA Wood,4,0,,,,,,,,,
1384427,2023/24,2023-11-04,"Narendra Modi Stadium, Ahmedabad",1,16.4,Australia,England,M Labuschagne,SPD Smith,MA Wood,0,1,,,,1,,,,,
1384427,2023/24,2023-11-04,"Narendra Modi Stadium, Ahmedabad",1,16.5,Australia,England,SPD Smith,M Labuschagne,MA Wood,0,0,,,,,,,,,
1384427,2023/24,2023-11-04,"Narendra Modi Stadium, Ahmedabad",1,16.6,Australia,England,SPD Smith,M Labuschagne,MA Wood,0,0,,,,,,,,,
1384427,2023/24,2023-11-04,"Narendra Modi Stadium, Ahmedabad",1,17.1,Australia,England,M Labuschagne,SPD Smith,LS Livingstone,1,0,,,,,,,,,
1384427,2023/24,2023-11-04,"Narendra Modi Stadium, Ahmedabad",1,17.2,Australia,England,SPD Smith,M Labuschagne,LS Livingstone,1,0,,,,,,,,,
1384427,2023/24,2023-11-04,"Narendra Modi Stadium, Ahmedabad",1,17.3,Australia,England,M Labuschagne,SPD Smith,LS Livingstone,1,0,,,,,,,,,
1384427,2023/24,2023-11-04,"Narendra Modi Stadium, Ahmedabad",1,17.4,Australia,England,SPD Smith,M Labuschagne,LS Livingstone,1,0,,,,,,,,,
1384427,2023/24,2023-11-04,"Narendra Modi Stadium, Ahmedabad",1,17.5,Australia,England,M Labuschagne,SPD Smith,LS Livingstone,1,0,,,,,,,,,
1384427,2023/24,2023-11-04,"Narendra Modi Stadium, Ahmedabad",1,17.6,Australia,England,SPD Smith,M Labuschagne,LS Livingstone,1,0,,,,,,,,,
1384427,2023/24,2023-11-04,"Narendra Modi Stadium, Ahmedabad",1,18.1,Australia,England,SPD Smith,M Labuschagne,MM Ali,1,0,,,,,,,,,
1384427,2023/24,2023-11-04,"Narendra Modi Stadium, Ahmedabad",1,18.2,Australia,England,M Labuschagne,SPD Smith,MM Ali,0,0,,,,,,,,,
1384427,2023/24,2023-11-04,"Narendra Modi Stadium, Ahmedabad",1,18.3,Australia,England,M Labuschagne,SPD Smith,MM Ali,0,0,,,,,,,,,
1384427,2023/24,2023-11-04,"Narendra Modi Stadium, Ahmedabad",1,18.4,Australia,England,M Labuschagne,SPD Smith,MM Ali,4,0,,,,,,,,,
1384427,2023/24,2023-11-04,"Narendra Modi Stadium, Ahmedabad",1,18.5,Australia,England,M Labuschagne,SPD Smith,MM Ali,1,0,,,,,,,,,
1384427,2023/24,2023-11-04,"Narendra Modi Stadium, Ahmedabad",1,18.6,Australia,England,SPD Smith,M Labuschagne,MM Ali,4,0,,,,,,,,,
1384427,2023/24,2023-11-04,"Narendra Modi Stadium, Ahmedabad",1,19.1,Australia,England,M Labuschagne,SPD Smith,AU Rashid,0,0,,,,,,,,,
1384427,2023/24,2023-11-04,"Narendra Modi Stadium, Ahmedabad",1,19.2,Australia,England,M Labuschagne,SPD Smith,AU Rashid,1,0,,,,,,,,,
1384427,2023/24,2023-11-04,"Narendra Modi Stadium, Ahmedabad",1,19.3,Australia,England,SPD Smith,M Labuschagne,AU Rashid,1,0,,,,,,,,,
1384427,2023/24,2023-11-04,"Narendra Modi Stadium, Ahmedabad",1,19.4,Australia,England,M Labuschagne,SPD Smith,AU Rashid,1,0,,,,,,,,,
1384427,2023/24,2023-11-04,"Narendra Modi Stadium, Ahmedabad",1,19.5,Australia,England,SPD Smith,M Labuschagne,AU Rashid,0,0,,,,,,,,,
1384427,2023/24,2023-11-04,"Narendra Modi Stadium, Ahmedabad",1,19.6,Australia,England,SPD Smith,M Labuschagne,AU Rashid,0,0,,,,,,,,,
1384427,2023/24,2023-11-04,"Narendra Modi Stadium, Ahmedabad",1,20.1,Australia,England,M Labuschagne,SPD Smith,MM Ali,1,0,,,,,,,,,
1384427,2023/24,2023-11-04,"Narendra Modi Stadium, Ahmedabad",1,20.2,Australia,England,SPD Smith,M Labuschagne,MM Ali,4,0,,,,,,,,,
1384427,2023/24,2023-11-04,"Narendra Modi Stadium, Ahmedabad",1,20.3,Australia,England,SPD Smith,M Labuschagne,MM Ali,2,0,,,,,,,,,
1384427,2023/24,2023-11-04,"Narendra Modi Stadium, Ahmedabad",1,20.4,Australia,England,SPD Smith,M Labuschagne,MM Ali,1,0,,,,,,,,,
1384427,2023/24,2023-11-04,"Narendra Modi Stadium, Ahmedabad",1,20.5,Australia,England,M Labuschagne,SPD Smith,MM Ali,1,0,,,,,,,,,
1384427,2023/24,2023-11-04,"Narendra Modi Stadium, Ahmedabad",1,20.6,Australia,England,SPD Smith,M Labuschagne,MM Ali,1,0,,,,,,,,,
1384427,2023/24,2023-11-04,"Narendra Modi Stadium, Ahmedabad",1,21.1,Australia,England,SPD Smith,M Labuschagne,AU Rashid,1,0,,,,,,,,,
1384427,2023/24,2023-11-04,"Narendra Modi Stadium, Ahmedabad",1,21.2,Australia,England,M Labuschagne,SPD Smith,AU Rashid,1,0,,,,,,,,,
1384427,2023/24,2023-11-04,"Narendra Modi Stadium, Ahmedabad",1,21.3,Australia,England,SPD Smith,M Labuschagne,AU Rashid,0,0,,,,,,,,,
1384427,2023/24,2023-11-04,"Narendra Modi Stadium, Ahmedabad",1,21.4,Australia,England,SPD Smith,M Labuschagne,AU Rashid,0,0,,,,,,caught,SPD Smith,,
1384427,2023/24,2023-11-04,"Narendra Modi Stadium, Ahmedabad",1,21.5,Australia,England,JP Inglis,M Labuschagne,AU Rashid,1,0,,,,,,,,,
1384427,2023/24,2023-11-04,"Narendra Modi Stadium, Ahmedabad",1,21.6,Australia,England,M Labuschagne,JP Inglis,AU Rashid,0,0,,,,,,,,,
1384427,2023/24,2023-11-04,"Narendra Modi Stadium, Ahmedabad",1,22.1,Australia,England,JP Inglis,M Labuschagne,MM Ali,1,0,,,,,,,,,
1384427,2023/24,2023-11-04,"Narendra Modi Stadium, Ahmedabad",1,22.2,Australia,England,M Labuschagne,JP Inglis,MM Ali,0,0,,,,,,,,,
1384427,2023/24,2023-11-04,"Narendra Modi Stadium, Ahmedabad",1,22.3,Australia,England,M Labuschagne,JP Inglis,MM Ali,1,0,,,,,,,,,
1384427,2023/24,2023-11-04,"Narendra Modi Stadium, Ahmedabad",1,22.4,Australia,England,JP Inglis,M Labuschagne,MM Ali,0,0,,,,,,,,,
1384427,2023/24,2023-11-04,"Narendra Modi Stadium, Ahmedabad",1,22.5,Australia,England,JP Inglis,M Labuschagne,MM Ali,0,0,,,,,,,,,
1384427,2023/24,2023-11-04,"Narendra Modi Stadium, Ahmedabad",1,22.6,Australia,England,JP Inglis,M Labuschagne,MM Ali,1,0,,,,,,,,,
1384427,2023/24,2023-11-04,"Narendra Modi Stadium, Ahmedabad",1,23.1,Australia,England,JP Inglis,M Labuschagne,AU Rashid,0,0,,,,,,caught,JP Inglis,,
1384427,2023/24,2023-11-04,"Narendra Modi Stadium, Ahmedabad",1,23.2,Australia,England,C Green,M Labuschagne,AU Rashid,0,0,,,,,,,,,
1384427,2023/24,2023-11-04,"Narendra Modi Stadium, Ahmedabad",1,23.3,Australia,England,C Green,M Labuschagne,AU Rashid,1,0,,,,,,,,,
1384427,2023/24,2023-11-04,"Narendra Modi Stadium, Ahmedabad",1,23.4,Australia,England,M Labuschagne,C Green,AU Rashid,1,0,,,,,,,,,
1384427,2023/24,2023-11-04,"Narendra Modi Stadium, Ahmedabad",1,23.5,Australia,England,C Green,M Labuschagne,AU Rashid,0,0,,,,,,,,,
1384427,2023/24,2023-11-04,"Narendra Modi Stadium, Ahmedabad",1,23.6,Australia,England,C Green,M Labuschagne,AU Rashid,0,0,,,,,,,,,
1384427,2023/24,2023-11-04,"Narendra Modi Stadium, Ahmedabad",1,24.1,Australia,England,M Labuschagne,C Green,MM Ali,0,0,,,,,,,,,
1384427,2023/24,2023-11-04,"Narendra Modi Stadium, Ahmedabad",1,24.2,Australia,England,M Labuschagne,C Green,MM Ali,4,0,,,,,,,,,
1384427,2023/24,2023-11-04,"Narendra Modi Stadium, Ahmedabad",1,24.3,Australia,England,M Labuschagne,C Green,MM Ali,1,0,,,,,,,,,
1384427,2023/24,2023-11-04,"Narendra Modi Stadium, Ahmedabad",1,24.4,Australia,England,C Green,M Labuschagne,MM Ali,0,0,,,,,,,,,
1384427,2023/24,2023-11-04,"Narendra Modi Stadium, Ahmedabad",1,24.5,Australia,England,C Green,M Labuschagne,MM Ali,0,0,,,,,,,,,
1384427,2023/24,2023-11-04,"Narendra Modi Stadium, Ahmedabad",1,24.6,Australia,England,C Green,M Labuschagne,MM Ali,0,0,,,,,,,,,
1384427,2023/24,2023-11-04,"Narendra Modi Stadium, Ahmedabad",1,25.1,Australia,England,M Labuschagne,C Green,AU Rashid,2,0,,,,,,,,,
1384427,2023/24,2023-11-04,"Narendra Modi Stadium, Ahmedabad",1,25.2,Australia,England,M Labuschagne,C Green,AU Rashid,2,0,,,,,,,,,
1384427,2023/24,2023-11-04,"Narendra Modi Stadium, Ahmedabad",1,25.3,Australia,England,M Labuschagne,C Green,AU Rashid,0,0,,,,,,,,,
1384427,2023/24,2023-11-04,"Narendra Modi Stadium, Ahmedabad",1,25.4,Australia,England,M Labuschagne,C Green,AU Rashid,1,0,,,,,,,,,
1384427,2023/24,2023-11-04,"Narendra Modi Stadium, Ahmedabad",1,25.5,Australia,England,C Green,M Labuschagne,AU Rashid,0,0,,,,,,,,,
1384427,2023/24,2023-11-04,"Narendra Modi Stadium, Ahmedabad",1,25.6,Australia,England,C Green,M Labuschagne,AU Rashid,0,0,,,,,,,,,
1384427,2023/24,2023-11-04,"Narendra Modi Stadium, Ahmedabad",1,26.1,Australia,England,M Labuschagne,C Green,LS Livingstone,1,0,,,,,,,,,
1384427,2023/24,2023-11-04,"Narendra Modi Stadium, Ahmedabad",1,26.2,Australia,England,C Green,M Labuschagne,LS Livingstone,2,0,,,,,,,,,
1384427,2023/24,2023-11-04,"Narendra Modi Stadium, Ahmedabad",1,26.3,Australia,England,C Green,M Labuschagne,LS Livingstone,1,0,,,,,,,,,
1384427,2023/24,2023-11-04,"Narendra Modi Stadium, Ahmedabad",1,26.4,Australia,England,M Labuschagne,C Green,LS Livingstone,1,0,,,,,,,,,
1384427,2023/24,2023-11-04,"Narendra Modi Stadium, Ahmedabad",1,26.5,Australia,England,C Green,M Labuschagne,LS Livingstone,4,0,,,,,,,,,
1384427,2023/24,2023-11-04,"Narendra Modi Stadium, Ahmedabad",1,26.6,Australia,England,C Green,M Labuschagne,LS Livingstone,0,0,,,,,,,,,
1384427,2023/24,2023-11-04,"Narendra Modi Stadium, Ahmedabad",1,27.1,Australia,England,M Labuschagne,C Green,AU Rashid,0,0,,,,,,,,,
1384427,2023/24,2023-11-04,"Narendra Modi Stadium, Ahmedabad",1,27.2,Australia,England,M Labuschagne,C Green,AU Rashid,1,0,,,,,,,,,
1384427,2023/24,2023-11-04,"Narendra Modi Stadium, Ahmedabad",1,27.3,Australia,England,C Green,M Labuschagne,AU Rashid,1,0,,,,,,,,,
1384427,2023/24,2023-11-04,"Narendra Modi Stadium, Ahmedabad",1,27.4,Australia,England,M Labuschagne,C Green,AU Rashid,0,0,,,,,,,,,
1384427,2023/24,2023-11-04,"Narendra Modi Stadium, Ahmedabad",1,27.5,Australia,England,M Labuschagne,C Green,AU Rashid,2,0,,,,,,,,,
1384427,2023/24,2023-11-04,"Narendra Modi Stadium, Ahmedabad",1,27.6,Australia,England,M Labuschagne,C Green,AU Rashid,4,0,,,,,,,,,
1384427,2023/24,2023-11-04,"Narendra Modi Stadium, Ahmedabad",1,28.1,Australia,England,C Green,M Labuschagne,LS Livingstone,1,0,,,,,,,,,
1384427,2023/24,2023-11-04,"Narendra Modi Stadium, Ahmedabad",1,28.2,Australia,England,M Labuschagne,C Green,LS Livingstone,2,0,,,,,,,,,
1384427,2023/24,2023-11-04,"Narendra Modi Stadium, Ahmedabad",1,28.3,Australia,England,M Labuschagne,C Green,LS Livingstone,1,0,,,,,,,,,
1384427,2023/24,2023-11-04,"Narendra Modi Stadium, Ahmedabad",1,28.4,Australia,England,C Green,M Labuschagne,LS Livingstone,0,0,,,,,,,,,
1384427,2023/24,2023-11-04,"Narendra Modi Stadium, Ahmedabad",1,28.5,Australia,England,C Green,M Labuschagne,LS Livingstone,2,0,,,,,,,,,
1384427,2023/24,2023-11-04,"Narendra Modi Stadium, Ahmedabad",1,28.6,Australia,England,C Green,M Labuschagne,LS Livingstone,0,0,,,,,,,,,
1384427,2023/24,2023-11-04,"Narendra Modi Stadium, Ahmedabad",1,29.1,Australia,England,M Labuschagne,C Green,AU Rashid,0,0,,,,,,,,,
1384427,2023/24,2023-11-04,"Narendra Modi Stadium, Ahmedabad",1,29.2,Australia,England,M Labuschagne,C Green,AU Rashid,0,0,,,,,,,,,
1384427,2023/24,2023-11-04,"Narendra Modi Stadium, Ahmedabad",1,29.3,Australia,England,M Labuschagne,C Green,AU Rashid,0,0,,,,,,,,,
1384427,2023/24,2023-11-04,"Narendra Modi Stadium, Ahmedabad",1,29.4,Australia,England,M Labuschagne,C Green,AU Rashid,0,0,,,,,,,,,
1384427,2023/24,2023-11-04,"Narendra Modi Stadium, Ahmedabad",1,29.5,Australia,England,M Labuschagne,C Green,AU Rashid,0,0,,,,,,,,,
1384427,2023/24,2023-11-04,"Narendra Modi Stadium, Ahmedabad",1,29.6,Australia,England,M Labuschagne,C Green,AU Rashid,1,0,,,,,,,,,
1384427,2023/24,2023-11-04,"Narendra Modi Stadium, Ahmedabad",1,30.1,Australia,England,M Labuschagne,C Green,MA Wood,1,0,,,,,,,,,
1384427,2023/24,2023-11-04,"Narendra Modi Stadium, Ahmedabad",1,30.2,Australia,England,C Green,M Labuschagne,MA Wood,0,0,,,,,,,,,
1384427,2023/24,2023-11-04,"Narendra Modi Stadium, Ahmedabad",1,30.3,Australia,England,C Green,M Labuschagne,MA Wood,4,0,,,,,,,,,
1384427,2023/24,2023-11-04,"Narendra Modi Stadium, Ahmedabad",1,30.4,Australia,England,C Green,M Labuschagne,MA Wood,0,0,,,,,,,,,
1384427,2023/24,2023-11-04,"Narendra Modi Stadium, Ahmedabad",1,30.5,Australia,England,C Green,M Labuschagne,MA Wood,0,0,,,,,,,,,
1384427,2023/24,2023-11-04,"Narendra Modi Stadium, Ahmedabad",1,30.6,Australia,England,C Green,M Labuschagne,MA Wood,4,0,,,,,,,,,
1384427,2023/24,2023-11-04,"Narendra Modi Stadium, Ahmedabad",1,31.1,Australia,England,M Labuschagne,C Green,AU Rashid,1,0,,,,,,,,,
1384427,2023/24,2023-11-04,"Narendra Modi Stadium, Ahmedabad",1,31.2,Australia,England,C Green,M Labuschagne,AU Rashid,0,0,,,,,,,,,
1384427,2023/24,2023-11-04,"Narendra Modi Stadium, Ahmedabad",1,31.3,Australia,England,C Green,M Labuschagne,AU Rashid,0,0,,,,,,,,,
1384427,2023/24,2023-11-04,"Narendra Modi Stadium, Ahmedabad",1,31.4,Australia,England,C Green,M Labuschagne,AU Rashid,0,0,,,,,,,,,
1384427,2023/24,2023-11-04,"Narendra Modi Stadium, Ahmedabad",1,31.5,Australia,England,C Green,M Labuschagne,AU Rashid,1,0,,,,,,,,,
1384427,2023/24,2023-11-04,"Narendra Modi Stadium, Ahmedabad",1,31.6,Australia,England,M Labuschagne,C Green,AU Rashid,2,0,,,,,,,,,
1384427,2023/24,2023-11-04,"Narendra Modi Stadium, Ahmedabad",1,32.1,Australia,England,C Green,M Labuschagne,MA Wood,0,1,1,,,,,,,,
1384427,2023/24,2023-11-04,"Narendra Modi Stadium, Ahmedabad",1,32.2,Australia,England,C Green,M Labuschagne,MA Wood,2,0,,,,,,,,,
1384427,2023/24,2023-11-04,"Narendra Modi Stadium, Ahmedabad",1,32.3,Australia,England,C Green,M Labuschagne,MA Wood,2,0,,,,,,,,,
1384427,2023/24,2023-11-04,"Narendra Modi Stadium, Ahmedabad",1,32.4,Australia,England,C Green,M Labuschagne,MA Wood,0,1,1,,,,,,,,
1384427,2023/24,2023-11-04,"Narendra Modi Stadium, Ahmedabad",1,32.5,Australia,England,C Green,M Labuschagne,MA Wood,0,0,,,,,,,,,
1384427,2023/24,2023-11-04,"Narendra Modi Stadium, Ahmedabad",1,32.6,Australia,England,C Green,M Labuschagne,MA Wood,0,1,1,,,,,,,,
1384427,2023/24,2023-11-04,"Narendra Modi Stadium, Ahmedabad",1,32.7,Australia,England,C Green,M Labuschagne,MA Wood,1,0,,,,,,,,,
1384427,2023/24,2023-11-04,"Narendra Modi Stadium, Ahmedabad",1,32.8,Australia,England,M Labuschagne,C Green,MA Wood,4,0,,,,,,,,,
1384427,2023/24,2023-11-04,"Narendra Modi Stadium, Ahmedabad",1,32.9,Australia,England,M Labuschagne,C Green,MA Wood,0,0,,,,,,lbw,M Labuschagne,,
1384427,2023/24,2023-11-04,"Narendra Modi Stadium, Ahmedabad",1,33.1,Australia,England,C Green,MP Stoinis,AU Rashid,1,0,,,,,,,,,
1384427,2023/24,2023-11-04,"Narendra Modi Stadium, Ahmedabad",1,33.2,Australia,England,MP Stoinis,C Green,AU Rashid,0,0,,,,,,,,,
1384427,2023/24,2023-11-04,"Narendra Modi Stadium, Ahmedabad",1,33.3,Australia,England,MP Stoinis,C Green,AU Rashid,1,0,,,,,,,,,
1384427,2023/24,2023-11-04,"Narendra Modi Stadium, Ahmedabad",1,33.4,Australia,England,C Green,MP Stoinis,AU Rashid,0,0,,,,,,,,,
1384427,2023/24,2023-11-04,"Narendra Modi Stadium, Ahmedabad",1,33.5,Australia,England,C Green,MP Stoinis,AU Rashid,0,0,,,,,,,,,
1384427,2023/24,2023-11-04,"Narendra Modi Stadium, Ahmedabad",1,33.6,Australia,England,C Green,MP Stoinis,AU Rashid,1,0,,,,,,,,,
1384427,2023/24,2023-11-04,"Narendra Modi Stadium, Ahmedabad",1,34.1,Australia,England,C Green,MP Stoinis,MA Wood,0,0,,,,,,,,,
1384427,2023/24,2023-11-04,"Narendra Modi Stadium, Ahmedabad",1,34.2,Australia,England,C Green,MP Stoinis,MA Wood,2,0,,,,,,,,,
1384427,2023/24,2023-11-04,"Narendra Modi Stadium, Ahmedabad",1,34.3,Australia,England,C Green,MP Stoinis,MA Wood,2,0,,,,,,,,,
1384427,2023/24,2023-11-04,"Narendra Modi Stadium, Ahmedabad",1,34.4,Australia,England,C Green,MP Stoinis,MA Wood,0,0,,,,,,,,,
1384427,2023/24,2023-11-04,"Narendra Modi Stadium, Ahmedabad",1,34.5,Australia,England,C Green,MP Stoinis,MA Wood,4,0,,,,,,,,,
1384427,2023/24,2023-11-04,"Narendra Modi Stadium, Ahmedabad",1,34.6,Australia,England,C Green,MP Stoinis,MA Wood,1,0,,,,,,,,,
1384427,2023/24,2023-11-04,"Narendra Modi Stadium, Ahmedabad",1,35.1,Australia,England,C Green,MP Stoinis,AU Rashid,1,0,,,,,,,,,
1384427,2023/24,2023-11-04,"Narendra Modi Stadium, Ahmedabad",1,35.2,Australia,England,MP Stoinis,C Green,AU Rashid,0,0,,,,,,,,,
1384427,2023/24,2023-11-04,"Narendra Modi Stadium, Ahmedabad",1,35.3,Australia,England,MP Stoinis,C Green,AU Rashid,0,0,,,,,,,,,
1384427,2023/24,2023-11-04,"Narendra Modi Stadium, Ahmedabad",1,35.4,Australia,England,MP Stoinis,C Green,AU Rashid,6,0,,,,,,,,,
1384427,2023/24,2023-11-04,"Narendra Modi Stadium, Ahmedabad",1,35.5,Australia,England,MP Stoinis,C Green,AU Rashid,0,0,,,,,,,,,
1384427,2023/24,2023-11-04,"Narendra Modi Stadium, Ahmedabad",1,35.6,Australia,England,MP Stoinis,C Green,AU Rashid,0,0,,,,,,,,,
1384427,2023/24,2023-11-04,"Narendra Modi Stadium, Ahmedabad",1,36.1,Australia,England,C Green,MP Stoinis,MA Wood,0,0,,,,,,,,,
1384427,2023/24,2023-11-04,"Narendra Modi Stadium, Ahmedabad",1,36.2,Australia,England,C Green,MP Stoinis,MA Wood,0,0,,,,,,,,,
1384427,2023/24,2023-11-04,"Narendra Modi Stadium, Ahmedabad",1,36.3,Australia,England,C Green,MP Stoinis,MA Wood,1,0,,,,,,,,,
1384427,2023/24,2023-11-04,"Narendra Modi Stadium, Ahmedabad",1,36.4,Australia,England,MP Stoinis,C Green,MA Wood,0,0,,,,,,,,,
1384427,2023/24,2023-11-04,"Narendra Modi Stadium, Ahmedabad",1,36.5,Australia,England,MP Stoinis,C Green,MA Wood,0,0,,,,,,,,,
1384427,2023/24,2023-11-04,"Narendra Modi Stadium, Ahmedabad",1,36.6,Australia,England,MP Stoinis,C Green,MA Wood,4,0,,,,,,,,,
1384427,2023/24,2023-11-04,"Narendra Modi Stadium, Ahmedabad",1,37.1,Australia,England,C Green,MP Stoinis,CR Woakes,4,0,,,,,,,,,
1384427,2023/24,2023-11-04,"Narendra Modi Stadium, Ahmedabad",1,37.2,Australia,England,C Green,MP Stoinis,CR Woakes,1,0,,,,,,,,,
1384427,2023/24,2023-11-04,"Narendra Modi Stadium, Ahmedabad",1,37.3,Australia,England,MP Stoinis,C Green,CR Woakes,0,0,,,,,,,,,
1384427,2023/24,2023-11-04,"Narendra Modi Stadium, Ahmedabad",1,37.4,Australia,England,MP Stoinis,C Green,CR Woakes,0,0,,,,,,,,,
1384427,2023/24,2023-11-04,"Narendra Modi Stadium, Ahmedabad",1,37.5,Australia,England,MP Stoinis,C Green,CR Woakes,2,0,,,,,,,,,
1384427,2023/24,2023-11-04,"Narendra Modi Stadium, Ahmedabad",1,37.6,Australia,England,MP Stoinis,C Green,CR Woakes,1,0,,,,,,,,,
1384427,2023/24,2023-11-04,"Narendra Modi Stadium, Ahmedabad",1,38.1,Australia,England,MP Stoinis,C Green,DJ Willey,0,0,,,,,,,,,
1384427,2023/24,2023-11-04,"Narendra Modi Stadium, Ahmedabad",1,38.2,Australia,England,MP Stoinis,C Green,DJ Willey,1,0,,,,,,,,,
1384427,2023/24,2023-11-04,"Narendra Modi Stadium, Ahmedabad",1,38.3,Australia,England,C Green,MP Stoinis,DJ Willey,0,0,,,,,,,,,
1384427,2023/24,2023-11-04,"Narendra Modi Stadium, Ahmedabad",1,38.4,Australia,England,C Green,MP Stoinis,DJ Willey,1,0,,,,,,,,,
1384427,2023/24,2023-11-04,"Narendra Modi Stadium, Ahmedabad",1,38.5,Australia,England,MP Stoinis,C Green,DJ Willey,0,0,,,,,,,,,
1384427,2023/24,2023-11-04,"Narendra Modi Stadium, Ahmedabad",1,38.6,Australia,England,MP Stoinis,C Green,DJ Willey,0,0,,,,,,,,,
1384427,2023/24,2023-11-04,"Narendra Modi Stadium, Ahmedabad",1,39.1,Australia,England,C Green,MP Stoinis,CR Woakes,1,0,,,,,,,,,
1384427,2023/24,2023-11-04,"Narendra Modi Stadium, Ahmedabad",1,39.2,Australia,England,MP Stoinis,C Green,CR Woakes,0,1,,,,1,,,,,
1384427,2023/24,2023-11-04,"Narendra Modi Stadium, Ahmedabad",1,39.3,Australia,England,C Green,MP Stoinis,CR Woakes,1,0,,,,,,,,,
1384427,2023/24,2023-11-04,"Narendra Modi Stadium, Ahmedabad",1,39.4,Australia,England,MP Stoinis,C Green,CR Woakes,4,0,,,,,,,,,
1384427,2023/24,2023-11-04,"Narendra Modi Stadium, Ahmedabad",1,39.5,Australia,England,MP Stoinis,C Green,CR Woakes,0,0,,,,,,,,,
1384427,2023/24,2023-11-04,"Narendra Modi Stadium, Ahmedabad",1,39.6,Australia,England,MP Stoinis,C Green,CR Woakes,1,0,,,,,,,,,
1384427,2023/24,2023-11-04,"Narendra Modi Stadium, Ahmedabad",1,40.1,Australia,England,MP Stoinis,C Green,DJ Willey,0,0,,,,,,,,,
1384427,2023/24,2023-11-04,"Narendra Modi Stadium, Ahmedabad",1,40.2,Australia,England,MP Stoinis,C Green,DJ Willey,2,0,,,,,,,,,
1384427,2023/24,2023-11-04,"Narendra Modi Stadium, Ahmedabad",1,40.3,Australia,England,MP Stoinis,C Green,DJ Willey,1,0,,,,,,,,,
1384427,2023/24,2023-11-04,"Narendra Modi Stadium, Ahmedabad",1,40.4,Australia,England,C Green,MP Stoinis,DJ Willey,0,0,,,,,,bowled,C Green,,
1384427,2023/24,2023-11-04,"Narendra Modi Stadium, Ahmedabad",1,40.5,Australia,England,PJ Cummins,MP Stoinis,DJ Willey,0,0,,,,,,,,,
1384427,2023/24,2023-11-04,"Narendra Modi Stadium, Ahmedabad",1,40.6,Australia,England,PJ Cummins,MP Stoinis,DJ Willey,1,0,,,,,,,,,
1384427,2023/24,2023-11-04,"Narendra Modi Stadium, Ahmedabad",1,41.1,Australia,England,PJ Cummins,MP Stoinis,AU Rashid,0,0,,,,,,,,,
1384427,2023/24,2023-11-04,"Narendra Modi Stadium, Ahmedabad",1,41.2,Australia,England,PJ Cummins,MP Stoinis,AU Rashid,0,0,,,,,,,,,
1384427,2023/24,2023-11-04,"Narendra Modi Stadium, Ahmedabad",1,41.3,Australia,England,PJ Cummins,MP Stoinis,AU Rashid,0,0,,,,,,,,,
1384427,2023/24,2023-11-04,"Narendra Modi Stadium, Ahmedabad",1,41.4,Australia,England,PJ Cummins,MP Stoinis,AU Rashid,1,0,,,,,,,,,
1384427,2023/24,2023-11-04,"Narendra Modi Stadium, Ahmedabad",1,41.5,Australia,England,MP Stoinis,PJ Cummins,AU Rashid,1,0,,,,,,,,,
1384427,2023/24,2023-11-04,"Narendra Modi Stadium, Ahmedabad",1,41.6,Australia,England,PJ Cummins,MP Stoinis,AU Rashid,0,0,,,,,,,,,
1384427,2023/24,2023-11-04,"Narendra Modi Stadium, Ahmedabad",1,42.1,Australia,England,MP Stoinis,PJ Cummins,DJ Willey,0,0,,,,,,,,,
1384427,2023/24,2023-11-04,"Narendra Modi Stadium, Ahmedabad",1,42.2,Australia,England,MP Stoinis,PJ Cummins,DJ Willey,1,0,,,,,,,,,
1384427,2023/24,2023-11-04,"Narendra Modi Stadium, Ahmedabad",1,42.3,Australia,England,PJ Cummins,MP Stoinis,DJ Willey,0,0,,,,,,,,,
1384427,2023/24,2023-11-04,"Narendra Modi Stadium, Ahmedabad",1,42.4,Australia,England,PJ Cummins,MP Stoinis,DJ Willey,2,0,,,,,,,,,
1384427,2023/24,2023-11-04,"Narendra Modi Stadium, Ahmedabad",1,42.5,Australia,England,PJ Cummins,MP Stoinis,DJ Willey,2,0,,,,,,,,,
1384427,2023/24,2023-11-04,"Narendra Modi Stadium, Ahmedabad",1,42.6,Australia,England,PJ Cummins,MP Stoinis,DJ Willey,0,0,,,,,,,,,
1384427,2023/24,2023-11-04,"Narendra Modi Stadium, Ahmedabad",1,43.1,Australia,England,MP Stoinis,PJ Cummins,LS Livingstone,0,0,,,,,,,,,
1384427,2023/24,2023-11-04,"Narendra Modi Stadium, Ahmedabad",1,43.2,Australia,England,MP Stoinis,PJ Cummins,LS Livingstone,6,0,,,,,,,,,
1384427,2023/24,2023-11-04,"Narendra Modi Stadium, Ahmedabad",1,43.3,Australia,England,MP Stoinis,PJ Cummins,LS Livingstone,4,0,,,,,,,,,
1384427,2023/24,2023-11-04,"Narendra Modi Stadium, Ahmedabad",1,43.4,Australia,England,MP Stoinis,PJ Cummins,LS Livingstone,0,0,,,,,,caught,MP Stoinis,,
1384427,2023/24,2023-11-04,"Narendra Modi Stadium, Ahmedabad",1,43.5,Australia,England,MA Starc,PJ Cummins,LS Livingstone,2,0,,,,,,,,,
1384427,2023/24,2023-11-04,"Narendra Modi Stadium, Ahmedabad",1,43.6,Australia,England,MA Starc,PJ Cummins,LS Livingstone,0,0,,,,,,,,,
1384427,2023/24,2023-11-04,"Narendra Modi Stadium, Ahmedabad",1,44.1,Australia,England,PJ Cummins,MA Starc,MA Wood,4,0,,,,,,,,,
1384427,2023/24,2023-11-04,"Narendra Modi Stadium, Ahmedabad",1,44.2,Australia,England,PJ Cummins,MA Starc,MA Wood,0,0,,,,,,caught,PJ Cummins,,
1384427,2023/24,2023-11-04,"Narendra Modi Stadium, Ahmedabad",1,44.3,Australia,England,A Zampa,MA Starc,MA Wood,1,0,,,,,,,,,
1384427,2023/24,2023-11-04,"Narendra Modi Stadium, Ahmedabad",1,44.4,Australia,England,MA Starc,A Zampa,MA Wood,1,0,,,,,,,,,
1384427,2023/24,2023-11-04,"Narendra Modi Stadium, Ahmedabad",1,44.5,Australia,England,A Zampa,MA Starc,MA Wood,1,0,,,,,,,,,
1384427,2023/24,2023-11-04,"Narendra Modi Stadium, Ahmedabad",1,44.6,Australia,England,MA Starc,A Zampa,MA Wood,0,0,,,,,,,,,
1384427,2023/24,2023-11-04,"Narendra Modi Stadium, Ahmedabad",1,45.1,Australia,England,A Zampa,MA Starc,DJ Willey,1,0,,,,,,,,,
1384427,2023/24,2023-11-04,"Narendra Modi Stadium, Ahmedabad",1,45.2,Australia,England,MA Starc,A Zampa,DJ Willey,1,0,,,,,,,,,
1384427,2023/24,2023-11-04,"Narendra Modi Stadium, Ahmedabad",1,45.3,Australia,England,A Zampa,MA Starc,DJ Willey,1,0,,,,,,,,,
1384427,2023/24,2023-11-04,"Narendra Modi Stadium, Ahmedabad",1,45.4,Australia,England,MA Starc,A Zampa,DJ Willey,2,0,,,,,,,,,
1384427,2023/24,2023-11-04,"Narendra Modi Stadium, Ahmedabad",1,45.5,Australia,England,MA Starc,A Zampa,DJ Willey,1,0,,,,,,,,,
1384427,2023/24,2023-11-04,"Narendra Modi Stadium, Ahmedabad",1,45.6,Australia,England,A Zampa,MA Starc,DJ Willey,1,0,,,,,,,,,
1384427,2023/24,2023-11-04,"Narendra Modi Stadium, Ahmedabad",1,46.1,Australia,England,A Zampa,MA Starc,MA Wood,4,0,,,,,,,,,
1384427,2023/24,2023-11-04,"Narendra Modi Stadium, Ahmedabad",1,46.2,Australia,England,A Zampa,MA Starc,MA Wood,4,0,,,,,,,,,
1384427,2023/24,2023-11-04,"Narendra Modi Stadium, Ahmedabad",1,46.3,Australia,England,A Zampa,MA Starc,MA Wood,2,0,,,,,,,,,
1384427,2023/24,2023-11-04,"Narendra Modi Stadium, Ahmedabad",1,46.4,Australia,England,A Zampa,MA Starc,MA Wood,1,0,,,,,,,,,
1384427,2023/24,2023-11-04,"Narendra Modi Stadium, Ahmedabad",1,46.5,Australia,England,MA Starc,A Zampa,MA Wood,0,0,,,,,,,,,
1384427,2023/24,2023-11-04,"Narendra Modi Stadium, Ahmedabad",1,46.6,Australia,England,MA Starc,A Zampa,MA Wood,0,0,,,,,,,,,
1384427,2023/24,2023-11-04,"Narendra Modi Stadium, Ahmedabad",1,47.1,Australia,England,A Zampa,MA Starc,CR Woakes,0,0,,,,,,,,,
1384427,2023/24,2023-11-04,"Narendra Modi Stadium, Ahmedabad",1,47.2,Australia,England,A Zampa,MA Starc,CR Woakes,0,0,,,,,,,,,
1384427,2023/24,2023-11-04,"Narendra Modi Stadium, Ahmedabad",1,47.3,Australia,England,A Zampa,MA Starc,CR Woakes,4,0,,,,,,,,,
1384427,2023/24,2023-11-04,"Narendra Modi Stadium, Ahmedabad",1,47.4,Australia,England,A Zampa,MA Starc,CR Woakes,1,0,,,,,,,,,
1384427,2023/24,2023-11-04,"Narendra Modi Stadium, Ahmedabad",1,47.5,Australia,England,MA Starc,A Zampa,CR Woakes,1,0,,,,,,,,,
1384427,2023/24,2023-11-04,"Narendra Modi Stadium, Ahmedabad",1,47.6,Australia,England,A Zampa,MA Starc,CR Woakes,2,0,,,,,,,,,
1384427,2023/24,2023-11-04,"Narendra Modi Stadium, Ahmedabad",1,48.1,Australia,England,MA Starc,A Zampa,DJ Willey,1,0,,,,,,,,,
1384427,2023/24,2023-11-04,"Narendra Modi Stadium, Ahmedabad",1,48.2,Australia,England,A Zampa,MA Starc,DJ Willey,0,0,,,,,,,,,
1384427,2023/24,2023-11-04,"Narendra Modi Stadium, Ahmedabad",1,48.3,Australia,England,A Zampa,MA Starc,DJ Willey,1,0,,,,,,,,,
1384427,2023/24,2023-11-04,"Narendra Modi Stadium, Ahmedabad",1,48.4,Australia,England,MA Starc,A Zampa,DJ Willey,0,1,1,,,,,,,,
1384427,2023/24,2023-11-04,"Narendra Modi Stadium, Ahmedabad",1,48.5,Australia,England,MA Starc,A Zampa,DJ Willey,1,0,,,,,,,,,
1384427,2023/24,2023-11-04,"Narendra Modi Stadium, Ahmedabad",1,48.6,Australia,England,A Zampa,MA Starc,DJ Willey,4,0,,,,,,,,,
1384427,2023/24,2023-11-04,"Narendra Modi Stadium, Ahmedabad",1,48.7,Australia,England,A Zampa,MA Starc,DJ Willey,1,0,,,,,,,,,
1384427,2023/24,2023-11-04,"Narendra Modi Stadium, Ahmedabad",1,49.1,Australia,England,A Zampa,MA Starc,CR Woakes,0,0,,,,,,caught,A Zampa,,
1384427,2023/24,2023-11-04,"Narendra Modi Stadium, Ahmedabad",1,49.2,Australia,England,JR Hazlewood,MA Starc,CR Woakes,1,0,,,,,,,,,
1384427,2023/24,2023-11-04,"Narendra Modi Stadium, Ahmedabad",1,49.3,Australia,England,MA Starc,JR Hazlewood,CR Woakes,0,0,,,,,,caught,MA Starc,,
1384427,2023/24,2023-11-04,"Narendra Modi Stadium, Ahmedabad",2,0.1,England,Australia,JM Bairstow,DJ Malan,MA Starc,0,0,,,,,,caught,JM Bairstow,,
1384427,2023/24,2023-11-04,"Narendra Modi Stadium, Ahmedabad",2,0.2,England,Australia,JE Root,DJ Malan,MA Starc,2,0,,,,,,,,,
1384427,2023/24,2023-11-04,"Narendra Modi Stadium, Ahmedabad",2,0.3,England,Australia,JE Root,DJ Malan,MA Starc,4,0,,,,,,,,,
1384427,2023/24,2023-11-04,"Narendra Modi Stadium, Ahmedabad",2,0.4,England,Australia,JE Root,DJ Malan,MA Starc,0,0,,,,,,,,,
1384427,2023/24,2023-11-04,"Narendra Modi Stadium, Ahmedabad",2,0.5,England,Australia,JE Root,DJ Malan,MA Starc,0,1,,,,1,,,,,
1384427,2023/24,2023-11-04,"Narendra Modi Stadium, Ahmedabad",2,0.6,England,Australia,DJ Malan,JE Root,MA Starc,1,0,,,,,,,,,
1384427,2023/24,2023-11-04,"Narendra Modi Stadium, Ahmedabad",2,1.1,England,Australia,DJ Malan,JE Root,JR Hazlewood,0,0,,,,,,,,,
1384427,2023/24,2023-11-04,"Narendra Modi Stadium, Ahmedabad",2,1.2,England,Australia,DJ Malan,JE Root,JR Hazlewood,0,0,,,,,,,,,
1384427,2023/24,2023-11-04,"Narendra Modi Stadium, Ahmedabad",2,1.3,England,Australia,DJ Malan,JE Root,JR Hazlewood,0,1,1,,,,,,,,
1384427,2023/24,2023-11-04,"Narendra Modi Stadium, Ahmedabad",2,1.4,England,Australia,DJ Malan,JE Root,JR Hazlewood,1,0,,,,,,,,,
1384427,2023/24,2023-11-04,"Narendra Modi Stadium, Ahmedabad",2,1.5,England,Australia,JE Root,DJ Malan,JR Hazlewood,1,0,,,,,,,,,
1384427,2023/24,2023-11-04,"Narendra Modi Stadium, Ahmedabad",2,1.6,England,Australia,DJ Malan,JE Root,JR Hazlewood,0,0,,,,,,,,,
1384427,2023/24,2023-11-04,"Narendra Modi Stadium, Ahmedabad",2,1.7,England,Australia,DJ Malan,JE Root,JR Hazlewood,0,0,,,,,,,,,
1384427,2023/24,2023-11-04,"Narendra Modi Stadium, Ahmedabad",2,2.1,England,Australia,JE Root,DJ Malan,MA Starc,1,0,,,,,,,,,
1384427,2023/24,2023-11-04,"Narendra Modi Stadium, Ahmedabad",2,2.2,England,Australia,DJ Malan,JE Root,MA Starc,0,0,,,,,,,,,
1384427,2023/24,2023-11-04,"Narendra Modi Stadium, Ahmedabad",2,2.3,England,Australia,DJ Malan,JE Root,MA Starc,0,0,,,,,,,,,
1384427,2023/24,2023-11-04,"Narendra Modi Stadium, Ahmedabad",2,2.4,England,Australia,DJ Malan,JE Root,MA Starc,1,0,,,,,,,,,
1384427,2023/24,2023-11-04,"Narendra Modi Stadium, Ahmedabad",2,2.5,England,Australia,JE Root,DJ Malan,MA Starc,0,0,,,,,,,,,
1384427,2023/24,2023-11-04,"Narendra Modi Stadium, Ahmedabad",2,2.6,England,Australia,JE Root,DJ Malan,MA Starc,1,0,,,,,,,,,
1384427,2023/24,2023-11-04,"Narendra Modi Stadium, Ahmedabad",2,3.1,England,Australia,JE Root,DJ Malan,JR Hazlewood,0,0,,,,,,,,,
1384427,2023/24,2023-11-04,"Narendra Modi Stadium, Ahmedabad",2,3.2,England,Australia,JE Root,DJ Malan,JR Hazlewood,0,0,,,,,,,,,
1384427,2023/24,2023-11-04,"Narendra Modi Stadium, Ahmedabad",2,3.3,England,Australia,JE Root,DJ Malan,JR Hazlewood,0,0,,,,,,,,,
1384427,2023/24,2023-11-04,"Narendra Modi Stadium, Ahmedabad",2,3.4,England,Australia,JE Root,DJ Malan,JR Hazlewood,0,0,,,,,,,,,
1384427,2023/24,2023-11-04,"Narendra Modi Stadium, Ahmedabad",2,3.5,England,Australia,JE Root,DJ Malan,JR Hazlewood,4,0,,,,,,,,,
1384427,2023/24,2023-11-04,"Narendra Modi Stadium, Ahmedabad",2,3.6,England,Australia,JE Root,DJ Malan,JR Hazlewood,0,1,,,,1,,,,,
1384427,2023/24,2023-11-04,"Narendra Modi Stadium, Ahmedabad",2,4.1,England,Australia,JE Root,DJ Malan,MA Starc,0,0,,,,,,,,,
1384427,2023/24,2023-11-04,"Narendra Modi Stadium, Ahmedabad",2,4.2,England,Australia,JE Root,DJ Malan,MA Starc,0,0,,,,,,,,,
1384427,2023/24,2023-11-04,"Narendra Modi Stadium, Ahmedabad",2,4.3,England,Australia,JE Root,DJ Malan,MA Starc,0,0,,,,,,caught,JE Root,,
1384427,2023/24,2023-11-04,"Narendra Modi Stadium, Ahmedabad",2,4.4,England,Australia,BA Stokes,DJ Malan,MA Starc,0,0,,,,,,,,,
1384427,2023/24,2023-11-04,"Narendra Modi Stadium, Ahmedabad",2,4.5,England,Australia,BA Stokes,DJ Malan,MA Starc,1,0,,,,,,,,,
1384427,2023/24,2023-11-04,"Narendra Modi Stadium, Ahmedabad",2,4.6,England,Australia,DJ Malan,BA Stokes,MA Starc,0,0,,,,,,,,,
1384427,2023/24,2023-11-04,"Narendra Modi Stadium, Ahmedabad",2,5.1,England,Australia,BA Stokes,DJ Malan,JR Hazlewood,0,0,,,,,,,,,
1384427,2023/24,2023-11-04,"Narendra Modi Stadium, Ahmedabad",2,5.2,England,Australia,BA Stokes,DJ Malan,JR Hazlewood,0,0,,,,,,,,,
1384427,2023/24,2023-11-04,"Narendra Modi Stadium, Ahmedabad",2,5.3,England,Australia,BA Stokes,DJ Malan,JR Hazlewood,0,0,,,,,,,,,
1384427,2023/24,2023-11-04,"Narendra Modi Stadium, Ahmedabad",2,5.4,England,Australia,BA Stokes,DJ Malan,JR Hazlewood,0,0,,,,,,,,,
1384427,2023/24,2023-11-04,"Narendra Modi Stadium, Ahmedabad",2,5.5,England,Australia,BA Stokes,DJ Malan,JR Hazlewood,0,0,,,,,,,,,
1384427,2023/24,2023-11-04,"Narendra Modi Stadium, Ahmedabad",2,5.6,England,Australia,BA Stokes,DJ Malan,JR Hazlewood,0,0,,,,,,,,,
1384427,2023/24,2023-11-04,"Narendra Modi Stadium, Ahmedabad",2,6.1,England,Australia,DJ Malan,BA Stokes,MA Starc,0,0,,,,,,,,,
1384427,2023/24,2023-11-04,"Narendra Modi Stadium, Ahmedabad",2,6.2,England,Australia,DJ Malan,BA Stokes,MA Starc,0,1,1,,,,,,,,
1384427,2023/24,2023-11-04,"Narendra Modi Stadium, Ahmedabad",2,6.3,England,Australia,DJ Malan,BA Stokes,MA Starc,0,0,,,,,,,,,
1384427,2023/24,2023-11-04,"Narendra Modi Stadium, Ahmedabad",2,6.4,England,Australia,DJ Malan,BA Stokes,MA Starc,0,0,,,,,,,,,
1384427,2023/24,2023-11-04,"Narendra Modi Stadium, Ahmedabad",2,6.5,England,Australia,DJ Malan,BA Stokes,MA Starc,0,0,,,,,,,,,
1384427,2023/24,2023-11-04,"Narendra Modi Stadium, Ahmedabad",2,6.6,England,Australia,DJ Malan,BA Stokes,MA Starc,0,0,,,,,,,,,
1384427,2023/24,2023-11-04,"Narendra Modi Stadium, Ahmedabad",2,6.7,England,Australia,DJ Malan,BA Stokes,MA Starc,4,0,,,,,,,,,
1384427,2023/24,2023-11-04,"Narendra Modi Stadium, Ahmedabad",2,7.1,England,Australia,BA Stokes,DJ Malan,JR Hazlewood,0,0,,,,,,,,,
1384427,2023/24,2023-11-04,"Narendra Modi Stadium, Ahmedabad",2,7.2,England,Australia,BA Stokes,DJ Malan,JR Hazlewood,3,0,,,,,,,,,
1384427,2023/24,2023-11-04,"Narendra Modi Stadium, Ahmedabad",2,7.3,England,Australia,DJ Malan,BA Stokes,JR Hazlewood,1,0,,,,,,,,,
1384427,2023/24,2023-11-04,"Narendra Modi Stadium, Ahmedabad",2,7.4,England,Australia,BA Stokes,DJ Malan,JR Hazlewood,0,0,,,,,,,,,
1384427,2023/24,2023-11-04,"Narendra Modi Stadium, Ahmedabad",2,7.5,England,Australia,BA Stokes,DJ Malan,JR Hazlewood,0,0,,,,,,,,,
1384427,2023/24,2023-11-04,"Narendra Modi Stadium, Ahmedabad",2,7.6,England,Australia,BA Stokes,DJ Malan,JR Hazlewood,0,0,,,,,,,,,
1384427,2023/24,2023-11-04,"Narendra Modi Stadium, Ahmedabad",2,8.1,England,Australia,DJ Malan,BA Stokes,PJ Cummins,1,0,,,,,,,,,
1384427,2023/24,2023-11-04,"Narendra Modi Stadium, Ahmedabad",2,8.2,England,Australia,BA Stokes,DJ Malan,PJ Cummins,0,0,,,,,,,,,
1384427,2023/24,2023-11-04,"Narendra Modi Stadium, Ahmedabad",2,8.3,England,Australia,BA Stokes,DJ Malan,PJ Cummins,0,0,,,,,,,,,
1384427,2023/24,2023-11-04,"Narendra Modi Stadium, Ahmedabad",2,8.4,England,Australia,BA Stokes,DJ Malan,PJ Cummins,1,0,,,,,,,,,
1384427,2023/24,2023-11-04,"Narendra Modi Stadium, Ahmedabad",2,8.5,England,Australia,DJ Malan,BA Stokes,PJ Cummins,0,0,,,,,,,,,
1384427,2023/24,2023-11-04,"Narendra Modi Stadium, Ahmedabad",2,8.6,England,Australia,DJ Malan,BA Stokes,PJ Cummins,0,0,,,,,,,,,
1384427,2023/24,2023-11-04,"Narendra Modi Stadium, Ahmedabad",2,9.1,England,Australia,BA Stokes,DJ Malan,JR Hazlewood,0,0,,,,,,,,,
1384427,2023/24,2023-11-04,"Narendra Modi Stadium, Ahmedabad",2,9.2,England,Australia,BA Stokes,DJ Malan,JR Hazlewood,0,0,,,,,,,,,
1384427,2023/24,2023-11-04,"Narendra Modi Stadium, Ahmedabad",2,9.3,England,Australia,BA Stokes,DJ Malan,JR Hazlewood,1,0,,,,,,,,,
1384427,2023/24,2023-11-04,"Narendra Modi Stadium, Ahmedabad",2,9.4,England,Australia,DJ Malan,BA Stokes,JR Hazlewood,0,0,,,,,,,,,
1384427,2023/24,2023-11-04,"Narendra Modi Stadium, Ahmedabad",2,9.5,England,Australia,DJ Malan,BA Stokes,JR Hazlewood,0,0,,,,,,,,,
1384427,2023/24,2023-11-04,"Narendra Modi Stadium, Ahmedabad",2,9.6,England,Australia,DJ Malan,BA Stokes,JR Hazlewood,6,0,,,,,,,,,
1384427,2023/24,2023-11-04,"Narendra Modi Stadium, Ahmedabad",2,10.1,England,Australia,BA Stokes,DJ Malan,PJ Cummins,0,0,,,,,,,,,
1384427,2023/24,2023-11-04,"Narendra Modi Stadium, Ahmedabad",2,10.2,England,Australia,BA Stokes,DJ Malan,PJ Cummins,0,0,,,,,,,,,
1384427,2023/24,2023-11-04,"Narendra Modi Stadium, Ahmedabad",2,10.3,England,Australia,BA Stokes,DJ Malan,PJ Cummins,0,0,,,,,,,,,
1384427,2023/24,2023-11-04,"Narendra Modi Stadium, Ahmedabad",2,10.4,England,Australia,BA Stokes,DJ Malan,PJ Cummins,1,0,,,,,,,,,
1384427,2023/24,2023-11-04,"Narendra Modi Stadium, Ahmedabad",2,10.5,England,Australia,DJ Malan,BA Stokes,PJ Cummins,4,0,,,,,,,,,
1384427,2023/24,2023-11-04,"Narendra Modi Stadium, Ahmedabad",2,10.6,England,Australia,DJ Malan,BA Stokes,PJ Cummins,1,0,,,,,,,,,
1384427,2023/24,2023-11-04,"Narendra Modi Stadium, Ahmedabad",2,11.1,England,Australia,DJ Malan,BA Stokes,A Zampa,1,0,,,,,,,,,
1384427,2023/24,2023-11-04,"Narendra Modi Stadium, Ahmedabad",2,11.2,England,Australia,BA Stokes,DJ Malan,A Zampa,0,0,,,,,,,,,
1384427,2023/24,2023-11-04,"Narendra Modi Stadium, Ahmedabad",2,11.3,England,Australia,BA Stokes,DJ Malan,A Zampa,0,0,,,,,,,,,
1384427,2023/24,2023-11-04,"Narendra Modi Stadium, Ahmedabad",2,11.4,England,Australia,BA Stokes,DJ Malan,A Zampa,0,0,,,,,,,,,
1384427,2023/24,2023-11-04,"Narendra Modi Stadium, Ahmedabad",2,11.5,England,Australia,BA Stokes,DJ Malan,A Zampa,0,0,,,,,,,,,
1384427,2023/24,2023-11-04,"Narendra Modi Stadium, Ahmedabad",2,11.6,England,Australia,BA Stokes,DJ Malan,A Zampa,0,0,,,,,,,,,
1384427,2023/24,2023-11-04,"Narendra Modi Stadium, Ahmedabad",2,12.1,England,Australia,DJ Malan,BA Stokes,PJ Cummins,0,0,,,,,,,,,
1384427,2023/24,2023-11-04,"Narendra Modi Stadium, Ahmedabad",2,12.2,England,Australia,DJ Malan,BA Stokes,PJ Cummins,2,0,,,,,,,,,
1384427,2023/24,2023-11-04,"Narendra Modi Stadium, Ahmedabad",2,12.3,England,Australia,DJ Malan,BA Stokes,PJ Cummins,1,0,,,,,,,,,
1384427,2023/24,2023-11-04,"Narendra Modi Stadium, Ahmedabad",2,12.4,England,Australia,BA Stokes,DJ Malan,PJ Cummins,1,0,,,,,,,,,
1384427,2023/24,2023-11-04,"Narendra Modi Stadium, Ahmedabad",2,12.5,England,Australia,DJ Malan,BA Stokes,PJ Cummins,1,0,,,,,,,,,
1384427,2023/24,2023-11-04,"Narendra Modi Stadium, Ahmedabad",2,12.6,England,Australia,BA Stokes,DJ Malan,PJ Cummins,0,0,,,,,,,,,
1384427,2023/24,2023-11-04,"Narendra Modi Stadium, Ahmedabad",2,13.1,England,Australia,DJ Malan,BA Stokes,A Zampa,0,0,,,,,,,,,
1384427,2023/24,2023-11-04,"Narendra Modi Stadium, Ahmedabad",2,13.2,England,Australia,DJ Malan,BA Stokes,A Zampa,1,0,,,,,,,,,
1384427,2023/24,2023-11-04,"Narendra Modi Stadium, Ahmedabad",2,13.3,England,Australia,BA Stokes,DJ Malan,A Zampa,1,0,,,,,,,,,
1384427,2023/24,2023-11-04,"Narendra Modi Stadium, Ahmedabad",2,13.4,England,Australia,DJ Malan,BA Stokes,A Zampa,0,0,,,,,,,,,
1384427,2023/24,2023-11-04,"Narendra Modi Stadium, Ahmedabad",2,13.5,England,Australia,DJ Malan,BA Stokes,A Zampa,0,0,,,,,,,,,
1384427,2023/24,2023-11-04,"Narendra Modi Stadium, Ahmedabad",2,13.6,England,Australia,DJ Malan,BA Stokes,A Zampa,1,0,,,,,,,,,
1384427,2023/24,2023-11-04,"Narendra Modi Stadium, Ahmedabad",2,14.1,England,Australia,DJ Malan,BA Stokes,MA Starc,0,0,,,,,,,,,
1384427,2023/24,2023-11-04,"Narendra Modi Stadium, Ahmedabad",2,14.2,England,Australia,DJ Malan,BA Stokes,MA Starc,1,0,,,,,,,,,
1384427,2023/24,2023-11-04,"Narendra Modi Stadium, Ahmedabad",2,14.3,England,Australia,BA Stokes,DJ Malan,MA Starc,0,0,,,,,,,,,
1384427,2023/24,2023-11-04,"Narendra Modi Stadium, Ahmedabad",2,14.4,England,Australia,BA Stokes,DJ Malan,MA Starc,2,0,,,,,,,,,
1384427,2023/24,2023-11-04,"Narendra Modi Stadium, Ahmedabad",2,14.5,England,Australia,BA Stokes,DJ Malan,MA Starc,1,0,,,,,,,,,
1384427,2023/24,2023-11-04,"Narendra Modi Stadium, Ahmedabad",2,14.6,England,Australia,DJ Malan,BA Stokes,MA Starc,1,0,,,,,,,,,
1384427,2023/24,2023-11-04,"Narendra Modi Stadium, Ahmedabad",2,15.1,England,Australia,DJ Malan,BA Stokes,A Zampa,0,1,,,,1,,,,,
1384427,2023/24,2023-11-04,"Narendra Modi Stadium, Ahmedabad",2,15.2,England,Australia,BA Stokes,DJ Malan,A Zampa,1,0,,,,,,,,,
1384427,2023/24,2023-11-04,"Narendra Modi Stadium, Ahmedabad",2,15.3,England,Australia,DJ Malan,BA Stokes,A Zampa,0,0,,,,,,,,,
1384427,2023/24,2023-11-04,"Narendra Modi Stadium, Ahmedabad",2,15.4,England,Australia,DJ Malan,BA Stokes,A Zampa,1,0,,,,,,,,,
1384427,2023/24,2023-11-04,"Narendra Modi Stadium, Ahmedabad",2,15.5,England,Australia,BA Stokes,DJ Malan,A Zampa,1,0,,,,,,,,,
1384427,2023/24,2023-11-04,"Narendra Modi Stadium, Ahmedabad",2,15.6,England,Australia,DJ Malan,BA Stokes,A Zampa,0,0,,,,,,,,,
1384427,2023/24,2023-11-04,"Narendra Modi Stadium, Ahmedabad",2,16.1,England,Australia,BA Stokes,DJ Malan,MA Starc,1,0,,,,,,,,,
1384427,2023/24,2023-11-04,"Narendra Modi Stadium, Ahmedabad",2,16.2,England,Australia,DJ Malan,BA Stokes,MA Starc,1,0,,,,,,,,,
1384427,2023/24,2023-11-04,"Narendra Modi Stadium, Ahmedabad",2,16.3,England,Australia,BA Stokes,DJ Malan,MA Starc,4,0,,,,,,,,,
1384427,2023/24,2023-11-04,"Narendra Modi Stadium, Ahmedabad",2,16.4,England,Australia,BA Stokes,DJ Malan,MA Starc,0,0,,,,,,,,,
1384427,2023/24,2023-11-04,"Narendra Modi Stadium, Ahmedabad",2,16.5,England,Australia,BA Stokes,DJ Malan,MA Starc,1,0,,,,,,,,,
1384427,2023/24,2023-11-04,"Narendra Modi Stadium, Ahmedabad",2,16.6,England,Australia,DJ Malan,BA Stokes,MA Starc,1,0,,,,,,,,,
1384427,2023/24,2023-11-04,"Narendra Modi Stadium, Ahmedabad",2,17.1,England,Australia,DJ Malan,BA Stokes,TM Head,1,0,,,,,,,,,
1384427,2023/24,2023-11-04,"Narendra Modi Stadium, Ahmedabad",2,17.2,England,Australia,BA Stokes,DJ Malan,TM Head,1,0,,,,,,,,,
1384427,2023/24,2023-11-04,"Narendra Modi Stadium, Ahmedabad",2,17.3,England,Australia,DJ Malan,BA Stokes,TM Head,1,0,,,,,,,,,
1384427,2023/24,2023-11-04,"Narendra Modi Stadium, Ahmedabad",2,17.4,England,Australia,BA Stokes,DJ Malan,TM Head,1,0,,,,,,,,,
1384427,2023/24,2023-11-04,"Narendra Modi Stadium, Ahmedabad",2,17.5,England,Australia,DJ Malan,BA Stokes,TM Head,0,0,,,,,,,,,
1384427,2023/24,2023-11-04,"Narendra Modi Stadium, Ahmedabad",2,17.6,England,Australia,DJ Malan,BA Stokes,TM Head,1,0,,,,,,,,,
1384427,2023/24,2023-11-04,"Narendra Modi Stadium, Ahmedabad",2,18.1,England,Australia,DJ Malan,BA Stokes,MP Stoinis,1,0,,,,,,,,,
1384427,2023/24,2023-11-04,"Narendra Modi Stadium, Ahmedabad",2,18.2,England,Australia,BA Stokes,DJ Malan,MP Stoinis,1,0,,,,,,,,,
1384427,2023/24,2023-11-04,"Narendra Modi Stadium, Ahmedabad",2,18.3,England,Australia,DJ Malan,BA Stokes,MP Stoinis,0,0,,,,,,,,,
1384427,2023/24,2023-11-04,"Narendra Modi Stadium, Ahmedabad",2,18.4,England,Australia,DJ Malan,BA Stokes,MP Stoinis,1,0,,,,,,,,,
1384427,2023/24,2023-11-04,"Narendra Modi Stadium, Ahmedabad",2,18.5,England,Australia,BA Stokes,DJ Malan,MP Stoinis,0,0,,,,,,,,,
1384427,2023/24,2023-11-04,"Narendra Modi Stadium, Ahmedabad",2,18.6,England,Australia,BA Stokes,DJ Malan,MP Stoinis,1,0,,,,,,,,,
1384427,2023/24,2023-11-04,"Narendra Modi Stadium, Ahmedabad",2,19.1,England,Australia,BA Stokes,DJ Malan,TM Head,0,0,,,,,,,,,
1384427,2023/24,2023-11-04,"Narendra Modi Stadium, Ahmedabad",2,19.2,England,Australia,BA Stokes,DJ Malan,TM Head,1,0,,,,,,,,,
1384427,2023/24,2023-11-04,"Narendra Modi Stadium, Ahmedabad",2,19.3,England,Australia,DJ Malan,BA Stokes,TM Head,1,0,,,,,,,,,
1384427,2023/24,2023-11-04,"Narendra Modi Stadium, Ahmedabad",2,19.4,England,Australia,BA Stokes,DJ Malan,TM Head,1,0,,,,,,,,,
1384427,2023/24,2023-11-04,"Narendra Modi Stadium, Ahmedabad",2,19.5,England,Australia,DJ Malan,BA Stokes,TM Head,0,0,,,,,,,,,
1384427,2023/24,2023-11-04,"Narendra Modi Stadium, Ahmedabad",2,19.6,England,Australia,DJ Malan,BA Stokes,TM Head,0,0,,,,,,,,,
1384427,2023/24,2023-11-04,"Narendra Modi Stadium, Ahmedabad",2,20.1,England,Australia,BA Stokes,DJ Malan,MP Stoinis,1,0,,,,,,,,,
1384427,2023/24,2023-11-04,"Narendra Modi Stadium, Ahmedabad",2,20.2,England,Australia,DJ Malan,BA Stokes,MP Stoinis,0,0,,,,,,,,,
1384427,2023/24,2023-11-04,"Narendra Modi Stadium, Ahmedabad",2,20.3,England,Australia,DJ Malan,BA Stokes,MP Stoinis,4,0,,,,,,,,,
1384427,2023/24,2023-11-04,"Narendra Modi Stadium, Ahmedabad",2,20.4,England,Australia,DJ Malan,BA Stokes,MP Stoinis,0,0,,,,,,,,,
1384427,2023/24,2023-11-04,"Narendra Modi Stadium, Ahmedabad",2,20.5,England,Australia,DJ Malan,BA Stokes,MP Stoinis,4,0,,,,,,,,,
1384427,2023/24,2023-11-04,"Narendra Modi Stadium, Ahmedabad",2,20.6,England,Australia,DJ Malan,BA Stokes,MP Stoinis,1,0,,,,,,,,,
1384427,2023/24,2023-11-04,"Narendra Modi Stadium, Ahmedabad",2,21.1,England,Australia,DJ Malan,BA Stokes,TM Head,0,0,,,,,,,,,
1384427,2023/24,2023-11-04,"Narendra Modi Stadium, Ahmedabad",2,21.2,England,Australia,DJ Malan,BA Stokes,TM Head,1,0,,,,,,,,,
1384427,2023/24,2023-11-04,"Narendra Modi Stadium, Ahmedabad",2,21.3,England,Australia,BA Stokes,DJ Malan,TM Head,1,0,,,,,,,,,
1384427,2023/24,2023-11-04,"Narendra Modi Stadium, Ahmedabad",2,21.4,England,Australia,DJ Malan,BA Stokes,TM Head,1,0,,,,,,,,,
1384427,2023/24,2023-11-04,"Narendra Modi Stadium, Ahmedabad",2,21.5,England,Australia,BA Stokes,DJ Malan,TM Head,6,0,,,,,,,,,
1384427,2023/24,2023-11-04,"Narendra Modi Stadium, Ahmedabad",2,21.6,England,Australia,BA Stokes,DJ Malan,TM Head,0,0,,,,,,,,,
1384427,2023/24,2023-11-04,"Narendra Modi Stadium, Ahmedabad",2,22.1,England,Australia,DJ Malan,BA Stokes,PJ Cummins,1,0,,,,,,,,,
1384427,2023/24,2023-11-04,"Narendra Modi Stadium, Ahmedabad",2,22.2,England,Australia,BA Stokes,DJ Malan,PJ Cummins,1,0,,,,,,,,,
1384427,2023/24,2023-11-04,"Narendra Modi Stadium, Ahmedabad",2,22.3,England,Australia,DJ Malan,BA Stokes,PJ Cummins,0,0,,,,,,caught,DJ Malan,,
1384427,2023/24,2023-11-04,"Narendra Modi Stadium, Ahmedabad",2,22.4,England,Australia,JC Buttler,BA Stokes,PJ Cummins,0,0,,,,,,,,,
1384427,2023/24,2023-11-04,"Narendra Modi Stadium, Ahmedabad",2,22.5,England,Australia,JC Buttler,BA Stokes,PJ Cummins,0,0,,,,,,,,,
1384427,2023/24,2023-11-04,"Narendra Modi Stadium, Ahmedabad",2,22.6,England,Australia,JC Buttler,BA Stokes,PJ Cummins,0,0,,,,,,,,,
1384427,2023/24,2023-11-04,"Narendra Modi Stadium, Ahmedabad",2,23.1,England,Australia,BA Stokes,JC Buttler,A Zampa,1,0,,,,,,,,,
1384427,2023/24,2023-11-04,"Narendra Modi Stadium, Ahmedabad",2,23.2,England,Australia,JC Buttler,BA Stokes,A Zampa,0,0,,,,,,,,,
1384427,2023/24,2023-11-04,"Narendra Modi Stadium, Ahmedabad",2,23.3,England,Australia,JC Buttler,BA Stokes,A Zampa,0,0,,,,,,,,,
1384427,2023/24,2023-11-04,"Narendra Modi Stadium, Ahmedabad",2,23.4,England,Australia,JC Buttler,BA Stokes,A Zampa,1,0,,,,,,,,,
1384427,2023/24,2023-11-04,"Narendra Modi Stadium, Ahmedabad",2,23.5,England,Australia,BA Stokes,JC Buttler,A Zampa,0,0,,,,,,,,,
1384427,2023/24,2023-11-04,"Narendra Modi Stadium, Ahmedabad",2,23.6,England,Australia,BA Stokes,JC Buttler,A Zampa,1,0,,,,,,,,,
1384427,2023/24,2023-11-04,"Narendra Modi Stadium, Ahmedabad",2,24.1,England,Australia,BA Stokes,JC Buttler,PJ Cummins,0,0,,,,,,,,,
1384427,2023/24,2023-11-04,"Narendra Modi Stadium, Ahmedabad",2,24.2,England,Australia,BA Stokes,JC Buttler,PJ Cummins,0,0,,,,,,,,,
1384427,2023/24,2023-11-04,"Narendra Modi Stadium, Ahmedabad",2,24.3,England,Australia,BA Stokes,JC Buttler,PJ Cummins,0,0,,,,,,,,,
1384427,2023/24,2023-11-04,"Narendra Modi Stadium, Ahmedabad",2,24.4,England,Australia,BA Stokes,JC Buttler,PJ Cummins,0,0,,,,,,,,,
1384427,2023/24,2023-11-04,"Narendra Modi Stadium, Ahmedabad",2,24.5,England,Australia,BA Stokes,JC Buttler,PJ Cummins,0,0,,,,,,,,,
1384427,2023/24,2023-11-04,"Narendra Modi Stadium, Ahmedabad",2,24.6,England,Australia,BA Stokes,JC Buttler,PJ Cummins,0,0,,,,,,,,,
1384427,2023/24,2023-11-04,"Narendra Modi Stadium, Ahmedabad",2,25.1,England,Australia,JC Buttler,BA Stokes,A Zampa,0,0,,,,,,caught,JC Buttler,,
1384427,2023/24,2023-11-04,"Narendra Modi Stadium, Ahmedabad",2,25.2,England,Australia,MM Ali,BA Stokes,A Zampa,0,0,,,,,,,,,
1384427,2023/24,2023-11-04,"Narendra Modi Stadium, Ahmedabad",2,25.3,England,Australia,MM Ali,BA Stokes,A Zampa,0,0,,,,,,,,,
1384427,2023/24,2023-11-04,"Narendra Modi Stadium, Ahmedabad",2,25.4,England,Australia,MM Ali,BA Stokes,A Zampa,0,0,,,,,,,,,
1384427,2023/24,2023-11-04,"Narendra Modi Stadium, Ahmedabad",2,25.5,England,Australia,MM Ali,BA Stokes,A Zampa,0,0,,,,,,,,,
1384427,2023/24,2023-11-04,"Narendra Modi Stadium, Ahmedabad",2,25.6,England,Australia,MM Ali,BA Stokes,A Zampa,1,0,,,,,,,,,
1384427,2023/24,2023-11-04,"Narendra Modi Stadium, Ahmedabad",2,26.1,England,Australia,MM Ali,BA Stokes,PJ Cummins,4,0,,,,,,,,,
1384427,2023/24,2023-11-04,"Narendra Modi Stadium, Ahmedabad",2,26.2,England,Australia,MM Ali,BA Stokes,PJ Cummins,1,0,,,,,,,,,
1384427,2023/24,2023-11-04,"Narendra Modi Stadium, Ahmedabad",2,26.3,England,Australia,BA Stokes,MM Ali,PJ Cummins,0,0,,,,,,,,,
1384427,2023/24,2023-11-04,"Narendra Modi Stadium, Ahmedabad",2,26.4,England,Australia,BA Stokes,MM Ali,PJ Cummins,0,0,,,,,,,,,
1384427,2023/24,2023-11-04,"Narendra Modi Stadium, Ahmedabad",2,26.5,England,Australia,BA Stokes,MM Ali,PJ Cummins,0,0,,,,,,,,,
1384427,2023/24,2023-11-04,"Narendra Modi Stadium, Ahmedabad",2,26.6,England,Australia,BA Stokes,MM Ali,PJ Cummins,4,0,,,,,,,,,
1384427,2023/24,2023-11-04,"Narendra Modi Stadium, Ahmedabad",2,27.1,England,Australia,MM Ali,BA Stokes,A Zampa,0,1,1,,,,,,,,
1384427,2023/24,2023-11-04,"Narendra Modi Stadium, Ahmedabad",2,27.2,England,Australia,MM Ali,BA Stokes,A Zampa,0,1,1,,,,,,,,
1384427,2023/24,2023-11-04,"Narendra Modi Stadium, Ahmedabad",2,27.3,England,Australia,MM Ali,BA Stokes,A Zampa,0,0,,,,,,,,,
1384427,2023/24,2023-11-04,"Narendra Modi Stadium, Ahmedabad",2,27.4,England,Australia,MM Ali,BA Stokes,A Zampa,0,0,,,,,,,,,
1384427,2023/24,2023-11-04,"Narendra Modi Stadium, Ahmedabad",2,27.5,England,Australia,MM Ali,BA Stokes,A Zampa,0,0,,,,,,,,,
1384427,2023/24,2023-11-04,"Narendra Modi Stadium, Ahmedabad",2,27.6,England,Australia,MM Ali,BA Stokes,A Zampa,0,0,,,,,,,,,
1384427,2023/24,2023-11-04,"Narendra Modi Stadium, Ahmedabad",2,27.7,England,Australia,MM Ali,BA Stokes,A Zampa,0,0,,,,,,,,,
1384427,2023/24,2023-11-04,"Narendra Modi Stadium, Ahmedabad",2,27.8,England,Australia,MM Ali,BA Stokes,A Zampa,1,0,,,,,,,,,
1384427,2023/24,2023-11-04,"Narendra Modi Stadium, Ahmedabad",2,28.1,England,Australia,MM Ali,BA Stokes,MA Starc,0,0,,,,,,,,,
1384427,2023/24,2023-11-04,"Narendra Modi Stadium, Ahmedabad",2,28.2,England,Australia,MM Ali,BA Stokes,MA Starc,0,0,,,,,,,,,
1384427,2023/24,2023-11-04,"Narendra Modi Stadium, Ahmedabad",2,28.3,England,Australia,MM Ali,BA Stokes,MA Starc,1,0,,,,,,,,,
1384427,2023/24,2023-11-04,"Narendra Modi Stadium, Ahmedabad",2,28.4,England,Australia,BA Stokes,MM Ali,MA Starc,2,0,,,,,,,,,
1384427,2023/24,2023-11-04,"Narendra Modi Stadium, Ahmedabad",2,28.5,England,Australia,BA Stokes,MM Ali,MA Starc,1,0,,,,,,,,,
1384427,2023/24,2023-11-04,"Narendra Modi Stadium, Ahmedabad",2,28.6,England,Australia,MM Ali,BA Stokes,MA Starc,2,0,,,,,,,,,
1384427,2023/24,2023-11-04,"Narendra Modi Stadium, Ahmedabad",2,29.1,England,Australia,BA Stokes,MM Ali,TM Head,1,0,,,,,,,,,
1384427,2023/24,2023-11-04,"Narendra Modi Stadium, Ahmedabad",2,29.2,England,Australia,MM Ali,BA Stokes,TM Head,1,0,,,,,,,,,
1384427,2023/24,2023-11-04,"Narendra Modi Stadium, Ahmedabad",2,29.3,England,Australia,BA Stokes,MM Ali,TM Head,1,0,,,,,,,,,
1384427,2023/24,2023-11-04,"Narendra Modi Stadium, Ahmedabad",2,29.4,England,Australia,MM Ali,BA Stokes,TM Head,0,0,,,,,,,,,
1384427,2023/24,2023-11-04,"Narendra Modi Stadium, Ahmedabad",2,29.5,England,Australia,MM Ali,BA Stokes,TM Head,0,0,,,,,,,,,
1384427,2023/24,2023-11-04,"Narendra Modi Stadium, Ahmedabad",2,29.6,England,Australia,MM Ali,BA Stokes,TM Head,0,0,,,,,,,,,
1384427,2023/24,2023-11-04,"Narendra Modi Stadium, Ahmedabad",2,30.1,England,Australia,BA Stokes,MM Ali,MA Starc,0,0,,,,,,,,,
1384427,2023/24,2023-11-04,"Narendra Modi Stadium, Ahmedabad",2,30.2,England,Australia,BA Stokes,MM Ali,MA Starc,0,1,1,,,,,,,,
1384427,2023/24,2023-11-04,"Narendra Modi Stadium, Ahmedabad",2,30.3,England,Australia,BA Stokes,MM Ali,MA Starc,0,0,,,,,,,,,
1384427,2023/24,2023-11-04,"Narendra Modi Stadium, Ahmedabad",2,30.4,England,Australia,BA Stokes,MM Ali,MA Starc,1,0,,,,,,,,,
1384427,2023/24,2023-11-04,"Narendra Modi Stadium, Ahmedabad",2,30.5,England,Australia,MM Ali,BA Stokes,MA Starc,1,0,,,,,,,,,
1384427,2023/24,2023-11-04,"Narendra Modi Stadium, Ahmedabad",2,30.6,England,Australia,BA Stokes,MM Ali,MA Starc,6,0,,,,,,,,,
1384427,2023/24,2023-11-04,"Narendra Modi Stadium, Ahmedabad",2,30.7,England,Australia,BA Stokes,MM Ali,MA Starc,1,0,,,,,,,,,
1384427,2023/24,2023-11-04,"Narendra Modi Stadium, Ahmedabad",2,31.1,England,Australia,BA Stokes,MM Ali,TM Head,0,0,,,,,,,,,
1384427,2023/24,2023-11-04,"Narendra Modi Stadium, Ahmedabad",2,31.2,England,Australia,BA Stokes,MM Ali,TM Head,6,0,,,,,,,,,
1384427,2023/24,2023-11-04,"Narendra Modi Stadium, Ahmedabad",2,31.3,England,Australia,BA Stokes,MM Ali,TM Head,1,0,,,,,,,,,
1384427,2023/24,2023-11-04,"Narendra Modi Stadium, Ahmedabad",2,31.4,England,Australia,MM Ali,BA Stokes,TM Head,0,0,,,,,,,,,
1384427,2023/24,2023-11-04,"Narendra Modi Stadium, Ahmedabad",2,31.5,England,Australia,MM Ali,BA Stokes,TM Head,0,0,,,,,,,,,
1384427,2023/24,2023-11-04,"Narendra Modi Stadium, Ahmedabad",2,31.6,England,Australia,MM Ali,BA Stokes,TM Head,1,0,,,,,,,,,
1384427,2023/24,2023-11-04,"Narendra Modi Stadium, Ahmedabad",2,32.1,England,Australia,MM Ali,BA Stokes,JR Hazlewood,1,0,,,,,,,,,
1384427,2023/24,2023-11-04,"Narendra Modi Stadium, Ahmedabad",2,32.2,England,Australia,BA Stokes,MM Ali,JR Hazlewood,0,0,,,,,,,,,
1384427,2023/24,2023-11-04,"Narendra Modi Stadium, Ahmedabad",2,32.3,England,Australia,BA Stokes,MM Ali,JR Hazlewood,0,0,,,,,,,,,
1384427,2023/24,2023-11-04,"Narendra Modi Stadium, Ahmedabad",2,32.4,England,Australia,BA Stokes,MM Ali,JR Hazlewood,1,0,,,,,,,,,
1384427,2023/24,2023-11-04,"Narendra Modi Stadium, Ahmedabad",2,32.5,England,Australia,MM Ali,BA Stokes,JR Hazlewood,4,0,,,,,,,,,
1384427,2023/24,2023-11-04,"Narendra Modi Stadium, Ahmedabad",2,32.6,England,Australia,MM Ali,BA Stokes,JR Hazlewood,0,0,,,,,,,,,
1384427,2023/24,2023-11-04,"Narendra Modi Stadium, Ahmedabad",2,33.1,England,Australia,BA Stokes,MM Ali,MP Stoinis,0,0,,,,,,,,,
1384427,2023/24,2023-11-04,"Narendra Modi Stadium, Ahmedabad",2,33.2,England,Australia,BA Stokes,MM Ali,MP Stoinis,1,0,,,,,,,,,
1384427,2023/24,2023-11-04,"Narendra Modi Stadium, Ahmedabad",2,33.3,England,Australia,MM Ali,BA Stokes,MP Stoinis,4,0,,,,,,,,,
1384427,2023/24,2023-11-04,"Narendra Modi Stadium, Ahmedabad",2,33.4,England,Australia,MM Ali,BA Stokes,MP Stoinis,4,0,,,,,,,,,
1384427,2023/24,2023-11-04,"Narendra Modi Stadium, Ahmedabad",2,33.5,England,Australia,MM Ali,BA Stokes,MP Stoinis,1,0,,,,,,,,,
1384427,2023/24,2023-11-04,"Narendra Modi Stadium, Ahmedabad",2,33.6,England,Australia,BA Stokes,MM Ali,MP Stoinis,0,0,,,,,,,,,
1384427,2023/24,2023-11-04,"Narendra Modi Stadium, Ahmedabad",2,34.1,England,Australia,MM Ali,BA Stokes,JR Hazlewood,0,0,,,,,,,,,
1384427,2023/24,2023-11-04,"Narendra Modi Stadium, Ahmedabad",2,34.2,England,Australia,MM Ali,BA Stokes,JR Hazlewood,1,0,,,,,,,,,
1384427,2023/24,2023-11-04,"Narendra Modi Stadium, Ahmedabad",2,34.3,England,Australia,BA Stokes,MM Ali,JR Hazlewood,0,0,,,,,,,,,
1384427,2023/24,2023-11-04,"Narendra Modi Stadium, Ahmedabad",2,34.4,England,Australia,BA Stokes,MM Ali,JR Hazlewood,0,1,1,,,,,,,,
1384427,2023/24,2023-11-04,"Narendra Modi Stadium, Ahmedabad",2,34.5,England,Australia,BA Stokes,MM Ali,JR Hazlewood,0,0,,,,,,,,,
1384427,2023/24,2023-11-04,"Narendra Modi Stadium, Ahmedabad",2,34.6,England,Australia,BA Stokes,MM Ali,JR Hazlewood,1,0,,,,,,,,,
1384427,2023/24,2023-11-04,"Narendra Modi Stadium, Ahmedabad",2,34.7,England,Australia,MM Ali,BA Stokes,JR Hazlewood,4,0,,,,,,,,,
1384427,2023/24,2023-11-04,"Narendra Modi Stadium, Ahmedabad",2,35.1,England,Australia,BA Stokes,MM Ali,A Zampa,0,0,,,,,,,,,
1384427,2023/24,2023-11-04,"Narendra Modi Stadium, Ahmedabad",2,35.2,England,Australia,BA Stokes,MM Ali,A Zampa,0,0,,,,,,,,,
1384427,2023/24,2023-11-04,"Narendra Modi Stadium, Ahmedabad",2,35.3,England,Australia,BA Stokes,MM Ali,A Zampa,0,0,,,,,,caught,BA Stokes,,
1384427,2023/24,2023-11-04,"Narendra Modi Stadium, Ahmedabad",2,35.4,England,Australia,LS Livingstone,MM Ali,A Zampa,1,0,,,,,,,,,
1384427,2023/24,2023-11-04,"Narendra Modi Stadium, Ahmedabad",2,35.5,England,Australia,MM Ali,LS Livingstone,A Zampa,0,0,,,,,,,,,
1384427,2023/24,2023-11-04,"Narendra Modi Stadium, Ahmedabad",2,35.6,England,Australia,MM Ali,LS Livingstone,A Zampa,1,0,,,,,,,,,
1384427,2023/24,2023-11-04,"Narendra Modi Stadium, Ahmedabad",2,36.1,England,Australia,MM Ali,LS Livingstone,PJ Cummins,1,0,,,,,,,,,
1384427,2023/24,2023-11-04,"Narendra Modi Stadium, Ahmedabad",2,36.2,England,Australia,LS Livingstone,MM Ali,PJ Cummins,1,0,,,,,,,,,
1384427,2023/24,2023-11-04,"Narendra Modi Stadium, Ahmedabad",2,36.3,England,Australia,MM Ali,LS Livingstone,PJ Cummins,1,0,,,,,,,,,
1384427,2023/24,2023-11-04,"Narendra Modi Stadium, Ahmedabad",2,36.4,England,Australia,LS Livingstone,MM Ali,PJ Cummins,0,0,,,,,,,,,
1384427,2023/24,2023-11-04,"Narendra Modi Stadium, Ahmedabad",2,36.5,England,Australia,LS Livingstone,MM Ali,PJ Cummins,0,0,,,,,,,,,
1384427,2023/24,2023-11-04,"Narendra Modi Stadium, Ahmedabad",2,36.6,England,Australia,LS Livingstone,MM Ali,PJ Cummins,0,0,,,,,,caught,LS Livingstone,,
1384427,2023/24,2023-11-04,"Narendra Modi Stadium, Ahmedabad",2,37.1,England,Australia,MM Ali,CR Woakes,A Zampa,1,0,,,,,,,,,
1384427,2023/24,2023-11-04,"Narendra Modi Stadium, Ahmedabad",2,37.2,England,Australia,CR Woakes,MM Ali,A Zampa,0,0,,,,,,,,,
1384427,2023/24,2023-11-04,"Narendra Modi Stadium, Ahmedabad",2,37.3,England,Australia,CR Woakes,MM Ali,A Zampa,0,0,,,,,,,,,
1384427,2023/24,2023-11-04,"Narendra Modi Stadium, Ahmedabad",2,37.4,England,Australia,CR Woakes,MM Ali,A Zampa,0,0,,,,,,,,,
1384427,2023/24,2023-11-04,"Narendra Modi Stadium, Ahmedabad",2,37.5,England,Australia,CR Woakes,MM Ali,A Zampa,1,0,,,,,,,,,
1384427,2023/24,2023-11-04,"Narendra Modi Stadium, Ahmedabad",2,37.6,England,Australia,MM Ali,CR Woakes,A Zampa,1,0,,,,,,,,,
1384427,2023/24,2023-11-04,"Narendra Modi Stadium, Ahmedabad",2,38.1,England,Australia,MM Ali,CR Woakes,PJ Cummins,4,0,,,,,,,,,
1384427,2023/24,2023-11-04,"Narendra Modi Stadium, Ahmedabad",2,38.2,England,Australia,MM Ali,CR Woakes,PJ Cummins,1,0,,,,,,,,,
1384427,2023/24,2023-11-04,"Narendra Modi Stadium, Ahmedabad",2,38.3,England,Australia,CR Woakes,MM Ali,PJ Cummins,0,0,,,,,,,,,
1384427,2023/24,2023-11-04,"Narendra Modi Stadium, Ahmedabad",2,38.4,England,Australia,CR Woakes,MM Ali,PJ Cummins,0,0,,,,,,,,,
1384427,2023/24,2023-11-04,"Narendra Modi Stadium, Ahmedabad",2,38.5,England,Australia,CR Woakes,MM Ali,PJ Cummins,0,0,,,,,,,,,
1384427,2023/24,2023-11-04,"Narendra Modi Stadium, Ahmedabad",2,38.6,England,Australia,CR Woakes,MM Ali,PJ Cummins,4,0,,,,,,,,,
1384427,2023/24,2023-11-04,"Narendra Modi Stadium, Ahmedabad",2,39.1,England,Australia,MM Ali,CR Woakes,A Zampa,0,0,,,,,,caught,MM Ali,,
1384427,2023/24,2023-11-04,"Narendra Modi Stadium, Ahmedabad",2,39.2,England,Australia,DJ Willey,CR Woakes,A Zampa,0,0,,,,,,,,,
1384427,2023/24,2023-11-04,"Narendra Modi Stadium, Ahmedabad",2,39.3,England,Australia,DJ Willey,CR Woakes,A Zampa,0,0,,,,,,,,,
1384427,2023/24,2023-11-04,"Narendra Modi Stadium, Ahmedabad",2,39.4,England,Australia,DJ Willey,CR Woakes,A Zampa,1,0,,,,,,,,,
1384427,2023/24,2023-11-04,"Narendra Modi Stadium, Ahmedabad",2,39.5,England,Australia,CR Woakes,DJ Willey,A Zampa,0,0,,,,,,,,,
1384427,2023/24,2023-11-04,"Narendra Modi Stadium, Ahmedabad",2,39.6,England,Australia,CR Woakes,DJ Willey,A Zampa,0,0,,,,,,,,,
1384427,2023/24,2023-11-04,"Narendra Modi Stadium, Ahmedabad",2,40.1,England,Australia,DJ Willey,CR Woakes,MA Starc,4,0,,,,,,,,,
1384427,2023/24,2023-11-04,"Narendra Modi Stadium, Ahmedabad",2,40.2,England,Australia,DJ Willey,CR Woakes,MA Starc,0,0,,,,,,,,,
1384427,2023/24,2023-11-04,"Narendra Modi Stadium, Ahmedabad",2,40.3,England,Australia,DJ Willey,CR Woakes,MA Starc,0,0,,,,,,,,,
1384427,2023/24,2023-11-04,"Narendra Modi Stadium, Ahmedabad",2,40.4,England,Australia,DJ Willey,CR Woakes,MA Starc,4,0,,,,,,,,,
1384427,2023/24,2023-11-04,"Narendra Modi Stadium, Ahmedabad",2,40.5,England,Australia,DJ Willey,CR Woakes,MA Starc,0,1,1,,,,,,,,
1384427,2023/24,2023-11-04,"Narendra Modi Stadium, Ahmedabad",2,40.6,England,Australia,DJ Willey,CR Woakes,MA Starc,0,1,,,,1,,,,,
1384427,2023/24,2023-11-04,"Narendra Modi Stadium, Ahmedabad",2,40.7,England,Australia,CR Woakes,DJ Willey,MA Starc,1,0,,,,,,,,,
1384427,2023/24,2023-11-04,"Narendra Modi Stadium, Ahmedabad",2,41.1,England,Australia,CR Woakes,DJ Willey,A Zampa,0,0,,,,,,,,,
1384427,2023/24,2023-11-04,"Narendra Modi Stadium, Ahmedabad",2,41.2,England,Australia,CR Woakes,DJ Willey,A Zampa,0,0,,,,,,,,,
1384427,2023/24,2023-11-04,"Narendra Modi Stadium, Ahmedabad",2,41.3,England,Australia,CR Woakes,DJ Willey,A Zampa,0,0,,,,,,,,,
1384427,2023/24,2023-11-04,"Narendra Modi Stadium, Ahmedabad",2,41.4,England,Australia,CR Woakes,DJ Willey,A Zampa,1,0,,,,,,,,,
1384427,2023/24,2023-11-04,"Narendra Modi Stadium, Ahmedabad",2,41.5,England,Australia,DJ Willey,CR Woakes,A Zampa,0,0,,,,,,,,,
1384427,2023/24,2023-11-04,"Narendra Modi Stadium, Ahmedabad",2,41.6,England,Australia,DJ Willey,CR Woakes,A Zampa,0,0,,,,,,,,,
1384427,2023/24,2023-11-04,"Narendra Modi Stadium, Ahmedabad",2,42.1,England,Australia,CR Woakes,DJ Willey,MA Starc,0,1,1,,,,,,,,
1384427,2023/24,2023-11-04,"Narendra Modi Stadium, Ahmedabad",2,42.2,England,Australia,CR Woakes,DJ Willey,MA Starc,4,0,,,,,,,,,
1384427,2023/24,2023-11-04,"Narendra Modi Stadium, Ahmedabad",2,42.3,England,Australia,CR Woakes,DJ Willey,MA Starc,0,0,,,,,,,,,
1384427,2023/24,2023-11-04,"Narendra Modi Stadium, Ahmedabad",2,42.4,England,Australia,CR Woakes,DJ Willey,MA Starc,0,1,,,,1,,,,,
1384427,2023/24,2023-11-04,"Narendra Modi Stadium, Ahmedabad",2,42.5,England,Australia,DJ Willey,CR Woakes,MA Starc,2,0,,,,,,,,,
1384427,2023/24,2023-11-04,"Narendra Modi Stadium, Ahmedabad",2,42.6,England,Australia,DJ Willey,CR Woakes,MA Starc,0,1,,,,1,,,,,
1384427,2023/24,2023-11-04,"Narendra Modi Stadium, Ahmedabad",2,42.7,England,Australia,CR Woakes,DJ Willey,MA Starc,4,0,,,,,,,,,
1384427,2023/24,2023-11-04,"Narendra Modi Stadium, Ahmedabad",2,43.1,England,Australia,DJ Willey,CR Woakes,JR Hazlewood,4,0,,,,,,,,,
1384427,2023/24,2023-11-04,"Narendra Modi Stadium, Ahmedabad",2,43.2,England,Australia,DJ Willey,CR Woakes,JR Hazlewood,0,0,,,,,,caught,DJ Willey,,
1384427,2023/24,2023-11-04,"Narendra Modi Stadium, Ahmedabad",2,43.3,England,Australia,AU Rashid,CR Woakes,JR Hazlewood,0,0,,,,,,,,,
1384427,2023/24,2023-11-04,"Narendra Modi Stadium, Ahmedabad",2,43.4,England,Australia,AU Rashid,CR Woakes,JR Hazlewood,2,0,,,,,,,,,
1384427,2023/24,2023-11-04,"Narendra Modi Stadium, Ahmedabad",2,43.5,England,Australia,AU Rashid,CR Woakes,JR Hazlewood,1,0,,,,,,,,,
1384427,2023/24,2023-11-04,"Narendra Modi Stadium, Ahmedabad",2,43.6,England,Australia,CR Woakes,AU Rashid,JR Hazlewood,4,0,,,,,,,,,
1384427,2023/24,2023-11-04,"Narendra Modi Stadium, Ahmedabad",2,44.1,England,Australia,AU Rashid,CR Woakes,PJ Cummins,0,0,,,,,,,,,
1384427,2023/24,2023-11-04,"Narendra Modi Stadium, Ahmedabad",2,44.2,England,Australia,AU Rashid,CR Woakes,PJ Cummins,1,0,,,,,,,,,
1384427,2023/24,2023-11-04,"Narendra Modi Stadium, Ahmedabad",2,44.3,England,Australia,CR Woakes,AU Rashid,PJ Cummins,0,0,,,,,,,,,
1384427,2023/24,2023-11-04,"Narendra Modi Stadium, Ahmedabad",2,44.4,England,Australia,CR Woakes,AU Rashid,PJ Cummins,1,0,,,,,,,,,
1384427,2023/24,2023-11-04,"Narendra Modi Stadium, Ahmedabad",2,44.5,England,Australia,AU Rashid,CR Woakes,PJ Cummins,0,0,,,,,,,,,
1384427,2023/24,2023-11-04,"Narendra Modi Stadium, Ahmedabad",2,44.6,England,Australia,AU Rashid,CR Woakes,PJ Cummins,1,0,,,,,,,,,
1384427,2023/24,2023-11-04,"Narendra Modi Stadium, Ahmedabad",2,45.1,England,Australia,AU Rashid,CR Woakes,JR Hazlewood,1,0,,,,,,,,,
1384427,2023/24,2023-11-04,"Narendra Modi Stadium, Ahmedabad",2,45.2,England,Australia,CR Woakes,AU Rashid,JR Hazlewood,0,0,,,,,,,,,
1384427,2023/24,2023-11-04,"Narendra Modi Stadium, Ahmedabad",2,45.3,England,Australia,CR Woakes,AU Rashid,JR Hazlewood,0,0,,,,,,,,,
1384427,2023/24,2023-11-04,"Narendra Modi Stadium, Ahmedabad",2,45.4,England,Australia,CR Woakes,AU Rashid,JR Hazlewood,1,0,,,,,,,,,
1384427,2023/24,2023-11-04,"Narendra Modi Stadium, Ahmedabad",2,45.5,England,Australia,AU Rashid,CR Woakes,JR Hazlewood,4,0,,,,,,,,,
1384427,2023/24,2023-11-04,"Narendra Modi Stadium, Ahmedabad",2,45.6,England,Australia,AU Rashid,CR Woakes,JR Hazlewood,1,0,,,,,,,,,
1384427,2023/24,2023-11-04,"Narendra Modi Stadium, Ahmedabad",2,46.1,England,Australia,AU Rashid,CR Woakes,PJ Cummins,1,0,,,,,,,,,
1384427,2023/24,2023-11-04,"Narendra Modi Stadium, Ahmedabad",2,46.2,England,Australia,CR Woakes,AU Rashid,PJ Cummins,0,0,,,,,,,,,
1384427,2023/24,2023-11-04,"Narendra Modi Stadium, Ahmedabad",2,46.3,England,Australia,CR Woakes,AU Rashid,PJ Cummins,1,0,,,,,,,,,
1384427,2023/24,2023-11-04,"Narendra Modi Stadium, Ahmedabad",2,46.4,England,Australia,AU Rashid,CR Woakes,PJ Cummins,1,0,,,,,,,,,
1384427,2023/24,2023-11-04,"Narendra Modi Stadium, Ahmedabad",2,46.5,England,Australia,CR Woakes,AU Rashid,PJ Cummins,6,0,,,,,,,,,
1384427,2023/24,2023-11-04,"Narendra Modi Stadium, Ahmedabad",2,46.6,England,Australia,CR Woakes,AU Rashid,PJ Cummins,1,0,,,,,,,,,
1384427,2023/24,2023-11-04,"Narendra Modi Stadium, Ahmedabad",2,47.1,England,Australia,CR Woakes,AU Rashid,MP Stoinis,2,0,,,,,,,,,
1384427,2023/24,2023-11-04,"Narendra Modi Stadium, Ahmedabad",2,47.2,England,Australia,CR Woakes,AU Rashid,MP Stoinis,1,0,,,,,,,,,
1384427,2023/24,2023-11-04,"Narendra Modi Stadium, Ahmedabad",2,47.3,England,Australia,AU Rashid,CR Woakes,MP Stoinis,6,0,,,,,,,,,
1384427,2023/24,2023-11-04,"Narendra Modi Stadium, Ahmedabad",2,47.4,England,Australia,AU Rashid,CR Woakes,MP Stoinis,1,0,,,,,,,,,
1384427,2023/24,2023-11-04,"Narendra Modi Stadium, Ahmedabad",2,47.5,England,Australia,CR Woakes,AU Rashid,MP Stoinis,0,0,,,,,,,,,
1384427,2023/24,2023-11-04,"Narendra Modi Stadium, Ahmedabad",2,47.6,England,Australia,CR Woakes,AU Rashid,MP Stoinis,0,0,,,,,,caught,CR Woakes,,
1384427,2023/24,2023-11-04,"Narendra Modi Stadium, Ahmedabad",2,48.1,England,Australia,AU Rashid,MA Wood,JR Hazlewood,0,0,,,,,,caught,AU Rashid,,
