match_id,season,start_date,venue,innings,ball,batting_team,bowling_team,striker,non_striker,bowler,runs_off_bat,extras,wides,noballs,byes,legbyes,penalty,wicket_type,player_dismissed,other_wicket_type,other_player_dismissed
1384403,2023/24,2023-10-14,"Narendra Modi Stadium, Ahmedabad",1,0.1,Pakistan,India,Abdullah Shafique,Imam-ul-Haq,JJ Bumrah,0,0,,,,,,,,,
1384403,2023/24,2023-10-14,"Narendra Modi Stadium, Ahmedabad",1,0.2,Pakistan,India,Abdullah Shafique,Imam-ul-Haq,JJ Bumrah,0,0,,,,,,,,,
1384403,2023/24,2023-10-14,"Narendra Modi Stadium, Ahmedabad",1,0.3,Pakistan,India,Abdullah Shafique,Imam-ul-Haq,JJ Bumrah,0,0,,,,,,,,,
1384403,2023/24,2023-10-14,"Narendra Modi Stadium, Ahmedabad",1,0.4,Pakistan,India,Abdullah Shafique,Imam-ul-Haq,JJ Bumrah,0,0,,,,,,,,,
1384403,2023/24,2023-10-14,"Narendra Modi Stadium, Ahmedabad",1,0.5,Pakistan,India,Abdullah Shafique,Imam-ul-Haq,JJ Bumrah,0,0,,,,,,,,,
1384403,2023/24,2023-10-14,"Narendra Modi Stadium, Ahmedabad",1,0.6,Pakistan,India,Abdullah Shafique,Imam-ul-Haq,JJ Bumrah,4,0,,,,,,,,,
1384403,2023/24,2023-10-14,"Narendra Modi Stadium, Ahmedabad",1,1.1,Pakistan,India,Imam-ul-Haq,Abdullah Shafique,Mohammed Siraj,4,0,,,,,,,,,
1384403,2023/24,2023-10-14,"Narendra Modi Stadium, Ahmedabad",1,1.2,Pakistan,India,Imam-ul-Haq,Abdullah Shafique,Mohammed Siraj,4,0,,,,,,,,,
1384403,2023/24,2023-10-14,"Narendra Modi Stadium, Ahmedabad",1,1.3,Pakistan,India,Imam-ul-Haq,Abdullah Shafique,Mohammed Siraj,0,0,,,,,,,,,
1384403,2023/24,2023-10-14,"Narendra Modi Stadium, Ahmedabad",1,1.4,Pakistan,India,Imam-ul-Haq,Abdullah Shafique,Mohammed Siraj,4,0,,,,,,,,,
1384403,2023/24,2023-10-14,"Narendra Modi Stadium, Ahmedabad",1,1.5,Pakistan,India,Imam-ul-Haq,Abdullah Shafique,Mohammed Siraj,0,0,,,,,,,,,
1384403,2023/24,2023-10-14,"Narendra Modi Stadium, Ahmedabad",1,1.6,Pakistan,India,Imam-ul-Haq,Abdullah Shafique,Mohammed Siraj,0,0,,,,,,,,,
1384403,2023/24,2023-10-14,"Narendra Modi Stadium, Ahmedabad",1,2.1,Pakistan,India,Abdullah Shafique,Imam-ul-Haq,JJ Bumrah,0,0,,,,,,,,,
1384403,2023/24,2023-10-14,"Narendra Modi Stadium, Ahmedabad",1,2.2,Pakistan,India,Abdullah Shafique,Imam-ul-Haq,JJ Bumrah,0,0,,,,,,,,,
1384403,2023/24,2023-10-14,"Narendra Modi Stadium, Ahmedabad",1,2.3,Pakistan,India,Abdullah Shafique,Imam-ul-Haq,JJ Bumrah,1,0,,,,,,,,,
1384403,2023/24,2023-10-14,"Narendra Modi Stadium, Ahmedabad",1,2.4,Pakistan,India,Imam-ul-Haq,Abdullah Shafique,JJ Bumrah,0,0,,,,,,,,,
1384403,2023/24,2023-10-14,"Narendra Modi Stadium, Ahmedabad",1,2.5,Pakistan,India,Imam-ul-Haq,Abdullah Shafique,JJ Bumrah,0,0,,,,,,,,,
1384403,2023/24,2023-10-14,"Narendra Modi Stadium, Ahmedabad",1,2.6,Pakistan,India,Imam-ul-Haq,Abdullah Shafique,JJ Bumrah,0,0,,,,,,,,,
1384403,2023/24,2023-10-14,"Narendra Modi Stadium, Ahmedabad",1,3.1,Pakistan,India,Abdullah Shafique,Imam-ul-Haq,Mohammed Siraj,4,0,,,,,,,,,
1384403,2023/24,2023-10-14,"Narendra Modi Stadium, Ahmedabad",1,3.2,Pakistan,India,Abdullah Shafique,Imam-ul-Haq,Mohammed Siraj,0,0,,,,,,,,,
1384403,2023/24,2023-10-14,"Narendra Modi Stadium, Ahmedabad",1,3.3,Pakistan,India,Abdullah Shafique,Imam-ul-Haq,Mohammed Siraj,0,0,,,,,,,,,
1384403,2023/24,2023-10-14,"Narendra Modi Stadium, Ahmedabad",1,3.4,Pakistan,India,Abdullah Shafique,Imam-ul-Haq,Mohammed Siraj,1,0,,,,,,,,,
1384403,2023/24,2023-10-14,"Narendra Modi Stadium, Ahmedabad",1,3.5,Pakistan,India,Imam-ul-Haq,Abdullah Shafique,Mohammed Siraj,1,0,,,,,,,,,
1384403,2023/24,2023-10-14,"Narendra Modi Stadium, Ahmedabad",1,3.6,Pakistan,India,Abdullah Shafique,Imam-ul-Haq,Mohammed Siraj,0,0,,,,,,,,,
1384403,2023/24,2023-10-14,"Narendra Modi Stadium, Ahmedabad",1,4.1,Pakistan,India,Imam-ul-Haq,Abdullah Shafique,JJ Bumrah,0,0,,,,,,,,,
1384403,2023/24,2023-10-14,"Narendra Modi Stadium, Ahmedabad",1,4.2,Pakistan,India,Imam-ul-Haq,Abdullah Shafique,JJ Bumrah,0,0,,,,,,,,,
1384403,2023/24,2023-10-14,"Narendra Modi Stadium, Ahmedabad",1,4.3,Pakistan,India,Imam-ul-Haq,Abdullah Shafique,JJ Bumrah,0,0,,,,,,,,,
1384403,2023/24,2023-10-14,"Narendra Modi Stadium, Ahmedabad",1,4.4,Pakistan,India,Imam-ul-Haq,Abdullah Shafique,JJ Bumrah,0,0,,,,,,,,,
1384403,2023/24,2023-10-14,"Narendra Modi Stadium, Ahmedabad",1,4.5,Pakistan,India,Imam-ul-Haq,Abdullah Shafique,JJ Bumrah,0,0,,,,,,,,,
1384403,2023/24,2023-10-14,"Narendra Modi Stadium, Ahmedabad",1,4.6,Pakistan,India,Imam-ul-Haq,Abdullah Shafique,JJ Bumrah,0,0,,,,,,,,,
1384403,2023/24,2023-10-14,"Narendra Modi Stadium, Ahmedabad",1,5.1,Pakistan,India,Abdullah Shafique,Imam-ul-Haq,Mohammed Siraj,2,0,,,,,,,,,
1384403,2023/24,2023-10-14,"Narendra Modi Stadium, Ahmedabad",1,5.2,Pakistan,India,Abdullah Shafique,Imam-ul-Haq,Mohammed Siraj,0,0,,,,,,,,,
1384403,2023/24,2023-10-14,"Narendra Modi Stadium, Ahmedabad",1,5.3,Pakistan,India,Abdullah Shafique,Imam-ul-Haq,Mohammed Siraj,0,1,,,,1,,,,,
1384403,2023/24,2023-10-14,"Narendra Modi Stadium, Ahmedabad",1,5.4,Pakistan,India,Imam-ul-Haq,Abdullah Shafique,Mohammed Siraj,1,0,,,,,,,,,
1384403,2023/24,2023-10-14,"Narendra Modi Stadium, Ahmedabad",1,5.5,Pakistan,India,Abdullah Shafique,Imam-ul-Haq,Mohammed Siraj,1,0,,,,,,,,,
1384403,2023/24,2023-10-14,"Narendra Modi Stadium, Ahmedabad",1,5.6,Pakistan,India,Imam-ul-Haq,Abdullah Shafique,Mohammed Siraj,0,0,,,,,,,,,
1384403,2023/24,2023-10-14,"Narendra Modi Stadium, Ahmedabad",1,6.1,Pakistan,India,Abdullah Shafique,Imam-ul-Haq,JJ Bumrah,0,0,,,,,,,,,
1384403,2023/24,2023-10-14,"Narendra Modi Stadium, Ahmedabad",1,6.2,Pakistan,India,Abdullah Shafique,Imam-ul-Haq,JJ Bumrah,4,0,,,,,,,,,
1384403,2023/24,2023-10-14,"Narendra Modi Stadium, Ahmedabad",1,6.3,Pakistan,India,Abdullah Shafique,Imam-ul-Haq,JJ Bumrah,1,0,,,,,,,,,
1384403,2023/24,2023-10-14,"Narendra Modi Stadium, Ahmedabad",1,6.4,Pakistan,India,Imam-ul-Haq,Abdullah Shafique,JJ Bumrah,0,0,,,,,,,,,
1384403,2023/24,2023-10-14,"Narendra Modi Stadium, Ahmedabad",1,6.5,Pakistan,India,Imam-ul-Haq,Abdullah Shafique,JJ Bumrah,0,0,,,,,,,,,
1384403,2023/24,2023-10-14,"Narendra Modi Stadium, Ahmedabad",1,6.6,Pakistan,India,Imam-ul-Haq,Abdullah Shafique,JJ Bumrah,4,0,,,,,,,,,
1384403,2023/24,2023-10-14,"Narendra Modi Stadium, Ahmedabad",1,7.1,Pakistan,India,Abdullah Shafique,Imam-ul-Haq,Mohammed Siraj,1,0,,,,,,,,,
1384403,2023/24,2023-10-14,"Narendra Modi Stadium, Ahmedabad",1,7.2,Pakistan,India,Imam-ul-Haq,Abdullah Shafique,Mohammed Siraj,1,0,,,,,,,,,
1384403,2023/24,2023-10-14,"Narendra Modi Stadium, Ahmedabad",1,7.3,Pakistan,India,Abdullah Shafique,Imam-ul-Haq,Mohammed Siraj,1,0,,,,,,,,,
1384403,2023/24,2023-10-14,"Narendra Modi Stadium, Ahmedabad",1,7.4,Pakistan,India,Imam-ul-Haq,Abdullah Shafique,Mohammed Siraj,0,0,,,,,,,,,
1384403,2023/24,2023-10-14,"Narendra Modi Stadium, Ahmedabad",1,7.5,Pakistan,India,Imam-ul-Haq,Abdullah Shafique,Mohammed Siraj,1,0,,,,,,,,,
1384403,2023/24,2023-10-14,"Narendra Modi Stadium, Ahmedabad",1,7.6,Pakistan,India,Abdullah Shafique,Imam-ul-Haq,Mohammed Siraj,0,0,,,,,,lbw,Abdullah Shafique,,
1384403,2023/24,2023-10-14,"Narendra Modi Stadium, Ahmedabad",1,8.1,Pakistan,India,Imam-ul-Haq,Babar Azam,HH Pandya,1,0,,,,,,,,,
1384403,2023/24,2023-10-14,"Narendra Modi Stadium, Ahmedabad",1,8.2,Pakistan,India,Babar Azam,Imam-ul-Haq,HH Pandya,0,0,,,,,,,,,
1384403,2023/24,2023-10-14,"Narendra Modi Stadium, Ahmedabad",1,8.3,Pakistan,India,Babar Azam,Imam-ul-Haq,HH Pandya,1,0,,,,,,,,,
1384403,2023/24,2023-10-14,"Narendra Modi Stadium, Ahmedabad",1,8.4,Pakistan,India,Imam-ul-Haq,Babar Azam,HH Pandya,1,0,,,,,,,,,
1384403,2023/24,2023-10-14,"Narendra Modi Stadium, Ahmedabad",1,8.5,Pakistan,India,Babar Azam,Imam-ul-Haq,HH Pandya,0,0,,,,,,,,,
1384403,2023/24,2023-10-14,"Narendra Modi Stadium, Ahmedabad",1,8.6,Pakistan,India,Babar Azam,Imam-ul-Haq,HH Pandya,4,0,,,,,,,,,
1384403,2023/24,2023-10-14,"Narendra Modi Stadium, Ahmedabad",1,9.1,Pakistan,India,Imam-ul-Haq,Babar Azam,Mohammed Siraj,0,0,,,,,,,,,
1384403,2023/24,2023-10-14,"Narendra Modi Stadium, Ahmedabad",1,9.2,Pakistan,India,Imam-ul-Haq,Babar Azam,Mohammed Siraj,0,0,,,,,,,,,
1384403,2023/24,2023-10-14,"Narendra Modi Stadium, Ahmedabad",1,9.3,Pakistan,India,Imam-ul-Haq,Babar Azam,Mohammed Siraj,1,0,,,,,,,,,
1384403,2023/24,2023-10-14,"Narendra Modi Stadium, Ahmedabad",1,9.4,Pakistan,India,Babar Azam,Imam-ul-Haq,Mohammed Siraj,0,0,,,,,,,,,
1384403,2023/24,2023-10-14,"Narendra Modi Stadium, Ahmedabad",1,9.5,Pakistan,India,Babar Azam,Imam-ul-Haq,Mohammed Siraj,0,0,,,,,,,,,
1384403,2023/24,2023-10-14,"Narendra Modi Stadium, Ahmedabad",1,9.6,Pakistan,India,Babar Azam,Imam-ul-Haq,Mohammed Siraj,0,0,,,,,,,,,
1384403,2023/24,2023-10-14,"Narendra Modi Stadium, Ahmedabad",1,10.1,Pakistan,India,Imam-ul-Haq,Babar Azam,HH Pandya,1,0,,,,,,,,,
1384403,2023/24,2023-10-14,"Narendra Modi Stadium, Ahmedabad",1,10.2,Pakistan,India,Babar Azam,Imam-ul-Haq,HH Pandya,1,0,,,,,,,,,
1384403,2023/24,2023-10-14,"Narendra Modi Stadium, Ahmedabad",1,10.3,Pakistan,India,Imam-ul-Haq,Babar Azam,HH Pandya,0,0,,,,,,,,,
1384403,2023/24,2023-10-14,"Narendra Modi Stadium, Ahmedabad",1,10.4,Pakistan,India,Imam-ul-Haq,Babar Azam,HH Pandya,1,0,,,,,,,,,
1384403,2023/24,2023-10-14,"Narendra Modi Stadium, Ahmedabad",1,10.5,Pakistan,India,Babar Azam,Imam-ul-Haq,HH Pandya,4,0,,,,,,,,,
1384403,2023/24,2023-10-14,"Narendra Modi Stadium, Ahmedabad",1,10.6,Pakistan,India,Babar Azam,Imam-ul-Haq,HH Pandya,4,0,,,,,,,,,
1384403,2023/24,2023-10-14,"Narendra Modi Stadium, Ahmedabad",1,11.1,Pakistan,India,Imam-ul-Haq,Babar Azam,Kuldeep Yadav,1,0,,,,,,,,,
1384403,2023/24,2023-10-14,"Narendra Modi Stadium, Ahmedabad",1,11.2,Pakistan,India,Babar Azam,Imam-ul-Haq,Kuldeep Yadav,0,0,,,,,,,,,
1384403,2023/24,2023-10-14,"Narendra Modi Stadium, Ahmedabad",1,11.3,Pakistan,India,Babar Azam,Imam-ul-Haq,Kuldeep Yadav,1,0,,,,,,,,,
1384403,2023/24,2023-10-14,"Narendra Modi Stadium, Ahmedabad",1,11.4,Pakistan,India,Imam-ul-Haq,Babar Azam,Kuldeep Yadav,2,0,,,,,,,,,
1384403,2023/24,2023-10-14,"Narendra Modi Stadium, Ahmedabad",1,11.5,Pakistan,India,Imam-ul-Haq,Babar Azam,Kuldeep Yadav,0,0,,,,,,,,,
1384403,2023/24,2023-10-14,"Narendra Modi Stadium, Ahmedabad",1,11.6,Pakistan,India,Imam-ul-Haq,Babar Azam,Kuldeep Yadav,4,0,,,,,,,,,
1384403,2023/24,2023-10-14,"Narendra Modi Stadium, Ahmedabad",1,12.1,Pakistan,India,Babar Azam,Imam-ul-Haq,HH Pandya,1,0,,,,,,,,,
1384403,2023/24,2023-10-14,"Narendra Modi Stadium, Ahmedabad",1,12.2,Pakistan,India,Imam-ul-Haq,Babar Azam,HH Pandya,4,0,,,,,,,,,
1384403,2023/24,2023-10-14,"Narendra Modi Stadium, Ahmedabad",1,12.3,Pakistan,India,Imam-ul-Haq,Babar Azam,HH Pandya,0,0,,,,,,caught,Imam-ul-Haq,,
1384403,2023/24,2023-10-14,"Narendra Modi Stadium, Ahmedabad",1,12.4,Pakistan,India,Mohammad Rizwan,Babar Azam,HH Pandya,0,0,,,,,,,,,
1384403,2023/24,2023-10-14,"Narendra Modi Stadium, Ahmedabad",1,12.5,Pakistan,India,Mohammad Rizwan,Babar Azam,HH Pandya,0,0,,,,,,,,,
1384403,2023/24,2023-10-14,"Narendra Modi Stadium, Ahmedabad",1,12.6,Pakistan,India,Mohammad Rizwan,Babar Azam,HH Pandya,1,0,,,,,,,,,
1384403,2023/24,2023-10-14,"Narendra Modi Stadium, Ahmedabad",1,13.1,Pakistan,India,Mohammad Rizwan,Babar Azam,RA Jadeja,0,0,,,,,,,,,
1384403,2023/24,2023-10-14,"Narendra Modi Stadium, Ahmedabad",1,13.2,Pakistan,India,Mohammad Rizwan,Babar Azam,RA Jadeja,0,0,,,,,,,,,
1384403,2023/24,2023-10-14,"Narendra Modi Stadium, Ahmedabad",1,13.3,Pakistan,India,Mohammad Rizwan,Babar Azam,RA Jadeja,0,0,,,,,,,,,
1384403,2023/24,2023-10-14,"Narendra Modi Stadium, Ahmedabad",1,13.4,Pakistan,India,Mohammad Rizwan,Babar Azam,RA Jadeja,0,0,,,,,,,,,
1384403,2023/24,2023-10-14,"Narendra Modi Stadium, Ahmedabad",1,13.5,Pakistan,India,Mohammad Rizwan,Babar Azam,RA Jadeja,1,0,,,,,,,,,
1384403,2023/24,2023-10-14,"Narendra Modi Stadium, Ahmedabad",1,13.6,Pakistan,India,Babar Azam,Mohammad Rizwan,RA Jadeja,0,0,,,,,,,,,
1384403,2023/24,2023-10-14,"Narendra Modi Stadium, Ahmedabad",1,14.1,Pakistan,India,Mohammad Rizwan,Babar Azam,HH Pandya,0,0,,,,,,,,,
1384403,2023/24,2023-10-14,"Narendra Modi Stadium, Ahmedabad",1,14.2,Pakistan,India,Mohammad Rizwan,Babar Azam,HH Pandya,0,0,,,,,,,,,
1384403,2023/24,2023-10-14,"Narendra Modi Stadium, Ahmedabad",1,14.3,Pakistan,India,Mohammad Rizwan,Babar Azam,HH Pandya,0,0,,,,,,,,,
1384403,2023/24,2023-10-14,"Narendra Modi Stadium, Ahmedabad",1,14.4,Pakistan,India,Mohammad Rizwan,Babar Azam,HH Pandya,0,0,,,,,,,,,
1384403,2023/24,2023-10-14,"Narendra Modi Stadium, Ahmedabad",1,14.5,Pakistan,India,Mohammad Rizwan,Babar Azam,HH Pandya,0,0,,,,,,,,,
1384403,2023/24,2023-10-14,"Narendra Modi Stadium, Ahmedabad",1,14.6,Pakistan,India,Mohammad Rizwan,Babar Azam,HH Pandya,4,0,,,,,,,,,
1384403,2023/24,2023-10-14,"Narendra Modi Stadium, Ahmedabad",1,15.1,Pakistan,India,Babar Azam,Mohammad Rizwan,RA Jadeja,1,0,,,,,,,,,
1384403,2023/24,2023-10-14,"Narendra Modi Stadium, Ahmedabad",1,15.2,Pakistan,India,Mohammad Rizwan,Babar Azam,RA Jadeja,0,0,,,,,,,,,
1384403,2023/24,2023-10-14,"Narendra Modi Stadium, Ahmedabad",1,15.3,Pakistan,India,Mohammad Rizwan,Babar Azam,RA Jadeja,1,0,,,,,,,,,
1384403,2023/24,2023-10-14,"Narendra Modi Stadium, Ahmedabad",1,15.4,Pakistan,India,Babar Azam,Mohammad Rizwan,RA Jadeja,1,0,,,,,,,,,
1384403,2023/24,2023-10-14,"Narendra Modi Stadium, Ahmedabad",1,15.5,Pakistan,India,Mohammad Rizwan,Babar Azam,RA Jadeja,1,0,,,,,,,,,
1384403,2023/24,2023-10-14,"Narendra Modi Stadium, Ahmedabad",1,15.6,Pakistan,India,Babar Azam,Mohammad Rizwan,RA Jadeja,1,0,,,,,,,,,
1384403,2023/24,2023-10-14,"Narendra Modi Stadium, Ahmedabad",1,16.1,Pakistan,India,Babar Azam,Mohammad Rizwan,SN Thakur,4,0,,,,,,,,,
1384403,2023/24,2023-10-14,"Narendra Modi Stadium, Ahmedabad",1,16.2,Pakistan,India,Babar Azam,Mohammad Rizwan,SN Thakur,1,0,,,,,,,,,
1384403,2023/24,2023-10-14,"Narendra Modi Stadium, Ahmedabad",1,16.3,Pakistan,India,Mohammad Rizwan,Babar Azam,SN Thakur,1,0,,,,,,,,,
1384403,2023/24,2023-10-14,"Narendra Modi Stadium, Ahmedabad",1,16.4,Pakistan,India,Babar Azam,Mohammad Rizwan,SN Thakur,0,0,,,,,,,,,
1384403,2023/24,2023-10-14,"Narendra Modi Stadium, Ahmedabad",1,16.5,Pakistan,India,Babar Azam,Mohammad Rizwan,SN Thakur,0,0,,,,,,,,,
1384403,2023/24,2023-10-14,"Narendra Modi Stadium, Ahmedabad",1,16.6,Pakistan,India,Babar Azam,Mohammad Rizwan,SN Thakur,0,0,,,,,,,,,
1384403,2023/24,2023-10-14,"Narendra Modi Stadium, Ahmedabad",1,17.1,Pakistan,India,Mohammad Rizwan,Babar Azam,RA Jadeja,0,0,,,,,,,,,
1384403,2023/24,2023-10-14,"Narendra Modi Stadium, Ahmedabad",1,17.2,Pakistan,India,Mohammad Rizwan,Babar Azam,RA Jadeja,0,0,,,,,,,,,
1384403,2023/24,2023-10-14,"Narendra Modi Stadium, Ahmedabad",1,17.3,Pakistan,India,Mohammad Rizwan,Babar Azam,RA Jadeja,1,0,,,,,,,,,
1384403,2023/24,2023-10-14,"Narendra Modi Stadium, Ahmedabad",1,17.4,Pakistan,India,Babar Azam,Mohammad Rizwan,RA Jadeja,1,0,,,,,,,,,
1384403,2023/24,2023-10-14,"Narendra Modi Stadium, Ahmedabad",1,17.5,Pakistan,India,Mohammad Rizwan,Babar Azam,RA Jadeja,4,0,,,,,,,,,
1384403,2023/24,2023-10-14,"Narendra Modi Stadium, Ahmedabad",1,17.6,Pakistan,India,Mohammad Rizwan,Babar Azam,RA Jadeja,0,0,,,,,,,,,
1384403,2023/24,2023-10-14,"Narendra Modi Stadium, Ahmedabad",1,18.1,Pakistan,India,Babar Azam,Mohammad Rizwan,SN Thakur,0,0,,,,,,,,,
1384403,2023/24,2023-10-14,"Narendra Modi Stadium, Ahmedabad",1,18.2,Pakistan,India,Babar Azam,Mohammad Rizwan,SN Thakur,0,0,,,,,,,,,
1384403,2023/24,2023-10-14,"Narendra Modi Stadium, Ahmedabad",1,18.3,Pakistan,India,Babar Azam,Mohammad Rizwan,SN Thakur,4,0,,,,,,,,,
1384403,2023/24,2023-10-14,"Narendra Modi Stadium, Ahmedabad",1,18.4,Pakistan,India,Babar Azam,Mohammad Rizwan,SN Thakur,1,0,,,,,,,,,
1384403,2023/24,2023-10-14,"Narendra Modi Stadium, Ahmedabad",1,18.5,Pakistan,India,Mohammad Rizwan,Babar Azam,SN Thakur,1,0,,,,,,,,,
1384403,2023/24,2023-10-14,"Narendra Modi Stadium, Ahmedabad",1,18.6,Pakistan,India,Babar Azam,Mohammad Rizwan,SN Thakur,0,0,,,,,,,,,
1384403,2023/24,2023-10-14,"Narendra Modi Stadium, Ahmedabad",1,19.1,Pakistan,India,Mohammad Rizwan,Babar Azam,RA Jadeja,1,0,,,,,,,,,
1384403,2023/24,2023-10-14,"Narendra Modi Stadium, Ahmedabad",1,19.2,Pakistan,India,Babar Azam,Mohammad Rizwan,RA Jadeja,0,0,,,,,,,,,
1384403,2023/24,2023-10-14,"Narendra Modi Stadium, Ahmedabad",1,19.3,Pakistan,India,Babar Azam,Mohammad Rizwan,RA Jadeja,0,0,,,,,,,,,
1384403,2023/24,2023-10-14,"Narendra Modi Stadium, Ahmedabad",1,19.4,Pakistan,India,Babar Azam,Mohammad Rizwan,RA Jadeja,0,0,,,,,,,,,
1384403,2023/24,2023-10-14,"Narendra Modi Stadium, Ahmedabad",1,19.5,Pakistan,India,Babar Azam,Mohammad Rizwan,RA Jadeja,0,0,,,,,,,,,
1384403,2023/24,2023-10-14,"Narendra Modi Stadium, Ahmedabad",1,19.6,Pakistan,India,Babar Azam,Mohammad Rizwan,RA Jadeja,0,0,,,,,,,,,
1384403,2023/24,2023-10-14,"Narendra Modi Stadium, Ahmedabad",1,20.1,Pakistan,India,Mohammad Rizwan,Babar Azam,Kuldeep Yadav,0,0,,,,,,,,,
1384403,2023/24,2023-10-14,"Narendra Modi Stadium, Ahmedabad",1,20.2,Pakistan,India,Mohammad Rizwan,Babar Azam,Kuldeep Yadav,0,0,,,,,,,,,
1384403,2023/24,2023-10-14,"Narendra Modi Stadium, Ahmedabad",1,20.3,Pakistan,India,Mohammad Rizwan,Babar Azam,Kuldeep Yadav,1,0,,,,,,,,,
1384403,2023/24,2023-10-14,"Narendra Modi Stadium, Ahmedabad",1,20.4,Pakistan,India,Babar Azam,Mohammad Rizwan,Kuldeep Yadav,0,0,,,,,,,,,
1384403,2023/24,2023-10-14,"Narendra Modi Stadium, Ahmedabad",1,20.5,Pakistan,India,Babar Azam,Mohammad Rizwan,Kuldeep Yadav,1,0,,,,,,,,,
1384403,2023/24,2023-10-14,"Narendra Modi Stadium, Ahmedabad",1,20.6,Pakistan,India,Mohammad Rizwan,Babar Azam,Kuldeep Yadav,0,0,,,,,,,,,
1384403,2023/24,2023-10-14,"Narendra Modi Stadium, Ahmedabad",1,21.1,Pakistan,India,Babar Azam,Mohammad Rizwan,RA Jadeja,0,0,,,,,,,,,
1384403,2023/24,2023-10-14,"Narendra Modi Stadium, Ahmedabad",1,21.2,Pakistan,India,Babar Azam,Mohammad Rizwan,RA Jadeja,1,0,,,,,,,,,
1384403,2023/24,2023-10-14,"Narendra Modi Stadium, Ahmedabad",1,21.3,Pakistan,India,Mohammad Rizwan,Babar Azam,RA Jadeja,0,0,,,,,,,,,
1384403,2023/24,2023-10-14,"Narendra Modi Stadium, Ahmedabad",1,21.4,Pakistan,India,Mohammad Rizwan,Babar Azam,RA Jadeja,4,0,,,,,,,,,
1384403,2023/24,2023-10-14,"Narendra Modi Stadium, Ahmedabad",1,21.5,Pakistan,India,Mohammad Rizwan,Babar Azam,RA Jadeja,4,0,,,,,,,,,
1384403,2023/24,2023-10-14,"Narendra Modi Stadium, Ahmedabad",1,21.6,Pakistan,India,Mohammad Rizwan,Babar Azam,RA Jadeja,0,0,,,,,,,,,
1384403,2023/24,2023-10-14,"Narendra Modi Stadium, Ahmedabad",1,22.1,Pakistan,India,Babar Azam,Mohammad Rizwan,Kuldeep Yadav,0,0,,,,,,,,,
1384403,2023/24,2023-10-14,"Narendra Modi Stadium, Ahmedabad",1,22.2,Pakistan,India,Babar Azam,Mohammad Rizwan,Kuldeep Yadav,0,0,,,,,,,,,
1384403,2023/24,2023-10-14,"Narendra Modi Stadium, Ahmedabad",1,22.3,Pakistan,India,Babar Azam,Mohammad Rizwan,Kuldeep Yadav,1,0,,,,,,,,,
1384403,2023/24,2023-10-14,"Narendra Modi Stadium, Ahmedabad",1,22.4,Pakistan,India,Mohammad Rizwan,Babar Azam,Kuldeep Yadav,4,0,,,,,,,,,
1384403,2023/24,2023-10-14,"Narendra Modi Stadium, Ahmedabad",1,22.5,Pakistan,India,Mohammad Rizwan,Babar Azam,Kuldeep Yadav,1,0,,,,,,,,,
1384403,2023/24,2023-10-14,"Narendra Modi Stadium, Ahmedabad",1,22.6,Pakistan,India,Babar Azam,Mohammad Rizwan,Kuldeep Yadav,0,0,,,,,,,,,
1384403,2023/24,2023-10-14,"Narendra Modi Stadium, Ahmedabad",1,23.1,Pakistan,India,Mohammad Rizwan,Babar Azam,RA Jadeja,0,0,,,,,,,,,
1384403,2023/24,2023-10-14,"Narendra Modi Stadium, Ahmedabad",1,23.2,Pakistan,India,Mohammad Rizwan,Babar Azam,RA Jadeja,1,0,,,,,,,,,
1384403,2023/24,2023-10-14,"Narendra Modi Stadium, Ahmedabad",1,23.3,Pakistan,India,Babar Azam,Mohammad Rizwan,RA Jadeja,1,0,,,,,,,,,
1384403,2023/24,2023-10-14,"Narendra Modi Stadium, Ahmedabad",1,23.4,Pakistan,India,Mohammad Rizwan,Babar Azam,RA Jadeja,0,0,,,,,,,,,
1384403,2023/24,2023-10-14,"Narendra Modi Stadium, Ahmedabad",1,23.5,Pakistan,India,Mohammad Rizwan,Babar Azam,RA Jadeja,0,0,,,,,,,,,
1384403,2023/24,2023-10-14,"Narendra Modi Stadium, Ahmedabad",1,23.6,Pakistan,India,Mohammad Rizwan,Babar Azam,RA Jadeja,1,0,,,,,,,,,
1384403,2023/24,2023-10-14,"Narendra Modi Stadium, Ahmedabad",1,24.1,Pakistan,India,Mohammad Rizwan,Babar Azam,Kuldeep Yadav,1,0,,,,,,,,,
1384403,2023/24,2023-10-14,"Narendra Modi Stadium, Ahmedabad",1,24.2,Pakistan,India,Babar Azam,Mohammad Rizwan,Kuldeep Yadav,0,0,,,,,,,,,
1384403,2023/24,2023-10-14,"Narendra Modi Stadium, Ahmedabad",1,24.3,Pakistan,India,Babar Azam,Mohammad Rizwan,Kuldeep Yadav,0,0,,,,,,,,,
1384403,2023/24,2023-10-14,"Narendra Modi Stadium, Ahmedabad",1,24.4,Pakistan,India,Babar Azam,Mohammad Rizwan,Kuldeep Yadav,0,0,,,,,,,,,
1384403,2023/24,2023-10-14,"Narendra Modi Stadium, Ahmedabad",1,24.5,Pakistan,India,Babar Azam,Mohammad Rizwan,Kuldeep Yadav,0,0,,,,,,,,,
1384403,2023/24,2023-10-14,"Narendra Modi Stadium, Ahmedabad",1,24.6,Pakistan,India,Babar Azam,Mohammad Rizwan,Kuldeep Yadav,1,0,,,,,,,,,
1384403,2023/24,2023-10-14,"Narendra Modi Stadium, Ahmedabad",1,25.1,Pakistan,India,Babar Azam,Mohammad Rizwan,RA Jadeja,1,0,,,,,,,,,
1384403,2023/24,2023-10-14,"Narendra Modi Stadium, Ahmedabad",1,25.2,Pakistan,India,Mohammad Rizwan,Babar Azam,RA Jadeja,0,0,,,,,,,,,
1384403,2023/24,2023-10-14,"Narendra Modi Stadium, Ahmedabad",1,25.3,Pakistan,India,Mohammad Rizwan,Babar Azam,RA Jadeja,2,0,,,,,,,,,
1384403,2023/24,2023-10-14,"Narendra Modi Stadium, Ahmedabad",1,25.4,Pakistan,India,Mohammad Rizwan,Babar Azam,RA Jadeja,0,0,,,,,,,,,
1384403,2023/24,2023-10-14,"Narendra Modi Stadium, Ahmedabad",1,25.5,Pakistan,India,Mohammad Rizwan,Babar Azam,RA Jadeja,0,0,,,,,,,,,
1384403,2023/24,2023-10-14,"Narendra Modi Stadium, Ahmedabad",1,25.6,Pakistan,India,Mohammad Rizwan,Babar Azam,RA Jadeja,1,0,,,,,,,,,
1384403,2023/24,2023-10-14,"Narendra Modi Stadium, Ahmedabad",1,26.1,Pakistan,India,Mohammad Rizwan,Babar Azam,Kuldeep Yadav,1,0,,,,,,,,,
1384403,2023/24,2023-10-14,"Narendra Modi Stadium, Ahmedabad",1,26.2,Pakistan,India,Babar Azam,Mohammad Rizwan,Kuldeep Yadav,1,0,,,,,,,,,
1384403,2023/24,2023-10-14,"Narendra Modi Stadium, Ahmedabad",1,26.3,Pakistan,India,Mohammad Rizwan,Babar Azam,Kuldeep Yadav,0,0,,,,,,,,,
1384403,2023/24,2023-10-14,"Narendra Modi Stadium, Ahmedabad",1,26.4,Pakistan,India,Mohammad Rizwan,Babar Azam,Kuldeep Yadav,0,0,,,,,,,,,
1384403,2023/24,2023-10-14,"Narendra Modi Stadium, Ahmedabad",1,26.5,Pakistan,India,Mohammad Rizwan,Babar Azam,Kuldeep Yadav,0,0,,,,,,,,,
1384403,2023/24,2023-10-14,"Narendra Modi Stadium, Ahmedabad",1,26.6,Pakistan,India,Mohammad Rizwan,Babar Azam,Kuldeep Yadav,0,0,,,,,,,,,
1384403,2023/24,2023-10-14,"Narendra Modi Stadium, Ahmedabad",1,27.1,Pakistan,India,Babar Azam,Mohammad Rizwan,Mohammed Siraj,1,0,,,,,,,,,
1384403,2023/24,2023-10-14,"Narendra Modi Stadium, Ahmedabad",1,27.2,Pakistan,India,Mohammad Rizwan,Babar Azam,Mohammed Siraj,1,0,,,,,,,,,
1384403,2023/24,2023-10-14,"Narendra Modi Stadium, Ahmedabad",1,27.3,Pakistan,India,Babar Azam,Mohammad Rizwan,Mohammed Siraj,4,0,,,,,,,,,
1384403,2023/24,2023-10-14,"Narendra Modi Stadium, Ahmedabad",1,27.4,Pakistan,India,Babar Azam,Mohammad Rizwan,Mohammed Siraj,2,0,,,,,,,,,
1384403,2023/24,2023-10-14,"Narendra Modi Stadium, Ahmedabad",1,27.5,Pakistan,India,Babar Azam,Mohammad Rizwan,Mohammed Siraj,1,0,,,,,,,,,
1384403,2023/24,2023-10-14,"Narendra Modi Stadium, Ahmedabad",1,27.6,Pakistan,India,Mohammad Rizwan,Babar Azam,Mohammed Siraj,4,0,,,,,,,,,
1384403,2023/24,2023-10-14,"Narendra Modi Stadium, Ahmedabad",1,28.1,Pakistan,India,Babar Azam,Mohammad Rizwan,Kuldeep Yadav,0,0,,,,,,,,,
1384403,2023/24,2023-10-14,"Narendra Modi Stadium, Ahmedabad",1,28.2,Pakistan,India,Babar Azam,Mohammad Rizwan,Kuldeep Yadav,1,0,,,,,,,,,
1384403,2023/24,2023-10-14,"Narendra Modi Stadium, Ahmedabad",1,28.3,Pakistan,India,Mohammad Rizwan,Babar Azam,Kuldeep Yadav,0,0,,,,,,,,,
1384403,2023/24,2023-10-14,"Narendra Modi Stadium, Ahmedabad",1,28.4,Pakistan,India,Mohammad Rizwan,Babar Azam,Kuldeep Yadav,1,0,,,,,,,,,
1384403,2023/24,2023-10-14,"Narendra Modi Stadium, Ahmedabad",1,28.5,Pakistan,India,Babar Azam,Mohammad Rizwan,Kuldeep Yadav,0,0,,,,,,,,,
1384403,2023/24,2023-10-14,"Narendra Modi Stadium, Ahmedabad",1,28.6,Pakistan,India,Babar Azam,Mohammad Rizwan,Kuldeep Yadav,4,0,,,,,,,,,
1384403,2023/24,2023-10-14,"Narendra Modi Stadium, Ahmedabad",1,29.1,Pakistan,India,Mohammad Rizwan,Babar Azam,Mohammed Siraj,4,0,,,,,,,,,
1384403,2023/24,2023-10-14,"Narendra Modi Stadium, Ahmedabad",1,29.2,Pakistan,India,Mohammad Rizwan,Babar Azam,Mohammed Siraj,0,0,,,,,,,,,
1384403,2023/24,2023-10-14,"Narendra Modi Stadium, Ahmedabad",1,29.3,Pakistan,India,Mohammad Rizwan,Babar Azam,Mohammed Siraj,0,1,,,1,,,,,,
1384403,2023/24,2023-10-14,"Narendra Modi Stadium, Ahmedabad",1,29.4,Pakistan,India,Babar Azam,Mohammad Rizwan,Mohammed Siraj,0,0,,,,,,bowled,Babar Azam,,
1384403,2023/24,2023-10-14,"Narendra Modi Stadium, Ahmedabad",1,29.5,Pakistan,India,Saud Shakeel,Mohammad Rizwan,Mohammed Siraj,1,0,,,,,,,,,
1384403,2023/24,2023-10-14,"Narendra Modi Stadium, Ahmedabad",1,29.6,Pakistan,India,Mohammad Rizwan,Saud Shakeel,Mohammed Siraj,0,0,,,,,,,,,
1384403,2023/24,2023-10-14,"Narendra Modi Stadium, Ahmedabad",1,30.1,Pakistan,India,Saud Shakeel,Mohammad Rizwan,Kuldeep Yadav,0,0,,,,,,,,,
1384403,2023/24,2023-10-14,"Narendra Modi Stadium, Ahmedabad",1,30.2,Pakistan,India,Saud Shakeel,Mohammad Rizwan,Kuldeep Yadav,1,0,,,,,,,,,
1384403,2023/24,2023-10-14,"Narendra Modi Stadium, Ahmedabad",1,30.3,Pakistan,India,Mohammad Rizwan,Saud Shakeel,Kuldeep Yadav,0,0,,,,,,,,,
1384403,2023/24,2023-10-14,"Narendra Modi Stadium, Ahmedabad",1,30.4,Pakistan,India,Mohammad Rizwan,Saud Shakeel,Kuldeep Yadav,0,0,,,,,,,,,
1384403,2023/24,2023-10-14,"Narendra Modi Stadium, Ahmedabad",1,30.5,Pakistan,India,Mohammad Rizwan,Saud Shakeel,Kuldeep Yadav,0,0,,,,,,,,,
1384403,2023/24,2023-10-14,"Narendra Modi Stadium, Ahmedabad",1,30.6,Pakistan,India,Mohammad Rizwan,Saud Shakeel,Kuldeep Yadav,0,0,,,,,,,,,
1384403,2023/24,2023-10-14,"Narendra Modi Stadium, Ahmedabad",1,31.1,Pakistan,India,Saud Shakeel,Mohammad Rizwan,Mohammed Siraj,2,0,,,,,,,,,
1384403,2023/24,2023-10-14,"Narendra Modi Stadium, Ahmedabad",1,31.2,Pakistan,India,Saud Shakeel,Mohammad Rizwan,Mohammed Siraj,0,0,,,,,,,,,
1384403,2023/24,2023-10-14,"Narendra Modi Stadium, Ahmedabad",1,31.3,Pakistan,India,Saud Shakeel,Mohammad Rizwan,Mohammed Siraj,0,0,,,,,,,,,
1384403,2023/24,2023-10-14,"Narendra Modi Stadium, Ahmedabad",1,31.4,Pakistan,India,Saud Shakeel,Mohammad Rizwan,Mohammed Siraj,1,0,,,,,,,,,
1384403,2023/24,2023-10-14,"Narendra Modi Stadium, Ahmedabad",1,31.5,Pakistan,India,Mohammad Rizwan,Saud Shakeel,Mohammed Siraj,1,0,,,,,,,,,
1384403,2023/24,2023-10-14,"Narendra Modi Stadium, Ahmedabad",1,31.6,Pakistan,India,Saud Shakeel,Mohammad Rizwan,Mohammed Siraj,1,0,,,,,,,,,
1384403,2023/24,2023-10-14,"Narendra Modi Stadium, Ahmedabad",1,32.1,Pakistan,India,Saud Shakeel,Mohammad Rizwan,Kuldeep Yadav,0,0,,,,,,,,,
1384403,2023/24,2023-10-14,"Narendra Modi Stadium, Ahmedabad",1,32.2,Pakistan,India,Saud Shakeel,Mohammad Rizwan,Kuldeep Yadav,0,0,,,,,,lbw,Saud Shakeel,,
1384403,2023/24,2023-10-14,"Narendra Modi Stadium, Ahmedabad",1,32.3,Pakistan,India,Iftikhar Ahmed,Mohammad Rizwan,Kuldeep Yadav,0,0,,,,,,,,,
1384403,2023/24,2023-10-14,"Narendra Modi Stadium, Ahmedabad",1,32.4,Pakistan,India,Iftikhar Ahmed,Mohammad Rizwan,Kuldeep Yadav,4,0,,,,,,,,,
1384403,2023/24,2023-10-14,"Narendra Modi Stadium, Ahmedabad",1,32.5,Pakistan,India,Iftikhar Ahmed,Mohammad Rizwan,Kuldeep Yadav,0,0,,,,,,,,,
1384403,2023/24,2023-10-14,"Narendra Modi Stadium, Ahmedabad",1,32.6,Pakistan,India,Iftikhar Ahmed,Mohammad Rizwan,Kuldeep Yadav,0,0,,,,,,bowled,Iftikhar Ahmed,,
1384403,2023/24,2023-10-14,"Narendra Modi Stadium, Ahmedabad",1,33.1,Pakistan,India,Mohammad Rizwan,Shadab Khan,JJ Bumrah,0,0,,,,,,,,,
1384403,2023/24,2023-10-14,"Narendra Modi Stadium, Ahmedabad",1,33.2,Pakistan,India,Mohammad Rizwan,Shadab Khan,JJ Bumrah,0,0,,,,,,,,,
1384403,2023/24,2023-10-14,"Narendra Modi Stadium, Ahmedabad",1,33.3,Pakistan,India,Mohammad Rizwan,Shadab Khan,JJ Bumrah,0,0,,,,,,,,,
1384403,2023/24,2023-10-14,"Narendra Modi Stadium, Ahmedabad",1,33.4,Pakistan,India,Mohammad Rizwan,Shadab Khan,JJ Bumrah,1,0,,,,,,,,,
1384403,2023/24,2023-10-14,"Narendra Modi Stadium, Ahmedabad",1,33.5,Pakistan,India,Shadab Khan,Mohammad Rizwan,JJ Bumrah,1,0,,,,,,,,,
1384403,2023/24,2023-10-14,"Narendra Modi Stadium, Ahmedabad",1,33.6,Pakistan,India,Mohammad Rizwan,Shadab Khan,JJ Bumrah,0,0,,,,,,bowled,Mohammad Rizwan,,
1384403,2023/24,2023-10-14,"Narendra Modi Stadium, Ahmedabad",1,34.1,Pakistan,India,Shadab Khan,Mohammad Nawaz,Kuldeep Yadav,0,0,,,,,,,,,
1384403,2023/24,2023-10-14,"Narendra Modi Stadium, Ahmedabad",1,34.2,Pakistan,India,Shadab Khan,Mohammad Nawaz,Kuldeep Yadav,1,0,,,,,,,,,
1384403,2023/24,2023-10-14,"Narendra Modi Stadium, Ahmedabad",1,34.3,Pakistan,India,Mohammad Nawaz,Shadab Khan,Kuldeep Yadav,0,0,,,,,,,,,
1384403,2023/24,2023-10-14,"Narendra Modi Stadium, Ahmedabad",1,34.4,Pakistan,India,Mohammad Nawaz,Shadab Khan,Kuldeep Yadav,0,0,,,,,,,,,
1384403,2023/24,2023-10-14,"Narendra Modi Stadium, Ahmedabad",1,34.5,Pakistan,India,Mohammad Nawaz,Shadab Khan,Kuldeep Yadav,1,0,,,,,,,,,
1384403,2023/24,2023-10-14,"Narendra Modi Stadium, Ahmedabad",1,34.6,Pakistan,India,Shadab Khan,Mohammad Nawaz,Kuldeep Yadav,0,0,,,,,,,,,
1384403,2023/24,2023-10-14,"Narendra Modi Stadium, Ahmedabad",1,35.1,Pakistan,India,Mohammad Nawaz,Shadab Khan,JJ Bumrah,1,0,,,,,,,,,
1384403,2023/24,2023-10-14,"Narendra Modi Stadium, Ahmedabad",1,35.2,Pakistan,India,Shadab Khan,Mohammad Nawaz,JJ Bumrah,0,0,,,,,,bowled,Shadab Khan,,
1384403,2023/24,2023-10-14,"Narendra Modi Stadium, Ahmedabad",1,35.3,Pakistan,India,Hasan Ali,Mohammad Nawaz,JJ Bumrah,0,0,,,,,,,,,
1384403,2023/24,2023-10-14,"Narendra Modi Stadium, Ahmedabad",1,35.4,Pakistan,India,Hasan Ali,Mohammad Nawaz,JJ Bumrah,0,0,,,,,,,,,
1384403,2023/24,2023-10-14,"Narendra Modi Stadium, Ahmedabad",1,35.5,Pakistan,India,Hasan Ali,Mohammad Nawaz,JJ Bumrah,0,0,,,,,,,,,
1384403,2023/24,2023-10-14,"Narendra Modi Stadium, Ahmedabad",1,35.6,Pakistan,India,Hasan Ali,Mohammad Nawaz,JJ Bumrah,1,0,,,,,,,,,
1384403,2023/24,2023-10-14,"Narendra Modi Stadium, Ahmedabad",1,36.1,Pakistan,India,Hasan Ali,Mohammad Nawaz,Kuldeep Yadav,0,0,,,,,,,,,
1384403,2023/24,2023-10-14,"Narendra Modi Stadium, Ahmedabad",1,36.2,Pakistan,India,Hasan Ali,Mohammad Nawaz,Kuldeep Yadav,1,0,,,,,,,,,
1384403,2023/24,2023-10-14,"Narendra Modi Stadium, Ahmedabad",1,36.3,Pakistan,India,Mohammad Nawaz,Hasan Ali,Kuldeep Yadav,0,0,,,,,,,,,
1384403,2023/24,2023-10-14,"Narendra Modi Stadium, Ahmedabad",1,36.4,Pakistan,India,Mohammad Nawaz,Hasan Ali,Kuldeep Yadav,0,0,,,,,,,,,
1384403,2023/24,2023-10-14,"Narendra Modi Stadium, Ahmedabad",1,36.5,Pakistan,India,Mohammad Nawaz,Hasan Ali,Kuldeep Yadav,0,0,,,,,,,,,
1384403,2023/24,2023-10-14,"Narendra Modi Stadium, Ahmedabad",1,36.6,Pakistan,India,Mohammad Nawaz,Hasan Ali,Kuldeep Yadav,1,0,,,,,,,,,
1384403,2023/24,2023-10-14,"Narendra Modi Stadium, Ahmedabad",1,37.1,Pakistan,India,Mohammad Nawaz,Hasan Ali,JJ Bumrah,0,1,,,,1,,,,,
1384403,2023/24,2023-10-14,"Narendra Modi Stadium, Ahmedabad",1,37.2,Pakistan,India,Hasan Ali,Mohammad Nawaz,JJ Bumrah,0,0,,,,,,,,,
1384403,2023/24,2023-10-14,"Narendra Modi Stadium, Ahmedabad",1,37.3,Pakistan,India,Hasan Ali,Mohammad Nawaz,JJ Bumrah,0,0,,,,,,,,,
1384403,2023/24,2023-10-14,"Narendra Modi Stadium, Ahmedabad",1,37.4,Pakistan,India,Hasan Ali,Mohammad Nawaz,JJ Bumrah,0,0,,,,,,,,,
1384403,2023/24,2023-10-14,"Narendra Modi Stadium, Ahmedabad",1,37.5,Pakistan,India,Hasan Ali,Mohammad Nawaz,JJ Bumrah,0,1,1,,,,,,,,
1384403,2023/24,2023-10-14,"Narendra Modi Stadium, Ahmedabad",1,37.6,Pakistan,India,Hasan Ali,Mohammad Nawaz,JJ Bumrah,0,0,,,,,,,,,
1384403,2023/24,2023-10-14,"Narendra Modi Stadium, Ahmedabad",1,37.7,Pakistan,India,Hasan Ali,Mohammad Nawaz,JJ Bumrah,0,0,,,,,,,,,
1384403,2023/24,2023-10-14,"Narendra Modi Stadium, Ahmedabad",1,38.1,Pakistan,India,Mohammad Nawaz,Hasan Ali,RA Jadeja,1,0,,,,,,,,,
1384403,2023/24,2023-10-14,"Narendra Modi Stadium, Ahmedabad",1,38.2,Pakistan,India,Hasan Ali,Mohammad Nawaz,RA Jadeja,0,0,,,,,,,,,
1384403,2023/24,2023-10-14,"Narendra Modi Stadium, Ahmedabad",1,38.3,Pakistan,India,Hasan Ali,Mohammad Nawaz,RA Jadeja,4,0,,,,,,,,,
1384403,2023/24,2023-10-14,"Narendra Modi Stadium, Ahmedabad",1,38.4,Pakistan,India,Hasan Ali,Mohammad Nawaz,RA Jadeja,0,0,,,,,,,,,
1384403,2023/24,2023-10-14,"Narendra Modi Stadium, Ahmedabad",1,38.5,Pakistan,India,Hasan Ali,Mohammad Nawaz,RA Jadeja,0,0,,,,,,,,,
1384403,2023/24,2023-10-14,"Narendra Modi Stadium, Ahmedabad",1,38.6,Pakistan,India,Hasan Ali,Mohammad Nawaz,RA Jadeja,1,0,,,,,,,,,
1384403,2023/24,2023-10-14,"Narendra Modi Stadium, Ahmedabad",1,39.1,Pakistan,India,Hasan Ali,Mohammad Nawaz,HH Pandya,4,0,,,,,,,,,
1384403,2023/24,2023-10-14,"Narendra Modi Stadium, Ahmedabad",1,39.2,Pakistan,India,Hasan Ali,Mohammad Nawaz,HH Pandya,1,0,,,,,,,,,
1384403,2023/24,2023-10-14,"Narendra Modi Stadium, Ahmedabad",1,39.3,Pakistan,India,Mohammad Nawaz,Hasan Ali,HH Pandya,0,0,,,,,,,,,
1384403,2023/24,2023-10-14,"Narendra Modi Stadium, Ahmedabad",1,39.4,Pakistan,India,Mohammad Nawaz,Hasan Ali,HH Pandya,0,0,,,,,,,,,
1384403,2023/24,2023-10-14,"Narendra Modi Stadium, Ahmedabad",1,39.5,Pakistan,India,Mohammad Nawaz,Hasan Ali,HH Pandya,0,0,,,,,,,,,
1384403,2023/24,2023-10-14,"Narendra Modi Stadium, Ahmedabad",1,39.6,Pakistan,India,Mohammad Nawaz,Hasan Ali,HH Pandya,0,0,,,,,,caught,Mohammad Nawaz,,
1384403,2023/24,2023-10-14,"Narendra Modi Stadium, Ahmedabad",1,40.1,Pakistan,India,Hasan Ali,Shaheen Shah Afridi,RA Jadeja,0,0,,,,,,caught,Hasan Ali,,
1384403,2023/24,2023-10-14,"Narendra Modi Stadium, Ahmedabad",1,40.2,Pakistan,India,Haris Rauf,Shaheen Shah Afridi,RA Jadeja,0,0,,,,,,,,,
1384403,2023/24,2023-10-14,"Narendra Modi Stadium, Ahmedabad",1,40.3,Pakistan,India,Haris Rauf,Shaheen Shah Afridi,RA Jadeja,0,0,,,,,,,,,
1384403,2023/24,2023-10-14,"Narendra Modi Stadium, Ahmedabad",1,40.4,Pakistan,India,Haris Rauf,Shaheen Shah Afridi,RA Jadeja,0,0,,,,,,,,,
1384403,2023/24,2023-10-14,"Narendra Modi Stadium, Ahmedabad",1,40.5,Pakistan,India,Haris Rauf,Shaheen Shah Afridi,RA Jadeja,2,0,,,,,,,,,
1384403,2023/24,2023-10-14,"Narendra Modi Stadium, Ahmedabad",1,40.6,Pakistan,India,Haris Rauf,Shaheen Shah Afridi,RA Jadeja,0,0,,,,,,,,,
1384403,2023/24,2023-10-14,"Narendra Modi Stadium, Ahmedabad",1,41.1,Pakistan,India,Shaheen Shah Afridi,Haris Rauf,HH Pandya,0,0,,,,,,,,,
1384403,2023/24,2023-10-14,"Narendra Modi Stadium, Ahmedabad",1,41.2,Pakistan,India,Shaheen Shah Afridi,Haris Rauf,HH Pandya,0,0,,,,,,,,,
1384403,2023/24,2023-10-14,"Narendra Modi Stadium, Ahmedabad",1,41.3,Pakistan,India,Shaheen Shah Afridi,Haris Rauf,HH Pandya,0,0,,,,,,,,,
1384403,2023/24,2023-10-14,"Narendra Modi Stadium, Ahmedabad",1,41.4,Pakistan,India,Shaheen Shah Afridi,Haris Rauf,HH Pandya,0,0,,,,,,,,,
1384403,2023/24,2023-10-14,"Narendra Modi Stadium, Ahmedabad",1,41.5,Pakistan,India,Shaheen Shah Afridi,Haris Rauf,HH Pandya,0,0,,,,,,,,,
1384403,2023/24,2023-10-14,"Narendra Modi Stadium, Ahmedabad",1,41.6,Pakistan,India,Shaheen Shah Afridi,Haris Rauf,HH Pandya,1,0,,,,,,,,,
1384403,2023/24,2023-10-14,"Narendra Modi Stadium, Ahmedabad",1,42.1,Pakistan,India,Shaheen Shah Afridi,Haris Rauf,RA Jadeja,0,0,,,,,,,,,
1384403,2023/24,2023-10-14,"Narendra Modi Stadium, Ahmedabad",1,42.2,Pakistan,India,Shaheen Shah Afridi,Haris Rauf,RA Jadeja,0,0,,,,,,,,,
1384403,2023/24,2023-10-14,"Narendra Modi Stadium, Ahmedabad",1,42.3,Pakistan,India,Shaheen Shah Afridi,Haris Rauf,RA Jadeja,0,0,,,,,,,,,
1384403,2023/24,2023-10-14,"Narendra Modi Stadium, Ahmedabad",1,42.4,Pakistan,India,Shaheen Shah Afridi,Haris Rauf,RA Jadeja,1,0,,,,,,,,,
1384403,2023/24,2023-10-14,"Narendra Modi Stadium, Ahmedabad",1,42.5,Pakistan,India,Haris Rauf,Shaheen Shah Afridi,RA Jadeja,0,0,,,,,,lbw,Haris Rauf,,
1384403,2023/24,2023-10-14,"Narendra Modi Stadium, Ahmedabad",2,0.1,India,Pakistan,RG Sharma,Shubman Gill,Shaheen Shah Afridi,4,0,,,,,,,,,
1384403,2023/24,2023-10-14,"Narendra Modi Stadium, Ahmedabad",2,0.2,India,Pakistan,RG Sharma,Shubman Gill,Shaheen Shah Afridi,1,0,,,,,,,,,
1384403,2023/24,2023-10-14,"Narendra Modi Stadium, Ahmedabad",2,0.3,India,Pakistan,Shubman Gill,RG Sharma,Shaheen Shah Afridi,4,0,,,,,,,,,
1384403,2023/24,2023-10-14,"Narendra Modi Stadium, Ahmedabad",2,0.4,India,Pakistan,Shubman Gill,RG Sharma,Shaheen Shah Afridi,0,0,,,,,,,,,
1384403,2023/24,2023-10-14,"Narendra Modi Stadium, Ahmedabad",2,0.5,India,Pakistan,Shubman Gill,RG Sharma,Shaheen Shah Afridi,0,1,,,,1,,,,,
1384403,2023/24,2023-10-14,"Narendra Modi Stadium, Ahmedabad",2,0.6,India,Pakistan,RG Sharma,Shubman Gill,Shaheen Shah Afridi,0,0,,,,,,,,,
1384403,2023/24,2023-10-14,"Narendra Modi Stadium, Ahmedabad",2,1.1,India,Pakistan,Shubman Gill,RG Sharma,Hasan Ali,0,0,,,,,,,,,
1384403,2023/24,2023-10-14,"Narendra Modi Stadium, Ahmedabad",2,1.2,India,Pakistan,Shubman Gill,RG Sharma,Hasan Ali,0,0,,,,,,,,,
1384403,2023/24,2023-10-14,"Narendra Modi Stadium, Ahmedabad",2,1.3,India,Pakistan,Shubman Gill,RG Sharma,Hasan Ali,4,0,,,,,,,,,
1384403,2023/24,2023-10-14,"Narendra Modi Stadium, Ahmedabad",2,1.4,India,Pakistan,Shubman Gill,RG Sharma,Hasan Ali,0,0,,,,,,,,,
1384403,2023/24,2023-10-14,"Narendra Modi Stadium, Ahmedabad",2,1.5,India,Pakistan,Shubman Gill,RG Sharma,Hasan Ali,4,0,,,,,,,,,
1384403,2023/24,2023-10-14,"Narendra Modi Stadium, Ahmedabad",2,1.6,India,Pakistan,Shubman Gill,RG Sharma,Hasan Ali,4,0,,,,,,,,,
1384403,2023/24,2023-10-14,"Narendra Modi Stadium, Ahmedabad",2,2.1,India,Pakistan,RG Sharma,Shubman Gill,Shaheen Shah Afridi,0,0,,,,,,,,,
1384403,2023/24,2023-10-14,"Narendra Modi Stadium, Ahmedabad",2,2.2,India,Pakistan,RG Sharma,Shubman Gill,Shaheen Shah Afridi,0,0,,,,,,,,,
1384403,2023/24,2023-10-14,"Narendra Modi Stadium, Ahmedabad",2,2.3,India,Pakistan,RG Sharma,Shubman Gill,Shaheen Shah Afridi,1,0,,,,,,,,,
1384403,2023/24,2023-10-14,"Narendra Modi Stadium, Ahmedabad",2,2.4,India,Pakistan,Shubman Gill,RG Sharma,Shaheen Shah Afridi,0,0,,,,,,,,,
1384403,2023/24,2023-10-14,"Narendra Modi Stadium, Ahmedabad",2,2.5,India,Pakistan,Shubman Gill,RG Sharma,Shaheen Shah Afridi,0,0,,,,,,caught,Shubman Gill,,
1384403,2023/24,2023-10-14,"Narendra Modi Stadium, Ahmedabad",2,2.6,India,Pakistan,V Kohli,RG Sharma,Shaheen Shah Afridi,0,0,,,,,,,,,
1384403,2023/24,2023-10-14,"Narendra Modi Stadium, Ahmedabad",2,3.1,India,Pakistan,RG Sharma,V Kohli,Hasan Ali,0,0,,,,,,,,,
1384403,2023/24,2023-10-14,"Narendra Modi Stadium, Ahmedabad",2,3.2,India,Pakistan,RG Sharma,V Kohli,Hasan Ali,4,0,,,,,,,,,
1384403,2023/24,2023-10-14,"Narendra Modi Stadium, Ahmedabad",2,3.3,India,Pakistan,RG Sharma,V Kohli,Hasan Ali,0,0,,,,,,,,,
1384403,2023/24,2023-10-14,"Narendra Modi Stadium, Ahmedabad",2,3.4,India,Pakistan,RG Sharma,V Kohli,Hasan Ali,0,0,,,,,,,,,
1384403,2023/24,2023-10-14,"Narendra Modi Stadium, Ahmedabad",2,3.5,India,Pakistan,RG Sharma,V Kohli,Hasan Ali,4,0,,,,,,,,,
1384403,2023/24,2023-10-14,"Narendra Modi Stadium, Ahmedabad",2,3.6,India,Pakistan,RG Sharma,V Kohli,Hasan Ali,0,0,,,,,,,,,
1384403,2023/24,2023-10-14,"Narendra Modi Stadium, Ahmedabad",2,4.1,India,Pakistan,V Kohli,RG Sharma,Shaheen Shah Afridi,1,0,,,,,,,,,
1384403,2023/24,2023-10-14,"Narendra Modi Stadium, Ahmedabad",2,4.2,India,Pakistan,RG Sharma,V Kohli,Shaheen Shah Afridi,0,0,,,,,,,,,
1384403,2023/24,2023-10-14,"Narendra Modi Stadium, Ahmedabad",2,4.3,India,Pakistan,RG Sharma,V Kohli,Shaheen Shah Afridi,0,0,,,,,,,,,
1384403,2023/24,2023-10-14,"Narendra Modi Stadium, Ahmedabad",2,4.4,India,Pakistan,RG Sharma,V Kohli,Shaheen Shah Afridi,1,0,,,,,,,,,
1384403,2023/24,2023-10-14,"Narendra Modi Stadium, Ahmedabad",2,4.5,India,Pakistan,V Kohli,RG Sharma,Shaheen Shah Afridi,0,1,1,,,,,,,,
1384403,2023/24,2023-10-14,"Narendra Modi Stadium, Ahmedabad",2,4.6,India,Pakistan,V Kohli,RG Sharma,Shaheen Shah Afridi,0,0,,,,,,,,,
1384403,2023/24,2023-10-14,"Narendra Modi Stadium, Ahmedabad",2,4.7,India,Pakistan,V Kohli,RG Sharma,Shaheen Shah Afridi,4,0,,,,,,,,,
1384403,2023/24,2023-10-14,"Narendra Modi Stadium, Ahmedabad",2,5.1,India,Pakistan,RG Sharma,V Kohli,Hasan Ali,1,0,,,,,,,,,
1384403,2023/24,2023-10-14,"Narendra Modi Stadium, Ahmedabad",2,5.2,India,Pakistan,V Kohli,RG Sharma,Hasan Ali,0,0,,,,,,,,,
1384403,2023/24,2023-10-14,"Narendra Modi Stadium, Ahmedabad",2,5.3,India,Pakistan,V Kohli,RG Sharma,Hasan Ali,0,0,,,,,,,,,
1384403,2023/24,2023-10-14,"Narendra Modi Stadium, Ahmedabad",2,5.4,India,Pakistan,V Kohli,RG Sharma,Hasan Ali,0,0,,,,,,,,,
1384403,2023/24,2023-10-14,"Narendra Modi Stadium, Ahmedabad",2,5.5,India,Pakistan,V Kohli,RG Sharma,Hasan Ali,0,0,,,,,,,,,
1384403,2023/24,2023-10-14,"Narendra Modi Stadium, Ahmedabad",2,5.6,India,Pakistan,V Kohli,RG Sharma,Hasan Ali,0,0,,,,,,,,,
1384403,2023/24,2023-10-14,"Narendra Modi Stadium, Ahmedabad",2,6.1,India,Pakistan,RG Sharma,V Kohli,Shaheen Shah Afridi,6,0,,,,,,,,,
1384403,2023/24,2023-10-14,"Narendra Modi Stadium, Ahmedabad",2,6.2,India,Pakistan,RG Sharma,V Kohli,Shaheen Shah Afridi,0,0,,,,,,,,,
1384403,2023/24,2023-10-14,"Narendra Modi Stadium, Ahmedabad",2,6.3,India,Pakistan,RG Sharma,V Kohli,Shaheen Shah Afridi,1,0,,,,,,,,,
1384403,2023/24,2023-10-14,"Narendra Modi Stadium, Ahmedabad",2,6.4,India,Pakistan,V Kohli,RG Sharma,Shaheen Shah Afridi,4,0,,,,,,,,,
1384403,2023/24,2023-10-14,"Narendra Modi Stadium, Ahmedabad",2,6.5,India,Pakistan,V Kohli,RG Sharma,Shaheen Shah Afridi,4,0,,,,,,,,,
1384403,2023/24,2023-10-14,"Narendra Modi Stadium, Ahmedabad",2,6.6,India,Pakistan,V Kohli,RG Sharma,Shaheen Shah Afridi,0,0,,,,,,,,,
1384403,2023/24,2023-10-14,"Narendra Modi Stadium, Ahmedabad",2,7.1,India,Pakistan,RG Sharma,V Kohli,Mohammad Nawaz,1,0,,,,,,,,,
1384403,2023/24,2023-10-14,"Narendra Modi Stadium, Ahmedabad",2,7.2,India,Pakistan,V Kohli,RG Sharma,Mohammad Nawaz,1,0,,,,,,,,,
1384403,2023/24,2023-10-14,"Narendra Modi Stadium, Ahmedabad",2,7.3,India,Pakistan,RG Sharma,V Kohli,Mohammad Nawaz,0,0,,,,,,,,,
1384403,2023/24,2023-10-14,"Narendra Modi Stadium, Ahmedabad",2,7.4,India,Pakistan,RG Sharma,V Kohli,Mohammad Nawaz,6,0,,,,,,,,,
1384403,2023/24,2023-10-14,"Narendra Modi Stadium, Ahmedabad",2,7.5,India,Pakistan,RG Sharma,V Kohli,Mohammad Nawaz,0,0,,,,,,,,,
1384403,2023/24,2023-10-14,"Narendra Modi Stadium, Ahmedabad",2,7.6,India,Pakistan,RG Sharma,V Kohli,Mohammad Nawaz,1,0,,,,,,,,,
1384403,2023/24,2023-10-14,"Narendra Modi Stadium, Ahmedabad",2,8.1,India,Pakistan,RG Sharma,V Kohli,Haris Rauf,0,0,,,,,,,,,
1384403,2023/24,2023-10-14,"Narendra Modi Stadium, Ahmedabad",2,8.2,India,Pakistan,RG Sharma,V Kohli,Haris Rauf,6,0,,,,,,,,,
1384403,2023/24,2023-10-14,"Narendra Modi Stadium, Ahmedabad",2,8.3,India,Pakistan,RG Sharma,V Kohli,Haris Rauf,1,0,,,,,,,,,
1384403,2023/24,2023-10-14,"Narendra Modi Stadium, Ahmedabad",2,8.4,India,Pakistan,V Kohli,RG Sharma,Haris Rauf,1,0,,,,,,,,,
1384403,2023/24,2023-10-14,"Narendra Modi Stadium, Ahmedabad",2,8.5,India,Pakistan,RG Sharma,V Kohli,Haris Rauf,6,0,,,,,,,,,
1384403,2023/24,2023-10-14,"Narendra Modi Stadium, Ahmedabad",2,8.6,India,Pakistan,RG Sharma,V Kohli,Haris Rauf,0,0,,,,,,,,,
1384403,2023/24,2023-10-14,"Narendra Modi Stadium, Ahmedabad",2,9.1,India,Pakistan,V Kohli,RG Sharma,Hasan Ali,0,0,,,,,,,,,
1384403,2023/24,2023-10-14,"Narendra Modi Stadium, Ahmedabad",2,9.2,India,Pakistan,V Kohli,RG Sharma,Hasan Ali,1,0,,,,,,,,,
1384403,2023/24,2023-10-14,"Narendra Modi Stadium, Ahmedabad",2,9.3,India,Pakistan,RG Sharma,V Kohli,Hasan Ali,1,0,,,,,,,,,
1384403,2023/24,2023-10-14,"Narendra Modi Stadium, Ahmedabad",2,9.4,India,Pakistan,V Kohli,RG Sharma,Hasan Ali,0,0,,,,,,,,,
1384403,2023/24,2023-10-14,"Narendra Modi Stadium, Ahmedabad",2,9.5,India,Pakistan,V Kohli,RG Sharma,Hasan Ali,0,0,,,,,,caught,V Kohli,,
1384403,2023/24,2023-10-14,"Narendra Modi Stadium, Ahmedabad",2,9.6,India,Pakistan,SS Iyer,RG Sharma,Hasan Ali,0,0,,,,,,,,,
1384403,2023/24,2023-10-14,"Narendra Modi Stadium, Ahmedabad",2,10.1,India,Pakistan,RG Sharma,SS Iyer,Haris Rauf,1,0,,,,,,,,,
1384403,2023/24,2023-10-14,"Narendra Modi Stadium, Ahmedabad",2,10.2,India,Pakistan,SS Iyer,RG Sharma,Haris Rauf,0,0,,,,,,,,,
1384403,2023/24,2023-10-14,"Narendra Modi Stadium, Ahmedabad",2,10.3,India,Pakistan,SS Iyer,RG Sharma,Haris Rauf,0,0,,,,,,,,,
1384403,2023/24,2023-10-14,"Narendra Modi Stadium, Ahmedabad",2,10.4,India,Pakistan,SS Iyer,RG Sharma,Haris Rauf,0,0,,,,,,,,,
1384403,2023/24,2023-10-14,"Narendra Modi Stadium, Ahmedabad",2,10.5,India,Pakistan,SS Iyer,RG Sharma,Haris Rauf,0,0,,,,,,,,,
1384403,2023/24,2023-10-14,"Narendra Modi Stadium, Ahmedabad",2,10.6,India,Pakistan,SS Iyer,RG Sharma,Haris Rauf,1,0,,,,,,,,,
1384403,2023/24,2023-10-14,"Narendra Modi Stadium, Ahmedabad",2,11.1,India,Pakistan,SS Iyer,RG Sharma,Hasan Ali,4,0,,,,,,,,,
1384403,2023/24,2023-10-14,"Narendra Modi Stadium, Ahmedabad",2,11.2,India,Pakistan,SS Iyer,RG Sharma,Hasan Ali,1,0,,,,,,,,,
1384403,2023/24,2023-10-14,"Narendra Modi Stadium, Ahmedabad",2,11.3,India,Pakistan,RG Sharma,SS Iyer,Hasan Ali,1,0,,,,,,,,,
1384403,2023/24,2023-10-14,"Narendra Modi Stadium, Ahmedabad",2,11.4,India,Pakistan,SS Iyer,RG Sharma,Hasan Ali,0,0,,,,,,,,,
1384403,2023/24,2023-10-14,"Narendra Modi Stadium, Ahmedabad",2,11.5,India,Pakistan,SS Iyer,RG Sharma,Hasan Ali,1,0,,,,,,,,,
1384403,2023/24,2023-10-14,"Narendra Modi Stadium, Ahmedabad",2,11.6,India,Pakistan,RG Sharma,SS Iyer,Hasan Ali,0,0,,,,,,,,,
1384403,2023/24,2023-10-14,"Narendra Modi Stadium, Ahmedabad",2,12.1,India,Pakistan,SS Iyer,RG Sharma,Haris Rauf,4,0,,,,,,,,,
1384403,2023/24,2023-10-14,"Narendra Modi Stadium, Ahmedabad",2,12.2,India,Pakistan,SS Iyer,RG Sharma,Haris Rauf,0,0,,,,,,,,,
1384403,2023/24,2023-10-14,"Narendra Modi Stadium, Ahmedabad",2,12.3,India,Pakistan,SS Iyer,RG Sharma,Haris Rauf,1,0,,,,,,,,,
1384403,2023/24,2023-10-14,"Narendra Modi Stadium, Ahmedabad",2,12.4,India,Pakistan,RG Sharma,SS Iyer,Haris Rauf,1,0,,,,,,,,,
1384403,2023/24,2023-10-14,"Narendra Modi Stadium, Ahmedabad",2,12.5,India,Pakistan,SS Iyer,RG Sharma,Haris Rauf,1,0,,,,,,,,,
1384403,2023/24,2023-10-14,"Narendra Modi Stadium, Ahmedabad",2,12.6,India,Pakistan,RG Sharma,SS Iyer,Haris Rauf,1,0,,,,,,,,,
1384403,2023/24,2023-10-14,"Narendra Modi Stadium, Ahmedabad",2,13.1,India,Pakistan,RG Sharma,SS Iyer,Shadab Khan,1,0,,,,,,,,,
1384403,2023/24,2023-10-14,"Narendra Modi Stadium, Ahmedabad",2,13.2,India,Pakistan,SS Iyer,RG Sharma,Shadab Khan,1,0,,,,,,,,,
1384403,2023/24,2023-10-14,"Narendra Modi Stadium, Ahmedabad",2,13.3,India,Pakistan,RG Sharma,SS Iyer,Shadab Khan,0,0,,,,,,,,,
1384403,2023/24,2023-10-14,"Narendra Modi Stadium, Ahmedabad",2,13.4,India,Pakistan,RG Sharma,SS Iyer,Shadab Khan,1,0,,,,,,,,,
1384403,2023/24,2023-10-14,"Narendra Modi Stadium, Ahmedabad",2,13.5,India,Pakistan,SS Iyer,RG Sharma,Shadab Khan,1,0,,,,,,,,,
1384403,2023/24,2023-10-14,"Narendra Modi Stadium, Ahmedabad",2,13.6,India,Pakistan,RG Sharma,SS Iyer,Shadab Khan,1,0,,,,,,,,,
1384403,2023/24,2023-10-14,"Narendra Modi Stadium, Ahmedabad",2,14.1,India,Pakistan,RG Sharma,SS Iyer,Haris Rauf,6,0,,,,,,,,,
1384403,2023/24,2023-10-14,"Narendra Modi Stadium, Ahmedabad",2,14.2,India,Pakistan,RG Sharma,SS Iyer,Haris Rauf,2,0,,,,,,,,,
1384403,2023/24,2023-10-14,"Narendra Modi Stadium, Ahmedabad",2,14.3,India,Pakistan,RG Sharma,SS Iyer,Haris Rauf,1,0,,,,,,,,,
1384403,2023/24,2023-10-14,"Narendra Modi Stadium, Ahmedabad",2,14.4,India,Pakistan,SS Iyer,RG Sharma,Haris Rauf,0,0,,,,,,,,,
1384403,2023/24,2023-10-14,"Narendra Modi Stadium, Ahmedabad",2,14.5,India,Pakistan,SS Iyer,RG Sharma,Haris Rauf,0,0,,,,,,,,,
1384403,2023/24,2023-10-14,"Narendra Modi Stadium, Ahmedabad",2,14.6,India,Pakistan,SS Iyer,RG Sharma,Haris Rauf,1,0,,,,,,,,,
1384403,2023/24,2023-10-14,"Narendra Modi Stadium, Ahmedabad",2,15.1,India,Pakistan,SS Iyer,RG Sharma,Shadab Khan,1,0,,,,,,,,,
1384403,2023/24,2023-10-14,"Narendra Modi Stadium, Ahmedabad",2,15.2,India,Pakistan,RG Sharma,SS Iyer,Shadab Khan,0,0,,,,,,,,,
1384403,2023/24,2023-10-14,"Narendra Modi Stadium, Ahmedabad",2,15.3,India,Pakistan,RG Sharma,SS Iyer,Shadab Khan,4,0,,,,,,,,,
1384403,2023/24,2023-10-14,"Narendra Modi Stadium, Ahmedabad",2,15.4,India,Pakistan,RG Sharma,SS Iyer,Shadab Khan,0,0,,,,,,,,,
1384403,2023/24,2023-10-14,"Narendra Modi Stadium, Ahmedabad",2,15.5,India,Pakistan,RG Sharma,SS Iyer,Shadab Khan,0,0,,,,,,,,,
1384403,2023/24,2023-10-14,"Narendra Modi Stadium, Ahmedabad",2,15.6,India,Pakistan,RG Sharma,SS Iyer,Shadab Khan,0,0,,,,,,,,,
1384403,2023/24,2023-10-14,"Narendra Modi Stadium, Ahmedabad",2,16.1,India,Pakistan,SS Iyer,RG Sharma,Mohammad Nawaz,0,0,,,,,,,,,
1384403,2023/24,2023-10-14,"Narendra Modi Stadium, Ahmedabad",2,16.2,India,Pakistan,SS Iyer,RG Sharma,Mohammad Nawaz,0,0,,,,,,,,,
1384403,2023/24,2023-10-14,"Narendra Modi Stadium, Ahmedabad",2,16.3,India,Pakistan,SS Iyer,RG Sharma,Mohammad Nawaz,1,0,,,,,,,,,
1384403,2023/24,2023-10-14,"Narendra Modi Stadium, Ahmedabad",2,16.4,India,Pakistan,RG Sharma,SS Iyer,Mohammad Nawaz,0,0,,,,,,,,,
1384403,2023/24,2023-10-14,"Narendra Modi Stadium, Ahmedabad",2,16.5,India,Pakistan,RG Sharma,SS Iyer,Mohammad Nawaz,0,0,,,,,,,,,
1384403,2023/24,2023-10-14,"Narendra Modi Stadium, Ahmedabad",2,16.6,India,Pakistan,RG Sharma,SS Iyer,Mohammad Nawaz,1,0,,,,,,,,,
1384403,2023/24,2023-10-14,"Narendra Modi Stadium, Ahmedabad",2,17.1,India,Pakistan,RG Sharma,SS Iyer,Shadab Khan,1,0,,,,,,,,,
1384403,2023/24,2023-10-14,"Narendra Modi Stadium, Ahmedabad",2,17.2,India,Pakistan,SS Iyer,RG Sharma,Shadab Khan,0,0,,,,,,,,,
1384403,2023/24,2023-10-14,"Narendra Modi Stadium, Ahmedabad",2,17.3,India,Pakistan,SS Iyer,RG Sharma,Shadab Khan,6,0,,,,,,,,,
1384403,2023/24,2023-10-14,"Narendra Modi Stadium, Ahmedabad",2,17.4,India,Pakistan,SS Iyer,RG Sharma,Shadab Khan,0,0,,,,,,,,,
1384403,2023/24,2023-10-14,"Narendra Modi Stadium, Ahmedabad",2,17.5,India,Pakistan,SS Iyer,RG Sharma,Shadab Khan,0,0,,,,,,,,,
1384403,2023/24,2023-10-14,"Narendra Modi Stadium, Ahmedabad",2,17.6,India,Pakistan,SS Iyer,RG Sharma,Shadab Khan,1,0,,,,,,,,,
1384403,2023/24,2023-10-14,"Narendra Modi Stadium, Ahmedabad",2,18.1,India,Pakistan,SS Iyer,RG Sharma,Mohammad Nawaz,0,0,,,,,,,,,
1384403,2023/24,2023-10-14,"Narendra Modi Stadium, Ahmedabad",2,18.2,India,Pakistan,SS Iyer,RG Sharma,Mohammad Nawaz,0,0,,,,,,,,,
1384403,2023/24,2023-10-14,"Narendra Modi Stadium, Ahmedabad",2,18.3,India,Pakistan,SS Iyer,RG Sharma,Mohammad Nawaz,0,0,,,,,,,,,
1384403,2023/24,2023-10-14,"Narendra Modi Stadium, Ahmedabad",2,18.4,India,Pakistan,SS Iyer,RG Sharma,Mohammad Nawaz,1,0,,,,,,,,,
1384403,2023/24,2023-10-14,"Narendra Modi Stadium, Ahmedabad",2,18.5,India,Pakistan,RG Sharma,SS Iyer,Mohammad Nawaz,1,0,,,,,,,,,
1384403,2023/24,2023-10-14,"Narendra Modi Stadium, Ahmedabad",2,18.6,India,Pakistan,SS Iyer,RG Sharma,Mohammad Nawaz,1,0,,,,,,,,,
1384403,2023/24,2023-10-14,"Narendra Modi Stadium, Ahmedabad",2,19.1,India,Pakistan,SS Iyer,RG Sharma,Shadab Khan,1,0,,,,,,,,,
1384403,2023/24,2023-10-14,"Narendra Modi Stadium, Ahmedabad",2,19.2,India,Pakistan,RG Sharma,SS Iyer,Shadab Khan,0,0,,,,,,,,,
1384403,2023/24,2023-10-14,"Narendra Modi Stadium, Ahmedabad",2,19.3,India,Pakistan,RG Sharma,SS Iyer,Shadab Khan,2,0,,,,,,,,,
1384403,2023/24,2023-10-14,"Narendra Modi Stadium, Ahmedabad",2,19.4,India,Pakistan,RG Sharma,SS Iyer,Shadab Khan,0,0,,,,,,,,,
1384403,2023/24,2023-10-14,"Narendra Modi Stadium, Ahmedabad",2,19.5,India,Pakistan,RG Sharma,SS Iyer,Shadab Khan,4,0,,,,,,,,,
1384403,2023/24,2023-10-14,"Narendra Modi Stadium, Ahmedabad",2,19.6,India,Pakistan,RG Sharma,SS Iyer,Shadab Khan,6,0,,,,,,,,,
1384403,2023/24,2023-10-14,"Narendra Modi Stadium, Ahmedabad",2,20.1,India,Pakistan,SS Iyer,RG Sharma,Mohammad Nawaz,6,0,,,,,,,,,
1384403,2023/24,2023-10-14,"Narendra Modi Stadium, Ahmedabad",2,20.2,India,Pakistan,SS Iyer,RG Sharma,Mohammad Nawaz,1,0,,,,,,,,,
1384403,2023/24,2023-10-14,"Narendra Modi Stadium, Ahmedabad",2,20.3,India,Pakistan,RG Sharma,SS Iyer,Mohammad Nawaz,0,0,,,,,,,,,
1384403,2023/24,2023-10-14,"Narendra Modi Stadium, Ahmedabad",2,20.4,India,Pakistan,RG Sharma,SS Iyer,Mohammad Nawaz,4,0,,,,,,,,,
1384403,2023/24,2023-10-14,"Narendra Modi Stadium, Ahmedabad",2,20.5,India,Pakistan,RG Sharma,SS Iyer,Mohammad Nawaz,0,0,,,,,,,,,
1384403,2023/24,2023-10-14,"Narendra Modi Stadium, Ahmedabad",2,20.6,India,Pakistan,RG Sharma,SS Iyer,Mohammad Nawaz,1,0,,,,,,,,,
1384403,2023/24,2023-10-14,"Narendra Modi Stadium, Ahmedabad",2,21.1,India,Pakistan,RG Sharma,SS Iyer,Shaheen Shah Afridi,1,0,,,,,,,,,
1384403,2023/24,2023-10-14,"Narendra Modi Stadium, Ahmedabad",2,21.2,India,Pakistan,SS Iyer,RG Sharma,Shaheen Shah Afridi,0,0,,,,,,,,,
1384403,2023/24,2023-10-14,"Narendra Modi Stadium, Ahmedabad",2,21.3,India,Pakistan,SS Iyer,RG Sharma,Shaheen Shah Afridi,1,0,,,,,,,,,
1384403,2023/24,2023-10-14,"Narendra Modi Stadium, Ahmedabad",2,21.4,India,Pakistan,RG Sharma,SS Iyer,Shaheen Shah Afridi,0,0,,,,,,caught,RG Sharma,,
1384403,2023/24,2023-10-14,"Narendra Modi Stadium, Ahmedabad",2,21.5,India,Pakistan,KL Rahul,SS Iyer,Shaheen Shah Afridi,0,0,,,,,,,,,
1384403,2023/24,2023-10-14,"Narendra Modi Stadium, Ahmedabad",2,21.6,India,Pakistan,KL Rahul,SS Iyer,Shaheen Shah Afridi,1,0,,,,,,,,,
1384403,2023/24,2023-10-14,"Narendra Modi Stadium, Ahmedabad",2,22.1,India,Pakistan,KL Rahul,SS Iyer,Mohammad Nawaz,0,0,,,,,,,,,
1384403,2023/24,2023-10-14,"Narendra Modi Stadium, Ahmedabad",2,22.2,India,Pakistan,KL Rahul,SS Iyer,Mohammad Nawaz,1,0,,,,,,,,,
1384403,2023/24,2023-10-14,"Narendra Modi Stadium, Ahmedabad",2,22.3,India,Pakistan,SS Iyer,KL Rahul,Mohammad Nawaz,1,0,,,,,,,,,
1384403,2023/24,2023-10-14,"Narendra Modi Stadium, Ahmedabad",2,22.4,India,Pakistan,KL Rahul,SS Iyer,Mohammad Nawaz,0,0,,,,,,,,,
1384403,2023/24,2023-10-14,"Narendra Modi Stadium, Ahmedabad",2,22.5,India,Pakistan,KL Rahul,SS Iyer,Mohammad Nawaz,1,0,,,,,,,,,
1384403,2023/24,2023-10-14,"Narendra Modi Stadium, Ahmedabad",2,22.6,India,Pakistan,SS Iyer,KL Rahul,Mohammad Nawaz,1,0,,,,,,,,,
1384403,2023/24,2023-10-14,"Narendra Modi Stadium, Ahmedabad",2,23.1,India,Pakistan,SS Iyer,KL Rahul,Shaheen Shah Afridi,0,0,,,,,,,,,
1384403,2023/24,2023-10-14,"Narendra Modi Stadium, Ahmedabad",2,23.2,India,Pakistan,SS Iyer,KL Rahul,Shaheen Shah Afridi,0,0,,,,,,,,,
1384403,2023/24,2023-10-14,"Narendra Modi Stadium, Ahmedabad",2,23.3,India,Pakistan,SS Iyer,KL Rahul,Shaheen Shah Afridi,1,0,,,,,,,,,
1384403,2023/24,2023-10-14,"Narendra Modi Stadium, Ahmedabad",2,23.4,India,Pakistan,KL Rahul,SS Iyer,Shaheen Shah Afridi,0,0,,,,,,,,,
1384403,2023/24,2023-10-14,"Narendra Modi Stadium, Ahmedabad",2,23.5,India,Pakistan,KL Rahul,SS Iyer,Shaheen Shah Afridi,0,0,,,,,,,,,
1384403,2023/24,2023-10-14,"Narendra Modi Stadium, Ahmedabad",2,23.6,India,Pakistan,KL Rahul,SS Iyer,Shaheen Shah Afridi,0,0,,,,,,,,,
1384403,2023/24,2023-10-14,"Narendra Modi Stadium, Ahmedabad",2,24.1,India,Pakistan,SS Iyer,KL Rahul,Mohammad Nawaz,0,0,,,,,,,,,
1384403,2023/24,2023-10-14,"Narendra Modi Stadium, Ahmedabad",2,24.2,India,Pakistan,SS Iyer,KL Rahul,Mohammad Nawaz,0,0,,,,,,,,,
1384403,2023/24,2023-10-14,"Narendra Modi Stadium, Ahmedabad",2,24.3,India,Pakistan,SS Iyer,KL Rahul,Mohammad Nawaz,0,0,,,,,,,,,
1384403,2023/24,2023-10-14,"Narendra Modi Stadium, Ahmedabad",2,24.4,India,Pakistan,SS Iyer,KL Rahul,Mohammad Nawaz,1,0,,,,,,,,,
1384403,2023/24,2023-10-14,"Narendra Modi Stadium, Ahmedabad",2,24.5,India,Pakistan,KL Rahul,SS Iyer,Mohammad Nawaz,1,0,,,,,,,,,
1384403,2023/24,2023-10-14,"Narendra Modi Stadium, Ahmedabad",2,24.6,India,Pakistan,SS Iyer,KL Rahul,Mohammad Nawaz,1,0,,,,,,,,,
1384403,2023/24,2023-10-14,"Narendra Modi Stadium, Ahmedabad",2,25.1,India,Pakistan,SS Iyer,KL Rahul,Haris Rauf,0,0,,,,,,,,,
1384403,2023/24,2023-10-14,"Narendra Modi Stadium, Ahmedabad",2,25.2,India,Pakistan,SS Iyer,KL Rahul,Haris Rauf,0,0,,,,,,,,,
1384403,2023/24,2023-10-14,"Narendra Modi Stadium, Ahmedabad",2,25.3,India,Pakistan,SS Iyer,KL Rahul,Haris Rauf,2,0,,,,,,,,,
1384403,2023/24,2023-10-14,"Narendra Modi Stadium, Ahmedabad",2,25.4,India,Pakistan,SS Iyer,KL Rahul,Haris Rauf,0,0,,,,,,,,,
1384403,2023/24,2023-10-14,"Narendra Modi Stadium, Ahmedabad",2,25.5,India,Pakistan,SS Iyer,KL Rahul,Haris Rauf,1,0,,,,,,,,,
1384403,2023/24,2023-10-14,"Narendra Modi Stadium, Ahmedabad",2,25.6,India,Pakistan,KL Rahul,SS Iyer,Haris Rauf,0,0,,,,,,,,,
1384403,2023/24,2023-10-14,"Narendra Modi Stadium, Ahmedabad",2,26.1,India,Pakistan,SS Iyer,KL Rahul,Mohammad Nawaz,0,0,,,,,,,,,
1384403,2023/24,2023-10-14,"Narendra Modi Stadium, Ahmedabad",2,26.2,India,Pakistan,SS Iyer,KL Rahul,Mohammad Nawaz,1,0,,,,,,,,,
1384403,2023/24,2023-10-14,"Narendra Modi Stadium, Ahmedabad",2,26.3,India,Pakistan,KL Rahul,SS Iyer,Mohammad Nawaz,0,0,,,,,,,,,
1384403,2023/24,2023-10-14,"Narendra Modi Stadium, Ahmedabad",2,26.4,India,Pakistan,KL Rahul,SS Iyer,Mohammad Nawaz,0,0,,,,,,,,,
1384403,2023/24,2023-10-14,"Narendra Modi Stadium, Ahmedabad",2,26.5,India,Pakistan,KL Rahul,SS Iyer,Mohammad Nawaz,1,0,,,,,,,,,
1384403,2023/24,2023-10-14,"Narendra Modi Stadium, Ahmedabad",2,26.6,India,Pakistan,SS Iyer,KL Rahul,Mohammad Nawaz,0,0,,,,,,,,,
1384403,2023/24,2023-10-14,"Narendra Modi Stadium, Ahmedabad",2,27.1,India,Pakistan,KL Rahul,SS Iyer,Haris Rauf,0,0,,,,,,,,,
1384403,2023/24,2023-10-14,"Narendra Modi Stadium, Ahmedabad",2,27.2,India,Pakistan,KL Rahul,SS Iyer,Haris Rauf,1,0,,,,,,,,,
1384403,2023/24,2023-10-14,"Narendra Modi Stadium, Ahmedabad",2,27.3,India,Pakistan,SS Iyer,KL Rahul,Haris Rauf,1,0,,,,,,,,,
1384403,2023/24,2023-10-14,"Narendra Modi Stadium, Ahmedabad",2,27.4,India,Pakistan,KL Rahul,SS Iyer,Haris Rauf,2,0,,,,,,,,,
1384403,2023/24,2023-10-14,"Narendra Modi Stadium, Ahmedabad",2,27.5,India,Pakistan,KL Rahul,SS Iyer,Haris Rauf,1,0,,,,,,,,,
1384403,2023/24,2023-10-14,"Narendra Modi Stadium, Ahmedabad",2,27.6,India,Pakistan,SS Iyer,KL Rahul,Haris Rauf,1,0,,,,,,,,,
1384403,2023/24,2023-10-14,"Narendra Modi Stadium, Ahmedabad",2,28.1,India,Pakistan,SS Iyer,KL Rahul,Mohammad Nawaz,1,0,,,,,,,,,
1384403,2023/24,2023-10-14,"Narendra Modi Stadium, Ahmedabad",2,28.2,India,Pakistan,KL Rahul,SS Iyer,Mohammad Nawaz,4,0,,,,,,,,,
1384403,2023/24,2023-10-14,"Narendra Modi Stadium, Ahmedabad",2,28.3,India,Pakistan,KL Rahul,SS Iyer,Mohammad Nawaz,0,0,,,,,,,,,
1384403,2023/24,2023-10-14,"Narendra Modi Stadium, Ahmedabad",2,28.4,India,Pakistan,KL Rahul,SS Iyer,Mohammad Nawaz,0,0,,,,,,,,,
1384403,2023/24,2023-10-14,"Narendra Modi Stadium, Ahmedabad",2,28.5,India,Pakistan,KL Rahul,SS Iyer,Mohammad Nawaz,1,0,,,,,,,,,
1384403,2023/24,2023-10-14,"Narendra Modi Stadium, Ahmedabad",2,28.6,India,Pakistan,SS Iyer,KL Rahul,Mohammad Nawaz,0,0,,,,,,,,,
1384403,2023/24,2023-10-14,"Narendra Modi Stadium, Ahmedabad",2,29.1,India,Pakistan,KL Rahul,SS Iyer,Hasan Ali,0,0,,,,,,,,,
1384403,2023/24,2023-10-14,"Narendra Modi Stadium, Ahmedabad",2,29.2,India,Pakistan,KL Rahul,SS Iyer,Hasan Ali,4,0,,,,,,,,,
1384403,2023/24,2023-10-14,"Narendra Modi Stadium, Ahmedabad",2,29.3,India,Pakistan,KL Rahul,SS Iyer,Hasan Ali,0,0,,,,,,,,,
1384403,2023/24,2023-10-14,"Narendra Modi Stadium, Ahmedabad",2,29.4,India,Pakistan,KL Rahul,SS Iyer,Hasan Ali,0,0,,,,,,,,,
1384403,2023/24,2023-10-14,"Narendra Modi Stadium, Ahmedabad",2,29.5,India,Pakistan,KL Rahul,SS Iyer,Hasan Ali,0,0,,,,,,,,,
1384403,2023/24,2023-10-14,"Narendra Modi Stadium, Ahmedabad",2,29.6,India,Pakistan,KL Rahul,SS Iyer,Hasan Ali,0,0,,,,,,,,,
1384403,2023/24,2023-10-14,"Narendra Modi Stadium, Ahmedabad",2,30.1,India,Pakistan,SS Iyer,KL Rahul,Mohammad Nawaz,1,0,,,,,,,,,
1384403,2023/24,2023-10-14,"Narendra Modi Stadium, Ahmedabad",2,30.2,India,Pakistan,KL Rahul,SS Iyer,Mohammad Nawaz,1,0,,,,,,,,,
1384403,2023/24,2023-10-14,"Narendra Modi Stadium, Ahmedabad",2,30.3,India,Pakistan,SS Iyer,KL Rahul,Mohammad Nawaz,4,0,,,,,,,,,
