match_id,season,start_date,venue,innings,ball,batting_team,bowling_team,striker,non_striker,bowler,runs_off_bat,extras,wides,noballs,byes,legbyes,penalty,wicket_type,player_dismissed,other_wicket_type,other_player_dismissed
1384414,2023/24,2023-10-24,"Wankhede Stadium, Mumbai",1,0.1,South Africa,Bangladesh,Q de Kock,RR Hendricks,Mustafizur Rahman,0,0,,,,,,,,,
1384414,2023/24,2023-10-24,"Wankhede Stadium, Mumbai",1,0.2,South Africa,Bangladesh,Q de Kock,RR Hendricks,Mustafizur Rahman,0,0,,,,,,,,,
1384414,2023/24,2023-10-24,"Wankhede Stadium, Mumbai",1,0.3,South Africa,Bangladesh,Q de Kock,RR Hendricks,Mustafizur Rahman,4,0,,,,,,,,,
1384414,2023/24,2023-10-24,"Wankhede Stadium, Mumbai",1,0.4,South Africa,Bangladesh,Q de Kock,RR Hendricks,Mustafizur Rahman,1,0,,,,,,,,,
1384414,2023/24,2023-10-24,"Wankhede Stadium, Mumbai",1,0.5,South Africa,Bangladesh,RR Hendricks,Q de Kock,Mustafizur Rahman,0,0,,,,,,,,,
1384414,2023/24,2023-10-24,"Wankhede Stadium, Mumbai",1,0.6,South Africa,Bangladesh,RR Hendricks,Q de Kock,Mustafizur Rahman,0,1,,,,1,,,,,
1384414,2023/24,2023-10-24,"Wankhede Stadium, Mumbai",1,1.1,South Africa,Bangladesh,RR Hendricks,Q de Kock,Mehedi Hasan Miraz,0,0,,,,,,,,,
1384414,2023/24,2023-10-24,"Wankhede Stadium, Mumbai",1,1.2,South Africa,Bangladesh,RR Hendricks,Q de Kock,Mehedi Hasan Miraz,0,0,,,,,,,,,
1384414,2023/24,2023-10-24,"Wankhede Stadium, Mumbai",1,1.3,South Africa,Bangladesh,RR Hendricks,Q de Kock,Mehedi Hasan Miraz,0,0,,,,,,,,,
1384414,2023/24,2023-10-24,"Wankhede Stadium, Mumbai",1,1.4,South Africa,Bangladesh,RR Hendricks,Q de Kock,Mehedi Hasan Miraz,0,0,,,,,,,,,
1384414,2023/24,2023-10-24,"Wankhede Stadium, Mumbai",1,1.5,South Africa,Bangladesh,RR Hendricks,Q de Kock,Mehedi Hasan Miraz,2,0,,,,,,,,,
1384414,2023/24,2023-10-24,"Wankhede Stadium, Mumbai",1,1.6,South Africa,Bangladesh,RR Hendricks,Q de Kock,Mehedi Hasan Miraz,1,0,,,,,,,,,
1384414,2023/24,2023-10-24,"Wankhede Stadium, Mumbai",1,2.1,South Africa,Bangladesh,RR Hendricks,Q de Kock,Mustafizur Rahman,0,0,,,,,,,,,
1384414,2023/24,2023-10-24,"Wankhede Stadium, Mumbai",1,2.2,South Africa,Bangladesh,RR Hendricks,Q de Kock,Mustafizur Rahman,4,0,,,,,,,,,
1384414,2023/24,2023-10-24,"Wankhede Stadium, Mumbai",1,2.3,South Africa,Bangladesh,RR Hendricks,Q de Kock,Mustafizur Rahman,0,0,,,,,,,,,
1384414,2023/24,2023-10-24,"Wankhede Stadium, Mumbai",1,2.4,South Africa,Bangladesh,RR Hendricks,Q de Kock,Mustafizur Rahman,0,0,,,,,,,,,
1384414,2023/24,2023-10-24,"Wankhede Stadium, Mumbai",1,2.5,South Africa,Bangladesh,RR Hendricks,Q de Kock,Mustafizur Rahman,1,0,,,,,,,,,
1384414,2023/24,2023-10-24,"Wankhede Stadium, Mumbai",1,2.6,South Africa,Bangladesh,Q de Kock,RR Hendricks,Mustafizur Rahman,0,0,,,,,,,,,
1384414,2023/24,2023-10-24,"Wankhede Stadium, Mumbai",1,3.1,South Africa,Bangladesh,RR Hendricks,Q de Kock,Mehedi Hasan Miraz,1,0,,,,,,,,,
1384414,2023/24,2023-10-24,"Wankhede Stadium, Mumbai",1,3.2,South Africa,Bangladesh,Q de Kock,RR Hendricks,Mehedi Hasan Miraz,0,0,,,,,,,,,
1384414,2023/24,2023-10-24,"Wankhede Stadium, Mumbai",1,3.3,South Africa,Bangladesh,Q de Kock,RR Hendricks,Mehedi Hasan Miraz,1,0,,,,,,,,,
1384414,2023/24,2023-10-24,"Wankhede Stadium, Mumbai",1,3.4,South Africa,Bangladesh,RR Hendricks,Q de Kock,Mehedi Hasan Miraz,1,0,,,,,,,,,
1384414,2023/24,2023-10-24,"Wankhede Stadium, Mumbai",1,3.5,South Africa,Bangladesh,Q de Kock,RR Hendricks,Mehedi Hasan Miraz,1,0,,,,,,,,,
1384414,2023/24,2023-10-24,"Wankhede Stadium, Mumbai",1,3.6,South Africa,Bangladesh,RR Hendricks,Q de Kock,Mehedi Hasan Miraz,0,0,,,,,,,,,
1384414,2023/24,2023-10-24,"Wankhede Stadium, Mumbai",1,4.1,South Africa,Bangladesh,Q de Kock,RR Hendricks,Shoriful Islam,0,0,,,,,,,,,
1384414,2023/24,2023-10-24,"Wankhede Stadium, Mumbai",1,4.2,South Africa,Bangladesh,Q de Kock,RR Hendricks,Shoriful Islam,0,0,,,,,,,,,
1384414,2023/24,2023-10-24,"Wankhede Stadium, Mumbai",1,4.3,South Africa,Bangladesh,Q de Kock,RR Hendricks,Shoriful Islam,4,0,,,,,,,,,
1384414,2023/24,2023-10-24,"Wankhede Stadium, Mumbai",1,4.4,South Africa,Bangladesh,Q de Kock,RR Hendricks,Shoriful Islam,1,0,,,,,,,,,
1384414,2023/24,2023-10-24,"Wankhede Stadium, Mumbai",1,4.5,South Africa,Bangladesh,RR Hendricks,Q de Kock,Shoriful Islam,2,0,,,,,,,,,
1384414,2023/24,2023-10-24,"Wankhede Stadium, Mumbai",1,4.6,South Africa,Bangladesh,RR Hendricks,Q de Kock,Shoriful Islam,0,0,,,,,,,,,
1384414,2023/24,2023-10-24,"Wankhede Stadium, Mumbai",1,5.1,South Africa,Bangladesh,Q de Kock,RR Hendricks,Mehedi Hasan Miraz,0,0,,,,,,,,,
1384414,2023/24,2023-10-24,"Wankhede Stadium, Mumbai",1,5.2,South Africa,Bangladesh,Q de Kock,RR Hendricks,Mehedi Hasan Miraz,0,0,,,,,,,,,
1384414,2023/24,2023-10-24,"Wankhede Stadium, Mumbai",1,5.3,South Africa,Bangladesh,Q de Kock,RR Hendricks,Mehedi Hasan Miraz,2,0,,,,,,,,,
1384414,2023/24,2023-10-24,"Wankhede Stadium, Mumbai",1,5.4,South Africa,Bangladesh,Q de Kock,RR Hendricks,Mehedi Hasan Miraz,6,0,,,,,,,,,
1384414,2023/24,2023-10-24,"Wankhede Stadium, Mumbai",1,5.5,South Africa,Bangladesh,Q de Kock,RR Hendricks,Mehedi Hasan Miraz,0,0,,,,,,,,,
1384414,2023/24,2023-10-24,"Wankhede Stadium, Mumbai",1,5.6,South Africa,Bangladesh,Q de Kock,RR Hendricks,Mehedi Hasan Miraz,0,0,,,,,,,,,
1384414,2023/24,2023-10-24,"Wankhede Stadium, Mumbai",1,6.1,South Africa,Bangladesh,RR Hendricks,Q de Kock,Shoriful Islam,0,0,,,,,,bowled,RR Hendricks,,
1384414,2023/24,2023-10-24,"Wankhede Stadium, Mumbai",1,6.2,South Africa,Bangladesh,HE van der Dussen,Q de Kock,Shoriful Islam,1,0,,,,,,,,,
1384414,2023/24,2023-10-24,"Wankhede Stadium, Mumbai",1,6.3,South Africa,Bangladesh,Q de Kock,HE van der Dussen,Shoriful Islam,1,0,,,,,,,,,
1384414,2023/24,2023-10-24,"Wankhede Stadium, Mumbai",1,6.4,South Africa,Bangladesh,HE van der Dussen,Q de Kock,Shoriful Islam,0,0,,,,,,,,,
1384414,2023/24,2023-10-24,"Wankhede Stadium, Mumbai",1,6.5,South Africa,Bangladesh,HE van der Dussen,Q de Kock,Shoriful Islam,0,0,,,,,,,,,
1384414,2023/24,2023-10-24,"Wankhede Stadium, Mumbai",1,6.6,South Africa,Bangladesh,HE van der Dussen,Q de Kock,Shoriful Islam,0,0,,,,,,,,,
1384414,2023/24,2023-10-24,"Wankhede Stadium, Mumbai",1,7.1,South Africa,Bangladesh,Q de Kock,HE van der Dussen,Mehedi Hasan Miraz,0,0,,,,,,,,,
1384414,2023/24,2023-10-24,"Wankhede Stadium, Mumbai",1,7.2,South Africa,Bangladesh,Q de Kock,HE van der Dussen,Mehedi Hasan Miraz,1,0,,,,,,,,,
1384414,2023/24,2023-10-24,"Wankhede Stadium, Mumbai",1,7.3,South Africa,Bangladesh,HE van der Dussen,Q de Kock,Mehedi Hasan Miraz,0,0,,,,,,,,,
1384414,2023/24,2023-10-24,"Wankhede Stadium, Mumbai",1,7.4,South Africa,Bangladesh,HE van der Dussen,Q de Kock,Mehedi Hasan Miraz,0,0,,,,,,,,,
1384414,2023/24,2023-10-24,"Wankhede Stadium, Mumbai",1,7.5,South Africa,Bangladesh,HE van der Dussen,Q de Kock,Mehedi Hasan Miraz,0,0,,,,,,lbw,HE van der Dussen,,
1384414,2023/24,2023-10-24,"Wankhede Stadium, Mumbai",1,7.6,South Africa,Bangladesh,AK Markram,Q de Kock,Mehedi Hasan Miraz,0,0,,,,,,,,,
1384414,2023/24,2023-10-24,"Wankhede Stadium, Mumbai",1,8.1,South Africa,Bangladesh,Q de Kock,AK Markram,Shoriful Islam,1,0,,,,,,,,,
1384414,2023/24,2023-10-24,"Wankhede Stadium, Mumbai",1,8.2,South Africa,Bangladesh,AK Markram,Q de Kock,Shoriful Islam,0,0,,,,,,,,,
1384414,2023/24,2023-10-24,"Wankhede Stadium, Mumbai",1,8.3,South Africa,Bangladesh,AK Markram,Q de Kock,Shoriful Islam,0,0,,,,,,,,,
1384414,2023/24,2023-10-24,"Wankhede Stadium, Mumbai",1,8.4,South Africa,Bangladesh,AK Markram,Q de Kock,Shoriful Islam,0,0,,,,,,,,,
1384414,2023/24,2023-10-24,"Wankhede Stadium, Mumbai",1,8.5,South Africa,Bangladesh,AK Markram,Q de Kock,Shoriful Islam,4,0,,,,,,,,,
1384414,2023/24,2023-10-24,"Wankhede Stadium, Mumbai",1,8.6,South Africa,Bangladesh,AK Markram,Q de Kock,Shoriful Islam,0,0,,,,,,,,,
1384414,2023/24,2023-10-24,"Wankhede Stadium, Mumbai",1,9.1,South Africa,Bangladesh,Q de Kock,AK Markram,Mehedi Hasan Miraz,0,0,,,,,,,,,
1384414,2023/24,2023-10-24,"Wankhede Stadium, Mumbai",1,9.2,South Africa,Bangladesh,Q de Kock,AK Markram,Mehedi Hasan Miraz,1,0,,,,,,,,,
1384414,2023/24,2023-10-24,"Wankhede Stadium, Mumbai",1,9.3,South Africa,Bangladesh,AK Markram,Q de Kock,Mehedi Hasan Miraz,0,0,,,,,,,,,
1384414,2023/24,2023-10-24,"Wankhede Stadium, Mumbai",1,9.4,South Africa,Bangladesh,AK Markram,Q de Kock,Mehedi Hasan Miraz,0,0,,,,,,,,,
1384414,2023/24,2023-10-24,"Wankhede Stadium, Mumbai",1,9.5,South Africa,Bangladesh,AK Markram,Q de Kock,Mehedi Hasan Miraz,2,0,,,,,,,,,
1384414,2023/24,2023-10-24,"Wankhede Stadium, Mumbai",1,9.6,South Africa,Bangladesh,AK Markram,Q de Kock,Mehedi Hasan Miraz,0,0,,,,,,,,,
1384414,2023/24,2023-10-24,"Wankhede Stadium, Mumbai",1,10.1,South Africa,Bangladesh,Q de Kock,AK Markram,Shakib Al Hasan,0,0,,,,,,,,,
1384414,2023/24,2023-10-24,"Wankhede Stadium, Mumbai",1,10.2,South Africa,Bangladesh,Q de Kock,AK Markram,Shakib Al Hasan,1,0,,,,,,,,,
1384414,2023/24,2023-10-24,"Wankhede Stadium, Mumbai",1,10.3,South Africa,Bangladesh,AK Markram,Q de Kock,Shakib Al Hasan,0,0,,,,,,,,,
1384414,2023/24,2023-10-24,"Wankhede Stadium, Mumbai",1,10.4,South Africa,Bangladesh,AK Markram,Q de Kock,Shakib Al Hasan,0,0,,,,,,,,,
1384414,2023/24,2023-10-24,"Wankhede Stadium, Mumbai",1,10.5,South Africa,Bangladesh,AK Markram,Q de Kock,Shakib Al Hasan,0,0,,,,,,,,,
1384414,2023/24,2023-10-24,"Wankhede Stadium, Mumbai",1,10.6,South Africa,Bangladesh,AK Markram,Q de Kock,Shakib Al Hasan,4,0,,,,,,,,,
1384414,2023/24,2023-10-24,"Wankhede Stadium, Mumbai",1,11.1,South Africa,Bangladesh,Q de Kock,AK Markram,Mehedi Hasan Miraz,0,0,,,,,,,,,
1384414,2023/24,2023-10-24,"Wankhede Stadium, Mumbai",1,11.2,South Africa,Bangladesh,Q de Kock,AK Markram,Mehedi Hasan Miraz,0,0,,,,,,,,,
1384414,2023/24,2023-10-24,"Wankhede Stadium, Mumbai",1,11.3,South Africa,Bangladesh,Q de Kock,AK Markram,Mehedi Hasan Miraz,0,0,,,,,,,,,
1384414,2023/24,2023-10-24,"Wankhede Stadium, Mumbai",1,11.4,South Africa,Bangladesh,Q de Kock,AK Markram,Mehedi Hasan Miraz,1,0,,,,,,,,,
1384414,2023/24,2023-10-24,"Wankhede Stadium, Mumbai",1,11.5,South Africa,Bangladesh,AK Markram,Q de Kock,Mehedi Hasan Miraz,1,0,,,,,,,,,
1384414,2023/24,2023-10-24,"Wankhede Stadium, Mumbai",1,11.6,South Africa,Bangladesh,Q de Kock,AK Markram,Mehedi Hasan Miraz,0,0,,,,,,,,,
1384414,2023/24,2023-10-24,"Wankhede Stadium, Mumbai",1,12.1,South Africa,Bangladesh,AK Markram,Q de Kock,Shakib Al Hasan,1,0,,,,,,,,,
1384414,2023/24,2023-10-24,"Wankhede Stadium, Mumbai",1,12.2,South Africa,Bangladesh,Q de Kock,AK Markram,Shakib Al Hasan,0,0,,,,,,,,,
1384414,2023/24,2023-10-24,"Wankhede Stadium, Mumbai",1,12.3,South Africa,Bangladesh,Q de Kock,AK Markram,Shakib Al Hasan,2,0,,,,,,,,,
1384414,2023/24,2023-10-24,"Wankhede Stadium, Mumbai",1,12.4,South Africa,Bangladesh,Q de Kock,AK Markram,Shakib Al Hasan,1,0,,,,,,,,,
1384414,2023/24,2023-10-24,"Wankhede Stadium, Mumbai",1,12.5,South Africa,Bangladesh,AK Markram,Q de Kock,Shakib Al Hasan,1,0,,,,,,,,,
1384414,2023/24,2023-10-24,"Wankhede Stadium, Mumbai",1,12.6,South Africa,Bangladesh,Q de Kock,AK Markram,Shakib Al Hasan,0,0,,,,,,,,,
1384414,2023/24,2023-10-24,"Wankhede Stadium, Mumbai",1,13.1,South Africa,Bangladesh,AK Markram,Q de Kock,Mehedi Hasan Miraz,1,0,,,,,,,,,
1384414,2023/24,2023-10-24,"Wankhede Stadium, Mumbai",1,13.2,South Africa,Bangladesh,Q de Kock,AK Markram,Mehedi Hasan Miraz,1,0,,,,,,,,,
1384414,2023/24,2023-10-24,"Wankhede Stadium, Mumbai",1,13.3,South Africa,Bangladesh,AK Markram,Q de Kock,Mehedi Hasan Miraz,0,0,,,,,,,,,
1384414,2023/24,2023-10-24,"Wankhede Stadium, Mumbai",1,13.4,South Africa,Bangladesh,AK Markram,Q de Kock,Mehedi Hasan Miraz,0,0,,,,,,,,,
1384414,2023/24,2023-10-24,"Wankhede Stadium, Mumbai",1,13.5,South Africa,Bangladesh,AK Markram,Q de Kock,Mehedi Hasan Miraz,1,0,,,,,,,,,
1384414,2023/24,2023-10-24,"Wankhede Stadium, Mumbai",1,13.6,South Africa,Bangladesh,Q de Kock,AK Markram,Mehedi Hasan Miraz,1,0,,,,,,,,,
1384414,2023/24,2023-10-24,"Wankhede Stadium, Mumbai",1,14.1,South Africa,Bangladesh,Q de Kock,AK Markram,Shakib Al Hasan,6,0,,,,,,,,,
1384414,2023/24,2023-10-24,"Wankhede Stadium, Mumbai",1,14.2,South Africa,Bangladesh,Q de Kock,AK Markram,Shakib Al Hasan,0,0,,,,,,,,,
1384414,2023/24,2023-10-24,"Wankhede Stadium, Mumbai",1,14.3,South Africa,Bangladesh,Q de Kock,AK Markram,Shakib Al Hasan,0,0,,,,,,,,,
1384414,2023/24,2023-10-24,"Wankhede Stadium, Mumbai",1,14.4,South Africa,Bangladesh,Q de Kock,AK Markram,Shakib Al Hasan,0,0,,,,,,,,,
1384414,2023/24,2023-10-24,"Wankhede Stadium, Mumbai",1,14.5,South Africa,Bangladesh,Q de Kock,AK Markram,Shakib Al Hasan,1,0,,,,,,,,,
1384414,2023/24,2023-10-24,"Wankhede Stadium, Mumbai",1,14.6,South Africa,Bangladesh,AK Markram,Q de Kock,Shakib Al Hasan,0,0,,,,,,,,,
1384414,2023/24,2023-10-24,"Wankhede Stadium, Mumbai",1,15.1,South Africa,Bangladesh,Q de Kock,AK Markram,Hasan Mahmud,1,0,,,,,,,,,
1384414,2023/24,2023-10-24,"Wankhede Stadium, Mumbai",1,15.2,South Africa,Bangladesh,AK Markram,Q de Kock,Hasan Mahmud,0,0,,,,,,,,,
1384414,2023/24,2023-10-24,"Wankhede Stadium, Mumbai",1,15.3,South Africa,Bangladesh,AK Markram,Q de Kock,Hasan Mahmud,1,0,,,,,,,,,
1384414,2023/24,2023-10-24,"Wankhede Stadium, Mumbai",1,15.4,South Africa,Bangladesh,Q de Kock,AK Markram,Hasan Mahmud,6,0,,,,,,,,,
1384414,2023/24,2023-10-24,"Wankhede Stadium, Mumbai",1,15.5,South Africa,Bangladesh,Q de Kock,AK Markram,Hasan Mahmud,1,0,,,,,,,,,
1384414,2023/24,2023-10-24,"Wankhede Stadium, Mumbai",1,15.6,South Africa,Bangladesh,AK Markram,Q de Kock,Hasan Mahmud,1,0,,,,,,,,,
1384414,2023/24,2023-10-24,"Wankhede Stadium, Mumbai",1,16.1,South Africa,Bangladesh,AK Markram,Q de Kock,Nasum Ahmed,1,0,,,,,,,,,
1384414,2023/24,2023-10-24,"Wankhede Stadium, Mumbai",1,16.2,South Africa,Bangladesh,Q de Kock,AK Markram,Nasum Ahmed,1,0,,,,,,,,,
1384414,2023/24,2023-10-24,"Wankhede Stadium, Mumbai",1,16.3,South Africa,Bangladesh,AK Markram,Q de Kock,Nasum Ahmed,0,0,,,,,,,,,
1384414,2023/24,2023-10-24,"Wankhede Stadium, Mumbai",1,16.4,South Africa,Bangladesh,AK Markram,Q de Kock,Nasum Ahmed,0,0,,,,,,,,,
1384414,2023/24,2023-10-24,"Wankhede Stadium, Mumbai",1,16.5,South Africa,Bangladesh,AK Markram,Q de Kock,Nasum Ahmed,0,0,,,,,,,,,
1384414,2023/24,2023-10-24,"Wankhede Stadium, Mumbai",1,16.6,South Africa,Bangladesh,AK Markram,Q de Kock,Nasum Ahmed,1,0,,,,,,,,,
1384414,2023/24,2023-10-24,"Wankhede Stadium, Mumbai",1,17.1,South Africa,Bangladesh,AK Markram,Q de Kock,Hasan Mahmud,4,0,,,,,,,,,
1384414,2023/24,2023-10-24,"Wankhede Stadium, Mumbai",1,17.2,South Africa,Bangladesh,AK Markram,Q de Kock,Hasan Mahmud,1,0,,,,,,,,,
1384414,2023/24,2023-10-24,"Wankhede Stadium, Mumbai",1,17.3,South Africa,Bangladesh,Q de Kock,AK Markram,Hasan Mahmud,4,0,,,,,,,,,
1384414,2023/24,2023-10-24,"Wankhede Stadium, Mumbai",1,17.4,South Africa,Bangladesh,Q de Kock,AK Markram,Hasan Mahmud,2,0,,,,,,,,,
1384414,2023/24,2023-10-24,"Wankhede Stadium, Mumbai",1,17.5,South Africa,Bangladesh,Q de Kock,AK Markram,Hasan Mahmud,0,0,,,,,,,,,
1384414,2023/24,2023-10-24,"Wankhede Stadium, Mumbai",1,17.6,South Africa,Bangladesh,Q de Kock,AK Markram,Hasan Mahmud,1,0,,,,,,,,,
1384414,2023/24,2023-10-24,"Wankhede Stadium, Mumbai",1,18.1,South Africa,Bangladesh,Q de Kock,AK Markram,Nasum Ahmed,4,0,,,,,,,,,
1384414,2023/24,2023-10-24,"Wankhede Stadium, Mumbai",1,18.2,South Africa,Bangladesh,Q de Kock,AK Markram,Nasum Ahmed,1,0,,,,,,,,,
1384414,2023/24,2023-10-24,"Wankhede Stadium, Mumbai",1,18.3,South Africa,Bangladesh,AK Markram,Q de Kock,Nasum Ahmed,0,0,,,,,,,,,
1384414,2023/24,2023-10-24,"Wankhede Stadium, Mumbai",1,18.4,South Africa,Bangladesh,AK Markram,Q de Kock,Nasum Ahmed,0,0,,,,,,,,,
1384414,2023/24,2023-10-24,"Wankhede Stadium, Mumbai",1,18.5,South Africa,Bangladesh,AK Markram,Q de Kock,Nasum Ahmed,1,0,,,,,,,,,
1384414,2023/24,2023-10-24,"Wankhede Stadium, Mumbai",1,18.6,South Africa,Bangladesh,Q de Kock,AK Markram,Nasum Ahmed,0,0,,,,,,,,,
1384414,2023/24,2023-10-24,"Wankhede Stadium, Mumbai",1,19.1,South Africa,Bangladesh,AK Markram,Q de Kock,Mahmudullah,0,0,,,,,,,,,
1384414,2023/24,2023-10-24,"Wankhede Stadium, Mumbai",1,19.2,South Africa,Bangladesh,AK Markram,Q de Kock,Mahmudullah,1,0,,,,,,,,,
1384414,2023/24,2023-10-24,"Wankhede Stadium, Mumbai",1,19.3,South Africa,Bangladesh,Q de Kock,AK Markram,Mahmudullah,0,0,,,,,,,,,
1384414,2023/24,2023-10-24,"Wankhede Stadium, Mumbai",1,19.4,South Africa,Bangladesh,Q de Kock,AK Markram,Mahmudullah,0,0,,,,,,,,,
1384414,2023/24,2023-10-24,"Wankhede Stadium, Mumbai",1,19.5,South Africa,Bangladesh,Q de Kock,AK Markram,Mahmudullah,0,0,,,,,,,,,
1384414,2023/24,2023-10-24,"Wankhede Stadium, Mumbai",1,19.6,South Africa,Bangladesh,Q de Kock,AK Markram,Mahmudullah,0,0,,,,,,,,,
1384414,2023/24,2023-10-24,"Wankhede Stadium, Mumbai",1,20.1,South Africa,Bangladesh,AK Markram,Q de Kock,Nasum Ahmed,0,0,,,,,,,,,
1384414,2023/24,2023-10-24,"Wankhede Stadium, Mumbai",1,20.2,South Africa,Bangladesh,AK Markram,Q de Kock,Nasum Ahmed,1,0,,,,,,,,,
1384414,2023/24,2023-10-24,"Wankhede Stadium, Mumbai",1,20.3,South Africa,Bangladesh,Q de Kock,AK Markram,Nasum Ahmed,1,0,,,,,,,,,
1384414,2023/24,2023-10-24,"Wankhede Stadium, Mumbai",1,20.4,South Africa,Bangladesh,AK Markram,Q de Kock,Nasum Ahmed,1,0,,,,,,,,,
1384414,2023/24,2023-10-24,"Wankhede Stadium, Mumbai",1,20.5,South Africa,Bangladesh,Q de Kock,AK Markram,Nasum Ahmed,1,0,,,,,,,,,
1384414,2023/24,2023-10-24,"Wankhede Stadium, Mumbai",1,20.6,South Africa,Bangladesh,AK Markram,Q de Kock,Nasum Ahmed,1,0,,,,,,,,,
1384414,2023/24,2023-10-24,"Wankhede Stadium, Mumbai",1,21.1,South Africa,Bangladesh,AK Markram,Q de Kock,Mahmudullah,1,0,,,,,,,,,
1384414,2023/24,2023-10-24,"Wankhede Stadium, Mumbai",1,21.2,South Africa,Bangladesh,Q de Kock,AK Markram,Mahmudullah,1,0,,,,,,,,,
1384414,2023/24,2023-10-24,"Wankhede Stadium, Mumbai",1,21.3,South Africa,Bangladesh,AK Markram,Q de Kock,Mahmudullah,1,0,,,,,,,,,
1384414,2023/24,2023-10-24,"Wankhede Stadium, Mumbai",1,21.4,South Africa,Bangladesh,Q de Kock,AK Markram,Mahmudullah,0,0,,,,,,,,,
1384414,2023/24,2023-10-24,"Wankhede Stadium, Mumbai",1,21.5,South Africa,Bangladesh,Q de Kock,AK Markram,Mahmudullah,6,0,,,,,,,,,
1384414,2023/24,2023-10-24,"Wankhede Stadium, Mumbai",1,21.6,South Africa,Bangladesh,Q de Kock,AK Markram,Mahmudullah,0,0,,,,,,,,,
1384414,2023/24,2023-10-24,"Wankhede Stadium, Mumbai",1,22.1,South Africa,Bangladesh,AK Markram,Q de Kock,Nasum Ahmed,1,0,,,,,,,,,
1384414,2023/24,2023-10-24,"Wankhede Stadium, Mumbai",1,22.2,South Africa,Bangladesh,Q de Kock,AK Markram,Nasum Ahmed,1,0,,,,,,,,,
1384414,2023/24,2023-10-24,"Wankhede Stadium, Mumbai",1,22.3,South Africa,Bangladesh,AK Markram,Q de Kock,Nasum Ahmed,0,0,,,,,,,,,
1384414,2023/24,2023-10-24,"Wankhede Stadium, Mumbai",1,22.4,South Africa,Bangladesh,AK Markram,Q de Kock,Nasum Ahmed,1,0,,,,,,,,,
1384414,2023/24,2023-10-24,"Wankhede Stadium, Mumbai",1,22.5,South Africa,Bangladesh,Q de Kock,AK Markram,Nasum Ahmed,0,0,,,,,,,,,
1384414,2023/24,2023-10-24,"Wankhede Stadium, Mumbai",1,22.6,South Africa,Bangladesh,Q de Kock,AK Markram,Nasum Ahmed,0,0,,,,,,,,,
1384414,2023/24,2023-10-24,"Wankhede Stadium, Mumbai",1,23.1,South Africa,Bangladesh,AK Markram,Q de Kock,Mahmudullah,4,0,,,,,,,,,
1384414,2023/24,2023-10-24,"Wankhede Stadium, Mumbai",1,23.2,South Africa,Bangladesh,AK Markram,Q de Kock,Mahmudullah,1,0,,,,,,,,,
1384414,2023/24,2023-10-24,"Wankhede Stadium, Mumbai",1,23.3,South Africa,Bangladesh,Q de Kock,AK Markram,Mahmudullah,1,0,,,,,,,,,
1384414,2023/24,2023-10-24,"Wankhede Stadium, Mumbai",1,23.4,South Africa,Bangladesh,AK Markram,Q de Kock,Mahmudullah,1,0,,,,,,,,,
1384414,2023/24,2023-10-24,"Wankhede Stadium, Mumbai",1,23.5,South Africa,Bangladesh,Q de Kock,AK Markram,Mahmudullah,1,0,,,,,,,,,
1384414,2023/24,2023-10-24,"Wankhede Stadium, Mumbai",1,23.6,South Africa,Bangladesh,AK Markram,Q de Kock,Mahmudullah,0,1,1,,,,,,,,
1384414,2023/24,2023-10-24,"Wankhede Stadium, Mumbai",1,23.7,South Africa,Bangladesh,AK Markram,Q de Kock,Mahmudullah,1,0,,,,,,,,,
1384414,2023/24,2023-10-24,"Wankhede Stadium, Mumbai",1,24.1,South Africa,Bangladesh,AK Markram,Q de Kock,Shakib Al Hasan,1,0,,,,,,,,,
1384414,2023/24,2023-10-24,"Wankhede Stadium, Mumbai",1,24.2,South Africa,Bangladesh,Q de Kock,AK Markram,Shakib Al Hasan,0,0,,,,,,,,,
1384414,2023/24,2023-10-24,"Wankhede Stadium, Mumbai",1,24.3,South Africa,Bangladesh,Q de Kock,AK Markram,Shakib Al Hasan,2,0,,,,,,,,,
1384414,2023/24,2023-10-24,"Wankhede Stadium, Mumbai",1,24.4,South Africa,Bangladesh,Q de Kock,AK Markram,Shakib Al Hasan,0,0,,,,,,,,,
1384414,2023/24,2023-10-24,"Wankhede Stadium, Mumbai",1,24.5,South Africa,Bangladesh,Q de Kock,AK Markram,Shakib Al Hasan,1,0,,,,,,,,,
1384414,2023/24,2023-10-24,"Wankhede Stadium, Mumbai",1,24.6,South Africa,Bangladesh,AK Markram,Q de Kock,Shakib Al Hasan,1,0,,,,,,,,,
1384414,2023/24,2023-10-24,"Wankhede Stadium, Mumbai",1,25.1,South Africa,Bangladesh,AK Markram,Q de Kock,Mehedi Hasan Miraz,4,0,,,,,,,,,
1384414,2023/24,2023-10-24,"Wankhede Stadium, Mumbai",1,25.2,South Africa,Bangladesh,AK Markram,Q de Kock,Mehedi Hasan Miraz,0,0,,,,,,,,,
1384414,2023/24,2023-10-24,"Wankhede Stadium, Mumbai",1,25.3,South Africa,Bangladesh,AK Markram,Q de Kock,Mehedi Hasan Miraz,0,0,,,,,,,,,
1384414,2023/24,2023-10-24,"Wankhede Stadium, Mumbai",1,25.4,South Africa,Bangladesh,AK Markram,Q de Kock,Mehedi Hasan Miraz,1,0,,,,,,,,,
1384414,2023/24,2023-10-24,"Wankhede Stadium, Mumbai",1,25.5,South Africa,Bangladesh,Q de Kock,AK Markram,Mehedi Hasan Miraz,1,0,,,,,,,,,
1384414,2023/24,2023-10-24,"Wankhede Stadium, Mumbai",1,25.6,South Africa,Bangladesh,AK Markram,Q de Kock,Mehedi Hasan Miraz,4,0,,,,,,,,,
1384414,2023/24,2023-10-24,"Wankhede Stadium, Mumbai",1,26.1,South Africa,Bangladesh,Q de Kock,AK Markram,Shakib Al Hasan,1,0,,,,,,,,,
1384414,2023/24,2023-10-24,"Wankhede Stadium, Mumbai",1,26.2,South Africa,Bangladesh,AK Markram,Q de Kock,Shakib Al Hasan,0,0,,,,,,,,,
1384414,2023/24,2023-10-24,"Wankhede Stadium, Mumbai",1,26.3,South Africa,Bangladesh,AK Markram,Q de Kock,Shakib Al Hasan,0,0,,,,,,,,,
1384414,2023/24,2023-10-24,"Wankhede Stadium, Mumbai",1,26.4,South Africa,Bangladesh,AK Markram,Q de Kock,Shakib Al Hasan,0,0,,,,,,,,,
1384414,2023/24,2023-10-24,"Wankhede Stadium, Mumbai",1,26.5,South Africa,Bangladesh,AK Markram,Q de Kock,Shakib Al Hasan,0,0,,,,,,,,,
1384414,2023/24,2023-10-24,"Wankhede Stadium, Mumbai",1,26.6,South Africa,Bangladesh,AK Markram,Q de Kock,Shakib Al Hasan,1,0,,,,,,,,,
1384414,2023/24,2023-10-24,"Wankhede Stadium, Mumbai",1,27.1,South Africa,Bangladesh,AK Markram,Q de Kock,Mustafizur Rahman,1,0,,,,,,,,,
1384414,2023/24,2023-10-24,"Wankhede Stadium, Mumbai",1,27.2,South Africa,Bangladesh,Q de Kock,AK Markram,Mustafizur Rahman,0,1,1,,,,,,,,
1384414,2023/24,2023-10-24,"Wankhede Stadium, Mumbai",1,27.3,South Africa,Bangladesh,Q de Kock,AK Markram,Mustafizur Rahman,0,0,,,,,,,,,
1384414,2023/24,2023-10-24,"Wankhede Stadium, Mumbai",1,27.4,South Africa,Bangladesh,Q de Kock,AK Markram,Mustafizur Rahman,1,0,,,,,,,,,
1384414,2023/24,2023-10-24,"Wankhede Stadium, Mumbai",1,27.5,South Africa,Bangladesh,AK Markram,Q de Kock,Mustafizur Rahman,1,0,,,,,,,,,
1384414,2023/24,2023-10-24,"Wankhede Stadium, Mumbai",1,27.6,South Africa,Bangladesh,Q de Kock,AK Markram,Mustafizur Rahman,0,0,,,,,,,,,
1384414,2023/24,2023-10-24,"Wankhede Stadium, Mumbai",1,27.7,South Africa,Bangladesh,Q de Kock,AK Markram,Mustafizur Rahman,1,0,,,,,,,,,
1384414,2023/24,2023-10-24,"Wankhede Stadium, Mumbai",1,28.1,South Africa,Bangladesh,Q de Kock,AK Markram,Shakib Al Hasan,4,0,,,,,,,,,
1384414,2023/24,2023-10-24,"Wankhede Stadium, Mumbai",1,28.2,South Africa,Bangladesh,Q de Kock,AK Markram,Shakib Al Hasan,0,0,,,,,,,,,
1384414,2023/24,2023-10-24,"Wankhede Stadium, Mumbai",1,28.3,South Africa,Bangladesh,Q de Kock,AK Markram,Shakib Al Hasan,0,0,,,,,,,,,
1384414,2023/24,2023-10-24,"Wankhede Stadium, Mumbai",1,28.4,South Africa,Bangladesh,Q de Kock,AK Markram,Shakib Al Hasan,1,0,,,,,,,,,
1384414,2023/24,2023-10-24,"Wankhede Stadium, Mumbai",1,28.5,South Africa,Bangladesh,AK Markram,Q de Kock,Shakib Al Hasan,4,0,,,,,,,,,
1384414,2023/24,2023-10-24,"Wankhede Stadium, Mumbai",1,28.6,South Africa,Bangladesh,AK Markram,Q de Kock,Shakib Al Hasan,0,0,,,,,,,,,
1384414,2023/24,2023-10-24,"Wankhede Stadium, Mumbai",1,29.1,South Africa,Bangladesh,Q de Kock,AK Markram,Mustafizur Rahman,4,0,,,,,,,,,
1384414,2023/24,2023-10-24,"Wankhede Stadium, Mumbai",1,29.2,South Africa,Bangladesh,Q de Kock,AK Markram,Mustafizur Rahman,0,0,,,,,,,,,
1384414,2023/24,2023-10-24,"Wankhede Stadium, Mumbai",1,29.3,South Africa,Bangladesh,Q de Kock,AK Markram,Mustafizur Rahman,1,0,,,,,,,,,
1384414,2023/24,2023-10-24,"Wankhede Stadium, Mumbai",1,29.4,South Africa,Bangladesh,AK Markram,Q de Kock,Mustafizur Rahman,1,0,,,,,,,,,
1384414,2023/24,2023-10-24,"Wankhede Stadium, Mumbai",1,29.5,South Africa,Bangladesh,Q de Kock,AK Markram,Mustafizur Rahman,0,0,,,,,,,,,
1384414,2023/24,2023-10-24,"Wankhede Stadium, Mumbai",1,29.6,South Africa,Bangladesh,Q de Kock,AK Markram,Mustafizur Rahman,2,0,,,,,,,,,
1384414,2023/24,2023-10-24,"Wankhede Stadium, Mumbai",1,30.1,South Africa,Bangladesh,AK Markram,Q de Kock,Shakib Al Hasan,1,0,,,,,,,,,
1384414,2023/24,2023-10-24,"Wankhede Stadium, Mumbai",1,30.2,South Africa,Bangladesh,Q de Kock,AK Markram,Shakib Al Hasan,0,0,,,,,,,,,
1384414,2023/24,2023-10-24,"Wankhede Stadium, Mumbai",1,30.3,South Africa,Bangladesh,Q de Kock,AK Markram,Shakib Al Hasan,1,0,,,,,,,,,
1384414,2023/24,2023-10-24,"Wankhede Stadium, Mumbai",1,30.4,South Africa,Bangladesh,AK Markram,Q de Kock,Shakib Al Hasan,0,0,,,,,,caught,AK Markram,,
1384414,2023/24,2023-10-24,"Wankhede Stadium, Mumbai",1,30.5,South Africa,Bangladesh,H Klaasen,Q de Kock,Shakib Al Hasan,1,0,,,,,,,,,
1384414,2023/24,2023-10-24,"Wankhede Stadium, Mumbai",1,30.6,South Africa,Bangladesh,Q de Kock,H Klaasen,Shakib Al Hasan,1,0,,,,,,,,,
1384414,2023/24,2023-10-24,"Wankhede Stadium, Mumbai",1,31.1,South Africa,Bangladesh,Q de Kock,H Klaasen,Shoriful Islam,0,0,,,,,,,,,
1384414,2023/24,2023-10-24,"Wankhede Stadium, Mumbai",1,31.2,South Africa,Bangladesh,Q de Kock,H Klaasen,Shoriful Islam,1,0,,,,,,,,,
1384414,2023/24,2023-10-24,"Wankhede Stadium, Mumbai",1,31.3,South Africa,Bangladesh,H Klaasen,Q de Kock,Shoriful Islam,1,0,,,,,,,,,
1384414,2023/24,2023-10-24,"Wankhede Stadium, Mumbai",1,31.4,South Africa,Bangladesh,Q de Kock,H Klaasen,Shoriful Islam,1,0,,,,,,,,,
1384414,2023/24,2023-10-24,"Wankhede Stadium, Mumbai",1,31.5,South Africa,Bangladesh,H Klaasen,Q de Kock,Shoriful Islam,1,0,,,,,,,,,
1384414,2023/24,2023-10-24,"Wankhede Stadium, Mumbai",1,31.6,South Africa,Bangladesh,Q de Kock,H Klaasen,Shoriful Islam,1,0,,,,,,,,,
1384414,2023/24,2023-10-24,"Wankhede Stadium, Mumbai",1,32.1,South Africa,Bangladesh,Q de Kock,H Klaasen,Shakib Al Hasan,1,0,,,,,,,,,
1384414,2023/24,2023-10-24,"Wankhede Stadium, Mumbai",1,32.2,South Africa,Bangladesh,H Klaasen,Q de Kock,Shakib Al Hasan,6,0,,,,,,,,,
1384414,2023/24,2023-10-24,"Wankhede Stadium, Mumbai",1,32.3,South Africa,Bangladesh,H Klaasen,Q de Kock,Shakib Al Hasan,1,0,,,,,,,,,
1384414,2023/24,2023-10-24,"Wankhede Stadium, Mumbai",1,32.4,South Africa,Bangladesh,Q de Kock,H Klaasen,Shakib Al Hasan,2,0,,,,,,,,,
1384414,2023/24,2023-10-24,"Wankhede Stadium, Mumbai",1,32.5,South Africa,Bangladesh,Q de Kock,H Klaasen,Shakib Al Hasan,0,0,,,,,,,,,
1384414,2023/24,2023-10-24,"Wankhede Stadium, Mumbai",1,32.6,South Africa,Bangladesh,Q de Kock,H Klaasen,Shakib Al Hasan,0,0,,,,,,,,,
1384414,2023/24,2023-10-24,"Wankhede Stadium, Mumbai",1,33.1,South Africa,Bangladesh,H Klaasen,Q de Kock,Shoriful Islam,1,0,,,,,,,,,
1384414,2023/24,2023-10-24,"Wankhede Stadium, Mumbai",1,33.2,South Africa,Bangladesh,Q de Kock,H Klaasen,Shoriful Islam,0,0,,,,,,,,,
1384414,2023/24,2023-10-24,"Wankhede Stadium, Mumbai",1,33.3,South Africa,Bangladesh,Q de Kock,H Klaasen,Shoriful Islam,1,0,,,,,,,,,
1384414,2023/24,2023-10-24,"Wankhede Stadium, Mumbai",1,33.4,South Africa,Bangladesh,H Klaasen,Q de Kock,Shoriful Islam,0,0,,,,,,,,,
1384414,2023/24,2023-10-24,"Wankhede Stadium, Mumbai",1,33.5,South Africa,Bangladesh,H Klaasen,Q de Kock,Shoriful Islam,0,0,,,,,,,,,
1384414,2023/24,2023-10-24,"Wankhede Stadium, Mumbai",1,33.6,South Africa,Bangladesh,H Klaasen,Q de Kock,Shoriful Islam,0,0,,,,,,,,,
1384414,2023/24,2023-10-24,"Wankhede Stadium, Mumbai",1,34.1,South Africa,Bangladesh,Q de Kock,H Klaasen,Nasum Ahmed,1,0,,,,,,,,,
1384414,2023/24,2023-10-24,"Wankhede Stadium, Mumbai",1,34.2,South Africa,Bangladesh,H Klaasen,Q de Kock,Nasum Ahmed,1,0,,,,,,,,,
1384414,2023/24,2023-10-24,"Wankhede Stadium, Mumbai",1,34.3,South Africa,Bangladesh,Q de Kock,H Klaasen,Nasum Ahmed,1,0,,,,,,,,,
1384414,2023/24,2023-10-24,"Wankhede Stadium, Mumbai",1,34.4,South Africa,Bangladesh,H Klaasen,Q de Kock,Nasum Ahmed,6,0,,,,,,,,,
1384414,2023/24,2023-10-24,"Wankhede Stadium, Mumbai",1,34.5,South Africa,Bangladesh,H Klaasen,Q de Kock,Nasum Ahmed,1,0,,,,,,,,,
1384414,2023/24,2023-10-24,"Wankhede Stadium, Mumbai",1,34.6,South Africa,Bangladesh,Q de Kock,H Klaasen,Nasum Ahmed,0,0,,,,,,,,,
1384414,2023/24,2023-10-24,"Wankhede Stadium, Mumbai",1,35.1,South Africa,Bangladesh,H Klaasen,Q de Kock,Shoriful Islam,1,0,,,,,,,,,
1384414,2023/24,2023-10-24,"Wankhede Stadium, Mumbai",1,35.2,South Africa,Bangladesh,Q de Kock,H Klaasen,Shoriful Islam,0,0,,,,,,,,,
1384414,2023/24,2023-10-24,"Wankhede Stadium, Mumbai",1,35.3,South Africa,Bangladesh,Q de Kock,H Klaasen,Shoriful Islam,0,1,,,,1,,,,,
1384414,2023/24,2023-10-24,"Wankhede Stadium, Mumbai",1,35.4,South Africa,Bangladesh,H Klaasen,Q de Kock,Shoriful Islam,1,0,,,,,,,,,
1384414,2023/24,2023-10-24,"Wankhede Stadium, Mumbai",1,35.5,South Africa,Bangladesh,Q de Kock,H Klaasen,Shoriful Islam,2,0,,,,,,,,,
1384414,2023/24,2023-10-24,"Wankhede Stadium, Mumbai",1,35.6,South Africa,Bangladesh,Q de Kock,H Klaasen,Shoriful Islam,2,0,,,,,,,,,
1384414,2023/24,2023-10-24,"Wankhede Stadium, Mumbai",1,36.1,South Africa,Bangladesh,H Klaasen,Q de Kock,Mustafizur Rahman,0,0,,,,,,,,,
1384414,2023/24,2023-10-24,"Wankhede Stadium, Mumbai",1,36.2,South Africa,Bangladesh,H Klaasen,Q de Kock,Mustafizur Rahman,1,0,,,,,,,,,
1384414,2023/24,2023-10-24,"Wankhede Stadium, Mumbai",1,36.3,South Africa,Bangladesh,Q de Kock,H Klaasen,Mustafizur Rahman,0,1,,,,1,,,,,
1384414,2023/24,2023-10-24,"Wankhede Stadium, Mumbai",1,36.4,South Africa,Bangladesh,H Klaasen,Q de Kock,Mustafizur Rahman,1,0,,,,,,,,,
1384414,2023/24,2023-10-24,"Wankhede Stadium, Mumbai",1,36.5,South Africa,Bangladesh,Q de Kock,H Klaasen,Mustafizur Rahman,1,0,,,,,,,,,
1384414,2023/24,2023-10-24,"Wankhede Stadium, Mumbai",1,36.6,South Africa,Bangladesh,H Klaasen,Q de Kock,Mustafizur Rahman,1,0,,,,,,,,,
1384414,2023/24,2023-10-24,"Wankhede Stadium, Mumbai",1,37.1,South Africa,Bangladesh,H Klaasen,Q de Kock,Mehedi Hasan Miraz,0,0,,,,,,,,,
1384414,2023/24,2023-10-24,"Wankhede Stadium, Mumbai",1,37.2,South Africa,Bangladesh,H Klaasen,Q de Kock,Mehedi Hasan Miraz,0,1,1,,,,,,,,
1384414,2023/24,2023-10-24,"Wankhede Stadium, Mumbai",1,37.3,South Africa,Bangladesh,H Klaasen,Q de Kock,Mehedi Hasan Miraz,0,1,1,,,,,,,,
1384414,2023/24,2023-10-24,"Wankhede Stadium, Mumbai",1,37.4,South Africa,Bangladesh,H Klaasen,Q de Kock,Mehedi Hasan Miraz,1,0,,,,,,,,,
1384414,2023/24,2023-10-24,"Wankhede Stadium, Mumbai",1,37.5,South Africa,Bangladesh,Q de Kock,H Klaasen,Mehedi Hasan Miraz,4,0,,,,,,,,,
1384414,2023/24,2023-10-24,"Wankhede Stadium, Mumbai",1,37.6,South Africa,Bangladesh,Q de Kock,H Klaasen,Mehedi Hasan Miraz,1,0,,,,,,,,,
1384414,2023/24,2023-10-24,"Wankhede Stadium, Mumbai",1,37.7,South Africa,Bangladesh,H Klaasen,Q de Kock,Mehedi Hasan Miraz,1,0,,,,,,,,,
1384414,2023/24,2023-10-24,"Wankhede Stadium, Mumbai",1,37.8,South Africa,Bangladesh,Q de Kock,H Klaasen,Mehedi Hasan Miraz,0,0,,,,,,,,,
1384414,2023/24,2023-10-24,"Wankhede Stadium, Mumbai",1,38.1,South Africa,Bangladesh,H Klaasen,Q de Kock,Mustafizur Rahman,1,0,,,,,,,,,
1384414,2023/24,2023-10-24,"Wankhede Stadium, Mumbai",1,38.2,South Africa,Bangladesh,Q de Kock,H Klaasen,Mustafizur Rahman,1,0,,,,,,,,,
1384414,2023/24,2023-10-24,"Wankhede Stadium, Mumbai",1,38.3,South Africa,Bangladesh,H Klaasen,Q de Kock,Mustafizur Rahman,0,1,1,,,,,,,,
1384414,2023/24,2023-10-24,"Wankhede Stadium, Mumbai",1,38.4,South Africa,Bangladesh,H Klaasen,Q de Kock,Mustafizur Rahman,1,0,,,,,,,,,
1384414,2023/24,2023-10-24,"Wankhede Stadium, Mumbai",1,38.5,South Africa,Bangladesh,Q de Kock,H Klaasen,Mustafizur Rahman,4,0,,,,,,,,,
1384414,2023/24,2023-10-24,"Wankhede Stadium, Mumbai",1,38.6,South Africa,Bangladesh,Q de Kock,H Klaasen,Mustafizur Rahman,1,0,,,,,,,,,
1384414,2023/24,2023-10-24,"Wankhede Stadium, Mumbai",1,38.7,South Africa,Bangladesh,H Klaasen,Q de Kock,Mustafizur Rahman,1,0,,,,,,,,,
1384414,2023/24,2023-10-24,"Wankhede Stadium, Mumbai",1,39.1,South Africa,Bangladesh,H Klaasen,Q de Kock,Hasan Mahmud,0,0,,,,,,,,,
1384414,2023/24,2023-10-24,"Wankhede Stadium, Mumbai",1,39.2,South Africa,Bangladesh,H Klaasen,Q de Kock,Hasan Mahmud,6,0,,,,,,,,,
1384414,2023/24,2023-10-24,"Wankhede Stadium, Mumbai",1,39.3,South Africa,Bangladesh,H Klaasen,Q de Kock,Hasan Mahmud,4,0,,,,,,,,,
1384414,2023/24,2023-10-24,"Wankhede Stadium, Mumbai",1,39.4,South Africa,Bangladesh,H Klaasen,Q de Kock,Hasan Mahmud,0,0,,,,,,,,,
1384414,2023/24,2023-10-24,"Wankhede Stadium, Mumbai",1,39.5,South Africa,Bangladesh,H Klaasen,Q de Kock,Hasan Mahmud,1,0,,,,,,,,,
1384414,2023/24,2023-10-24,"Wankhede Stadium, Mumbai",1,39.6,South Africa,Bangladesh,Q de Kock,H Klaasen,Hasan Mahmud,0,0,,,,,,,,,
1384414,2023/24,2023-10-24,"Wankhede Stadium, Mumbai",1,40.1,South Africa,Bangladesh,H Klaasen,Q de Kock,Mustafizur Rahman,1,0,,,,,,,,,
1384414,2023/24,2023-10-24,"Wankhede Stadium, Mumbai",1,40.2,South Africa,Bangladesh,Q de Kock,H Klaasen,Mustafizur Rahman,2,0,,,,,,,,,
1384414,2023/24,2023-10-24,"Wankhede Stadium, Mumbai",1,40.3,South Africa,Bangladesh,Q de Kock,H Klaasen,Mustafizur Rahman,4,0,,,,,,,,,
1384414,2023/24,2023-10-24,"Wankhede Stadium, Mumbai",1,40.4,South Africa,Bangladesh,Q de Kock,H Klaasen,Mustafizur Rahman,1,0,,,,,,,,,
1384414,2023/24,2023-10-24,"Wankhede Stadium, Mumbai",1,40.5,South Africa,Bangladesh,H Klaasen,Q de Kock,Mustafizur Rahman,1,0,,,,,,,,,
1384414,2023/24,2023-10-24,"Wankhede Stadium, Mumbai",1,40.6,South Africa,Bangladesh,Q de Kock,H Klaasen,Mustafizur Rahman,1,0,,,,,,,,,
1384414,2023/24,2023-10-24,"Wankhede Stadium, Mumbai",1,41.1,South Africa,Bangladesh,Q de Kock,H Klaasen,Shoriful Islam,1,0,,,,,,,,,
1384414,2023/24,2023-10-24,"Wankhede Stadium, Mumbai",1,41.2,South Africa,Bangladesh,H Klaasen,Q de Kock,Shoriful Islam,1,0,,,,,,,,,
1384414,2023/24,2023-10-24,"Wankhede Stadium, Mumbai",1,41.3,South Africa,Bangladesh,Q de Kock,H Klaasen,Shoriful Islam,4,0,,,,,,,,,
1384414,2023/24,2023-10-24,"Wankhede Stadium, Mumbai",1,41.4,South Africa,Bangladesh,Q de Kock,H Klaasen,Shoriful Islam,0,0,,,,,,,,,
1384414,2023/24,2023-10-24,"Wankhede Stadium, Mumbai",1,41.5,South Africa,Bangladesh,Q de Kock,H Klaasen,Shoriful Islam,6,0,,,,,,,,,
1384414,2023/24,2023-10-24,"Wankhede Stadium, Mumbai",1,41.6,South Africa,Bangladesh,Q de Kock,H Klaasen,Shoriful Islam,1,0,,,,,,,,,
1384414,2023/24,2023-10-24,"Wankhede Stadium, Mumbai",1,42.1,South Africa,Bangladesh,Q de Kock,H Klaasen,Shakib Al Hasan,0,1,1,,,,,,,,
1384414,2023/24,2023-10-24,"Wankhede Stadium, Mumbai",1,42.2,South Africa,Bangladesh,Q de Kock,H Klaasen,Shakib Al Hasan,0,0,,,,,,,,,
1384414,2023/24,2023-10-24,"Wankhede Stadium, Mumbai",1,42.3,South Africa,Bangladesh,Q de Kock,H Klaasen,Shakib Al Hasan,6,0,,,,,,,,,
1384414,2023/24,2023-10-24,"Wankhede Stadium, Mumbai",1,42.4,South Africa,Bangladesh,Q de Kock,H Klaasen,Shakib Al Hasan,4,0,,,,,,,,,
1384414,2023/24,2023-10-24,"Wankhede Stadium, Mumbai",1,42.5,South Africa,Bangladesh,Q de Kock,H Klaasen,Shakib Al Hasan,6,0,,,,,,,,,
1384414,2023/24,2023-10-24,"Wankhede Stadium, Mumbai",1,42.6,South Africa,Bangladesh,Q de Kock,H Klaasen,Shakib Al Hasan,4,0,,,,,,,,,
1384414,2023/24,2023-10-24,"Wankhede Stadium, Mumbai",1,42.7,South Africa,Bangladesh,Q de Kock,H Klaasen,Shakib Al Hasan,1,0,,,,,,,,,
1384414,2023/24,2023-10-24,"Wankhede Stadium, Mumbai",1,43.1,South Africa,Bangladesh,Q de Kock,H Klaasen,Shoriful Islam,4,0,,,,,,,,,
1384414,2023/24,2023-10-24,"Wankhede Stadium, Mumbai",1,43.2,South Africa,Bangladesh,Q de Kock,H Klaasen,Shoriful Islam,4,0,,,,,,,,,
1384414,2023/24,2023-10-24,"Wankhede Stadium, Mumbai",1,43.3,South Africa,Bangladesh,Q de Kock,H Klaasen,Shoriful Islam,1,0,,,,,,,,,
1384414,2023/24,2023-10-24,"Wankhede Stadium, Mumbai",1,43.4,South Africa,Bangladesh,H Klaasen,Q de Kock,Shoriful Islam,6,0,,,,,,,,,
1384414,2023/24,2023-10-24,"Wankhede Stadium, Mumbai",1,43.5,South Africa,Bangladesh,H Klaasen,Q de Kock,Shoriful Islam,1,0,,,,,,,,,
1384414,2023/24,2023-10-24,"Wankhede Stadium, Mumbai",1,43.6,South Africa,Bangladesh,Q de Kock,H Klaasen,Shoriful Islam,1,0,,,,,,,,,
1384414,2023/24,2023-10-24,"Wankhede Stadium, Mumbai",1,44.1,South Africa,Bangladesh,Q de Kock,H Klaasen,Mustafizur Rahman,4,0,,,,,,,,,
1384414,2023/24,2023-10-24,"Wankhede Stadium, Mumbai",1,44.2,South Africa,Bangladesh,Q de Kock,H Klaasen,Mustafizur Rahman,1,0,,,,,,,,,
1384414,2023/24,2023-10-24,"Wankhede Stadium, Mumbai",1,44.3,South Africa,Bangladesh,H Klaasen,Q de Kock,Mustafizur Rahman,2,0,,,,,,,,,
1384414,2023/24,2023-10-24,"Wankhede Stadium, Mumbai",1,44.4,South Africa,Bangladesh,H Klaasen,Q de Kock,Mustafizur Rahman,1,0,,,,,,,,,
1384414,2023/24,2023-10-24,"Wankhede Stadium, Mumbai",1,44.5,South Africa,Bangladesh,Q de Kock,H Klaasen,Mustafizur Rahman,0,0,,,,,,,,,
1384414,2023/24,2023-10-24,"Wankhede Stadium, Mumbai",1,44.6,South Africa,Bangladesh,Q de Kock,H Klaasen,Mustafizur Rahman,1,0,,,,,,,,,
1384414,2023/24,2023-10-24,"Wankhede Stadium, Mumbai",1,45.1,South Africa,Bangladesh,Q de Kock,H Klaasen,Hasan Mahmud,0,0,,,,,,caught,Q de Kock,,
1384414,2023/24,2023-10-24,"Wankhede Stadium, Mumbai",1,45.2,South Africa,Bangladesh,DA Miller,H Klaasen,Hasan Mahmud,0,0,,,,,,,,,
1384414,2023/24,2023-10-24,"Wankhede Stadium, Mumbai",1,45.3,South Africa,Bangladesh,DA Miller,H Klaasen,Hasan Mahmud,0,0,,,,,,,,,
1384414,2023/24,2023-10-24,"Wankhede Stadium, Mumbai",1,45.4,South Africa,Bangladesh,DA Miller,H Klaasen,Hasan Mahmud,1,0,,,,,,,,,
1384414,2023/24,2023-10-24,"Wankhede Stadium, Mumbai",1,45.5,South Africa,Bangladesh,H Klaasen,DA Miller,Hasan Mahmud,6,0,,,,,,,,,
1384414,2023/24,2023-10-24,"Wankhede Stadium, Mumbai",1,45.6,South Africa,Bangladesh,H Klaasen,DA Miller,Hasan Mahmud,1,0,,,,,,,,,
1384414,2023/24,2023-10-24,"Wankhede Stadium, Mumbai",1,46.1,South Africa,Bangladesh,H Klaasen,DA Miller,Mustafizur Rahman,1,0,,,,,,,,,
1384414,2023/24,2023-10-24,"Wankhede Stadium, Mumbai",1,46.2,South Africa,Bangladesh,DA Miller,H Klaasen,Mustafizur Rahman,1,0,,,,,,,,,
1384414,2023/24,2023-10-24,"Wankhede Stadium, Mumbai",1,46.3,South Africa,Bangladesh,H Klaasen,DA Miller,Mustafizur Rahman,6,0,,,,,,,,,
1384414,2023/24,2023-10-24,"Wankhede Stadium, Mumbai",1,46.4,South Africa,Bangladesh,H Klaasen,DA Miller,Mustafizur Rahman,4,0,,,,,,,,,
1384414,2023/24,2023-10-24,"Wankhede Stadium, Mumbai",1,46.5,South Africa,Bangladesh,H Klaasen,DA Miller,Mustafizur Rahman,6,0,,,,,,,,,
1384414,2023/24,2023-10-24,"Wankhede Stadium, Mumbai",1,46.6,South Africa,Bangladesh,H Klaasen,DA Miller,Mustafizur Rahman,2,0,,,,,,,,,
1384414,2023/24,2023-10-24,"Wankhede Stadium, Mumbai",1,47.1,South Africa,Bangladesh,DA Miller,H Klaasen,Hasan Mahmud,2,0,,,,,,,,,
1384414,2023/24,2023-10-24,"Wankhede Stadium, Mumbai",1,47.2,South Africa,Bangladesh,DA Miller,H Klaasen,Hasan Mahmud,6,0,,,,,,,,,
1384414,2023/24,2023-10-24,"Wankhede Stadium, Mumbai",1,47.3,South Africa,Bangladesh,DA Miller,H Klaasen,Hasan Mahmud,1,0,,,,,,,,,
1384414,2023/24,2023-10-24,"Wankhede Stadium, Mumbai",1,47.4,South Africa,Bangladesh,H Klaasen,DA Miller,Hasan Mahmud,2,0,,,,,,,,,
1384414,2023/24,2023-10-24,"Wankhede Stadium, Mumbai",1,47.5,South Africa,Bangladesh,H Klaasen,DA Miller,Hasan Mahmud,1,0,,,,,,,,,
1384414,2023/24,2023-10-24,"Wankhede Stadium, Mumbai",1,47.6,South Africa,Bangladesh,DA Miller,H Klaasen,Hasan Mahmud,0,0,,,,,,,,,
1384414,2023/24,2023-10-24,"Wankhede Stadium, Mumbai",1,48.1,South Africa,Bangladesh,H Klaasen,DA Miller,Shoriful Islam,1,0,,,,,,,,,
1384414,2023/24,2023-10-24,"Wankhede Stadium, Mumbai",1,48.2,South Africa,Bangladesh,DA Miller,H Klaasen,Shoriful Islam,4,0,,,,,,,,,
1384414,2023/24,2023-10-24,"Wankhede Stadium, Mumbai",1,48.3,South Africa,Bangladesh,DA Miller,H Klaasen,Shoriful Islam,6,0,,,,,,,,,
1384414,2023/24,2023-10-24,"Wankhede Stadium, Mumbai",1,48.4,South Africa,Bangladesh,DA Miller,H Klaasen,Shoriful Islam,1,0,,,,,,,,,
1384414,2023/24,2023-10-24,"Wankhede Stadium, Mumbai",1,48.5,South Africa,Bangladesh,H Klaasen,DA Miller,Shoriful Islam,1,0,,,,,,,,,
1384414,2023/24,2023-10-24,"Wankhede Stadium, Mumbai",1,48.6,South Africa,Bangladesh,DA Miller,H Klaasen,Shoriful Islam,6,0,,,,,,,,,
1384414,2023/24,2023-10-24,"Wankhede Stadium, Mumbai",1,49.1,South Africa,Bangladesh,H Klaasen,DA Miller,Hasan Mahmud,6,0,,,,,,,,,
1384414,2023/24,2023-10-24,"Wankhede Stadium, Mumbai",1,49.2,South Africa,Bangladesh,H Klaasen,DA Miller,Hasan Mahmud,0,0,,,,,,caught,H Klaasen,,
1384414,2023/24,2023-10-24,"Wankhede Stadium, Mumbai",1,49.3,South Africa,Bangladesh,M Jansen,DA Miller,Hasan Mahmud,1,0,,,,,,,,,
1384414,2023/24,2023-10-24,"Wankhede Stadium, Mumbai",1,49.4,South Africa,Bangladesh,DA Miller,M Jansen,Hasan Mahmud,0,1,1,,,,,,,,
1384414,2023/24,2023-10-24,"Wankhede Stadium, Mumbai",1,49.5,South Africa,Bangladesh,DA Miller,M Jansen,Hasan Mahmud,0,0,,,,,,,,,
1384414,2023/24,2023-10-24,"Wankhede Stadium, Mumbai",1,49.6,South Africa,Bangladesh,DA Miller,M Jansen,Hasan Mahmud,6,0,,,,,,,,,
1384414,2023/24,2023-10-24,"Wankhede Stadium, Mumbai",1,49.7,South Africa,Bangladesh,DA Miller,M Jansen,Hasan Mahmud,0,0,,,,,,,,,
1384414,2023/24,2023-10-24,"Wankhede Stadium, Mumbai",2,0.1,Bangladesh,South Africa,Tanzid Hasan,Liton Das,M Jansen,0,0,,,,,,,,,
1384414,2023/24,2023-10-24,"Wankhede Stadium, Mumbai",2,0.2,Bangladesh,South Africa,Tanzid Hasan,Liton Das,M Jansen,0,0,,,,,,,,,
1384414,2023/24,2023-10-24,"Wankhede Stadium, Mumbai",2,0.3,Bangladesh,South Africa,Tanzid Hasan,Liton Das,M Jansen,0,0,,,,,,,,,
1384414,2023/24,2023-10-24,"Wankhede Stadium, Mumbai",2,0.4,Bangladesh,South Africa,Tanzid Hasan,Liton Das,M Jansen,0,0,,,,,,,,,
1384414,2023/24,2023-10-24,"Wankhede Stadium, Mumbai",2,0.5,Bangladesh,South Africa,Tanzid Hasan,Liton Das,M Jansen,2,0,,,,,,,,,
1384414,2023/24,2023-10-24,"Wankhede Stadium, Mumbai",2,0.6,Bangladesh,South Africa,Tanzid Hasan,Liton Das,M Jansen,0,0,,,,,,,,,
1384414,2023/24,2023-10-24,"Wankhede Stadium, Mumbai",2,1.1,Bangladesh,South Africa,Liton Das,Tanzid Hasan,LB Williams,0,0,,,,,,,,,
1384414,2023/24,2023-10-24,"Wankhede Stadium, Mumbai",2,1.2,Bangladesh,South Africa,Liton Das,Tanzid Hasan,LB Williams,0,0,,,,,,,,,
1384414,2023/24,2023-10-24,"Wankhede Stadium, Mumbai",2,1.3,Bangladesh,South Africa,Liton Das,Tanzid Hasan,LB Williams,0,1,1,,,,,,,,
1384414,2023/24,2023-10-24,"Wankhede Stadium, Mumbai",2,1.4,Bangladesh,South Africa,Liton Das,Tanzid Hasan,LB Williams,0,0,,,,,,,,,
1384414,2023/24,2023-10-24,"Wankhede Stadium, Mumbai",2,1.5,Bangladesh,South Africa,Liton Das,Tanzid Hasan,LB Williams,4,0,,,,,,,,,
1384414,2023/24,2023-10-24,"Wankhede Stadium, Mumbai",2,1.6,Bangladesh,South Africa,Liton Das,Tanzid Hasan,LB Williams,0,0,,,,,,,,,
1384414,2023/24,2023-10-24,"Wankhede Stadium, Mumbai",2,1.7,Bangladesh,South Africa,Liton Das,Tanzid Hasan,LB Williams,0,0,,,,,,,,,
1384414,2023/24,2023-10-24,"Wankhede Stadium, Mumbai",2,2.1,Bangladesh,South Africa,Tanzid Hasan,Liton Das,M Jansen,5,0,,,,,,,,,
1384414,2023/24,2023-10-24,"Wankhede Stadium, Mumbai",2,2.2,Bangladesh,South Africa,Liton Das,Tanzid Hasan,M Jansen,0,0,,,,,,,,,
1384414,2023/24,2023-10-24,"Wankhede Stadium, Mumbai",2,2.3,Bangladesh,South Africa,Liton Das,Tanzid Hasan,M Jansen,0,0,,,,,,,,,
1384414,2023/24,2023-10-24,"Wankhede Stadium, Mumbai",2,2.4,Bangladesh,South Africa,Liton Das,Tanzid Hasan,M Jansen,0,0,,,,,,,,,
1384414,2023/24,2023-10-24,"Wankhede Stadium, Mumbai",2,2.5,Bangladesh,South Africa,Liton Das,Tanzid Hasan,M Jansen,0,0,,,,,,,,,
1384414,2023/24,2023-10-24,"Wankhede Stadium, Mumbai",2,2.6,Bangladesh,South Africa,Liton Das,Tanzid Hasan,M Jansen,0,0,,,,,,,,,
1384414,2023/24,2023-10-24,"Wankhede Stadium, Mumbai",2,3.1,Bangladesh,South Africa,Tanzid Hasan,Liton Das,LB Williams,0,2,,,,2,,,,,
1384414,2023/24,2023-10-24,"Wankhede Stadium, Mumbai",2,3.2,Bangladesh,South Africa,Tanzid Hasan,Liton Das,LB Williams,0,0,,,,,,,,,
1384414,2023/24,2023-10-24,"Wankhede Stadium, Mumbai",2,3.3,Bangladesh,South Africa,Tanzid Hasan,Liton Das,LB Williams,0,0,,,,,,,,,
1384414,2023/24,2023-10-24,"Wankhede Stadium, Mumbai",2,3.4,Bangladesh,South Africa,Tanzid Hasan,Liton Das,LB Williams,0,0,,,,,,,,,
1384414,2023/24,2023-10-24,"Wankhede Stadium, Mumbai",2,3.5,Bangladesh,South Africa,Tanzid Hasan,Liton Das,LB Williams,0,0,,,,,,,,,
1384414,2023/24,2023-10-24,"Wankhede Stadium, Mumbai",2,3.6,Bangladesh,South Africa,Tanzid Hasan,Liton Das,LB Williams,0,0,,,,,,,,,
1384414,2023/24,2023-10-24,"Wankhede Stadium, Mumbai",2,4.1,Bangladesh,South Africa,Liton Das,Tanzid Hasan,M Jansen,0,0,,,,,,,,,
1384414,2023/24,2023-10-24,"Wankhede Stadium, Mumbai",2,4.2,Bangladesh,South Africa,Liton Das,Tanzid Hasan,M Jansen,0,0,,,,,,,,,
1384414,2023/24,2023-10-24,"Wankhede Stadium, Mumbai",2,4.3,Bangladesh,South Africa,Liton Das,Tanzid Hasan,M Jansen,4,0,,,,,,,,,
1384414,2023/24,2023-10-24,"Wankhede Stadium, Mumbai",2,4.4,Bangladesh,South Africa,Liton Das,Tanzid Hasan,M Jansen,0,1,1,,,,,,,,
1384414,2023/24,2023-10-24,"Wankhede Stadium, Mumbai",2,4.5,Bangladesh,South Africa,Liton Das,Tanzid Hasan,M Jansen,0,0,,,,,,,,,
1384414,2023/24,2023-10-24,"Wankhede Stadium, Mumbai",2,4.6,Bangladesh,South Africa,Liton Das,Tanzid Hasan,M Jansen,0,0,,,,,,,,,
1384414,2023/24,2023-10-24,"Wankhede Stadium, Mumbai",2,4.7,Bangladesh,South Africa,Liton Das,Tanzid Hasan,M Jansen,0,0,,,,,,,,,
1384414,2023/24,2023-10-24,"Wankhede Stadium, Mumbai",2,5.1,Bangladesh,South Africa,Tanzid Hasan,Liton Das,LB Williams,0,0,,,,,,,,,
1384414,2023/24,2023-10-24,"Wankhede Stadium, Mumbai",2,5.2,Bangladesh,South Africa,Tanzid Hasan,Liton Das,LB Williams,0,1,1,,,,,,,,
1384414,2023/24,2023-10-24,"Wankhede Stadium, Mumbai",2,5.3,Bangladesh,South Africa,Tanzid Hasan,Liton Das,LB Williams,4,0,,,,,,,,,
1384414,2023/24,2023-10-24,"Wankhede Stadium, Mumbai",2,5.4,Bangladesh,South Africa,Tanzid Hasan,Liton Das,LB Williams,0,1,1,,,,,,,,
1384414,2023/24,2023-10-24,"Wankhede Stadium, Mumbai",2,5.5,Bangladesh,South Africa,Tanzid Hasan,Liton Das,LB Williams,1,0,,,,,,,,,
1384414,2023/24,2023-10-24,"Wankhede Stadium, Mumbai",2,5.6,Bangladesh,South Africa,Liton Das,Tanzid Hasan,LB Williams,0,0,,,,,,,,,
1384414,2023/24,2023-10-24,"Wankhede Stadium, Mumbai",2,5.7,Bangladesh,South Africa,Liton Das,Tanzid Hasan,LB Williams,0,0,,,,,,,,,
1384414,2023/24,2023-10-24,"Wankhede Stadium, Mumbai",2,5.8,Bangladesh,South Africa,Liton Das,Tanzid Hasan,LB Williams,4,0,,,,,,,,,
1384414,2023/24,2023-10-24,"Wankhede Stadium, Mumbai",2,6.1,Bangladesh,South Africa,Tanzid Hasan,Liton Das,M Jansen,0,0,,,,,,caught,Tanzid Hasan,,
1384414,2023/24,2023-10-24,"Wankhede Stadium, Mumbai",2,6.2,Bangladesh,South Africa,Nazmul Hossain Shanto,Liton Das,M Jansen,0,0,,,,,,caught,Nazmul Hossain Shanto,,
1384414,2023/24,2023-10-24,"Wankhede Stadium, Mumbai",2,6.3,Bangladesh,South Africa,Shakib Al Hasan,Liton Das,M Jansen,0,0,,,,,,,,,
1384414,2023/24,2023-10-24,"Wankhede Stadium, Mumbai",2,6.4,Bangladesh,South Africa,Shakib Al Hasan,Liton Das,M Jansen,1,0,,,,,,,,,
1384414,2023/24,2023-10-24,"Wankhede Stadium, Mumbai",2,6.5,Bangladesh,South Africa,Liton Das,Shakib Al Hasan,M Jansen,0,0,,,,,,,,,
1384414,2023/24,2023-10-24,"Wankhede Stadium, Mumbai",2,6.6,Bangladesh,South Africa,Liton Das,Shakib Al Hasan,M Jansen,0,0,,,,,,,,,
1384414,2023/24,2023-10-24,"Wankhede Stadium, Mumbai",2,7.1,Bangladesh,South Africa,Shakib Al Hasan,Liton Das,LB Williams,0,0,,,,,,,,,
1384414,2023/24,2023-10-24,"Wankhede Stadium, Mumbai",2,7.2,Bangladesh,South Africa,Shakib Al Hasan,Liton Das,LB Williams,0,0,,,,,,caught,Shakib Al Hasan,,
1384414,2023/24,2023-10-24,"Wankhede Stadium, Mumbai",2,7.3,Bangladesh,South Africa,Mushfiqur Rahim,Liton Das,LB Williams,1,0,,,,,,,,,
1384414,2023/24,2023-10-24,"Wankhede Stadium, Mumbai",2,7.4,Bangladesh,South Africa,Liton Das,Mushfiqur Rahim,LB Williams,0,0,,,,,,,,,
1384414,2023/24,2023-10-24,"Wankhede Stadium, Mumbai",2,7.5,Bangladesh,South Africa,Liton Das,Mushfiqur Rahim,LB Williams,0,0,,,,,,,,,
1384414,2023/24,2023-10-24,"Wankhede Stadium, Mumbai",2,7.6,Bangladesh,South Africa,Liton Das,Mushfiqur Rahim,LB Williams,0,0,,,,,,,,,
1384414,2023/24,2023-10-24,"Wankhede Stadium, Mumbai",2,8.1,Bangladesh,South Africa,Mushfiqur Rahim,Liton Das,M Jansen,0,1,1,,,,,,,,
1384414,2023/24,2023-10-24,"Wankhede Stadium, Mumbai",2,8.2,Bangladesh,South Africa,Mushfiqur Rahim,Liton Das,M Jansen,0,0,,,,,,,,,
1384414,2023/24,2023-10-24,"Wankhede Stadium, Mumbai",2,8.3,Bangladesh,South Africa,Mushfiqur Rahim,Liton Das,M Jansen,0,0,,,,,,,,,
1384414,2023/24,2023-10-24,"Wankhede Stadium, Mumbai",2,8.4,Bangladesh,South Africa,Mushfiqur Rahim,Liton Das,M Jansen,0,0,,,,,,,,,
1384414,2023/24,2023-10-24,"Wankhede Stadium, Mumbai",2,8.5,Bangladesh,South Africa,Mushfiqur Rahim,Liton Das,M Jansen,0,0,,,,,,,,,
1384414,2023/24,2023-10-24,"Wankhede Stadium, Mumbai",2,8.6,Bangladesh,South Africa,Mushfiqur Rahim,Liton Das,M Jansen,0,0,,,,,,,,,
1384414,2023/24,2023-10-24,"Wankhede Stadium, Mumbai",2,8.7,Bangladesh,South Africa,Mushfiqur Rahim,Liton Das,M Jansen,1,0,,,,,,,,,
1384414,2023/24,2023-10-24,"Wankhede Stadium, Mumbai",2,9.1,Bangladesh,South Africa,Mushfiqur Rahim,Liton Das,G Coetzee,0,0,,,,,,,,,
1384414,2023/24,2023-10-24,"Wankhede Stadium, Mumbai",2,9.2,Bangladesh,South Africa,Mushfiqur Rahim,Liton Das,G Coetzee,0,0,,,,,,,,,
1384414,2023/24,2023-10-24,"Wankhede Stadium, Mumbai",2,9.3,Bangladesh,South Africa,Mushfiqur Rahim,Liton Das,G Coetzee,0,0,,,,,,,,,
1384414,2023/24,2023-10-24,"Wankhede Stadium, Mumbai",2,9.4,Bangladesh,South Africa,Mushfiqur Rahim,Liton Das,G Coetzee,0,0,,,,,,,,,
1384414,2023/24,2023-10-24,"Wankhede Stadium, Mumbai",2,9.5,Bangladesh,South Africa,Mushfiqur Rahim,Liton Das,G Coetzee,1,0,,,,,,,,,
1384414,2023/24,2023-10-24,"Wankhede Stadium, Mumbai",2,9.6,Bangladesh,South Africa,Liton Das,Mushfiqur Rahim,G Coetzee,0,0,,,,,,,,,
1384414,2023/24,2023-10-24,"Wankhede Stadium, Mumbai",2,10.1,Bangladesh,South Africa,Mushfiqur Rahim,Liton Das,K Rabada,1,0,,,,,,,,,
1384414,2023/24,2023-10-24,"Wankhede Stadium, Mumbai",2,10.2,Bangladesh,South Africa,Liton Das,Mushfiqur Rahim,K Rabada,0,0,,,,,,,,,
1384414,2023/24,2023-10-24,"Wankhede Stadium, Mumbai",2,10.3,Bangladesh,South Africa,Liton Das,Mushfiqur Rahim,K Rabada,0,0,,,,,,,,,
1384414,2023/24,2023-10-24,"Wankhede Stadium, Mumbai",2,10.4,Bangladesh,South Africa,Liton Das,Mushfiqur Rahim,K Rabada,1,0,,,,,,,,,
1384414,2023/24,2023-10-24,"Wankhede Stadium, Mumbai",2,10.5,Bangladesh,South Africa,Mushfiqur Rahim,Liton Das,K Rabada,4,0,,,,,,,,,
1384414,2023/24,2023-10-24,"Wankhede Stadium, Mumbai",2,10.6,Bangladesh,South Africa,Mushfiqur Rahim,Liton Das,K Rabada,0,0,,,,,,,,,
1384414,2023/24,2023-10-24,"Wankhede Stadium, Mumbai",2,11.1,Bangladesh,South Africa,Liton Das,Mushfiqur Rahim,G Coetzee,0,0,,,,,,,,,
1384414,2023/24,2023-10-24,"Wankhede Stadium, Mumbai",2,11.2,Bangladesh,South Africa,Liton Das,Mushfiqur Rahim,G Coetzee,0,0,,,,,,,,,
1384414,2023/24,2023-10-24,"Wankhede Stadium, Mumbai",2,11.3,Bangladesh,South Africa,Liton Das,Mushfiqur Rahim,G Coetzee,1,0,,,,,,,,,
1384414,2023/24,2023-10-24,"Wankhede Stadium, Mumbai",2,11.4,Bangladesh,South Africa,Mushfiqur Rahim,Liton Das,G Coetzee,0,0,,,,,,,,,
1384414,2023/24,2023-10-24,"Wankhede Stadium, Mumbai",2,11.5,Bangladesh,South Africa,Mushfiqur Rahim,Liton Das,G Coetzee,0,0,,,,,,caught,Mushfiqur Rahim,,
1384414,2023/24,2023-10-24,"Wankhede Stadium, Mumbai",2,11.6,Bangladesh,South Africa,Mahmudullah,Liton Das,G Coetzee,4,0,,,,,,,,,
1384414,2023/24,2023-10-24,"Wankhede Stadium, Mumbai",2,12.1,Bangladesh,South Africa,Liton Das,Mahmudullah,K Rabada,0,0,,,,,,,,,
1384414,2023/24,2023-10-24,"Wankhede Stadium, Mumbai",2,12.2,Bangladesh,South Africa,Liton Das,Mahmudullah,K Rabada,0,0,,,,,,,,,
1384414,2023/24,2023-10-24,"Wankhede Stadium, Mumbai",2,12.3,Bangladesh,South Africa,Liton Das,Mahmudullah,K Rabada,0,0,,,,,,,,,
1384414,2023/24,2023-10-24,"Wankhede Stadium, Mumbai",2,12.4,Bangladesh,South Africa,Liton Das,Mahmudullah,K Rabada,1,0,,,,,,,,,
1384414,2023/24,2023-10-24,"Wankhede Stadium, Mumbai",2,12.5,Bangladesh,South Africa,Mahmudullah,Liton Das,K Rabada,0,0,,,,,,,,,
1384414,2023/24,2023-10-24,"Wankhede Stadium, Mumbai",2,12.6,Bangladesh,South Africa,Mahmudullah,Liton Das,K Rabada,1,0,,,,,,,,,
1384414,2023/24,2023-10-24,"Wankhede Stadium, Mumbai",2,13.1,Bangladesh,South Africa,Mahmudullah,Liton Das,G Coetzee,0,0,,,,,,,,,
1384414,2023/24,2023-10-24,"Wankhede Stadium, Mumbai",2,13.2,Bangladesh,South Africa,Mahmudullah,Liton Das,G Coetzee,1,0,,,,,,,,,
1384414,2023/24,2023-10-24,"Wankhede Stadium, Mumbai",2,13.3,Bangladesh,South Africa,Liton Das,Mahmudullah,G Coetzee,0,0,,,,,,,,,
1384414,2023/24,2023-10-24,"Wankhede Stadium, Mumbai",2,13.4,Bangladesh,South Africa,Liton Das,Mahmudullah,G Coetzee,6,0,,,,,,,,,
1384414,2023/24,2023-10-24,"Wankhede Stadium, Mumbai",2,13.5,Bangladesh,South Africa,Liton Das,Mahmudullah,G Coetzee,0,0,,,,,,,,,
1384414,2023/24,2023-10-24,"Wankhede Stadium, Mumbai",2,13.6,Bangladesh,South Africa,Liton Das,Mahmudullah,G Coetzee,0,0,,,,,,,,,
1384414,2023/24,2023-10-24,"Wankhede Stadium, Mumbai",2,14.1,Bangladesh,South Africa,Mahmudullah,Liton Das,K Rabada,1,0,,,,,,,,,
1384414,2023/24,2023-10-24,"Wankhede Stadium, Mumbai",2,14.2,Bangladesh,South Africa,Liton Das,Mahmudullah,K Rabada,0,0,,,,,,,,,
1384414,2023/24,2023-10-24,"Wankhede Stadium, Mumbai",2,14.3,Bangladesh,South Africa,Liton Das,Mahmudullah,K Rabada,0,0,,,,,,,,,
1384414,2023/24,2023-10-24,"Wankhede Stadium, Mumbai",2,14.4,Bangladesh,South Africa,Liton Das,Mahmudullah,K Rabada,1,0,,,,,,,,,
1384414,2023/24,2023-10-24,"Wankhede Stadium, Mumbai",2,14.5,Bangladesh,South Africa,Mahmudullah,Liton Das,K Rabada,1,0,,,,,,,,,
1384414,2023/24,2023-10-24,"Wankhede Stadium, Mumbai",2,14.6,Bangladesh,South Africa,Liton Das,Mahmudullah,K Rabada,0,0,,,,,,lbw,Liton Das,,
1384414,2023/24,2023-10-24,"Wankhede Stadium, Mumbai",2,15.1,Bangladesh,South Africa,Mahmudullah,Mehedi Hasan Miraz,KA Maharaj,1,0,,,,,,,,,
1384414,2023/24,2023-10-24,"Wankhede Stadium, Mumbai",2,15.2,Bangladesh,South Africa,Mehedi Hasan Miraz,Mahmudullah,KA Maharaj,1,0,,,,,,,,,
1384414,2023/24,2023-10-24,"Wankhede Stadium, Mumbai",2,15.3,Bangladesh,South Africa,Mahmudullah,Mehedi Hasan Miraz,KA Maharaj,2,0,,,,,,,,,
1384414,2023/24,2023-10-24,"Wankhede Stadium, Mumbai",2,15.4,Bangladesh,South Africa,Mahmudullah,Mehedi Hasan Miraz,KA Maharaj,1,0,,,,,,,,,
1384414,2023/24,2023-10-24,"Wankhede Stadium, Mumbai",2,15.5,Bangladesh,South Africa,Mehedi Hasan Miraz,Mahmudullah,KA Maharaj,0,0,,,,,,,,,
1384414,2023/24,2023-10-24,"Wankhede Stadium, Mumbai",2,15.6,Bangladesh,South Africa,Mehedi Hasan Miraz,Mahmudullah,KA Maharaj,0,0,,,,,,,,,
1384414,2023/24,2023-10-24,"Wankhede Stadium, Mumbai",2,16.1,Bangladesh,South Africa,Mahmudullah,Mehedi Hasan Miraz,K Rabada,0,0,,,,,,,,,
1384414,2023/24,2023-10-24,"Wankhede Stadium, Mumbai",2,16.2,Bangladesh,South Africa,Mahmudullah,Mehedi Hasan Miraz,K Rabada,0,0,,,,,,,,,
1384414,2023/24,2023-10-24,"Wankhede Stadium, Mumbai",2,16.3,Bangladesh,South Africa,Mahmudullah,Mehedi Hasan Miraz,K Rabada,0,0,,,,,,,,,
1384414,2023/24,2023-10-24,"Wankhede Stadium, Mumbai",2,16.4,Bangladesh,South Africa,Mahmudullah,Mehedi Hasan Miraz,K Rabada,0,0,,,,,,,,,
1384414,2023/24,2023-10-24,"Wankhede Stadium, Mumbai",2,16.5,Bangladesh,South Africa,Mahmudullah,Mehedi Hasan Miraz,K Rabada,0,0,,,,,,,,,
1384414,2023/24,2023-10-24,"Wankhede Stadium, Mumbai",2,16.6,Bangladesh,South Africa,Mahmudullah,Mehedi Hasan Miraz,K Rabada,0,0,,,,,,,,,
1384414,2023/24,2023-10-24,"Wankhede Stadium, Mumbai",2,17.1,Bangladesh,South Africa,Mehedi Hasan Miraz,Mahmudullah,KA Maharaj,0,0,,,,,,,,,
1384414,2023/24,2023-10-24,"Wankhede Stadium, Mumbai",2,17.2,Bangladesh,South Africa,Mehedi Hasan Miraz,Mahmudullah,KA Maharaj,1,0,,,,,,,,,
1384414,2023/24,2023-10-24,"Wankhede Stadium, Mumbai",2,17.3,Bangladesh,South Africa,Mahmudullah,Mehedi Hasan Miraz,KA Maharaj,0,0,,,,,,,,,
1384414,2023/24,2023-10-24,"Wankhede Stadium, Mumbai",2,17.4,Bangladesh,South Africa,Mahmudullah,Mehedi Hasan Miraz,KA Maharaj,0,0,,,,,,,,,
1384414,2023/24,2023-10-24,"Wankhede Stadium, Mumbai",2,17.5,Bangladesh,South Africa,Mahmudullah,Mehedi Hasan Miraz,KA Maharaj,0,0,,,,,,,,,
1384414,2023/24,2023-10-24,"Wankhede Stadium, Mumbai",2,17.6,Bangladesh,South Africa,Mahmudullah,Mehedi Hasan Miraz,KA Maharaj,0,0,,,,,,,,,
1384414,2023/24,2023-10-24,"Wankhede Stadium, Mumbai",2,18.1,Bangladesh,South Africa,Mehedi Hasan Miraz,Mahmudullah,K Rabada,1,0,,,,,,,,,
1384414,2023/24,2023-10-24,"Wankhede Stadium, Mumbai",2,18.2,Bangladesh,South Africa,Mahmudullah,Mehedi Hasan Miraz,K Rabada,0,0,,,,,,,,,
1384414,2023/24,2023-10-24,"Wankhede Stadium, Mumbai",2,18.3,Bangladesh,South Africa,Mahmudullah,Mehedi Hasan Miraz,K Rabada,1,0,,,,,,,,,
1384414,2023/24,2023-10-24,"Wankhede Stadium, Mumbai",2,18.4,Bangladesh,South Africa,Mehedi Hasan Miraz,Mahmudullah,K Rabada,1,0,,,,,,,,,
1384414,2023/24,2023-10-24,"Wankhede Stadium, Mumbai",2,18.5,Bangladesh,South Africa,Mahmudullah,Mehedi Hasan Miraz,K Rabada,1,0,,,,,,,,,
1384414,2023/24,2023-10-24,"Wankhede Stadium, Mumbai",2,18.6,Bangladesh,South Africa,Mehedi Hasan Miraz,Mahmudullah,K Rabada,1,0,,,,,,,,,
1384414,2023/24,2023-10-24,"Wankhede Stadium, Mumbai",2,19.1,Bangladesh,South Africa,Mehedi Hasan Miraz,Mahmudullah,KA Maharaj,0,0,,,,,,,,,
1384414,2023/24,2023-10-24,"Wankhede Stadium, Mumbai",2,19.2,Bangladesh,South Africa,Mehedi Hasan Miraz,Mahmudullah,KA Maharaj,0,0,,,,,,,,,
1384414,2023/24,2023-10-24,"Wankhede Stadium, Mumbai",2,19.3,Bangladesh,South Africa,Mehedi Hasan Miraz,Mahmudullah,KA Maharaj,0,0,,,,,,,,,
1384414,2023/24,2023-10-24,"Wankhede Stadium, Mumbai",2,19.4,Bangladesh,South Africa,Mehedi Hasan Miraz,Mahmudullah,KA Maharaj,0,1,1,,,,,,,,
1384414,2023/24,2023-10-24,"Wankhede Stadium, Mumbai",2,19.5,Bangladesh,South Africa,Mehedi Hasan Miraz,Mahmudullah,KA Maharaj,1,0,,,,,,,,,
1384414,2023/24,2023-10-24,"Wankhede Stadium, Mumbai",2,19.6,Bangladesh,South Africa,Mahmudullah,Mehedi Hasan Miraz,KA Maharaj,1,0,,,,,,,,,
1384414,2023/24,2023-10-24,"Wankhede Stadium, Mumbai",2,19.7,Bangladesh,South Africa,Mehedi Hasan Miraz,Mahmudullah,KA Maharaj,0,0,,,,,,,,,
1384414,2023/24,2023-10-24,"Wankhede Stadium, Mumbai",2,20.1,Bangladesh,South Africa,Mahmudullah,Mehedi Hasan Miraz,LB Williams,1,0,,,,,,,,,
1384414,2023/24,2023-10-24,"Wankhede Stadium, Mumbai",2,20.2,Bangladesh,South Africa,Mehedi Hasan Miraz,Mahmudullah,LB Williams,0,0,,,,,,,,,
1384414,2023/24,2023-10-24,"Wankhede Stadium, Mumbai",2,20.3,Bangladesh,South Africa,Mehedi Hasan Miraz,Mahmudullah,LB Williams,4,0,,,,,,,,,
1384414,2023/24,2023-10-24,"Wankhede Stadium, Mumbai",2,20.4,Bangladesh,South Africa,Mehedi Hasan Miraz,Mahmudullah,LB Williams,1,0,,,,,,,,,
1384414,2023/24,2023-10-24,"Wankhede Stadium, Mumbai",2,20.5,Bangladesh,South Africa,Mahmudullah,Mehedi Hasan Miraz,LB Williams,0,2,2,,,,,,,,
1384414,2023/24,2023-10-24,"Wankhede Stadium, Mumbai",2,20.6,Bangladesh,South Africa,Mehedi Hasan Miraz,Mahmudullah,LB Williams,0,0,,,,,,,,,
1384414,2023/24,2023-10-24,"Wankhede Stadium, Mumbai",2,20.7,Bangladesh,South Africa,Mehedi Hasan Miraz,Mahmudullah,LB Williams,0,0,,,,,,,,,
1384414,2023/24,2023-10-24,"Wankhede Stadium, Mumbai",2,21.1,Bangladesh,South Africa,Mahmudullah,Mehedi Hasan Miraz,KA Maharaj,0,0,,,,,,,,,
1384414,2023/24,2023-10-24,"Wankhede Stadium, Mumbai",2,21.2,Bangladesh,South Africa,Mahmudullah,Mehedi Hasan Miraz,KA Maharaj,0,0,,,,,,,,,
1384414,2023/24,2023-10-24,"Wankhede Stadium, Mumbai",2,21.3,Bangladesh,South Africa,Mahmudullah,Mehedi Hasan Miraz,KA Maharaj,0,0,,,,,,,,,
1384414,2023/24,2023-10-24,"Wankhede Stadium, Mumbai",2,21.4,Bangladesh,South Africa,Mahmudullah,Mehedi Hasan Miraz,KA Maharaj,0,0,,,,,,,,,
1384414,2023/24,2023-10-24,"Wankhede Stadium, Mumbai",2,21.5,Bangladesh,South Africa,Mahmudullah,Mehedi Hasan Miraz,KA Maharaj,1,0,,,,,,,,,
1384414,2023/24,2023-10-24,"Wankhede Stadium, Mumbai",2,21.6,Bangladesh,South Africa,Mehedi Hasan Miraz,Mahmudullah,KA Maharaj,0,0,,,,,,caught,Mehedi Hasan Miraz,,
1384414,2023/24,2023-10-24,"Wankhede Stadium, Mumbai",2,22.1,Bangladesh,South Africa,Mahmudullah,Nasum Ahmed,LB Williams,1,0,,,,,,,,,
1384414,2023/24,2023-10-24,"Wankhede Stadium, Mumbai",2,22.2,Bangladesh,South Africa,Nasum Ahmed,Mahmudullah,LB Williams,1,0,,,,,,,,,
1384414,2023/24,2023-10-24,"Wankhede Stadium, Mumbai",2,22.3,Bangladesh,South Africa,Mahmudullah,Nasum Ahmed,LB Williams,0,0,,,,,,,,,
1384414,2023/24,2023-10-24,"Wankhede Stadium, Mumbai",2,22.4,Bangladesh,South Africa,Mahmudullah,Nasum Ahmed,LB Williams,4,0,,,,,,,,,
1384414,2023/24,2023-10-24,"Wankhede Stadium, Mumbai",2,22.5,Bangladesh,South Africa,Mahmudullah,Nasum Ahmed,LB Williams,1,0,,,,,,,,,
1384414,2023/24,2023-10-24,"Wankhede Stadium, Mumbai",2,22.6,Bangladesh,South Africa,Nasum Ahmed,Mahmudullah,LB Williams,0,0,,,,,,,,,
1384414,2023/24,2023-10-24,"Wankhede Stadium, Mumbai",2,23.1,Bangladesh,South Africa,Mahmudullah,Nasum Ahmed,KA Maharaj,0,0,,,,,,,,,
1384414,2023/24,2023-10-24,"Wankhede Stadium, Mumbai",2,23.2,Bangladesh,South Africa,Mahmudullah,Nasum Ahmed,KA Maharaj,0,0,,,,,,,,,
1384414,2023/24,2023-10-24,"Wankhede Stadium, Mumbai",2,23.3,Bangladesh,South Africa,Mahmudullah,Nasum Ahmed,KA Maharaj,0,0,,,,,,,,,
1384414,2023/24,2023-10-24,"Wankhede Stadium, Mumbai",2,23.4,Bangladesh,South Africa,Mahmudullah,Nasum Ahmed,KA Maharaj,1,0,,,,,,,,,
1384414,2023/24,2023-10-24,"Wankhede Stadium, Mumbai",2,23.5,Bangladesh,South Africa,Nasum Ahmed,Mahmudullah,KA Maharaj,0,0,,,,,,,,,
1384414,2023/24,2023-10-24,"Wankhede Stadium, Mumbai",2,23.6,Bangladesh,South Africa,Nasum Ahmed,Mahmudullah,KA Maharaj,0,0,,,,,,,,,
1384414,2023/24,2023-10-24,"Wankhede Stadium, Mumbai",2,24.1,Bangladesh,South Africa,Mahmudullah,Nasum Ahmed,G Coetzee,0,0,,,,,,,,,
1384414,2023/24,2023-10-24,"Wankhede Stadium, Mumbai",2,24.2,Bangladesh,South Africa,Mahmudullah,Nasum Ahmed,G Coetzee,0,0,,,,,,,,,
1384414,2023/24,2023-10-24,"Wankhede Stadium, Mumbai",2,24.3,Bangladesh,South Africa,Mahmudullah,Nasum Ahmed,G Coetzee,4,0,,,,,,,,,
1384414,2023/24,2023-10-24,"Wankhede Stadium, Mumbai",2,24.4,Bangladesh,South Africa,Mahmudullah,Nasum Ahmed,G Coetzee,0,0,,,,,,,,,
1384414,2023/24,2023-10-24,"Wankhede Stadium, Mumbai",2,24.5,Bangladesh,South Africa,Mahmudullah,Nasum Ahmed,G Coetzee,0,0,,,,,,,,,
1384414,2023/24,2023-10-24,"Wankhede Stadium, Mumbai",2,24.6,Bangladesh,South Africa,Mahmudullah,Nasum Ahmed,G Coetzee,0,0,,,,,,,,,
1384414,2023/24,2023-10-24,"Wankhede Stadium, Mumbai",2,25.1,Bangladesh,South Africa,Nasum Ahmed,Mahmudullah,KA Maharaj,0,0,,,,,,,,,
1384414,2023/24,2023-10-24,"Wankhede Stadium, Mumbai",2,25.2,Bangladesh,South Africa,Nasum Ahmed,Mahmudullah,KA Maharaj,0,0,,,,,,,,,
1384414,2023/24,2023-10-24,"Wankhede Stadium, Mumbai",2,25.3,Bangladesh,South Africa,Nasum Ahmed,Mahmudullah,KA Maharaj,0,0,,,,,,,,,
1384414,2023/24,2023-10-24,"Wankhede Stadium, Mumbai",2,25.4,Bangladesh,South Africa,Nasum Ahmed,Mahmudullah,KA Maharaj,1,0,,,,,,,,,
1384414,2023/24,2023-10-24,"Wankhede Stadium, Mumbai",2,25.5,Bangladesh,South Africa,Mahmudullah,Nasum Ahmed,KA Maharaj,1,0,,,,,,,,,
1384414,2023/24,2023-10-24,"Wankhede Stadium, Mumbai",2,25.6,Bangladesh,South Africa,Nasum Ahmed,Mahmudullah,KA Maharaj,1,0,,,,,,,,,
1384414,2023/24,2023-10-24,"Wankhede Stadium, Mumbai",2,26.1,Bangladesh,South Africa,Nasum Ahmed,Mahmudullah,G Coetzee,1,0,,,,,,,,,
1384414,2023/24,2023-10-24,"Wankhede Stadium, Mumbai",2,26.2,Bangladesh,South Africa,Mahmudullah,Nasum Ahmed,G Coetzee,0,0,,,,,,,,,
1384414,2023/24,2023-10-24,"Wankhede Stadium, Mumbai",2,26.3,Bangladesh,South Africa,Mahmudullah,Nasum Ahmed,G Coetzee,4,0,,,,,,,,,
1384414,2023/24,2023-10-24,"Wankhede Stadium, Mumbai",2,26.4,Bangladesh,South Africa,Mahmudullah,Nasum Ahmed,G Coetzee,1,0,,,,,,,,,
1384414,2023/24,2023-10-24,"Wankhede Stadium, Mumbai",2,26.5,Bangladesh,South Africa,Nasum Ahmed,Mahmudullah,G Coetzee,0,0,,,,,,,,,
1384414,2023/24,2023-10-24,"Wankhede Stadium, Mumbai",2,26.6,Bangladesh,South Africa,Nasum Ahmed,Mahmudullah,G Coetzee,1,0,,,,,,,,,
1384414,2023/24,2023-10-24,"Wankhede Stadium, Mumbai",2,27.1,Bangladesh,South Africa,Nasum Ahmed,Mahmudullah,KA Maharaj,0,0,,,,,,,,,
1384414,2023/24,2023-10-24,"Wankhede Stadium, Mumbai",2,27.2,Bangladesh,South Africa,Nasum Ahmed,Mahmudullah,KA Maharaj,4,0,,,,,,,,,
1384414,2023/24,2023-10-24,"Wankhede Stadium, Mumbai",2,27.3,Bangladesh,South Africa,Nasum Ahmed,Mahmudullah,KA Maharaj,1,0,,,,,,,,,
1384414,2023/24,2023-10-24,"Wankhede Stadium, Mumbai",2,27.4,Bangladesh,South Africa,Mahmudullah,Nasum Ahmed,KA Maharaj,4,0,,,,,,,,,
1384414,2023/24,2023-10-24,"Wankhede Stadium, Mumbai",2,27.5,Bangladesh,South Africa,Mahmudullah,Nasum Ahmed,KA Maharaj,1,0,,,,,,,,,
1384414,2023/24,2023-10-24,"Wankhede Stadium, Mumbai",2,27.6,Bangladesh,South Africa,Nasum Ahmed,Mahmudullah,KA Maharaj,1,0,,,,,,,,,
1384414,2023/24,2023-10-24,"Wankhede Stadium, Mumbai",2,28.1,Bangladesh,South Africa,Nasum Ahmed,Mahmudullah,G Coetzee,4,0,,,,,,,,,
1384414,2023/24,2023-10-24,"Wankhede Stadium, Mumbai",2,28.2,Bangladesh,South Africa,Nasum Ahmed,Mahmudullah,G Coetzee,4,0,,,,,,,,,
1384414,2023/24,2023-10-24,"Wankhede Stadium, Mumbai",2,28.3,Bangladesh,South Africa,Nasum Ahmed,Mahmudullah,G Coetzee,0,0,,,,,,caught and bowled,Nasum Ahmed,,
1384414,2023/24,2023-10-24,"Wankhede Stadium, Mumbai",2,28.4,Bangladesh,South Africa,Hasan Mahmud,Mahmudullah,G Coetzee,0,0,,,,,,,,,
1384414,2023/24,2023-10-24,"Wankhede Stadium, Mumbai",2,28.5,Bangladesh,South Africa,Hasan Mahmud,Mahmudullah,G Coetzee,0,0,,,,,,,,,
1384414,2023/24,2023-10-24,"Wankhede Stadium, Mumbai",2,28.6,Bangladesh,South Africa,Hasan Mahmud,Mahmudullah,G Coetzee,1,0,,,,,,,,,
1384414,2023/24,2023-10-24,"Wankhede Stadium, Mumbai",2,29.1,Bangladesh,South Africa,Hasan Mahmud,Mahmudullah,KA Maharaj,0,0,,,,,,,,,
1384414,2023/24,2023-10-24,"Wankhede Stadium, Mumbai",2,29.2,Bangladesh,South Africa,Hasan Mahmud,Mahmudullah,KA Maharaj,0,0,,,,,,,,,
1384414,2023/24,2023-10-24,"Wankhede Stadium, Mumbai",2,29.3,Bangladesh,South Africa,Hasan Mahmud,Mahmudullah,KA Maharaj,0,0,,,,,,,,,
1384414,2023/24,2023-10-24,"Wankhede Stadium, Mumbai",2,29.4,Bangladesh,South Africa,Hasan Mahmud,Mahmudullah,KA Maharaj,1,0,,,,,,,,,
1384414,2023/24,2023-10-24,"Wankhede Stadium, Mumbai",2,29.5,Bangladesh,South Africa,Mahmudullah,Hasan Mahmud,KA Maharaj,1,0,,,,,,,,,
1384414,2023/24,2023-10-24,"Wankhede Stadium, Mumbai",2,29.6,Bangladesh,South Africa,Hasan Mahmud,Mahmudullah,KA Maharaj,0,0,,,,,,,,,
1384414,2023/24,2023-10-24,"Wankhede Stadium, Mumbai",2,30.1,Bangladesh,South Africa,Mahmudullah,Hasan Mahmud,G Coetzee,4,0,,,,,,,,,
1384414,2023/24,2023-10-24,"Wankhede Stadium, Mumbai",2,30.2,Bangladesh,South Africa,Mahmudullah,Hasan Mahmud,G Coetzee,0,0,,,,,,,,,
1384414,2023/24,2023-10-24,"Wankhede Stadium, Mumbai",2,30.3,Bangladesh,South Africa,Mahmudullah,Hasan Mahmud,G Coetzee,0,0,,,,,,,,,
1384414,2023/24,2023-10-24,"Wankhede Stadium, Mumbai",2,30.4,Bangladesh,South Africa,Mahmudullah,Hasan Mahmud,G Coetzee,0,0,,,,,,,,,
1384414,2023/24,2023-10-24,"Wankhede Stadium, Mumbai",2,30.5,Bangladesh,South Africa,Mahmudullah,Hasan Mahmud,G Coetzee,1,0,,,,,,,,,
1384414,2023/24,2023-10-24,"Wankhede Stadium, Mumbai",2,30.6,Bangladesh,South Africa,Hasan Mahmud,Mahmudullah,G Coetzee,1,0,,,,,,,,,
1384414,2023/24,2023-10-24,"Wankhede Stadium, Mumbai",2,31.1,Bangladesh,South Africa,Hasan Mahmud,Mahmudullah,KA Maharaj,0,0,,,,,,,,,
1384414,2023/24,2023-10-24,"Wankhede Stadium, Mumbai",2,31.2,Bangladesh,South Africa,Hasan Mahmud,Mahmudullah,KA Maharaj,1,0,,,,,,,,,
1384414,2023/24,2023-10-24,"Wankhede Stadium, Mumbai",2,31.3,Bangladesh,South Africa,Mahmudullah,Hasan Mahmud,KA Maharaj,0,0,,,,,,,,,
1384414,2023/24,2023-10-24,"Wankhede Stadium, Mumbai",2,31.4,Bangladesh,South Africa,Mahmudullah,Hasan Mahmud,KA Maharaj,0,0,,,,,,,,,
1384414,2023/24,2023-10-24,"Wankhede Stadium, Mumbai",2,31.5,Bangladesh,South Africa,Mahmudullah,Hasan Mahmud,KA Maharaj,1,0,,,,,,,,,
1384414,2023/24,2023-10-24,"Wankhede Stadium, Mumbai",2,31.6,Bangladesh,South Africa,Hasan Mahmud,Mahmudullah,KA Maharaj,0,0,,,,,,,,,
1384414,2023/24,2023-10-24,"Wankhede Stadium, Mumbai",2,32.1,Bangladesh,South Africa,Mahmudullah,Hasan Mahmud,K Rabada,0,0,,,,,,,,,
1384414,2023/24,2023-10-24,"Wankhede Stadium, Mumbai",2,32.2,Bangladesh,South Africa,Mahmudullah,Hasan Mahmud,K Rabada,1,0,,,,,,,,,
1384414,2023/24,2023-10-24,"Wankhede Stadium, Mumbai",2,32.3,Bangladesh,South Africa,Hasan Mahmud,Mahmudullah,K Rabada,4,0,,,,,,,,,
1384414,2023/24,2023-10-24,"Wankhede Stadium, Mumbai",2,32.4,Bangladesh,South Africa,Hasan Mahmud,Mahmudullah,K Rabada,0,0,,,,,,,,,
1384414,2023/24,2023-10-24,"Wankhede Stadium, Mumbai",2,32.5,Bangladesh,South Africa,Hasan Mahmud,Mahmudullah,K Rabada,2,0,,,,,,,,,
1384414,2023/24,2023-10-24,"Wankhede Stadium, Mumbai",2,32.6,Bangladesh,South Africa,Hasan Mahmud,Mahmudullah,K Rabada,0,0,,,,,,,,,
1384414,2023/24,2023-10-24,"Wankhede Stadium, Mumbai",2,33.1,Bangladesh,South Africa,Mahmudullah,Hasan Mahmud,KA Maharaj,1,0,,,,,,,,,
1384414,2023/24,2023-10-24,"Wankhede Stadium, Mumbai",2,33.2,Bangladesh,South Africa,Hasan Mahmud,Mahmudullah,KA Maharaj,0,0,,,,,,,,,
1384414,2023/24,2023-10-24,"Wankhede Stadium, Mumbai",2,33.3,Bangladesh,South Africa,Hasan Mahmud,Mahmudullah,KA Maharaj,1,0,,,,,,,,,
1384414,2023/24,2023-10-24,"Wankhede Stadium, Mumbai",2,33.4,Bangladesh,South Africa,Mahmudullah,Hasan Mahmud,KA Maharaj,0,0,,,,,,,,,
1384414,2023/24,2023-10-24,"Wankhede Stadium, Mumbai",2,33.5,Bangladesh,South Africa,Mahmudullah,Hasan Mahmud,KA Maharaj,1,0,,,,,,,,,
1384414,2023/24,2023-10-24,"Wankhede Stadium, Mumbai",2,33.6,Bangladesh,South Africa,Hasan Mahmud,Mahmudullah,KA Maharaj,0,0,,,,,,,,,
1384414,2023/24,2023-10-24,"Wankhede Stadium, Mumbai",2,34.1,Bangladesh,South Africa,Mahmudullah,Hasan Mahmud,K Rabada,0,0,,,,,,,,,
1384414,2023/24,2023-10-24,"Wankhede Stadium, Mumbai",2,34.2,Bangladesh,South Africa,Mahmudullah,Hasan Mahmud,K Rabada,0,0,,,,,,,,,
1384414,2023/24,2023-10-24,"Wankhede Stadium, Mumbai",2,34.3,Bangladesh,South Africa,Mahmudullah,Hasan Mahmud,K Rabada,1,0,,,,,,,,,
1384414,2023/24,2023-10-24,"Wankhede Stadium, Mumbai",2,34.4,Bangladesh,South Africa,Hasan Mahmud,Mahmudullah,K Rabada,0,0,,,,,,,,,
1384414,2023/24,2023-10-24,"Wankhede Stadium, Mumbai",2,34.5,Bangladesh,South Africa,Hasan Mahmud,Mahmudullah,K Rabada,0,0,,,,,,,,,
1384414,2023/24,2023-10-24,"Wankhede Stadium, Mumbai",2,34.6,Bangladesh,South Africa,Hasan Mahmud,Mahmudullah,K Rabada,4,0,,,,,,,,,
1384414,2023/24,2023-10-24,"Wankhede Stadium, Mumbai",2,35.1,Bangladesh,South Africa,Mahmudullah,Hasan Mahmud,M Jansen,0,0,,,,,,,,,
1384414,2023/24,2023-10-24,"Wankhede Stadium, Mumbai",2,35.2,Bangladesh,South Africa,Mahmudullah,Hasan Mahmud,M Jansen,0,0,,,,,,,,,
1384414,2023/24,2023-10-24,"Wankhede Stadium, Mumbai",2,35.3,Bangladesh,South Africa,Mahmudullah,Hasan Mahmud,M Jansen,0,0,,,,,,,,,
1384414,2023/24,2023-10-24,"Wankhede Stadium, Mumbai",2,35.4,Bangladesh,South Africa,Mahmudullah,Hasan Mahmud,M Jansen,4,0,,,,,,,,,
1384414,2023/24,2023-10-24,"Wankhede Stadium, Mumbai",2,35.5,Bangladesh,South Africa,Mahmudullah,Hasan Mahmud,M Jansen,0,1,1,,,,,,,,
1384414,2023/24,2023-10-24,"Wankhede Stadium, Mumbai",2,35.6,Bangladesh,South Africa,Mahmudullah,Hasan Mahmud,M Jansen,4,0,,,,,,,,,
1384414,2023/24,2023-10-24,"Wankhede Stadium, Mumbai",2,35.7,Bangladesh,South Africa,Mahmudullah,Hasan Mahmud,M Jansen,1,0,,,,,,,,,
1384414,2023/24,2023-10-24,"Wankhede Stadium, Mumbai",2,36.1,Bangladesh,South Africa,Mahmudullah,Hasan Mahmud,K Rabada,1,0,,,,,,,,,
1384414,2023/24,2023-10-24,"Wankhede Stadium, Mumbai",2,36.2,Bangladesh,South Africa,Hasan Mahmud,Mahmudullah,K Rabada,0,0,,,,,,,,,
1384414,2023/24,2023-10-24,"Wankhede Stadium, Mumbai",2,36.3,Bangladesh,South Africa,Hasan Mahmud,Mahmudullah,K Rabada,0,0,,,,,,,,,
1384414,2023/24,2023-10-24,"Wankhede Stadium, Mumbai",2,36.4,Bangladesh,South Africa,Hasan Mahmud,Mahmudullah,K Rabada,0,0,,,,,,caught,Hasan Mahmud,,
1384414,2023/24,2023-10-24,"Wankhede Stadium, Mumbai",2,36.5,Bangladesh,South Africa,Mustafizur Rahman,Mahmudullah,K Rabada,0,0,,,,,,,,,
1384414,2023/24,2023-10-24,"Wankhede Stadium, Mumbai",2,36.6,Bangladesh,South Africa,Mustafizur Rahman,Mahmudullah,K Rabada,0,0,,,,,,,,,
1384414,2023/24,2023-10-24,"Wankhede Stadium, Mumbai",2,37.1,Bangladesh,South Africa,Mahmudullah,Mustafizur Rahman,M Jansen,0,0,,,,,,,,,
1384414,2023/24,2023-10-24,"Wankhede Stadium, Mumbai",2,37.2,Bangladesh,South Africa,Mahmudullah,Mustafizur Rahman,M Jansen,0,0,,,,,,,,,
1384414,2023/24,2023-10-24,"Wankhede Stadium, Mumbai",2,37.3,Bangladesh,South Africa,Mahmudullah,Mustafizur Rahman,M Jansen,1,0,,,,,,,,,
1384414,2023/24,2023-10-24,"Wankhede Stadium, Mumbai",2,37.4,Bangladesh,South Africa,Mustafizur Rahman,Mahmudullah,M Jansen,4,0,,,,,,,,,
1384414,2023/24,2023-10-24,"Wankhede Stadium, Mumbai",2,37.5,Bangladesh,South Africa,Mustafizur Rahman,Mahmudullah,M Jansen,1,0,,,,,,,,,
1384414,2023/24,2023-10-24,"Wankhede Stadium, Mumbai",2,37.6,Bangladesh,South Africa,Mahmudullah,Mustafizur Rahman,M Jansen,1,0,,,,,,,,,
1384414,2023/24,2023-10-24,"Wankhede Stadium, Mumbai",2,38.1,Bangladesh,South Africa,Mahmudullah,Mustafizur Rahman,LB Williams,0,0,,,,,,,,,
1384414,2023/24,2023-10-24,"Wankhede Stadium, Mumbai",2,38.2,Bangladesh,South Africa,Mahmudullah,Mustafizur Rahman,LB Williams,6,0,,,,,,,,,
1384414,2023/24,2023-10-24,"Wankhede Stadium, Mumbai",2,38.3,Bangladesh,South Africa,Mahmudullah,Mustafizur Rahman,LB Williams,0,0,,,,,,,,,
1384414,2023/24,2023-10-24,"Wankhede Stadium, Mumbai",2,38.4,Bangladesh,South Africa,Mahmudullah,Mustafizur Rahman,LB Williams,1,0,,,,,,,,,
1384414,2023/24,2023-10-24,"Wankhede Stadium, Mumbai",2,38.5,Bangladesh,South Africa,Mustafizur Rahman,Mahmudullah,LB Williams,4,0,,,,,,,,,
1384414,2023/24,2023-10-24,"Wankhede Stadium, Mumbai",2,38.6,Bangladesh,South Africa,Mustafizur Rahman,Mahmudullah,LB Williams,0,0,,,,,,,,,
1384414,2023/24,2023-10-24,"Wankhede Stadium, Mumbai",2,39.1,Bangladesh,South Africa,Mahmudullah,Mustafizur Rahman,M Jansen,4,0,,,,,,,,,
1384414,2023/24,2023-10-24,"Wankhede Stadium, Mumbai",2,39.2,Bangladesh,South Africa,Mahmudullah,Mustafizur Rahman,M Jansen,0,1,1,,,,,,,,
1384414,2023/24,2023-10-24,"Wankhede Stadium, Mumbai",2,39.3,Bangladesh,South Africa,Mahmudullah,Mustafizur Rahman,M Jansen,0,1,1,,,,,,,,
1384414,2023/24,2023-10-24,"Wankhede Stadium, Mumbai",2,39.4,Bangladesh,South Africa,Mahmudullah,Mustafizur Rahman,M Jansen,0,0,,,,,,,,,
1384414,2023/24,2023-10-24,"Wankhede Stadium, Mumbai",2,39.5,Bangladesh,South Africa,Mahmudullah,Mustafizur Rahman,M Jansen,1,0,,,,,,,,,
1384414,2023/24,2023-10-24,"Wankhede Stadium, Mumbai",2,39.6,Bangladesh,South Africa,Mustafizur Rahman,Mahmudullah,M Jansen,0,0,,,,,,,,,
1384414,2023/24,2023-10-24,"Wankhede Stadium, Mumbai",2,39.7,Bangladesh,South Africa,Mustafizur Rahman,Mahmudullah,M Jansen,0,0,,,,,,,,,
1384414,2023/24,2023-10-24,"Wankhede Stadium, Mumbai",2,39.8,Bangladesh,South Africa,Mustafizur Rahman,Mahmudullah,M Jansen,0,0,,,,,,,,,
1384414,2023/24,2023-10-24,"Wankhede Stadium, Mumbai",2,40.1,Bangladesh,South Africa,Mahmudullah,Mustafizur Rahman,LB Williams,0,0,,,,,,,,,
1384414,2023/24,2023-10-24,"Wankhede Stadium, Mumbai",2,40.2,Bangladesh,South Africa,Mahmudullah,Mustafizur Rahman,LB Williams,0,0,,,,,,,,,
1384414,2023/24,2023-10-24,"Wankhede Stadium, Mumbai",2,40.3,Bangladesh,South Africa,Mahmudullah,Mustafizur Rahman,LB Williams,6,0,,,,,,,,,
1384414,2023/24,2023-10-24,"Wankhede Stadium, Mumbai",2,40.4,Bangladesh,South Africa,Mahmudullah,Mustafizur Rahman,LB Williams,1,0,,,,,,,,,
1384414,2023/24,2023-10-24,"Wankhede Stadium, Mumbai",2,40.5,Bangladesh,South Africa,Mustafizur Rahman,Mahmudullah,LB Williams,0,0,,,,,,,,,
1384414,2023/24,2023-10-24,"Wankhede Stadium, Mumbai",2,40.6,Bangladesh,South Africa,Mustafizur Rahman,Mahmudullah,LB Williams,0,1,1,,,,,,,,
1384414,2023/24,2023-10-24,"Wankhede Stadium, Mumbai",2,40.7,Bangladesh,South Africa,Mustafizur Rahman,Mahmudullah,LB Williams,0,0,,,,,,,,,
1384414,2023/24,2023-10-24,"Wankhede Stadium, Mumbai",2,41.1,Bangladesh,South Africa,Mahmudullah,Mustafizur Rahman,G Coetzee,4,0,,,,,,,,,
1384414,2023/24,2023-10-24,"Wankhede Stadium, Mumbai",2,41.2,Bangladesh,South Africa,Mahmudullah,Mustafizur Rahman,G Coetzee,2,0,,,,,,,,,
1384414,2023/24,2023-10-24,"Wankhede Stadium, Mumbai",2,41.3,Bangladesh,South Africa,Mahmudullah,Mustafizur Rahman,G Coetzee,1,1,,1,,,,,,,
1384414,2023/24,2023-10-24,"Wankhede Stadium, Mumbai",2,41.4,Bangladesh,South Africa,Mustafizur Rahman,Mahmudullah,G Coetzee,0,0,,,,,,,,,
1384414,2023/24,2023-10-24,"Wankhede Stadium, Mumbai",2,41.5,Bangladesh,South Africa,Mustafizur Rahman,Mahmudullah,G Coetzee,0,0,,,,,,,,,
1384414,2023/24,2023-10-24,"Wankhede Stadium, Mumbai",2,41.6,Bangladesh,South Africa,Mustafizur Rahman,Mahmudullah,G Coetzee,0,0,,,,,,,,,
1384414,2023/24,2023-10-24,"Wankhede Stadium, Mumbai",2,41.7,Bangladesh,South Africa,Mustafizur Rahman,Mahmudullah,G Coetzee,0,0,,,,,,,,,
1384414,2023/24,2023-10-24,"Wankhede Stadium, Mumbai",2,42.1,Bangladesh,South Africa,Mahmudullah,Mustafizur Rahman,K Rabada,0,0,,,,,,,,,
1384414,2023/24,2023-10-24,"Wankhede Stadium, Mumbai",2,42.2,Bangladesh,South Africa,Mahmudullah,Mustafizur Rahman,K Rabada,0,0,,,,,,,,,
1384414,2023/24,2023-10-24,"Wankhede Stadium, Mumbai",2,42.3,Bangladesh,South Africa,Mahmudullah,Mustafizur Rahman,K Rabada,0,0,,,,,,,,,
1384414,2023/24,2023-10-24,"Wankhede Stadium, Mumbai",2,42.4,Bangladesh,South Africa,Mahmudullah,Mustafizur Rahman,K Rabada,0,0,,,,,,,,,
1384414,2023/24,2023-10-24,"Wankhede Stadium, Mumbai",2,42.5,Bangladesh,South Africa,Mahmudullah,Mustafizur Rahman,K Rabada,1,0,,,,,,,,,
1384414,2023/24,2023-10-24,"Wankhede Stadium, Mumbai",2,42.6,Bangladesh,South Africa,Mustafizur Rahman,Mahmudullah,K Rabada,0,0,,,,,,,,,
1384414,2023/24,2023-10-24,"Wankhede Stadium, Mumbai",2,43.1,Bangladesh,South Africa,Mahmudullah,Mustafizur Rahman,G Coetzee,0,0,,,,,,,,,
1384414,2023/24,2023-10-24,"Wankhede Stadium, Mumbai",2,43.2,Bangladesh,South Africa,Mahmudullah,Mustafizur Rahman,G Coetzee,0,1,1,,,,,,,,
1384414,2023/24,2023-10-24,"Wankhede Stadium, Mumbai",2,43.3,Bangladesh,South Africa,Mahmudullah,Mustafizur Rahman,G Coetzee,0,0,,,,,,,,,
1384414,2023/24,2023-10-24,"Wankhede Stadium, Mumbai",2,43.4,Bangladesh,South Africa,Mahmudullah,Mustafizur Rahman,G Coetzee,1,0,,,,,,,,,
1384414,2023/24,2023-10-24,"Wankhede Stadium, Mumbai",2,43.5,Bangladesh,South Africa,Mustafizur Rahman,Mahmudullah,G Coetzee,1,0,,,,,,,,,
1384414,2023/24,2023-10-24,"Wankhede Stadium, Mumbai",2,43.6,Bangladesh,South Africa,Mahmudullah,Mustafizur Rahman,G Coetzee,6,0,,,,,,,,,
1384414,2023/24,2023-10-24,"Wankhede Stadium, Mumbai",2,43.7,Bangladesh,South Africa,Mahmudullah,Mustafizur Rahman,G Coetzee,1,0,,,,,,,,,
1384414,2023/24,2023-10-24,"Wankhede Stadium, Mumbai",2,44.1,Bangladesh,South Africa,Mahmudullah,Mustafizur Rahman,K Rabada,2,0,,,,,,,,,
1384414,2023/24,2023-10-24,"Wankhede Stadium, Mumbai",2,44.2,Bangladesh,South Africa,Mahmudullah,Mustafizur Rahman,K Rabada,1,0,,,,,,,,,
1384414,2023/24,2023-10-24,"Wankhede Stadium, Mumbai",2,44.3,Bangladesh,South Africa,Mustafizur Rahman,Mahmudullah,K Rabada,1,0,,,,,,,,,
1384414,2023/24,2023-10-24,"Wankhede Stadium, Mumbai",2,44.4,Bangladesh,South Africa,Mahmudullah,Mustafizur Rahman,K Rabada,0,0,,,,,,,,,
1384414,2023/24,2023-10-24,"Wankhede Stadium, Mumbai",2,44.5,Bangladesh,South Africa,Mahmudullah,Mustafizur Rahman,K Rabada,6,0,,,,,,,,,
1384414,2023/24,2023-10-24,"Wankhede Stadium, Mumbai",2,44.6,Bangladesh,South Africa,Mahmudullah,Mustafizur Rahman,K Rabada,1,1,,1,,,,,,,
1384414,2023/24,2023-10-24,"Wankhede Stadium, Mumbai",2,44.7,Bangladesh,South Africa,Mustafizur Rahman,Mahmudullah,K Rabada,0,0,,,,,,,,,
1384414,2023/24,2023-10-24,"Wankhede Stadium, Mumbai",2,45.1,Bangladesh,South Africa,Mahmudullah,Mustafizur Rahman,G Coetzee,0,0,,,,,,,,,
1384414,2023/24,2023-10-24,"Wankhede Stadium, Mumbai",2,45.2,Bangladesh,South Africa,Mahmudullah,Mustafizur Rahman,G Coetzee,0,0,,,,,,,,,
1384414,2023/24,2023-10-24,"Wankhede Stadium, Mumbai",2,45.3,Bangladesh,South Africa,Mahmudullah,Mustafizur Rahman,G Coetzee,4,0,,,,,,,,,
1384414,2023/24,2023-10-24,"Wankhede Stadium, Mumbai",2,45.4,Bangladesh,South Africa,Mahmudullah,Mustafizur Rahman,G Coetzee,0,0,,,,,,caught,Mahmudullah,,
1384414,2023/24,2023-10-24,"Wankhede Stadium, Mumbai",2,45.5,Bangladesh,South Africa,Shoriful Islam,Mustafizur Rahman,G Coetzee,0,0,,,,,,,,,
1384414,2023/24,2023-10-24,"Wankhede Stadium, Mumbai",2,45.6,Bangladesh,South Africa,Shoriful Islam,Mustafizur Rahman,G Coetzee,1,0,,,,,,,,,
1384414,2023/24,2023-10-24,"Wankhede Stadium, Mumbai",2,46.1,Bangladesh,South Africa,Shoriful Islam,Mustafizur Rahman,LB Williams,4,0,,,,,,,,,
1384414,2023/24,2023-10-24,"Wankhede Stadium, Mumbai",2,46.2,Bangladesh,South Africa,Shoriful Islam,Mustafizur Rahman,LB Williams,1,0,,,,,,,,,
1384414,2023/24,2023-10-24,"Wankhede Stadium, Mumbai",2,46.3,Bangladesh,South Africa,Mustafizur Rahman,Shoriful Islam,LB Williams,0,0,,,,,,,,,
1384414,2023/24,2023-10-24,"Wankhede Stadium, Mumbai",2,46.4,Bangladesh,South Africa,Mustafizur Rahman,Shoriful Islam,LB Williams,0,0,,,,,,caught,Mustafizur Rahman,,
