match_id,season,start_date,venue,innings,ball,batting_team,bowling_team,striker,non_striker,bowler,runs_off_bat,extras,wides,noballs,byes,legbyes,penalty,wicket_type,player_dismissed,other_wicket_type,other_player_dismissed
1384422,2023/24,2023-10-31,"Eden Gardens, Kolkata",1,0.1,Bangladesh,Pakistan,Tanzid Hasan,Liton Das,Shaheen Shah Afridi,0,0,,,,,,,,,
1384422,2023/24,2023-10-31,"Eden Gardens, Kolkata",1,0.2,Bangladesh,Pakistan,Tanzid Hasan,Liton Das,Shaheen Shah Afridi,0,0,,,,,,,,,
1384422,2023/24,2023-10-31,"Eden Gardens, Kolkata",1,0.3,Bangladesh,Pakistan,Tanzid Hasan,Liton Das,Shaheen Shah Afridi,0,0,,,,,,,,,
1384422,2023/24,2023-10-31,"Eden Gardens, Kolkata",1,0.4,Bangladesh,Pakistan,Tanzid Hasan,Liton Das,Shaheen Shah Afridi,0,0,,,,,,,,,
1384422,2023/24,2023-10-31,"Eden Gardens, Kolkata",1,0.5,Bangladesh,Pakistan,Tanzid Hasan,Liton Das,Shaheen Shah Afridi,0,0,,,,,,lbw,Tanzid Hasan,,
1384422,2023/24,2023-10-31,"Eden Gardens, Kolkata",1,0.6,Bangladesh,Pakistan,Nazmul Hossain Shanto,Liton Das,Shaheen Shah Afridi,0,0,,,,,,,,,
1384422,2023/24,2023-10-31,"Eden Gardens, Kolkata",1,1.1,Bangladesh,Pakistan,Liton Das,Nazmul Hossain Shanto,Iftikhar Ahmed,0,0,,,,,,,,,
1384422,2023/24,2023-10-31,"Eden Gardens, Kolkata",1,1.2,Bangladesh,Pakistan,Liton Das,Nazmul Hossain Shanto,Iftikhar Ahmed,0,0,,,,,,,,,
1384422,2023/24,2023-10-31,"Eden Gardens, Kolkata",1,1.3,Bangladesh,Pakistan,Liton Das,Nazmul Hossain Shanto,Iftikhar Ahmed,0,0,,,,,,,,,
1384422,2023/24,2023-10-31,"Eden Gardens, Kolkata",1,1.4,Bangladesh,Pakistan,Liton Das,Nazmul Hossain Shanto,Iftikhar Ahmed,0,0,,,,,,,,,
1384422,2023/24,2023-10-31,"Eden Gardens, Kolkata",1,1.5,Bangladesh,Pakistan,Liton Das,Nazmul Hossain Shanto,Iftikhar Ahmed,1,0,,,,,,,,,
1384422,2023/24,2023-10-31,"Eden Gardens, Kolkata",1,1.6,Bangladesh,Pakistan,Nazmul Hossain Shanto,Liton Das,Iftikhar Ahmed,4,0,,,,,,,,,
1384422,2023/24,2023-10-31,"Eden Gardens, Kolkata",1,2.1,Bangladesh,Pakistan,Liton Das,Nazmul Hossain Shanto,Shaheen Shah Afridi,0,0,,,,,,,,,
1384422,2023/24,2023-10-31,"Eden Gardens, Kolkata",1,2.2,Bangladesh,Pakistan,Liton Das,Nazmul Hossain Shanto,Shaheen Shah Afridi,0,0,,,,,,,,,
1384422,2023/24,2023-10-31,"Eden Gardens, Kolkata",1,2.3,Bangladesh,Pakistan,Liton Das,Nazmul Hossain Shanto,Shaheen Shah Afridi,1,0,,,,,,,,,
1384422,2023/24,2023-10-31,"Eden Gardens, Kolkata",1,2.4,Bangladesh,Pakistan,Nazmul Hossain Shanto,Liton Das,Shaheen Shah Afridi,0,0,,,,,,caught,Nazmul Hossain Shanto,,
1384422,2023/24,2023-10-31,"Eden Gardens, Kolkata",1,2.5,Bangladesh,Pakistan,Mushfiqur Rahim,Liton Das,Shaheen Shah Afridi,0,0,,,,,,,,,
1384422,2023/24,2023-10-31,"Eden Gardens, Kolkata",1,2.6,Bangladesh,Pakistan,Mushfiqur Rahim,Liton Das,Shaheen Shah Afridi,0,0,,,,,,,,,
1384422,2023/24,2023-10-31,"Eden Gardens, Kolkata",1,3.1,Bangladesh,Pakistan,Liton Das,Mushfiqur Rahim,Iftikhar Ahmed,0,0,,,,,,,,,
1384422,2023/24,2023-10-31,"Eden Gardens, Kolkata",1,3.2,Bangladesh,Pakistan,Liton Das,Mushfiqur Rahim,Iftikhar Ahmed,0,0,,,,,,,,,
1384422,2023/24,2023-10-31,"Eden Gardens, Kolkata",1,3.3,Bangladesh,Pakistan,Liton Das,Mushfiqur Rahim,Iftikhar Ahmed,1,0,,,,,,,,,
1384422,2023/24,2023-10-31,"Eden Gardens, Kolkata",1,3.4,Bangladesh,Pakistan,Mushfiqur Rahim,Liton Das,Iftikhar Ahmed,1,0,,,,,,,,,
1384422,2023/24,2023-10-31,"Eden Gardens, Kolkata",1,3.5,Bangladesh,Pakistan,Liton Das,Mushfiqur Rahim,Iftikhar Ahmed,0,0,,,,,,,,,
1384422,2023/24,2023-10-31,"Eden Gardens, Kolkata",1,3.6,Bangladesh,Pakistan,Liton Das,Mushfiqur Rahim,Iftikhar Ahmed,1,0,,,,,,,,,
1384422,2023/24,2023-10-31,"Eden Gardens, Kolkata",1,4.1,Bangladesh,Pakistan,Liton Das,Mushfiqur Rahim,Shaheen Shah Afridi,0,0,,,,,,,,,
1384422,2023/24,2023-10-31,"Eden Gardens, Kolkata",1,4.2,Bangladesh,Pakistan,Liton Das,Mushfiqur Rahim,Shaheen Shah Afridi,0,0,,,,,,,,,
1384422,2023/24,2023-10-31,"Eden Gardens, Kolkata",1,4.3,Bangladesh,Pakistan,Liton Das,Mushfiqur Rahim,Shaheen Shah Afridi,1,0,,,,,,,,,
1384422,2023/24,2023-10-31,"Eden Gardens, Kolkata",1,4.4,Bangladesh,Pakistan,Mushfiqur Rahim,Liton Das,Shaheen Shah Afridi,0,0,,,,,,,,,
1384422,2023/24,2023-10-31,"Eden Gardens, Kolkata",1,4.5,Bangladesh,Pakistan,Mushfiqur Rahim,Liton Das,Shaheen Shah Afridi,0,0,,,,,,,,,
1384422,2023/24,2023-10-31,"Eden Gardens, Kolkata",1,4.6,Bangladesh,Pakistan,Mushfiqur Rahim,Liton Das,Shaheen Shah Afridi,0,0,,,,,,,,,
1384422,2023/24,2023-10-31,"Eden Gardens, Kolkata",1,5.1,Bangladesh,Pakistan,Liton Das,Mushfiqur Rahim,Haris Rauf,4,0,,,,,,,,,
1384422,2023/24,2023-10-31,"Eden Gardens, Kolkata",1,5.2,Bangladesh,Pakistan,Liton Das,Mushfiqur Rahim,Haris Rauf,4,0,,,,,,,,,
1384422,2023/24,2023-10-31,"Eden Gardens, Kolkata",1,5.3,Bangladesh,Pakistan,Liton Das,Mushfiqur Rahim,Haris Rauf,0,0,,,,,,,,,
1384422,2023/24,2023-10-31,"Eden Gardens, Kolkata",1,5.4,Bangladesh,Pakistan,Liton Das,Mushfiqur Rahim,Haris Rauf,1,0,,,,,,,,,
1384422,2023/24,2023-10-31,"Eden Gardens, Kolkata",1,5.5,Bangladesh,Pakistan,Mushfiqur Rahim,Liton Das,Haris Rauf,4,0,,,,,,,,,
1384422,2023/24,2023-10-31,"Eden Gardens, Kolkata",1,5.6,Bangladesh,Pakistan,Mushfiqur Rahim,Liton Das,Haris Rauf,0,0,,,,,,caught,Mushfiqur Rahim,,
1384422,2023/24,2023-10-31,"Eden Gardens, Kolkata",1,6.1,Bangladesh,Pakistan,Liton Das,Mahmudullah,Shaheen Shah Afridi,4,0,,,,,,,,,
1384422,2023/24,2023-10-31,"Eden Gardens, Kolkata",1,6.2,Bangladesh,Pakistan,Liton Das,Mahmudullah,Shaheen Shah Afridi,0,0,,,,,,,,,
1384422,2023/24,2023-10-31,"Eden Gardens, Kolkata",1,6.3,Bangladesh,Pakistan,Liton Das,Mahmudullah,Shaheen Shah Afridi,0,0,,,,,,,,,
1384422,2023/24,2023-10-31,"Eden Gardens, Kolkata",1,6.4,Bangladesh,Pakistan,Liton Das,Mahmudullah,Shaheen Shah Afridi,0,0,,,,,,,,,
1384422,2023/24,2023-10-31,"Eden Gardens, Kolkata",1,6.5,Bangladesh,Pakistan,Liton Das,Mahmudullah,Shaheen Shah Afridi,0,0,,,,,,,,,
1384422,2023/24,2023-10-31,"Eden Gardens, Kolkata",1,6.6,Bangladesh,Pakistan,Liton Das,Mahmudullah,Shaheen Shah Afridi,0,0,,,,,,,,,
1384422,2023/24,2023-10-31,"Eden Gardens, Kolkata",1,7.1,Bangladesh,Pakistan,Mahmudullah,Liton Das,Haris Rauf,2,0,,,,,,,,,
1384422,2023/24,2023-10-31,"Eden Gardens, Kolkata",1,7.2,Bangladesh,Pakistan,Mahmudullah,Liton Das,Haris Rauf,0,0,,,,,,,,,
1384422,2023/24,2023-10-31,"Eden Gardens, Kolkata",1,7.3,Bangladesh,Pakistan,Mahmudullah,Liton Das,Haris Rauf,0,0,,,,,,,,,
1384422,2023/24,2023-10-31,"Eden Gardens, Kolkata",1,7.4,Bangladesh,Pakistan,Mahmudullah,Liton Das,Haris Rauf,0,0,,,,,,,,,
1384422,2023/24,2023-10-31,"Eden Gardens, Kolkata",1,7.5,Bangladesh,Pakistan,Mahmudullah,Liton Das,Haris Rauf,3,0,,,,,,,,,
1384422,2023/24,2023-10-31,"Eden Gardens, Kolkata",1,7.6,Bangladesh,Pakistan,Liton Das,Mahmudullah,Haris Rauf,0,0,,,,,,,,,
1384422,2023/24,2023-10-31,"Eden Gardens, Kolkata",1,8.1,Bangladesh,Pakistan,Mahmudullah,Liton Das,Shaheen Shah Afridi,0,0,,,,,,,,,
1384422,2023/24,2023-10-31,"Eden Gardens, Kolkata",1,8.2,Bangladesh,Pakistan,Mahmudullah,Liton Das,Shaheen Shah Afridi,0,0,,,,,,,,,
1384422,2023/24,2023-10-31,"Eden Gardens, Kolkata",1,8.3,Bangladesh,Pakistan,Mahmudullah,Liton Das,Shaheen Shah Afridi,0,0,,,,,,,,,
1384422,2023/24,2023-10-31,"Eden Gardens, Kolkata",1,8.4,Bangladesh,Pakistan,Mahmudullah,Liton Das,Shaheen Shah Afridi,4,0,,,,,,,,,
1384422,2023/24,2023-10-31,"Eden Gardens, Kolkata",1,8.5,Bangladesh,Pakistan,Mahmudullah,Liton Das,Shaheen Shah Afridi,0,0,,,,,,,,,
1384422,2023/24,2023-10-31,"Eden Gardens, Kolkata",1,8.6,Bangladesh,Pakistan,Mahmudullah,Liton Das,Shaheen Shah Afridi,0,0,,,,,,,,,
1384422,2023/24,2023-10-31,"Eden Gardens, Kolkata",1,9.1,Bangladesh,Pakistan,Liton Das,Mahmudullah,Haris Rauf,0,0,,,,,,,,,
1384422,2023/24,2023-10-31,"Eden Gardens, Kolkata",1,9.2,Bangladesh,Pakistan,Liton Das,Mahmudullah,Haris Rauf,0,0,,,,,,,,,
1384422,2023/24,2023-10-31,"Eden Gardens, Kolkata",1,9.3,Bangladesh,Pakistan,Liton Das,Mahmudullah,Haris Rauf,0,0,,,,,,,,,
1384422,2023/24,2023-10-31,"Eden Gardens, Kolkata",1,9.4,Bangladesh,Pakistan,Liton Das,Mahmudullah,Haris Rauf,1,0,,,,,,,,,
1384422,2023/24,2023-10-31,"Eden Gardens, Kolkata",1,9.5,Bangladesh,Pakistan,Mahmudullah,Liton Das,Haris Rauf,0,0,,,,,,,,,
1384422,2023/24,2023-10-31,"Eden Gardens, Kolkata",1,9.6,Bangladesh,Pakistan,Mahmudullah,Liton Das,Haris Rauf,0,0,,,,,,,,,
1384422,2023/24,2023-10-31,"Eden Gardens, Kolkata",1,10.1,Bangladesh,Pakistan,Liton Das,Mahmudullah,Mohammad Wasim,2,0,,,,,,,,,
1384422,2023/24,2023-10-31,"Eden Gardens, Kolkata",1,10.2,Bangladesh,Pakistan,Liton Das,Mahmudullah,Mohammad Wasim,4,0,,,,,,,,,
1384422,2023/24,2023-10-31,"Eden Gardens, Kolkata",1,10.3,Bangladesh,Pakistan,Liton Das,Mahmudullah,Mohammad Wasim,0,0,,,,,,,,,
1384422,2023/24,2023-10-31,"Eden Gardens, Kolkata",1,10.4,Bangladesh,Pakistan,Liton Das,Mahmudullah,Mohammad Wasim,0,0,,,,,,,,,
1384422,2023/24,2023-10-31,"Eden Gardens, Kolkata",1,10.5,Bangladesh,Pakistan,Liton Das,Mahmudullah,Mohammad Wasim,0,1,,,,1,,,,,
1384422,2023/24,2023-10-31,"Eden Gardens, Kolkata",1,10.6,Bangladesh,Pakistan,Mahmudullah,Liton Das,Mohammad Wasim,4,0,,,,,,,,,
1384422,2023/24,2023-10-31,"Eden Gardens, Kolkata",1,11.1,Bangladesh,Pakistan,Liton Das,Mahmudullah,Usama Mir,2,0,,,,,,,,,
1384422,2023/24,2023-10-31,"Eden Gardens, Kolkata",1,11.2,Bangladesh,Pakistan,Liton Das,Mahmudullah,Usama Mir,0,0,,,,,,,,,
1384422,2023/24,2023-10-31,"Eden Gardens, Kolkata",1,11.3,Bangladesh,Pakistan,Liton Das,Mahmudullah,Usama Mir,1,0,,,,,,,,,
1384422,2023/24,2023-10-31,"Eden Gardens, Kolkata",1,11.4,Bangladesh,Pakistan,Mahmudullah,Liton Das,Usama Mir,0,0,,,,,,,,,
1384422,2023/24,2023-10-31,"Eden Gardens, Kolkata",1,11.5,Bangladesh,Pakistan,Mahmudullah,Liton Das,Usama Mir,4,0,,,,,,,,,
1384422,2023/24,2023-10-31,"Eden Gardens, Kolkata",1,11.6,Bangladesh,Pakistan,Mahmudullah,Liton Das,Usama Mir,1,0,,,,,,,,,
1384422,2023/24,2023-10-31,"Eden Gardens, Kolkata",1,12.1,Bangladesh,Pakistan,Mahmudullah,Liton Das,Mohammad Wasim,1,0,,,,,,,,,
1384422,2023/24,2023-10-31,"Eden Gardens, Kolkata",1,12.2,Bangladesh,Pakistan,Liton Das,Mahmudullah,Mohammad Wasim,1,0,,,,,,,,,
1384422,2023/24,2023-10-31,"Eden Gardens, Kolkata",1,12.3,Bangladesh,Pakistan,Mahmudullah,Liton Das,Mohammad Wasim,1,0,,,,,,,,,
1384422,2023/24,2023-10-31,"Eden Gardens, Kolkata",1,12.4,Bangladesh,Pakistan,Liton Das,Mahmudullah,Mohammad Wasim,1,0,,,,,,,,,
1384422,2023/24,2023-10-31,"Eden Gardens, Kolkata",1,12.5,Bangladesh,Pakistan,Mahmudullah,Liton Das,Mohammad Wasim,1,0,,,,,,,,,
1384422,2023/24,2023-10-31,"Eden Gardens, Kolkata",1,12.6,Bangladesh,Pakistan,Liton Das,Mahmudullah,Mohammad Wasim,0,0,,,,,,,,,
1384422,2023/24,2023-10-31,"Eden Gardens, Kolkata",1,13.1,Bangladesh,Pakistan,Mahmudullah,Liton Das,Usama Mir,0,0,,,,,,,,,
1384422,2023/24,2023-10-31,"Eden Gardens, Kolkata",1,13.2,Bangladesh,Pakistan,Mahmudullah,Liton Das,Usama Mir,0,0,,,,,,,,,
1384422,2023/24,2023-10-31,"Eden Gardens, Kolkata",1,13.3,Bangladesh,Pakistan,Mahmudullah,Liton Das,Usama Mir,4,0,,,,,,,,,
1384422,2023/24,2023-10-31,"Eden Gardens, Kolkata",1,13.4,Bangladesh,Pakistan,Mahmudullah,Liton Das,Usama Mir,0,1,1,,,,,,,,
1384422,2023/24,2023-10-31,"Eden Gardens, Kolkata",1,13.5,Bangladesh,Pakistan,Mahmudullah,Liton Das,Usama Mir,0,0,,,,,,,,,
1384422,2023/24,2023-10-31,"Eden Gardens, Kolkata",1,13.6,Bangladesh,Pakistan,Mahmudullah,Liton Das,Usama Mir,0,0,,,,,,,,,
1384422,2023/24,2023-10-31,"Eden Gardens, Kolkata",1,13.7,Bangladesh,Pakistan,Mahmudullah,Liton Das,Usama Mir,0,0,,,,,,,,,
1384422,2023/24,2023-10-31,"Eden Gardens, Kolkata",1,14.1,Bangladesh,Pakistan,Liton Das,Mahmudullah,Mohammad Wasim,0,0,,,,,,,,,
1384422,2023/24,2023-10-31,"Eden Gardens, Kolkata",1,14.2,Bangladesh,Pakistan,Liton Das,Mahmudullah,Mohammad Wasim,0,0,,,,,,,,,
1384422,2023/24,2023-10-31,"Eden Gardens, Kolkata",1,14.3,Bangladesh,Pakistan,Liton Das,Mahmudullah,Mohammad Wasim,0,0,,,,,,,,,
1384422,2023/24,2023-10-31,"Eden Gardens, Kolkata",1,14.4,Bangladesh,Pakistan,Liton Das,Mahmudullah,Mohammad Wasim,0,0,,,,,,,,,
1384422,2023/24,2023-10-31,"Eden Gardens, Kolkata",1,14.5,Bangladesh,Pakistan,Liton Das,Mahmudullah,Mohammad Wasim,0,0,,,,,,,,,
1384422,2023/24,2023-10-31,"Eden Gardens, Kolkata",1,14.6,Bangladesh,Pakistan,Liton Das,Mahmudullah,Mohammad Wasim,0,0,,,,,,,,,
1384422,2023/24,2023-10-31,"Eden Gardens, Kolkata",1,15.1,Bangladesh,Pakistan,Mahmudullah,Liton Das,Usama Mir,1,0,,,,,,,,,
1384422,2023/24,2023-10-31,"Eden Gardens, Kolkata",1,15.2,Bangladesh,Pakistan,Liton Das,Mahmudullah,Usama Mir,1,0,,,,,,,,,
1384422,2023/24,2023-10-31,"Eden Gardens, Kolkata",1,15.3,Bangladesh,Pakistan,Mahmudullah,Liton Das,Usama Mir,0,0,,,,,,,,,
1384422,2023/24,2023-10-31,"Eden Gardens, Kolkata",1,15.4,Bangladesh,Pakistan,Mahmudullah,Liton Das,Usama Mir,0,0,,,,,,,,,
1384422,2023/24,2023-10-31,"Eden Gardens, Kolkata",1,15.5,Bangladesh,Pakistan,Mahmudullah,Liton Das,Usama Mir,0,0,,,,,,,,,
1384422,2023/24,2023-10-31,"Eden Gardens, Kolkata",1,15.6,Bangladesh,Pakistan,Mahmudullah,Liton Das,Usama Mir,0,0,,,,,,,,,
1384422,2023/24,2023-10-31,"Eden Gardens, Kolkata",1,16.1,Bangladesh,Pakistan,Liton Das,Mahmudullah,Mohammad Wasim,1,0,,,,,,,,,
1384422,2023/24,2023-10-31,"Eden Gardens, Kolkata",1,16.2,Bangladesh,Pakistan,Mahmudullah,Liton Das,Mohammad Wasim,4,0,,,,,,,,,
1384422,2023/24,2023-10-31,"Eden Gardens, Kolkata",1,16.3,Bangladesh,Pakistan,Mahmudullah,Liton Das,Mohammad Wasim,0,0,,,,,,,,,
1384422,2023/24,2023-10-31,"Eden Gardens, Kolkata",1,16.4,Bangladesh,Pakistan,Mahmudullah,Liton Das,Mohammad Wasim,0,0,,,,,,,,,
1384422,2023/24,2023-10-31,"Eden Gardens, Kolkata",1,16.5,Bangladesh,Pakistan,Mahmudullah,Liton Das,Mohammad Wasim,1,0,,,,,,,,,
1384422,2023/24,2023-10-31,"Eden Gardens, Kolkata",1,16.6,Bangladesh,Pakistan,Liton Das,Mahmudullah,Mohammad Wasim,1,0,,,,,,,,,
1384422,2023/24,2023-10-31,"Eden Gardens, Kolkata",1,17.1,Bangladesh,Pakistan,Liton Das,Mahmudullah,Usama Mir,0,0,,,,,,,,,
1384422,2023/24,2023-10-31,"Eden Gardens, Kolkata",1,17.2,Bangladesh,Pakistan,Liton Das,Mahmudullah,Usama Mir,0,0,,,,,,,,,
1384422,2023/24,2023-10-31,"Eden Gardens, Kolkata",1,17.3,Bangladesh,Pakistan,Liton Das,Mahmudullah,Usama Mir,1,0,,,,,,,,,
1384422,2023/24,2023-10-31,"Eden Gardens, Kolkata",1,17.4,Bangladesh,Pakistan,Mahmudullah,Liton Das,Usama Mir,1,0,,,,,,,,,
1384422,2023/24,2023-10-31,"Eden Gardens, Kolkata",1,17.5,Bangladesh,Pakistan,Liton Das,Mahmudullah,Usama Mir,4,0,,,,,,,,,
1384422,2023/24,2023-10-31,"Eden Gardens, Kolkata",1,17.6,Bangladesh,Pakistan,Liton Das,Mahmudullah,Usama Mir,0,0,,,,,,,,,
1384422,2023/24,2023-10-31,"Eden Gardens, Kolkata",1,18.1,Bangladesh,Pakistan,Mahmudullah,Liton Das,Iftikhar Ahmed,0,0,,,,,,,,,
1384422,2023/24,2023-10-31,"Eden Gardens, Kolkata",1,18.2,Bangladesh,Pakistan,Mahmudullah,Liton Das,Iftikhar Ahmed,0,0,,,,,,,,,
1384422,2023/24,2023-10-31,"Eden Gardens, Kolkata",1,18.3,Bangladesh,Pakistan,Mahmudullah,Liton Das,Iftikhar Ahmed,1,0,,,,,,,,,
1384422,2023/24,2023-10-31,"Eden Gardens, Kolkata",1,18.4,Bangladesh,Pakistan,Liton Das,Mahmudullah,Iftikhar Ahmed,0,0,,,,,,,,,
1384422,2023/24,2023-10-31,"Eden Gardens, Kolkata",1,18.5,Bangladesh,Pakistan,Liton Das,Mahmudullah,Iftikhar Ahmed,1,0,,,,,,,,,
1384422,2023/24,2023-10-31,"Eden Gardens, Kolkata",1,18.6,Bangladesh,Pakistan,Mahmudullah,Liton Das,Iftikhar Ahmed,2,0,,,,,,,,,
1384422,2023/24,2023-10-31,"Eden Gardens, Kolkata",1,19.1,Bangladesh,Pakistan,Liton Das,Mahmudullah,Usama Mir,0,0,,,,,,,,,
1384422,2023/24,2023-10-31,"Eden Gardens, Kolkata",1,19.2,Bangladesh,Pakistan,Liton Das,Mahmudullah,Usama Mir,4,0,,,,,,,,,
1384422,2023/24,2023-10-31,"Eden Gardens, Kolkata",1,19.3,Bangladesh,Pakistan,Liton Das,Mahmudullah,Usama Mir,0,0,,,,,,,,,
1384422,2023/24,2023-10-31,"Eden Gardens, Kolkata",1,19.4,Bangladesh,Pakistan,Liton Das,Mahmudullah,Usama Mir,1,0,,,,,,,,,
1384422,2023/24,2023-10-31,"Eden Gardens, Kolkata",1,19.5,Bangladesh,Pakistan,Mahmudullah,Liton Das,Usama Mir,6,0,,,,,,,,,
1384422,2023/24,2023-10-31,"Eden Gardens, Kolkata",1,19.6,Bangladesh,Pakistan,Mahmudullah,Liton Das,Usama Mir,0,0,,,,,,,,,
1384422,2023/24,2023-10-31,"Eden Gardens, Kolkata",1,20.1,Bangladesh,Pakistan,Liton Das,Mahmudullah,Iftikhar Ahmed,1,0,,,,,,,,,
1384422,2023/24,2023-10-31,"Eden Gardens, Kolkata",1,20.2,Bangladesh,Pakistan,Mahmudullah,Liton Das,Iftikhar Ahmed,0,0,,,,,,,,,
1384422,2023/24,2023-10-31,"Eden Gardens, Kolkata",1,20.3,Bangladesh,Pakistan,Mahmudullah,Liton Das,Iftikhar Ahmed,4,0,,,,,,,,,
1384422,2023/24,2023-10-31,"Eden Gardens, Kolkata",1,20.4,Bangladesh,Pakistan,Mahmudullah,Liton Das,Iftikhar Ahmed,1,0,,,,,,,,,
1384422,2023/24,2023-10-31,"Eden Gardens, Kolkata",1,20.5,Bangladesh,Pakistan,Liton Das,Mahmudullah,Iftikhar Ahmed,0,0,,,,,,caught,Liton Das,,
1384422,2023/24,2023-10-31,"Eden Gardens, Kolkata",1,20.6,Bangladesh,Pakistan,Shakib Al Hasan,Mahmudullah,Iftikhar Ahmed,0,0,,,,,,,,,
1384422,2023/24,2023-10-31,"Eden Gardens, Kolkata",1,21.1,Bangladesh,Pakistan,Mahmudullah,Shakib Al Hasan,Haris Rauf,0,0,,,,,,,,,
1384422,2023/24,2023-10-31,"Eden Gardens, Kolkata",1,21.2,Bangladesh,Pakistan,Mahmudullah,Shakib Al Hasan,Haris Rauf,0,0,,,,,,,,,
1384422,2023/24,2023-10-31,"Eden Gardens, Kolkata",1,21.3,Bangladesh,Pakistan,Mahmudullah,Shakib Al Hasan,Haris Rauf,0,0,,,,,,,,,
1384422,2023/24,2023-10-31,"Eden Gardens, Kolkata",1,21.4,Bangladesh,Pakistan,Mahmudullah,Shakib Al Hasan,Haris Rauf,1,0,,,,,,,,,
1384422,2023/24,2023-10-31,"Eden Gardens, Kolkata",1,21.5,Bangladesh,Pakistan,Shakib Al Hasan,Mahmudullah,Haris Rauf,0,0,,,,,,,,,
1384422,2023/24,2023-10-31,"Eden Gardens, Kolkata",1,21.6,Bangladesh,Pakistan,Shakib Al Hasan,Mahmudullah,Haris Rauf,0,0,,,,,,,,,
1384422,2023/24,2023-10-31,"Eden Gardens, Kolkata",1,22.1,Bangladesh,Pakistan,Mahmudullah,Shakib Al Hasan,Iftikhar Ahmed,1,0,,,,,,,,,
1384422,2023/24,2023-10-31,"Eden Gardens, Kolkata",1,22.2,Bangladesh,Pakistan,Shakib Al Hasan,Mahmudullah,Iftikhar Ahmed,0,0,,,,,,,,,
1384422,2023/24,2023-10-31,"Eden Gardens, Kolkata",1,22.3,Bangladesh,Pakistan,Shakib Al Hasan,Mahmudullah,Iftikhar Ahmed,0,0,,,,,,,,,
1384422,2023/24,2023-10-31,"Eden Gardens, Kolkata",1,22.4,Bangladesh,Pakistan,Shakib Al Hasan,Mahmudullah,Iftikhar Ahmed,0,0,,,,,,,,,
1384422,2023/24,2023-10-31,"Eden Gardens, Kolkata",1,22.5,Bangladesh,Pakistan,Shakib Al Hasan,Mahmudullah,Iftikhar Ahmed,0,0,,,,,,,,,
1384422,2023/24,2023-10-31,"Eden Gardens, Kolkata",1,22.6,Bangladesh,Pakistan,Shakib Al Hasan,Mahmudullah,Iftikhar Ahmed,0,0,,,,,,,,,
1384422,2023/24,2023-10-31,"Eden Gardens, Kolkata",1,23.1,Bangladesh,Pakistan,Mahmudullah,Shakib Al Hasan,Haris Rauf,0,0,,,,,,,,,
1384422,2023/24,2023-10-31,"Eden Gardens, Kolkata",1,23.2,Bangladesh,Pakistan,Mahmudullah,Shakib Al Hasan,Haris Rauf,0,1,1,,,,,,,,
1384422,2023/24,2023-10-31,"Eden Gardens, Kolkata",1,23.3,Bangladesh,Pakistan,Mahmudullah,Shakib Al Hasan,Haris Rauf,0,1,1,,,,,,,,
1384422,2023/24,2023-10-31,"Eden Gardens, Kolkata",1,23.4,Bangladesh,Pakistan,Mahmudullah,Shakib Al Hasan,Haris Rauf,0,1,,,,1,,,,,
1384422,2023/24,2023-10-31,"Eden Gardens, Kolkata",1,23.5,Bangladesh,Pakistan,Shakib Al Hasan,Mahmudullah,Haris Rauf,1,0,,,,,,,,,
1384422,2023/24,2023-10-31,"Eden Gardens, Kolkata",1,23.6,Bangladesh,Pakistan,Mahmudullah,Shakib Al Hasan,Haris Rauf,0,0,,,,,,,,,
1384422,2023/24,2023-10-31,"Eden Gardens, Kolkata",1,23.7,Bangladesh,Pakistan,Mahmudullah,Shakib Al Hasan,Haris Rauf,0,0,,,,,,,,,
1384422,2023/24,2023-10-31,"Eden Gardens, Kolkata",1,23.8,Bangladesh,Pakistan,Mahmudullah,Shakib Al Hasan,Haris Rauf,0,0,,,,,,,,,
1384422,2023/24,2023-10-31,"Eden Gardens, Kolkata",1,24.1,Bangladesh,Pakistan,Shakib Al Hasan,Mahmudullah,Iftikhar Ahmed,0,0,,,,,,,,,
1384422,2023/24,2023-10-31,"Eden Gardens, Kolkata",1,24.2,Bangladesh,Pakistan,Shakib Al Hasan,Mahmudullah,Iftikhar Ahmed,0,0,,,,,,,,,
1384422,2023/24,2023-10-31,"Eden Gardens, Kolkata",1,24.3,Bangladesh,Pakistan,Shakib Al Hasan,Mahmudullah,Iftikhar Ahmed,0,0,,,,,,,,,
1384422,2023/24,2023-10-31,"Eden Gardens, Kolkata",1,24.4,Bangladesh,Pakistan,Shakib Al Hasan,Mahmudullah,Iftikhar Ahmed,0,0,,,,,,,,,
1384422,2023/24,2023-10-31,"Eden Gardens, Kolkata",1,24.5,Bangladesh,Pakistan,Shakib Al Hasan,Mahmudullah,Iftikhar Ahmed,0,0,,,,,,,,,
1384422,2023/24,2023-10-31,"Eden Gardens, Kolkata",1,24.6,Bangladesh,Pakistan,Shakib Al Hasan,Mahmudullah,Iftikhar Ahmed,1,0,,,,,,,,,
1384422,2023/24,2023-10-31,"Eden Gardens, Kolkata",1,25.1,Bangladesh,Pakistan,Shakib Al Hasan,Mahmudullah,Haris Rauf,1,0,,,,,,,,,
1384422,2023/24,2023-10-31,"Eden Gardens, Kolkata",1,25.2,Bangladesh,Pakistan,Mahmudullah,Shakib Al Hasan,Haris Rauf,0,0,,,,,,,,,
1384422,2023/24,2023-10-31,"Eden Gardens, Kolkata",1,25.3,Bangladesh,Pakistan,Mahmudullah,Shakib Al Hasan,Haris Rauf,1,0,,,,,,,,,
1384422,2023/24,2023-10-31,"Eden Gardens, Kolkata",1,25.4,Bangladesh,Pakistan,Shakib Al Hasan,Mahmudullah,Haris Rauf,0,0,,,,,,,,,
1384422,2023/24,2023-10-31,"Eden Gardens, Kolkata",1,25.5,Bangladesh,Pakistan,Shakib Al Hasan,Mahmudullah,Haris Rauf,1,0,,,,,,,,,
1384422,2023/24,2023-10-31,"Eden Gardens, Kolkata",1,25.6,Bangladesh,Pakistan,Mahmudullah,Shakib Al Hasan,Haris Rauf,1,0,,,,,,,,,
1384422,2023/24,2023-10-31,"Eden Gardens, Kolkata",1,26.1,Bangladesh,Pakistan,Mahmudullah,Shakib Al Hasan,Iftikhar Ahmed,1,0,,,,,,,,,
1384422,2023/24,2023-10-31,"Eden Gardens, Kolkata",1,26.2,Bangladesh,Pakistan,Shakib Al Hasan,Mahmudullah,Iftikhar Ahmed,1,0,,,,,,,,,
1384422,2023/24,2023-10-31,"Eden Gardens, Kolkata",1,26.3,Bangladesh,Pakistan,Mahmudullah,Shakib Al Hasan,Iftikhar Ahmed,0,0,,,,,,,,,
1384422,2023/24,2023-10-31,"Eden Gardens, Kolkata",1,26.4,Bangladesh,Pakistan,Mahmudullah,Shakib Al Hasan,Iftikhar Ahmed,0,0,,,,,,,,,
1384422,2023/24,2023-10-31,"Eden Gardens, Kolkata",1,26.5,Bangladesh,Pakistan,Mahmudullah,Shakib Al Hasan,Iftikhar Ahmed,1,0,,,,,,,,,
1384422,2023/24,2023-10-31,"Eden Gardens, Kolkata",1,26.6,Bangladesh,Pakistan,Shakib Al Hasan,Mahmudullah,Iftikhar Ahmed,1,0,,,,,,,,,
1384422,2023/24,2023-10-31,"Eden Gardens, Kolkata",1,27.1,Bangladesh,Pakistan,Shakib Al Hasan,Mahmudullah,Mohammad Wasim,4,0,,,,,,,,,
1384422,2023/24,2023-10-31,"Eden Gardens, Kolkata",1,27.2,Bangladesh,Pakistan,Shakib Al Hasan,Mahmudullah,Mohammad Wasim,0,0,,,,,,,,,
1384422,2023/24,2023-10-31,"Eden Gardens, Kolkata",1,27.3,Bangladesh,Pakistan,Shakib Al Hasan,Mahmudullah,Mohammad Wasim,0,0,,,,,,,,,
1384422,2023/24,2023-10-31,"Eden Gardens, Kolkata",1,27.4,Bangladesh,Pakistan,Shakib Al Hasan,Mahmudullah,Mohammad Wasim,0,0,,,,,,,,,
1384422,2023/24,2023-10-31,"Eden Gardens, Kolkata",1,27.5,Bangladesh,Pakistan,Shakib Al Hasan,Mahmudullah,Mohammad Wasim,0,0,,,,,,,,,
1384422,2023/24,2023-10-31,"Eden Gardens, Kolkata",1,27.6,Bangladesh,Pakistan,Shakib Al Hasan,Mahmudullah,Mohammad Wasim,0,0,,,,,,,,,
1384422,2023/24,2023-10-31,"Eden Gardens, Kolkata",1,28.1,Bangladesh,Pakistan,Mahmudullah,Shakib Al Hasan,Iftikhar Ahmed,1,0,,,,,,,,,
1384422,2023/24,2023-10-31,"Eden Gardens, Kolkata",1,28.2,Bangladesh,Pakistan,Shakib Al Hasan,Mahmudullah,Iftikhar Ahmed,1,0,,,,,,,,,
1384422,2023/24,2023-10-31,"Eden Gardens, Kolkata",1,28.3,Bangladesh,Pakistan,Mahmudullah,Shakib Al Hasan,Iftikhar Ahmed,1,0,,,,,,,,,
1384422,2023/24,2023-10-31,"Eden Gardens, Kolkata",1,28.4,Bangladesh,Pakistan,Shakib Al Hasan,Mahmudullah,Iftikhar Ahmed,0,0,,,,,,,,,
1384422,2023/24,2023-10-31,"Eden Gardens, Kolkata",1,28.5,Bangladesh,Pakistan,Shakib Al Hasan,Mahmudullah,Iftikhar Ahmed,0,0,,,,,,,,,
1384422,2023/24,2023-10-31,"Eden Gardens, Kolkata",1,28.6,Bangladesh,Pakistan,Shakib Al Hasan,Mahmudullah,Iftikhar Ahmed,0,0,,,,,,,,,
1384422,2023/24,2023-10-31,"Eden Gardens, Kolkata",1,29.1,Bangladesh,Pakistan,Mahmudullah,Shakib Al Hasan,Mohammad Wasim,1,0,,,,,,,,,
1384422,2023/24,2023-10-31,"Eden Gardens, Kolkata",1,29.2,Bangladesh,Pakistan,Shakib Al Hasan,Mahmudullah,Mohammad Wasim,0,0,,,,,,,,,
1384422,2023/24,2023-10-31,"Eden Gardens, Kolkata",1,29.3,Bangladesh,Pakistan,Shakib Al Hasan,Mahmudullah,Mohammad Wasim,1,0,,,,,,,,,
1384422,2023/24,2023-10-31,"Eden Gardens, Kolkata",1,29.4,Bangladesh,Pakistan,Mahmudullah,Shakib Al Hasan,Mohammad Wasim,1,0,,,,,,,,,
1384422,2023/24,2023-10-31,"Eden Gardens, Kolkata",1,29.5,Bangladesh,Pakistan,Shakib Al Hasan,Mahmudullah,Mohammad Wasim,0,1,,,,1,,,,,
1384422,2023/24,2023-10-31,"Eden Gardens, Kolkata",1,29.6,Bangladesh,Pakistan,Mahmudullah,Shakib Al Hasan,Mohammad Wasim,0,0,,,,,,,,,
1384422,2023/24,2023-10-31,"Eden Gardens, Kolkata",1,30.1,Bangladesh,Pakistan,Shakib Al Hasan,Mahmudullah,Shaheen Shah Afridi,0,1,1,,,,,,,,
1384422,2023/24,2023-10-31,"Eden Gardens, Kolkata",1,30.2,Bangladesh,Pakistan,Shakib Al Hasan,Mahmudullah,Shaheen Shah Afridi,1,0,,,,,,,,,
1384422,2023/24,2023-10-31,"Eden Gardens, Kolkata",1,30.3,Bangladesh,Pakistan,Mahmudullah,Shakib Al Hasan,Shaheen Shah Afridi,0,0,,,,,,,,,
1384422,2023/24,2023-10-31,"Eden Gardens, Kolkata",1,30.4,Bangladesh,Pakistan,Mahmudullah,Shakib Al Hasan,Shaheen Shah Afridi,0,0,,,,,,,,,
1384422,2023/24,2023-10-31,"Eden Gardens, Kolkata",1,30.5,Bangladesh,Pakistan,Mahmudullah,Shakib Al Hasan,Shaheen Shah Afridi,0,0,,,,,,bowled,Mahmudullah,,
1384422,2023/24,2023-10-31,"Eden Gardens, Kolkata",1,30.6,Bangladesh,Pakistan,Towhid Hridoy,Shakib Al Hasan,Shaheen Shah Afridi,0,1,1,,,,,,,,
1384422,2023/24,2023-10-31,"Eden Gardens, Kolkata",1,30.7,Bangladesh,Pakistan,Towhid Hridoy,Shakib Al Hasan,Shaheen Shah Afridi,1,0,,,,,,,,,
1384422,2023/24,2023-10-31,"Eden Gardens, Kolkata",1,30.8,Bangladesh,Pakistan,Shakib Al Hasan,Towhid Hridoy,Shaheen Shah Afridi,1,0,,,,,,,,,
1384422,2023/24,2023-10-31,"Eden Gardens, Kolkata",1,31.1,Bangladesh,Pakistan,Shakib Al Hasan,Towhid Hridoy,Usama Mir,1,0,,,,,,,,,
1384422,2023/24,2023-10-31,"Eden Gardens, Kolkata",1,31.2,Bangladesh,Pakistan,Towhid Hridoy,Shakib Al Hasan,Usama Mir,6,0,,,,,,,,,
1384422,2023/24,2023-10-31,"Eden Gardens, Kolkata",1,31.3,Bangladesh,Pakistan,Towhid Hridoy,Shakib Al Hasan,Usama Mir,0,0,,,,,,caught,Towhid Hridoy,,
1384422,2023/24,2023-10-31,"Eden Gardens, Kolkata",1,31.4,Bangladesh,Pakistan,Mehedi Hasan Miraz,Shakib Al Hasan,Usama Mir,0,0,,,,,,,,,
1384422,2023/24,2023-10-31,"Eden Gardens, Kolkata",1,31.5,Bangladesh,Pakistan,Mehedi Hasan Miraz,Shakib Al Hasan,Usama Mir,1,0,,,,,,,,,
1384422,2023/24,2023-10-31,"Eden Gardens, Kolkata",1,31.6,Bangladesh,Pakistan,Shakib Al Hasan,Mehedi Hasan Miraz,Usama Mir,0,0,,,,,,,,,
1384422,2023/24,2023-10-31,"Eden Gardens, Kolkata",1,32.1,Bangladesh,Pakistan,Mehedi Hasan Miraz,Shakib Al Hasan,Shaheen Shah Afridi,0,0,,,,,,,,,
1384422,2023/24,2023-10-31,"Eden Gardens, Kolkata",1,32.2,Bangladesh,Pakistan,Mehedi Hasan Miraz,Shakib Al Hasan,Shaheen Shah Afridi,1,0,,,,,,,,,
1384422,2023/24,2023-10-31,"Eden Gardens, Kolkata",1,32.3,Bangladesh,Pakistan,Shakib Al Hasan,Mehedi Hasan Miraz,Shaheen Shah Afridi,2,0,,,,,,,,,
1384422,2023/24,2023-10-31,"Eden Gardens, Kolkata",1,32.4,Bangladesh,Pakistan,Shakib Al Hasan,Mehedi Hasan Miraz,Shaheen Shah Afridi,0,0,,,,,,,,,
1384422,2023/24,2023-10-31,"Eden Gardens, Kolkata",1,32.5,Bangladesh,Pakistan,Shakib Al Hasan,Mehedi Hasan Miraz,Shaheen Shah Afridi,1,0,,,,,,,,,
1384422,2023/24,2023-10-31,"Eden Gardens, Kolkata",1,32.6,Bangladesh,Pakistan,Mehedi Hasan Miraz,Shakib Al Hasan,Shaheen Shah Afridi,0,0,,,,,,,,,
1384422,2023/24,2023-10-31,"Eden Gardens, Kolkata",1,33.1,Bangladesh,Pakistan,Shakib Al Hasan,Mehedi Hasan Miraz,Usama Mir,1,0,,,,,,,,,
1384422,2023/24,2023-10-31,"Eden Gardens, Kolkata",1,33.2,Bangladesh,Pakistan,Mehedi Hasan Miraz,Shakib Al Hasan,Usama Mir,1,0,,,,,,,,,
1384422,2023/24,2023-10-31,"Eden Gardens, Kolkata",1,33.3,Bangladesh,Pakistan,Shakib Al Hasan,Mehedi Hasan Miraz,Usama Mir,0,0,,,,,,,,,
1384422,2023/24,2023-10-31,"Eden Gardens, Kolkata",1,33.4,Bangladesh,Pakistan,Shakib Al Hasan,Mehedi Hasan Miraz,Usama Mir,0,0,,,,,,,,,
1384422,2023/24,2023-10-31,"Eden Gardens, Kolkata",1,33.5,Bangladesh,Pakistan,Shakib Al Hasan,Mehedi Hasan Miraz,Usama Mir,1,0,,,,,,,,,
1384422,2023/24,2023-10-31,"Eden Gardens, Kolkata",1,33.6,Bangladesh,Pakistan,Mehedi Hasan Miraz,Shakib Al Hasan,Usama Mir,1,0,,,,,,,,,
1384422,2023/24,2023-10-31,"Eden Gardens, Kolkata",1,34.1,Bangladesh,Pakistan,Mehedi Hasan Miraz,Shakib Al Hasan,Haris Rauf,1,0,,,,,,,,,
1384422,2023/24,2023-10-31,"Eden Gardens, Kolkata",1,34.2,Bangladesh,Pakistan,Shakib Al Hasan,Mehedi Hasan Miraz,Haris Rauf,0,0,,,,,,,,,
1384422,2023/24,2023-10-31,"Eden Gardens, Kolkata",1,34.3,Bangladesh,Pakistan,Shakib Al Hasan,Mehedi Hasan Miraz,Haris Rauf,2,0,,,,,,,,,
1384422,2023/24,2023-10-31,"Eden Gardens, Kolkata",1,34.4,Bangladesh,Pakistan,Shakib Al Hasan,Mehedi Hasan Miraz,Haris Rauf,0,0,,,,,,,,,
1384422,2023/24,2023-10-31,"Eden Gardens, Kolkata",1,34.5,Bangladesh,Pakistan,Shakib Al Hasan,Mehedi Hasan Miraz,Haris Rauf,0,0,,,,,,,,,
1384422,2023/24,2023-10-31,"Eden Gardens, Kolkata",1,34.6,Bangladesh,Pakistan,Shakib Al Hasan,Mehedi Hasan Miraz,Haris Rauf,1,0,,,,,,,,,
1384422,2023/24,2023-10-31,"Eden Gardens, Kolkata",1,35.1,Bangladesh,Pakistan,Shakib Al Hasan,Mehedi Hasan Miraz,Usama Mir,1,0,,,,,,,,,
1384422,2023/24,2023-10-31,"Eden Gardens, Kolkata",1,35.2,Bangladesh,Pakistan,Mehedi Hasan Miraz,Shakib Al Hasan,Usama Mir,1,0,,,,,,,,,
1384422,2023/24,2023-10-31,"Eden Gardens, Kolkata",1,35.3,Bangladesh,Pakistan,Shakib Al Hasan,Mehedi Hasan Miraz,Usama Mir,0,0,,,,,,,,,
1384422,2023/24,2023-10-31,"Eden Gardens, Kolkata",1,35.4,Bangladesh,Pakistan,Shakib Al Hasan,Mehedi Hasan Miraz,Usama Mir,1,0,,,,,,,,,
1384422,2023/24,2023-10-31,"Eden Gardens, Kolkata",1,35.5,Bangladesh,Pakistan,Mehedi Hasan Miraz,Shakib Al Hasan,Usama Mir,1,0,,,,,,,,,
1384422,2023/24,2023-10-31,"Eden Gardens, Kolkata",1,35.6,Bangladesh,Pakistan,Shakib Al Hasan,Mehedi Hasan Miraz,Usama Mir,1,0,,,,,,,,,
1384422,2023/24,2023-10-31,"Eden Gardens, Kolkata",1,36.1,Bangladesh,Pakistan,Shakib Al Hasan,Mehedi Hasan Miraz,Iftikhar Ahmed,4,0,,,,,,,,,
1384422,2023/24,2023-10-31,"Eden Gardens, Kolkata",1,36.2,Bangladesh,Pakistan,Shakib Al Hasan,Mehedi Hasan Miraz,Iftikhar Ahmed,4,0,,,,,,,,,
1384422,2023/24,2023-10-31,"Eden Gardens, Kolkata",1,36.3,Bangladesh,Pakistan,Shakib Al Hasan,Mehedi Hasan Miraz,Iftikhar Ahmed,4,0,,,,,,,,,
1384422,2023/24,2023-10-31,"Eden Gardens, Kolkata",1,36.4,Bangladesh,Pakistan,Shakib Al Hasan,Mehedi Hasan Miraz,Iftikhar Ahmed,1,0,,,,,,,,,
1384422,2023/24,2023-10-31,"Eden Gardens, Kolkata",1,36.5,Bangladesh,Pakistan,Mehedi Hasan Miraz,Shakib Al Hasan,Iftikhar Ahmed,0,0,,,,,,,,,
1384422,2023/24,2023-10-31,"Eden Gardens, Kolkata",1,36.6,Bangladesh,Pakistan,Mehedi Hasan Miraz,Shakib Al Hasan,Iftikhar Ahmed,1,0,,,,,,,,,
1384422,2023/24,2023-10-31,"Eden Gardens, Kolkata",1,37.1,Bangladesh,Pakistan,Mehedi Hasan Miraz,Shakib Al Hasan,Usama Mir,1,0,,,,,,,,,
1384422,2023/24,2023-10-31,"Eden Gardens, Kolkata",1,37.2,Bangladesh,Pakistan,Shakib Al Hasan,Mehedi Hasan Miraz,Usama Mir,1,0,,,,,,,,,
1384422,2023/24,2023-10-31,"Eden Gardens, Kolkata",1,37.3,Bangladesh,Pakistan,Mehedi Hasan Miraz,Shakib Al Hasan,Usama Mir,1,0,,,,,,,,,
1384422,2023/24,2023-10-31,"Eden Gardens, Kolkata",1,37.4,Bangladesh,Pakistan,Shakib Al Hasan,Mehedi Hasan Miraz,Usama Mir,1,0,,,,,,,,,
1384422,2023/24,2023-10-31,"Eden Gardens, Kolkata",1,37.5,Bangladesh,Pakistan,Mehedi Hasan Miraz,Shakib Al Hasan,Usama Mir,6,0,,,,,,,,,
1384422,2023/24,2023-10-31,"Eden Gardens, Kolkata",1,37.6,Bangladesh,Pakistan,Mehedi Hasan Miraz,Shakib Al Hasan,Usama Mir,0,0,,,,,,,,,
1384422,2023/24,2023-10-31,"Eden Gardens, Kolkata",1,38.1,Bangladesh,Pakistan,Shakib Al Hasan,Mehedi Hasan Miraz,Mohammad Wasim,0,0,,,,,,,,,
1384422,2023/24,2023-10-31,"Eden Gardens, Kolkata",1,38.2,Bangladesh,Pakistan,Shakib Al Hasan,Mehedi Hasan Miraz,Mohammad Wasim,0,0,,,,,,,,,
1384422,2023/24,2023-10-31,"Eden Gardens, Kolkata",1,38.3,Bangladesh,Pakistan,Shakib Al Hasan,Mehedi Hasan Miraz,Mohammad Wasim,1,0,,,,,,,,,
1384422,2023/24,2023-10-31,"Eden Gardens, Kolkata",1,38.4,Bangladesh,Pakistan,Mehedi Hasan Miraz,Shakib Al Hasan,Mohammad Wasim,0,0,,,,,,,,,
1384422,2023/24,2023-10-31,"Eden Gardens, Kolkata",1,38.5,Bangladesh,Pakistan,Mehedi Hasan Miraz,Shakib Al Hasan,Mohammad Wasim,0,0,,,,,,,,,
1384422,2023/24,2023-10-31,"Eden Gardens, Kolkata",1,38.6,Bangladesh,Pakistan,Mehedi Hasan Miraz,Shakib Al Hasan,Mohammad Wasim,0,0,,,,,,,,,
1384422,2023/24,2023-10-31,"Eden Gardens, Kolkata",1,39.1,Bangladesh,Pakistan,Shakib Al Hasan,Mehedi Hasan Miraz,Haris Rauf,1,0,,,,,,,,,
1384422,2023/24,2023-10-31,"Eden Gardens, Kolkata",1,39.2,Bangladesh,Pakistan,Mehedi Hasan Miraz,Shakib Al Hasan,Haris Rauf,1,0,,,,,,,,,
1384422,2023/24,2023-10-31,"Eden Gardens, Kolkata",1,39.3,Bangladesh,Pakistan,Shakib Al Hasan,Mehedi Hasan Miraz,Haris Rauf,0,0,,,,,,caught,Shakib Al Hasan,,
1384422,2023/24,2023-10-31,"Eden Gardens, Kolkata",1,39.4,Bangladesh,Pakistan,Taskin Ahmed,Mehedi Hasan Miraz,Haris Rauf,0,0,,,,,,,,,
1384422,2023/24,2023-10-31,"Eden Gardens, Kolkata",1,39.5,Bangladesh,Pakistan,Taskin Ahmed,Mehedi Hasan Miraz,Haris Rauf,2,0,,,,,,,,,
1384422,2023/24,2023-10-31,"Eden Gardens, Kolkata",1,39.6,Bangladesh,Pakistan,Taskin Ahmed,Mehedi Hasan Miraz,Haris Rauf,1,0,,,,,,,,,
1384422,2023/24,2023-10-31,"Eden Gardens, Kolkata",1,40.1,Bangladesh,Pakistan,Taskin Ahmed,Mehedi Hasan Miraz,Iftikhar Ahmed,0,0,,,,,,,,,
1384422,2023/24,2023-10-31,"Eden Gardens, Kolkata",1,40.2,Bangladesh,Pakistan,Taskin Ahmed,Mehedi Hasan Miraz,Iftikhar Ahmed,1,0,,,,,,,,,
1384422,2023/24,2023-10-31,"Eden Gardens, Kolkata",1,40.3,Bangladesh,Pakistan,Mehedi Hasan Miraz,Taskin Ahmed,Iftikhar Ahmed,1,0,,,,,,,,,
1384422,2023/24,2023-10-31,"Eden Gardens, Kolkata",1,40.4,Bangladesh,Pakistan,Taskin Ahmed,Mehedi Hasan Miraz,Iftikhar Ahmed,0,0,,,,,,,,,
1384422,2023/24,2023-10-31,"Eden Gardens, Kolkata",1,40.5,Bangladesh,Pakistan,Taskin Ahmed,Mehedi Hasan Miraz,Iftikhar Ahmed,0,0,,,,,,,,,
1384422,2023/24,2023-10-31,"Eden Gardens, Kolkata",1,40.6,Bangladesh,Pakistan,Taskin Ahmed,Mehedi Hasan Miraz,Iftikhar Ahmed,1,0,,,,,,,,,
1384422,2023/24,2023-10-31,"Eden Gardens, Kolkata",1,41.1,Bangladesh,Pakistan,Taskin Ahmed,Mehedi Hasan Miraz,Usama Mir,1,0,,,,,,,,,
1384422,2023/24,2023-10-31,"Eden Gardens, Kolkata",1,41.2,Bangladesh,Pakistan,Mehedi Hasan Miraz,Taskin Ahmed,Usama Mir,2,0,,,,,,,,,
1384422,2023/24,2023-10-31,"Eden Gardens, Kolkata",1,41.3,Bangladesh,Pakistan,Mehedi Hasan Miraz,Taskin Ahmed,Usama Mir,4,0,,,,,,,,,
1384422,2023/24,2023-10-31,"Eden Gardens, Kolkata",1,41.4,Bangladesh,Pakistan,Mehedi Hasan Miraz,Taskin Ahmed,Usama Mir,0,0,,,,,,,,,
1384422,2023/24,2023-10-31,"Eden Gardens, Kolkata",1,41.5,Bangladesh,Pakistan,Mehedi Hasan Miraz,Taskin Ahmed,Usama Mir,0,0,,,,,,,,,
1384422,2023/24,2023-10-31,"Eden Gardens, Kolkata",1,41.6,Bangladesh,Pakistan,Mehedi Hasan Miraz,Taskin Ahmed,Usama Mir,0,0,,,,,,,,,
1384422,2023/24,2023-10-31,"Eden Gardens, Kolkata",1,42.1,Bangladesh,Pakistan,Taskin Ahmed,Mehedi Hasan Miraz,Shaheen Shah Afridi,0,0,,,,,,,,,
1384422,2023/24,2023-10-31,"Eden Gardens, Kolkata",1,42.2,Bangladesh,Pakistan,Taskin Ahmed,Mehedi Hasan Miraz,Shaheen Shah Afridi,0,0,,,,,,,,,
1384422,2023/24,2023-10-31,"Eden Gardens, Kolkata",1,42.3,Bangladesh,Pakistan,Taskin Ahmed,Mehedi Hasan Miraz,Shaheen Shah Afridi,0,1,,,,1,,,,,
1384422,2023/24,2023-10-31,"Eden Gardens, Kolkata",1,42.4,Bangladesh,Pakistan,Mehedi Hasan Miraz,Taskin Ahmed,Shaheen Shah Afridi,0,0,,,,,,,,,
1384422,2023/24,2023-10-31,"Eden Gardens, Kolkata",1,42.5,Bangladesh,Pakistan,Mehedi Hasan Miraz,Taskin Ahmed,Shaheen Shah Afridi,0,0,,,,,,,,,
1384422,2023/24,2023-10-31,"Eden Gardens, Kolkata",1,42.6,Bangladesh,Pakistan,Mehedi Hasan Miraz,Taskin Ahmed,Shaheen Shah Afridi,1,0,,,,,,,,,
1384422,2023/24,2023-10-31,"Eden Gardens, Kolkata",1,43.1,Bangladesh,Pakistan,Mehedi Hasan Miraz,Taskin Ahmed,Mohammad Wasim,0,0,,,,,,bowled,Mehedi Hasan Miraz,,
1384422,2023/24,2023-10-31,"Eden Gardens, Kolkata",1,43.2,Bangladesh,Pakistan,Mustafizur Rahman,Taskin Ahmed,Mohammad Wasim,1,0,,,,,,,,,
1384422,2023/24,2023-10-31,"Eden Gardens, Kolkata",1,43.3,Bangladesh,Pakistan,Taskin Ahmed,Mustafizur Rahman,Mohammad Wasim,0,0,,,,,,bowled,Taskin Ahmed,,
1384422,2023/24,2023-10-31,"Eden Gardens, Kolkata",1,43.4,Bangladesh,Pakistan,Shoriful Islam,Mustafizur Rahman,Mohammad Wasim,0,0,,,,,,,,,
1384422,2023/24,2023-10-31,"Eden Gardens, Kolkata",1,43.5,Bangladesh,Pakistan,Shoriful Islam,Mustafizur Rahman,Mohammad Wasim,0,0,,,,,,,,,
1384422,2023/24,2023-10-31,"Eden Gardens, Kolkata",1,43.6,Bangladesh,Pakistan,Shoriful Islam,Mustafizur Rahman,Mohammad Wasim,0,0,,,,,,,,,
1384422,2023/24,2023-10-31,"Eden Gardens, Kolkata",1,44.1,Bangladesh,Pakistan,Mustafizur Rahman,Shoriful Islam,Shaheen Shah Afridi,0,0,,,,,,,,,
1384422,2023/24,2023-10-31,"Eden Gardens, Kolkata",1,44.2,Bangladesh,Pakistan,Mustafizur Rahman,Shoriful Islam,Shaheen Shah Afridi,0,0,,,,,,,,,
1384422,2023/24,2023-10-31,"Eden Gardens, Kolkata",1,44.3,Bangladesh,Pakistan,Mustafizur Rahman,Shoriful Islam,Shaheen Shah Afridi,0,0,,,,,,,,,
1384422,2023/24,2023-10-31,"Eden Gardens, Kolkata",1,44.4,Bangladesh,Pakistan,Mustafizur Rahman,Shoriful Islam,Shaheen Shah Afridi,1,0,,,,,,,,,
1384422,2023/24,2023-10-31,"Eden Gardens, Kolkata",1,44.5,Bangladesh,Pakistan,Shoriful Islam,Mustafizur Rahman,Shaheen Shah Afridi,1,0,,,,,,,,,
1384422,2023/24,2023-10-31,"Eden Gardens, Kolkata",1,44.6,Bangladesh,Pakistan,Mustafizur Rahman,Shoriful Islam,Shaheen Shah Afridi,1,0,,,,,,,,,
1384422,2023/24,2023-10-31,"Eden Gardens, Kolkata",1,45.1,Bangladesh,Pakistan,Mustafizur Rahman,Shoriful Islam,Mohammad Wasim,0,0,,,,,,bowled,Mustafizur Rahman,,
1384422,2023/24,2023-10-31,"Eden Gardens, Kolkata",2,0.1,Pakistan,Bangladesh,Abdullah Shafique,Fakhar Zaman,Taskin Ahmed,0,0,,,,,,,,,
1384422,2023/24,2023-10-31,"Eden Gardens, Kolkata",2,0.2,Pakistan,Bangladesh,Abdullah Shafique,Fakhar Zaman,Taskin Ahmed,0,0,,,,,,,,,
1384422,2023/24,2023-10-31,"Eden Gardens, Kolkata",2,0.3,Pakistan,Bangladesh,Abdullah Shafique,Fakhar Zaman,Taskin Ahmed,1,0,,,,,,,,,
1384422,2023/24,2023-10-31,"Eden Gardens, Kolkata",2,0.4,Pakistan,Bangladesh,Fakhar Zaman,Abdullah Shafique,Taskin Ahmed,1,0,,,,,,,,,
1384422,2023/24,2023-10-31,"Eden Gardens, Kolkata",2,0.5,Pakistan,Bangladesh,Abdullah Shafique,Fakhar Zaman,Taskin Ahmed,4,0,,,,,,,,,
1384422,2023/24,2023-10-31,"Eden Gardens, Kolkata",2,0.6,Pakistan,Bangladesh,Abdullah Shafique,Fakhar Zaman,Taskin Ahmed,0,0,,,,,,,,,
1384422,2023/24,2023-10-31,"Eden Gardens, Kolkata",2,1.1,Pakistan,Bangladesh,Fakhar Zaman,Abdullah Shafique,Shoriful Islam,0,0,,,,,,,,,
1384422,2023/24,2023-10-31,"Eden Gardens, Kolkata",2,1.2,Pakistan,Bangladesh,Fakhar Zaman,Abdullah Shafique,Shoriful Islam,0,0,,,,,,,,,
1384422,2023/24,2023-10-31,"Eden Gardens, Kolkata",2,1.3,Pakistan,Bangladesh,Fakhar Zaman,Abdullah Shafique,Shoriful Islam,0,0,,,,,,,,,
1384422,2023/24,2023-10-31,"Eden Gardens, Kolkata",2,1.4,Pakistan,Bangladesh,Fakhar Zaman,Abdullah Shafique,Shoriful Islam,0,0,,,,,,,,,
1384422,2023/24,2023-10-31,"Eden Gardens, Kolkata",2,1.5,Pakistan,Bangladesh,Fakhar Zaman,Abdullah Shafique,Shoriful Islam,0,0,,,,,,,,,
1384422,2023/24,2023-10-31,"Eden Gardens, Kolkata",2,1.6,Pakistan,Bangladesh,Fakhar Zaman,Abdullah Shafique,Shoriful Islam,0,0,,,,,,,,,
1384422,2023/24,2023-10-31,"Eden Gardens, Kolkata",2,2.1,Pakistan,Bangladesh,Abdullah Shafique,Fakhar Zaman,Taskin Ahmed,0,0,,,,,,,,,
1384422,2023/24,2023-10-31,"Eden Gardens, Kolkata",2,2.2,Pakistan,Bangladesh,Abdullah Shafique,Fakhar Zaman,Taskin Ahmed,0,0,,,,,,,,,
1384422,2023/24,2023-10-31,"Eden Gardens, Kolkata",2,2.3,Pakistan,Bangladesh,Abdullah Shafique,Fakhar Zaman,Taskin Ahmed,0,0,,,,,,,,,
1384422,2023/24,2023-10-31,"Eden Gardens, Kolkata",2,2.4,Pakistan,Bangladesh,Abdullah Shafique,Fakhar Zaman,Taskin Ahmed,0,0,,,,,,,,,
1384422,2023/24,2023-10-31,"Eden Gardens, Kolkata",2,2.5,Pakistan,Bangladesh,Abdullah Shafique,Fakhar Zaman,Taskin Ahmed,0,0,,,,,,,,,
1384422,2023/24,2023-10-31,"Eden Gardens, Kolkata",2,2.6,Pakistan,Bangladesh,Abdullah Shafique,Fakhar Zaman,Taskin Ahmed,0,0,,,,,,,,,
1384422,2023/24,2023-10-31,"Eden Gardens, Kolkata",2,3.1,Pakistan,Bangladesh,Fakhar Zaman,Abdullah Shafique,Shoriful Islam,2,0,,,,,,,,,
1384422,2023/24,2023-10-31,"Eden Gardens, Kolkata",2,3.2,Pakistan,Bangladesh,Fakhar Zaman,Abdullah Shafique,Shoriful Islam,0,1,1,,,,,,,,
1384422,2023/24,2023-10-31,"Eden Gardens, Kolkata",2,3.3,Pakistan,Bangladesh,Fakhar Zaman,Abdullah Shafique,Shoriful Islam,0,1,,,,1,,,,,
1384422,2023/24,2023-10-31,"Eden Gardens, Kolkata",2,3.4,Pakistan,Bangladesh,Abdullah Shafique,Fakhar Zaman,Shoriful Islam,4,0,,,,,,,,,
1384422,2023/24,2023-10-31,"Eden Gardens, Kolkata",2,3.5,Pakistan,Bangladesh,Abdullah Shafique,Fakhar Zaman,Shoriful Islam,0,0,,,,,,,,,
1384422,2023/24,2023-10-31,"Eden Gardens, Kolkata",2,3.6,Pakistan,Bangladesh,Abdullah Shafique,Fakhar Zaman,Shoriful Islam,2,0,,,,,,,,,
1384422,2023/24,2023-10-31,"Eden Gardens, Kolkata",2,3.7,Pakistan,Bangladesh,Abdullah Shafique,Fakhar Zaman,Shoriful Islam,0,0,,,,,,,,,
1384422,2023/24,2023-10-31,"Eden Gardens, Kolkata",2,4.1,Pakistan,Bangladesh,Fakhar Zaman,Abdullah Shafique,Taskin Ahmed,0,0,,,,,,,,,
1384422,2023/24,2023-10-31,"Eden Gardens, Kolkata",2,4.2,Pakistan,Bangladesh,Fakhar Zaman,Abdullah Shafique,Taskin Ahmed,0,0,,,,,,,,,
1384422,2023/24,2023-10-31,"Eden Gardens, Kolkata",2,4.3,Pakistan,Bangladesh,Fakhar Zaman,Abdullah Shafique,Taskin Ahmed,6,0,,,,,,,,,
1384422,2023/24,2023-10-31,"Eden Gardens, Kolkata",2,4.4,Pakistan,Bangladesh,Fakhar Zaman,Abdullah Shafique,Taskin Ahmed,1,0,,,,,,,,,
1384422,2023/24,2023-10-31,"Eden Gardens, Kolkata",2,4.5,Pakistan,Bangladesh,Abdullah Shafique,Fakhar Zaman,Taskin Ahmed,0,0,,,,,,,,,
1384422,2023/24,2023-10-31,"Eden Gardens, Kolkata",2,4.6,Pakistan,Bangladesh,Abdullah Shafique,Fakhar Zaman,Taskin Ahmed,0,0,,,,,,,,,
1384422,2023/24,2023-10-31,"Eden Gardens, Kolkata",2,5.1,Pakistan,Bangladesh,Fakhar Zaman,Abdullah Shafique,Mehedi Hasan Miraz,0,0,,,,,,,,,
1384422,2023/24,2023-10-31,"Eden Gardens, Kolkata",2,5.2,Pakistan,Bangladesh,Fakhar Zaman,Abdullah Shafique,Mehedi Hasan Miraz,0,0,,,,,,,,,
1384422,2023/24,2023-10-31,"Eden Gardens, Kolkata",2,5.3,Pakistan,Bangladesh,Fakhar Zaman,Abdullah Shafique,Mehedi Hasan Miraz,1,0,,,,,,,,,
1384422,2023/24,2023-10-31,"Eden Gardens, Kolkata",2,5.4,Pakistan,Bangladesh,Abdullah Shafique,Fakhar Zaman,Mehedi Hasan Miraz,0,0,,,,,,,,,
1384422,2023/24,2023-10-31,"Eden Gardens, Kolkata",2,5.5,Pakistan,Bangladesh,Abdullah Shafique,Fakhar Zaman,Mehedi Hasan Miraz,4,0,,,,,,,,,
1384422,2023/24,2023-10-31,"Eden Gardens, Kolkata",2,5.6,Pakistan,Bangladesh,Abdullah Shafique,Fakhar Zaman,Mehedi Hasan Miraz,0,0,,,,,,,,,
1384422,2023/24,2023-10-31,"Eden Gardens, Kolkata",2,6.1,Pakistan,Bangladesh,Fakhar Zaman,Abdullah Shafique,Taskin Ahmed,0,0,,,,,,,,,
1384422,2023/24,2023-10-31,"Eden Gardens, Kolkata",2,6.2,Pakistan,Bangladesh,Fakhar Zaman,Abdullah Shafique,Taskin Ahmed,1,0,,,,,,,,,
1384422,2023/24,2023-10-31,"Eden Gardens, Kolkata",2,6.3,Pakistan,Bangladesh,Abdullah Shafique,Fakhar Zaman,Taskin Ahmed,4,0,,,,,,,,,
1384422,2023/24,2023-10-31,"Eden Gardens, Kolkata",2,6.4,Pakistan,Bangladesh,Abdullah Shafique,Fakhar Zaman,Taskin Ahmed,0,0,,,,,,,,,
1384422,2023/24,2023-10-31,"Eden Gardens, Kolkata",2,6.5,Pakistan,Bangladesh,Abdullah Shafique,Fakhar Zaman,Taskin Ahmed,0,0,,,,,,,,,
1384422,2023/24,2023-10-31,"Eden Gardens, Kolkata",2,6.6,Pakistan,Bangladesh,Abdullah Shafique,Fakhar Zaman,Taskin Ahmed,0,0,,,,,,,,,
1384422,2023/24,2023-10-31,"Eden Gardens, Kolkata",2,7.1,Pakistan,Bangladesh,Fakhar Zaman,Abdullah Shafique,Mehedi Hasan Miraz,0,0,,,,,,,,,
1384422,2023/24,2023-10-31,"Eden Gardens, Kolkata",2,7.2,Pakistan,Bangladesh,Fakhar Zaman,Abdullah Shafique,Mehedi Hasan Miraz,1,0,,,,,,,,,
1384422,2023/24,2023-10-31,"Eden Gardens, Kolkata",2,7.3,Pakistan,Bangladesh,Abdullah Shafique,Fakhar Zaman,Mehedi Hasan Miraz,1,0,,,,,,,,,
1384422,2023/24,2023-10-31,"Eden Gardens, Kolkata",2,7.4,Pakistan,Bangladesh,Fakhar Zaman,Abdullah Shafique,Mehedi Hasan Miraz,0,0,,,,,,,,,
1384422,2023/24,2023-10-31,"Eden Gardens, Kolkata",2,7.5,Pakistan,Bangladesh,Fakhar Zaman,Abdullah Shafique,Mehedi Hasan Miraz,6,0,,,,,,,,,
1384422,2023/24,2023-10-31,"Eden Gardens, Kolkata",2,7.6,Pakistan,Bangladesh,Fakhar Zaman,Abdullah Shafique,Mehedi Hasan Miraz,1,0,,,,,,,,,
1384422,2023/24,2023-10-31,"Eden Gardens, Kolkata",2,8.1,Pakistan,Bangladesh,Fakhar Zaman,Abdullah Shafique,Mustafizur Rahman,0,0,,,,,,,,,
1384422,2023/24,2023-10-31,"Eden Gardens, Kolkata",2,8.2,Pakistan,Bangladesh,Fakhar Zaman,Abdullah Shafique,Mustafizur Rahman,0,0,,,,,,,,,
1384422,2023/24,2023-10-31,"Eden Gardens, Kolkata",2,8.3,Pakistan,Bangladesh,Fakhar Zaman,Abdullah Shafique,Mustafizur Rahman,4,0,,,,,,,,,
1384422,2023/24,2023-10-31,"Eden Gardens, Kolkata",2,8.4,Pakistan,Bangladesh,Fakhar Zaman,Abdullah Shafique,Mustafizur Rahman,0,0,,,,,,,,,
1384422,2023/24,2023-10-31,"Eden Gardens, Kolkata",2,8.5,Pakistan,Bangladesh,Fakhar Zaman,Abdullah Shafique,Mustafizur Rahman,0,0,,,,,,,,,
1384422,2023/24,2023-10-31,"Eden Gardens, Kolkata",2,8.6,Pakistan,Bangladesh,Fakhar Zaman,Abdullah Shafique,Mustafizur Rahman,1,0,,,,,,,,,
1384422,2023/24,2023-10-31,"Eden Gardens, Kolkata",2,9.1,Pakistan,Bangladesh,Fakhar Zaman,Abdullah Shafique,Shoriful Islam,4,0,,,,,,,,,
1384422,2023/24,2023-10-31,"Eden Gardens, Kolkata",2,9.2,Pakistan,Bangladesh,Fakhar Zaman,Abdullah Shafique,Shoriful Islam,0,0,,,,,,,,,
1384422,2023/24,2023-10-31,"Eden Gardens, Kolkata",2,9.3,Pakistan,Bangladesh,Fakhar Zaman,Abdullah Shafique,Shoriful Islam,0,0,,,,,,,,,
1384422,2023/24,2023-10-31,"Eden Gardens, Kolkata",2,9.4,Pakistan,Bangladesh,Fakhar Zaman,Abdullah Shafique,Shoriful Islam,1,0,,,,,,,,,
1384422,2023/24,2023-10-31,"Eden Gardens, Kolkata",2,9.5,Pakistan,Bangladesh,Abdullah Shafique,Fakhar Zaman,Shoriful Islam,0,0,,,,,,,,,
1384422,2023/24,2023-10-31,"Eden Gardens, Kolkata",2,9.6,Pakistan,Bangladesh,Abdullah Shafique,Fakhar Zaman,Shoriful Islam,0,0,,,,,,,,,
1384422,2023/24,2023-10-31,"Eden Gardens, Kolkata",2,10.1,Pakistan,Bangladesh,Fakhar Zaman,Abdullah Shafique,Mustafizur Rahman,1,0,,,,,,,,,
1384422,2023/24,2023-10-31,"Eden Gardens, Kolkata",2,10.2,Pakistan,Bangladesh,Abdullah Shafique,Fakhar Zaman,Mustafizur Rahman,0,0,,,,,,,,,
1384422,2023/24,2023-10-31,"Eden Gardens, Kolkata",2,10.3,Pakistan,Bangladesh,Abdullah Shafique,Fakhar Zaman,Mustafizur Rahman,0,0,,,,,,,,,
1384422,2023/24,2023-10-31,"Eden Gardens, Kolkata",2,10.4,Pakistan,Bangladesh,Abdullah Shafique,Fakhar Zaman,Mustafizur Rahman,0,0,,,,,,,,,
1384422,2023/24,2023-10-31,"Eden Gardens, Kolkata",2,10.5,Pakistan,Bangladesh,Abdullah Shafique,Fakhar Zaman,Mustafizur Rahman,0,0,,,,,,,,,
1384422,2023/24,2023-10-31,"Eden Gardens, Kolkata",2,10.6,Pakistan,Bangladesh,Abdullah Shafique,Fakhar Zaman,Mustafizur Rahman,1,0,,,,,,,,,
1384422,2023/24,2023-10-31,"Eden Gardens, Kolkata",2,11.1,Pakistan,Bangladesh,Abdullah Shafique,Fakhar Zaman,Shoriful Islam,0,0,,,,,,,,,
1384422,2023/24,2023-10-31,"Eden Gardens, Kolkata",2,11.2,Pakistan,Bangladesh,Abdullah Shafique,Fakhar Zaman,Shoriful Islam,0,0,,,,,,,,,
1384422,2023/24,2023-10-31,"Eden Gardens, Kolkata",2,11.3,Pakistan,Bangladesh,Abdullah Shafique,Fakhar Zaman,Shoriful Islam,4,0,,,,,,,,,
1384422,2023/24,2023-10-31,"Eden Gardens, Kolkata",2,11.4,Pakistan,Bangladesh,Abdullah Shafique,Fakhar Zaman,Shoriful Islam,1,0,,,,,,,,,
1384422,2023/24,2023-10-31,"Eden Gardens, Kolkata",2,11.5,Pakistan,Bangladesh,Fakhar Zaman,Abdullah Shafique,Shoriful Islam,6,0,,,,,,,,,
1384422,2023/24,2023-10-31,"Eden Gardens, Kolkata",2,11.6,Pakistan,Bangladesh,Fakhar Zaman,Abdullah Shafique,Shoriful Islam,0,0,,,,,,,,,
1384422,2023/24,2023-10-31,"Eden Gardens, Kolkata",2,12.1,Pakistan,Bangladesh,Abdullah Shafique,Fakhar Zaman,Mustafizur Rahman,0,0,,,,,,,,,
1384422,2023/24,2023-10-31,"Eden Gardens, Kolkata",2,12.2,Pakistan,Bangladesh,Abdullah Shafique,Fakhar Zaman,Mustafizur Rahman,0,0,,,,,,,,,
1384422,2023/24,2023-10-31,"Eden Gardens, Kolkata",2,12.3,Pakistan,Bangladesh,Abdullah Shafique,Fakhar Zaman,Mustafizur Rahman,4,0,,,,,,,,,
1384422,2023/24,2023-10-31,"Eden Gardens, Kolkata",2,12.4,Pakistan,Bangladesh,Abdullah Shafique,Fakhar Zaman,Mustafizur Rahman,4,0,,,,,,,,,
1384422,2023/24,2023-10-31,"Eden Gardens, Kolkata",2,12.5,Pakistan,Bangladesh,Abdullah Shafique,Fakhar Zaman,Mustafizur Rahman,0,0,,,,,,,,,
1384422,2023/24,2023-10-31,"Eden Gardens, Kolkata",2,12.6,Pakistan,Bangladesh,Abdullah Shafique,Fakhar Zaman,Mustafizur Rahman,4,0,,,,,,,,,
1384422,2023/24,2023-10-31,"Eden Gardens, Kolkata",2,13.1,Pakistan,Bangladesh,Fakhar Zaman,Abdullah Shafique,Mehedi Hasan Miraz,0,0,,,,,,,,,
1384422,2023/24,2023-10-31,"Eden Gardens, Kolkata",2,13.2,Pakistan,Bangladesh,Fakhar Zaman,Abdullah Shafique,Mehedi Hasan Miraz,0,0,,,,,,,,,
1384422,2023/24,2023-10-31,"Eden Gardens, Kolkata",2,13.3,Pakistan,Bangladesh,Fakhar Zaman,Abdullah Shafique,Mehedi Hasan Miraz,6,0,,,,,,,,,
1384422,2023/24,2023-10-31,"Eden Gardens, Kolkata",2,13.4,Pakistan,Bangladesh,Fakhar Zaman,Abdullah Shafique,Mehedi Hasan Miraz,0,0,,,,,,,,,
1384422,2023/24,2023-10-31,"Eden Gardens, Kolkata",2,13.5,Pakistan,Bangladesh,Fakhar Zaman,Abdullah Shafique,Mehedi Hasan Miraz,1,0,,,,,,,,,
1384422,2023/24,2023-10-31,"Eden Gardens, Kolkata",2,13.6,Pakistan,Bangladesh,Abdullah Shafique,Fakhar Zaman,Mehedi Hasan Miraz,0,0,,,,,,,,,
1384422,2023/24,2023-10-31,"Eden Gardens, Kolkata",2,14.1,Pakistan,Bangladesh,Fakhar Zaman,Abdullah Shafique,Shakib Al Hasan,0,0,,,,,,,,,
1384422,2023/24,2023-10-31,"Eden Gardens, Kolkata",2,14.2,Pakistan,Bangladesh,Fakhar Zaman,Abdullah Shafique,Shakib Al Hasan,0,0,,,,,,,,,
1384422,2023/24,2023-10-31,"Eden Gardens, Kolkata",2,14.3,Pakistan,Bangladesh,Fakhar Zaman,Abdullah Shafique,Shakib Al Hasan,0,0,,,,,,,,,
1384422,2023/24,2023-10-31,"Eden Gardens, Kolkata",2,14.4,Pakistan,Bangladesh,Fakhar Zaman,Abdullah Shafique,Shakib Al Hasan,1,0,,,,,,,,,
1384422,2023/24,2023-10-31,"Eden Gardens, Kolkata",2,14.5,Pakistan,Bangladesh,Abdullah Shafique,Fakhar Zaman,Shakib Al Hasan,1,0,,,,,,,,,
1384422,2023/24,2023-10-31,"Eden Gardens, Kolkata",2,14.6,Pakistan,Bangladesh,Fakhar Zaman,Abdullah Shafique,Shakib Al Hasan,0,0,,,,,,,,,
1384422,2023/24,2023-10-31,"Eden Gardens, Kolkata",2,15.1,Pakistan,Bangladesh,Abdullah Shafique,Fakhar Zaman,Nazmul Hossain Shanto,0,0,,,,,,,,,
1384422,2023/24,2023-10-31,"Eden Gardens, Kolkata",2,15.2,Pakistan,Bangladesh,Abdullah Shafique,Fakhar Zaman,Nazmul Hossain Shanto,4,0,,,,,,,,,
1384422,2023/24,2023-10-31,"Eden Gardens, Kolkata",2,15.3,Pakistan,Bangladesh,Abdullah Shafique,Fakhar Zaman,Nazmul Hossain Shanto,0,0,,,,,,,,,
1384422,2023/24,2023-10-31,"Eden Gardens, Kolkata",2,15.4,Pakistan,Bangladesh,Abdullah Shafique,Fakhar Zaman,Nazmul Hossain Shanto,0,0,,,,,,,,,
1384422,2023/24,2023-10-31,"Eden Gardens, Kolkata",2,15.5,Pakistan,Bangladesh,Abdullah Shafique,Fakhar Zaman,Nazmul Hossain Shanto,0,0,,,,,,,,,
1384422,2023/24,2023-10-31,"Eden Gardens, Kolkata",2,15.6,Pakistan,Bangladesh,Abdullah Shafique,Fakhar Zaman,Nazmul Hossain Shanto,1,0,,,,,,,,,
1384422,2023/24,2023-10-31,"Eden Gardens, Kolkata",2,16.1,Pakistan,Bangladesh,Abdullah Shafique,Fakhar Zaman,Shakib Al Hasan,2,0,,,,,,,,,
1384422,2023/24,2023-10-31,"Eden Gardens, Kolkata",2,16.2,Pakistan,Bangladesh,Abdullah Shafique,Fakhar Zaman,Shakib Al Hasan,2,0,,,,,,,,,
1384422,2023/24,2023-10-31,"Eden Gardens, Kolkata",2,16.3,Pakistan,Bangladesh,Abdullah Shafique,Fakhar Zaman,Shakib Al Hasan,1,0,,,,,,,,,
1384422,2023/24,2023-10-31,"Eden Gardens, Kolkata",2,16.4,Pakistan,Bangladesh,Fakhar Zaman,Abdullah Shafique,Shakib Al Hasan,0,0,,,,,,,,,
1384422,2023/24,2023-10-31,"Eden Gardens, Kolkata",2,16.5,Pakistan,Bangladesh,Fakhar Zaman,Abdullah Shafique,Shakib Al Hasan,0,0,,,,,,,,,
1384422,2023/24,2023-10-31,"Eden Gardens, Kolkata",2,16.6,Pakistan,Bangladesh,Fakhar Zaman,Abdullah Shafique,Shakib Al Hasan,1,0,,,,,,,,,
1384422,2023/24,2023-10-31,"Eden Gardens, Kolkata",2,17.1,Pakistan,Bangladesh,Fakhar Zaman,Abdullah Shafique,Taskin Ahmed,1,0,,,,,,,,,
1384422,2023/24,2023-10-31,"Eden Gardens, Kolkata",2,17.2,Pakistan,Bangladesh,Abdullah Shafique,Fakhar Zaman,Taskin Ahmed,0,0,,,,,,,,,
1384422,2023/24,2023-10-31,"Eden Gardens, Kolkata",2,17.3,Pakistan,Bangladesh,Abdullah Shafique,Fakhar Zaman,Taskin Ahmed,0,0,,,,,,,,,
1384422,2023/24,2023-10-31,"Eden Gardens, Kolkata",2,17.4,Pakistan,Bangladesh,Abdullah Shafique,Fakhar Zaman,Taskin Ahmed,1,0,,,,,,,,,
1384422,2023/24,2023-10-31,"Eden Gardens, Kolkata",2,17.5,Pakistan,Bangladesh,Fakhar Zaman,Abdullah Shafique,Taskin Ahmed,6,0,,,,,,,,,
1384422,2023/24,2023-10-31,"Eden Gardens, Kolkata",2,17.6,Pakistan,Bangladesh,Fakhar Zaman,Abdullah Shafique,Taskin Ahmed,0,0,,,,,,,,,
1384422,2023/24,2023-10-31,"Eden Gardens, Kolkata",2,18.1,Pakistan,Bangladesh,Abdullah Shafique,Fakhar Zaman,Shakib Al Hasan,6,0,,,,,,,,,
1384422,2023/24,2023-10-31,"Eden Gardens, Kolkata",2,18.2,Pakistan,Bangladesh,Abdullah Shafique,Fakhar Zaman,Shakib Al Hasan,0,0,,,,,,,,,
1384422,2023/24,2023-10-31,"Eden Gardens, Kolkata",2,18.3,Pakistan,Bangladesh,Abdullah Shafique,Fakhar Zaman,Shakib Al Hasan,1,0,,,,,,,,,
1384422,2023/24,2023-10-31,"Eden Gardens, Kolkata",2,18.4,Pakistan,Bangladesh,Fakhar Zaman,Abdullah Shafique,Shakib Al Hasan,0,0,,,,,,,,,
1384422,2023/24,2023-10-31,"Eden Gardens, Kolkata",2,18.5,Pakistan,Bangladesh,Fakhar Zaman,Abdullah Shafique,Shakib Al Hasan,1,0,,,,,,,,,
1384422,2023/24,2023-10-31,"Eden Gardens, Kolkata",2,18.6,Pakistan,Bangladesh,Abdullah Shafique,Fakhar Zaman,Shakib Al Hasan,1,0,,,,,,,,,
1384422,2023/24,2023-10-31,"Eden Gardens, Kolkata",2,19.1,Pakistan,Bangladesh,Abdullah Shafique,Fakhar Zaman,Taskin Ahmed,1,0,,,,,,,,,
1384422,2023/24,2023-10-31,"Eden Gardens, Kolkata",2,19.2,Pakistan,Bangladesh,Fakhar Zaman,Abdullah Shafique,Taskin Ahmed,1,0,,,,,,,,,
1384422,2023/24,2023-10-31,"Eden Gardens, Kolkata",2,19.3,Pakistan,Bangladesh,Abdullah Shafique,Fakhar Zaman,Taskin Ahmed,1,0,,,,,,,,,
1384422,2023/24,2023-10-31,"Eden Gardens, Kolkata",2,19.4,Pakistan,Bangladesh,Fakhar Zaman,Abdullah Shafique,Taskin Ahmed,1,0,,,,,,,,,
1384422,2023/24,2023-10-31,"Eden Gardens, Kolkata",2,19.5,Pakistan,Bangladesh,Abdullah Shafique,Fakhar Zaman,Taskin Ahmed,0,0,,,,,,,,,
1384422,2023/24,2023-10-31,"Eden Gardens, Kolkata",2,19.6,Pakistan,Bangladesh,Abdullah Shafique,Fakhar Zaman,Taskin Ahmed,6,0,,,,,,,,,
1384422,2023/24,2023-10-31,"Eden Gardens, Kolkata",2,20.1,Pakistan,Bangladesh,Fakhar Zaman,Abdullah Shafique,Shakib Al Hasan,1,0,,,,,,,,,
1384422,2023/24,2023-10-31,"Eden Gardens, Kolkata",2,20.2,Pakistan,Bangladesh,Abdullah Shafique,Fakhar Zaman,Shakib Al Hasan,1,0,,,,,,,,,
1384422,2023/24,2023-10-31,"Eden Gardens, Kolkata",2,20.3,Pakistan,Bangladesh,Fakhar Zaman,Abdullah Shafique,Shakib Al Hasan,1,0,,,,,,,,,
1384422,2023/24,2023-10-31,"Eden Gardens, Kolkata",2,20.4,Pakistan,Bangladesh,Abdullah Shafique,Fakhar Zaman,Shakib Al Hasan,0,0,,,,,,,,,
1384422,2023/24,2023-10-31,"Eden Gardens, Kolkata",2,20.5,Pakistan,Bangladesh,Abdullah Shafique,Fakhar Zaman,Shakib Al Hasan,0,0,,,,,,,,,
1384422,2023/24,2023-10-31,"Eden Gardens, Kolkata",2,20.6,Pakistan,Bangladesh,Abdullah Shafique,Fakhar Zaman,Shakib Al Hasan,1,0,,,,,,,,,
1384422,2023/24,2023-10-31,"Eden Gardens, Kolkata",2,21.1,Pakistan,Bangladesh,Abdullah Shafique,Fakhar Zaman,Mehedi Hasan Miraz,0,0,,,,,,lbw,Abdullah Shafique,,
1384422,2023/24,2023-10-31,"Eden Gardens, Kolkata",2,21.2,Pakistan,Bangladesh,Babar Azam,Fakhar Zaman,Mehedi Hasan Miraz,0,0,,,,,,,,,
1384422,2023/24,2023-10-31,"Eden Gardens, Kolkata",2,21.3,Pakistan,Bangladesh,Babar Azam,Fakhar Zaman,Mehedi Hasan Miraz,1,0,,,,,,,,,
1384422,2023/24,2023-10-31,"Eden Gardens, Kolkata",2,21.4,Pakistan,Bangladesh,Fakhar Zaman,Babar Azam,Mehedi Hasan Miraz,0,0,,,,,,,,,
1384422,2023/24,2023-10-31,"Eden Gardens, Kolkata",2,21.5,Pakistan,Bangladesh,Fakhar Zaman,Babar Azam,Mehedi Hasan Miraz,2,0,,,,,,,,,
1384422,2023/24,2023-10-31,"Eden Gardens, Kolkata",2,21.6,Pakistan,Bangladesh,Fakhar Zaman,Babar Azam,Mehedi Hasan Miraz,1,0,,,,,,,,,
1384422,2023/24,2023-10-31,"Eden Gardens, Kolkata",2,22.1,Pakistan,Bangladesh,Fakhar Zaman,Babar Azam,Mustafizur Rahman,1,0,,,,,,,,,
1384422,2023/24,2023-10-31,"Eden Gardens, Kolkata",2,22.2,Pakistan,Bangladesh,Babar Azam,Fakhar Zaman,Mustafizur Rahman,4,0,,,,,,,,,
1384422,2023/24,2023-10-31,"Eden Gardens, Kolkata",2,22.3,Pakistan,Bangladesh,Babar Azam,Fakhar Zaman,Mustafizur Rahman,0,0,,,,,,,,,
1384422,2023/24,2023-10-31,"Eden Gardens, Kolkata",2,22.4,Pakistan,Bangladesh,Babar Azam,Fakhar Zaman,Mustafizur Rahman,1,0,,,,,,,,,
1384422,2023/24,2023-10-31,"Eden Gardens, Kolkata",2,22.5,Pakistan,Bangladesh,Fakhar Zaman,Babar Azam,Mustafizur Rahman,4,0,,,,,,,,,
1384422,2023/24,2023-10-31,"Eden Gardens, Kolkata",2,22.6,Pakistan,Bangladesh,Fakhar Zaman,Babar Azam,Mustafizur Rahman,0,0,,,,,,,,,
1384422,2023/24,2023-10-31,"Eden Gardens, Kolkata",2,23.1,Pakistan,Bangladesh,Babar Azam,Fakhar Zaman,Mehedi Hasan Miraz,0,0,,,,,,,,,
1384422,2023/24,2023-10-31,"Eden Gardens, Kolkata",2,23.2,Pakistan,Bangladesh,Babar Azam,Fakhar Zaman,Mehedi Hasan Miraz,0,0,,,,,,,,,
1384422,2023/24,2023-10-31,"Eden Gardens, Kolkata",2,23.3,Pakistan,Bangladesh,Babar Azam,Fakhar Zaman,Mehedi Hasan Miraz,1,0,,,,,,,,,
1384422,2023/24,2023-10-31,"Eden Gardens, Kolkata",2,23.4,Pakistan,Bangladesh,Fakhar Zaman,Babar Azam,Mehedi Hasan Miraz,6,0,,,,,,,,,
1384422,2023/24,2023-10-31,"Eden Gardens, Kolkata",2,23.5,Pakistan,Bangladesh,Fakhar Zaman,Babar Azam,Mehedi Hasan Miraz,1,0,,,,,,,,,
1384422,2023/24,2023-10-31,"Eden Gardens, Kolkata",2,23.6,Pakistan,Bangladesh,Babar Azam,Fakhar Zaman,Mehedi Hasan Miraz,1,0,,,,,,,,,
1384422,2023/24,2023-10-31,"Eden Gardens, Kolkata",2,24.1,Pakistan,Bangladesh,Babar Azam,Fakhar Zaman,Mustafizur Rahman,0,0,,,,,,,,,
1384422,2023/24,2023-10-31,"Eden Gardens, Kolkata",2,24.2,Pakistan,Bangladesh,Babar Azam,Fakhar Zaman,Mustafizur Rahman,0,0,,,,,,,,,
1384422,2023/24,2023-10-31,"Eden Gardens, Kolkata",2,24.3,Pakistan,Bangladesh,Babar Azam,Fakhar Zaman,Mustafizur Rahman,0,0,,,,,,,,,
1384422,2023/24,2023-10-31,"Eden Gardens, Kolkata",2,24.4,Pakistan,Bangladesh,Babar Azam,Fakhar Zaman,Mustafizur Rahman,0,0,,,,,,,,,
1384422,2023/24,2023-10-31,"Eden Gardens, Kolkata",2,24.5,Pakistan,Bangladesh,Babar Azam,Fakhar Zaman,Mustafizur Rahman,1,0,,,,,,,,,
1384422,2023/24,2023-10-31,"Eden Gardens, Kolkata",2,24.6,Pakistan,Bangladesh,Fakhar Zaman,Babar Azam,Mustafizur Rahman,0,1,,,,1,,,,,
1384422,2023/24,2023-10-31,"Eden Gardens, Kolkata",2,25.1,Pakistan,Bangladesh,Fakhar Zaman,Babar Azam,Mehedi Hasan Miraz,6,0,,,,,,,,,
1384422,2023/24,2023-10-31,"Eden Gardens, Kolkata",2,25.2,Pakistan,Bangladesh,Fakhar Zaman,Babar Azam,Mehedi Hasan Miraz,1,0,,,,,,,,,
1384422,2023/24,2023-10-31,"Eden Gardens, Kolkata",2,25.3,Pakistan,Bangladesh,Babar Azam,Fakhar Zaman,Mehedi Hasan Miraz,0,0,,,,,,,,,
1384422,2023/24,2023-10-31,"Eden Gardens, Kolkata",2,25.4,Pakistan,Bangladesh,Babar Azam,Fakhar Zaman,Mehedi Hasan Miraz,0,0,,,,,,caught,Babar Azam,,
1384422,2023/24,2023-10-31,"Eden Gardens, Kolkata",2,25.5,Pakistan,Bangladesh,Mohammad Rizwan,Fakhar Zaman,Mehedi Hasan Miraz,4,0,,,,,,,,,
1384422,2023/24,2023-10-31,"Eden Gardens, Kolkata",2,25.6,Pakistan,Bangladesh,Mohammad Rizwan,Fakhar Zaman,Mehedi Hasan Miraz,1,0,,,,,,,,,
1384422,2023/24,2023-10-31,"Eden Gardens, Kolkata",2,26.1,Pakistan,Bangladesh,Mohammad Rizwan,Fakhar Zaman,Mustafizur Rahman,1,0,,,,,,,,,
1384422,2023/24,2023-10-31,"Eden Gardens, Kolkata",2,26.2,Pakistan,Bangladesh,Fakhar Zaman,Mohammad Rizwan,Mustafizur Rahman,1,0,,,,,,,,,
1384422,2023/24,2023-10-31,"Eden Gardens, Kolkata",2,26.3,Pakistan,Bangladesh,Mohammad Rizwan,Fakhar Zaman,Mustafizur Rahman,1,0,,,,,,,,,
1384422,2023/24,2023-10-31,"Eden Gardens, Kolkata",2,26.4,Pakistan,Bangladesh,Fakhar Zaman,Mohammad Rizwan,Mustafizur Rahman,0,0,,,,,,,,,
1384422,2023/24,2023-10-31,"Eden Gardens, Kolkata",2,26.5,Pakistan,Bangladesh,Fakhar Zaman,Mohammad Rizwan,Mustafizur Rahman,0,0,,,,,,,,,
1384422,2023/24,2023-10-31,"Eden Gardens, Kolkata",2,26.6,Pakistan,Bangladesh,Fakhar Zaman,Mohammad Rizwan,Mustafizur Rahman,0,0,,,,,,,,,
1384422,2023/24,2023-10-31,"Eden Gardens, Kolkata",2,27.1,Pakistan,Bangladesh,Mohammad Rizwan,Fakhar Zaman,Mehedi Hasan Miraz,0,0,,,,,,,,,
1384422,2023/24,2023-10-31,"Eden Gardens, Kolkata",2,27.2,Pakistan,Bangladesh,Mohammad Rizwan,Fakhar Zaman,Mehedi Hasan Miraz,1,0,,,,,,,,,
1384422,2023/24,2023-10-31,"Eden Gardens, Kolkata",2,27.3,Pakistan,Bangladesh,Fakhar Zaman,Mohammad Rizwan,Mehedi Hasan Miraz,0,0,,,,,,caught,Fakhar Zaman,,
1384422,2023/24,2023-10-31,"Eden Gardens, Kolkata",2,27.4,Pakistan,Bangladesh,Iftikhar Ahmed,Mohammad Rizwan,Mehedi Hasan Miraz,0,0,,,,,,,,,
1384422,2023/24,2023-10-31,"Eden Gardens, Kolkata",2,27.5,Pakistan,Bangladesh,Iftikhar Ahmed,Mohammad Rizwan,Mehedi Hasan Miraz,1,0,,,,,,,,,
1384422,2023/24,2023-10-31,"Eden Gardens, Kolkata",2,27.6,Pakistan,Bangladesh,Mohammad Rizwan,Iftikhar Ahmed,Mehedi Hasan Miraz,1,0,,,,,,,,,
1384422,2023/24,2023-10-31,"Eden Gardens, Kolkata",2,28.1,Pakistan,Bangladesh,Mohammad Rizwan,Iftikhar Ahmed,Mustafizur Rahman,0,0,,,,,,,,,
1384422,2023/24,2023-10-31,"Eden Gardens, Kolkata",2,28.2,Pakistan,Bangladesh,Mohammad Rizwan,Iftikhar Ahmed,Mustafizur Rahman,4,0,,,,,,,,,
1384422,2023/24,2023-10-31,"Eden Gardens, Kolkata",2,28.3,Pakistan,Bangladesh,Mohammad Rizwan,Iftikhar Ahmed,Mustafizur Rahman,4,0,,,,,,,,,
1384422,2023/24,2023-10-31,"Eden Gardens, Kolkata",2,28.4,Pakistan,Bangladesh,Mohammad Rizwan,Iftikhar Ahmed,Mustafizur Rahman,0,0,,,,,,,,,
1384422,2023/24,2023-10-31,"Eden Gardens, Kolkata",2,28.5,Pakistan,Bangladesh,Mohammad Rizwan,Iftikhar Ahmed,Mustafizur Rahman,0,1,1,,,,,,,,
1384422,2023/24,2023-10-31,"Eden Gardens, Kolkata",2,28.6,Pakistan,Bangladesh,Mohammad Rizwan,Iftikhar Ahmed,Mustafizur Rahman,1,0,,,,,,,,,
1384422,2023/24,2023-10-31,"Eden Gardens, Kolkata",2,28.7,Pakistan,Bangladesh,Iftikhar Ahmed,Mohammad Rizwan,Mustafizur Rahman,4,0,,,,,,,,,
1384422,2023/24,2023-10-31,"Eden Gardens, Kolkata",2,29.1,Pakistan,Bangladesh,Mohammad Rizwan,Iftikhar Ahmed,Mehedi Hasan Miraz,0,0,,,,,,,,,
1384422,2023/24,2023-10-31,"Eden Gardens, Kolkata",2,29.2,Pakistan,Bangladesh,Mohammad Rizwan,Iftikhar Ahmed,Mehedi Hasan Miraz,4,0,,,,,,,,,
1384422,2023/24,2023-10-31,"Eden Gardens, Kolkata",2,29.3,Pakistan,Bangladesh,Mohammad Rizwan,Iftikhar Ahmed,Mehedi Hasan Miraz,0,0,,,,,,,,,
1384422,2023/24,2023-10-31,"Eden Gardens, Kolkata",2,29.4,Pakistan,Bangladesh,Mohammad Rizwan,Iftikhar Ahmed,Mehedi Hasan Miraz,0,0,,,,,,,,,
1384422,2023/24,2023-10-31,"Eden Gardens, Kolkata",2,29.5,Pakistan,Bangladesh,Mohammad Rizwan,Iftikhar Ahmed,Mehedi Hasan Miraz,1,0,,,,,,,,,
1384422,2023/24,2023-10-31,"Eden Gardens, Kolkata",2,29.6,Pakistan,Bangladesh,Iftikhar Ahmed,Mohammad Rizwan,Mehedi Hasan Miraz,1,0,,,,,,,,,
1384422,2023/24,2023-10-31,"Eden Gardens, Kolkata",2,30.1,Pakistan,Bangladesh,Iftikhar Ahmed,Mohammad Rizwan,Shakib Al Hasan,0,0,,,,,,,,,
1384422,2023/24,2023-10-31,"Eden Gardens, Kolkata",2,30.2,Pakistan,Bangladesh,Iftikhar Ahmed,Mohammad Rizwan,Shakib Al Hasan,1,0,,,,,,,,,
1384422,2023/24,2023-10-31,"Eden Gardens, Kolkata",2,30.3,Pakistan,Bangladesh,Mohammad Rizwan,Iftikhar Ahmed,Shakib Al Hasan,1,0,,,,,,,,,
1384422,2023/24,2023-10-31,"Eden Gardens, Kolkata",2,30.4,Pakistan,Bangladesh,Iftikhar Ahmed,Mohammad Rizwan,Shakib Al Hasan,4,0,,,,,,,,,
1384422,2023/24,2023-10-31,"Eden Gardens, Kolkata",2,30.5,Pakistan,Bangladesh,Iftikhar Ahmed,Mohammad Rizwan,Shakib Al Hasan,0,0,,,,,,,,,
1384422,2023/24,2023-10-31,"Eden Gardens, Kolkata",2,30.6,Pakistan,Bangladesh,Iftikhar Ahmed,Mohammad Rizwan,Shakib Al Hasan,1,0,,,,,,,,,
1384422,2023/24,2023-10-31,"Eden Gardens, Kolkata",2,31.1,Pakistan,Bangladesh,Iftikhar Ahmed,Mohammad Rizwan,Mehedi Hasan Miraz,1,0,,,,,,,,,
1384422,2023/24,2023-10-31,"Eden Gardens, Kolkata",2,31.2,Pakistan,Bangladesh,Mohammad Rizwan,Iftikhar Ahmed,Mehedi Hasan Miraz,1,0,,,,,,,,,
1384422,2023/24,2023-10-31,"Eden Gardens, Kolkata",2,31.3,Pakistan,Bangladesh,Iftikhar Ahmed,Mohammad Rizwan,Mehedi Hasan Miraz,0,0,,,,,,,,,
1384422,2023/24,2023-10-31,"Eden Gardens, Kolkata",2,31.4,Pakistan,Bangladesh,Iftikhar Ahmed,Mohammad Rizwan,Mehedi Hasan Miraz,0,0,,,,,,,,,
1384422,2023/24,2023-10-31,"Eden Gardens, Kolkata",2,31.5,Pakistan,Bangladesh,Iftikhar Ahmed,Mohammad Rizwan,Mehedi Hasan Miraz,2,0,,,,,,,,,
1384422,2023/24,2023-10-31,"Eden Gardens, Kolkata",2,31.6,Pakistan,Bangladesh,Iftikhar Ahmed,Mohammad Rizwan,Mehedi Hasan Miraz,1,0,,,,,,,,,
1384422,2023/24,2023-10-31,"Eden Gardens, Kolkata",2,32.1,Pakistan,Bangladesh,Iftikhar Ahmed,Mohammad Rizwan,Shakib Al Hasan,1,0,,,,,,,,,
1384422,2023/24,2023-10-31,"Eden Gardens, Kolkata",2,32.2,Pakistan,Bangladesh,Mohammad Rizwan,Iftikhar Ahmed,Shakib Al Hasan,0,0,,,,,,,,,
1384422,2023/24,2023-10-31,"Eden Gardens, Kolkata",2,32.3,Pakistan,Bangladesh,Mohammad Rizwan,Iftikhar Ahmed,Shakib Al Hasan,1,0,,,,,,,,,
