match_id,season,start_date,venue,innings,ball,batting_team,bowling_team,striker,non_striker,bowler,runs_off_bat,extras,wides,noballs,byes,legbyes,penalty,wicket_type,player_dismissed,other_wicket_type,other_player_dismissed
1384412,2023/24,2023-10-22,"Himachal Pradesh Cricket Association Stadium, Dharamsala",1,0.1,New Zealand,India,DP Conway,WA Young,JJ Bumrah,0,0,,,,,,,,,
1384412,2023/24,2023-10-22,"Himachal Pradesh Cricket Association Stadium, Dharamsala",1,0.2,New Zealand,India,DP Conway,WA Young,JJ Bumrah,0,0,,,,,,,,,
1384412,2023/24,2023-10-22,"Himachal Pradesh Cricket Association Stadium, Dharamsala",1,0.3,New Zealand,India,DP Conway,WA Young,JJ Bumrah,0,0,,,,,,,,,
1384412,2023/24,2023-10-22,"Himachal Pradesh Cricket Association Stadium, Dharamsala",1,0.4,New Zealand,India,DP Conway,WA Young,JJ Bumrah,0,0,,,,,,,,,
1384412,2023/24,2023-10-22,"Himachal Pradesh Cricket Association Stadium, Dharamsala",1,0.5,New Zealand,India,DP Conway,WA Young,JJ Bumrah,0,0,,,,,,,,,
1384412,2023/24,2023-10-22,"Himachal Pradesh Cricket Association Stadium, Dharamsala",1,0.6,New Zealand,India,DP Conway,WA Young,JJ Bumrah,0,0,,,,,,,,,
1384412,2023/24,2023-10-22,"Himachal Pradesh Cricket Association Stadium, Dharamsala",1,1.1,New Zealand,India,WA Young,DP Conway,Mohammed Siraj,0,0,,,,,,,,,
1384412,2023/24,2023-10-22,"Himachal Pradesh Cricket Association Stadium, Dharamsala",1,1.2,New Zealand,India,WA Young,DP Conway,Mohammed Siraj,4,0,,,,,,,,,
1384412,2023/24,2023-10-22,"Himachal Pradesh Cricket Association Stadium, Dharamsala",1,1.3,New Zealand,India,WA Young,DP Conway,Mohammed Siraj,0,0,,,,,,,,,
1384412,2023/24,2023-10-22,"Himachal Pradesh Cricket Association Stadium, Dharamsala",1,1.4,New Zealand,India,WA Young,DP Conway,Mohammed Siraj,0,0,,,,,,,,,
1384412,2023/24,2023-10-22,"Himachal Pradesh Cricket Association Stadium, Dharamsala",1,1.5,New Zealand,India,WA Young,DP Conway,Mohammed Siraj,0,0,,,,,,,,,
1384412,2023/24,2023-10-22,"Himachal Pradesh Cricket Association Stadium, Dharamsala",1,1.6,New Zealand,India,WA Young,DP Conway,Mohammed Siraj,1,0,,,,,,,,,
1384412,2023/24,2023-10-22,"Himachal Pradesh Cricket Association Stadium, Dharamsala",1,2.1,New Zealand,India,WA Young,DP Conway,JJ Bumrah,4,0,,,,,,,,,
1384412,2023/24,2023-10-22,"Himachal Pradesh Cricket Association Stadium, Dharamsala",1,2.2,New Zealand,India,WA Young,DP Conway,JJ Bumrah,0,0,,,,,,,,,
1384412,2023/24,2023-10-22,"Himachal Pradesh Cricket Association Stadium, Dharamsala",1,2.3,New Zealand,India,WA Young,DP Conway,JJ Bumrah,0,0,,,,,,,,,
1384412,2023/24,2023-10-22,"Himachal Pradesh Cricket Association Stadium, Dharamsala",1,2.4,New Zealand,India,WA Young,DP Conway,JJ Bumrah,0,0,,,,,,,,,
1384412,2023/24,2023-10-22,"Himachal Pradesh Cricket Association Stadium, Dharamsala",1,2.5,New Zealand,India,WA Young,DP Conway,JJ Bumrah,0,0,,,,,,,,,
1384412,2023/24,2023-10-22,"Himachal Pradesh Cricket Association Stadium, Dharamsala",1,2.6,New Zealand,India,WA Young,DP Conway,JJ Bumrah,0,0,,,,,,,,,
1384412,2023/24,2023-10-22,"Himachal Pradesh Cricket Association Stadium, Dharamsala",1,3.1,New Zealand,India,DP Conway,WA Young,Mohammed Siraj,0,0,,,,,,,,,
1384412,2023/24,2023-10-22,"Himachal Pradesh Cricket Association Stadium, Dharamsala",1,3.2,New Zealand,India,DP Conway,WA Young,Mohammed Siraj,0,0,,,,,,,,,
1384412,2023/24,2023-10-22,"Himachal Pradesh Cricket Association Stadium, Dharamsala",1,3.3,New Zealand,India,DP Conway,WA Young,Mohammed Siraj,0,0,,,,,,caught,DP Conway,,
1384412,2023/24,2023-10-22,"Himachal Pradesh Cricket Association Stadium, Dharamsala",1,3.4,New Zealand,India,R Ravindra,WA Young,Mohammed Siraj,0,0,,,,,,,,,
1384412,2023/24,2023-10-22,"Himachal Pradesh Cricket Association Stadium, Dharamsala",1,3.5,New Zealand,India,R Ravindra,WA Young,Mohammed Siraj,0,0,,,,,,,,,
1384412,2023/24,2023-10-22,"Himachal Pradesh Cricket Association Stadium, Dharamsala",1,3.6,New Zealand,India,R Ravindra,WA Young,Mohammed Siraj,0,0,,,,,,,,,
1384412,2023/24,2023-10-22,"Himachal Pradesh Cricket Association Stadium, Dharamsala",1,4.1,New Zealand,India,WA Young,R Ravindra,JJ Bumrah,1,0,,,,,,,,,
1384412,2023/24,2023-10-22,"Himachal Pradesh Cricket Association Stadium, Dharamsala",1,4.2,New Zealand,India,R Ravindra,WA Young,JJ Bumrah,0,0,,,,,,,,,
1384412,2023/24,2023-10-22,"Himachal Pradesh Cricket Association Stadium, Dharamsala",1,4.3,New Zealand,India,R Ravindra,WA Young,JJ Bumrah,0,0,,,,,,,,,
1384412,2023/24,2023-10-22,"Himachal Pradesh Cricket Association Stadium, Dharamsala",1,4.4,New Zealand,India,R Ravindra,WA Young,JJ Bumrah,0,0,,,,,,,,,
1384412,2023/24,2023-10-22,"Himachal Pradesh Cricket Association Stadium, Dharamsala",1,4.5,New Zealand,India,R Ravindra,WA Young,JJ Bumrah,1,0,,,,,,,,,
1384412,2023/24,2023-10-22,"Himachal Pradesh Cricket Association Stadium, Dharamsala",1,4.6,New Zealand,India,WA Young,R Ravindra,JJ Bumrah,0,0,,,,,,,,,
1384412,2023/24,2023-10-22,"Himachal Pradesh Cricket Association Stadium, Dharamsala",1,5.1,New Zealand,India,R Ravindra,WA Young,Mohammed Siraj,0,0,,,,,,,,,
1384412,2023/24,2023-10-22,"Himachal Pradesh Cricket Association Stadium, Dharamsala",1,5.2,New Zealand,India,R Ravindra,WA Young,Mohammed Siraj,0,0,,,,,,,,,
1384412,2023/24,2023-10-22,"Himachal Pradesh Cricket Association Stadium, Dharamsala",1,5.3,New Zealand,India,R Ravindra,WA Young,Mohammed Siraj,1,0,,,,,,,,,
1384412,2023/24,2023-10-22,"Himachal Pradesh Cricket Association Stadium, Dharamsala",1,5.4,New Zealand,India,WA Young,R Ravindra,Mohammed Siraj,0,0,,,,,,,,,
1384412,2023/24,2023-10-22,"Himachal Pradesh Cricket Association Stadium, Dharamsala",1,5.5,New Zealand,India,WA Young,R Ravindra,Mohammed Siraj,1,0,,,,,,,,,
1384412,2023/24,2023-10-22,"Himachal Pradesh Cricket Association Stadium, Dharamsala",1,5.6,New Zealand,India,R Ravindra,WA Young,Mohammed Siraj,0,0,,,,,,,,,
1384412,2023/24,2023-10-22,"Himachal Pradesh Cricket Association Stadium, Dharamsala",1,6.1,New Zealand,India,WA Young,R Ravindra,JJ Bumrah,0,0,,,,,,,,,
1384412,2023/24,2023-10-22,"Himachal Pradesh Cricket Association Stadium, Dharamsala",1,6.2,New Zealand,India,WA Young,R Ravindra,JJ Bumrah,0,0,,,,,,,,,
1384412,2023/24,2023-10-22,"Himachal Pradesh Cricket Association Stadium, Dharamsala",1,6.3,New Zealand,India,WA Young,R Ravindra,JJ Bumrah,4,0,,,,,,,,,
1384412,2023/24,2023-10-22,"Himachal Pradesh Cricket Association Stadium, Dharamsala",1,6.4,New Zealand,India,WA Young,R Ravindra,JJ Bumrah,1,0,,,,,,,,,
1384412,2023/24,2023-10-22,"Himachal Pradesh Cricket Association Stadium, Dharamsala",1,6.5,New Zealand,India,R Ravindra,WA Young,JJ Bumrah,0,0,,,,,,,,,
1384412,2023/24,2023-10-22,"Himachal Pradesh Cricket Association Stadium, Dharamsala",1,6.6,New Zealand,India,R Ravindra,WA Young,JJ Bumrah,0,0,,,,,,,,,
1384412,2023/24,2023-10-22,"Himachal Pradesh Cricket Association Stadium, Dharamsala",1,7.1,New Zealand,India,WA Young,R Ravindra,Mohammed Siraj,0,0,,,,,,,,,
1384412,2023/24,2023-10-22,"Himachal Pradesh Cricket Association Stadium, Dharamsala",1,7.2,New Zealand,India,WA Young,R Ravindra,Mohammed Siraj,0,0,,,,,,,,,
1384412,2023/24,2023-10-22,"Himachal Pradesh Cricket Association Stadium, Dharamsala",1,7.3,New Zealand,India,WA Young,R Ravindra,Mohammed Siraj,0,0,,,,,,,,,
1384412,2023/24,2023-10-22,"Himachal Pradesh Cricket Association Stadium, Dharamsala",1,7.4,New Zealand,India,WA Young,R Ravindra,Mohammed Siraj,0,0,,,,,,,,,
1384412,2023/24,2023-10-22,"Himachal Pradesh Cricket Association Stadium, Dharamsala",1,7.5,New Zealand,India,WA Young,R Ravindra,Mohammed Siraj,0,0,,,,,,,,,
1384412,2023/24,2023-10-22,"Himachal Pradesh Cricket Association Stadium, Dharamsala",1,7.6,New Zealand,India,WA Young,R Ravindra,Mohammed Siraj,1,0,,,,,,,,,
1384412,2023/24,2023-10-22,"Himachal Pradesh Cricket Association Stadium, Dharamsala",1,8.1,New Zealand,India,WA Young,R Ravindra,Mohammed Shami,0,0,,,,,,bowled,WA Young,,
1384412,2023/24,2023-10-22,"Himachal Pradesh Cricket Association Stadium, Dharamsala",1,8.2,New Zealand,India,DJ Mitchell,R Ravindra,Mohammed Shami,3,0,,,,,,,,,
1384412,2023/24,2023-10-22,"Himachal Pradesh Cricket Association Stadium, Dharamsala",1,8.3,New Zealand,India,R Ravindra,DJ Mitchell,Mohammed Shami,0,0,,,,,,,,,
1384412,2023/24,2023-10-22,"Himachal Pradesh Cricket Association Stadium, Dharamsala",1,8.4,New Zealand,India,R Ravindra,DJ Mitchell,Mohammed Shami,0,0,,,,,,,,,
1384412,2023/24,2023-10-22,"Himachal Pradesh Cricket Association Stadium, Dharamsala",1,8.5,New Zealand,India,R Ravindra,DJ Mitchell,Mohammed Shami,4,0,,,,,,,,,
1384412,2023/24,2023-10-22,"Himachal Pradesh Cricket Association Stadium, Dharamsala",1,8.6,New Zealand,India,R Ravindra,DJ Mitchell,Mohammed Shami,0,0,,,,,,,,,
1384412,2023/24,2023-10-22,"Himachal Pradesh Cricket Association Stadium, Dharamsala",1,9.1,New Zealand,India,DJ Mitchell,R Ravindra,Mohammed Siraj,0,0,,,,,,,,,
1384412,2023/24,2023-10-22,"Himachal Pradesh Cricket Association Stadium, Dharamsala",1,9.2,New Zealand,India,DJ Mitchell,R Ravindra,Mohammed Siraj,0,0,,,,,,,,,
1384412,2023/24,2023-10-22,"Himachal Pradesh Cricket Association Stadium, Dharamsala",1,9.3,New Zealand,India,DJ Mitchell,R Ravindra,Mohammed Siraj,0,0,,,,,,,,,
1384412,2023/24,2023-10-22,"Himachal Pradesh Cricket Association Stadium, Dharamsala",1,9.4,New Zealand,India,DJ Mitchell,R Ravindra,Mohammed Siraj,0,1,1,,,,,,,,
1384412,2023/24,2023-10-22,"Himachal Pradesh Cricket Association Stadium, Dharamsala",1,9.5,New Zealand,India,DJ Mitchell,R Ravindra,Mohammed Siraj,0,1,1,,,,,,,,
1384412,2023/24,2023-10-22,"Himachal Pradesh Cricket Association Stadium, Dharamsala",1,9.6,New Zealand,India,DJ Mitchell,R Ravindra,Mohammed Siraj,4,0,,,,,,,,,
1384412,2023/24,2023-10-22,"Himachal Pradesh Cricket Association Stadium, Dharamsala",1,9.7,New Zealand,India,DJ Mitchell,R Ravindra,Mohammed Siraj,0,0,,,,,,,,,
1384412,2023/24,2023-10-22,"Himachal Pradesh Cricket Association Stadium, Dharamsala",1,9.8,New Zealand,India,DJ Mitchell,R Ravindra,Mohammed Siraj,0,1,1,,,,,,,,
1384412,2023/24,2023-10-22,"Himachal Pradesh Cricket Association Stadium, Dharamsala",1,9.9,New Zealand,India,DJ Mitchell,R Ravindra,Mohammed Siraj,0,1,1,,,,,,,,
1384412,2023/24,2023-10-22,"Himachal Pradesh Cricket Association Stadium, Dharamsala",1,9.10,New Zealand,India,DJ Mitchell,R Ravindra,Mohammed Siraj,0,0,,,,,,,,,
1384412,2023/24,2023-10-22,"Himachal Pradesh Cricket Association Stadium, Dharamsala",1,10.1,New Zealand,India,R Ravindra,DJ Mitchell,Mohammed Shami,0,0,,,,,,,,,
1384412,2023/24,2023-10-22,"Himachal Pradesh Cricket Association Stadium, Dharamsala",1,10.2,New Zealand,India,R Ravindra,DJ Mitchell,Mohammed Shami,0,0,,,,,,,,,
1384412,2023/24,2023-10-22,"Himachal Pradesh Cricket Association Stadium, Dharamsala",1,10.3,New Zealand,India,R Ravindra,DJ Mitchell,Mohammed Shami,2,0,,,,,,,,,
1384412,2023/24,2023-10-22,"Himachal Pradesh Cricket Association Stadium, Dharamsala",1,10.4,New Zealand,India,R Ravindra,DJ Mitchell,Mohammed Shami,4,0,,,,,,,,,
1384412,2023/24,2023-10-22,"Himachal Pradesh Cricket Association Stadium, Dharamsala",1,10.5,New Zealand,India,R Ravindra,DJ Mitchell,Mohammed Shami,0,0,,,,,,,,,
1384412,2023/24,2023-10-22,"Himachal Pradesh Cricket Association Stadium, Dharamsala",1,10.6,New Zealand,India,R Ravindra,DJ Mitchell,Mohammed Shami,0,0,,,,,,,,,
1384412,2023/24,2023-10-22,"Himachal Pradesh Cricket Association Stadium, Dharamsala",1,11.1,New Zealand,India,DJ Mitchell,R Ravindra,RA Jadeja,1,0,,,,,,,,,
1384412,2023/24,2023-10-22,"Himachal Pradesh Cricket Association Stadium, Dharamsala",1,11.2,New Zealand,India,R Ravindra,DJ Mitchell,RA Jadeja,4,0,,,,,,,,,
1384412,2023/24,2023-10-22,"Himachal Pradesh Cricket Association Stadium, Dharamsala",1,11.3,New Zealand,India,R Ravindra,DJ Mitchell,RA Jadeja,1,0,,,,,,,,,
1384412,2023/24,2023-10-22,"Himachal Pradesh Cricket Association Stadium, Dharamsala",1,11.4,New Zealand,India,DJ Mitchell,R Ravindra,RA Jadeja,1,0,,,,,,,,,
1384412,2023/24,2023-10-22,"Himachal Pradesh Cricket Association Stadium, Dharamsala",1,11.5,New Zealand,India,R Ravindra,DJ Mitchell,RA Jadeja,1,0,,,,,,,,,
1384412,2023/24,2023-10-22,"Himachal Pradesh Cricket Association Stadium, Dharamsala",1,11.6,New Zealand,India,DJ Mitchell,R Ravindra,RA Jadeja,0,0,,,,,,,,,
1384412,2023/24,2023-10-22,"Himachal Pradesh Cricket Association Stadium, Dharamsala",1,12.1,New Zealand,India,R Ravindra,DJ Mitchell,Mohammed Shami,1,0,,,,,,,,,
1384412,2023/24,2023-10-22,"Himachal Pradesh Cricket Association Stadium, Dharamsala",1,12.2,New Zealand,India,DJ Mitchell,R Ravindra,Mohammed Shami,0,0,,,,,,,,,
1384412,2023/24,2023-10-22,"Himachal Pradesh Cricket Association Stadium, Dharamsala",1,12.3,New Zealand,India,DJ Mitchell,R Ravindra,Mohammed Shami,4,0,,,,,,,,,
1384412,2023/24,2023-10-22,"Himachal Pradesh Cricket Association Stadium, Dharamsala",1,12.4,New Zealand,India,DJ Mitchell,R Ravindra,Mohammed Shami,0,0,,,,,,,,,
1384412,2023/24,2023-10-22,"Himachal Pradesh Cricket Association Stadium, Dharamsala",1,12.5,New Zealand,India,DJ Mitchell,R Ravindra,Mohammed Shami,0,0,,,,,,,,,
1384412,2023/24,2023-10-22,"Himachal Pradesh Cricket Association Stadium, Dharamsala",1,12.6,New Zealand,India,DJ Mitchell,R Ravindra,Mohammed Shami,0,0,,,,,,,,,
1384412,2023/24,2023-10-22,"Himachal Pradesh Cricket Association Stadium, Dharamsala",1,13.1,New Zealand,India,R Ravindra,DJ Mitchell,RA Jadeja,1,0,,,,,,,,,
1384412,2023/24,2023-10-22,"Himachal Pradesh Cricket Association Stadium, Dharamsala",1,13.2,New Zealand,India,DJ Mitchell,R Ravindra,RA Jadeja,0,0,,,,,,,,,
1384412,2023/24,2023-10-22,"Himachal Pradesh Cricket Association Stadium, Dharamsala",1,13.3,New Zealand,India,DJ Mitchell,R Ravindra,RA Jadeja,1,0,,,,,,,,,
1384412,2023/24,2023-10-22,"Himachal Pradesh Cricket Association Stadium, Dharamsala",1,13.4,New Zealand,India,R Ravindra,DJ Mitchell,RA Jadeja,0,0,,,,,,,,,
1384412,2023/24,2023-10-22,"Himachal Pradesh Cricket Association Stadium, Dharamsala",1,13.5,New Zealand,India,R Ravindra,DJ Mitchell,RA Jadeja,1,0,,,,,,,,,
1384412,2023/24,2023-10-22,"Himachal Pradesh Cricket Association Stadium, Dharamsala",1,13.6,New Zealand,India,DJ Mitchell,R Ravindra,RA Jadeja,0,0,,,,,,,,,
1384412,2023/24,2023-10-22,"Himachal Pradesh Cricket Association Stadium, Dharamsala",1,14.1,New Zealand,India,R Ravindra,DJ Mitchell,Mohammed Shami,4,0,,,,,,,,,
1384412,2023/24,2023-10-22,"Himachal Pradesh Cricket Association Stadium, Dharamsala",1,14.2,New Zealand,India,R Ravindra,DJ Mitchell,Mohammed Shami,0,0,,,,,,,,,
1384412,2023/24,2023-10-22,"Himachal Pradesh Cricket Association Stadium, Dharamsala",1,14.3,New Zealand,India,R Ravindra,DJ Mitchell,Mohammed Shami,0,0,,,,,,,,,
1384412,2023/24,2023-10-22,"Himachal Pradesh Cricket Association Stadium, Dharamsala",1,14.4,New Zealand,India,R Ravindra,DJ Mitchell,Mohammed Shami,0,0,,,,,,,,,
1384412,2023/24,2023-10-22,"Himachal Pradesh Cricket Association Stadium, Dharamsala",1,14.5,New Zealand,India,R Ravindra,DJ Mitchell,Mohammed Shami,1,0,,,,,,,,,
1384412,2023/24,2023-10-22,"Himachal Pradesh Cricket Association Stadium, Dharamsala",1,14.6,New Zealand,India,DJ Mitchell,R Ravindra,Mohammed Shami,0,0,,,,,,,,,
1384412,2023/24,2023-10-22,"Himachal Pradesh Cricket Association Stadium, Dharamsala",1,15.1,New Zealand,India,R Ravindra,DJ Mitchell,RA Jadeja,0,0,,,,,,,,,
1384412,2023/24,2023-10-22,"Himachal Pradesh Cricket Association Stadium, Dharamsala",1,15.2,New Zealand,India,R Ravindra,DJ Mitchell,RA Jadeja,0,0,,,,,,,,,
1384412,2023/24,2023-10-22,"Himachal Pradesh Cricket Association Stadium, Dharamsala",1,15.3,New Zealand,India,R Ravindra,DJ Mitchell,RA Jadeja,1,0,,,,,,,,,
1384412,2023/24,2023-10-22,"Himachal Pradesh Cricket Association Stadium, Dharamsala",1,15.4,New Zealand,India,DJ Mitchell,R Ravindra,RA Jadeja,1,0,,,,,,,,,
1384412,2023/24,2023-10-22,"Himachal Pradesh Cricket Association Stadium, Dharamsala",1,15.5,New Zealand,India,R Ravindra,DJ Mitchell,RA Jadeja,1,0,,,,,,,,,
1384412,2023/24,2023-10-22,"Himachal Pradesh Cricket Association Stadium, Dharamsala",1,15.6,New Zealand,India,DJ Mitchell,R Ravindra,RA Jadeja,1,0,,,,,,,,,
1384412,2023/24,2023-10-22,"Himachal Pradesh Cricket Association Stadium, Dharamsala",1,16.1,New Zealand,India,DJ Mitchell,R Ravindra,Kuldeep Yadav,2,0,,,,,,,,,
1384412,2023/24,2023-10-22,"Himachal Pradesh Cricket Association Stadium, Dharamsala",1,16.2,New Zealand,India,DJ Mitchell,R Ravindra,Kuldeep Yadav,2,0,,,,,,,,,
1384412,2023/24,2023-10-22,"Himachal Pradesh Cricket Association Stadium, Dharamsala",1,16.3,New Zealand,India,DJ Mitchell,R Ravindra,Kuldeep Yadav,1,0,,,,,,,,,
1384412,2023/24,2023-10-22,"Himachal Pradesh Cricket Association Stadium, Dharamsala",1,16.4,New Zealand,India,R Ravindra,DJ Mitchell,Kuldeep Yadav,0,0,,,,,,,,,
1384412,2023/24,2023-10-22,"Himachal Pradesh Cricket Association Stadium, Dharamsala",1,16.5,New Zealand,India,R Ravindra,DJ Mitchell,Kuldeep Yadav,1,0,,,,,,,,,
1384412,2023/24,2023-10-22,"Himachal Pradesh Cricket Association Stadium, Dharamsala",1,16.6,New Zealand,India,DJ Mitchell,R Ravindra,Kuldeep Yadav,1,0,,,,,,,,,
1384412,2023/24,2023-10-22,"Himachal Pradesh Cricket Association Stadium, Dharamsala",1,17.1,New Zealand,India,DJ Mitchell,R Ravindra,RA Jadeja,0,0,,,,,,,,,
1384412,2023/24,2023-10-22,"Himachal Pradesh Cricket Association Stadium, Dharamsala",1,17.2,New Zealand,India,DJ Mitchell,R Ravindra,RA Jadeja,0,0,,,,,,,,,
1384412,2023/24,2023-10-22,"Himachal Pradesh Cricket Association Stadium, Dharamsala",1,17.3,New Zealand,India,DJ Mitchell,R Ravindra,RA Jadeja,0,0,,,,,,,,,
1384412,2023/24,2023-10-22,"Himachal Pradesh Cricket Association Stadium, Dharamsala",1,17.4,New Zealand,India,DJ Mitchell,R Ravindra,RA Jadeja,1,0,,,,,,,,,
1384412,2023/24,2023-10-22,"Himachal Pradesh Cricket Association Stadium, Dharamsala",1,17.5,New Zealand,India,R Ravindra,DJ Mitchell,RA Jadeja,1,0,,,,,,,,,
1384412,2023/24,2023-10-22,"Himachal Pradesh Cricket Association Stadium, Dharamsala",1,17.6,New Zealand,India,DJ Mitchell,R Ravindra,RA Jadeja,0,0,,,,,,,,,
1384412,2023/24,2023-10-22,"Himachal Pradesh Cricket Association Stadium, Dharamsala",1,18.1,New Zealand,India,R Ravindra,DJ Mitchell,Kuldeep Yadav,6,0,,,,,,,,,
1384412,2023/24,2023-10-22,"Himachal Pradesh Cricket Association Stadium, Dharamsala",1,18.2,New Zealand,India,R Ravindra,DJ Mitchell,Kuldeep Yadav,0,0,,,,,,,,,
1384412,2023/24,2023-10-22,"Himachal Pradesh Cricket Association Stadium, Dharamsala",1,18.3,New Zealand,India,R Ravindra,DJ Mitchell,Kuldeep Yadav,1,0,,,,,,,,,
1384412,2023/24,2023-10-22,"Himachal Pradesh Cricket Association Stadium, Dharamsala",1,18.4,New Zealand,India,DJ Mitchell,R Ravindra,Kuldeep Yadav,6,0,,,,,,,,,
1384412,2023/24,2023-10-22,"Himachal Pradesh Cricket Association Stadium, Dharamsala",1,18.5,New Zealand,India,DJ Mitchell,R Ravindra,Kuldeep Yadav,1,0,,,,,,,,,
1384412,2023/24,2023-10-22,"Himachal Pradesh Cricket Association Stadium, Dharamsala",1,18.6,New Zealand,India,R Ravindra,DJ Mitchell,Kuldeep Yadav,2,0,,,,,,,,,
1384412,2023/24,2023-10-22,"Himachal Pradesh Cricket Association Stadium, Dharamsala",1,19.1,New Zealand,India,DJ Mitchell,R Ravindra,RA Jadeja,0,0,,,,,,,,,
1384412,2023/24,2023-10-22,"Himachal Pradesh Cricket Association Stadium, Dharamsala",1,19.2,New Zealand,India,DJ Mitchell,R Ravindra,RA Jadeja,0,0,,,,,,,,,
1384412,2023/24,2023-10-22,"Himachal Pradesh Cricket Association Stadium, Dharamsala",1,19.3,New Zealand,India,DJ Mitchell,R Ravindra,RA Jadeja,0,0,,,,,,,,,
1384412,2023/24,2023-10-22,"Himachal Pradesh Cricket Association Stadium, Dharamsala",1,19.4,New Zealand,India,DJ Mitchell,R Ravindra,RA Jadeja,0,0,,,,,,,,,
1384412,2023/24,2023-10-22,"Himachal Pradesh Cricket Association Stadium, Dharamsala",1,19.5,New Zealand,India,DJ Mitchell,R Ravindra,RA Jadeja,0,0,,,,,,,,,
1384412,2023/24,2023-10-22,"Himachal Pradesh Cricket Association Stadium, Dharamsala",1,19.6,New Zealand,India,DJ Mitchell,R Ravindra,RA Jadeja,1,0,,,,,,,,,
1384412,2023/24,2023-10-22,"Himachal Pradesh Cricket Association Stadium, Dharamsala",1,20.1,New Zealand,India,DJ Mitchell,R Ravindra,Kuldeep Yadav,0,0,,,,,,,,,
1384412,2023/24,2023-10-22,"Himachal Pradesh Cricket Association Stadium, Dharamsala",1,20.2,New Zealand,India,DJ Mitchell,R Ravindra,Kuldeep Yadav,6,0,,,,,,,,,
1384412,2023/24,2023-10-22,"Himachal Pradesh Cricket Association Stadium, Dharamsala",1,20.3,New Zealand,India,DJ Mitchell,R Ravindra,Kuldeep Yadav,1,0,,,,,,,,,
1384412,2023/24,2023-10-22,"Himachal Pradesh Cricket Association Stadium, Dharamsala",1,20.4,New Zealand,India,R Ravindra,DJ Mitchell,Kuldeep Yadav,1,0,,,,,,,,,
1384412,2023/24,2023-10-22,"Himachal Pradesh Cricket Association Stadium, Dharamsala",1,20.5,New Zealand,India,DJ Mitchell,R Ravindra,Kuldeep Yadav,0,0,,,,,,,,,
1384412,2023/24,2023-10-22,"Himachal Pradesh Cricket Association Stadium, Dharamsala",1,20.6,New Zealand,India,DJ Mitchell,R Ravindra,Kuldeep Yadav,0,1,1,,,,,,,,
1384412,2023/24,2023-10-22,"Himachal Pradesh Cricket Association Stadium, Dharamsala",1,20.7,New Zealand,India,DJ Mitchell,R Ravindra,Kuldeep Yadav,0,0,,,,,,,,,
1384412,2023/24,2023-10-22,"Himachal Pradesh Cricket Association Stadium, Dharamsala",1,21.1,New Zealand,India,R Ravindra,DJ Mitchell,RA Jadeja,0,0,,,,,,,,,
1384412,2023/24,2023-10-22,"Himachal Pradesh Cricket Association Stadium, Dharamsala",1,21.2,New Zealand,India,R Ravindra,DJ Mitchell,RA Jadeja,0,0,,,,,,,,,
1384412,2023/24,2023-10-22,"Himachal Pradesh Cricket Association Stadium, Dharamsala",1,21.3,New Zealand,India,R Ravindra,DJ Mitchell,RA Jadeja,4,0,,,,,,,,,
1384412,2023/24,2023-10-22,"Himachal Pradesh Cricket Association Stadium, Dharamsala",1,21.4,New Zealand,India,R Ravindra,DJ Mitchell,RA Jadeja,2,0,,,,,,,,,
1384412,2023/24,2023-10-22,"Himachal Pradesh Cricket Association Stadium, Dharamsala",1,21.5,New Zealand,India,R Ravindra,DJ Mitchell,RA Jadeja,0,0,,,,,,,,,
1384412,2023/24,2023-10-22,"Himachal Pradesh Cricket Association Stadium, Dharamsala",1,21.6,New Zealand,India,R Ravindra,DJ Mitchell,RA Jadeja,1,0,,,,,,,,,
1384412,2023/24,2023-10-22,"Himachal Pradesh Cricket Association Stadium, Dharamsala",1,22.1,New Zealand,India,R Ravindra,DJ Mitchell,Kuldeep Yadav,0,0,,,,,,,,,
1384412,2023/24,2023-10-22,"Himachal Pradesh Cricket Association Stadium, Dharamsala",1,22.2,New Zealand,India,R Ravindra,DJ Mitchell,Kuldeep Yadav,2,0,,,,,,,,,
1384412,2023/24,2023-10-22,"Himachal Pradesh Cricket Association Stadium, Dharamsala",1,22.3,New Zealand,India,R Ravindra,DJ Mitchell,Kuldeep Yadav,1,0,,,,,,,,,
1384412,2023/24,2023-10-22,"Himachal Pradesh Cricket Association Stadium, Dharamsala",1,22.4,New Zealand,India,DJ Mitchell,R Ravindra,Kuldeep Yadav,0,0,,,,,,,,,
1384412,2023/24,2023-10-22,"Himachal Pradesh Cricket Association Stadium, Dharamsala",1,22.5,New Zealand,India,DJ Mitchell,R Ravindra,Kuldeep Yadav,0,0,,,,,,,,,
1384412,2023/24,2023-10-22,"Himachal Pradesh Cricket Association Stadium, Dharamsala",1,22.6,New Zealand,India,DJ Mitchell,R Ravindra,Kuldeep Yadav,0,0,,,,,,,,,
1384412,2023/24,2023-10-22,"Himachal Pradesh Cricket Association Stadium, Dharamsala",1,23.1,New Zealand,India,R Ravindra,DJ Mitchell,RA Jadeja,2,0,,,,,,,,,
1384412,2023/24,2023-10-22,"Himachal Pradesh Cricket Association Stadium, Dharamsala",1,23.2,New Zealand,India,R Ravindra,DJ Mitchell,RA Jadeja,2,0,,,,,,,,,
1384412,2023/24,2023-10-22,"Himachal Pradesh Cricket Association Stadium, Dharamsala",1,23.3,New Zealand,India,R Ravindra,DJ Mitchell,RA Jadeja,1,0,,,,,,,,,
1384412,2023/24,2023-10-22,"Himachal Pradesh Cricket Association Stadium, Dharamsala",1,23.4,New Zealand,India,DJ Mitchell,R Ravindra,RA Jadeja,2,0,,,,,,,,,
1384412,2023/24,2023-10-22,"Himachal Pradesh Cricket Association Stadium, Dharamsala",1,23.5,New Zealand,India,DJ Mitchell,R Ravindra,RA Jadeja,0,0,,,,,,,,,
1384412,2023/24,2023-10-22,"Himachal Pradesh Cricket Association Stadium, Dharamsala",1,23.6,New Zealand,India,DJ Mitchell,R Ravindra,RA Jadeja,0,0,,,,,,,,,
1384412,2023/24,2023-10-22,"Himachal Pradesh Cricket Association Stadium, Dharamsala",1,24.1,New Zealand,India,R Ravindra,DJ Mitchell,Mohammed Siraj,1,0,,,,,,,,,
1384412,2023/24,2023-10-22,"Himachal Pradesh Cricket Association Stadium, Dharamsala",1,24.2,New Zealand,India,DJ Mitchell,R Ravindra,Mohammed Siraj,1,0,,,,,,,,,
1384412,2023/24,2023-10-22,"Himachal Pradesh Cricket Association Stadium, Dharamsala",1,24.3,New Zealand,India,R Ravindra,DJ Mitchell,Mohammed Siraj,1,0,,,,,,,,,
1384412,2023/24,2023-10-22,"Himachal Pradesh Cricket Association Stadium, Dharamsala",1,24.4,New Zealand,India,DJ Mitchell,R Ravindra,Mohammed Siraj,0,0,,,,,,,,,
1384412,2023/24,2023-10-22,"Himachal Pradesh Cricket Association Stadium, Dharamsala",1,24.5,New Zealand,India,DJ Mitchell,R Ravindra,Mohammed Siraj,4,0,,,,,,,,,
1384412,2023/24,2023-10-22,"Himachal Pradesh Cricket Association Stadium, Dharamsala",1,24.6,New Zealand,India,DJ Mitchell,R Ravindra,Mohammed Siraj,1,0,,,,,,,,,
1384412,2023/24,2023-10-22,"Himachal Pradesh Cricket Association Stadium, Dharamsala",1,25.1,New Zealand,India,DJ Mitchell,R Ravindra,RA Jadeja,1,0,,,,,,,,,
1384412,2023/24,2023-10-22,"Himachal Pradesh Cricket Association Stadium, Dharamsala",1,25.2,New Zealand,India,R Ravindra,DJ Mitchell,RA Jadeja,1,0,,,,,,,,,
1384412,2023/24,2023-10-22,"Himachal Pradesh Cricket Association Stadium, Dharamsala",1,25.3,New Zealand,India,DJ Mitchell,R Ravindra,RA Jadeja,0,0,,,,,,,,,
1384412,2023/24,2023-10-22,"Himachal Pradesh Cricket Association Stadium, Dharamsala",1,25.4,New Zealand,India,DJ Mitchell,R Ravindra,RA Jadeja,1,0,,,,,,,,,
1384412,2023/24,2023-10-22,"Himachal Pradesh Cricket Association Stadium, Dharamsala",1,25.5,New Zealand,India,R Ravindra,DJ Mitchell,RA Jadeja,0,0,,,,,,,,,
1384412,2023/24,2023-10-22,"Himachal Pradesh Cricket Association Stadium, Dharamsala",1,25.6,New Zealand,India,R Ravindra,DJ Mitchell,RA Jadeja,0,0,,,,,,,,,
1384412,2023/24,2023-10-22,"Himachal Pradesh Cricket Association Stadium, Dharamsala",1,26.1,New Zealand,India,DJ Mitchell,R Ravindra,Mohammed Siraj,0,0,,,,,,,,,
1384412,2023/24,2023-10-22,"Himachal Pradesh Cricket Association Stadium, Dharamsala",1,26.2,New Zealand,India,DJ Mitchell,R Ravindra,Mohammed Siraj,0,0,,,,,,,,,
1384412,2023/24,2023-10-22,"Himachal Pradesh Cricket Association Stadium, Dharamsala",1,26.3,New Zealand,India,DJ Mitchell,R Ravindra,Mohammed Siraj,1,0,,,,,,,,,
1384412,2023/24,2023-10-22,"Himachal Pradesh Cricket Association Stadium, Dharamsala",1,26.4,New Zealand,India,R Ravindra,DJ Mitchell,Mohammed Siraj,0,0,,,,,,,,,
1384412,2023/24,2023-10-22,"Himachal Pradesh Cricket Association Stadium, Dharamsala",1,26.5,New Zealand,India,R Ravindra,DJ Mitchell,Mohammed Siraj,1,0,,,,,,,,,
1384412,2023/24,2023-10-22,"Himachal Pradesh Cricket Association Stadium, Dharamsala",1,26.6,New Zealand,India,DJ Mitchell,R Ravindra,Mohammed Siraj,1,0,,,,,,,,,
1384412,2023/24,2023-10-22,"Himachal Pradesh Cricket Association Stadium, Dharamsala",1,27.1,New Zealand,India,DJ Mitchell,R Ravindra,RA Jadeja,6,0,,,,,,,,,
1384412,2023/24,2023-10-22,"Himachal Pradesh Cricket Association Stadium, Dharamsala",1,27.2,New Zealand,India,DJ Mitchell,R Ravindra,RA Jadeja,0,0,,,,,,,,,
1384412,2023/24,2023-10-22,"Himachal Pradesh Cricket Association Stadium, Dharamsala",1,27.3,New Zealand,India,DJ Mitchell,R Ravindra,RA Jadeja,1,0,,,,,,,,,
1384412,2023/24,2023-10-22,"Himachal Pradesh Cricket Association Stadium, Dharamsala",1,27.4,New Zealand,India,R Ravindra,DJ Mitchell,RA Jadeja,0,0,,,,,,,,,
1384412,2023/24,2023-10-22,"Himachal Pradesh Cricket Association Stadium, Dharamsala",1,27.5,New Zealand,India,R Ravindra,DJ Mitchell,RA Jadeja,0,0,,,,,,,,,
1384412,2023/24,2023-10-22,"Himachal Pradesh Cricket Association Stadium, Dharamsala",1,27.6,New Zealand,India,R Ravindra,DJ Mitchell,RA Jadeja,0,0,,,,,,,,,
1384412,2023/24,2023-10-22,"Himachal Pradesh Cricket Association Stadium, Dharamsala",1,28.1,New Zealand,India,DJ Mitchell,R Ravindra,Mohammed Siraj,0,0,,,,,,,,,
1384412,2023/24,2023-10-22,"Himachal Pradesh Cricket Association Stadium, Dharamsala",1,28.2,New Zealand,India,DJ Mitchell,R Ravindra,Mohammed Siraj,1,0,,,,,,,,,
1384412,2023/24,2023-10-22,"Himachal Pradesh Cricket Association Stadium, Dharamsala",1,28.3,New Zealand,India,R Ravindra,DJ Mitchell,Mohammed Siraj,0,0,,,,,,,,,
1384412,2023/24,2023-10-22,"Himachal Pradesh Cricket Association Stadium, Dharamsala",1,28.4,New Zealand,India,R Ravindra,DJ Mitchell,Mohammed Siraj,2,0,,,,,,,,,
1384412,2023/24,2023-10-22,"Himachal Pradesh Cricket Association Stadium, Dharamsala",1,28.5,New Zealand,India,R Ravindra,DJ Mitchell,Mohammed Siraj,0,0,,,,,,,,,
1384412,2023/24,2023-10-22,"Himachal Pradesh Cricket Association Stadium, Dharamsala",1,28.6,New Zealand,India,R Ravindra,DJ Mitchell,Mohammed Siraj,0,0,,,,,,,,,
1384412,2023/24,2023-10-22,"Himachal Pradesh Cricket Association Stadium, Dharamsala",1,29.1,New Zealand,India,DJ Mitchell,R Ravindra,RA Jadeja,1,0,,,,,,,,,
1384412,2023/24,2023-10-22,"Himachal Pradesh Cricket Association Stadium, Dharamsala",1,29.2,New Zealand,India,R Ravindra,DJ Mitchell,RA Jadeja,1,0,,,,,,,,,
1384412,2023/24,2023-10-22,"Himachal Pradesh Cricket Association Stadium, Dharamsala",1,29.3,New Zealand,India,DJ Mitchell,R Ravindra,RA Jadeja,1,0,,,,,,,,,
1384412,2023/24,2023-10-22,"Himachal Pradesh Cricket Association Stadium, Dharamsala",1,29.4,New Zealand,India,R Ravindra,DJ Mitchell,RA Jadeja,2,0,,,,,,,,,
1384412,2023/24,2023-10-22,"Himachal Pradesh Cricket Association Stadium, Dharamsala",1,29.5,New Zealand,India,R Ravindra,DJ Mitchell,RA Jadeja,1,0,,,,,,,,,
1384412,2023/24,2023-10-22,"Himachal Pradesh Cricket Association Stadium, Dharamsala",1,29.6,New Zealand,India,DJ Mitchell,R Ravindra,RA Jadeja,0,0,,,,,,,,,
1384412,2023/24,2023-10-22,"Himachal Pradesh Cricket Association Stadium, Dharamsala",1,30.1,New Zealand,India,R Ravindra,DJ Mitchell,Kuldeep Yadav,0,1,1,,,,,,,,
1384412,2023/24,2023-10-22,"Himachal Pradesh Cricket Association Stadium, Dharamsala",1,30.2,New Zealand,India,R Ravindra,DJ Mitchell,Kuldeep Yadav,1,0,,,,,,,,,
1384412,2023/24,2023-10-22,"Himachal Pradesh Cricket Association Stadium, Dharamsala",1,30.3,New Zealand,India,DJ Mitchell,R Ravindra,Kuldeep Yadav,0,1,1,,,,,,,,
1384412,2023/24,2023-10-22,"Himachal Pradesh Cricket Association Stadium, Dharamsala",1,30.4,New Zealand,India,DJ Mitchell,R Ravindra,Kuldeep Yadav,1,0,,,,,,,,,
1384412,2023/24,2023-10-22,"Himachal Pradesh Cricket Association Stadium, Dharamsala",1,30.5,New Zealand,India,R Ravindra,DJ Mitchell,Kuldeep Yadav,1,0,,,,,,,,,
1384412,2023/24,2023-10-22,"Himachal Pradesh Cricket Association Stadium, Dharamsala",1,30.6,New Zealand,India,DJ Mitchell,R Ravindra,Kuldeep Yadav,6,0,,,,,,,,,
1384412,2023/24,2023-10-22,"Himachal Pradesh Cricket Association Stadium, Dharamsala",1,30.7,New Zealand,India,DJ Mitchell,R Ravindra,Kuldeep Yadav,1,0,,,,,,,,,
1384412,2023/24,2023-10-22,"Himachal Pradesh Cricket Association Stadium, Dharamsala",1,30.8,New Zealand,India,R Ravindra,DJ Mitchell,Kuldeep Yadav,1,0,,,,,,,,,
1384412,2023/24,2023-10-22,"Himachal Pradesh Cricket Association Stadium, Dharamsala",1,31.1,New Zealand,India,R Ravindra,DJ Mitchell,Mohammed Shami,4,0,,,,,,,,,
1384412,2023/24,2023-10-22,"Himachal Pradesh Cricket Association Stadium, Dharamsala",1,31.2,New Zealand,India,R Ravindra,DJ Mitchell,Mohammed Shami,1,0,,,,,,,,,
1384412,2023/24,2023-10-22,"Himachal Pradesh Cricket Association Stadium, Dharamsala",1,31.3,New Zealand,India,DJ Mitchell,R Ravindra,Mohammed Shami,0,0,,,,,,,,,
1384412,2023/24,2023-10-22,"Himachal Pradesh Cricket Association Stadium, Dharamsala",1,31.4,New Zealand,India,DJ Mitchell,R Ravindra,Mohammed Shami,1,0,,,,,,,,,
1384412,2023/24,2023-10-22,"Himachal Pradesh Cricket Association Stadium, Dharamsala",1,31.5,New Zealand,India,R Ravindra,DJ Mitchell,Mohammed Shami,1,0,,,,,,,,,
1384412,2023/24,2023-10-22,"Himachal Pradesh Cricket Association Stadium, Dharamsala",1,31.6,New Zealand,India,DJ Mitchell,R Ravindra,Mohammed Shami,0,0,,,,,,,,,
1384412,2023/24,2023-10-22,"Himachal Pradesh Cricket Association Stadium, Dharamsala",1,32.1,New Zealand,India,R Ravindra,DJ Mitchell,Kuldeep Yadav,0,0,,,,,,,,,
1384412,2023/24,2023-10-22,"Himachal Pradesh Cricket Association Stadium, Dharamsala",1,32.2,New Zealand,India,R Ravindra,DJ Mitchell,Kuldeep Yadav,0,0,,,,,,,,,
1384412,2023/24,2023-10-22,"Himachal Pradesh Cricket Association Stadium, Dharamsala",1,32.3,New Zealand,India,R Ravindra,DJ Mitchell,Kuldeep Yadav,1,0,,,,,,,,,
1384412,2023/24,2023-10-22,"Himachal Pradesh Cricket Association Stadium, Dharamsala",1,32.4,New Zealand,India,DJ Mitchell,R Ravindra,Kuldeep Yadav,0,0,,,,,,,,,
1384412,2023/24,2023-10-22,"Himachal Pradesh Cricket Association Stadium, Dharamsala",1,32.5,New Zealand,India,DJ Mitchell,R Ravindra,Kuldeep Yadav,4,0,,,,,,,,,
1384412,2023/24,2023-10-22,"Himachal Pradesh Cricket Association Stadium, Dharamsala",1,32.6,New Zealand,India,DJ Mitchell,R Ravindra,Kuldeep Yadav,1,0,,,,,,,,,
1384412,2023/24,2023-10-22,"Himachal Pradesh Cricket Association Stadium, Dharamsala",1,33.1,New Zealand,India,DJ Mitchell,R Ravindra,Mohammed Shami,1,0,,,,,,,,,
1384412,2023/24,2023-10-22,"Himachal Pradesh Cricket Association Stadium, Dharamsala",1,33.2,New Zealand,India,R Ravindra,DJ Mitchell,Mohammed Shami,0,4,,,,4,,,,,
1384412,2023/24,2023-10-22,"Himachal Pradesh Cricket Association Stadium, Dharamsala",1,33.3,New Zealand,India,R Ravindra,DJ Mitchell,Mohammed Shami,0,0,,,,,,caught,R Ravindra,,
1384412,2023/24,2023-10-22,"Himachal Pradesh Cricket Association Stadium, Dharamsala",1,33.4,New Zealand,India,TWM Latham,DJ Mitchell,Mohammed Shami,1,0,,,,,,,,,
1384412,2023/24,2023-10-22,"Himachal Pradesh Cricket Association Stadium, Dharamsala",1,33.5,New Zealand,India,DJ Mitchell,TWM Latham,Mohammed Shami,0,0,,,,,,,,,
1384412,2023/24,2023-10-22,"Himachal Pradesh Cricket Association Stadium, Dharamsala",1,33.6,New Zealand,India,DJ Mitchell,TWM Latham,Mohammed Shami,1,0,,,,,,,,,
1384412,2023/24,2023-10-22,"Himachal Pradesh Cricket Association Stadium, Dharamsala",1,34.1,New Zealand,India,DJ Mitchell,TWM Latham,Kuldeep Yadav,0,0,,,,,,,,,
1384412,2023/24,2023-10-22,"Himachal Pradesh Cricket Association Stadium, Dharamsala",1,34.2,New Zealand,India,DJ Mitchell,TWM Latham,Kuldeep Yadav,2,0,,,,,,,,,
1384412,2023/24,2023-10-22,"Himachal Pradesh Cricket Association Stadium, Dharamsala",1,34.3,New Zealand,India,DJ Mitchell,TWM Latham,Kuldeep Yadav,1,0,,,,,,,,,
1384412,2023/24,2023-10-22,"Himachal Pradesh Cricket Association Stadium, Dharamsala",1,34.4,New Zealand,India,TWM Latham,DJ Mitchell,Kuldeep Yadav,0,0,,,,,,,,,
1384412,2023/24,2023-10-22,"Himachal Pradesh Cricket Association Stadium, Dharamsala",1,34.5,New Zealand,India,TWM Latham,DJ Mitchell,Kuldeep Yadav,4,0,,,,,,,,,
1384412,2023/24,2023-10-22,"Himachal Pradesh Cricket Association Stadium, Dharamsala",1,34.6,New Zealand,India,TWM Latham,DJ Mitchell,Kuldeep Yadav,0,0,,,,,,,,,
1384412,2023/24,2023-10-22,"Himachal Pradesh Cricket Association Stadium, Dharamsala",1,35.1,New Zealand,India,DJ Mitchell,TWM Latham,JJ Bumrah,0,0,,,,,,,,,
1384412,2023/24,2023-10-22,"Himachal Pradesh Cricket Association Stadium, Dharamsala",1,35.2,New Zealand,India,DJ Mitchell,TWM Latham,JJ Bumrah,4,0,,,,,,,,,
1384412,2023/24,2023-10-22,"Himachal Pradesh Cricket Association Stadium, Dharamsala",1,35.3,New Zealand,India,DJ Mitchell,TWM Latham,JJ Bumrah,0,0,,,,,,,,,
1384412,2023/24,2023-10-22,"Himachal Pradesh Cricket Association Stadium, Dharamsala",1,35.4,New Zealand,India,DJ Mitchell,TWM Latham,JJ Bumrah,2,0,,,,,,,,,
1384412,2023/24,2023-10-22,"Himachal Pradesh Cricket Association Stadium, Dharamsala",1,35.5,New Zealand,India,DJ Mitchell,TWM Latham,JJ Bumrah,0,0,,,,,,,,,
1384412,2023/24,2023-10-22,"Himachal Pradesh Cricket Association Stadium, Dharamsala",1,35.6,New Zealand,India,DJ Mitchell,TWM Latham,JJ Bumrah,4,0,,,,,,,,,
1384412,2023/24,2023-10-22,"Himachal Pradesh Cricket Association Stadium, Dharamsala",1,36.1,New Zealand,India,TWM Latham,DJ Mitchell,Kuldeep Yadav,0,3,,,3,,,,,,
1384412,2023/24,2023-10-22,"Himachal Pradesh Cricket Association Stadium, Dharamsala",1,36.2,New Zealand,India,DJ Mitchell,TWM Latham,Kuldeep Yadav,4,0,,,,,,,,,
1384412,2023/24,2023-10-22,"Himachal Pradesh Cricket Association Stadium, Dharamsala",1,36.3,New Zealand,India,DJ Mitchell,TWM Latham,Kuldeep Yadav,1,0,,,,,,,,,
1384412,2023/24,2023-10-22,"Himachal Pradesh Cricket Association Stadium, Dharamsala",1,36.4,New Zealand,India,TWM Latham,DJ Mitchell,Kuldeep Yadav,0,0,,,,,,,,,
1384412,2023/24,2023-10-22,"Himachal Pradesh Cricket Association Stadium, Dharamsala",1,36.5,New Zealand,India,TWM Latham,DJ Mitchell,Kuldeep Yadav,0,0,,,,,,lbw,TWM Latham,,
1384412,2023/24,2023-10-22,"Himachal Pradesh Cricket Association Stadium, Dharamsala",1,36.6,New Zealand,India,GD Phillips,DJ Mitchell,Kuldeep Yadav,0,0,,,,,,,,,
1384412,2023/24,2023-10-22,"Himachal Pradesh Cricket Association Stadium, Dharamsala",1,37.1,New Zealand,India,DJ Mitchell,GD Phillips,JJ Bumrah,0,0,,,,,,,,,
1384412,2023/24,2023-10-22,"Himachal Pradesh Cricket Association Stadium, Dharamsala",1,37.2,New Zealand,India,DJ Mitchell,GD Phillips,JJ Bumrah,1,0,,,,,,,,,
1384412,2023/24,2023-10-22,"Himachal Pradesh Cricket Association Stadium, Dharamsala",1,37.3,New Zealand,India,GD Phillips,DJ Mitchell,JJ Bumrah,1,0,,,,,,,,,
1384412,2023/24,2023-10-22,"Himachal Pradesh Cricket Association Stadium, Dharamsala",1,37.4,New Zealand,India,DJ Mitchell,GD Phillips,JJ Bumrah,0,0,,,,,,,,,
1384412,2023/24,2023-10-22,"Himachal Pradesh Cricket Association Stadium, Dharamsala",1,37.5,New Zealand,India,DJ Mitchell,GD Phillips,JJ Bumrah,1,0,,,,,,,,,
1384412,2023/24,2023-10-22,"Himachal Pradesh Cricket Association Stadium, Dharamsala",1,37.6,New Zealand,India,GD Phillips,DJ Mitchell,JJ Bumrah,1,0,,,,,,,,,
1384412,2023/24,2023-10-22,"Himachal Pradesh Cricket Association Stadium, Dharamsala",1,38.1,New Zealand,India,GD Phillips,DJ Mitchell,Kuldeep Yadav,0,0,,,,,,,,,
1384412,2023/24,2023-10-22,"Himachal Pradesh Cricket Association Stadium, Dharamsala",1,38.2,New Zealand,India,GD Phillips,DJ Mitchell,Kuldeep Yadav,1,0,,,,,,,,,
1384412,2023/24,2023-10-22,"Himachal Pradesh Cricket Association Stadium, Dharamsala",1,38.3,New Zealand,India,DJ Mitchell,GD Phillips,Kuldeep Yadav,1,0,,,,,,,,,
1384412,2023/24,2023-10-22,"Himachal Pradesh Cricket Association Stadium, Dharamsala",1,38.4,New Zealand,India,GD Phillips,DJ Mitchell,Kuldeep Yadav,2,0,,,,,,,,,
1384412,2023/24,2023-10-22,"Himachal Pradesh Cricket Association Stadium, Dharamsala",1,38.5,New Zealand,India,GD Phillips,DJ Mitchell,Kuldeep Yadav,0,0,,,,,,,,,
1384412,2023/24,2023-10-22,"Himachal Pradesh Cricket Association Stadium, Dharamsala",1,38.6,New Zealand,India,GD Phillips,DJ Mitchell,Kuldeep Yadav,1,0,,,,,,,,,
1384412,2023/24,2023-10-22,"Himachal Pradesh Cricket Association Stadium, Dharamsala",1,39.1,New Zealand,India,GD Phillips,DJ Mitchell,Mohammed Shami,1,0,,,,,,,,,
1384412,2023/24,2023-10-22,"Himachal Pradesh Cricket Association Stadium, Dharamsala",1,39.2,New Zealand,India,DJ Mitchell,GD Phillips,Mohammed Shami,1,0,,,,,,,,,
1384412,2023/24,2023-10-22,"Himachal Pradesh Cricket Association Stadium, Dharamsala",1,39.3,New Zealand,India,GD Phillips,DJ Mitchell,Mohammed Shami,0,0,,,,,,,,,
1384412,2023/24,2023-10-22,"Himachal Pradesh Cricket Association Stadium, Dharamsala",1,39.4,New Zealand,India,GD Phillips,DJ Mitchell,Mohammed Shami,1,0,,,,,,,,,
1384412,2023/24,2023-10-22,"Himachal Pradesh Cricket Association Stadium, Dharamsala",1,39.5,New Zealand,India,DJ Mitchell,GD Phillips,Mohammed Shami,1,0,,,,,,,,,
1384412,2023/24,2023-10-22,"Himachal Pradesh Cricket Association Stadium, Dharamsala",1,39.6,New Zealand,India,GD Phillips,DJ Mitchell,Mohammed Shami,1,0,,,,,,,,,
1384412,2023/24,2023-10-22,"Himachal Pradesh Cricket Association Stadium, Dharamsala",1,40.1,New Zealand,India,GD Phillips,DJ Mitchell,JJ Bumrah,0,0,,,,,,,,,
1384412,2023/24,2023-10-22,"Himachal Pradesh Cricket Association Stadium, Dharamsala",1,40.2,New Zealand,India,GD Phillips,DJ Mitchell,JJ Bumrah,1,0,,,,,,,,,
1384412,2023/24,2023-10-22,"Himachal Pradesh Cricket Association Stadium, Dharamsala",1,40.3,New Zealand,India,DJ Mitchell,GD Phillips,JJ Bumrah,0,0,,,,,,,,,
1384412,2023/24,2023-10-22,"Himachal Pradesh Cricket Association Stadium, Dharamsala",1,40.4,New Zealand,India,DJ Mitchell,GD Phillips,JJ Bumrah,1,0,,,,,,,,,
1384412,2023/24,2023-10-22,"Himachal Pradesh Cricket Association Stadium, Dharamsala",1,40.5,New Zealand,India,GD Phillips,DJ Mitchell,JJ Bumrah,1,0,,,,,,,,,
1384412,2023/24,2023-10-22,"Himachal Pradesh Cricket Association Stadium, Dharamsala",1,40.6,New Zealand,India,DJ Mitchell,GD Phillips,JJ Bumrah,0,0,,,,,,,,,
1384412,2023/24,2023-10-22,"Himachal Pradesh Cricket Association Stadium, Dharamsala",1,41.1,New Zealand,India,GD Phillips,DJ Mitchell,Mohammed Shami,1,0,,,,,,,,,
1384412,2023/24,2023-10-22,"Himachal Pradesh Cricket Association Stadium, Dharamsala",1,41.2,New Zealand,India,DJ Mitchell,GD Phillips,Mohammed Shami,1,0,,,,,,,,,
1384412,2023/24,2023-10-22,"Himachal Pradesh Cricket Association Stadium, Dharamsala",1,41.3,New Zealand,India,GD Phillips,DJ Mitchell,Mohammed Shami,0,0,,,,,,,,,
1384412,2023/24,2023-10-22,"Himachal Pradesh Cricket Association Stadium, Dharamsala",1,41.4,New Zealand,India,GD Phillips,DJ Mitchell,Mohammed Shami,0,0,,,,,,,,,
1384412,2023/24,2023-10-22,"Himachal Pradesh Cricket Association Stadium, Dharamsala",1,41.5,New Zealand,India,GD Phillips,DJ Mitchell,Mohammed Shami,1,0,,,,,,,,,
1384412,2023/24,2023-10-22,"Himachal Pradesh Cricket Association Stadium, Dharamsala",1,41.6,New Zealand,India,DJ Mitchell,GD Phillips,Mohammed Shami,1,0,,,,,,,,,
1384412,2023/24,2023-10-22,"Himachal Pradesh Cricket Association Stadium, Dharamsala",1,42.1,New Zealand,India,DJ Mitchell,GD Phillips,JJ Bumrah,2,0,,,,,,,,,
1384412,2023/24,2023-10-22,"Himachal Pradesh Cricket Association Stadium, Dharamsala",1,42.2,New Zealand,India,DJ Mitchell,GD Phillips,JJ Bumrah,0,0,,,,,,,,,
1384412,2023/24,2023-10-22,"Himachal Pradesh Cricket Association Stadium, Dharamsala",1,42.3,New Zealand,India,DJ Mitchell,GD Phillips,JJ Bumrah,0,0,,,,,,,,,
1384412,2023/24,2023-10-22,"Himachal Pradesh Cricket Association Stadium, Dharamsala",1,42.4,New Zealand,India,DJ Mitchell,GD Phillips,JJ Bumrah,2,0,,,,,,,,,
1384412,2023/24,2023-10-22,"Himachal Pradesh Cricket Association Stadium, Dharamsala",1,42.5,New Zealand,India,DJ Mitchell,GD Phillips,JJ Bumrah,1,0,,,,,,,,,
1384412,2023/24,2023-10-22,"Himachal Pradesh Cricket Association Stadium, Dharamsala",1,42.6,New Zealand,India,GD Phillips,DJ Mitchell,JJ Bumrah,1,0,,,,,,,,,
1384412,2023/24,2023-10-22,"Himachal Pradesh Cricket Association Stadium, Dharamsala",1,43.1,New Zealand,India,GD Phillips,DJ Mitchell,Mohammed Siraj,6,0,,,,,,,,,
1384412,2023/24,2023-10-22,"Himachal Pradesh Cricket Association Stadium, Dharamsala",1,43.2,New Zealand,India,GD Phillips,DJ Mitchell,Mohammed Siraj,1,0,,,,,,,,,
1384412,2023/24,2023-10-22,"Himachal Pradesh Cricket Association Stadium, Dharamsala",1,43.3,New Zealand,India,DJ Mitchell,GD Phillips,Mohammed Siraj,1,0,,,,,,,,,
1384412,2023/24,2023-10-22,"Himachal Pradesh Cricket Association Stadium, Dharamsala",1,43.4,New Zealand,India,GD Phillips,DJ Mitchell,Mohammed Siraj,1,0,,,,,,,,,
1384412,2023/24,2023-10-22,"Himachal Pradesh Cricket Association Stadium, Dharamsala",1,43.5,New Zealand,India,DJ Mitchell,GD Phillips,Mohammed Siraj,1,0,,,,,,,,,
1384412,2023/24,2023-10-22,"Himachal Pradesh Cricket Association Stadium, Dharamsala",1,43.6,New Zealand,India,GD Phillips,DJ Mitchell,Mohammed Siraj,1,0,,,,,,,,,
1384412,2023/24,2023-10-22,"Himachal Pradesh Cricket Association Stadium, Dharamsala",1,44.1,New Zealand,India,GD Phillips,DJ Mitchell,Kuldeep Yadav,0,0,,,,,,,,,
1384412,2023/24,2023-10-22,"Himachal Pradesh Cricket Association Stadium, Dharamsala",1,44.2,New Zealand,India,GD Phillips,DJ Mitchell,Kuldeep Yadav,0,0,,,,,,caught,GD Phillips,,
1384412,2023/24,2023-10-22,"Himachal Pradesh Cricket Association Stadium, Dharamsala",1,44.3,New Zealand,India,MS Chapman,DJ Mitchell,Kuldeep Yadav,1,0,,,,,,,,,
1384412,2023/24,2023-10-22,"Himachal Pradesh Cricket Association Stadium, Dharamsala",1,44.4,New Zealand,India,DJ Mitchell,MS Chapman,Kuldeep Yadav,0,0,,,,,,,,,
1384412,2023/24,2023-10-22,"Himachal Pradesh Cricket Association Stadium, Dharamsala",1,44.5,New Zealand,India,DJ Mitchell,MS Chapman,Kuldeep Yadav,1,0,,,,,,,,,
1384412,2023/24,2023-10-22,"Himachal Pradesh Cricket Association Stadium, Dharamsala",1,44.6,New Zealand,India,MS Chapman,DJ Mitchell,Kuldeep Yadav,0,0,,,,,,,,,
1384412,2023/24,2023-10-22,"Himachal Pradesh Cricket Association Stadium, Dharamsala",1,45.1,New Zealand,India,DJ Mitchell,MS Chapman,Mohammed Siraj,0,0,,,,,,,,,
1384412,2023/24,2023-10-22,"Himachal Pradesh Cricket Association Stadium, Dharamsala",1,45.2,New Zealand,India,DJ Mitchell,MS Chapman,Mohammed Siraj,1,0,,,,,,,,,
1384412,2023/24,2023-10-22,"Himachal Pradesh Cricket Association Stadium, Dharamsala",1,45.3,New Zealand,India,MS Chapman,DJ Mitchell,Mohammed Siraj,1,0,,,,,,,,,
1384412,2023/24,2023-10-22,"Himachal Pradesh Cricket Association Stadium, Dharamsala",1,45.4,New Zealand,India,DJ Mitchell,MS Chapman,Mohammed Siraj,1,0,,,,,,,,,
1384412,2023/24,2023-10-22,"Himachal Pradesh Cricket Association Stadium, Dharamsala",1,45.5,New Zealand,India,MS Chapman,DJ Mitchell,Mohammed Siraj,1,0,,,,,,,,,
1384412,2023/24,2023-10-22,"Himachal Pradesh Cricket Association Stadium, Dharamsala",1,45.6,New Zealand,India,DJ Mitchell,MS Chapman,Mohammed Siraj,0,0,,,,,,,,,
1384412,2023/24,2023-10-22,"Himachal Pradesh Cricket Association Stadium, Dharamsala",1,46.1,New Zealand,India,MS Chapman,DJ Mitchell,JJ Bumrah,1,0,,,,,,,,,
1384412,2023/24,2023-10-22,"Himachal Pradesh Cricket Association Stadium, Dharamsala",1,46.2,New Zealand,India,DJ Mitchell,MS Chapman,JJ Bumrah,4,0,,,,,,,,,
1384412,2023/24,2023-10-22,"Himachal Pradesh Cricket Association Stadium, Dharamsala",1,46.3,New Zealand,India,DJ Mitchell,MS Chapman,JJ Bumrah,1,0,,,,,,,,,
1384412,2023/24,2023-10-22,"Himachal Pradesh Cricket Association Stadium, Dharamsala",1,46.4,New Zealand,India,MS Chapman,DJ Mitchell,JJ Bumrah,0,0,,,,,,,,,
1384412,2023/24,2023-10-22,"Himachal Pradesh Cricket Association Stadium, Dharamsala",1,46.5,New Zealand,India,MS Chapman,DJ Mitchell,JJ Bumrah,2,0,,,,,,,,,
1384412,2023/24,2023-10-22,"Himachal Pradesh Cricket Association Stadium, Dharamsala",1,46.6,New Zealand,India,MS Chapman,DJ Mitchell,JJ Bumrah,0,0,,,,,,caught,MS Chapman,,
1384412,2023/24,2023-10-22,"Himachal Pradesh Cricket Association Stadium, Dharamsala",1,47.1,New Zealand,India,DJ Mitchell,MJ Santner,Mohammed Shami,0,1,,,,1,,,,,
1384412,2023/24,2023-10-22,"Himachal Pradesh Cricket Association Stadium, Dharamsala",1,47.2,New Zealand,India,MJ Santner,DJ Mitchell,Mohammed Shami,1,0,,,,,,,,,
1384412,2023/24,2023-10-22,"Himachal Pradesh Cricket Association Stadium, Dharamsala",1,47.3,New Zealand,India,DJ Mitchell,MJ Santner,Mohammed Shami,1,0,,,,,,,,,
1384412,2023/24,2023-10-22,"Himachal Pradesh Cricket Association Stadium, Dharamsala",1,47.4,New Zealand,India,MJ Santner,DJ Mitchell,Mohammed Shami,0,0,,,,,,bowled,MJ Santner,,
1384412,2023/24,2023-10-22,"Himachal Pradesh Cricket Association Stadium, Dharamsala",1,47.5,New Zealand,India,MJ Henry,DJ Mitchell,Mohammed Shami,0,0,,,,,,bowled,MJ Henry,,
1384412,2023/24,2023-10-22,"Himachal Pradesh Cricket Association Stadium, Dharamsala",1,47.6,New Zealand,India,LH Ferguson,DJ Mitchell,Mohammed Shami,0,0,,,,,,,,,
1384412,2023/24,2023-10-22,"Himachal Pradesh Cricket Association Stadium, Dharamsala",1,48.1,New Zealand,India,DJ Mitchell,LH Ferguson,JJ Bumrah,1,0,,,,,,,,,
1384412,2023/24,2023-10-22,"Himachal Pradesh Cricket Association Stadium, Dharamsala",1,48.2,New Zealand,India,LH Ferguson,DJ Mitchell,JJ Bumrah,0,0,,,,,,,,,
1384412,2023/24,2023-10-22,"Himachal Pradesh Cricket Association Stadium, Dharamsala",1,48.3,New Zealand,India,LH Ferguson,DJ Mitchell,JJ Bumrah,1,0,,,,,,,,,
1384412,2023/24,2023-10-22,"Himachal Pradesh Cricket Association Stadium, Dharamsala",1,48.4,New Zealand,India,DJ Mitchell,LH Ferguson,JJ Bumrah,1,0,,,,,,,,,
1384412,2023/24,2023-10-22,"Himachal Pradesh Cricket Association Stadium, Dharamsala",1,48.5,New Zealand,India,LH Ferguson,DJ Mitchell,JJ Bumrah,0,0,,,,,,,,,
1384412,2023/24,2023-10-22,"Himachal Pradesh Cricket Association Stadium, Dharamsala",1,48.6,New Zealand,India,LH Ferguson,DJ Mitchell,JJ Bumrah,0,0,,,,,,,,,
1384412,2023/24,2023-10-22,"Himachal Pradesh Cricket Association Stadium, Dharamsala",1,49.1,New Zealand,India,DJ Mitchell,LH Ferguson,Mohammed Shami,0,0,,,,,,,,,
1384412,2023/24,2023-10-22,"Himachal Pradesh Cricket Association Stadium, Dharamsala",1,49.2,New Zealand,India,DJ Mitchell,LH Ferguson,Mohammed Shami,6,0,,,,,,,,,
1384412,2023/24,2023-10-22,"Himachal Pradesh Cricket Association Stadium, Dharamsala",1,49.3,New Zealand,India,DJ Mitchell,LH Ferguson,Mohammed Shami,4,0,,,,,,,,,
1384412,2023/24,2023-10-22,"Himachal Pradesh Cricket Association Stadium, Dharamsala",1,49.4,New Zealand,India,DJ Mitchell,LH Ferguson,Mohammed Shami,0,0,,,,,,,,,
1384412,2023/24,2023-10-22,"Himachal Pradesh Cricket Association Stadium, Dharamsala",1,49.5,New Zealand,India,DJ Mitchell,LH Ferguson,Mohammed Shami,0,0,,,,,,caught,DJ Mitchell,,
1384412,2023/24,2023-10-22,"Himachal Pradesh Cricket Association Stadium, Dharamsala",1,49.6,New Zealand,India,TA Boult,LH Ferguson,Mohammed Shami,0,0,,,,,,run out,LH Ferguson,,
1384412,2023/24,2023-10-22,"Himachal Pradesh Cricket Association Stadium, Dharamsala",2,0.1,India,New Zealand,RG Sharma,Shubman Gill,TA Boult,0,0,,,,,,,,,
1384412,2023/24,2023-10-22,"Himachal Pradesh Cricket Association Stadium, Dharamsala",2,0.2,India,New Zealand,RG Sharma,Shubman Gill,TA Boult,4,0,,,,,,,,,
1384412,2023/24,2023-10-22,"Himachal Pradesh Cricket Association Stadium, Dharamsala",2,0.3,India,New Zealand,RG Sharma,Shubman Gill,TA Boult,0,0,,,,,,,,,
1384412,2023/24,2023-10-22,"Himachal Pradesh Cricket Association Stadium, Dharamsala",2,0.4,India,New Zealand,RG Sharma,Shubman Gill,TA Boult,0,0,,,,,,,,,
1384412,2023/24,2023-10-22,"Himachal Pradesh Cricket Association Stadium, Dharamsala",2,0.5,India,New Zealand,RG Sharma,Shubman Gill,TA Boult,0,0,,,,,,,,,
1384412,2023/24,2023-10-22,"Himachal Pradesh Cricket Association Stadium, Dharamsala",2,0.6,India,New Zealand,RG Sharma,Shubman Gill,TA Boult,0,0,,,,,,,,,
1384412,2023/24,2023-10-22,"Himachal Pradesh Cricket Association Stadium, Dharamsala",2,1.1,India,New Zealand,Shubman Gill,RG Sharma,MJ Henry,0,0,,,,,,,,,
1384412,2023/24,2023-10-22,"Himachal Pradesh Cricket Association Stadium, Dharamsala",2,1.2,India,New Zealand,Shubman Gill,RG Sharma,MJ Henry,1,0,,,,,,,,,
1384412,2023/24,2023-10-22,"Himachal Pradesh Cricket Association Stadium, Dharamsala",2,1.3,India,New Zealand,RG Sharma,Shubman Gill,MJ Henry,0,0,,,,,,,,,
1384412,2023/24,2023-10-22,"Himachal Pradesh Cricket Association Stadium, Dharamsala",2,1.4,India,New Zealand,RG Sharma,Shubman Gill,MJ Henry,0,0,,,,,,,,,
1384412,2023/24,2023-10-22,"Himachal Pradesh Cricket Association Stadium, Dharamsala",2,1.5,India,New Zealand,RG Sharma,Shubman Gill,MJ Henry,6,0,,,,,,,,,
1384412,2023/24,2023-10-22,"Himachal Pradesh Cricket Association Stadium, Dharamsala",2,1.6,India,New Zealand,RG Sharma,Shubman Gill,MJ Henry,4,0,,,,,,,,,
1384412,2023/24,2023-10-22,"Himachal Pradesh Cricket Association Stadium, Dharamsala",2,2.1,India,New Zealand,Shubman Gill,RG Sharma,TA Boult,1,0,,,,,,,,,
1384412,2023/24,2023-10-22,"Himachal Pradesh Cricket Association Stadium, Dharamsala",2,2.2,India,New Zealand,RG Sharma,Shubman Gill,TA Boult,1,0,,,,,,,,,
1384412,2023/24,2023-10-22,"Himachal Pradesh Cricket Association Stadium, Dharamsala",2,2.3,India,New Zealand,Shubman Gill,RG Sharma,TA Boult,1,0,,,,,,,,,
1384412,2023/24,2023-10-22,"Himachal Pradesh Cricket Association Stadium, Dharamsala",2,2.4,India,New Zealand,RG Sharma,Shubman Gill,TA Boult,0,0,,,,,,,,,
1384412,2023/24,2023-10-22,"Himachal Pradesh Cricket Association Stadium, Dharamsala",2,2.5,India,New Zealand,RG Sharma,Shubman Gill,TA Boult,0,0,,,,,,,,,
1384412,2023/24,2023-10-22,"Himachal Pradesh Cricket Association Stadium, Dharamsala",2,2.6,India,New Zealand,RG Sharma,Shubman Gill,TA Boult,4,0,,,,,,,,,
1384412,2023/24,2023-10-22,"Himachal Pradesh Cricket Association Stadium, Dharamsala",2,3.1,India,New Zealand,Shubman Gill,RG Sharma,MJ Henry,0,0,,,,,,,,,
1384412,2023/24,2023-10-22,"Himachal Pradesh Cricket Association Stadium, Dharamsala",2,3.2,India,New Zealand,Shubman Gill,RG Sharma,MJ Henry,0,0,,,,,,,,,
1384412,2023/24,2023-10-22,"Himachal Pradesh Cricket Association Stadium, Dharamsala",2,3.3,India,New Zealand,Shubman Gill,RG Sharma,MJ Henry,0,0,,,,,,,,,
1384412,2023/24,2023-10-22,"Himachal Pradesh Cricket Association Stadium, Dharamsala",2,3.4,India,New Zealand,Shubman Gill,RG Sharma,MJ Henry,0,0,,,,,,,,,
1384412,2023/24,2023-10-22,"Himachal Pradesh Cricket Association Stadium, Dharamsala",2,3.5,India,New Zealand,Shubman Gill,RG Sharma,MJ Henry,0,0,,,,,,,,,
1384412,2023/24,2023-10-22,"Himachal Pradesh Cricket Association Stadium, Dharamsala",2,3.6,India,New Zealand,Shubman Gill,RG Sharma,MJ Henry,4,0,,,,,,,,,
1384412,2023/24,2023-10-22,"Himachal Pradesh Cricket Association Stadium, Dharamsala",2,4.1,India,New Zealand,RG Sharma,Shubman Gill,TA Boult,0,0,,,,,,,,,
1384412,2023/24,2023-10-22,"Himachal Pradesh Cricket Association Stadium, Dharamsala",2,4.2,India,New Zealand,RG Sharma,Shubman Gill,TA Boult,0,0,,,,,,,,,
1384412,2023/24,2023-10-22,"Himachal Pradesh Cricket Association Stadium, Dharamsala",2,4.3,India,New Zealand,RG Sharma,Shubman Gill,TA Boult,0,0,,,,,,,,,
1384412,2023/24,2023-10-22,"Himachal Pradesh Cricket Association Stadium, Dharamsala",2,4.4,India,New Zealand,RG Sharma,Shubman Gill,TA Boult,6,0,,,,,,,,,
1384412,2023/24,2023-10-22,"Himachal Pradesh Cricket Association Stadium, Dharamsala",2,4.5,India,New Zealand,RG Sharma,Shubman Gill,TA Boult,0,0,,,,,,,,,
1384412,2023/24,2023-10-22,"Himachal Pradesh Cricket Association Stadium, Dharamsala",2,4.6,India,New Zealand,RG Sharma,Shubman Gill,TA Boult,0,0,,,,,,,,,
1384412,2023/24,2023-10-22,"Himachal Pradesh Cricket Association Stadium, Dharamsala",2,5.1,India,New Zealand,Shubman Gill,RG Sharma,MJ Henry,0,0,,,,,,,,,
1384412,2023/24,2023-10-22,"Himachal Pradesh Cricket Association Stadium, Dharamsala",2,5.2,India,New Zealand,Shubman Gill,RG Sharma,MJ Henry,0,0,,,,,,,,,
1384412,2023/24,2023-10-22,"Himachal Pradesh Cricket Association Stadium, Dharamsala",2,5.3,India,New Zealand,Shubman Gill,RG Sharma,MJ Henry,0,0,,,,,,,,,
1384412,2023/24,2023-10-22,"Himachal Pradesh Cricket Association Stadium, Dharamsala",2,5.4,India,New Zealand,Shubman Gill,RG Sharma,MJ Henry,0,0,,,,,,,,,
1384412,2023/24,2023-10-22,"Himachal Pradesh Cricket Association Stadium, Dharamsala",2,5.5,India,New Zealand,Shubman Gill,RG Sharma,MJ Henry,4,0,,,,,,,,,
1384412,2023/24,2023-10-22,"Himachal Pradesh Cricket Association Stadium, Dharamsala",2,5.6,India,New Zealand,Shubman Gill,RG Sharma,MJ Henry,0,0,,,,,,,,,
1384412,2023/24,2023-10-22,"Himachal Pradesh Cricket Association Stadium, Dharamsala",2,6.1,India,New Zealand,RG Sharma,Shubman Gill,TA Boult,0,0,,,,,,,,,
1384412,2023/24,2023-10-22,"Himachal Pradesh Cricket Association Stadium, Dharamsala",2,6.2,India,New Zealand,RG Sharma,Shubman Gill,TA Boult,1,0,,,,,,,,,
1384412,2023/24,2023-10-22,"Himachal Pradesh Cricket Association Stadium, Dharamsala",2,6.3,India,New Zealand,Shubman Gill,RG Sharma,TA Boult,4,0,,,,,,,,,
1384412,2023/24,2023-10-22,"Himachal Pradesh Cricket Association Stadium, Dharamsala",2,6.4,India,New Zealand,Shubman Gill,RG Sharma,TA Boult,4,0,,,,,,,,,
1384412,2023/24,2023-10-22,"Himachal Pradesh Cricket Association Stadium, Dharamsala",2,6.5,India,New Zealand,Shubman Gill,RG Sharma,TA Boult,1,0,,,,,,,,,
1384412,2023/24,2023-10-22,"Himachal Pradesh Cricket Association Stadium, Dharamsala",2,6.6,India,New Zealand,RG Sharma,Shubman Gill,TA Boult,2,0,,,,,,,,,
1384412,2023/24,2023-10-22,"Himachal Pradesh Cricket Association Stadium, Dharamsala",2,7.1,India,New Zealand,Shubman Gill,RG Sharma,MJ Henry,0,0,,,,,,,,,
1384412,2023/24,2023-10-22,"Himachal Pradesh Cricket Association Stadium, Dharamsala",2,7.2,India,New Zealand,Shubman Gill,RG Sharma,MJ Henry,0,0,,,,,,,,,
1384412,2023/24,2023-10-22,"Himachal Pradesh Cricket Association Stadium, Dharamsala",2,7.3,India,New Zealand,Shubman Gill,RG Sharma,MJ Henry,0,0,,,,,,,,,
1384412,2023/24,2023-10-22,"Himachal Pradesh Cricket Association Stadium, Dharamsala",2,7.4,India,New Zealand,Shubman Gill,RG Sharma,MJ Henry,4,0,,,,,,,,,
1384412,2023/24,2023-10-22,"Himachal Pradesh Cricket Association Stadium, Dharamsala",2,7.5,India,New Zealand,Shubman Gill,RG Sharma,MJ Henry,0,0,,,,,,,,,
1384412,2023/24,2023-10-22,"Himachal Pradesh Cricket Association Stadium, Dharamsala",2,7.6,India,New Zealand,Shubman Gill,RG Sharma,MJ Henry,0,0,,,,,,,,,
1384412,2023/24,2023-10-22,"Himachal Pradesh Cricket Association Stadium, Dharamsala",2,8.1,India,New Zealand,RG Sharma,Shubman Gill,MJ Santner,0,0,,,,,,,,,
1384412,2023/24,2023-10-22,"Himachal Pradesh Cricket Association Stadium, Dharamsala",2,8.2,India,New Zealand,RG Sharma,Shubman Gill,MJ Santner,0,0,,,,,,,,,
1384412,2023/24,2023-10-22,"Himachal Pradesh Cricket Association Stadium, Dharamsala",2,8.3,India,New Zealand,RG Sharma,Shubman Gill,MJ Santner,0,0,,,,,,,,,
1384412,2023/24,2023-10-22,"Himachal Pradesh Cricket Association Stadium, Dharamsala",2,8.4,India,New Zealand,RG Sharma,Shubman Gill,MJ Santner,0,0,,,,,,,,,
1384412,2023/24,2023-10-22,"Himachal Pradesh Cricket Association Stadium, Dharamsala",2,8.5,India,New Zealand,RG Sharma,Shubman Gill,MJ Santner,0,0,,,,,,,,,
1384412,2023/24,2023-10-22,"Himachal Pradesh Cricket Association Stadium, Dharamsala",2,8.6,India,New Zealand,RG Sharma,Shubman Gill,MJ Santner,1,0,,,,,,,,,
1384412,2023/24,2023-10-22,"Himachal Pradesh Cricket Association Stadium, Dharamsala",2,9.1,India,New Zealand,RG Sharma,Shubman Gill,MJ Henry,0,0,,,,,,,,,
1384412,2023/24,2023-10-22,"Himachal Pradesh Cricket Association Stadium, Dharamsala",2,9.2,India,New Zealand,RG Sharma,Shubman Gill,MJ Henry,4,0,,,,,,,,,
1384412,2023/24,2023-10-22,"Himachal Pradesh Cricket Association Stadium, Dharamsala",2,9.3,India,New Zealand,RG Sharma,Shubman Gill,MJ Henry,0,0,,,,,,,,,
1384412,2023/24,2023-10-22,"Himachal Pradesh Cricket Association Stadium, Dharamsala",2,9.4,India,New Zealand,RG Sharma,Shubman Gill,MJ Henry,0,0,,,,,,,,,
1384412,2023/24,2023-10-22,"Himachal Pradesh Cricket Association Stadium, Dharamsala",2,9.5,India,New Zealand,RG Sharma,Shubman Gill,MJ Henry,6,0,,,,,,,,,
1384412,2023/24,2023-10-22,"Himachal Pradesh Cricket Association Stadium, Dharamsala",2,9.6,India,New Zealand,RG Sharma,Shubman Gill,MJ Henry,0,0,,,,,,,,,
1384412,2023/24,2023-10-22,"Himachal Pradesh Cricket Association Stadium, Dharamsala",2,10.1,India,New Zealand,Shubman Gill,RG Sharma,MJ Santner,0,0,,,,,,,,,
1384412,2023/24,2023-10-22,"Himachal Pradesh Cricket Association Stadium, Dharamsala",2,10.2,India,New Zealand,Shubman Gill,RG Sharma,MJ Santner,1,0,,,,,,,,,
1384412,2023/24,2023-10-22,"Himachal Pradesh Cricket Association Stadium, Dharamsala",2,10.3,India,New Zealand,RG Sharma,Shubman Gill,MJ Santner,0,0,,,,,,,,,
1384412,2023/24,2023-10-22,"Himachal Pradesh Cricket Association Stadium, Dharamsala",2,10.4,India,New Zealand,RG Sharma,Shubman Gill,MJ Santner,0,0,,,,,,,,,
1384412,2023/24,2023-10-22,"Himachal Pradesh Cricket Association Stadium, Dharamsala",2,10.5,India,New Zealand,RG Sharma,Shubman Gill,MJ Santner,6,0,,,,,,,,,
1384412,2023/24,2023-10-22,"Himachal Pradesh Cricket Association Stadium, Dharamsala",2,10.6,India,New Zealand,RG Sharma,Shubman Gill,MJ Santner,1,0,,,,,,,,,
1384412,2023/24,2023-10-22,"Himachal Pradesh Cricket Association Stadium, Dharamsala",2,11.1,India,New Zealand,RG Sharma,Shubman Gill,LH Ferguson,0,0,,,,,,bowled,RG Sharma,,
1384412,2023/24,2023-10-22,"Himachal Pradesh Cricket Association Stadium, Dharamsala",2,11.2,India,New Zealand,V Kohli,Shubman Gill,LH Ferguson,0,0,,,,,,,,,
1384412,2023/24,2023-10-22,"Himachal Pradesh Cricket Association Stadium, Dharamsala",2,11.3,India,New Zealand,V Kohli,Shubman Gill,LH Ferguson,0,0,,,,,,,,,
1384412,2023/24,2023-10-22,"Himachal Pradesh Cricket Association Stadium, Dharamsala",2,11.4,India,New Zealand,V Kohli,Shubman Gill,LH Ferguson,4,0,,,,,,,,,
1384412,2023/24,2023-10-22,"Himachal Pradesh Cricket Association Stadium, Dharamsala",2,11.5,India,New Zealand,V Kohli,Shubman Gill,LH Ferguson,0,0,,,,,,,,,
1384412,2023/24,2023-10-22,"Himachal Pradesh Cricket Association Stadium, Dharamsala",2,11.6,India,New Zealand,V Kohli,Shubman Gill,LH Ferguson,0,0,,,,,,,,,
1384412,2023/24,2023-10-22,"Himachal Pradesh Cricket Association Stadium, Dharamsala",2,12.1,India,New Zealand,Shubman Gill,V Kohli,MJ Santner,0,0,,,,,,,,,
1384412,2023/24,2023-10-22,"Himachal Pradesh Cricket Association Stadium, Dharamsala",2,12.2,India,New Zealand,Shubman Gill,V Kohli,MJ Santner,1,0,,,,,,,,,
1384412,2023/24,2023-10-22,"Himachal Pradesh Cricket Association Stadium, Dharamsala",2,12.3,India,New Zealand,V Kohli,Shubman Gill,MJ Santner,0,0,,,,,,,,,
1384412,2023/24,2023-10-22,"Himachal Pradesh Cricket Association Stadium, Dharamsala",2,12.4,India,New Zealand,V Kohli,Shubman Gill,MJ Santner,0,0,,,,,,,,,
1384412,2023/24,2023-10-22,"Himachal Pradesh Cricket Association Stadium, Dharamsala",2,12.5,India,New Zealand,V Kohli,Shubman Gill,MJ Santner,0,0,,,,,,,,,
1384412,2023/24,2023-10-22,"Himachal Pradesh Cricket Association Stadium, Dharamsala",2,12.6,India,New Zealand,V Kohli,Shubman Gill,MJ Santner,0,0,,,,,,,,,
1384412,2023/24,2023-10-22,"Himachal Pradesh Cricket Association Stadium, Dharamsala",2,13.1,India,New Zealand,Shubman Gill,V Kohli,LH Ferguson,0,0,,,,,,,,,
1384412,2023/24,2023-10-22,"Himachal Pradesh Cricket Association Stadium, Dharamsala",2,13.2,India,New Zealand,Shubman Gill,V Kohli,LH Ferguson,0,0,,,,,,caught,Shubman Gill,,
1384412,2023/24,2023-10-22,"Himachal Pradesh Cricket Association Stadium, Dharamsala",2,13.3,India,New Zealand,SS Iyer,V Kohli,LH Ferguson,0,0,,,,,,,,,
1384412,2023/24,2023-10-22,"Himachal Pradesh Cricket Association Stadium, Dharamsala",2,13.4,India,New Zealand,SS Iyer,V Kohli,LH Ferguson,4,0,,,,,,,,,
1384412,2023/24,2023-10-22,"Himachal Pradesh Cricket Association Stadium, Dharamsala",2,13.5,India,New Zealand,SS Iyer,V Kohli,LH Ferguson,0,0,,,,,,,,,
1384412,2023/24,2023-10-22,"Himachal Pradesh Cricket Association Stadium, Dharamsala",2,13.6,India,New Zealand,SS Iyer,V Kohli,LH Ferguson,4,0,,,,,,,,,
1384412,2023/24,2023-10-22,"Himachal Pradesh Cricket Association Stadium, Dharamsala",2,14.1,India,New Zealand,V Kohli,SS Iyer,MJ Santner,0,0,,,,,,,,,
1384412,2023/24,2023-10-22,"Himachal Pradesh Cricket Association Stadium, Dharamsala",2,14.2,India,New Zealand,V Kohli,SS Iyer,MJ Santner,0,0,,,,,,,,,
1384412,2023/24,2023-10-22,"Himachal Pradesh Cricket Association Stadium, Dharamsala",2,14.3,India,New Zealand,V Kohli,SS Iyer,MJ Santner,1,0,,,,,,,,,
1384412,2023/24,2023-10-22,"Himachal Pradesh Cricket Association Stadium, Dharamsala",2,14.4,India,New Zealand,SS Iyer,V Kohli,MJ Santner,4,0,,,,,,,,,
1384412,2023/24,2023-10-22,"Himachal Pradesh Cricket Association Stadium, Dharamsala",2,14.5,India,New Zealand,SS Iyer,V Kohli,MJ Santner,1,0,,,,,,,,,
1384412,2023/24,2023-10-22,"Himachal Pradesh Cricket Association Stadium, Dharamsala",2,14.6,India,New Zealand,V Kohli,SS Iyer,MJ Santner,1,0,,,,,,,,,
1384412,2023/24,2023-10-22,"Himachal Pradesh Cricket Association Stadium, Dharamsala",2,15.1,India,New Zealand,V Kohli,SS Iyer,LH Ferguson,1,0,,,,,,,,,
1384412,2023/24,2023-10-22,"Himachal Pradesh Cricket Association Stadium, Dharamsala",2,15.2,India,New Zealand,SS Iyer,V Kohli,LH Ferguson,4,0,,,,,,,,,
1384412,2023/24,2023-10-22,"Himachal Pradesh Cricket Association Stadium, Dharamsala",2,15.3,India,New Zealand,SS Iyer,V Kohli,LH Ferguson,0,0,,,,,,,,,
1384412,2023/24,2023-10-22,"Himachal Pradesh Cricket Association Stadium, Dharamsala",2,15.4,India,New Zealand,SS Iyer,V Kohli,LH Ferguson,4,0,,,,,,,,,
1384412,2023/24,2023-10-22,"Himachal Pradesh Cricket Association Stadium, Dharamsala",2,15.5,India,New Zealand,SS Iyer,V Kohli,LH Ferguson,0,0,,,,,,,,,
1384412,2023/24,2023-10-22,"Himachal Pradesh Cricket Association Stadium, Dharamsala",2,15.6,India,New Zealand,SS Iyer,V Kohli,LH Ferguson,2,0,,,,,,,,,
1384412,2023/24,2023-10-22,"Himachal Pradesh Cricket Association Stadium, Dharamsala",2,16.1,India,New Zealand,V Kohli,SS Iyer,MJ Santner,1,0,,,,,,,,,
1384412,2023/24,2023-10-22,"Himachal Pradesh Cricket Association Stadium, Dharamsala",2,16.2,India,New Zealand,SS Iyer,V Kohli,MJ Santner,0,0,,,,,,,,,
1384412,2023/24,2023-10-22,"Himachal Pradesh Cricket Association Stadium, Dharamsala",2,16.3,India,New Zealand,SS Iyer,V Kohli,MJ Santner,1,0,,,,,,,,,
1384412,2023/24,2023-10-22,"Himachal Pradesh Cricket Association Stadium, Dharamsala",2,16.4,India,New Zealand,V Kohli,SS Iyer,MJ Santner,1,0,,,,,,,,,
1384412,2023/24,2023-10-22,"Himachal Pradesh Cricket Association Stadium, Dharamsala",2,16.5,India,New Zealand,SS Iyer,V Kohli,MJ Santner,1,0,,,,,,,,,
1384412,2023/24,2023-10-22,"Himachal Pradesh Cricket Association Stadium, Dharamsala",2,16.6,India,New Zealand,V Kohli,SS Iyer,MJ Santner,0,0,,,,,,,,,
1384412,2023/24,2023-10-22,"Himachal Pradesh Cricket Association Stadium, Dharamsala",2,17.1,India,New Zealand,SS Iyer,V Kohli,LH Ferguson,1,0,,,,,,,,,
1384412,2023/24,2023-10-22,"Himachal Pradesh Cricket Association Stadium, Dharamsala",2,17.2,India,New Zealand,V Kohli,SS Iyer,LH Ferguson,4,0,,,,,,,,,
1384412,2023/24,2023-10-22,"Himachal Pradesh Cricket Association Stadium, Dharamsala",2,17.3,India,New Zealand,V Kohli,SS Iyer,LH Ferguson,1,0,,,,,,,,,
1384412,2023/24,2023-10-22,"Himachal Pradesh Cricket Association Stadium, Dharamsala",2,17.4,India,New Zealand,SS Iyer,V Kohli,LH Ferguson,0,1,,,,1,,,,,
1384412,2023/24,2023-10-22,"Himachal Pradesh Cricket Association Stadium, Dharamsala",2,17.5,India,New Zealand,V Kohli,SS Iyer,LH Ferguson,0,0,,,,,,,,,
1384412,2023/24,2023-10-22,"Himachal Pradesh Cricket Association Stadium, Dharamsala",2,17.6,India,New Zealand,V Kohli,SS Iyer,LH Ferguson,4,0,,,,,,,,,
1384412,2023/24,2023-10-22,"Himachal Pradesh Cricket Association Stadium, Dharamsala",2,18.1,India,New Zealand,SS Iyer,V Kohli,MJ Santner,1,0,,,,,,,,,
1384412,2023/24,2023-10-22,"Himachal Pradesh Cricket Association Stadium, Dharamsala",2,18.2,India,New Zealand,V Kohli,SS Iyer,MJ Santner,0,0,,,,,,,,,
1384412,2023/24,2023-10-22,"Himachal Pradesh Cricket Association Stadium, Dharamsala",2,18.3,India,New Zealand,V Kohli,SS Iyer,MJ Santner,0,0,,,,,,,,,
1384412,2023/24,2023-10-22,"Himachal Pradesh Cricket Association Stadium, Dharamsala",2,18.4,India,New Zealand,V Kohli,SS Iyer,MJ Santner,1,0,,,,,,,,,
1384412,2023/24,2023-10-22,"Himachal Pradesh Cricket Association Stadium, Dharamsala",2,18.5,India,New Zealand,SS Iyer,V Kohli,MJ Santner,0,0,,,,,,,,,
1384412,2023/24,2023-10-22,"Himachal Pradesh Cricket Association Stadium, Dharamsala",2,18.6,India,New Zealand,SS Iyer,V Kohli,MJ Santner,0,0,,,,,,,,,
1384412,2023/24,2023-10-22,"Himachal Pradesh Cricket Association Stadium, Dharamsala",2,19.1,India,New Zealand,V Kohli,SS Iyer,TA Boult,0,0,,,,,,,,,
1384412,2023/24,2023-10-22,"Himachal Pradesh Cricket Association Stadium, Dharamsala",2,19.2,India,New Zealand,V Kohli,SS Iyer,TA Boult,0,0,,,,,,,,,
1384412,2023/24,2023-10-22,"Himachal Pradesh Cricket Association Stadium, Dharamsala",2,19.3,India,New Zealand,V Kohli,SS Iyer,TA Boult,1,0,,,,,,,,,
1384412,2023/24,2023-10-22,"Himachal Pradesh Cricket Association Stadium, Dharamsala",2,19.4,India,New Zealand,SS Iyer,V Kohli,TA Boult,0,0,,,,,,,,,
1384412,2023/24,2023-10-22,"Himachal Pradesh Cricket Association Stadium, Dharamsala",2,19.5,India,New Zealand,SS Iyer,V Kohli,TA Boult,0,0,,,,,,,,,
1384412,2023/24,2023-10-22,"Himachal Pradesh Cricket Association Stadium, Dharamsala",2,19.6,India,New Zealand,SS Iyer,V Kohli,TA Boult,1,0,,,,,,,,,
1384412,2023/24,2023-10-22,"Himachal Pradesh Cricket Association Stadium, Dharamsala",2,20.1,India,New Zealand,SS Iyer,V Kohli,R Ravindra,0,0,,,,,,,,,
1384412,2023/24,2023-10-22,"Himachal Pradesh Cricket Association Stadium, Dharamsala",2,20.2,India,New Zealand,SS Iyer,V Kohli,R Ravindra,0,0,,,,,,,,,
1384412,2023/24,2023-10-22,"Himachal Pradesh Cricket Association Stadium, Dharamsala",2,20.3,India,New Zealand,SS Iyer,V Kohli,R Ravindra,0,0,,,,,,,,,
1384412,2023/24,2023-10-22,"Himachal Pradesh Cricket Association Stadium, Dharamsala",2,20.4,India,New Zealand,SS Iyer,V Kohli,R Ravindra,4,0,,,,,,,,,
1384412,2023/24,2023-10-22,"Himachal Pradesh Cricket Association Stadium, Dharamsala",2,20.5,India,New Zealand,SS Iyer,V Kohli,R Ravindra,1,0,,,,,,,,,
1384412,2023/24,2023-10-22,"Himachal Pradesh Cricket Association Stadium, Dharamsala",2,20.6,India,New Zealand,V Kohli,SS Iyer,R Ravindra,1,0,,,,,,,,,
1384412,2023/24,2023-10-22,"Himachal Pradesh Cricket Association Stadium, Dharamsala",2,21.1,India,New Zealand,V Kohli,SS Iyer,TA Boult,1,0,,,,,,,,,
1384412,2023/24,2023-10-22,"Himachal Pradesh Cricket Association Stadium, Dharamsala",2,21.2,India,New Zealand,SS Iyer,V Kohli,TA Boult,0,0,,,,,,,,,
1384412,2023/24,2023-10-22,"Himachal Pradesh Cricket Association Stadium, Dharamsala",2,21.3,India,New Zealand,SS Iyer,V Kohli,TA Boult,0,0,,,,,,caught,SS Iyer,,
1384412,2023/24,2023-10-22,"Himachal Pradesh Cricket Association Stadium, Dharamsala",2,21.4,India,New Zealand,KL Rahul,V Kohli,TA Boult,0,0,,,,,,,,,
1384412,2023/24,2023-10-22,"Himachal Pradesh Cricket Association Stadium, Dharamsala",2,21.5,India,New Zealand,KL Rahul,V Kohli,TA Boult,0,0,,,,,,,,,
1384412,2023/24,2023-10-22,"Himachal Pradesh Cricket Association Stadium, Dharamsala",2,21.6,India,New Zealand,KL Rahul,V Kohli,TA Boult,0,0,,,,,,,,,
1384412,2023/24,2023-10-22,"Himachal Pradesh Cricket Association Stadium, Dharamsala",2,22.1,India,New Zealand,V Kohli,KL Rahul,R Ravindra,0,0,,,,,,,,,
1384412,2023/24,2023-10-22,"Himachal Pradesh Cricket Association Stadium, Dharamsala",2,22.2,India,New Zealand,V Kohli,KL Rahul,R Ravindra,0,0,,,,,,,,,
1384412,2023/24,2023-10-22,"Himachal Pradesh Cricket Association Stadium, Dharamsala",2,22.3,India,New Zealand,V Kohli,KL Rahul,R Ravindra,1,0,,,,,,,,,
1384412,2023/24,2023-10-22,"Himachal Pradesh Cricket Association Stadium, Dharamsala",2,22.4,India,New Zealand,KL Rahul,V Kohli,R Ravindra,0,0,,,,,,,,,
1384412,2023/24,2023-10-22,"Himachal Pradesh Cricket Association Stadium, Dharamsala",2,22.5,India,New Zealand,KL Rahul,V Kohli,R Ravindra,0,0,,,,,,,,,
1384412,2023/24,2023-10-22,"Himachal Pradesh Cricket Association Stadium, Dharamsala",2,22.6,India,New Zealand,KL Rahul,V Kohli,R Ravindra,0,0,,,,,,,,,
1384412,2023/24,2023-10-22,"Himachal Pradesh Cricket Association Stadium, Dharamsala",2,23.1,India,New Zealand,V Kohli,KL Rahul,LH Ferguson,1,0,,,,,,,,,
1384412,2023/24,2023-10-22,"Himachal Pradesh Cricket Association Stadium, Dharamsala",2,23.2,India,New Zealand,KL Rahul,V Kohli,LH Ferguson,0,0,,,,,,,,,
1384412,2023/24,2023-10-22,"Himachal Pradesh Cricket Association Stadium, Dharamsala",2,23.3,India,New Zealand,KL Rahul,V Kohli,LH Ferguson,4,0,,,,,,,,,
1384412,2023/24,2023-10-22,"Himachal Pradesh Cricket Association Stadium, Dharamsala",2,23.4,India,New Zealand,KL Rahul,V Kohli,LH Ferguson,0,0,,,,,,,,,
1384412,2023/24,2023-10-22,"Himachal Pradesh Cricket Association Stadium, Dharamsala",2,23.5,India,New Zealand,KL Rahul,V Kohli,LH Ferguson,0,0,,,,,,,,,
1384412,2023/24,2023-10-22,"Himachal Pradesh Cricket Association Stadium, Dharamsala",2,23.6,India,New Zealand,KL Rahul,V Kohli,LH Ferguson,1,0,,,,,,,,,
1384412,2023/24,2023-10-22,"Himachal Pradesh Cricket Association Stadium, Dharamsala",2,24.1,India,New Zealand,KL Rahul,V Kohli,R Ravindra,4,0,,,,,,,,,
1384412,2023/24,2023-10-22,"Himachal Pradesh Cricket Association Stadium, Dharamsala",2,24.2,India,New Zealand,KL Rahul,V Kohli,R Ravindra,0,0,,,,,,,,,
1384412,2023/24,2023-10-22,"Himachal Pradesh Cricket Association Stadium, Dharamsala",2,24.3,India,New Zealand,KL Rahul,V Kohli,R Ravindra,1,0,,,,,,,,,
1384412,2023/24,2023-10-22,"Himachal Pradesh Cricket Association Stadium, Dharamsala",2,24.4,India,New Zealand,V Kohli,KL Rahul,R Ravindra,0,0,,,,,,,,,
1384412,2023/24,2023-10-22,"Himachal Pradesh Cricket Association Stadium, Dharamsala",2,24.5,India,New Zealand,V Kohli,KL Rahul,R Ravindra,0,0,,,,,,,,,
1384412,2023/24,2023-10-22,"Himachal Pradesh Cricket Association Stadium, Dharamsala",2,24.6,India,New Zealand,V Kohli,KL Rahul,R Ravindra,0,0,,,,,,,,,
1384412,2023/24,2023-10-22,"Himachal Pradesh Cricket Association Stadium, Dharamsala",2,25.1,India,New Zealand,KL Rahul,V Kohli,LH Ferguson,0,0,,,,,,,,,
1384412,2023/24,2023-10-22,"Himachal Pradesh Cricket Association Stadium, Dharamsala",2,25.2,India,New Zealand,KL Rahul,V Kohli,LH Ferguson,1,0,,,,,,,,,
1384412,2023/24,2023-10-22,"Himachal Pradesh Cricket Association Stadium, Dharamsala",2,25.3,India,New Zealand,V Kohli,KL Rahul,LH Ferguson,1,0,,,,,,,,,
1384412,2023/24,2023-10-22,"Himachal Pradesh Cricket Association Stadium, Dharamsala",2,25.4,India,New Zealand,KL Rahul,V Kohli,LH Ferguson,1,0,,,,,,,,,
1384412,2023/24,2023-10-22,"Himachal Pradesh Cricket Association Stadium, Dharamsala",2,25.5,India,New Zealand,V Kohli,KL Rahul,LH Ferguson,0,1,1,,,,,,,,
1384412,2023/24,2023-10-22,"Himachal Pradesh Cricket Association Stadium, Dharamsala",2,25.6,India,New Zealand,V Kohli,KL Rahul,LH Ferguson,1,0,,,,,,,,,
1384412,2023/24,2023-10-22,"Himachal Pradesh Cricket Association Stadium, Dharamsala",2,25.7,India,New Zealand,KL Rahul,V Kohli,LH Ferguson,1,0,,,,,,,,,
1384412,2023/24,2023-10-22,"Himachal Pradesh Cricket Association Stadium, Dharamsala",2,26.1,India,New Zealand,KL Rahul,V Kohli,R Ravindra,1,0,,,,,,,,,
1384412,2023/24,2023-10-22,"Himachal Pradesh Cricket Association Stadium, Dharamsala",2,26.2,India,New Zealand,V Kohli,KL Rahul,R Ravindra,0,0,,,,,,,,,
1384412,2023/24,2023-10-22,"Himachal Pradesh Cricket Association Stadium, Dharamsala",2,26.3,India,New Zealand,V Kohli,KL Rahul,R Ravindra,0,0,,,,,,,,,
1384412,2023/24,2023-10-22,"Himachal Pradesh Cricket Association Stadium, Dharamsala",2,26.4,India,New Zealand,V Kohli,KL Rahul,R Ravindra,0,0,,,,,,,,,
1384412,2023/24,2023-10-22,"Himachal Pradesh Cricket Association Stadium, Dharamsala",2,26.5,India,New Zealand,V Kohli,KL Rahul,R Ravindra,0,0,,,,,,,,,
1384412,2023/24,2023-10-22,"Himachal Pradesh Cricket Association Stadium, Dharamsala",2,26.6,India,New Zealand,V Kohli,KL Rahul,R Ravindra,0,0,,,,,,,,,
1384412,2023/24,2023-10-22,"Himachal Pradesh Cricket Association Stadium, Dharamsala",2,27.1,India,New Zealand,KL Rahul,V Kohli,MJ Henry,1,0,,,,,,,,,
1384412,2023/24,2023-10-22,"Himachal Pradesh Cricket Association Stadium, Dharamsala",2,27.2,India,New Zealand,V Kohli,KL Rahul,MJ Henry,0,0,,,,,,,,,
1384412,2023/24,2023-10-22,"Himachal Pradesh Cricket Association Stadium, Dharamsala",2,27.3,India,New Zealand,V Kohli,KL Rahul,MJ Henry,0,0,,,,,,,,,
1384412,2023/24,2023-10-22,"Himachal Pradesh Cricket Association Stadium, Dharamsala",2,27.4,India,New Zealand,V Kohli,KL Rahul,MJ Henry,1,0,,,,,,,,,
1384412,2023/24,2023-10-22,"Himachal Pradesh Cricket Association Stadium, Dharamsala",2,27.5,India,New Zealand,KL Rahul,V Kohli,MJ Henry,1,0,,,,,,,,,
1384412,2023/24,2023-10-22,"Himachal Pradesh Cricket Association Stadium, Dharamsala",2,27.6,India,New Zealand,V Kohli,KL Rahul,MJ Henry,1,0,,,,,,,,,
1384412,2023/24,2023-10-22,"Himachal Pradesh Cricket Association Stadium, Dharamsala",2,28.1,India,New Zealand,V Kohli,KL Rahul,R Ravindra,6,0,,,,,,,,,
1384412,2023/24,2023-10-22,"Himachal Pradesh Cricket Association Stadium, Dharamsala",2,28.2,India,New Zealand,V Kohli,KL Rahul,R Ravindra,1,0,,,,,,,,,
1384412,2023/24,2023-10-22,"Himachal Pradesh Cricket Association Stadium, Dharamsala",2,28.3,India,New Zealand,KL Rahul,V Kohli,R Ravindra,0,0,,,,,,,,,
1384412,2023/24,2023-10-22,"Himachal Pradesh Cricket Association Stadium, Dharamsala",2,28.4,India,New Zealand,KL Rahul,V Kohli,R Ravindra,1,0,,,,,,,,,
1384412,2023/24,2023-10-22,"Himachal Pradesh Cricket Association Stadium, Dharamsala",2,28.5,India,New Zealand,V Kohli,KL Rahul,R Ravindra,0,0,,,,,,,,,
1384412,2023/24,2023-10-22,"Himachal Pradesh Cricket Association Stadium, Dharamsala",2,28.6,India,New Zealand,V Kohli,KL Rahul,R Ravindra,1,0,,,,,,,,,
1384412,2023/24,2023-10-22,"Himachal Pradesh Cricket Association Stadium, Dharamsala",2,29.1,India,New Zealand,V Kohli,KL Rahul,MJ Henry,4,0,,,,,,,,,
1384412,2023/24,2023-10-22,"Himachal Pradesh Cricket Association Stadium, Dharamsala",2,29.2,India,New Zealand,V Kohli,KL Rahul,MJ Henry,1,0,,,,,,,,,
1384412,2023/24,2023-10-22,"Himachal Pradesh Cricket Association Stadium, Dharamsala",2,29.3,India,New Zealand,KL Rahul,V Kohli,MJ Henry,1,0,,,,,,,,,
1384412,2023/24,2023-10-22,"Himachal Pradesh Cricket Association Stadium, Dharamsala",2,29.4,India,New Zealand,V Kohli,KL Rahul,MJ Henry,0,0,,,,,,,,,
1384412,2023/24,2023-10-22,"Himachal Pradesh Cricket Association Stadium, Dharamsala",2,29.5,India,New Zealand,V Kohli,KL Rahul,MJ Henry,1,0,,,,,,,,,
1384412,2023/24,2023-10-22,"Himachal Pradesh Cricket Association Stadium, Dharamsala",2,29.6,India,New Zealand,KL Rahul,V Kohli,MJ Henry,1,0,,,,,,,,,
1384412,2023/24,2023-10-22,"Himachal Pradesh Cricket Association Stadium, Dharamsala",2,30.1,India,New Zealand,KL Rahul,V Kohli,R Ravindra,1,0,,,,,,,,,
1384412,2023/24,2023-10-22,"Himachal Pradesh Cricket Association Stadium, Dharamsala",2,30.2,India,New Zealand,V Kohli,KL Rahul,R Ravindra,1,0,,,,,,,,,
1384412,2023/24,2023-10-22,"Himachal Pradesh Cricket Association Stadium, Dharamsala",2,30.3,India,New Zealand,KL Rahul,V Kohli,R Ravindra,0,0,,,,,,,,,
1384412,2023/24,2023-10-22,"Himachal Pradesh Cricket Association Stadium, Dharamsala",2,30.4,India,New Zealand,KL Rahul,V Kohli,R Ravindra,0,0,,,,,,,,,
1384412,2023/24,2023-10-22,"Himachal Pradesh Cricket Association Stadium, Dharamsala",2,30.5,India,New Zealand,KL Rahul,V Kohli,R Ravindra,0,0,,,,,,,,,
1384412,2023/24,2023-10-22,"Himachal Pradesh Cricket Association Stadium, Dharamsala",2,30.6,India,New Zealand,KL Rahul,V Kohli,R Ravindra,4,0,,,,,,,,,
1384412,2023/24,2023-10-22,"Himachal Pradesh Cricket Association Stadium, Dharamsala",2,31.1,India,New Zealand,V Kohli,KL Rahul,TA Boult,1,0,,,,,,,,,
1384412,2023/24,2023-10-22,"Himachal Pradesh Cricket Association Stadium, Dharamsala",2,31.2,India,New Zealand,KL Rahul,V Kohli,TA Boult,2,0,,,,,,,,,
1384412,2023/24,2023-10-22,"Himachal Pradesh Cricket Association Stadium, Dharamsala",2,31.3,India,New Zealand,KL Rahul,V Kohli,TA Boult,0,0,,,,,,,,,
1384412,2023/24,2023-10-22,"Himachal Pradesh Cricket Association Stadium, Dharamsala",2,31.4,India,New Zealand,KL Rahul,V Kohli,TA Boult,0,0,,,,,,,,,
1384412,2023/24,2023-10-22,"Himachal Pradesh Cricket Association Stadium, Dharamsala",2,31.5,India,New Zealand,KL Rahul,V Kohli,TA Boult,1,0,,,,,,,,,
1384412,2023/24,2023-10-22,"Himachal Pradesh Cricket Association Stadium, Dharamsala",2,31.6,India,New Zealand,V Kohli,KL Rahul,TA Boult,4,0,,,,,,,,,
1384412,2023/24,2023-10-22,"Himachal Pradesh Cricket Association Stadium, Dharamsala",2,32.1,India,New Zealand,KL Rahul,V Kohli,MJ Santner,0,0,,,,,,lbw,KL Rahul,,
1384412,2023/24,2023-10-22,"Himachal Pradesh Cricket Association Stadium, Dharamsala",2,32.2,India,New Zealand,SA Yadav,V Kohli,MJ Santner,1,0,,,,,,,,,
1384412,2023/24,2023-10-22,"Himachal Pradesh Cricket Association Stadium, Dharamsala",2,32.3,India,New Zealand,V Kohli,SA Yadav,MJ Santner,1,0,,,,,,,,,
1384412,2023/24,2023-10-22,"Himachal Pradesh Cricket Association Stadium, Dharamsala",2,32.4,India,New Zealand,SA Yadav,V Kohli,MJ Santner,0,0,,,,,,,,,
1384412,2023/24,2023-10-22,"Himachal Pradesh Cricket Association Stadium, Dharamsala",2,32.5,India,New Zealand,SA Yadav,V Kohli,MJ Santner,1,0,,,,,,,,,
1384412,2023/24,2023-10-22,"Himachal Pradesh Cricket Association Stadium, Dharamsala",2,32.6,India,New Zealand,V Kohli,SA Yadav,MJ Santner,1,0,,,,,,,,,
1384412,2023/24,2023-10-22,"Himachal Pradesh Cricket Association Stadium, Dharamsala",2,33.1,India,New Zealand,V Kohli,SA Yadav,TA Boult,0,0,,,,,,,,,
1384412,2023/24,2023-10-22,"Himachal Pradesh Cricket Association Stadium, Dharamsala",2,33.2,India,New Zealand,V Kohli,SA Yadav,TA Boult,2,0,,,,,,,,,
1384412,2023/24,2023-10-22,"Himachal Pradesh Cricket Association Stadium, Dharamsala",2,33.3,India,New Zealand,V Kohli,SA Yadav,TA Boult,2,0,,,,,,,,,
1384412,2023/24,2023-10-22,"Himachal Pradesh Cricket Association Stadium, Dharamsala",2,33.4,India,New Zealand,V Kohli,SA Yadav,TA Boult,1,0,,,,,,,,,
1384412,2023/24,2023-10-22,"Himachal Pradesh Cricket Association Stadium, Dharamsala",2,33.5,India,New Zealand,SA Yadav,V Kohli,TA Boult,0,0,,,,,,run out,SA Yadav,,
1384412,2023/24,2023-10-22,"Himachal Pradesh Cricket Association Stadium, Dharamsala",2,33.6,India,New Zealand,RA Jadeja,V Kohli,TA Boult,0,0,,,,,,,,,
1384412,2023/24,2023-10-22,"Himachal Pradesh Cricket Association Stadium, Dharamsala",2,34.1,India,New Zealand,V Kohli,RA Jadeja,MJ Santner,1,0,,,,,,,,,
1384412,2023/24,2023-10-22,"Himachal Pradesh Cricket Association Stadium, Dharamsala",2,34.2,India,New Zealand,RA Jadeja,V Kohli,MJ Santner,0,0,,,,,,,,,
1384412,2023/24,2023-10-22,"Himachal Pradesh Cricket Association Stadium, Dharamsala",2,34.3,India,New Zealand,RA Jadeja,V Kohli,MJ Santner,0,0,,,,,,,,,
1384412,2023/24,2023-10-22,"Himachal Pradesh Cricket Association Stadium, Dharamsala",2,34.4,India,New Zealand,RA Jadeja,V Kohli,MJ Santner,0,0,,,,,,,,,
1384412,2023/24,2023-10-22,"Himachal Pradesh Cricket Association Stadium, Dharamsala",2,34.5,India,New Zealand,RA Jadeja,V Kohli,MJ Santner,0,0,,,,,,,,,
1384412,2023/24,2023-10-22,"Himachal Pradesh Cricket Association Stadium, Dharamsala",2,34.6,India,New Zealand,RA Jadeja,V Kohli,MJ Santner,0,0,,,,,,,,,
1384412,2023/24,2023-10-22,"Himachal Pradesh Cricket Association Stadium, Dharamsala",2,35.1,India,New Zealand,V Kohli,RA Jadeja,LH Ferguson,1,0,,,,,,,,,
1384412,2023/24,2023-10-22,"Himachal Pradesh Cricket Association Stadium, Dharamsala",2,35.2,India,New Zealand,RA Jadeja,V Kohli,LH Ferguson,0,0,,,,,,,,,
1384412,2023/24,2023-10-22,"Himachal Pradesh Cricket Association Stadium, Dharamsala",2,35.3,India,New Zealand,RA Jadeja,V Kohli,LH Ferguson,4,0,,,,,,,,,
1384412,2023/24,2023-10-22,"Himachal Pradesh Cricket Association Stadium, Dharamsala",2,35.4,India,New Zealand,RA Jadeja,V Kohli,LH Ferguson,4,0,,,,,,,,,
1384412,2023/24,2023-10-22,"Himachal Pradesh Cricket Association Stadium, Dharamsala",2,35.5,India,New Zealand,RA Jadeja,V Kohli,LH Ferguson,0,0,,,,,,,,,
1384412,2023/24,2023-10-22,"Himachal Pradesh Cricket Association Stadium, Dharamsala",2,35.6,India,New Zealand,RA Jadeja,V Kohli,LH Ferguson,0,0,,,,,,,,,
1384412,2023/24,2023-10-22,"Himachal Pradesh Cricket Association Stadium, Dharamsala",2,36.1,India,New Zealand,V Kohli,RA Jadeja,GD Phillips,4,0,,,,,,,,,
1384412,2023/24,2023-10-22,"Himachal Pradesh Cricket Association Stadium, Dharamsala",2,36.2,India,New Zealand,V Kohli,RA Jadeja,GD Phillips,1,0,,,,,,,,,
1384412,2023/24,2023-10-22,"Himachal Pradesh Cricket Association Stadium, Dharamsala",2,36.3,India,New Zealand,RA Jadeja,V Kohli,GD Phillips,0,0,,,,,,,,,
1384412,2023/24,2023-10-22,"Himachal Pradesh Cricket Association Stadium, Dharamsala",2,36.4,India,New Zealand,RA Jadeja,V Kohli,GD Phillips,0,0,,,,,,,,,
1384412,2023/24,2023-10-22,"Himachal Pradesh Cricket Association Stadium, Dharamsala",2,36.5,India,New Zealand,RA Jadeja,V Kohli,GD Phillips,1,0,,,,,,,,,
1384412,2023/24,2023-10-22,"Himachal Pradesh Cricket Association Stadium, Dharamsala",2,36.6,India,New Zealand,V Kohli,RA Jadeja,GD Phillips,1,0,,,,,,,,,
1384412,2023/24,2023-10-22,"Himachal Pradesh Cricket Association Stadium, Dharamsala",2,37.1,India,New Zealand,V Kohli,RA Jadeja,LH Ferguson,1,0,,,,,,,,,
1384412,2023/24,2023-10-22,"Himachal Pradesh Cricket Association Stadium, Dharamsala",2,37.2,India,New Zealand,RA Jadeja,V Kohli,LH Ferguson,2,0,,,,,,,,,
1384412,2023/24,2023-10-22,"Himachal Pradesh Cricket Association Stadium, Dharamsala",2,37.3,India,New Zealand,RA Jadeja,V Kohli,LH Ferguson,0,0,,,,,,,,,
1384412,2023/24,2023-10-22,"Himachal Pradesh Cricket Association Stadium, Dharamsala",2,37.4,India,New Zealand,RA Jadeja,V Kohli,LH Ferguson,0,0,,,,,,,,,
1384412,2023/24,2023-10-22,"Himachal Pradesh Cricket Association Stadium, Dharamsala",2,37.5,India,New Zealand,RA Jadeja,V Kohli,LH Ferguson,1,0,,,,,,,,,
1384412,2023/24,2023-10-22,"Himachal Pradesh Cricket Association Stadium, Dharamsala",2,37.6,India,New Zealand,V Kohli,RA Jadeja,LH Ferguson,0,1,1,,,,,,,,
1384412,2023/24,2023-10-22,"Himachal Pradesh Cricket Association Stadium, Dharamsala",2,37.7,India,New Zealand,V Kohli,RA Jadeja,LH Ferguson,4,0,,,,,,,,,
1384412,2023/24,2023-10-22,"Himachal Pradesh Cricket Association Stadium, Dharamsala",2,38.1,India,New Zealand,RA Jadeja,V Kohli,GD Phillips,1,0,,,,,,,,,
1384412,2023/24,2023-10-22,"Himachal Pradesh Cricket Association Stadium, Dharamsala",2,38.2,India,New Zealand,V Kohli,RA Jadeja,GD Phillips,1,0,,,,,,,,,
1384412,2023/24,2023-10-22,"Himachal Pradesh Cricket Association Stadium, Dharamsala",2,38.3,India,New Zealand,RA Jadeja,V Kohli,GD Phillips,0,0,,,,,,,,,
1384412,2023/24,2023-10-22,"Himachal Pradesh Cricket Association Stadium, Dharamsala",2,38.4,India,New Zealand,RA Jadeja,V Kohli,GD Phillips,1,0,,,,,,,,,
1384412,2023/24,2023-10-22,"Himachal Pradesh Cricket Association Stadium, Dharamsala",2,38.5,India,New Zealand,V Kohli,RA Jadeja,GD Phillips,1,0,,,,,,,,,
1384412,2023/24,2023-10-22,"Himachal Pradesh Cricket Association Stadium, Dharamsala",2,38.6,India,New Zealand,RA Jadeja,V Kohli,GD Phillips,1,0,,,,,,,,,
1384412,2023/24,2023-10-22,"Himachal Pradesh Cricket Association Stadium, Dharamsala",2,39.1,India,New Zealand,RA Jadeja,V Kohli,MJ Henry,1,0,,,,,,,,,
1384412,2023/24,2023-10-22,"Himachal Pradesh Cricket Association Stadium, Dharamsala",2,39.2,India,New Zealand,V Kohli,RA Jadeja,MJ Henry,0,0,,,,,,,,,
1384412,2023/24,2023-10-22,"Himachal Pradesh Cricket Association Stadium, Dharamsala",2,39.3,India,New Zealand,V Kohli,RA Jadeja,MJ Henry,0,0,,,,,,,,,
1384412,2023/24,2023-10-22,"Himachal Pradesh Cricket Association Stadium, Dharamsala",2,39.4,India,New Zealand,V Kohli,RA Jadeja,MJ Henry,1,0,,,,,,,,,
1384412,2023/24,2023-10-22,"Himachal Pradesh Cricket Association Stadium, Dharamsala",2,39.5,India,New Zealand,RA Jadeja,V Kohli,MJ Henry,1,0,,,,,,,,,
1384412,2023/24,2023-10-22,"Himachal Pradesh Cricket Association Stadium, Dharamsala",2,39.6,India,New Zealand,V Kohli,RA Jadeja,MJ Henry,0,0,,,,,,,,,
1384412,2023/24,2023-10-22,"Himachal Pradesh Cricket Association Stadium, Dharamsala",2,40.1,India,New Zealand,RA Jadeja,V Kohli,MJ Santner,1,0,,,,,,,,,
1384412,2023/24,2023-10-22,"Himachal Pradesh Cricket Association Stadium, Dharamsala",2,40.2,India,New Zealand,V Kohli,RA Jadeja,MJ Santner,2,0,,,,,,,,,
1384412,2023/24,2023-10-22,"Himachal Pradesh Cricket Association Stadium, Dharamsala",2,40.3,India,New Zealand,V Kohli,RA Jadeja,MJ Santner,0,0,,,,,,,,,
1384412,2023/24,2023-10-22,"Himachal Pradesh Cricket Association Stadium, Dharamsala",2,40.4,India,New Zealand,V Kohli,RA Jadeja,MJ Santner,0,0,,,,,,,,,
1384412,2023/24,2023-10-22,"Himachal Pradesh Cricket Association Stadium, Dharamsala",2,40.5,India,New Zealand,V Kohli,RA Jadeja,MJ Santner,1,0,,,,,,,,,
1384412,2023/24,2023-10-22,"Himachal Pradesh Cricket Association Stadium, Dharamsala",2,40.6,India,New Zealand,RA Jadeja,V Kohli,MJ Santner,1,0,,,,,,,,,
1384412,2023/24,2023-10-22,"Himachal Pradesh Cricket Association Stadium, Dharamsala",2,41.1,India,New Zealand,RA Jadeja,V Kohli,R Ravindra,0,0,,,,,,,,,
1384412,2023/24,2023-10-22,"Himachal Pradesh Cricket Association Stadium, Dharamsala",2,41.2,India,New Zealand,RA Jadeja,V Kohli,R Ravindra,6,0,,,,,,,,,
1384412,2023/24,2023-10-22,"Himachal Pradesh Cricket Association Stadium, Dharamsala",2,41.3,India,New Zealand,RA Jadeja,V Kohli,R Ravindra,1,0,,,,,,,,,
1384412,2023/24,2023-10-22,"Himachal Pradesh Cricket Association Stadium, Dharamsala",2,41.4,India,New Zealand,V Kohli,RA Jadeja,R Ravindra,1,0,,,,,,,,,
1384412,2023/24,2023-10-22,"Himachal Pradesh Cricket Association Stadium, Dharamsala",2,41.5,India,New Zealand,RA Jadeja,V Kohli,R Ravindra,0,0,,,,,,,,,
1384412,2023/24,2023-10-22,"Himachal Pradesh Cricket Association Stadium, Dharamsala",2,41.6,India,New Zealand,RA Jadeja,V Kohli,R Ravindra,1,0,,,,,,,,,
1384412,2023/24,2023-10-22,"Himachal Pradesh Cricket Association Stadium, Dharamsala",2,42.1,India,New Zealand,RA Jadeja,V Kohli,MJ Santner,1,0,,,,,,,,,
1384412,2023/24,2023-10-22,"Himachal Pradesh Cricket Association Stadium, Dharamsala",2,42.2,India,New Zealand,V Kohli,RA Jadeja,MJ Santner,0,0,,,,,,,,,
1384412,2023/24,2023-10-22,"Himachal Pradesh Cricket Association Stadium, Dharamsala",2,42.3,India,New Zealand,V Kohli,RA Jadeja,MJ Santner,1,0,,,,,,,,,
1384412,2023/24,2023-10-22,"Himachal Pradesh Cricket Association Stadium, Dharamsala",2,42.4,India,New Zealand,RA Jadeja,V Kohli,MJ Santner,0,0,,,,,,,,,
1384412,2023/24,2023-10-22,"Himachal Pradesh Cricket Association Stadium, Dharamsala",2,42.5,India,New Zealand,RA Jadeja,V Kohli,MJ Santner,1,0,,,,,,,,,
1384412,2023/24,2023-10-22,"Himachal Pradesh Cricket Association Stadium, Dharamsala",2,42.6,India,New Zealand,V Kohli,RA Jadeja,MJ Santner,1,0,,,,,,,,,
1384412,2023/24,2023-10-22,"Himachal Pradesh Cricket Association Stadium, Dharamsala",2,43.1,India,New Zealand,V Kohli,RA Jadeja,R Ravindra,0,0,,,,,,,,,
1384412,2023/24,2023-10-22,"Himachal Pradesh Cricket Association Stadium, Dharamsala",2,43.2,India,New Zealand,V Kohli,RA Jadeja,R Ravindra,0,0,,,,,,,,,
1384412,2023/24,2023-10-22,"Himachal Pradesh Cricket Association Stadium, Dharamsala",2,43.3,India,New Zealand,V Kohli,RA Jadeja,R Ravindra,0,0,,,,,,,,,
1384412,2023/24,2023-10-22,"Himachal Pradesh Cricket Association Stadium, Dharamsala",2,43.4,India,New Zealand,V Kohli,RA Jadeja,R Ravindra,0,0,,,,,,,,,
1384412,2023/24,2023-10-22,"Himachal Pradesh Cricket Association Stadium, Dharamsala",2,43.5,India,New Zealand,V Kohli,RA Jadeja,R Ravindra,1,0,,,,,,,,,
1384412,2023/24,2023-10-22,"Himachal Pradesh Cricket Association Stadium, Dharamsala",2,43.6,India,New Zealand,RA Jadeja,V Kohli,R Ravindra,1,0,,,,,,,,,
1384412,2023/24,2023-10-22,"Himachal Pradesh Cricket Association Stadium, Dharamsala",2,44.1,India,New Zealand,RA Jadeja,V Kohli,TA Boult,0,0,,,,,,,,,
1384412,2023/24,2023-10-22,"Himachal Pradesh Cricket Association Stadium, Dharamsala",2,44.2,India,New Zealand,RA Jadeja,V Kohli,TA Boult,1,0,,,,,,,,,
1384412,2023/24,2023-10-22,"Himachal Pradesh Cricket Association Stadium, Dharamsala",2,44.3,India,New Zealand,V Kohli,RA Jadeja,TA Boult,0,0,,,,,,,,,
1384412,2023/24,2023-10-22,"Himachal Pradesh Cricket Association Stadium, Dharamsala",2,44.4,India,New Zealand,V Kohli,RA Jadeja,TA Boult,1,0,,,,,,,,,
1384412,2023/24,2023-10-22,"Himachal Pradesh Cricket Association Stadium, Dharamsala",2,44.5,India,New Zealand,RA Jadeja,V Kohli,TA Boult,0,0,,,,,,,,,
1384412,2023/24,2023-10-22,"Himachal Pradesh Cricket Association Stadium, Dharamsala",2,44.6,India,New Zealand,RA Jadeja,V Kohli,TA Boult,1,0,,,,,,,,,
1384412,2023/24,2023-10-22,"Himachal Pradesh Cricket Association Stadium, Dharamsala",2,45.1,India,New Zealand,RA Jadeja,V Kohli,R Ravindra,1,0,,,,,,,,,
1384412,2023/24,2023-10-22,"Himachal Pradesh Cricket Association Stadium, Dharamsala",2,45.2,India,New Zealand,V Kohli,RA Jadeja,R Ravindra,1,0,,,,,,,,,
1384412,2023/24,2023-10-22,"Himachal Pradesh Cricket Association Stadium, Dharamsala",2,45.3,India,New Zealand,RA Jadeja,V Kohli,R Ravindra,0,1,1,,,,,,,,
1384412,2023/24,2023-10-22,"Himachal Pradesh Cricket Association Stadium, Dharamsala",2,45.4,India,New Zealand,RA Jadeja,V Kohli,R Ravindra,1,0,,,,,,,,,
1384412,2023/24,2023-10-22,"Himachal Pradesh Cricket Association Stadium, Dharamsala",2,45.5,India,New Zealand,V Kohli,RA Jadeja,R Ravindra,1,0,,,,,,,,,
1384412,2023/24,2023-10-22,"Himachal Pradesh Cricket Association Stadium, Dharamsala",2,45.6,India,New Zealand,RA Jadeja,V Kohli,R Ravindra,1,0,,,,,,,,,
1384412,2023/24,2023-10-22,"Himachal Pradesh Cricket Association Stadium, Dharamsala",2,45.7,India,New Zealand,V Kohli,RA Jadeja,R Ravindra,1,0,,,,,,,,,
1384412,2023/24,2023-10-22,"Himachal Pradesh Cricket Association Stadium, Dharamsala",2,46.1,India,New Zealand,V Kohli,RA Jadeja,TA Boult,6,0,,,,,,,,,
1384412,2023/24,2023-10-22,"Himachal Pradesh Cricket Association Stadium, Dharamsala",2,46.2,India,New Zealand,V Kohli,RA Jadeja,TA Boult,0,0,,,,,,,,,
1384412,2023/24,2023-10-22,"Himachal Pradesh Cricket Association Stadium, Dharamsala",2,46.3,India,New Zealand,V Kohli,RA Jadeja,TA Boult,4,0,,,,,,,,,
1384412,2023/24,2023-10-22,"Himachal Pradesh Cricket Association Stadium, Dharamsala",2,46.4,India,New Zealand,V Kohli,RA Jadeja,TA Boult,0,0,,,,,,,,,
1384412,2023/24,2023-10-22,"Himachal Pradesh Cricket Association Stadium, Dharamsala",2,46.5,India,New Zealand,V Kohli,RA Jadeja,TA Boult,0,1,1,,,,,,,,
1384412,2023/24,2023-10-22,"Himachal Pradesh Cricket Association Stadium, Dharamsala",2,46.6,India,New Zealand,V Kohli,RA Jadeja,TA Boult,1,0,,,,,,,,,
1384412,2023/24,2023-10-22,"Himachal Pradesh Cricket Association Stadium, Dharamsala",2,46.7,India,New Zealand,RA Jadeja,V Kohli,TA Boult,0,0,,,,,,,,,
1384412,2023/24,2023-10-22,"Himachal Pradesh Cricket Association Stadium, Dharamsala",2,47.1,India,New Zealand,V Kohli,RA Jadeja,MJ Henry,2,0,,,,,,,,,
1384412,2023/24,2023-10-22,"Himachal Pradesh Cricket Association Stadium, Dharamsala",2,47.2,India,New Zealand,V Kohli,RA Jadeja,MJ Henry,0,0,,,,,,,,,
1384412,2023/24,2023-10-22,"Himachal Pradesh Cricket Association Stadium, Dharamsala",2,47.3,India,New Zealand,V Kohli,RA Jadeja,MJ Henry,0,0,,,,,,,,,
1384412,2023/24,2023-10-22,"Himachal Pradesh Cricket Association Stadium, Dharamsala",2,47.4,India,New Zealand,V Kohli,RA Jadeja,MJ Henry,0,0,,,,,,caught,V Kohli,,
1384412,2023/24,2023-10-22,"Himachal Pradesh Cricket Association Stadium, Dharamsala",2,47.5,India,New Zealand,Mohammed Shami,RA Jadeja,MJ Henry,1,0,,,,,,,,,
1384412,2023/24,2023-10-22,"Himachal Pradesh Cricket Association Stadium, Dharamsala",2,47.6,India,New Zealand,RA Jadeja,Mohammed Shami,MJ Henry,4,0,,,,,,,,,
