match_id,season,start_date,venue,innings,ball,batting_team,bowling_team,striker,non_striker,bowler,runs_off_bat,extras,wides,noballs,byes,legbyes,penalty,wicket_type,player_dismissed,other_wicket_type,other_player_dismissed
1384417,2023/24,2023-10-27,"MA Chidambaram Stadium, Chepauk, Chennai",1,0.1,Pakistan,South Africa,Abdullah Shafique,Imam-ul-Haq,M Jansen,0,0,,,,,,,,,
1384417,2023/24,2023-10-27,"MA Chidambaram Stadium, Chepauk, Chennai",1,0.2,Pakistan,South Africa,Abdullah Shafique,Imam-ul-Haq,M Jansen,0,0,,,,,,,,,
1384417,2023/24,2023-10-27,"MA Chidambaram Stadium, Chepauk, Chennai",1,0.3,Pakistan,South Africa,Abdullah Shafique,Imam-ul-Haq,M Jansen,0,0,,,,,,,,,
1384417,2023/24,2023-10-27,"MA Chidambaram Stadium, Chepauk, Chennai",1,0.4,Pakistan,South Africa,Abdullah Shafique,Imam-ul-Haq,M Jansen,0,0,,,,,,,,,
1384417,2023/24,2023-10-27,"MA Chidambaram Stadium, Chepauk, Chennai",1,0.5,Pakistan,South Africa,Abdullah Shafique,Imam-ul-Haq,M Jansen,0,0,,,,,,,,,
1384417,2023/24,2023-10-27,"MA Chidambaram Stadium, Chepauk, Chennai",1,0.6,Pakistan,South Africa,Abdullah Shafique,Imam-ul-Haq,M Jansen,0,0,,,,,,,,,
1384417,2023/24,2023-10-27,"MA Chidambaram Stadium, Chepauk, Chennai",1,1.1,Pakistan,South Africa,Imam-ul-Haq,Abdullah Shafique,L Ngidi,2,0,,,,,,,,,
1384417,2023/24,2023-10-27,"MA Chidambaram Stadium, Chepauk, Chennai",1,1.2,Pakistan,South Africa,Imam-ul-Haq,Abdullah Shafique,L Ngidi,0,0,,,,,,,,,
1384417,2023/24,2023-10-27,"MA Chidambaram Stadium, Chepauk, Chennai",1,1.3,Pakistan,South Africa,Imam-ul-Haq,Abdullah Shafique,L Ngidi,0,0,,,,,,,,,
1384417,2023/24,2023-10-27,"MA Chidambaram Stadium, Chepauk, Chennai",1,1.4,Pakistan,South Africa,Imam-ul-Haq,Abdullah Shafique,L Ngidi,0,0,,,,,,,,,
1384417,2023/24,2023-10-27,"MA Chidambaram Stadium, Chepauk, Chennai",1,1.5,Pakistan,South Africa,Imam-ul-Haq,Abdullah Shafique,L Ngidi,0,0,,,,,,,,,
1384417,2023/24,2023-10-27,"MA Chidambaram Stadium, Chepauk, Chennai",1,1.6,Pakistan,South Africa,Imam-ul-Haq,Abdullah Shafique,L Ngidi,4,0,,,,,,,,,
1384417,2023/24,2023-10-27,"MA Chidambaram Stadium, Chepauk, Chennai",1,2.1,Pakistan,South Africa,Abdullah Shafique,Imam-ul-Haq,M Jansen,0,0,,,,,,,,,
1384417,2023/24,2023-10-27,"MA Chidambaram Stadium, Chepauk, Chennai",1,2.2,Pakistan,South Africa,Abdullah Shafique,Imam-ul-Haq,M Jansen,0,0,,,,,,,,,
1384417,2023/24,2023-10-27,"MA Chidambaram Stadium, Chepauk, Chennai",1,2.3,Pakistan,South Africa,Abdullah Shafique,Imam-ul-Haq,M Jansen,0,4,,,4,,,,,,
1384417,2023/24,2023-10-27,"MA Chidambaram Stadium, Chepauk, Chennai",1,2.4,Pakistan,South Africa,Abdullah Shafique,Imam-ul-Haq,M Jansen,0,0,,,,,,,,,
1384417,2023/24,2023-10-27,"MA Chidambaram Stadium, Chepauk, Chennai",1,2.5,Pakistan,South Africa,Abdullah Shafique,Imam-ul-Haq,M Jansen,1,0,,,,,,,,,
1384417,2023/24,2023-10-27,"MA Chidambaram Stadium, Chepauk, Chennai",1,2.6,Pakistan,South Africa,Imam-ul-Haq,Abdullah Shafique,M Jansen,0,0,,,,,,,,,
1384417,2023/24,2023-10-27,"MA Chidambaram Stadium, Chepauk, Chennai",1,3.1,Pakistan,South Africa,Abdullah Shafique,Imam-ul-Haq,L Ngidi,4,0,,,,,,,,,
1384417,2023/24,2023-10-27,"MA Chidambaram Stadium, Chepauk, Chennai",1,3.2,Pakistan,South Africa,Abdullah Shafique,Imam-ul-Haq,L Ngidi,3,0,,,,,,,,,
1384417,2023/24,2023-10-27,"MA Chidambaram Stadium, Chepauk, Chennai",1,3.3,Pakistan,South Africa,Imam-ul-Haq,Abdullah Shafique,L Ngidi,1,0,,,,,,,,,
1384417,2023/24,2023-10-27,"MA Chidambaram Stadium, Chepauk, Chennai",1,3.4,Pakistan,South Africa,Abdullah Shafique,Imam-ul-Haq,L Ngidi,1,0,,,,,,,,,
1384417,2023/24,2023-10-27,"MA Chidambaram Stadium, Chepauk, Chennai",1,3.5,Pakistan,South Africa,Imam-ul-Haq,Abdullah Shafique,L Ngidi,0,0,,,,,,,,,
1384417,2023/24,2023-10-27,"MA Chidambaram Stadium, Chepauk, Chennai",1,3.6,Pakistan,South Africa,Imam-ul-Haq,Abdullah Shafique,L Ngidi,0,0,,,,,,,,,
1384417,2023/24,2023-10-27,"MA Chidambaram Stadium, Chepauk, Chennai",1,4.1,Pakistan,South Africa,Abdullah Shafique,Imam-ul-Haq,M Jansen,0,0,,,,,,,,,
1384417,2023/24,2023-10-27,"MA Chidambaram Stadium, Chepauk, Chennai",1,4.2,Pakistan,South Africa,Abdullah Shafique,Imam-ul-Haq,M Jansen,0,0,,,,,,,,,
1384417,2023/24,2023-10-27,"MA Chidambaram Stadium, Chepauk, Chennai",1,4.3,Pakistan,South Africa,Abdullah Shafique,Imam-ul-Haq,M Jansen,0,0,,,,,,caught,Abdullah Shafique,,
1384417,2023/24,2023-10-27,"MA Chidambaram Stadium, Chepauk, Chennai",1,4.4,Pakistan,South Africa,Babar Azam,Imam-ul-Haq,M Jansen,0,0,,,,,,,,,
1384417,2023/24,2023-10-27,"MA Chidambaram Stadium, Chepauk, Chennai",1,4.5,Pakistan,South Africa,Babar Azam,Imam-ul-Haq,M Jansen,0,1,,1,,,,,,,
1384417,2023/24,2023-10-27,"MA Chidambaram Stadium, Chepauk, Chennai",1,4.6,Pakistan,South Africa,Babar Azam,Imam-ul-Haq,M Jansen,4,1,,1,,,,,,,
1384417,2023/24,2023-10-27,"MA Chidambaram Stadium, Chepauk, Chennai",1,4.7,Pakistan,South Africa,Babar Azam,Imam-ul-Haq,M Jansen,2,0,,,,,,,,,
1384417,2023/24,2023-10-27,"MA Chidambaram Stadium, Chepauk, Chennai",1,4.8,Pakistan,South Africa,Babar Azam,Imam-ul-Haq,M Jansen,0,0,,,,,,,,,
1384417,2023/24,2023-10-27,"MA Chidambaram Stadium, Chepauk, Chennai",1,5.1,Pakistan,South Africa,Imam-ul-Haq,Babar Azam,L Ngidi,0,0,,,,,,,,,
1384417,2023/24,2023-10-27,"MA Chidambaram Stadium, Chepauk, Chennai",1,5.2,Pakistan,South Africa,Imam-ul-Haq,Babar Azam,L Ngidi,0,1,1,,,,,,,,
1384417,2023/24,2023-10-27,"MA Chidambaram Stadium, Chepauk, Chennai",1,5.3,Pakistan,South Africa,Imam-ul-Haq,Babar Azam,L Ngidi,0,0,,,,,,,,,
1384417,2023/24,2023-10-27,"MA Chidambaram Stadium, Chepauk, Chennai",1,5.4,Pakistan,South Africa,Imam-ul-Haq,Babar Azam,L Ngidi,4,0,,,,,,,,,
1384417,2023/24,2023-10-27,"MA Chidambaram Stadium, Chepauk, Chennai",1,5.5,Pakistan,South Africa,Imam-ul-Haq,Babar Azam,L Ngidi,0,0,,,,,,,,,
1384417,2023/24,2023-10-27,"MA Chidambaram Stadium, Chepauk, Chennai",1,5.6,Pakistan,South Africa,Imam-ul-Haq,Babar Azam,L Ngidi,1,0,,,,,,,,,
1384417,2023/24,2023-10-27,"MA Chidambaram Stadium, Chepauk, Chennai",1,5.7,Pakistan,South Africa,Babar Azam,Imam-ul-Haq,L Ngidi,4,0,,,,,,,,,
1384417,2023/24,2023-10-27,"MA Chidambaram Stadium, Chepauk, Chennai",1,6.1,Pakistan,South Africa,Imam-ul-Haq,Babar Azam,M Jansen,0,0,,,,,,,,,
1384417,2023/24,2023-10-27,"MA Chidambaram Stadium, Chepauk, Chennai",1,6.2,Pakistan,South Africa,Imam-ul-Haq,Babar Azam,M Jansen,0,0,,,,,,,,,
1384417,2023/24,2023-10-27,"MA Chidambaram Stadium, Chepauk, Chennai",1,6.3,Pakistan,South Africa,Imam-ul-Haq,Babar Azam,M Jansen,0,0,,,,,,caught,Imam-ul-Haq,,
1384417,2023/24,2023-10-27,"MA Chidambaram Stadium, Chepauk, Chennai",1,6.4,Pakistan,South Africa,Mohammad Rizwan,Babar Azam,M Jansen,0,0,,,,,,,,,
1384417,2023/24,2023-10-27,"MA Chidambaram Stadium, Chepauk, Chennai",1,6.5,Pakistan,South Africa,Mohammad Rizwan,Babar Azam,M Jansen,4,0,,,,,,,,,
1384417,2023/24,2023-10-27,"MA Chidambaram Stadium, Chepauk, Chennai",1,6.6,Pakistan,South Africa,Mohammad Rizwan,Babar Azam,M Jansen,0,0,,,,,,,,,
1384417,2023/24,2023-10-27,"MA Chidambaram Stadium, Chepauk, Chennai",1,7.1,Pakistan,South Africa,Babar Azam,Mohammad Rizwan,AK Markram,1,0,,,,,,,,,
1384417,2023/24,2023-10-27,"MA Chidambaram Stadium, Chepauk, Chennai",1,7.2,Pakistan,South Africa,Mohammad Rizwan,Babar Azam,AK Markram,1,0,,,,,,,,,
1384417,2023/24,2023-10-27,"MA Chidambaram Stadium, Chepauk, Chennai",1,7.3,Pakistan,South Africa,Babar Azam,Mohammad Rizwan,AK Markram,0,0,,,,,,,,,
1384417,2023/24,2023-10-27,"MA Chidambaram Stadium, Chepauk, Chennai",1,7.4,Pakistan,South Africa,Babar Azam,Mohammad Rizwan,AK Markram,0,0,,,,,,,,,
1384417,2023/24,2023-10-27,"MA Chidambaram Stadium, Chepauk, Chennai",1,7.5,Pakistan,South Africa,Babar Azam,Mohammad Rizwan,AK Markram,0,0,,,,,,,,,
1384417,2023/24,2023-10-27,"MA Chidambaram Stadium, Chepauk, Chennai",1,7.6,Pakistan,South Africa,Babar Azam,Mohammad Rizwan,AK Markram,0,0,,,,,,,,,
1384417,2023/24,2023-10-27,"MA Chidambaram Stadium, Chepauk, Chennai",1,8.1,Pakistan,South Africa,Mohammad Rizwan,Babar Azam,M Jansen,1,0,,,,,,,,,
1384417,2023/24,2023-10-27,"MA Chidambaram Stadium, Chepauk, Chennai",1,8.2,Pakistan,South Africa,Babar Azam,Mohammad Rizwan,M Jansen,0,0,,,,,,,,,
1384417,2023/24,2023-10-27,"MA Chidambaram Stadium, Chepauk, Chennai",1,8.3,Pakistan,South Africa,Babar Azam,Mohammad Rizwan,M Jansen,0,0,,,,,,,,,
1384417,2023/24,2023-10-27,"MA Chidambaram Stadium, Chepauk, Chennai",1,8.4,Pakistan,South Africa,Babar Azam,Mohammad Rizwan,M Jansen,3,0,,,,,,,,,
1384417,2023/24,2023-10-27,"MA Chidambaram Stadium, Chepauk, Chennai",1,8.5,Pakistan,South Africa,Mohammad Rizwan,Babar Azam,M Jansen,0,1,1,,,,,,,,
1384417,2023/24,2023-10-27,"MA Chidambaram Stadium, Chepauk, Chennai",1,8.6,Pakistan,South Africa,Mohammad Rizwan,Babar Azam,M Jansen,4,0,,,,,,,,,
1384417,2023/24,2023-10-27,"MA Chidambaram Stadium, Chepauk, Chennai",1,8.7,Pakistan,South Africa,Mohammad Rizwan,Babar Azam,M Jansen,0,0,,,,,,,,,
1384417,2023/24,2023-10-27,"MA Chidambaram Stadium, Chepauk, Chennai",1,9.1,Pakistan,South Africa,Babar Azam,Mohammad Rizwan,AK Markram,0,0,,,,,,,,,
1384417,2023/24,2023-10-27,"MA Chidambaram Stadium, Chepauk, Chennai",1,9.2,Pakistan,South Africa,Babar Azam,Mohammad Rizwan,AK Markram,0,0,,,,,,,,,
1384417,2023/24,2023-10-27,"MA Chidambaram Stadium, Chepauk, Chennai",1,9.3,Pakistan,South Africa,Babar Azam,Mohammad Rizwan,AK Markram,1,0,,,,,,,,,
1384417,2023/24,2023-10-27,"MA Chidambaram Stadium, Chepauk, Chennai",1,9.4,Pakistan,South Africa,Mohammad Rizwan,Babar Azam,AK Markram,0,0,,,,,,,,,
1384417,2023/24,2023-10-27,"MA Chidambaram Stadium, Chepauk, Chennai",1,9.5,Pakistan,South Africa,Mohammad Rizwan,Babar Azam,AK Markram,4,0,,,,,,,,,
1384417,2023/24,2023-10-27,"MA Chidambaram Stadium, Chepauk, Chennai",1,9.6,Pakistan,South Africa,Mohammad Rizwan,Babar Azam,AK Markram,0,0,,,,,,,,,
1384417,2023/24,2023-10-27,"MA Chidambaram Stadium, Chepauk, Chennai",1,10.1,Pakistan,South Africa,Babar Azam,Mohammad Rizwan,KA Maharaj,0,0,,,,,,,,,
1384417,2023/24,2023-10-27,"MA Chidambaram Stadium, Chepauk, Chennai",1,10.2,Pakistan,South Africa,Babar Azam,Mohammad Rizwan,KA Maharaj,0,0,,,,,,,,,
1384417,2023/24,2023-10-27,"MA Chidambaram Stadium, Chepauk, Chennai",1,10.3,Pakistan,South Africa,Babar Azam,Mohammad Rizwan,KA Maharaj,1,0,,,,,,,,,
1384417,2023/24,2023-10-27,"MA Chidambaram Stadium, Chepauk, Chennai",1,10.4,Pakistan,South Africa,Mohammad Rizwan,Babar Azam,KA Maharaj,4,0,,,,,,,,,
1384417,2023/24,2023-10-27,"MA Chidambaram Stadium, Chepauk, Chennai",1,10.5,Pakistan,South Africa,Mohammad Rizwan,Babar Azam,KA Maharaj,0,0,,,,,,,,,
1384417,2023/24,2023-10-27,"MA Chidambaram Stadium, Chepauk, Chennai",1,10.6,Pakistan,South Africa,Mohammad Rizwan,Babar Azam,KA Maharaj,0,0,,,,,,,,,
1384417,2023/24,2023-10-27,"MA Chidambaram Stadium, Chepauk, Chennai",1,11.1,Pakistan,South Africa,Babar Azam,Mohammad Rizwan,AK Markram,0,0,,,,,,,,,
1384417,2023/24,2023-10-27,"MA Chidambaram Stadium, Chepauk, Chennai",1,11.2,Pakistan,South Africa,Babar Azam,Mohammad Rizwan,AK Markram,1,0,,,,,,,,,
1384417,2023/24,2023-10-27,"MA Chidambaram Stadium, Chepauk, Chennai",1,11.3,Pakistan,South Africa,Mohammad Rizwan,Babar Azam,AK Markram,1,0,,,,,,,,,
1384417,2023/24,2023-10-27,"MA Chidambaram Stadium, Chepauk, Chennai",1,11.4,Pakistan,South Africa,Babar Azam,Mohammad Rizwan,AK Markram,0,0,,,,,,,,,
1384417,2023/24,2023-10-27,"MA Chidambaram Stadium, Chepauk, Chennai",1,11.5,Pakistan,South Africa,Babar Azam,Mohammad Rizwan,AK Markram,4,0,,,,,,,,,
1384417,2023/24,2023-10-27,"MA Chidambaram Stadium, Chepauk, Chennai",1,11.6,Pakistan,South Africa,Babar Azam,Mohammad Rizwan,AK Markram,1,0,,,,,,,,,
1384417,2023/24,2023-10-27,"MA Chidambaram Stadium, Chepauk, Chennai",1,12.1,Pakistan,South Africa,Babar Azam,Mohammad Rizwan,KA Maharaj,0,0,,,,,,,,,
1384417,2023/24,2023-10-27,"MA Chidambaram Stadium, Chepauk, Chennai",1,12.2,Pakistan,South Africa,Babar Azam,Mohammad Rizwan,KA Maharaj,0,0,,,,,,,,,
1384417,2023/24,2023-10-27,"MA Chidambaram Stadium, Chepauk, Chennai",1,12.3,Pakistan,South Africa,Babar Azam,Mohammad Rizwan,KA Maharaj,0,0,,,,,,,,,
1384417,2023/24,2023-10-27,"MA Chidambaram Stadium, Chepauk, Chennai",1,12.4,Pakistan,South Africa,Babar Azam,Mohammad Rizwan,KA Maharaj,0,0,,,,,,,,,
1384417,2023/24,2023-10-27,"MA Chidambaram Stadium, Chepauk, Chennai",1,12.5,Pakistan,South Africa,Babar Azam,Mohammad Rizwan,KA Maharaj,1,0,,,,,,,,,
1384417,2023/24,2023-10-27,"MA Chidambaram Stadium, Chepauk, Chennai",1,12.6,Pakistan,South Africa,Mohammad Rizwan,Babar Azam,KA Maharaj,0,0,,,,,,,,,
1384417,2023/24,2023-10-27,"MA Chidambaram Stadium, Chepauk, Chennai",1,13.1,Pakistan,South Africa,Babar Azam,Mohammad Rizwan,AK Markram,1,0,,,,,,,,,
1384417,2023/24,2023-10-27,"MA Chidambaram Stadium, Chepauk, Chennai",1,13.2,Pakistan,South Africa,Mohammad Rizwan,Babar Azam,AK Markram,0,0,,,,,,,,,
1384417,2023/24,2023-10-27,"MA Chidambaram Stadium, Chepauk, Chennai",1,13.3,Pakistan,South Africa,Mohammad Rizwan,Babar Azam,AK Markram,3,0,,,,,,,,,
1384417,2023/24,2023-10-27,"MA Chidambaram Stadium, Chepauk, Chennai",1,13.4,Pakistan,South Africa,Babar Azam,Mohammad Rizwan,AK Markram,1,0,,,,,,,,,
1384417,2023/24,2023-10-27,"MA Chidambaram Stadium, Chepauk, Chennai",1,13.5,Pakistan,South Africa,Mohammad Rizwan,Babar Azam,AK Markram,0,0,,,,,,,,,
1384417,2023/24,2023-10-27,"MA Chidambaram Stadium, Chepauk, Chennai",1,13.6,Pakistan,South Africa,Mohammad Rizwan,Babar Azam,AK Markram,1,0,,,,,,,,,
1384417,2023/24,2023-10-27,"MA Chidambaram Stadium, Chepauk, Chennai",1,14.1,Pakistan,South Africa,Mohammad Rizwan,Babar Azam,KA Maharaj,6,0,,,,,,,,,
1384417,2023/24,2023-10-27,"MA Chidambaram Stadium, Chepauk, Chennai",1,14.2,Pakistan,South Africa,Mohammad Rizwan,Babar Azam,KA Maharaj,0,0,,,,,,,,,
1384417,2023/24,2023-10-27,"MA Chidambaram Stadium, Chepauk, Chennai",1,14.3,Pakistan,South Africa,Mohammad Rizwan,Babar Azam,KA Maharaj,0,0,,,,,,,,,
1384417,2023/24,2023-10-27,"MA Chidambaram Stadium, Chepauk, Chennai",1,14.4,Pakistan,South Africa,Mohammad Rizwan,Babar Azam,KA Maharaj,0,0,,,,,,,,,
1384417,2023/24,2023-10-27,"MA Chidambaram Stadium, Chepauk, Chennai",1,14.5,Pakistan,South Africa,Mohammad Rizwan,Babar Azam,KA Maharaj,1,0,,,,,,,,,
1384417,2023/24,2023-10-27,"MA Chidambaram Stadium, Chepauk, Chennai",1,14.6,Pakistan,South Africa,Babar Azam,Mohammad Rizwan,KA Maharaj,0,0,,,,,,,,,
1384417,2023/24,2023-10-27,"MA Chidambaram Stadium, Chepauk, Chennai",1,15.1,Pakistan,South Africa,Mohammad Rizwan,Babar Azam,G Coetzee,0,0,,,,,,,,,
1384417,2023/24,2023-10-27,"MA Chidambaram Stadium, Chepauk, Chennai",1,15.2,Pakistan,South Africa,Mohammad Rizwan,Babar Azam,G Coetzee,1,0,,,,,,,,,
1384417,2023/24,2023-10-27,"MA Chidambaram Stadium, Chepauk, Chennai",1,15.3,Pakistan,South Africa,Babar Azam,Mohammad Rizwan,G Coetzee,0,0,,,,,,,,,
1384417,2023/24,2023-10-27,"MA Chidambaram Stadium, Chepauk, Chennai",1,15.4,Pakistan,South Africa,Babar Azam,Mohammad Rizwan,G Coetzee,1,0,,,,,,,,,
1384417,2023/24,2023-10-27,"MA Chidambaram Stadium, Chepauk, Chennai",1,15.5,Pakistan,South Africa,Mohammad Rizwan,Babar Azam,G Coetzee,0,0,,,,,,caught,Mohammad Rizwan,,
1384417,2023/24,2023-10-27,"MA Chidambaram Stadium, Chepauk, Chennai",1,15.6,Pakistan,South Africa,Iftikhar Ahmed,Babar Azam,G Coetzee,0,0,,,,,,,,,
1384417,2023/24,2023-10-27,"MA Chidambaram Stadium, Chepauk, Chennai",1,16.1,Pakistan,South Africa,Babar Azam,Iftikhar Ahmed,KA Maharaj,0,0,,,,,,,,,
1384417,2023/24,2023-10-27,"MA Chidambaram Stadium, Chepauk, Chennai",1,16.2,Pakistan,South Africa,Babar Azam,Iftikhar Ahmed,KA Maharaj,1,0,,,,,,,,,
1384417,2023/24,2023-10-27,"MA Chidambaram Stadium, Chepauk, Chennai",1,16.3,Pakistan,South Africa,Iftikhar Ahmed,Babar Azam,KA Maharaj,0,0,,,,,,,,,
1384417,2023/24,2023-10-27,"MA Chidambaram Stadium, Chepauk, Chennai",1,16.4,Pakistan,South Africa,Iftikhar Ahmed,Babar Azam,KA Maharaj,0,0,,,,,,,,,
1384417,2023/24,2023-10-27,"MA Chidambaram Stadium, Chepauk, Chennai",1,16.5,Pakistan,South Africa,Iftikhar Ahmed,Babar Azam,KA Maharaj,1,0,,,,,,,,,
1384417,2023/24,2023-10-27,"MA Chidambaram Stadium, Chepauk, Chennai",1,16.6,Pakistan,South Africa,Babar Azam,Iftikhar Ahmed,KA Maharaj,0,0,,,,,,,,,
1384417,2023/24,2023-10-27,"MA Chidambaram Stadium, Chepauk, Chennai",1,17.1,Pakistan,South Africa,Iftikhar Ahmed,Babar Azam,G Coetzee,0,0,,,,,,,,,
1384417,2023/24,2023-10-27,"MA Chidambaram Stadium, Chepauk, Chennai",1,17.2,Pakistan,South Africa,Iftikhar Ahmed,Babar Azam,G Coetzee,0,0,,,,,,,,,
1384417,2023/24,2023-10-27,"MA Chidambaram Stadium, Chepauk, Chennai",1,17.3,Pakistan,South Africa,Iftikhar Ahmed,Babar Azam,G Coetzee,0,0,,,,,,,,,
1384417,2023/24,2023-10-27,"MA Chidambaram Stadium, Chepauk, Chennai",1,17.4,Pakistan,South Africa,Iftikhar Ahmed,Babar Azam,G Coetzee,1,0,,,,,,,,,
1384417,2023/24,2023-10-27,"MA Chidambaram Stadium, Chepauk, Chennai",1,17.5,Pakistan,South Africa,Babar Azam,Iftikhar Ahmed,G Coetzee,1,0,,,,,,,,,
1384417,2023/24,2023-10-27,"MA Chidambaram Stadium, Chepauk, Chennai",1,17.6,Pakistan,South Africa,Iftikhar Ahmed,Babar Azam,G Coetzee,0,0,,,,,,,,,
1384417,2023/24,2023-10-27,"MA Chidambaram Stadium, Chepauk, Chennai",1,18.1,Pakistan,South Africa,Babar Azam,Iftikhar Ahmed,KA Maharaj,4,0,,,,,,,,,
1384417,2023/24,2023-10-27,"MA Chidambaram Stadium, Chepauk, Chennai",1,18.2,Pakistan,South Africa,Babar Azam,Iftikhar Ahmed,KA Maharaj,1,0,,,,,,,,,
1384417,2023/24,2023-10-27,"MA Chidambaram Stadium, Chepauk, Chennai",1,18.3,Pakistan,South Africa,Iftikhar Ahmed,Babar Azam,KA Maharaj,0,0,,,,,,,,,
1384417,2023/24,2023-10-27,"MA Chidambaram Stadium, Chepauk, Chennai",1,18.4,Pakistan,South Africa,Iftikhar Ahmed,Babar Azam,KA Maharaj,1,0,,,,,,,,,
1384417,2023/24,2023-10-27,"MA Chidambaram Stadium, Chepauk, Chennai",1,18.5,Pakistan,South Africa,Babar Azam,Iftikhar Ahmed,KA Maharaj,1,0,,,,,,,,,
1384417,2023/24,2023-10-27,"MA Chidambaram Stadium, Chepauk, Chennai",1,18.6,Pakistan,South Africa,Iftikhar Ahmed,Babar Azam,KA Maharaj,0,0,,,,,,,,,
1384417,2023/24,2023-10-27,"MA Chidambaram Stadium, Chepauk, Chennai",1,19.1,Pakistan,South Africa,Babar Azam,Iftikhar Ahmed,G Coetzee,0,0,,,,,,,,,
1384417,2023/24,2023-10-27,"MA Chidambaram Stadium, Chepauk, Chennai",1,19.2,Pakistan,South Africa,Babar Azam,Iftikhar Ahmed,G Coetzee,0,1,1,,,,,,,,
1384417,2023/24,2023-10-27,"MA Chidambaram Stadium, Chepauk, Chennai",1,19.3,Pakistan,South Africa,Babar Azam,Iftikhar Ahmed,G Coetzee,0,0,,,,,,,,,
1384417,2023/24,2023-10-27,"MA Chidambaram Stadium, Chepauk, Chennai",1,19.4,Pakistan,South Africa,Babar Azam,Iftikhar Ahmed,G Coetzee,1,0,,,,,,,,,
1384417,2023/24,2023-10-27,"MA Chidambaram Stadium, Chepauk, Chennai",1,19.5,Pakistan,South Africa,Iftikhar Ahmed,Babar Azam,G Coetzee,1,0,,,,,,,,,
1384417,2023/24,2023-10-27,"MA Chidambaram Stadium, Chepauk, Chennai",1,19.6,Pakistan,South Africa,Babar Azam,Iftikhar Ahmed,G Coetzee,1,0,,,,,,,,,
1384417,2023/24,2023-10-27,"MA Chidambaram Stadium, Chepauk, Chennai",1,19.7,Pakistan,South Africa,Iftikhar Ahmed,Babar Azam,G Coetzee,1,0,,,,,,,,,
1384417,2023/24,2023-10-27,"MA Chidambaram Stadium, Chepauk, Chennai",1,20.1,Pakistan,South Africa,Iftikhar Ahmed,Babar Azam,KA Maharaj,6,0,,,,,,,,,
1384417,2023/24,2023-10-27,"MA Chidambaram Stadium, Chepauk, Chennai",1,20.2,Pakistan,South Africa,Iftikhar Ahmed,Babar Azam,KA Maharaj,0,0,,,,,,,,,
1384417,2023/24,2023-10-27,"MA Chidambaram Stadium, Chepauk, Chennai",1,20.3,Pakistan,South Africa,Iftikhar Ahmed,Babar Azam,KA Maharaj,0,0,,,,,,,,,
1384417,2023/24,2023-10-27,"MA Chidambaram Stadium, Chepauk, Chennai",1,20.4,Pakistan,South Africa,Iftikhar Ahmed,Babar Azam,KA Maharaj,1,0,,,,,,,,,
1384417,2023/24,2023-10-27,"MA Chidambaram Stadium, Chepauk, Chennai",1,20.5,Pakistan,South Africa,Babar Azam,Iftikhar Ahmed,KA Maharaj,1,0,,,,,,,,,
1384417,2023/24,2023-10-27,"MA Chidambaram Stadium, Chepauk, Chennai",1,20.6,Pakistan,South Africa,Iftikhar Ahmed,Babar Azam,KA Maharaj,1,0,,,,,,,,,
1384417,2023/24,2023-10-27,"MA Chidambaram Stadium, Chepauk, Chennai",1,21.1,Pakistan,South Africa,Iftikhar Ahmed,Babar Azam,T Shamsi,0,0,,,,,,,,,
1384417,2023/24,2023-10-27,"MA Chidambaram Stadium, Chepauk, Chennai",1,21.2,Pakistan,South Africa,Iftikhar Ahmed,Babar Azam,T Shamsi,0,0,,,,,,,,,
1384417,2023/24,2023-10-27,"MA Chidambaram Stadium, Chepauk, Chennai",1,21.3,Pakistan,South Africa,Iftikhar Ahmed,Babar Azam,T Shamsi,0,0,,,,,,,,,
1384417,2023/24,2023-10-27,"MA Chidambaram Stadium, Chepauk, Chennai",1,21.4,Pakistan,South Africa,Iftikhar Ahmed,Babar Azam,T Shamsi,1,0,,,,,,,,,
1384417,2023/24,2023-10-27,"MA Chidambaram Stadium, Chepauk, Chennai",1,21.5,Pakistan,South Africa,Babar Azam,Iftikhar Ahmed,T Shamsi,0,0,,,,,,,,,
1384417,2023/24,2023-10-27,"MA Chidambaram Stadium, Chepauk, Chennai",1,21.6,Pakistan,South Africa,Babar Azam,Iftikhar Ahmed,T Shamsi,1,0,,,,,,,,,
1384417,2023/24,2023-10-27,"MA Chidambaram Stadium, Chepauk, Chennai",1,22.1,Pakistan,South Africa,Babar Azam,Iftikhar Ahmed,KA Maharaj,0,0,,,,,,,,,
1384417,2023/24,2023-10-27,"MA Chidambaram Stadium, Chepauk, Chennai",1,22.2,Pakistan,South Africa,Babar Azam,Iftikhar Ahmed,KA Maharaj,0,0,,,,,,,,,
1384417,2023/24,2023-10-27,"MA Chidambaram Stadium, Chepauk, Chennai",1,22.3,Pakistan,South Africa,Babar Azam,Iftikhar Ahmed,KA Maharaj,6,0,,,,,,,,,
1384417,2023/24,2023-10-27,"MA Chidambaram Stadium, Chepauk, Chennai",1,22.4,Pakistan,South Africa,Babar Azam,Iftikhar Ahmed,KA Maharaj,0,0,,,,,,,,,
1384417,2023/24,2023-10-27,"MA Chidambaram Stadium, Chepauk, Chennai",1,22.5,Pakistan,South Africa,Babar Azam,Iftikhar Ahmed,KA Maharaj,1,0,,,,,,,,,
1384417,2023/24,2023-10-27,"MA Chidambaram Stadium, Chepauk, Chennai",1,22.6,Pakistan,South Africa,Iftikhar Ahmed,Babar Azam,KA Maharaj,0,0,,,,,,,,,
1384417,2023/24,2023-10-27,"MA Chidambaram Stadium, Chepauk, Chennai",1,23.1,Pakistan,South Africa,Babar Azam,Iftikhar Ahmed,T Shamsi,1,0,,,,,,,,,
1384417,2023/24,2023-10-27,"MA Chidambaram Stadium, Chepauk, Chennai",1,23.2,Pakistan,South Africa,Iftikhar Ahmed,Babar Azam,T Shamsi,0,0,,,,,,,,,
1384417,2023/24,2023-10-27,"MA Chidambaram Stadium, Chepauk, Chennai",1,23.3,Pakistan,South Africa,Iftikhar Ahmed,Babar Azam,T Shamsi,1,0,,,,,,,,,
1384417,2023/24,2023-10-27,"MA Chidambaram Stadium, Chepauk, Chennai",1,23.4,Pakistan,South Africa,Babar Azam,Iftikhar Ahmed,T Shamsi,1,0,,,,,,,,,
1384417,2023/24,2023-10-27,"MA Chidambaram Stadium, Chepauk, Chennai",1,23.5,Pakistan,South Africa,Iftikhar Ahmed,Babar Azam,T Shamsi,1,0,,,,,,,,,
1384417,2023/24,2023-10-27,"MA Chidambaram Stadium, Chepauk, Chennai",1,23.6,Pakistan,South Africa,Babar Azam,Iftikhar Ahmed,T Shamsi,0,0,,,,,,,,,
1384417,2023/24,2023-10-27,"MA Chidambaram Stadium, Chepauk, Chennai",1,24.1,Pakistan,South Africa,Iftikhar Ahmed,Babar Azam,L Ngidi,0,0,,,,,,,,,
1384417,2023/24,2023-10-27,"MA Chidambaram Stadium, Chepauk, Chennai",1,24.2,Pakistan,South Africa,Iftikhar Ahmed,Babar Azam,L Ngidi,4,0,,,,,,,,,
1384417,2023/24,2023-10-27,"MA Chidambaram Stadium, Chepauk, Chennai",1,24.3,Pakistan,South Africa,Iftikhar Ahmed,Babar Azam,L Ngidi,1,0,,,,,,,,,
1384417,2023/24,2023-10-27,"MA Chidambaram Stadium, Chepauk, Chennai",1,24.4,Pakistan,South Africa,Babar Azam,Iftikhar Ahmed,L Ngidi,0,0,,,,,,,,,
1384417,2023/24,2023-10-27,"MA Chidambaram Stadium, Chepauk, Chennai",1,24.5,Pakistan,South Africa,Babar Azam,Iftikhar Ahmed,L Ngidi,0,0,,,,,,,,,
1384417,2023/24,2023-10-27,"MA Chidambaram Stadium, Chepauk, Chennai",1,24.6,Pakistan,South Africa,Babar Azam,Iftikhar Ahmed,L Ngidi,0,0,,,,,,,,,
1384417,2023/24,2023-10-27,"MA Chidambaram Stadium, Chepauk, Chennai",1,25.1,Pakistan,South Africa,Iftikhar Ahmed,Babar Azam,T Shamsi,0,0,,,,,,caught,Iftikhar Ahmed,,
1384417,2023/24,2023-10-27,"MA Chidambaram Stadium, Chepauk, Chennai",1,25.2,Pakistan,South Africa,Saud Shakeel,Babar Azam,T Shamsi,1,1,,1,,,,,,,
1384417,2023/24,2023-10-27,"MA Chidambaram Stadium, Chepauk, Chennai",1,25.3,Pakistan,South Africa,Babar Azam,Saud Shakeel,T Shamsi,1,0,,,,,,,,,
1384417,2023/24,2023-10-27,"MA Chidambaram Stadium, Chepauk, Chennai",1,25.4,Pakistan,South Africa,Saud Shakeel,Babar Azam,T Shamsi,0,0,,,,,,,,,
1384417,2023/24,2023-10-27,"MA Chidambaram Stadium, Chepauk, Chennai",1,25.5,Pakistan,South Africa,Saud Shakeel,Babar Azam,T Shamsi,1,0,,,,,,,,,
1384417,2023/24,2023-10-27,"MA Chidambaram Stadium, Chepauk, Chennai",1,25.6,Pakistan,South Africa,Babar Azam,Saud Shakeel,T Shamsi,0,0,,,,,,,,,
1384417,2023/24,2023-10-27,"MA Chidambaram Stadium, Chepauk, Chennai",1,25.7,Pakistan,South Africa,Babar Azam,Saud Shakeel,T Shamsi,1,0,,,,,,,,,
1384417,2023/24,2023-10-27,"MA Chidambaram Stadium, Chepauk, Chennai",1,26.1,Pakistan,South Africa,Babar Azam,Saud Shakeel,L Ngidi,1,0,,,,,,,,,
1384417,2023/24,2023-10-27,"MA Chidambaram Stadium, Chepauk, Chennai",1,26.2,Pakistan,South Africa,Saud Shakeel,Babar Azam,L Ngidi,0,0,,,,,,,,,
1384417,2023/24,2023-10-27,"MA Chidambaram Stadium, Chepauk, Chennai",1,26.3,Pakistan,South Africa,Saud Shakeel,Babar Azam,L Ngidi,0,0,,,,,,,,,
1384417,2023/24,2023-10-27,"MA Chidambaram Stadium, Chepauk, Chennai",1,26.4,Pakistan,South Africa,Saud Shakeel,Babar Azam,L Ngidi,0,0,,,,,,,,,
1384417,2023/24,2023-10-27,"MA Chidambaram Stadium, Chepauk, Chennai",1,26.5,Pakistan,South Africa,Saud Shakeel,Babar Azam,L Ngidi,0,0,,,,,,,,,
1384417,2023/24,2023-10-27,"MA Chidambaram Stadium, Chepauk, Chennai",1,26.6,Pakistan,South Africa,Saud Shakeel,Babar Azam,L Ngidi,1,0,,,,,,,,,
1384417,2023/24,2023-10-27,"MA Chidambaram Stadium, Chepauk, Chennai",1,27.1,Pakistan,South Africa,Saud Shakeel,Babar Azam,T Shamsi,4,0,,,,,,,,,
1384417,2023/24,2023-10-27,"MA Chidambaram Stadium, Chepauk, Chennai",1,27.2,Pakistan,South Africa,Saud Shakeel,Babar Azam,T Shamsi,0,0,,,,,,,,,
1384417,2023/24,2023-10-27,"MA Chidambaram Stadium, Chepauk, Chennai",1,27.3,Pakistan,South Africa,Saud Shakeel,Babar Azam,T Shamsi,0,0,,,,,,,,,
1384417,2023/24,2023-10-27,"MA Chidambaram Stadium, Chepauk, Chennai",1,27.4,Pakistan,South Africa,Saud Shakeel,Babar Azam,T Shamsi,1,0,,,,,,,,,
1384417,2023/24,2023-10-27,"MA Chidambaram Stadium, Chepauk, Chennai",1,27.5,Pakistan,South Africa,Babar Azam,Saud Shakeel,T Shamsi,0,0,,,,,,caught,Babar Azam,,
1384417,2023/24,2023-10-27,"MA Chidambaram Stadium, Chepauk, Chennai",1,27.6,Pakistan,South Africa,Shadab Khan,Saud Shakeel,T Shamsi,0,0,,,,,,,,,
1384417,2023/24,2023-10-27,"MA Chidambaram Stadium, Chepauk, Chennai",1,28.1,Pakistan,South Africa,Saud Shakeel,Shadab Khan,M Jansen,0,0,,,,,,,,,
1384417,2023/24,2023-10-27,"MA Chidambaram Stadium, Chepauk, Chennai",1,28.2,Pakistan,South Africa,Saud Shakeel,Shadab Khan,M Jansen,1,0,,,,,,,,,
1384417,2023/24,2023-10-27,"MA Chidambaram Stadium, Chepauk, Chennai",1,28.3,Pakistan,South Africa,Shadab Khan,Saud Shakeel,M Jansen,1,0,,,,,,,,,
1384417,2023/24,2023-10-27,"MA Chidambaram Stadium, Chepauk, Chennai",1,28.4,Pakistan,South Africa,Saud Shakeel,Shadab Khan,M Jansen,0,1,1,,,,,,,,
1384417,2023/24,2023-10-27,"MA Chidambaram Stadium, Chepauk, Chennai",1,28.5,Pakistan,South Africa,Saud Shakeel,Shadab Khan,M Jansen,0,0,,,,,,,,,
1384417,2023/24,2023-10-27,"MA Chidambaram Stadium, Chepauk, Chennai",1,28.6,Pakistan,South Africa,Saud Shakeel,Shadab Khan,M Jansen,0,0,,,,,,,,,
1384417,2023/24,2023-10-27,"MA Chidambaram Stadium, Chepauk, Chennai",1,28.7,Pakistan,South Africa,Saud Shakeel,Shadab Khan,M Jansen,4,0,,,,,,,,,
1384417,2023/24,2023-10-27,"MA Chidambaram Stadium, Chepauk, Chennai",1,29.1,Pakistan,South Africa,Shadab Khan,Saud Shakeel,T Shamsi,1,0,,,,,,,,,
1384417,2023/24,2023-10-27,"MA Chidambaram Stadium, Chepauk, Chennai",1,29.2,Pakistan,South Africa,Saud Shakeel,Shadab Khan,T Shamsi,1,0,,,,,,,,,
1384417,2023/24,2023-10-27,"MA Chidambaram Stadium, Chepauk, Chennai",1,29.3,Pakistan,South Africa,Shadab Khan,Saud Shakeel,T Shamsi,1,0,,,,,,,,,
1384417,2023/24,2023-10-27,"MA Chidambaram Stadium, Chepauk, Chennai",1,29.4,Pakistan,South Africa,Saud Shakeel,Shadab Khan,T Shamsi,0,0,,,,,,,,,
1384417,2023/24,2023-10-27,"MA Chidambaram Stadium, Chepauk, Chennai",1,29.5,Pakistan,South Africa,Saud Shakeel,Shadab Khan,T Shamsi,0,0,,,,,,,,,
1384417,2023/24,2023-10-27,"MA Chidambaram Stadium, Chepauk, Chennai",1,29.6,Pakistan,South Africa,Saud Shakeel,Shadab Khan,T Shamsi,0,0,,,,,,,,,
1384417,2023/24,2023-10-27,"MA Chidambaram Stadium, Chepauk, Chennai",1,30.1,Pakistan,South Africa,Shadab Khan,Saud Shakeel,M Jansen,0,0,,,,,,,,,
1384417,2023/24,2023-10-27,"MA Chidambaram Stadium, Chepauk, Chennai",1,30.2,Pakistan,South Africa,Shadab Khan,Saud Shakeel,M Jansen,0,0,,,,,,,,,
1384417,2023/24,2023-10-27,"MA Chidambaram Stadium, Chepauk, Chennai",1,30.3,Pakistan,South Africa,Shadab Khan,Saud Shakeel,M Jansen,0,0,,,,,,,,,
1384417,2023/24,2023-10-27,"MA Chidambaram Stadium, Chepauk, Chennai",1,30.4,Pakistan,South Africa,Shadab Khan,Saud Shakeel,M Jansen,0,0,,,,,,,,,
1384417,2023/24,2023-10-27,"MA Chidambaram Stadium, Chepauk, Chennai",1,30.5,Pakistan,South Africa,Shadab Khan,Saud Shakeel,M Jansen,0,1,1,,,,,,,,
1384417,2023/24,2023-10-27,"MA Chidambaram Stadium, Chepauk, Chennai",1,30.6,Pakistan,South Africa,Shadab Khan,Saud Shakeel,M Jansen,2,0,,,,,,,,,
1384417,2023/24,2023-10-27,"MA Chidambaram Stadium, Chepauk, Chennai",1,30.7,Pakistan,South Africa,Shadab Khan,Saud Shakeel,M Jansen,0,0,,,,,,,,,
1384417,2023/24,2023-10-27,"MA Chidambaram Stadium, Chepauk, Chennai",1,31.1,Pakistan,South Africa,Saud Shakeel,Shadab Khan,T Shamsi,1,0,,,,,,,,,
1384417,2023/24,2023-10-27,"MA Chidambaram Stadium, Chepauk, Chennai",1,31.2,Pakistan,South Africa,Shadab Khan,Saud Shakeel,T Shamsi,1,0,,,,,,,,,
1384417,2023/24,2023-10-27,"MA Chidambaram Stadium, Chepauk, Chennai",1,31.3,Pakistan,South Africa,Saud Shakeel,Shadab Khan,T Shamsi,4,0,,,,,,,,,
1384417,2023/24,2023-10-27,"MA Chidambaram Stadium, Chepauk, Chennai",1,31.4,Pakistan,South Africa,Saud Shakeel,Shadab Khan,T Shamsi,1,0,,,,,,,,,
1384417,2023/24,2023-10-27,"MA Chidambaram Stadium, Chepauk, Chennai",1,31.5,Pakistan,South Africa,Shadab Khan,Saud Shakeel,T Shamsi,0,0,,,,,,,,,
1384417,2023/24,2023-10-27,"MA Chidambaram Stadium, Chepauk, Chennai",1,31.6,Pakistan,South Africa,Shadab Khan,Saud Shakeel,T Shamsi,1,0,,,,,,,,,
1384417,2023/24,2023-10-27,"MA Chidambaram Stadium, Chepauk, Chennai",1,32.1,Pakistan,South Africa,Shadab Khan,Saud Shakeel,KA Maharaj,4,0,,,,,,,,,
1384417,2023/24,2023-10-27,"MA Chidambaram Stadium, Chepauk, Chennai",1,32.2,Pakistan,South Africa,Shadab Khan,Saud Shakeel,KA Maharaj,1,0,,,,,,,,,
1384417,2023/24,2023-10-27,"MA Chidambaram Stadium, Chepauk, Chennai",1,32.3,Pakistan,South Africa,Saud Shakeel,Shadab Khan,KA Maharaj,1,0,,,,,,,,,
1384417,2023/24,2023-10-27,"MA Chidambaram Stadium, Chepauk, Chennai",1,32.4,Pakistan,South Africa,Shadab Khan,Saud Shakeel,KA Maharaj,0,0,,,,,,,,,
1384417,2023/24,2023-10-27,"MA Chidambaram Stadium, Chepauk, Chennai",1,32.5,Pakistan,South Africa,Shadab Khan,Saud Shakeel,KA Maharaj,6,0,,,,,,,,,
1384417,2023/24,2023-10-27,"MA Chidambaram Stadium, Chepauk, Chennai",1,32.6,Pakistan,South Africa,Shadab Khan,Saud Shakeel,KA Maharaj,0,0,,,,,,,,,
1384417,2023/24,2023-10-27,"MA Chidambaram Stadium, Chepauk, Chennai",1,33.1,Pakistan,South Africa,Saud Shakeel,Shadab Khan,T Shamsi,1,0,,,,,,,,,
1384417,2023/24,2023-10-27,"MA Chidambaram Stadium, Chepauk, Chennai",1,33.2,Pakistan,South Africa,Shadab Khan,Saud Shakeel,T Shamsi,6,0,,,,,,,,,
1384417,2023/24,2023-10-27,"MA Chidambaram Stadium, Chepauk, Chennai",1,33.3,Pakistan,South Africa,Shadab Khan,Saud Shakeel,T Shamsi,0,0,,,,,,,,,
1384417,2023/24,2023-10-27,"MA Chidambaram Stadium, Chepauk, Chennai",1,33.4,Pakistan,South Africa,Shadab Khan,Saud Shakeel,T Shamsi,0,0,,,,,,,,,
1384417,2023/24,2023-10-27,"MA Chidambaram Stadium, Chepauk, Chennai",1,33.5,Pakistan,South Africa,Shadab Khan,Saud Shakeel,T Shamsi,1,0,,,,,,,,,
1384417,2023/24,2023-10-27,"MA Chidambaram Stadium, Chepauk, Chennai",1,33.6,Pakistan,South Africa,Saud Shakeel,Shadab Khan,T Shamsi,1,0,,,,,,,,,
1384417,2023/24,2023-10-27,"MA Chidambaram Stadium, Chepauk, Chennai",1,34.1,Pakistan,South Africa,Saud Shakeel,Shadab Khan,KA Maharaj,0,0,,,,,,,,,
1384417,2023/24,2023-10-27,"MA Chidambaram Stadium, Chepauk, Chennai",1,34.2,Pakistan,South Africa,Saud Shakeel,Shadab Khan,KA Maharaj,0,0,,,,,,,,,
1384417,2023/24,2023-10-27,"MA Chidambaram Stadium, Chepauk, Chennai",1,34.3,Pakistan,South Africa,Saud Shakeel,Shadab Khan,KA Maharaj,1,0,,,,,,,,,
1384417,2023/24,2023-10-27,"MA Chidambaram Stadium, Chepauk, Chennai",1,34.4,Pakistan,South Africa,Shadab Khan,Saud Shakeel,KA Maharaj,1,0,,,,,,,,,
1384417,2023/24,2023-10-27,"MA Chidambaram Stadium, Chepauk, Chennai",1,34.5,Pakistan,South Africa,Saud Shakeel,Shadab Khan,KA Maharaj,4,0,,,,,,,,,
1384417,2023/24,2023-10-27,"MA Chidambaram Stadium, Chepauk, Chennai",1,34.6,Pakistan,South Africa,Saud Shakeel,Shadab Khan,KA Maharaj,0,0,,,,,,,,,
1384417,2023/24,2023-10-27,"MA Chidambaram Stadium, Chepauk, Chennai",1,35.1,Pakistan,South Africa,Shadab Khan,Saud Shakeel,G Coetzee,1,0,,,,,,,,,
1384417,2023/24,2023-10-27,"MA Chidambaram Stadium, Chepauk, Chennai",1,35.2,Pakistan,South Africa,Saud Shakeel,Shadab Khan,G Coetzee,4,0,,,,,,,,,
1384417,2023/24,2023-10-27,"MA Chidambaram Stadium, Chepauk, Chennai",1,35.3,Pakistan,South Africa,Saud Shakeel,Shadab Khan,G Coetzee,0,0,,,,,,,,,
1384417,2023/24,2023-10-27,"MA Chidambaram Stadium, Chepauk, Chennai",1,35.4,Pakistan,South Africa,Saud Shakeel,Shadab Khan,G Coetzee,4,0,,,,,,,,,
1384417,2023/24,2023-10-27,"MA Chidambaram Stadium, Chepauk, Chennai",1,35.5,Pakistan,South Africa,Saud Shakeel,Shadab Khan,G Coetzee,0,0,,,,,,,,,
1384417,2023/24,2023-10-27,"MA Chidambaram Stadium, Chepauk, Chennai",1,35.6,Pakistan,South Africa,Saud Shakeel,Shadab Khan,G Coetzee,0,0,,,,,,,,,
1384417,2023/24,2023-10-27,"MA Chidambaram Stadium, Chepauk, Chennai",1,36.1,Pakistan,South Africa,Shadab Khan,Saud Shakeel,L Ngidi,1,0,,,,,,,,,
1384417,2023/24,2023-10-27,"MA Chidambaram Stadium, Chepauk, Chennai",1,36.2,Pakistan,South Africa,Saud Shakeel,Shadab Khan,L Ngidi,1,0,,,,,,,,,
1384417,2023/24,2023-10-27,"MA Chidambaram Stadium, Chepauk, Chennai",1,36.3,Pakistan,South Africa,Shadab Khan,Saud Shakeel,L Ngidi,0,0,,,,,,,,,
1384417,2023/24,2023-10-27,"MA Chidambaram Stadium, Chepauk, Chennai",1,36.4,Pakistan,South Africa,Shadab Khan,Saud Shakeel,L Ngidi,1,0,,,,,,,,,
1384417,2023/24,2023-10-27,"MA Chidambaram Stadium, Chepauk, Chennai",1,36.5,Pakistan,South Africa,Saud Shakeel,Shadab Khan,L Ngidi,0,0,,,,,,,,,
1384417,2023/24,2023-10-27,"MA Chidambaram Stadium, Chepauk, Chennai",1,36.6,Pakistan,South Africa,Saud Shakeel,Shadab Khan,L Ngidi,0,0,,,,,,,,,
1384417,2023/24,2023-10-27,"MA Chidambaram Stadium, Chepauk, Chennai",1,37.1,Pakistan,South Africa,Shadab Khan,Saud Shakeel,G Coetzee,4,0,,,,,,,,,
1384417,2023/24,2023-10-27,"MA Chidambaram Stadium, Chepauk, Chennai",1,37.2,Pakistan,South Africa,Shadab Khan,Saud Shakeel,G Coetzee,1,0,,,,,,,,,
1384417,2023/24,2023-10-27,"MA Chidambaram Stadium, Chepauk, Chennai",1,37.3,Pakistan,South Africa,Saud Shakeel,Shadab Khan,G Coetzee,2,0,,,,,,,,,
1384417,2023/24,2023-10-27,"MA Chidambaram Stadium, Chepauk, Chennai",1,37.4,Pakistan,South Africa,Saud Shakeel,Shadab Khan,G Coetzee,4,0,,,,,,,,,
1384417,2023/24,2023-10-27,"MA Chidambaram Stadium, Chepauk, Chennai",1,37.5,Pakistan,South Africa,Saud Shakeel,Shadab Khan,G Coetzee,1,0,,,,,,,,,
1384417,2023/24,2023-10-27,"MA Chidambaram Stadium, Chepauk, Chennai",1,37.6,Pakistan,South Africa,Shadab Khan,Saud Shakeel,G Coetzee,1,0,,,,,,,,,
1384417,2023/24,2023-10-27,"MA Chidambaram Stadium, Chepauk, Chennai",1,38.1,Pakistan,South Africa,Shadab Khan,Saud Shakeel,L Ngidi,0,0,,,,,,,,,
1384417,2023/24,2023-10-27,"MA Chidambaram Stadium, Chepauk, Chennai",1,38.2,Pakistan,South Africa,Shadab Khan,Saud Shakeel,L Ngidi,4,0,,,,,,,,,
1384417,2023/24,2023-10-27,"MA Chidambaram Stadium, Chepauk, Chennai",1,38.3,Pakistan,South Africa,Shadab Khan,Saud Shakeel,L Ngidi,1,0,,,,,,,,,
1384417,2023/24,2023-10-27,"MA Chidambaram Stadium, Chepauk, Chennai",1,38.4,Pakistan,South Africa,Saud Shakeel,Shadab Khan,L Ngidi,0,0,,,,,,,,,
1384417,2023/24,2023-10-27,"MA Chidambaram Stadium, Chepauk, Chennai",1,38.5,Pakistan,South Africa,Saud Shakeel,Shadab Khan,L Ngidi,1,0,,,,,,,,,
1384417,2023/24,2023-10-27,"MA Chidambaram Stadium, Chepauk, Chennai",1,38.6,Pakistan,South Africa,Shadab Khan,Saud Shakeel,L Ngidi,2,0,,,,,,,,,
1384417,2023/24,2023-10-27,"MA Chidambaram Stadium, Chepauk, Chennai",1,39.1,Pakistan,South Africa,Saud Shakeel,Shadab Khan,G Coetzee,1,0,,,,,,,,,
1384417,2023/24,2023-10-27,"MA Chidambaram Stadium, Chepauk, Chennai",1,39.2,Pakistan,South Africa,Shadab Khan,Saud Shakeel,G Coetzee,1,0,,,,,,,,,
1384417,2023/24,2023-10-27,"MA Chidambaram Stadium, Chepauk, Chennai",1,39.3,Pakistan,South Africa,Saud Shakeel,Shadab Khan,G Coetzee,1,0,,,,,,,,,
1384417,2023/24,2023-10-27,"MA Chidambaram Stadium, Chepauk, Chennai",1,39.4,Pakistan,South Africa,Shadab Khan,Saud Shakeel,G Coetzee,0,0,,,,,,caught,Shadab Khan,,
1384417,2023/24,2023-10-27,"MA Chidambaram Stadium, Chepauk, Chennai",1,39.5,Pakistan,South Africa,Mohammad Nawaz,Saud Shakeel,G Coetzee,0,0,,,,,,,,,
1384417,2023/24,2023-10-27,"MA Chidambaram Stadium, Chepauk, Chennai",1,39.6,Pakistan,South Africa,Mohammad Nawaz,Saud Shakeel,G Coetzee,0,0,,,,,,,,,
1384417,2023/24,2023-10-27,"MA Chidambaram Stadium, Chepauk, Chennai",1,40.1,Pakistan,South Africa,Saud Shakeel,Mohammad Nawaz,T Shamsi,0,0,,,,,,,,,
1384417,2023/24,2023-10-27,"MA Chidambaram Stadium, Chepauk, Chennai",1,40.2,Pakistan,South Africa,Saud Shakeel,Mohammad Nawaz,T Shamsi,2,0,,,,,,,,,
1384417,2023/24,2023-10-27,"MA Chidambaram Stadium, Chepauk, Chennai",1,40.3,Pakistan,South Africa,Saud Shakeel,Mohammad Nawaz,T Shamsi,2,0,,,,,,,,,
1384417,2023/24,2023-10-27,"MA Chidambaram Stadium, Chepauk, Chennai",1,40.4,Pakistan,South Africa,Saud Shakeel,Mohammad Nawaz,T Shamsi,1,0,,,,,,,,,
1384417,2023/24,2023-10-27,"MA Chidambaram Stadium, Chepauk, Chennai",1,40.5,Pakistan,South Africa,Mohammad Nawaz,Saud Shakeel,T Shamsi,0,0,,,,,,,,,
1384417,2023/24,2023-10-27,"MA Chidambaram Stadium, Chepauk, Chennai",1,40.6,Pakistan,South Africa,Mohammad Nawaz,Saud Shakeel,T Shamsi,1,0,,,,,,,,,
1384417,2023/24,2023-10-27,"MA Chidambaram Stadium, Chepauk, Chennai",1,41.1,Pakistan,South Africa,Mohammad Nawaz,Saud Shakeel,G Coetzee,2,0,,,,,,,,,
1384417,2023/24,2023-10-27,"MA Chidambaram Stadium, Chepauk, Chennai",1,41.2,Pakistan,South Africa,Mohammad Nawaz,Saud Shakeel,G Coetzee,0,0,,,,,,,,,
1384417,2023/24,2023-10-27,"MA Chidambaram Stadium, Chepauk, Chennai",1,41.3,Pakistan,South Africa,Mohammad Nawaz,Saud Shakeel,G Coetzee,0,0,,,,,,,,,
1384417,2023/24,2023-10-27,"MA Chidambaram Stadium, Chepauk, Chennai",1,41.4,Pakistan,South Africa,Mohammad Nawaz,Saud Shakeel,G Coetzee,6,0,,,,,,,,,
1384417,2023/24,2023-10-27,"MA Chidambaram Stadium, Chepauk, Chennai",1,41.5,Pakistan,South Africa,Mohammad Nawaz,Saud Shakeel,G Coetzee,0,0,,,,,,,,,
1384417,2023/24,2023-10-27,"MA Chidambaram Stadium, Chepauk, Chennai",1,41.6,Pakistan,South Africa,Mohammad Nawaz,Saud Shakeel,G Coetzee,0,0,,,,,,,,,
1384417,2023/24,2023-10-27,"MA Chidambaram Stadium, Chepauk, Chennai",1,42.1,Pakistan,South Africa,Saud Shakeel,Mohammad Nawaz,T Shamsi,0,1,1,,,,,,,,
1384417,2023/24,2023-10-27,"MA Chidambaram Stadium, Chepauk, Chennai",1,42.2,Pakistan,South Africa,Saud Shakeel,Mohammad Nawaz,T Shamsi,0,0,,,,,,caught,Saud Shakeel,,
1384417,2023/24,2023-10-27,"MA Chidambaram Stadium, Chepauk, Chennai",1,42.3,Pakistan,South Africa,Shaheen Shah Afridi,Mohammad Nawaz,T Shamsi,1,0,,,,,,,,,
1384417,2023/24,2023-10-27,"MA Chidambaram Stadium, Chepauk, Chennai",1,42.4,Pakistan,South Africa,Mohammad Nawaz,Shaheen Shah Afridi,T Shamsi,0,0,,,,,,,,,
1384417,2023/24,2023-10-27,"MA Chidambaram Stadium, Chepauk, Chennai",1,42.5,Pakistan,South Africa,Mohammad Nawaz,Shaheen Shah Afridi,T Shamsi,1,0,,,,,,,,,
1384417,2023/24,2023-10-27,"MA Chidambaram Stadium, Chepauk, Chennai",1,42.6,Pakistan,South Africa,Shaheen Shah Afridi,Mohammad Nawaz,T Shamsi,1,1,,1,,,,,,,
1384417,2023/24,2023-10-27,"MA Chidambaram Stadium, Chepauk, Chennai",1,42.7,Pakistan,South Africa,Mohammad Nawaz,Shaheen Shah Afridi,T Shamsi,6,0,,,,,,,,,
1384417,2023/24,2023-10-27,"MA Chidambaram Stadium, Chepauk, Chennai",1,42.8,Pakistan,South Africa,Mohammad Nawaz,Shaheen Shah Afridi,T Shamsi,1,0,,,,,,,,,
1384417,2023/24,2023-10-27,"MA Chidambaram Stadium, Chepauk, Chennai",1,43.1,Pakistan,South Africa,Mohammad Nawaz,Shaheen Shah Afridi,M Jansen,2,0,,,,,,,,,
1384417,2023/24,2023-10-27,"MA Chidambaram Stadium, Chepauk, Chennai",1,43.2,Pakistan,South Africa,Mohammad Nawaz,Shaheen Shah Afridi,M Jansen,0,0,,,,,,,,,
1384417,2023/24,2023-10-27,"MA Chidambaram Stadium, Chepauk, Chennai",1,43.3,Pakistan,South Africa,Mohammad Nawaz,Shaheen Shah Afridi,M Jansen,0,0,,,,,,,,,
1384417,2023/24,2023-10-27,"MA Chidambaram Stadium, Chepauk, Chennai",1,43.4,Pakistan,South Africa,Mohammad Nawaz,Shaheen Shah Afridi,M Jansen,0,0,,,,,,,,,
1384417,2023/24,2023-10-27,"MA Chidambaram Stadium, Chepauk, Chennai",1,43.5,Pakistan,South Africa,Mohammad Nawaz,Shaheen Shah Afridi,M Jansen,0,0,,,,,,,,,
1384417,2023/24,2023-10-27,"MA Chidambaram Stadium, Chepauk, Chennai",1,43.6,Pakistan,South Africa,Mohammad Nawaz,Shaheen Shah Afridi,M Jansen,0,1,1,,,,,,,,
1384417,2023/24,2023-10-27,"MA Chidambaram Stadium, Chepauk, Chennai",1,43.7,Pakistan,South Africa,Mohammad Nawaz,Shaheen Shah Afridi,M Jansen,0,1,1,,,,,,,,
1384417,2023/24,2023-10-27,"MA Chidambaram Stadium, Chepauk, Chennai",1,43.8,Pakistan,South Africa,Mohammad Nawaz,Shaheen Shah Afridi,M Jansen,4,0,,,,,,,,,
1384417,2023/24,2023-10-27,"MA Chidambaram Stadium, Chepauk, Chennai",1,44.1,Pakistan,South Africa,Shaheen Shah Afridi,Mohammad Nawaz,T Shamsi,0,0,,,,,,,,,
1384417,2023/24,2023-10-27,"MA Chidambaram Stadium, Chepauk, Chennai",1,44.2,Pakistan,South Africa,Shaheen Shah Afridi,Mohammad Nawaz,T Shamsi,0,0,,,,,,caught,Shaheen Shah Afridi,,
1384417,2023/24,2023-10-27,"MA Chidambaram Stadium, Chepauk, Chennai",1,44.3,Pakistan,South Africa,Mohammad Wasim,Mohammad Nawaz,T Shamsi,0,0,,,,,,,,,
1384417,2023/24,2023-10-27,"MA Chidambaram Stadium, Chepauk, Chennai",1,44.4,Pakistan,South Africa,Mohammad Wasim,Mohammad Nawaz,T Shamsi,0,0,,,,,,,,,
1384417,2023/24,2023-10-27,"MA Chidambaram Stadium, Chepauk, Chennai",1,44.5,Pakistan,South Africa,Mohammad Wasim,Mohammad Nawaz,T Shamsi,6,0,,,,,,,,,
1384417,2023/24,2023-10-27,"MA Chidambaram Stadium, Chepauk, Chennai",1,44.6,Pakistan,South Africa,Mohammad Wasim,Mohammad Nawaz,T Shamsi,0,0,,,,,,,,,
1384417,2023/24,2023-10-27,"MA Chidambaram Stadium, Chepauk, Chennai",1,45.1,Pakistan,South Africa,Mohammad Nawaz,Mohammad Wasim,M Jansen,1,0,,,,,,,,,
1384417,2023/24,2023-10-27,"MA Chidambaram Stadium, Chepauk, Chennai",1,45.2,Pakistan,South Africa,Mohammad Wasim,Mohammad Nawaz,M Jansen,1,0,,,,,,,,,
1384417,2023/24,2023-10-27,"MA Chidambaram Stadium, Chepauk, Chennai",1,45.3,Pakistan,South Africa,Mohammad Nawaz,Mohammad Wasim,M Jansen,0,1,1,,,,,,,,
1384417,2023/24,2023-10-27,"MA Chidambaram Stadium, Chepauk, Chennai",1,45.4,Pakistan,South Africa,Mohammad Nawaz,Mohammad Wasim,M Jansen,0,0,,,,,,,,,
1384417,2023/24,2023-10-27,"MA Chidambaram Stadium, Chepauk, Chennai",1,45.5,Pakistan,South Africa,Mohammad Nawaz,Mohammad Wasim,M Jansen,0,0,,,,,,,,,
1384417,2023/24,2023-10-27,"MA Chidambaram Stadium, Chepauk, Chennai",1,45.6,Pakistan,South Africa,Mohammad Nawaz,Mohammad Wasim,M Jansen,0,0,,,,,,caught,Mohammad Nawaz,,
1384417,2023/24,2023-10-27,"MA Chidambaram Stadium, Chepauk, Chennai",1,45.7,Pakistan,South Africa,Haris Rauf,Mohammad Wasim,M Jansen,0,0,,,,,,,,,
1384417,2023/24,2023-10-27,"MA Chidambaram Stadium, Chepauk, Chennai",1,46.1,Pakistan,South Africa,Mohammad Wasim,Haris Rauf,L Ngidi,0,0,,,,,,,,,
1384417,2023/24,2023-10-27,"MA Chidambaram Stadium, Chepauk, Chennai",1,46.2,Pakistan,South Africa,Mohammad Wasim,Haris Rauf,L Ngidi,0,1,1,,,,,,,,
1384417,2023/24,2023-10-27,"MA Chidambaram Stadium, Chepauk, Chennai",1,46.3,Pakistan,South Africa,Mohammad Wasim,Haris Rauf,L Ngidi,0,1,1,,,,,,,,
1384417,2023/24,2023-10-27,"MA Chidambaram Stadium, Chepauk, Chennai",1,46.4,Pakistan,South Africa,Mohammad Wasim,Haris Rauf,L Ngidi,0,0,,,,,,,,,
1384417,2023/24,2023-10-27,"MA Chidambaram Stadium, Chepauk, Chennai",1,46.5,Pakistan,South Africa,Mohammad Wasim,Haris Rauf,L Ngidi,0,0,,,,,,,,,
1384417,2023/24,2023-10-27,"MA Chidambaram Stadium, Chepauk, Chennai",1,46.6,Pakistan,South Africa,Mohammad Wasim,Haris Rauf,L Ngidi,0,0,,,,,,caught,Mohammad Wasim,,
1384417,2023/24,2023-10-27,"MA Chidambaram Stadium, Chepauk, Chennai",2,0.1,South Africa,Pakistan,T Bavuma,Q de Kock,Iftikhar Ahmed,0,5,5,,,,,,,,
1384417,2023/24,2023-10-27,"MA Chidambaram Stadium, Chepauk, Chennai",2,0.2,South Africa,Pakistan,T Bavuma,Q de Kock,Iftikhar Ahmed,0,0,,,,,,,,,
1384417,2023/24,2023-10-27,"MA Chidambaram Stadium, Chepauk, Chennai",2,0.3,South Africa,Pakistan,T Bavuma,Q de Kock,Iftikhar Ahmed,1,0,,,,,,,,,
1384417,2023/24,2023-10-27,"MA Chidambaram Stadium, Chepauk, Chennai",2,0.4,South Africa,Pakistan,Q de Kock,T Bavuma,Iftikhar Ahmed,4,0,,,,,,,,,
1384417,2023/24,2023-10-27,"MA Chidambaram Stadium, Chepauk, Chennai",2,0.5,South Africa,Pakistan,Q de Kock,T Bavuma,Iftikhar Ahmed,0,0,,,,,,,,,
1384417,2023/24,2023-10-27,"MA Chidambaram Stadium, Chepauk, Chennai",2,0.6,South Africa,Pakistan,Q de Kock,T Bavuma,Iftikhar Ahmed,0,0,,,,,,,,,
1384417,2023/24,2023-10-27,"MA Chidambaram Stadium, Chepauk, Chennai",2,0.7,South Africa,Pakistan,Q de Kock,T Bavuma,Iftikhar Ahmed,1,0,,,,,,,,,
1384417,2023/24,2023-10-27,"MA Chidambaram Stadium, Chepauk, Chennai",2,1.1,South Africa,Pakistan,Q de Kock,T Bavuma,Shaheen Shah Afridi,4,0,,,,,,,,,
1384417,2023/24,2023-10-27,"MA Chidambaram Stadium, Chepauk, Chennai",2,1.2,South Africa,Pakistan,Q de Kock,T Bavuma,Shaheen Shah Afridi,0,1,1,,,,,,,,
1384417,2023/24,2023-10-27,"MA Chidambaram Stadium, Chepauk, Chennai",2,1.3,South Africa,Pakistan,Q de Kock,T Bavuma,Shaheen Shah Afridi,4,0,,,,,,,,,
1384417,2023/24,2023-10-27,"MA Chidambaram Stadium, Chepauk, Chennai",2,1.4,South Africa,Pakistan,Q de Kock,T Bavuma,Shaheen Shah Afridi,4,0,,,,,,,,,
1384417,2023/24,2023-10-27,"MA Chidambaram Stadium, Chepauk, Chennai",2,1.5,South Africa,Pakistan,Q de Kock,T Bavuma,Shaheen Shah Afridi,4,0,,,,,,,,,
1384417,2023/24,2023-10-27,"MA Chidambaram Stadium, Chepauk, Chennai",2,1.6,South Africa,Pakistan,Q de Kock,T Bavuma,Shaheen Shah Afridi,2,0,,,,,,,,,
1384417,2023/24,2023-10-27,"MA Chidambaram Stadium, Chepauk, Chennai",2,1.7,South Africa,Pakistan,Q de Kock,T Bavuma,Shaheen Shah Afridi,0,0,,,,,,,,,
1384417,2023/24,2023-10-27,"MA Chidambaram Stadium, Chepauk, Chennai",2,2.1,South Africa,Pakistan,T Bavuma,Q de Kock,Iftikhar Ahmed,0,0,,,,,,,,,
1384417,2023/24,2023-10-27,"MA Chidambaram Stadium, Chepauk, Chennai",2,2.2,South Africa,Pakistan,T Bavuma,Q de Kock,Iftikhar Ahmed,1,0,,,,,,,,,
1384417,2023/24,2023-10-27,"MA Chidambaram Stadium, Chepauk, Chennai",2,2.3,South Africa,Pakistan,Q de Kock,T Bavuma,Iftikhar Ahmed,1,0,,,,,,,,,
1384417,2023/24,2023-10-27,"MA Chidambaram Stadium, Chepauk, Chennai",2,2.4,South Africa,Pakistan,T Bavuma,Q de Kock,Iftikhar Ahmed,0,0,,,,,,,,,
1384417,2023/24,2023-10-27,"MA Chidambaram Stadium, Chepauk, Chennai",2,2.5,South Africa,Pakistan,T Bavuma,Q de Kock,Iftikhar Ahmed,2,0,,,,,,,,,
1384417,2023/24,2023-10-27,"MA Chidambaram Stadium, Chepauk, Chennai",2,2.6,South Africa,Pakistan,T Bavuma,Q de Kock,Iftikhar Ahmed,0,0,,,,,,,,,
1384417,2023/24,2023-10-27,"MA Chidambaram Stadium, Chepauk, Chennai",2,3.1,South Africa,Pakistan,Q de Kock,T Bavuma,Shaheen Shah Afridi,0,0,,,,,,,,,
1384417,2023/24,2023-10-27,"MA Chidambaram Stadium, Chepauk, Chennai",2,3.2,South Africa,Pakistan,Q de Kock,T Bavuma,Shaheen Shah Afridi,0,0,,,,,,,,,
1384417,2023/24,2023-10-27,"MA Chidambaram Stadium, Chepauk, Chennai",2,3.3,South Africa,Pakistan,Q de Kock,T Bavuma,Shaheen Shah Afridi,0,0,,,,,,caught,Q de Kock,,
1384417,2023/24,2023-10-27,"MA Chidambaram Stadium, Chepauk, Chennai",2,3.4,South Africa,Pakistan,HE van der Dussen,T Bavuma,Shaheen Shah Afridi,0,0,,,,,,,,,
1384417,2023/24,2023-10-27,"MA Chidambaram Stadium, Chepauk, Chennai",2,3.5,South Africa,Pakistan,HE van der Dussen,T Bavuma,Shaheen Shah Afridi,0,0,,,,,,,,,
1384417,2023/24,2023-10-27,"MA Chidambaram Stadium, Chepauk, Chennai",2,3.6,South Africa,Pakistan,HE van der Dussen,T Bavuma,Shaheen Shah Afridi,1,0,,,,,,,,,
1384417,2023/24,2023-10-27,"MA Chidambaram Stadium, Chepauk, Chennai",2,4.1,South Africa,Pakistan,HE van der Dussen,T Bavuma,Mohammad Nawaz,1,0,,,,,,,,,
1384417,2023/24,2023-10-27,"MA Chidambaram Stadium, Chepauk, Chennai",2,4.2,South Africa,Pakistan,T Bavuma,HE van der Dussen,Mohammad Nawaz,0,0,,,,,,,,,
1384417,2023/24,2023-10-27,"MA Chidambaram Stadium, Chepauk, Chennai",2,4.3,South Africa,Pakistan,T Bavuma,HE van der Dussen,Mohammad Nawaz,1,0,,,,,,,,,
1384417,2023/24,2023-10-27,"MA Chidambaram Stadium, Chepauk, Chennai",2,4.4,South Africa,Pakistan,HE van der Dussen,T Bavuma,Mohammad Nawaz,0,0,,,,,,,,,
1384417,2023/24,2023-10-27,"MA Chidambaram Stadium, Chepauk, Chennai",2,4.5,South Africa,Pakistan,HE van der Dussen,T Bavuma,Mohammad Nawaz,1,0,,,,,,,,,
1384417,2023/24,2023-10-27,"MA Chidambaram Stadium, Chepauk, Chennai",2,4.6,South Africa,Pakistan,T Bavuma,HE van der Dussen,Mohammad Nawaz,0,0,,,,,,,,,
1384417,2023/24,2023-10-27,"MA Chidambaram Stadium, Chepauk, Chennai",2,5.1,South Africa,Pakistan,HE van der Dussen,T Bavuma,Shaheen Shah Afridi,0,0,,,,,,,,,
1384417,2023/24,2023-10-27,"MA Chidambaram Stadium, Chepauk, Chennai",2,5.2,South Africa,Pakistan,HE van der Dussen,T Bavuma,Shaheen Shah Afridi,0,0,,,,,,,,,
1384417,2023/24,2023-10-27,"MA Chidambaram Stadium, Chepauk, Chennai",2,5.3,South Africa,Pakistan,HE van der Dussen,T Bavuma,Shaheen Shah Afridi,1,0,,,,,,,,,
1384417,2023/24,2023-10-27,"MA Chidambaram Stadium, Chepauk, Chennai",2,5.4,South Africa,Pakistan,T Bavuma,HE van der Dussen,Shaheen Shah Afridi,0,0,,,,,,,,,
1384417,2023/24,2023-10-27,"MA Chidambaram Stadium, Chepauk, Chennai",2,5.5,South Africa,Pakistan,T Bavuma,HE van der Dussen,Shaheen Shah Afridi,0,0,,,,,,,,,
1384417,2023/24,2023-10-27,"MA Chidambaram Stadium, Chepauk, Chennai",2,5.6,South Africa,Pakistan,T Bavuma,HE van der Dussen,Shaheen Shah Afridi,0,0,,,,,,,,,
1384417,2023/24,2023-10-27,"MA Chidambaram Stadium, Chepauk, Chennai",2,6.1,South Africa,Pakistan,HE van der Dussen,T Bavuma,Mohammad Nawaz,1,0,,,,,,,,,
1384417,2023/24,2023-10-27,"MA Chidambaram Stadium, Chepauk, Chennai",2,6.2,South Africa,Pakistan,T Bavuma,HE van der Dussen,Mohammad Nawaz,4,0,,,,,,,,,
1384417,2023/24,2023-10-27,"MA Chidambaram Stadium, Chepauk, Chennai",2,6.3,South Africa,Pakistan,T Bavuma,HE van der Dussen,Mohammad Nawaz,4,0,,,,,,,,,
1384417,2023/24,2023-10-27,"MA Chidambaram Stadium, Chepauk, Chennai",2,6.4,South Africa,Pakistan,T Bavuma,HE van der Dussen,Mohammad Nawaz,0,0,,,,,,,,,
1384417,2023/24,2023-10-27,"MA Chidambaram Stadium, Chepauk, Chennai",2,6.5,South Africa,Pakistan,T Bavuma,HE van der Dussen,Mohammad Nawaz,4,0,,,,,,,,,
1384417,2023/24,2023-10-27,"MA Chidambaram Stadium, Chepauk, Chennai",2,6.6,South Africa,Pakistan,T Bavuma,HE van der Dussen,Mohammad Nawaz,0,0,,,,,,,,,
1384417,2023/24,2023-10-27,"MA Chidambaram Stadium, Chepauk, Chennai",2,7.1,South Africa,Pakistan,HE van der Dussen,T Bavuma,Shaheen Shah Afridi,1,0,,,,,,,,,
1384417,2023/24,2023-10-27,"MA Chidambaram Stadium, Chepauk, Chennai",2,7.2,South Africa,Pakistan,T Bavuma,HE van der Dussen,Shaheen Shah Afridi,0,0,,,,,,,,,
1384417,2023/24,2023-10-27,"MA Chidambaram Stadium, Chepauk, Chennai",2,7.3,South Africa,Pakistan,T Bavuma,HE van der Dussen,Shaheen Shah Afridi,0,0,,,,,,,,,
1384417,2023/24,2023-10-27,"MA Chidambaram Stadium, Chepauk, Chennai",2,7.4,South Africa,Pakistan,T Bavuma,HE van der Dussen,Shaheen Shah Afridi,0,0,,,,,,,,,
1384417,2023/24,2023-10-27,"MA Chidambaram Stadium, Chepauk, Chennai",2,7.5,South Africa,Pakistan,T Bavuma,HE van der Dussen,Shaheen Shah Afridi,0,0,,,,,,,,,
1384417,2023/24,2023-10-27,"MA Chidambaram Stadium, Chepauk, Chennai",2,7.6,South Africa,Pakistan,T Bavuma,HE van der Dussen,Shaheen Shah Afridi,4,0,,,,,,,,,
1384417,2023/24,2023-10-27,"MA Chidambaram Stadium, Chepauk, Chennai",2,8.1,South Africa,Pakistan,HE van der Dussen,T Bavuma,Haris Rauf,1,0,,,,,,,,,
1384417,2023/24,2023-10-27,"MA Chidambaram Stadium, Chepauk, Chennai",2,8.2,South Africa,Pakistan,T Bavuma,HE van der Dussen,Haris Rauf,0,0,,,,,,,,,
1384417,2023/24,2023-10-27,"MA Chidambaram Stadium, Chepauk, Chennai",2,8.3,South Africa,Pakistan,T Bavuma,HE van der Dussen,Haris Rauf,6,0,,,,,,,,,
1384417,2023/24,2023-10-27,"MA Chidambaram Stadium, Chepauk, Chennai",2,8.4,South Africa,Pakistan,T Bavuma,HE van der Dussen,Haris Rauf,1,0,,,,,,,,,
1384417,2023/24,2023-10-27,"MA Chidambaram Stadium, Chepauk, Chennai",2,8.5,South Africa,Pakistan,HE van der Dussen,T Bavuma,Haris Rauf,0,0,,,,,,,,,
1384417,2023/24,2023-10-27,"MA Chidambaram Stadium, Chepauk, Chennai",2,8.6,South Africa,Pakistan,HE van der Dussen,T Bavuma,Haris Rauf,1,0,,,,,,,,,
1384417,2023/24,2023-10-27,"MA Chidambaram Stadium, Chepauk, Chennai",2,9.1,South Africa,Pakistan,HE van der Dussen,T Bavuma,Mohammad Wasim,0,0,,,,,,,,,
1384417,2023/24,2023-10-27,"MA Chidambaram Stadium, Chepauk, Chennai",2,9.2,South Africa,Pakistan,HE van der Dussen,T Bavuma,Mohammad Wasim,0,0,,,,,,,,,
1384417,2023/24,2023-10-27,"MA Chidambaram Stadium, Chepauk, Chennai",2,9.3,South Africa,Pakistan,HE van der Dussen,T Bavuma,Mohammad Wasim,0,0,,,,,,,,,
1384417,2023/24,2023-10-27,"MA Chidambaram Stadium, Chepauk, Chennai",2,9.4,South Africa,Pakistan,HE van der Dussen,T Bavuma,Mohammad Wasim,1,0,,,,,,,,,
1384417,2023/24,2023-10-27,"MA Chidambaram Stadium, Chepauk, Chennai",2,9.5,South Africa,Pakistan,T Bavuma,HE van der Dussen,Mohammad Wasim,0,0,,,,,,caught,T Bavuma,,
1384417,2023/24,2023-10-27,"MA Chidambaram Stadium, Chepauk, Chennai",2,9.6,South Africa,Pakistan,AK Markram,HE van der Dussen,Mohammad Wasim,0,0,,,,,,,,,
1384417,2023/24,2023-10-27,"MA Chidambaram Stadium, Chepauk, Chennai",2,10.1,South Africa,Pakistan,HE van der Dussen,AK Markram,Haris Rauf,1,0,,,,,,,,,
1384417,2023/24,2023-10-27,"MA Chidambaram Stadium, Chepauk, Chennai",2,10.2,South Africa,Pakistan,AK Markram,HE van der Dussen,Haris Rauf,1,0,,,,,,,,,
1384417,2023/24,2023-10-27,"MA Chidambaram Stadium, Chepauk, Chennai",2,10.3,South Africa,Pakistan,HE van der Dussen,AK Markram,Haris Rauf,0,1,,,,1,,,,,
1384417,2023/24,2023-10-27,"MA Chidambaram Stadium, Chepauk, Chennai",2,10.4,South Africa,Pakistan,AK Markram,HE van der Dussen,Haris Rauf,0,0,,,,,,,,,
1384417,2023/24,2023-10-27,"MA Chidambaram Stadium, Chepauk, Chennai",2,10.5,South Africa,Pakistan,AK Markram,HE van der Dussen,Haris Rauf,4,0,,,,,,,,,
1384417,2023/24,2023-10-27,"MA Chidambaram Stadium, Chepauk, Chennai",2,10.6,South Africa,Pakistan,AK Markram,HE van der Dussen,Haris Rauf,0,0,,,,,,,,,
1384417,2023/24,2023-10-27,"MA Chidambaram Stadium, Chepauk, Chennai",2,11.1,South Africa,Pakistan,HE van der Dussen,AK Markram,Mohammad Wasim,0,0,,,,,,,,,
1384417,2023/24,2023-10-27,"MA Chidambaram Stadium, Chepauk, Chennai",2,11.2,South Africa,Pakistan,HE van der Dussen,AK Markram,Mohammad Wasim,1,0,,,,,,,,,
1384417,2023/24,2023-10-27,"MA Chidambaram Stadium, Chepauk, Chennai",2,11.3,South Africa,Pakistan,AK Markram,HE van der Dussen,Mohammad Wasim,0,0,,,,,,,,,
1384417,2023/24,2023-10-27,"MA Chidambaram Stadium, Chepauk, Chennai",2,11.4,South Africa,Pakistan,AK Markram,HE van der Dussen,Mohammad Wasim,4,0,,,,,,,,,
1384417,2023/24,2023-10-27,"MA Chidambaram Stadium, Chepauk, Chennai",2,11.5,South Africa,Pakistan,AK Markram,HE van der Dussen,Mohammad Wasim,2,0,,,,,,,,,
1384417,2023/24,2023-10-27,"MA Chidambaram Stadium, Chepauk, Chennai",2,11.6,South Africa,Pakistan,AK Markram,HE van der Dussen,Mohammad Wasim,4,0,,,,,,,,,
1384417,2023/24,2023-10-27,"MA Chidambaram Stadium, Chepauk, Chennai",2,12.1,South Africa,Pakistan,HE van der Dussen,AK Markram,Haris Rauf,1,0,,,,,,,,,
1384417,2023/24,2023-10-27,"MA Chidambaram Stadium, Chepauk, Chennai",2,12.2,South Africa,Pakistan,AK Markram,HE van der Dussen,Haris Rauf,6,0,,,,,,,,,
1384417,2023/24,2023-10-27,"MA Chidambaram Stadium, Chepauk, Chennai",2,12.3,South Africa,Pakistan,AK Markram,HE van der Dussen,Haris Rauf,0,0,,,,,,,,,
1384417,2023/24,2023-10-27,"MA Chidambaram Stadium, Chepauk, Chennai",2,12.4,South Africa,Pakistan,AK Markram,HE van der Dussen,Haris Rauf,0,0,,,,,,,,,
1384417,2023/24,2023-10-27,"MA Chidambaram Stadium, Chepauk, Chennai",2,12.5,South Africa,Pakistan,AK Markram,HE van der Dussen,Haris Rauf,0,0,,,,,,,,,
1384417,2023/24,2023-10-27,"MA Chidambaram Stadium, Chepauk, Chennai",2,12.6,South Africa,Pakistan,AK Markram,HE van der Dussen,Haris Rauf,1,0,,,,,,,,,
1384417,2023/24,2023-10-27,"MA Chidambaram Stadium, Chepauk, Chennai",2,13.1,South Africa,Pakistan,AK Markram,HE van der Dussen,Mohammad Nawaz,0,0,,,,,,,,,
1384417,2023/24,2023-10-27,"MA Chidambaram Stadium, Chepauk, Chennai",2,13.2,South Africa,Pakistan,AK Markram,HE van der Dussen,Mohammad Nawaz,1,0,,,,,,,,,
1384417,2023/24,2023-10-27,"MA Chidambaram Stadium, Chepauk, Chennai",2,13.3,South Africa,Pakistan,HE van der Dussen,AK Markram,Mohammad Nawaz,1,0,,,,,,,,,
1384417,2023/24,2023-10-27,"MA Chidambaram Stadium, Chepauk, Chennai",2,13.4,South Africa,Pakistan,AK Markram,HE van der Dussen,Mohammad Nawaz,6,0,,,,,,,,,
1384417,2023/24,2023-10-27,"MA Chidambaram Stadium, Chepauk, Chennai",2,13.5,South Africa,Pakistan,AK Markram,HE van der Dussen,Mohammad Nawaz,0,0,,,,,,,,,
1384417,2023/24,2023-10-27,"MA Chidambaram Stadium, Chepauk, Chennai",2,13.6,South Africa,Pakistan,AK Markram,HE van der Dussen,Mohammad Nawaz,1,0,,,,,,,,,
1384417,2023/24,2023-10-27,"MA Chidambaram Stadium, Chepauk, Chennai",2,14.1,South Africa,Pakistan,AK Markram,HE van der Dussen,Haris Rauf,1,0,,,,,,,,,
1384417,2023/24,2023-10-27,"MA Chidambaram Stadium, Chepauk, Chennai",2,14.2,South Africa,Pakistan,HE van der Dussen,AK Markram,Haris Rauf,1,0,,,,,,,,,
1384417,2023/24,2023-10-27,"MA Chidambaram Stadium, Chepauk, Chennai",2,14.3,South Africa,Pakistan,AK Markram,HE van der Dussen,Haris Rauf,1,0,,,,,,,,,
1384417,2023/24,2023-10-27,"MA Chidambaram Stadium, Chepauk, Chennai",2,14.4,South Africa,Pakistan,HE van der Dussen,AK Markram,Haris Rauf,1,0,,,,,,,,,
1384417,2023/24,2023-10-27,"MA Chidambaram Stadium, Chepauk, Chennai",2,14.5,South Africa,Pakistan,AK Markram,HE van der Dussen,Haris Rauf,0,1,,,1,,,,,,
1384417,2023/24,2023-10-27,"MA Chidambaram Stadium, Chepauk, Chennai",2,14.6,South Africa,Pakistan,HE van der Dussen,AK Markram,Haris Rauf,0,0,,,,,,,,,
1384417,2023/24,2023-10-27,"MA Chidambaram Stadium, Chepauk, Chennai",2,15.1,South Africa,Pakistan,AK Markram,HE van der Dussen,Mohammad Nawaz,0,0,,,,,,,,,
1384417,2023/24,2023-10-27,"MA Chidambaram Stadium, Chepauk, Chennai",2,15.2,South Africa,Pakistan,AK Markram,HE van der Dussen,Mohammad Nawaz,1,0,,,,,,,,,
1384417,2023/24,2023-10-27,"MA Chidambaram Stadium, Chepauk, Chennai",2,15.3,South Africa,Pakistan,HE van der Dussen,AK Markram,Mohammad Nawaz,0,0,,,,,,,,,
1384417,2023/24,2023-10-27,"MA Chidambaram Stadium, Chepauk, Chennai",2,15.4,South Africa,Pakistan,HE van der Dussen,AK Markram,Mohammad Nawaz,1,0,,,,,,,,,
1384417,2023/24,2023-10-27,"MA Chidambaram Stadium, Chepauk, Chennai",2,15.5,South Africa,Pakistan,AK Markram,HE van der Dussen,Mohammad Nawaz,1,0,,,,,,,,,
1384417,2023/24,2023-10-27,"MA Chidambaram Stadium, Chepauk, Chennai",2,15.6,South Africa,Pakistan,HE van der Dussen,AK Markram,Mohammad Nawaz,0,0,,,,,,,,,
1384417,2023/24,2023-10-27,"MA Chidambaram Stadium, Chepauk, Chennai",2,16.1,South Africa,Pakistan,AK Markram,HE van der Dussen,Haris Rauf,0,0,,,,,,,,,
1384417,2023/24,2023-10-27,"MA Chidambaram Stadium, Chepauk, Chennai",2,16.2,South Africa,Pakistan,AK Markram,HE van der Dussen,Haris Rauf,1,0,,,,,,,,,
1384417,2023/24,2023-10-27,"MA Chidambaram Stadium, Chepauk, Chennai",2,16.3,South Africa,Pakistan,HE van der Dussen,AK Markram,Haris Rauf,1,0,,,,,,,,,
1384417,2023/24,2023-10-27,"MA Chidambaram Stadium, Chepauk, Chennai",2,16.4,South Africa,Pakistan,AK Markram,HE van der Dussen,Haris Rauf,1,0,,,,,,,,,
1384417,2023/24,2023-10-27,"MA Chidambaram Stadium, Chepauk, Chennai",2,16.5,South Africa,Pakistan,HE van der Dussen,AK Markram,Haris Rauf,2,0,,,,,,,,,
1384417,2023/24,2023-10-27,"MA Chidambaram Stadium, Chepauk, Chennai",2,16.6,South Africa,Pakistan,HE van der Dussen,AK Markram,Haris Rauf,0,0,,,,,,,,,
1384417,2023/24,2023-10-27,"MA Chidambaram Stadium, Chepauk, Chennai",2,17.1,South Africa,Pakistan,AK Markram,HE van der Dussen,Mohammad Nawaz,0,0,,,,,,,,,
1384417,2023/24,2023-10-27,"MA Chidambaram Stadium, Chepauk, Chennai",2,17.2,South Africa,Pakistan,AK Markram,HE van der Dussen,Mohammad Nawaz,1,0,,,,,,,,,
1384417,2023/24,2023-10-27,"MA Chidambaram Stadium, Chepauk, Chennai",2,17.3,South Africa,Pakistan,HE van der Dussen,AK Markram,Mohammad Nawaz,1,0,,,,,,,,,
1384417,2023/24,2023-10-27,"MA Chidambaram Stadium, Chepauk, Chennai",2,17.4,South Africa,Pakistan,AK Markram,HE van der Dussen,Mohammad Nawaz,1,0,,,,,,,,,
1384417,2023/24,2023-10-27,"MA Chidambaram Stadium, Chepauk, Chennai",2,17.5,South Africa,Pakistan,HE van der Dussen,AK Markram,Mohammad Nawaz,0,0,,,,,,,,,
1384417,2023/24,2023-10-27,"MA Chidambaram Stadium, Chepauk, Chennai",2,17.6,South Africa,Pakistan,HE van der Dussen,AK Markram,Mohammad Nawaz,0,0,,,,,,,,,
1384417,2023/24,2023-10-27,"MA Chidambaram Stadium, Chepauk, Chennai",2,18.1,South Africa,Pakistan,AK Markram,HE van der Dussen,Usama Mir,1,0,,,,,,,,,
1384417,2023/24,2023-10-27,"MA Chidambaram Stadium, Chepauk, Chennai",2,18.2,South Africa,Pakistan,HE van der Dussen,AK Markram,Usama Mir,1,0,,,,,,,,,
1384417,2023/24,2023-10-27,"MA Chidambaram Stadium, Chepauk, Chennai",2,18.3,South Africa,Pakistan,AK Markram,HE van der Dussen,Usama Mir,1,0,,,,,,,,,
1384417,2023/24,2023-10-27,"MA Chidambaram Stadium, Chepauk, Chennai",2,18.4,South Africa,Pakistan,HE van der Dussen,AK Markram,Usama Mir,0,0,,,,,,,,,
1384417,2023/24,2023-10-27,"MA Chidambaram Stadium, Chepauk, Chennai",2,18.5,South Africa,Pakistan,HE van der Dussen,AK Markram,Usama Mir,0,0,,,,,,lbw,HE van der Dussen,,
1384417,2023/24,2023-10-27,"MA Chidambaram Stadium, Chepauk, Chennai",2,18.6,South Africa,Pakistan,H Klaasen,AK Markram,Usama Mir,0,0,,,,,,,,,
1384417,2023/24,2023-10-27,"MA Chidambaram Stadium, Chepauk, Chennai",2,19.1,South Africa,Pakistan,AK Markram,H Klaasen,Mohammad Nawaz,1,0,,,,,,,,,
1384417,2023/24,2023-10-27,"MA Chidambaram Stadium, Chepauk, Chennai",2,19.2,South Africa,Pakistan,H Klaasen,AK Markram,Mohammad Nawaz,1,0,,,,,,,,,
1384417,2023/24,2023-10-27,"MA Chidambaram Stadium, Chepauk, Chennai",2,19.3,South Africa,Pakistan,AK Markram,H Klaasen,Mohammad Nawaz,0,0,,,,,,,,,
1384417,2023/24,2023-10-27,"MA Chidambaram Stadium, Chepauk, Chennai",2,19.4,South Africa,Pakistan,AK Markram,H Klaasen,Mohammad Nawaz,0,0,,,,,,,,,
1384417,2023/24,2023-10-27,"MA Chidambaram Stadium, Chepauk, Chennai",2,19.5,South Africa,Pakistan,AK Markram,H Klaasen,Mohammad Nawaz,1,0,,,,,,,,,
1384417,2023/24,2023-10-27,"MA Chidambaram Stadium, Chepauk, Chennai",2,19.6,South Africa,Pakistan,H Klaasen,AK Markram,Mohammad Nawaz,1,0,,,,,,,,,
1384417,2023/24,2023-10-27,"MA Chidambaram Stadium, Chepauk, Chennai",2,20.1,South Africa,Pakistan,H Klaasen,AK Markram,Usama Mir,6,0,,,,,,,,,
1384417,2023/24,2023-10-27,"MA Chidambaram Stadium, Chepauk, Chennai",2,20.2,South Africa,Pakistan,H Klaasen,AK Markram,Usama Mir,0,0,,,,,,,,,
1384417,2023/24,2023-10-27,"MA Chidambaram Stadium, Chepauk, Chennai",2,20.3,South Africa,Pakistan,H Klaasen,AK Markram,Usama Mir,2,0,,,,,,,,,
1384417,2023/24,2023-10-27,"MA Chidambaram Stadium, Chepauk, Chennai",2,20.4,South Africa,Pakistan,H Klaasen,AK Markram,Usama Mir,1,0,,,,,,,,,
1384417,2023/24,2023-10-27,"MA Chidambaram Stadium, Chepauk, Chennai",2,20.5,South Africa,Pakistan,AK Markram,H Klaasen,Usama Mir,0,0,,,,,,,,,
1384417,2023/24,2023-10-27,"MA Chidambaram Stadium, Chepauk, Chennai",2,20.6,South Africa,Pakistan,AK Markram,H Klaasen,Usama Mir,0,0,,,,,,,,,
1384417,2023/24,2023-10-27,"MA Chidambaram Stadium, Chepauk, Chennai",2,21.1,South Africa,Pakistan,H Klaasen,AK Markram,Mohammad Wasim,0,0,,,,,,,,,
1384417,2023/24,2023-10-27,"MA Chidambaram Stadium, Chepauk, Chennai",2,21.2,South Africa,Pakistan,H Klaasen,AK Markram,Mohammad Wasim,1,0,,,,,,,,,
1384417,2023/24,2023-10-27,"MA Chidambaram Stadium, Chepauk, Chennai",2,21.3,South Africa,Pakistan,AK Markram,H Klaasen,Mohammad Wasim,1,0,,,,,,,,,
1384417,2023/24,2023-10-27,"MA Chidambaram Stadium, Chepauk, Chennai",2,21.4,South Africa,Pakistan,H Klaasen,AK Markram,Mohammad Wasim,0,0,,,,,,caught,H Klaasen,,
1384417,2023/24,2023-10-27,"MA Chidambaram Stadium, Chepauk, Chennai",2,21.5,South Africa,Pakistan,DA Miller,AK Markram,Mohammad Wasim,0,0,,,,,,,,,
1384417,2023/24,2023-10-27,"MA Chidambaram Stadium, Chepauk, Chennai",2,21.6,South Africa,Pakistan,DA Miller,AK Markram,Mohammad Wasim,0,0,,,,,,,,,
1384417,2023/24,2023-10-27,"MA Chidambaram Stadium, Chepauk, Chennai",2,22.1,South Africa,Pakistan,AK Markram,DA Miller,Usama Mir,0,0,,,,,,,,,
1384417,2023/24,2023-10-27,"MA Chidambaram Stadium, Chepauk, Chennai",2,22.2,South Africa,Pakistan,AK Markram,DA Miller,Usama Mir,0,0,,,,,,,,,
1384417,2023/24,2023-10-27,"MA Chidambaram Stadium, Chepauk, Chennai",2,22.3,South Africa,Pakistan,AK Markram,DA Miller,Usama Mir,2,0,,,,,,,,,
1384417,2023/24,2023-10-27,"MA Chidambaram Stadium, Chepauk, Chennai",2,22.4,South Africa,Pakistan,AK Markram,DA Miller,Usama Mir,1,0,,,,,,,,,
1384417,2023/24,2023-10-27,"MA Chidambaram Stadium, Chepauk, Chennai",2,22.5,South Africa,Pakistan,DA Miller,AK Markram,Usama Mir,6,0,,,,,,,,,
1384417,2023/24,2023-10-27,"MA Chidambaram Stadium, Chepauk, Chennai",2,22.6,South Africa,Pakistan,DA Miller,AK Markram,Usama Mir,0,0,,,,,,,,,
1384417,2023/24,2023-10-27,"MA Chidambaram Stadium, Chepauk, Chennai",2,23.1,South Africa,Pakistan,AK Markram,DA Miller,Mohammad Wasim,0,0,,,,,,,,,
1384417,2023/24,2023-10-27,"MA Chidambaram Stadium, Chepauk, Chennai",2,23.2,South Africa,Pakistan,AK Markram,DA Miller,Mohammad Wasim,0,1,,,,1,,,,,
1384417,2023/24,2023-10-27,"MA Chidambaram Stadium, Chepauk, Chennai",2,23.3,South Africa,Pakistan,DA Miller,AK Markram,Mohammad Wasim,0,0,,,,,,,,,
1384417,2023/24,2023-10-27,"MA Chidambaram Stadium, Chepauk, Chennai",2,23.4,South Africa,Pakistan,DA Miller,AK Markram,Mohammad Wasim,0,0,,,,,,,,,
1384417,2023/24,2023-10-27,"MA Chidambaram Stadium, Chepauk, Chennai",2,23.5,South Africa,Pakistan,DA Miller,AK Markram,Mohammad Wasim,0,0,,,,,,,,,
1384417,2023/24,2023-10-27,"MA Chidambaram Stadium, Chepauk, Chennai",2,23.6,South Africa,Pakistan,DA Miller,AK Markram,Mohammad Wasim,0,0,,,,,,,,,
1384417,2023/24,2023-10-27,"MA Chidambaram Stadium, Chepauk, Chennai",2,24.1,South Africa,Pakistan,AK Markram,DA Miller,Usama Mir,1,0,,,,,,,,,
1384417,2023/24,2023-10-27,"MA Chidambaram Stadium, Chepauk, Chennai",2,24.2,South Africa,Pakistan,DA Miller,AK Markram,Usama Mir,0,1,,,,1,,,,,
1384417,2023/24,2023-10-27,"MA Chidambaram Stadium, Chepauk, Chennai",2,24.3,South Africa,Pakistan,AK Markram,DA Miller,Usama Mir,1,0,,,,,,,,,
1384417,2023/24,2023-10-27,"MA Chidambaram Stadium, Chepauk, Chennai",2,24.4,South Africa,Pakistan,DA Miller,AK Markram,Usama Mir,1,0,,,,,,,,,
1384417,2023/24,2023-10-27,"MA Chidambaram Stadium, Chepauk, Chennai",2,24.5,South Africa,Pakistan,AK Markram,DA Miller,Usama Mir,0,0,,,,,,,,,
1384417,2023/24,2023-10-27,"MA Chidambaram Stadium, Chepauk, Chennai",2,24.6,South Africa,Pakistan,AK Markram,DA Miller,Usama Mir,4,0,,,,,,,,,
1384417,2023/24,2023-10-27,"MA Chidambaram Stadium, Chepauk, Chennai",2,25.1,South Africa,Pakistan,DA Miller,AK Markram,Mohammad Wasim,2,0,,,,,,,,,
1384417,2023/24,2023-10-27,"MA Chidambaram Stadium, Chepauk, Chennai",2,25.2,South Africa,Pakistan,DA Miller,AK Markram,Mohammad Wasim,0,0,,,,,,,,,
1384417,2023/24,2023-10-27,"MA Chidambaram Stadium, Chepauk, Chennai",2,25.3,South Africa,Pakistan,DA Miller,AK Markram,Mohammad Wasim,1,0,,,,,,,,,
1384417,2023/24,2023-10-27,"MA Chidambaram Stadium, Chepauk, Chennai",2,25.4,South Africa,Pakistan,AK Markram,DA Miller,Mohammad Wasim,0,0,,,,,,,,,
1384417,2023/24,2023-10-27,"MA Chidambaram Stadium, Chepauk, Chennai",2,25.5,South Africa,Pakistan,AK Markram,DA Miller,Mohammad Wasim,0,0,,,,,,,,,
1384417,2023/24,2023-10-27,"MA Chidambaram Stadium, Chepauk, Chennai",2,25.6,South Africa,Pakistan,AK Markram,DA Miller,Mohammad Wasim,4,0,,,,,,,,,
1384417,2023/24,2023-10-27,"MA Chidambaram Stadium, Chepauk, Chennai",2,26.1,South Africa,Pakistan,DA Miller,AK Markram,Usama Mir,0,0,,,,,,,,,
1384417,2023/24,2023-10-27,"MA Chidambaram Stadium, Chepauk, Chennai",2,26.2,South Africa,Pakistan,DA Miller,AK Markram,Usama Mir,6,0,,,,,,,,,
1384417,2023/24,2023-10-27,"MA Chidambaram Stadium, Chepauk, Chennai",2,26.3,South Africa,Pakistan,DA Miller,AK Markram,Usama Mir,0,0,,,,,,,,,
1384417,2023/24,2023-10-27,"MA Chidambaram Stadium, Chepauk, Chennai",2,26.4,South Africa,Pakistan,DA Miller,AK Markram,Usama Mir,0,1,1,,,,,,,,
1384417,2023/24,2023-10-27,"MA Chidambaram Stadium, Chepauk, Chennai",2,26.5,South Africa,Pakistan,DA Miller,AK Markram,Usama Mir,0,0,,,,,,,,,
1384417,2023/24,2023-10-27,"MA Chidambaram Stadium, Chepauk, Chennai",2,26.6,South Africa,Pakistan,DA Miller,AK Markram,Usama Mir,0,0,,,,,,,,,
1384417,2023/24,2023-10-27,"MA Chidambaram Stadium, Chepauk, Chennai",2,26.7,South Africa,Pakistan,DA Miller,AK Markram,Usama Mir,0,0,,,,,,,,,
1384417,2023/24,2023-10-27,"MA Chidambaram Stadium, Chepauk, Chennai",2,27.1,South Africa,Pakistan,AK Markram,DA Miller,Mohammad Wasim,1,0,,,,,,,,,
1384417,2023/24,2023-10-27,"MA Chidambaram Stadium, Chepauk, Chennai",2,27.2,South Africa,Pakistan,DA Miller,AK Markram,Mohammad Wasim,1,0,,,,,,,,,
1384417,2023/24,2023-10-27,"MA Chidambaram Stadium, Chepauk, Chennai",2,27.3,South Africa,Pakistan,AK Markram,DA Miller,Mohammad Wasim,0,2,2,,,,,,,,
1384417,2023/24,2023-10-27,"MA Chidambaram Stadium, Chepauk, Chennai",2,27.4,South Africa,Pakistan,DA Miller,AK Markram,Mohammad Wasim,4,0,,,,,,,,,
1384417,2023/24,2023-10-27,"MA Chidambaram Stadium, Chepauk, Chennai",2,27.5,South Africa,Pakistan,DA Miller,AK Markram,Mohammad Wasim,0,0,,,,,,,,,
1384417,2023/24,2023-10-27,"MA Chidambaram Stadium, Chepauk, Chennai",2,27.6,South Africa,Pakistan,DA Miller,AK Markram,Mohammad Wasim,0,0,,,,,,,,,
1384417,2023/24,2023-10-27,"MA Chidambaram Stadium, Chepauk, Chennai",2,27.7,South Africa,Pakistan,DA Miller,AK Markram,Mohammad Wasim,4,0,,,,,,,,,
1384417,2023/24,2023-10-27,"MA Chidambaram Stadium, Chepauk, Chennai",2,28.1,South Africa,Pakistan,AK Markram,DA Miller,Iftikhar Ahmed,0,0,,,,,,,,,
1384417,2023/24,2023-10-27,"MA Chidambaram Stadium, Chepauk, Chennai",2,28.2,South Africa,Pakistan,AK Markram,DA Miller,Iftikhar Ahmed,1,0,,,,,,,,,
1384417,2023/24,2023-10-27,"MA Chidambaram Stadium, Chepauk, Chennai",2,28.3,South Africa,Pakistan,DA Miller,AK Markram,Iftikhar Ahmed,0,0,,,,,,,,,
1384417,2023/24,2023-10-27,"MA Chidambaram Stadium, Chepauk, Chennai",2,28.4,South Africa,Pakistan,DA Miller,AK Markram,Iftikhar Ahmed,1,0,,,,,,,,,
1384417,2023/24,2023-10-27,"MA Chidambaram Stadium, Chepauk, Chennai",2,28.5,South Africa,Pakistan,AK Markram,DA Miller,Iftikhar Ahmed,6,0,,,,,,,,,
1384417,2023/24,2023-10-27,"MA Chidambaram Stadium, Chepauk, Chennai",2,28.6,South Africa,Pakistan,AK Markram,DA Miller,Iftikhar Ahmed,0,0,,,,,,,,,
1384417,2023/24,2023-10-27,"MA Chidambaram Stadium, Chepauk, Chennai",2,29.1,South Africa,Pakistan,DA Miller,AK Markram,Shaheen Shah Afridi,1,0,,,,,,,,,
1384417,2023/24,2023-10-27,"MA Chidambaram Stadium, Chepauk, Chennai",2,29.2,South Africa,Pakistan,AK Markram,DA Miller,Shaheen Shah Afridi,0,1,1,,,,,,,,
1384417,2023/24,2023-10-27,"MA Chidambaram Stadium, Chepauk, Chennai",2,29.3,South Africa,Pakistan,AK Markram,DA Miller,Shaheen Shah Afridi,0,0,,,,,,,,,
1384417,2023/24,2023-10-27,"MA Chidambaram Stadium, Chepauk, Chennai",2,29.4,South Africa,Pakistan,AK Markram,DA Miller,Shaheen Shah Afridi,1,0,,,,,,,,,
1384417,2023/24,2023-10-27,"MA Chidambaram Stadium, Chepauk, Chennai",2,29.5,South Africa,Pakistan,DA Miller,AK Markram,Shaheen Shah Afridi,0,0,,,,,,,,,
1384417,2023/24,2023-10-27,"MA Chidambaram Stadium, Chepauk, Chennai",2,29.6,South Africa,Pakistan,DA Miller,AK Markram,Shaheen Shah Afridi,0,0,,,,,,,,,
1384417,2023/24,2023-10-27,"MA Chidambaram Stadium, Chepauk, Chennai",2,29.7,South Africa,Pakistan,DA Miller,AK Markram,Shaheen Shah Afridi,0,0,,,,,,,,,
1384417,2023/24,2023-10-27,"MA Chidambaram Stadium, Chepauk, Chennai",2,30.1,South Africa,Pakistan,AK Markram,DA Miller,Haris Rauf,0,0,,,,,,,,,
1384417,2023/24,2023-10-27,"MA Chidambaram Stadium, Chepauk, Chennai",2,30.2,South Africa,Pakistan,AK Markram,DA Miller,Haris Rauf,0,0,,,,,,,,,
1384417,2023/24,2023-10-27,"MA Chidambaram Stadium, Chepauk, Chennai",2,30.3,South Africa,Pakistan,AK Markram,DA Miller,Haris Rauf,1,0,,,,,,,,,
1384417,2023/24,2023-10-27,"MA Chidambaram Stadium, Chepauk, Chennai",2,30.4,South Africa,Pakistan,DA Miller,AK Markram,Haris Rauf,1,0,,,,,,,,,
1384417,2023/24,2023-10-27,"MA Chidambaram Stadium, Chepauk, Chennai",2,30.5,South Africa,Pakistan,AK Markram,DA Miller,Haris Rauf,0,0,,,,,,,,,
1384417,2023/24,2023-10-27,"MA Chidambaram Stadium, Chepauk, Chennai",2,30.6,South Africa,Pakistan,AK Markram,DA Miller,Haris Rauf,1,0,,,,,,,,,
1384417,2023/24,2023-10-27,"MA Chidambaram Stadium, Chepauk, Chennai",2,31.1,South Africa,Pakistan,AK Markram,DA Miller,Shaheen Shah Afridi,1,0,,,,,,,,,
1384417,2023/24,2023-10-27,"MA Chidambaram Stadium, Chepauk, Chennai",2,31.2,South Africa,Pakistan,DA Miller,AK Markram,Shaheen Shah Afridi,1,0,,,,,,,,,
1384417,2023/24,2023-10-27,"MA Chidambaram Stadium, Chepauk, Chennai",2,31.3,South Africa,Pakistan,AK Markram,DA Miller,Shaheen Shah Afridi,0,0,,,,,,,,,
1384417,2023/24,2023-10-27,"MA Chidambaram Stadium, Chepauk, Chennai",2,31.4,South Africa,Pakistan,AK Markram,DA Miller,Shaheen Shah Afridi,0,0,,,,,,,,,
1384417,2023/24,2023-10-27,"MA Chidambaram Stadium, Chepauk, Chennai",2,31.5,South Africa,Pakistan,AK Markram,DA Miller,Shaheen Shah Afridi,2,0,,,,,,,,,
1384417,2023/24,2023-10-27,"MA Chidambaram Stadium, Chepauk, Chennai",2,31.6,South Africa,Pakistan,AK Markram,DA Miller,Shaheen Shah Afridi,1,0,,,,,,,,,
1384417,2023/24,2023-10-27,"MA Chidambaram Stadium, Chepauk, Chennai",2,32.1,South Africa,Pakistan,AK Markram,DA Miller,Haris Rauf,0,0,,,,,,,,,
1384417,2023/24,2023-10-27,"MA Chidambaram Stadium, Chepauk, Chennai",2,32.2,South Africa,Pakistan,AK Markram,DA Miller,Haris Rauf,4,0,,,,,,,,,
1384417,2023/24,2023-10-27,"MA Chidambaram Stadium, Chepauk, Chennai",2,32.3,South Africa,Pakistan,AK Markram,DA Miller,Haris Rauf,2,0,,,,,,,,,
1384417,2023/24,2023-10-27,"MA Chidambaram Stadium, Chepauk, Chennai",2,32.4,South Africa,Pakistan,AK Markram,DA Miller,Haris Rauf,0,0,,,,,,,,,
1384417,2023/24,2023-10-27,"MA Chidambaram Stadium, Chepauk, Chennai",2,32.5,South Africa,Pakistan,AK Markram,DA Miller,Haris Rauf,0,1,1,,,,,,,,
1384417,2023/24,2023-10-27,"MA Chidambaram Stadium, Chepauk, Chennai",2,32.6,South Africa,Pakistan,AK Markram,DA Miller,Haris Rauf,0,0,,,,,,,,,
1384417,2023/24,2023-10-27,"MA Chidambaram Stadium, Chepauk, Chennai",2,32.7,South Africa,Pakistan,AK Markram,DA Miller,Haris Rauf,0,0,,,,,,,,,
1384417,2023/24,2023-10-27,"MA Chidambaram Stadium, Chepauk, Chennai",2,33.1,South Africa,Pakistan,DA Miller,AK Markram,Shaheen Shah Afridi,0,0,,,,,,caught,DA Miller,,
1384417,2023/24,2023-10-27,"MA Chidambaram Stadium, Chepauk, Chennai",2,33.2,South Africa,Pakistan,M Jansen,AK Markram,Shaheen Shah Afridi,0,0,,,,,,,,,
1384417,2023/24,2023-10-27,"MA Chidambaram Stadium, Chepauk, Chennai",2,33.3,South Africa,Pakistan,M Jansen,AK Markram,Shaheen Shah Afridi,0,0,,,,,,,,,
1384417,2023/24,2023-10-27,"MA Chidambaram Stadium, Chepauk, Chennai",2,33.4,South Africa,Pakistan,M Jansen,AK Markram,Shaheen Shah Afridi,0,0,,,,,,,,,
1384417,2023/24,2023-10-27,"MA Chidambaram Stadium, Chepauk, Chennai",2,33.5,South Africa,Pakistan,M Jansen,AK Markram,Shaheen Shah Afridi,1,0,,,,,,,,,
1384417,2023/24,2023-10-27,"MA Chidambaram Stadium, Chepauk, Chennai",2,33.6,South Africa,Pakistan,AK Markram,M Jansen,Shaheen Shah Afridi,1,0,,,,,,,,,
1384417,2023/24,2023-10-27,"MA Chidambaram Stadium, Chepauk, Chennai",2,34.1,South Africa,Pakistan,AK Markram,M Jansen,Usama Mir,1,0,,,,,,,,,
1384417,2023/24,2023-10-27,"MA Chidambaram Stadium, Chepauk, Chennai",2,34.2,South Africa,Pakistan,M Jansen,AK Markram,Usama Mir,0,0,,,,,,,,,
1384417,2023/24,2023-10-27,"MA Chidambaram Stadium, Chepauk, Chennai",2,34.3,South Africa,Pakistan,M Jansen,AK Markram,Usama Mir,1,0,,,,,,,,,
1384417,2023/24,2023-10-27,"MA Chidambaram Stadium, Chepauk, Chennai",2,34.4,South Africa,Pakistan,AK Markram,M Jansen,Usama Mir,1,0,,,,,,,,,
1384417,2023/24,2023-10-27,"MA Chidambaram Stadium, Chepauk, Chennai",2,34.5,South Africa,Pakistan,M Jansen,AK Markram,Usama Mir,2,0,,,,,,,,,
1384417,2023/24,2023-10-27,"MA Chidambaram Stadium, Chepauk, Chennai",2,34.6,South Africa,Pakistan,M Jansen,AK Markram,Usama Mir,1,0,,,,,,,,,
1384417,2023/24,2023-10-27,"MA Chidambaram Stadium, Chepauk, Chennai",2,35.1,South Africa,Pakistan,M Jansen,AK Markram,Mohammad Wasim,1,0,,,,,,,,,
1384417,2023/24,2023-10-27,"MA Chidambaram Stadium, Chepauk, Chennai",2,35.2,South Africa,Pakistan,AK Markram,M Jansen,Mohammad Wasim,0,0,,,,,,,,,
1384417,2023/24,2023-10-27,"MA Chidambaram Stadium, Chepauk, Chennai",2,35.3,South Africa,Pakistan,AK Markram,M Jansen,Mohammad Wasim,4,0,,,,,,,,,
1384417,2023/24,2023-10-27,"MA Chidambaram Stadium, Chepauk, Chennai",2,35.4,South Africa,Pakistan,AK Markram,M Jansen,Mohammad Wasim,1,0,,,,,,,,,
1384417,2023/24,2023-10-27,"MA Chidambaram Stadium, Chepauk, Chennai",2,35.5,South Africa,Pakistan,M Jansen,AK Markram,Mohammad Wasim,4,0,,,,,,,,,
1384417,2023/24,2023-10-27,"MA Chidambaram Stadium, Chepauk, Chennai",2,35.6,South Africa,Pakistan,M Jansen,AK Markram,Mohammad Wasim,0,0,,,,,,,,,
1384417,2023/24,2023-10-27,"MA Chidambaram Stadium, Chepauk, Chennai",2,36.1,South Africa,Pakistan,AK Markram,M Jansen,Haris Rauf,0,0,,,,,,,,,
1384417,2023/24,2023-10-27,"MA Chidambaram Stadium, Chepauk, Chennai",2,36.2,South Africa,Pakistan,AK Markram,M Jansen,Haris Rauf,1,0,,,,,,,,,
1384417,2023/24,2023-10-27,"MA Chidambaram Stadium, Chepauk, Chennai",2,36.3,South Africa,Pakistan,M Jansen,AK Markram,Haris Rauf,4,0,,,,,,,,,
1384417,2023/24,2023-10-27,"MA Chidambaram Stadium, Chepauk, Chennai",2,36.4,South Africa,Pakistan,M Jansen,AK Markram,Haris Rauf,6,0,,,,,,,,,
1384417,2023/24,2023-10-27,"MA Chidambaram Stadium, Chepauk, Chennai",2,36.5,South Africa,Pakistan,M Jansen,AK Markram,Haris Rauf,0,0,,,,,,caught,M Jansen,,
1384417,2023/24,2023-10-27,"MA Chidambaram Stadium, Chepauk, Chennai",2,36.6,South Africa,Pakistan,G Coetzee,AK Markram,Haris Rauf,0,0,,,,,,,,,
1384417,2023/24,2023-10-27,"MA Chidambaram Stadium, Chepauk, Chennai",2,37.1,South Africa,Pakistan,AK Markram,G Coetzee,Mohammad Wasim,0,0,,,,,,,,,
1384417,2023/24,2023-10-27,"MA Chidambaram Stadium, Chepauk, Chennai",2,37.2,South Africa,Pakistan,AK Markram,G Coetzee,Mohammad Wasim,0,0,,,,,,,,,
1384417,2023/24,2023-10-27,"MA Chidambaram Stadium, Chepauk, Chennai",2,37.3,South Africa,Pakistan,AK Markram,G Coetzee,Mohammad Wasim,1,0,,,,,,,,,
1384417,2023/24,2023-10-27,"MA Chidambaram Stadium, Chepauk, Chennai",2,37.4,South Africa,Pakistan,G Coetzee,AK Markram,Mohammad Wasim,0,0,,,,,,,,,
1384417,2023/24,2023-10-27,"MA Chidambaram Stadium, Chepauk, Chennai",2,37.5,South Africa,Pakistan,G Coetzee,AK Markram,Mohammad Wasim,1,0,,,,,,,,,
1384417,2023/24,2023-10-27,"MA Chidambaram Stadium, Chepauk, Chennai",2,37.6,South Africa,Pakistan,AK Markram,G Coetzee,Mohammad Wasim,0,0,,,,,,,,,
1384417,2023/24,2023-10-27,"MA Chidambaram Stadium, Chepauk, Chennai",2,38.1,South Africa,Pakistan,G Coetzee,AK Markram,Haris Rauf,1,0,,,,,,,,,
1384417,2023/24,2023-10-27,"MA Chidambaram Stadium, Chepauk, Chennai",2,38.2,South Africa,Pakistan,AK Markram,G Coetzee,Haris Rauf,1,0,,,,,,,,,
1384417,2023/24,2023-10-27,"MA Chidambaram Stadium, Chepauk, Chennai",2,38.3,South Africa,Pakistan,G Coetzee,AK Markram,Haris Rauf,2,0,,,,,,,,,
1384417,2023/24,2023-10-27,"MA Chidambaram Stadium, Chepauk, Chennai",2,38.4,South Africa,Pakistan,G Coetzee,AK Markram,Haris Rauf,0,0,,,,,,,,,
1384417,2023/24,2023-10-27,"MA Chidambaram Stadium, Chepauk, Chennai",2,38.5,South Africa,Pakistan,G Coetzee,AK Markram,Haris Rauf,2,0,,,,,,,,,
1384417,2023/24,2023-10-27,"MA Chidambaram Stadium, Chepauk, Chennai",2,38.6,South Africa,Pakistan,G Coetzee,AK Markram,Haris Rauf,0,0,,,,,,,,,
1384417,2023/24,2023-10-27,"MA Chidambaram Stadium, Chepauk, Chennai",2,39.1,South Africa,Pakistan,AK Markram,G Coetzee,Shaheen Shah Afridi,1,0,,,,,,,,,
1384417,2023/24,2023-10-27,"MA Chidambaram Stadium, Chepauk, Chennai",2,39.2,South Africa,Pakistan,G Coetzee,AK Markram,Shaheen Shah Afridi,2,0,,,,,,,,,
1384417,2023/24,2023-10-27,"MA Chidambaram Stadium, Chepauk, Chennai",2,39.3,South Africa,Pakistan,G Coetzee,AK Markram,Shaheen Shah Afridi,0,0,,,,,,,,,
1384417,2023/24,2023-10-27,"MA Chidambaram Stadium, Chepauk, Chennai",2,39.4,South Africa,Pakistan,G Coetzee,AK Markram,Shaheen Shah Afridi,1,0,,,,,,,,,
1384417,2023/24,2023-10-27,"MA Chidambaram Stadium, Chepauk, Chennai",2,39.5,South Africa,Pakistan,AK Markram,G Coetzee,Shaheen Shah Afridi,0,0,,,,,,,,,
1384417,2023/24,2023-10-27,"MA Chidambaram Stadium, Chepauk, Chennai",2,39.6,South Africa,Pakistan,AK Markram,G Coetzee,Shaheen Shah Afridi,2,0,,,,,,,,,
1384417,2023/24,2023-10-27,"MA Chidambaram Stadium, Chepauk, Chennai",2,40.1,South Africa,Pakistan,G Coetzee,AK Markram,Usama Mir,1,0,,,,,,,,,
1384417,2023/24,2023-10-27,"MA Chidambaram Stadium, Chepauk, Chennai",2,40.2,South Africa,Pakistan,AK Markram,G Coetzee,Usama Mir,0,0,,,,,,caught,AK Markram,,
1384417,2023/24,2023-10-27,"MA Chidambaram Stadium, Chepauk, Chennai",2,40.3,South Africa,Pakistan,KA Maharaj,G Coetzee,Usama Mir,0,0,,,,,,,,,
1384417,2023/24,2023-10-27,"MA Chidambaram Stadium, Chepauk, Chennai",2,40.4,South Africa,Pakistan,KA Maharaj,G Coetzee,Usama Mir,0,0,,,,,,,,,
1384417,2023/24,2023-10-27,"MA Chidambaram Stadium, Chepauk, Chennai",2,40.5,South Africa,Pakistan,KA Maharaj,G Coetzee,Usama Mir,0,0,,,,,,,,,
1384417,2023/24,2023-10-27,"MA Chidambaram Stadium, Chepauk, Chennai",2,40.6,South Africa,Pakistan,KA Maharaj,G Coetzee,Usama Mir,0,0,,,,,,,,,
1384417,2023/24,2023-10-27,"MA Chidambaram Stadium, Chepauk, Chennai",2,41.1,South Africa,Pakistan,G Coetzee,KA Maharaj,Shaheen Shah Afridi,0,0,,,,,,caught,G Coetzee,,
1384417,2023/24,2023-10-27,"MA Chidambaram Stadium, Chepauk, Chennai",2,41.2,South Africa,Pakistan,L Ngidi,KA Maharaj,Shaheen Shah Afridi,0,0,,,,,,,,,
1384417,2023/24,2023-10-27,"MA Chidambaram Stadium, Chepauk, Chennai",2,41.3,South Africa,Pakistan,L Ngidi,KA Maharaj,Shaheen Shah Afridi,0,0,,,,,,,,,
1384417,2023/24,2023-10-27,"MA Chidambaram Stadium, Chepauk, Chennai",2,41.4,South Africa,Pakistan,L Ngidi,KA Maharaj,Shaheen Shah Afridi,1,0,,,,,,,,,
1384417,2023/24,2023-10-27,"MA Chidambaram Stadium, Chepauk, Chennai",2,41.5,South Africa,Pakistan,KA Maharaj,L Ngidi,Shaheen Shah Afridi,0,0,,,,,,,,,
1384417,2023/24,2023-10-27,"MA Chidambaram Stadium, Chepauk, Chennai",2,41.6,South Africa,Pakistan,KA Maharaj,L Ngidi,Shaheen Shah Afridi,0,0,,,,,,,,,
1384417,2023/24,2023-10-27,"MA Chidambaram Stadium, Chepauk, Chennai",2,42.1,South Africa,Pakistan,L Ngidi,KA Maharaj,Usama Mir,1,0,,,,,,,,,
1384417,2023/24,2023-10-27,"MA Chidambaram Stadium, Chepauk, Chennai",2,42.2,South Africa,Pakistan,KA Maharaj,L Ngidi,Usama Mir,1,0,,,,,,,,,
1384417,2023/24,2023-10-27,"MA Chidambaram Stadium, Chepauk, Chennai",2,42.3,South Africa,Pakistan,L Ngidi,KA Maharaj,Usama Mir,1,0,,,,,,,,,
1384417,2023/24,2023-10-27,"MA Chidambaram Stadium, Chepauk, Chennai",2,42.4,South Africa,Pakistan,KA Maharaj,L Ngidi,Usama Mir,0,0,,,,,,,,,
1384417,2023/24,2023-10-27,"MA Chidambaram Stadium, Chepauk, Chennai",2,42.5,South Africa,Pakistan,KA Maharaj,L Ngidi,Usama Mir,0,0,,,,,,,,,
1384417,2023/24,2023-10-27,"MA Chidambaram Stadium, Chepauk, Chennai",2,42.6,South Africa,Pakistan,KA Maharaj,L Ngidi,Usama Mir,0,0,,,,,,,,,
1384417,2023/24,2023-10-27,"MA Chidambaram Stadium, Chepauk, Chennai",2,43.1,South Africa,Pakistan,L Ngidi,KA Maharaj,Shaheen Shah Afridi,0,0,,,,,,,,,
1384417,2023/24,2023-10-27,"MA Chidambaram Stadium, Chepauk, Chennai",2,43.2,South Africa,Pakistan,L Ngidi,KA Maharaj,Shaheen Shah Afridi,0,1,1,,,,,,,,
1384417,2023/24,2023-10-27,"MA Chidambaram Stadium, Chepauk, Chennai",2,43.3,South Africa,Pakistan,L Ngidi,KA Maharaj,Shaheen Shah Afridi,0,0,,,,,,,,,
1384417,2023/24,2023-10-27,"MA Chidambaram Stadium, Chepauk, Chennai",2,43.4,South Africa,Pakistan,L Ngidi,KA Maharaj,Shaheen Shah Afridi,1,0,,,,,,,,,
1384417,2023/24,2023-10-27,"MA Chidambaram Stadium, Chepauk, Chennai",2,43.5,South Africa,Pakistan,KA Maharaj,L Ngidi,Shaheen Shah Afridi,0,0,,,,,,,,,
1384417,2023/24,2023-10-27,"MA Chidambaram Stadium, Chepauk, Chennai",2,43.6,South Africa,Pakistan,KA Maharaj,L Ngidi,Shaheen Shah Afridi,0,0,,,,,,,,,
1384417,2023/24,2023-10-27,"MA Chidambaram Stadium, Chepauk, Chennai",2,43.7,South Africa,Pakistan,KA Maharaj,L Ngidi,Shaheen Shah Afridi,0,0,,,,,,,,,
1384417,2023/24,2023-10-27,"MA Chidambaram Stadium, Chepauk, Chennai",2,44.1,South Africa,Pakistan,L Ngidi,KA Maharaj,Mohammad Wasim,0,1,,,,1,,,,,
1384417,2023/24,2023-10-27,"MA Chidambaram Stadium, Chepauk, Chennai",2,44.2,South Africa,Pakistan,KA Maharaj,L Ngidi,Mohammad Wasim,1,0,,,,,,,,,
1384417,2023/24,2023-10-27,"MA Chidambaram Stadium, Chepauk, Chennai",2,44.3,South Africa,Pakistan,L Ngidi,KA Maharaj,Mohammad Wasim,0,0,,,,,,,,,
1384417,2023/24,2023-10-27,"MA Chidambaram Stadium, Chepauk, Chennai",2,44.4,South Africa,Pakistan,L Ngidi,KA Maharaj,Mohammad Wasim,0,1,,,,1,,,,,
1384417,2023/24,2023-10-27,"MA Chidambaram Stadium, Chepauk, Chennai",2,44.5,South Africa,Pakistan,KA Maharaj,L Ngidi,Mohammad Wasim,0,0,,,,,,,,,
1384417,2023/24,2023-10-27,"MA Chidambaram Stadium, Chepauk, Chennai",2,44.6,South Africa,Pakistan,KA Maharaj,L Ngidi,Mohammad Wasim,0,1,1,,,,,,,,
1384417,2023/24,2023-10-27,"MA Chidambaram Stadium, Chepauk, Chennai",2,44.7,South Africa,Pakistan,KA Maharaj,L Ngidi,Mohammad Wasim,0,0,,,,,,,,,
1384417,2023/24,2023-10-27,"MA Chidambaram Stadium, Chepauk, Chennai",2,45.1,South Africa,Pakistan,L Ngidi,KA Maharaj,Haris Rauf,0,0,,,,,,,,,
1384417,2023/24,2023-10-27,"MA Chidambaram Stadium, Chepauk, Chennai",2,45.2,South Africa,Pakistan,L Ngidi,KA Maharaj,Haris Rauf,0,0,,,,,,,,,
1384417,2023/24,2023-10-27,"MA Chidambaram Stadium, Chepauk, Chennai",2,45.3,South Africa,Pakistan,L Ngidi,KA Maharaj,Haris Rauf,0,0,,,,,,caught and bowled,L Ngidi,,
1384417,2023/24,2023-10-27,"MA Chidambaram Stadium, Chepauk, Chennai",2,45.4,South Africa,Pakistan,T Shamsi,KA Maharaj,Haris Rauf,2,0,,,,,,,,,
1384417,2023/24,2023-10-27,"MA Chidambaram Stadium, Chepauk, Chennai",2,45.5,South Africa,Pakistan,T Shamsi,KA Maharaj,Haris Rauf,0,1,1,,,,,,,,
1384417,2023/24,2023-10-27,"MA Chidambaram Stadium, Chepauk, Chennai",2,45.6,South Africa,Pakistan,T Shamsi,KA Maharaj,Haris Rauf,0,0,,,,,,,,,
1384417,2023/24,2023-10-27,"MA Chidambaram Stadium, Chepauk, Chennai",2,45.7,South Africa,Pakistan,T Shamsi,KA Maharaj,Haris Rauf,0,0,,,,,,,,,
1384417,2023/24,2023-10-27,"MA Chidambaram Stadium, Chepauk, Chennai",2,46.1,South Africa,Pakistan,KA Maharaj,T Shamsi,Mohammad Wasim,0,1,1,,,,,,,,
1384417,2023/24,2023-10-27,"MA Chidambaram Stadium, Chepauk, Chennai",2,46.2,South Africa,Pakistan,KA Maharaj,T Shamsi,Mohammad Wasim,0,0,,,,,,,,,
1384417,2023/24,2023-10-27,"MA Chidambaram Stadium, Chepauk, Chennai",2,46.3,South Africa,Pakistan,KA Maharaj,T Shamsi,Mohammad Wasim,1,0,,,,,,,,,
1384417,2023/24,2023-10-27,"MA Chidambaram Stadium, Chepauk, Chennai",2,46.4,South Africa,Pakistan,T Shamsi,KA Maharaj,Mohammad Wasim,0,0,,,,,,,,,
1384417,2023/24,2023-10-27,"MA Chidambaram Stadium, Chepauk, Chennai",2,46.5,South Africa,Pakistan,T Shamsi,KA Maharaj,Mohammad Wasim,1,0,,,,,,,,,
1384417,2023/24,2023-10-27,"MA Chidambaram Stadium, Chepauk, Chennai",2,46.6,South Africa,Pakistan,KA Maharaj,T Shamsi,Mohammad Wasim,0,0,,,,,,,,,
1384417,2023/24,2023-10-27,"MA Chidambaram Stadium, Chepauk, Chennai",2,46.7,South Africa,Pakistan,KA Maharaj,T Shamsi,Mohammad Wasim,0,0,,,,,,,,,
1384417,2023/24,2023-10-27,"MA Chidambaram Stadium, Chepauk, Chennai",2,47.1,South Africa,Pakistan,T Shamsi,KA Maharaj,Mohammad Nawaz,1,0,,,,,,,,,
1384417,2023/24,2023-10-27,"MA Chidambaram Stadium, Chepauk, Chennai",2,47.2,South Africa,Pakistan,KA Maharaj,T Shamsi,Mohammad Nawaz,4,0,,,,,,,,,
