match_id,season,start_date,venue,innings,ball,batting_team,bowling_team,striker,non_striker,bowler,runs_off_bat,extras,wides,noballs,byes,legbyes,penalty,wicket_type,player_dismissed,other_wicket_type,other_player_dismissed
1384425,2023/24,2023-11-03,"Bharat Ratna Shri Atal Bihari Vajpayee Ekana Cricket Stadium, Lucknow",1,0.1,Netherlands,Afghanistan,W Barresi,MP O'Dowd,Mujeeb Ur Rahman,0,0,,,,,,,,,
1384425,2023/24,2023-11-03,"Bharat Ratna Shri Atal Bihari Vajpayee Ekana Cricket Stadium, Lucknow",1,0.2,Netherlands,Afghanistan,W Barresi,MP O'Dowd,Mujeeb Ur Rahman,0,0,,,,,,,,,
1384425,2023/24,2023-11-03,"Bharat Ratna Shri Atal Bihari Vajpayee Ekana Cricket Stadium, Lucknow",1,0.3,Netherlands,Afghanistan,W Barresi,MP O'Dowd,Mujeeb Ur Rahman,1,0,,,,,,,,,
1384425,2023/24,2023-11-03,"Bharat Ratna Shri Atal Bihari Vajpayee Ekana Cricket Stadium, Lucknow",1,0.4,Netherlands,Afghanistan,MP O'Dowd,W Barresi,Mujeeb Ur Rahman,1,0,,,,,,,,,
1384425,2023/24,2023-11-03,"Bharat Ratna Shri Atal Bihari Vajpayee Ekana Cricket Stadium, Lucknow",1,0.5,Netherlands,Afghanistan,W Barresi,MP O'Dowd,Mujeeb Ur Rahman,0,1,1,,,,,,,,
1384425,2023/24,2023-11-03,"Bharat Ratna Shri Atal Bihari Vajpayee Ekana Cricket Stadium, Lucknow",1,0.6,Netherlands,Afghanistan,W Barresi,MP O'Dowd,Mujeeb Ur Rahman,0,0,,,,,,lbw,W Barresi,,
1384425,2023/24,2023-11-03,"Bharat Ratna Shri Atal Bihari Vajpayee Ekana Cricket Stadium, Lucknow",1,0.7,Netherlands,Afghanistan,CN Ackermann,MP O'Dowd,Mujeeb Ur Rahman,0,0,,,,,,,,,
1384425,2023/24,2023-11-03,"Bharat Ratna Shri Atal Bihari Vajpayee Ekana Cricket Stadium, Lucknow",1,1.1,Netherlands,Afghanistan,MP O'Dowd,CN Ackermann,Fazalhaq Farooqi,0,0,,,,,,,,,
1384425,2023/24,2023-11-03,"Bharat Ratna Shri Atal Bihari Vajpayee Ekana Cricket Stadium, Lucknow",1,1.2,Netherlands,Afghanistan,MP O'Dowd,CN Ackermann,Fazalhaq Farooqi,4,0,,,,,,,,,
1384425,2023/24,2023-11-03,"Bharat Ratna Shri Atal Bihari Vajpayee Ekana Cricket Stadium, Lucknow",1,1.3,Netherlands,Afghanistan,MP O'Dowd,CN Ackermann,Fazalhaq Farooqi,0,0,,,,,,,,,
1384425,2023/24,2023-11-03,"Bharat Ratna Shri Atal Bihari Vajpayee Ekana Cricket Stadium, Lucknow",1,1.4,Netherlands,Afghanistan,MP O'Dowd,CN Ackermann,Fazalhaq Farooqi,1,0,,,,,,,,,
1384425,2023/24,2023-11-03,"Bharat Ratna Shri Atal Bihari Vajpayee Ekana Cricket Stadium, Lucknow",1,1.5,Netherlands,Afghanistan,CN Ackermann,MP O'Dowd,Fazalhaq Farooqi,0,0,,,,,,,,,
1384425,2023/24,2023-11-03,"Bharat Ratna Shri Atal Bihari Vajpayee Ekana Cricket Stadium, Lucknow",1,1.6,Netherlands,Afghanistan,CN Ackermann,MP O'Dowd,Fazalhaq Farooqi,1,0,,,,,,,,,
1384425,2023/24,2023-11-03,"Bharat Ratna Shri Atal Bihari Vajpayee Ekana Cricket Stadium, Lucknow",1,2.1,Netherlands,Afghanistan,CN Ackermann,MP O'Dowd,Mujeeb Ur Rahman,1,0,,,,,,,,,
1384425,2023/24,2023-11-03,"Bharat Ratna Shri Atal Bihari Vajpayee Ekana Cricket Stadium, Lucknow",1,2.2,Netherlands,Afghanistan,MP O'Dowd,CN Ackermann,Mujeeb Ur Rahman,0,0,,,,,,,,,
1384425,2023/24,2023-11-03,"Bharat Ratna Shri Atal Bihari Vajpayee Ekana Cricket Stadium, Lucknow",1,2.3,Netherlands,Afghanistan,MP O'Dowd,CN Ackermann,Mujeeb Ur Rahman,0,0,,,,,,,,,
1384425,2023/24,2023-11-03,"Bharat Ratna Shri Atal Bihari Vajpayee Ekana Cricket Stadium, Lucknow",1,2.4,Netherlands,Afghanistan,MP O'Dowd,CN Ackermann,Mujeeb Ur Rahman,0,0,,,,,,,,,
1384425,2023/24,2023-11-03,"Bharat Ratna Shri Atal Bihari Vajpayee Ekana Cricket Stadium, Lucknow",1,2.5,Netherlands,Afghanistan,MP O'Dowd,CN Ackermann,Mujeeb Ur Rahman,0,3,3,,,,,,,,
1384425,2023/24,2023-11-03,"Bharat Ratna Shri Atal Bihari Vajpayee Ekana Cricket Stadium, Lucknow",1,2.6,Netherlands,Afghanistan,MP O'Dowd,CN Ackermann,Mujeeb Ur Rahman,0,0,,,,,,,,,
1384425,2023/24,2023-11-03,"Bharat Ratna Shri Atal Bihari Vajpayee Ekana Cricket Stadium, Lucknow",1,2.7,Netherlands,Afghanistan,MP O'Dowd,CN Ackermann,Mujeeb Ur Rahman,0,0,,,,,,,,,
1384425,2023/24,2023-11-03,"Bharat Ratna Shri Atal Bihari Vajpayee Ekana Cricket Stadium, Lucknow",1,3.1,Netherlands,Afghanistan,CN Ackermann,MP O'Dowd,Fazalhaq Farooqi,4,0,,,,,,,,,
1384425,2023/24,2023-11-03,"Bharat Ratna Shri Atal Bihari Vajpayee Ekana Cricket Stadium, Lucknow",1,3.2,Netherlands,Afghanistan,CN Ackermann,MP O'Dowd,Fazalhaq Farooqi,0,0,,,,,,,,,
1384425,2023/24,2023-11-03,"Bharat Ratna Shri Atal Bihari Vajpayee Ekana Cricket Stadium, Lucknow",1,3.3,Netherlands,Afghanistan,CN Ackermann,MP O'Dowd,Fazalhaq Farooqi,0,0,,,,,,,,,
1384425,2023/24,2023-11-03,"Bharat Ratna Shri Atal Bihari Vajpayee Ekana Cricket Stadium, Lucknow",1,3.4,Netherlands,Afghanistan,CN Ackermann,MP O'Dowd,Fazalhaq Farooqi,0,0,,,,,,,,,
1384425,2023/24,2023-11-03,"Bharat Ratna Shri Atal Bihari Vajpayee Ekana Cricket Stadium, Lucknow",1,3.5,Netherlands,Afghanistan,CN Ackermann,MP O'Dowd,Fazalhaq Farooqi,0,0,,,,,,,,,
1384425,2023/24,2023-11-03,"Bharat Ratna Shri Atal Bihari Vajpayee Ekana Cricket Stadium, Lucknow",1,3.6,Netherlands,Afghanistan,CN Ackermann,MP O'Dowd,Fazalhaq Farooqi,0,0,,,,,,,,,
1384425,2023/24,2023-11-03,"Bharat Ratna Shri Atal Bihari Vajpayee Ekana Cricket Stadium, Lucknow",1,4.1,Netherlands,Afghanistan,MP O'Dowd,CN Ackermann,Mujeeb Ur Rahman,0,0,,,,,,,,,
1384425,2023/24,2023-11-03,"Bharat Ratna Shri Atal Bihari Vajpayee Ekana Cricket Stadium, Lucknow",1,4.2,Netherlands,Afghanistan,MP O'Dowd,CN Ackermann,Mujeeb Ur Rahman,1,0,,,,,,,,,
1384425,2023/24,2023-11-03,"Bharat Ratna Shri Atal Bihari Vajpayee Ekana Cricket Stadium, Lucknow",1,4.3,Netherlands,Afghanistan,CN Ackermann,MP O'Dowd,Mujeeb Ur Rahman,4,0,,,,,,,,,
1384425,2023/24,2023-11-03,"Bharat Ratna Shri Atal Bihari Vajpayee Ekana Cricket Stadium, Lucknow",1,4.4,Netherlands,Afghanistan,CN Ackermann,MP O'Dowd,Mujeeb Ur Rahman,1,0,,,,,,,,,
1384425,2023/24,2023-11-03,"Bharat Ratna Shri Atal Bihari Vajpayee Ekana Cricket Stadium, Lucknow",1,4.5,Netherlands,Afghanistan,MP O'Dowd,CN Ackermann,Mujeeb Ur Rahman,4,0,,,,,,,,,
1384425,2023/24,2023-11-03,"Bharat Ratna Shri Atal Bihari Vajpayee Ekana Cricket Stadium, Lucknow",1,4.6,Netherlands,Afghanistan,MP O'Dowd,CN Ackermann,Mujeeb Ur Rahman,1,0,,,,,,,,,
1384425,2023/24,2023-11-03,"Bharat Ratna Shri Atal Bihari Vajpayee Ekana Cricket Stadium, Lucknow",1,5.1,Netherlands,Afghanistan,MP O'Dowd,CN Ackermann,Fazalhaq Farooqi,0,0,,,,,,,,,
1384425,2023/24,2023-11-03,"Bharat Ratna Shri Atal Bihari Vajpayee Ekana Cricket Stadium, Lucknow",1,5.2,Netherlands,Afghanistan,MP O'Dowd,CN Ackermann,Fazalhaq Farooqi,4,0,,,,,,,,,
1384425,2023/24,2023-11-03,"Bharat Ratna Shri Atal Bihari Vajpayee Ekana Cricket Stadium, Lucknow",1,5.3,Netherlands,Afghanistan,MP O'Dowd,CN Ackermann,Fazalhaq Farooqi,0,0,,,,,,,,,
1384425,2023/24,2023-11-03,"Bharat Ratna Shri Atal Bihari Vajpayee Ekana Cricket Stadium, Lucknow",1,5.4,Netherlands,Afghanistan,MP O'Dowd,CN Ackermann,Fazalhaq Farooqi,4,0,,,,,,,,,
1384425,2023/24,2023-11-03,"Bharat Ratna Shri Atal Bihari Vajpayee Ekana Cricket Stadium, Lucknow",1,5.5,Netherlands,Afghanistan,MP O'Dowd,CN Ackermann,Fazalhaq Farooqi,0,0,,,,,,,,,
1384425,2023/24,2023-11-03,"Bharat Ratna Shri Atal Bihari Vajpayee Ekana Cricket Stadium, Lucknow",1,5.6,Netherlands,Afghanistan,MP O'Dowd,CN Ackermann,Fazalhaq Farooqi,0,0,,,,,,,,,
1384425,2023/24,2023-11-03,"Bharat Ratna Shri Atal Bihari Vajpayee Ekana Cricket Stadium, Lucknow",1,6.1,Netherlands,Afghanistan,CN Ackermann,MP O'Dowd,Mujeeb Ur Rahman,0,0,,,,,,,,,
1384425,2023/24,2023-11-03,"Bharat Ratna Shri Atal Bihari Vajpayee Ekana Cricket Stadium, Lucknow",1,6.2,Netherlands,Afghanistan,CN Ackermann,MP O'Dowd,Mujeeb Ur Rahman,2,0,,,,,,,,,
1384425,2023/24,2023-11-03,"Bharat Ratna Shri Atal Bihari Vajpayee Ekana Cricket Stadium, Lucknow",1,6.3,Netherlands,Afghanistan,CN Ackermann,MP O'Dowd,Mujeeb Ur Rahman,0,0,,,,,,,,,
1384425,2023/24,2023-11-03,"Bharat Ratna Shri Atal Bihari Vajpayee Ekana Cricket Stadium, Lucknow",1,6.4,Netherlands,Afghanistan,CN Ackermann,MP O'Dowd,Mujeeb Ur Rahman,0,0,,,,,,,,,
1384425,2023/24,2023-11-03,"Bharat Ratna Shri Atal Bihari Vajpayee Ekana Cricket Stadium, Lucknow",1,6.5,Netherlands,Afghanistan,CN Ackermann,MP O'Dowd,Mujeeb Ur Rahman,4,0,,,,,,,,,
1384425,2023/24,2023-11-03,"Bharat Ratna Shri Atal Bihari Vajpayee Ekana Cricket Stadium, Lucknow",1,6.6,Netherlands,Afghanistan,CN Ackermann,MP O'Dowd,Mujeeb Ur Rahman,0,0,,,,,,,,,
1384425,2023/24,2023-11-03,"Bharat Ratna Shri Atal Bihari Vajpayee Ekana Cricket Stadium, Lucknow",1,7.1,Netherlands,Afghanistan,MP O'Dowd,CN Ackermann,Fazalhaq Farooqi,0,0,,,,,,,,,
1384425,2023/24,2023-11-03,"Bharat Ratna Shri Atal Bihari Vajpayee Ekana Cricket Stadium, Lucknow",1,7.2,Netherlands,Afghanistan,MP O'Dowd,CN Ackermann,Fazalhaq Farooqi,4,0,,,,,,,,,
1384425,2023/24,2023-11-03,"Bharat Ratna Shri Atal Bihari Vajpayee Ekana Cricket Stadium, Lucknow",1,7.3,Netherlands,Afghanistan,MP O'Dowd,CN Ackermann,Fazalhaq Farooqi,0,0,,,,,,,,,
1384425,2023/24,2023-11-03,"Bharat Ratna Shri Atal Bihari Vajpayee Ekana Cricket Stadium, Lucknow",1,7.4,Netherlands,Afghanistan,MP O'Dowd,CN Ackermann,Fazalhaq Farooqi,0,1,1,,,,,,,,
1384425,2023/24,2023-11-03,"Bharat Ratna Shri Atal Bihari Vajpayee Ekana Cricket Stadium, Lucknow",1,7.5,Netherlands,Afghanistan,MP O'Dowd,CN Ackermann,Fazalhaq Farooqi,0,0,,,,,,,,,
1384425,2023/24,2023-11-03,"Bharat Ratna Shri Atal Bihari Vajpayee Ekana Cricket Stadium, Lucknow",1,7.6,Netherlands,Afghanistan,MP O'Dowd,CN Ackermann,Fazalhaq Farooqi,0,0,,,,,,,,,
1384425,2023/24,2023-11-03,"Bharat Ratna Shri Atal Bihari Vajpayee Ekana Cricket Stadium, Lucknow",1,7.7,Netherlands,Afghanistan,MP O'Dowd,CN Ackermann,Fazalhaq Farooqi,4,0,,,,,,,,,
1384425,2023/24,2023-11-03,"Bharat Ratna Shri Atal Bihari Vajpayee Ekana Cricket Stadium, Lucknow",1,8.1,Netherlands,Afghanistan,CN Ackermann,MP O'Dowd,Mujeeb Ur Rahman,0,0,,,,,,,,,
1384425,2023/24,2023-11-03,"Bharat Ratna Shri Atal Bihari Vajpayee Ekana Cricket Stadium, Lucknow",1,8.2,Netherlands,Afghanistan,CN Ackermann,MP O'Dowd,Mujeeb Ur Rahman,0,0,,,,,,,,,
1384425,2023/24,2023-11-03,"Bharat Ratna Shri Atal Bihari Vajpayee Ekana Cricket Stadium, Lucknow",1,8.3,Netherlands,Afghanistan,CN Ackermann,MP O'Dowd,Mujeeb Ur Rahman,1,0,,,,,,,,,
1384425,2023/24,2023-11-03,"Bharat Ratna Shri Atal Bihari Vajpayee Ekana Cricket Stadium, Lucknow",1,8.4,Netherlands,Afghanistan,MP O'Dowd,CN Ackermann,Mujeeb Ur Rahman,4,0,,,,,,,,,
1384425,2023/24,2023-11-03,"Bharat Ratna Shri Atal Bihari Vajpayee Ekana Cricket Stadium, Lucknow",1,8.5,Netherlands,Afghanistan,MP O'Dowd,CN Ackermann,Mujeeb Ur Rahman,0,0,,,,,,,,,
1384425,2023/24,2023-11-03,"Bharat Ratna Shri Atal Bihari Vajpayee Ekana Cricket Stadium, Lucknow",1,8.6,Netherlands,Afghanistan,MP O'Dowd,CN Ackermann,Mujeeb Ur Rahman,0,1,,,,1,,,,,
1384425,2023/24,2023-11-03,"Bharat Ratna Shri Atal Bihari Vajpayee Ekana Cricket Stadium, Lucknow",1,9.1,Netherlands,Afghanistan,MP O'Dowd,CN Ackermann,Fazalhaq Farooqi,0,0,,,,,,,,,
1384425,2023/24,2023-11-03,"Bharat Ratna Shri Atal Bihari Vajpayee Ekana Cricket Stadium, Lucknow",1,9.2,Netherlands,Afghanistan,MP O'Dowd,CN Ackermann,Fazalhaq Farooqi,4,0,,,,,,,,,
1384425,2023/24,2023-11-03,"Bharat Ratna Shri Atal Bihari Vajpayee Ekana Cricket Stadium, Lucknow",1,9.3,Netherlands,Afghanistan,MP O'Dowd,CN Ackermann,Fazalhaq Farooqi,0,1,1,,,,,,,,
1384425,2023/24,2023-11-03,"Bharat Ratna Shri Atal Bihari Vajpayee Ekana Cricket Stadium, Lucknow",1,9.4,Netherlands,Afghanistan,MP O'Dowd,CN Ackermann,Fazalhaq Farooqi,0,0,,,,,,,,,
1384425,2023/24,2023-11-03,"Bharat Ratna Shri Atal Bihari Vajpayee Ekana Cricket Stadium, Lucknow",1,9.5,Netherlands,Afghanistan,MP O'Dowd,CN Ackermann,Fazalhaq Farooqi,4,0,,,,,,,,,
1384425,2023/24,2023-11-03,"Bharat Ratna Shri Atal Bihari Vajpayee Ekana Cricket Stadium, Lucknow",1,9.6,Netherlands,Afghanistan,MP O'Dowd,CN Ackermann,Fazalhaq Farooqi,0,0,,,,,,,,,
1384425,2023/24,2023-11-03,"Bharat Ratna Shri Atal Bihari Vajpayee Ekana Cricket Stadium, Lucknow",1,9.7,Netherlands,Afghanistan,MP O'Dowd,CN Ackermann,Fazalhaq Farooqi,0,0,,,,,,,,,
1384425,2023/24,2023-11-03,"Bharat Ratna Shri Atal Bihari Vajpayee Ekana Cricket Stadium, Lucknow",1,10.1,Netherlands,Afghanistan,CN Ackermann,MP O'Dowd,Azmatullah Omarzai,4,0,,,,,,,,,
1384425,2023/24,2023-11-03,"Bharat Ratna Shri Atal Bihari Vajpayee Ekana Cricket Stadium, Lucknow",1,10.2,Netherlands,Afghanistan,CN Ackermann,MP O'Dowd,Azmatullah Omarzai,0,0,,,,,,,,,
1384425,2023/24,2023-11-03,"Bharat Ratna Shri Atal Bihari Vajpayee Ekana Cricket Stadium, Lucknow",1,10.3,Netherlands,Afghanistan,CN Ackermann,MP O'Dowd,Azmatullah Omarzai,1,0,,,,,,,,,
1384425,2023/24,2023-11-03,"Bharat Ratna Shri Atal Bihari Vajpayee Ekana Cricket Stadium, Lucknow",1,10.4,Netherlands,Afghanistan,MP O'Dowd,CN Ackermann,Azmatullah Omarzai,0,0,,,,,,,,,
1384425,2023/24,2023-11-03,"Bharat Ratna Shri Atal Bihari Vajpayee Ekana Cricket Stadium, Lucknow",1,10.5,Netherlands,Afghanistan,MP O'Dowd,CN Ackermann,Azmatullah Omarzai,1,0,,,,,,,,,
1384425,2023/24,2023-11-03,"Bharat Ratna Shri Atal Bihari Vajpayee Ekana Cricket Stadium, Lucknow",1,10.6,Netherlands,Afghanistan,CN Ackermann,MP O'Dowd,Azmatullah Omarzai,0,0,,,,,,,,,
1384425,2023/24,2023-11-03,"Bharat Ratna Shri Atal Bihari Vajpayee Ekana Cricket Stadium, Lucknow",1,11.1,Netherlands,Afghanistan,MP O'Dowd,CN Ackermann,Mohammad Nabi,0,0,,,,,,,,,
1384425,2023/24,2023-11-03,"Bharat Ratna Shri Atal Bihari Vajpayee Ekana Cricket Stadium, Lucknow",1,11.2,Netherlands,Afghanistan,MP O'Dowd,CN Ackermann,Mohammad Nabi,0,0,,,,,,,,,
1384425,2023/24,2023-11-03,"Bharat Ratna Shri Atal Bihari Vajpayee Ekana Cricket Stadium, Lucknow",1,11.3,Netherlands,Afghanistan,MP O'Dowd,CN Ackermann,Mohammad Nabi,1,0,,,,,,run out,MP O'Dowd,,
1384425,2023/24,2023-11-03,"Bharat Ratna Shri Atal Bihari Vajpayee Ekana Cricket Stadium, Lucknow",1,11.4,Netherlands,Afghanistan,SA Engelbrecht,CN Ackermann,Mohammad Nabi,1,0,,,,,,,,,
1384425,2023/24,2023-11-03,"Bharat Ratna Shri Atal Bihari Vajpayee Ekana Cricket Stadium, Lucknow",1,11.5,Netherlands,Afghanistan,CN Ackermann,SA Engelbrecht,Mohammad Nabi,0,0,,,,,,,,,
1384425,2023/24,2023-11-03,"Bharat Ratna Shri Atal Bihari Vajpayee Ekana Cricket Stadium, Lucknow",1,11.6,Netherlands,Afghanistan,CN Ackermann,SA Engelbrecht,Mohammad Nabi,0,0,,,,,,,,,
1384425,2023/24,2023-11-03,"Bharat Ratna Shri Atal Bihari Vajpayee Ekana Cricket Stadium, Lucknow",1,12.1,Netherlands,Afghanistan,SA Engelbrecht,CN Ackermann,Azmatullah Omarzai,0,0,,,,,,,,,
1384425,2023/24,2023-11-03,"Bharat Ratna Shri Atal Bihari Vajpayee Ekana Cricket Stadium, Lucknow",1,12.2,Netherlands,Afghanistan,SA Engelbrecht,CN Ackermann,Azmatullah Omarzai,0,0,,,,,,,,,
1384425,2023/24,2023-11-03,"Bharat Ratna Shri Atal Bihari Vajpayee Ekana Cricket Stadium, Lucknow",1,12.3,Netherlands,Afghanistan,SA Engelbrecht,CN Ackermann,Azmatullah Omarzai,0,1,,,,1,,,,,
1384425,2023/24,2023-11-03,"Bharat Ratna Shri Atal Bihari Vajpayee Ekana Cricket Stadium, Lucknow",1,12.4,Netherlands,Afghanistan,CN Ackermann,SA Engelbrecht,Azmatullah Omarzai,1,0,,,,,,,,,
1384425,2023/24,2023-11-03,"Bharat Ratna Shri Atal Bihari Vajpayee Ekana Cricket Stadium, Lucknow",1,12.5,Netherlands,Afghanistan,SA Engelbrecht,CN Ackermann,Azmatullah Omarzai,0,0,,,,,,,,,
1384425,2023/24,2023-11-03,"Bharat Ratna Shri Atal Bihari Vajpayee Ekana Cricket Stadium, Lucknow",1,12.6,Netherlands,Afghanistan,SA Engelbrecht,CN Ackermann,Azmatullah Omarzai,1,0,,,,,,,,,
1384425,2023/24,2023-11-03,"Bharat Ratna Shri Atal Bihari Vajpayee Ekana Cricket Stadium, Lucknow",1,13.1,Netherlands,Afghanistan,SA Engelbrecht,CN Ackermann,Mohammad Nabi,0,0,,,,,,,,,
1384425,2023/24,2023-11-03,"Bharat Ratna Shri Atal Bihari Vajpayee Ekana Cricket Stadium, Lucknow",1,13.2,Netherlands,Afghanistan,SA Engelbrecht,CN Ackermann,Mohammad Nabi,0,0,,,,,,,,,
1384425,2023/24,2023-11-03,"Bharat Ratna Shri Atal Bihari Vajpayee Ekana Cricket Stadium, Lucknow",1,13.3,Netherlands,Afghanistan,SA Engelbrecht,CN Ackermann,Mohammad Nabi,0,0,,,,,,,,,
1384425,2023/24,2023-11-03,"Bharat Ratna Shri Atal Bihari Vajpayee Ekana Cricket Stadium, Lucknow",1,13.4,Netherlands,Afghanistan,SA Engelbrecht,CN Ackermann,Mohammad Nabi,0,0,,,,,,,,,
1384425,2023/24,2023-11-03,"Bharat Ratna Shri Atal Bihari Vajpayee Ekana Cricket Stadium, Lucknow",1,13.5,Netherlands,Afghanistan,SA Engelbrecht,CN Ackermann,Mohammad Nabi,0,0,,,,,,,,,
1384425,2023/24,2023-11-03,"Bharat Ratna Shri Atal Bihari Vajpayee Ekana Cricket Stadium, Lucknow",1,13.6,Netherlands,Afghanistan,SA Engelbrecht,CN Ackermann,Mohammad Nabi,1,0,,,,,,,,,
1384425,2023/24,2023-11-03,"Bharat Ratna Shri Atal Bihari Vajpayee Ekana Cricket Stadium, Lucknow",1,14.1,Netherlands,Afghanistan,SA Engelbrecht,CN Ackermann,Azmatullah Omarzai,1,0,,,,,,,,,
1384425,2023/24,2023-11-03,"Bharat Ratna Shri Atal Bihari Vajpayee Ekana Cricket Stadium, Lucknow",1,14.2,Netherlands,Afghanistan,CN Ackermann,SA Engelbrecht,Azmatullah Omarzai,1,0,,,,,,,,,
1384425,2023/24,2023-11-03,"Bharat Ratna Shri Atal Bihari Vajpayee Ekana Cricket Stadium, Lucknow",1,14.3,Netherlands,Afghanistan,SA Engelbrecht,CN Ackermann,Azmatullah Omarzai,0,0,,,,,,,,,
1384425,2023/24,2023-11-03,"Bharat Ratna Shri Atal Bihari Vajpayee Ekana Cricket Stadium, Lucknow",1,14.4,Netherlands,Afghanistan,SA Engelbrecht,CN Ackermann,Azmatullah Omarzai,0,0,,,,,,,,,
1384425,2023/24,2023-11-03,"Bharat Ratna Shri Atal Bihari Vajpayee Ekana Cricket Stadium, Lucknow",1,14.5,Netherlands,Afghanistan,SA Engelbrecht,CN Ackermann,Azmatullah Omarzai,0,0,,,,,,,,,
1384425,2023/24,2023-11-03,"Bharat Ratna Shri Atal Bihari Vajpayee Ekana Cricket Stadium, Lucknow",1,14.6,Netherlands,Afghanistan,SA Engelbrecht,CN Ackermann,Azmatullah Omarzai,1,0,,,,,,,,,
1384425,2023/24,2023-11-03,"Bharat Ratna Shri Atal Bihari Vajpayee Ekana Cricket Stadium, Lucknow",1,15.1,Netherlands,Afghanistan,SA Engelbrecht,CN Ackermann,Rashid Khan,0,0,,,,,,,,,
1384425,2023/24,2023-11-03,"Bharat Ratna Shri Atal Bihari Vajpayee Ekana Cricket Stadium, Lucknow",1,15.2,Netherlands,Afghanistan,SA Engelbrecht,CN Ackermann,Rashid Khan,1,0,,,,,,,,,
1384425,2023/24,2023-11-03,"Bharat Ratna Shri Atal Bihari Vajpayee Ekana Cricket Stadium, Lucknow",1,15.3,Netherlands,Afghanistan,CN Ackermann,SA Engelbrecht,Rashid Khan,1,0,,,,,,,,,
1384425,2023/24,2023-11-03,"Bharat Ratna Shri Atal Bihari Vajpayee Ekana Cricket Stadium, Lucknow",1,15.4,Netherlands,Afghanistan,SA Engelbrecht,CN Ackermann,Rashid Khan,0,0,,,,,,,,,
1384425,2023/24,2023-11-03,"Bharat Ratna Shri Atal Bihari Vajpayee Ekana Cricket Stadium, Lucknow",1,15.5,Netherlands,Afghanistan,SA Engelbrecht,CN Ackermann,Rashid Khan,0,0,,,,,,,,,
1384425,2023/24,2023-11-03,"Bharat Ratna Shri Atal Bihari Vajpayee Ekana Cricket Stadium, Lucknow",1,15.6,Netherlands,Afghanistan,SA Engelbrecht,CN Ackermann,Rashid Khan,1,0,,,,,,,,,
1384425,2023/24,2023-11-03,"Bharat Ratna Shri Atal Bihari Vajpayee Ekana Cricket Stadium, Lucknow",1,16.1,Netherlands,Afghanistan,SA Engelbrecht,CN Ackermann,Mohammad Nabi,0,0,,,,,,,,,
1384425,2023/24,2023-11-03,"Bharat Ratna Shri Atal Bihari Vajpayee Ekana Cricket Stadium, Lucknow",1,16.2,Netherlands,Afghanistan,SA Engelbrecht,CN Ackermann,Mohammad Nabi,4,0,,,,,,,,,
1384425,2023/24,2023-11-03,"Bharat Ratna Shri Atal Bihari Vajpayee Ekana Cricket Stadium, Lucknow",1,16.3,Netherlands,Afghanistan,SA Engelbrecht,CN Ackermann,Mohammad Nabi,0,0,,,,,,,,,
1384425,2023/24,2023-11-03,"Bharat Ratna Shri Atal Bihari Vajpayee Ekana Cricket Stadium, Lucknow",1,16.4,Netherlands,Afghanistan,SA Engelbrecht,CN Ackermann,Mohammad Nabi,0,0,,,,,,,,,
1384425,2023/24,2023-11-03,"Bharat Ratna Shri Atal Bihari Vajpayee Ekana Cricket Stadium, Lucknow",1,16.5,Netherlands,Afghanistan,SA Engelbrecht,CN Ackermann,Mohammad Nabi,0,0,,,,,,,,,
1384425,2023/24,2023-11-03,"Bharat Ratna Shri Atal Bihari Vajpayee Ekana Cricket Stadium, Lucknow",1,16.6,Netherlands,Afghanistan,SA Engelbrecht,CN Ackermann,Mohammad Nabi,0,0,,,,,,,,,
1384425,2023/24,2023-11-03,"Bharat Ratna Shri Atal Bihari Vajpayee Ekana Cricket Stadium, Lucknow",1,17.1,Netherlands,Afghanistan,CN Ackermann,SA Engelbrecht,Rashid Khan,1,0,,,,,,,,,
1384425,2023/24,2023-11-03,"Bharat Ratna Shri Atal Bihari Vajpayee Ekana Cricket Stadium, Lucknow",1,17.2,Netherlands,Afghanistan,SA Engelbrecht,CN Ackermann,Rashid Khan,1,0,,,,,,,,,
1384425,2023/24,2023-11-03,"Bharat Ratna Shri Atal Bihari Vajpayee Ekana Cricket Stadium, Lucknow",1,17.3,Netherlands,Afghanistan,CN Ackermann,SA Engelbrecht,Rashid Khan,0,0,,,,,,,,,
1384425,2023/24,2023-11-03,"Bharat Ratna Shri Atal Bihari Vajpayee Ekana Cricket Stadium, Lucknow",1,17.4,Netherlands,Afghanistan,CN Ackermann,SA Engelbrecht,Rashid Khan,1,0,,,,,,,,,
1384425,2023/24,2023-11-03,"Bharat Ratna Shri Atal Bihari Vajpayee Ekana Cricket Stadium, Lucknow",1,17.5,Netherlands,Afghanistan,SA Engelbrecht,CN Ackermann,Rashid Khan,0,0,,,,,,,,,
1384425,2023/24,2023-11-03,"Bharat Ratna Shri Atal Bihari Vajpayee Ekana Cricket Stadium, Lucknow",1,17.6,Netherlands,Afghanistan,SA Engelbrecht,CN Ackermann,Rashid Khan,0,0,,,,,,,,,
1384425,2023/24,2023-11-03,"Bharat Ratna Shri Atal Bihari Vajpayee Ekana Cricket Stadium, Lucknow",1,18.1,Netherlands,Afghanistan,CN Ackermann,SA Engelbrecht,Mohammad Nabi,0,0,,,,,,,,,
1384425,2023/24,2023-11-03,"Bharat Ratna Shri Atal Bihari Vajpayee Ekana Cricket Stadium, Lucknow",1,18.2,Netherlands,Afghanistan,CN Ackermann,SA Engelbrecht,Mohammad Nabi,1,0,,,,,,,,,
1384425,2023/24,2023-11-03,"Bharat Ratna Shri Atal Bihari Vajpayee Ekana Cricket Stadium, Lucknow",1,18.3,Netherlands,Afghanistan,SA Engelbrecht,CN Ackermann,Mohammad Nabi,0,0,,,,,,run out,CN Ackermann,,
1384425,2023/24,2023-11-03,"Bharat Ratna Shri Atal Bihari Vajpayee Ekana Cricket Stadium, Lucknow",1,18.4,Netherlands,Afghanistan,SA Edwards,SA Engelbrecht,Mohammad Nabi,0,0,,,,,,run out,SA Edwards,,
1384425,2023/24,2023-11-03,"Bharat Ratna Shri Atal Bihari Vajpayee Ekana Cricket Stadium, Lucknow",1,18.5,Netherlands,Afghanistan,BFW de Leede,SA Engelbrecht,Mohammad Nabi,1,0,,,,,,,,,
1384425,2023/24,2023-11-03,"Bharat Ratna Shri Atal Bihari Vajpayee Ekana Cricket Stadium, Lucknow",1,18.6,Netherlands,Afghanistan,SA Engelbrecht,BFW de Leede,Mohammad Nabi,0,0,,,,,,,,,
1384425,2023/24,2023-11-03,"Bharat Ratna Shri Atal Bihari Vajpayee Ekana Cricket Stadium, Lucknow",1,19.1,Netherlands,Afghanistan,BFW de Leede,SA Engelbrecht,Rashid Khan,0,0,,,,,,,,,
1384425,2023/24,2023-11-03,"Bharat Ratna Shri Atal Bihari Vajpayee Ekana Cricket Stadium, Lucknow",1,19.2,Netherlands,Afghanistan,BFW de Leede,SA Engelbrecht,Rashid Khan,1,0,,,,,,,,,
1384425,2023/24,2023-11-03,"Bharat Ratna Shri Atal Bihari Vajpayee Ekana Cricket Stadium, Lucknow",1,19.3,Netherlands,Afghanistan,SA Engelbrecht,BFW de Leede,Rashid Khan,0,0,,,,,,,,,
1384425,2023/24,2023-11-03,"Bharat Ratna Shri Atal Bihari Vajpayee Ekana Cricket Stadium, Lucknow",1,19.4,Netherlands,Afghanistan,SA Engelbrecht,BFW de Leede,Rashid Khan,1,0,,,,,,,,,
1384425,2023/24,2023-11-03,"Bharat Ratna Shri Atal Bihari Vajpayee Ekana Cricket Stadium, Lucknow",1,19.5,Netherlands,Afghanistan,BFW de Leede,SA Engelbrecht,Rashid Khan,1,0,,,,,,,,,
1384425,2023/24,2023-11-03,"Bharat Ratna Shri Atal Bihari Vajpayee Ekana Cricket Stadium, Lucknow",1,19.6,Netherlands,Afghanistan,SA Engelbrecht,BFW de Leede,Rashid Khan,0,1,1,,,,,,,,
1384425,2023/24,2023-11-03,"Bharat Ratna Shri Atal Bihari Vajpayee Ekana Cricket Stadium, Lucknow",1,19.7,Netherlands,Afghanistan,SA Engelbrecht,BFW de Leede,Rashid Khan,0,0,,,,,,,,,
1384425,2023/24,2023-11-03,"Bharat Ratna Shri Atal Bihari Vajpayee Ekana Cricket Stadium, Lucknow",1,20.1,Netherlands,Afghanistan,BFW de Leede,SA Engelbrecht,Mohammad Nabi,0,0,,,,,,,,,
1384425,2023/24,2023-11-03,"Bharat Ratna Shri Atal Bihari Vajpayee Ekana Cricket Stadium, Lucknow",1,20.2,Netherlands,Afghanistan,BFW de Leede,SA Engelbrecht,Mohammad Nabi,0,0,,,,,,caught,BFW de Leede,,
1384425,2023/24,2023-11-03,"Bharat Ratna Shri Atal Bihari Vajpayee Ekana Cricket Stadium, Lucknow",1,20.3,Netherlands,Afghanistan,Saqib Zulfiqar,SA Engelbrecht,Mohammad Nabi,0,0,,,,,,,,,
1384425,2023/24,2023-11-03,"Bharat Ratna Shri Atal Bihari Vajpayee Ekana Cricket Stadium, Lucknow",1,20.4,Netherlands,Afghanistan,Saqib Zulfiqar,SA Engelbrecht,Mohammad Nabi,0,0,,,,,,,,,
1384425,2023/24,2023-11-03,"Bharat Ratna Shri Atal Bihari Vajpayee Ekana Cricket Stadium, Lucknow",1,20.5,Netherlands,Afghanistan,Saqib Zulfiqar,SA Engelbrecht,Mohammad Nabi,0,0,,,,,,,,,
1384425,2023/24,2023-11-03,"Bharat Ratna Shri Atal Bihari Vajpayee Ekana Cricket Stadium, Lucknow",1,20.6,Netherlands,Afghanistan,Saqib Zulfiqar,SA Engelbrecht,Mohammad Nabi,0,0,,,,,,,,,
1384425,2023/24,2023-11-03,"Bharat Ratna Shri Atal Bihari Vajpayee Ekana Cricket Stadium, Lucknow",1,21.1,Netherlands,Afghanistan,SA Engelbrecht,Saqib Zulfiqar,Rashid Khan,2,0,,,,,,,,,
1384425,2023/24,2023-11-03,"Bharat Ratna Shri Atal Bihari Vajpayee Ekana Cricket Stadium, Lucknow",1,21.2,Netherlands,Afghanistan,SA Engelbrecht,Saqib Zulfiqar,Rashid Khan,1,0,,,,,,,,,
1384425,2023/24,2023-11-03,"Bharat Ratna Shri Atal Bihari Vajpayee Ekana Cricket Stadium, Lucknow",1,21.3,Netherlands,Afghanistan,Saqib Zulfiqar,SA Engelbrecht,Rashid Khan,0,0,,,,,,,,,
1384425,2023/24,2023-11-03,"Bharat Ratna Shri Atal Bihari Vajpayee Ekana Cricket Stadium, Lucknow",1,21.4,Netherlands,Afghanistan,Saqib Zulfiqar,SA Engelbrecht,Rashid Khan,1,0,,,,,,,,,
1384425,2023/24,2023-11-03,"Bharat Ratna Shri Atal Bihari Vajpayee Ekana Cricket Stadium, Lucknow",1,21.5,Netherlands,Afghanistan,SA Engelbrecht,Saqib Zulfiqar,Rashid Khan,1,0,,,,,,,,,
1384425,2023/24,2023-11-03,"Bharat Ratna Shri Atal Bihari Vajpayee Ekana Cricket Stadium, Lucknow",1,21.6,Netherlands,Afghanistan,Saqib Zulfiqar,SA Engelbrecht,Rashid Khan,0,0,,,,,,,,,
1384425,2023/24,2023-11-03,"Bharat Ratna Shri Atal Bihari Vajpayee Ekana Cricket Stadium, Lucknow",1,22.1,Netherlands,Afghanistan,SA Engelbrecht,Saqib Zulfiqar,Mohammad Nabi,4,0,,,,,,,,,
1384425,2023/24,2023-11-03,"Bharat Ratna Shri Atal Bihari Vajpayee Ekana Cricket Stadium, Lucknow",1,22.2,Netherlands,Afghanistan,SA Engelbrecht,Saqib Zulfiqar,Mohammad Nabi,0,1,1,,,,,,,,
1384425,2023/24,2023-11-03,"Bharat Ratna Shri Atal Bihari Vajpayee Ekana Cricket Stadium, Lucknow",1,22.3,Netherlands,Afghanistan,SA Engelbrecht,Saqib Zulfiqar,Mohammad Nabi,0,0,,,,,,,,,
1384425,2023/24,2023-11-03,"Bharat Ratna Shri Atal Bihari Vajpayee Ekana Cricket Stadium, Lucknow",1,22.4,Netherlands,Afghanistan,SA Engelbrecht,Saqib Zulfiqar,Mohammad Nabi,0,0,,,,,,,,,
1384425,2023/24,2023-11-03,"Bharat Ratna Shri Atal Bihari Vajpayee Ekana Cricket Stadium, Lucknow",1,22.5,Netherlands,Afghanistan,SA Engelbrecht,Saqib Zulfiqar,Mohammad Nabi,0,0,,,,,,,,,
1384425,2023/24,2023-11-03,"Bharat Ratna Shri Atal Bihari Vajpayee Ekana Cricket Stadium, Lucknow",1,22.6,Netherlands,Afghanistan,SA Engelbrecht,Saqib Zulfiqar,Mohammad Nabi,1,0,,,,,,,,,
1384425,2023/24,2023-11-03,"Bharat Ratna Shri Atal Bihari Vajpayee Ekana Cricket Stadium, Lucknow",1,22.7,Netherlands,Afghanistan,Saqib Zulfiqar,SA Engelbrecht,Mohammad Nabi,0,0,,,,,,,,,
1384425,2023/24,2023-11-03,"Bharat Ratna Shri Atal Bihari Vajpayee Ekana Cricket Stadium, Lucknow",1,23.1,Netherlands,Afghanistan,SA Engelbrecht,Saqib Zulfiqar,Noor Ahmad,0,0,,,,,,,,,
1384425,2023/24,2023-11-03,"Bharat Ratna Shri Atal Bihari Vajpayee Ekana Cricket Stadium, Lucknow",1,23.2,Netherlands,Afghanistan,SA Engelbrecht,Saqib Zulfiqar,Noor Ahmad,0,0,,,,,,,,,
1384425,2023/24,2023-11-03,"Bharat Ratna Shri Atal Bihari Vajpayee Ekana Cricket Stadium, Lucknow",1,23.3,Netherlands,Afghanistan,SA Engelbrecht,Saqib Zulfiqar,Noor Ahmad,0,0,,,,,,,,,
1384425,2023/24,2023-11-03,"Bharat Ratna Shri Atal Bihari Vajpayee Ekana Cricket Stadium, Lucknow",1,23.4,Netherlands,Afghanistan,SA Engelbrecht,Saqib Zulfiqar,Noor Ahmad,1,0,,,,,,,,,
1384425,2023/24,2023-11-03,"Bharat Ratna Shri Atal Bihari Vajpayee Ekana Cricket Stadium, Lucknow",1,23.5,Netherlands,Afghanistan,Saqib Zulfiqar,SA Engelbrecht,Noor Ahmad,0,0,,,,,,,,,
1384425,2023/24,2023-11-03,"Bharat Ratna Shri Atal Bihari Vajpayee Ekana Cricket Stadium, Lucknow",1,23.6,Netherlands,Afghanistan,Saqib Zulfiqar,SA Engelbrecht,Noor Ahmad,1,0,,,,,,,,,
1384425,2023/24,2023-11-03,"Bharat Ratna Shri Atal Bihari Vajpayee Ekana Cricket Stadium, Lucknow",1,24.1,Netherlands,Afghanistan,Saqib Zulfiqar,SA Engelbrecht,Rashid Khan,1,0,,,,,,,,,
1384425,2023/24,2023-11-03,"Bharat Ratna Shri Atal Bihari Vajpayee Ekana Cricket Stadium, Lucknow",1,24.2,Netherlands,Afghanistan,SA Engelbrecht,Saqib Zulfiqar,Rashid Khan,0,0,,,,,,,,,
1384425,2023/24,2023-11-03,"Bharat Ratna Shri Atal Bihari Vajpayee Ekana Cricket Stadium, Lucknow",1,24.3,Netherlands,Afghanistan,SA Engelbrecht,Saqib Zulfiqar,Rashid Khan,0,0,,,,,,,,,
1384425,2023/24,2023-11-03,"Bharat Ratna Shri Atal Bihari Vajpayee Ekana Cricket Stadium, Lucknow",1,24.4,Netherlands,Afghanistan,SA Engelbrecht,Saqib Zulfiqar,Rashid Khan,1,0,,,,,,,,,
1384425,2023/24,2023-11-03,"Bharat Ratna Shri Atal Bihari Vajpayee Ekana Cricket Stadium, Lucknow",1,24.5,Netherlands,Afghanistan,Saqib Zulfiqar,SA Engelbrecht,Rashid Khan,0,0,,,,,,,,,
1384425,2023/24,2023-11-03,"Bharat Ratna Shri Atal Bihari Vajpayee Ekana Cricket Stadium, Lucknow",1,24.6,Netherlands,Afghanistan,Saqib Zulfiqar,SA Engelbrecht,Rashid Khan,0,0,,,,,,,,,
1384425,2023/24,2023-11-03,"Bharat Ratna Shri Atal Bihari Vajpayee Ekana Cricket Stadium, Lucknow",1,25.1,Netherlands,Afghanistan,SA Engelbrecht,Saqib Zulfiqar,Noor Ahmad,1,0,,,,,,,,,
1384425,2023/24,2023-11-03,"Bharat Ratna Shri Atal Bihari Vajpayee Ekana Cricket Stadium, Lucknow",1,25.2,Netherlands,Afghanistan,Saqib Zulfiqar,SA Engelbrecht,Noor Ahmad,0,0,,,,,,,,,
1384425,2023/24,2023-11-03,"Bharat Ratna Shri Atal Bihari Vajpayee Ekana Cricket Stadium, Lucknow",1,25.3,Netherlands,Afghanistan,Saqib Zulfiqar,SA Engelbrecht,Noor Ahmad,0,0,,,,,,caught,Saqib Zulfiqar,,
1384425,2023/24,2023-11-03,"Bharat Ratna Shri Atal Bihari Vajpayee Ekana Cricket Stadium, Lucknow",1,25.4,Netherlands,Afghanistan,LV van Beek,SA Engelbrecht,Noor Ahmad,0,0,,,,,,,,,
1384425,2023/24,2023-11-03,"Bharat Ratna Shri Atal Bihari Vajpayee Ekana Cricket Stadium, Lucknow",1,25.5,Netherlands,Afghanistan,LV van Beek,SA Engelbrecht,Noor Ahmad,0,0,,,,,,,,,
1384425,2023/24,2023-11-03,"Bharat Ratna Shri Atal Bihari Vajpayee Ekana Cricket Stadium, Lucknow",1,25.6,Netherlands,Afghanistan,LV van Beek,SA Engelbrecht,Noor Ahmad,0,0,,,,,,,,,
1384425,2023/24,2023-11-03,"Bharat Ratna Shri Atal Bihari Vajpayee Ekana Cricket Stadium, Lucknow",1,26.1,Netherlands,Afghanistan,SA Engelbrecht,LV van Beek,Rashid Khan,1,0,,,,,,,,,
1384425,2023/24,2023-11-03,"Bharat Ratna Shri Atal Bihari Vajpayee Ekana Cricket Stadium, Lucknow",1,26.2,Netherlands,Afghanistan,LV van Beek,SA Engelbrecht,Rashid Khan,0,0,,,,,,,,,
1384425,2023/24,2023-11-03,"Bharat Ratna Shri Atal Bihari Vajpayee Ekana Cricket Stadium, Lucknow",1,26.3,Netherlands,Afghanistan,LV van Beek,SA Engelbrecht,Rashid Khan,0,0,,,,,,,,,
1384425,2023/24,2023-11-03,"Bharat Ratna Shri Atal Bihari Vajpayee Ekana Cricket Stadium, Lucknow",1,26.4,Netherlands,Afghanistan,LV van Beek,SA Engelbrecht,Rashid Khan,0,1,1,,,,,,,,
1384425,2023/24,2023-11-03,"Bharat Ratna Shri Atal Bihari Vajpayee Ekana Cricket Stadium, Lucknow",1,26.5,Netherlands,Afghanistan,LV van Beek,SA Engelbrecht,Rashid Khan,0,0,,,,,,,,,
1384425,2023/24,2023-11-03,"Bharat Ratna Shri Atal Bihari Vajpayee Ekana Cricket Stadium, Lucknow",1,26.6,Netherlands,Afghanistan,LV van Beek,SA Engelbrecht,Rashid Khan,0,0,,,,,,,,,
1384425,2023/24,2023-11-03,"Bharat Ratna Shri Atal Bihari Vajpayee Ekana Cricket Stadium, Lucknow",1,26.7,Netherlands,Afghanistan,LV van Beek,SA Engelbrecht,Rashid Khan,0,0,,,,,,,,,
1384425,2023/24,2023-11-03,"Bharat Ratna Shri Atal Bihari Vajpayee Ekana Cricket Stadium, Lucknow",1,27.1,Netherlands,Afghanistan,SA Engelbrecht,LV van Beek,Noor Ahmad,0,0,,,,,,,,,
1384425,2023/24,2023-11-03,"Bharat Ratna Shri Atal Bihari Vajpayee Ekana Cricket Stadium, Lucknow",1,27.2,Netherlands,Afghanistan,SA Engelbrecht,LV van Beek,Noor Ahmad,0,1,1,,,,,,,,
1384425,2023/24,2023-11-03,"Bharat Ratna Shri Atal Bihari Vajpayee Ekana Cricket Stadium, Lucknow",1,27.3,Netherlands,Afghanistan,SA Engelbrecht,LV van Beek,Noor Ahmad,0,0,,,,,,,,,
1384425,2023/24,2023-11-03,"Bharat Ratna Shri Atal Bihari Vajpayee Ekana Cricket Stadium, Lucknow",1,27.4,Netherlands,Afghanistan,SA Engelbrecht,LV van Beek,Noor Ahmad,1,0,,,,,,,,,
1384425,2023/24,2023-11-03,"Bharat Ratna Shri Atal Bihari Vajpayee Ekana Cricket Stadium, Lucknow",1,27.5,Netherlands,Afghanistan,LV van Beek,SA Engelbrecht,Noor Ahmad,1,0,,,,,,,,,
1384425,2023/24,2023-11-03,"Bharat Ratna Shri Atal Bihari Vajpayee Ekana Cricket Stadium, Lucknow",1,27.6,Netherlands,Afghanistan,SA Engelbrecht,LV van Beek,Noor Ahmad,4,0,,,,,,,,,
1384425,2023/24,2023-11-03,"Bharat Ratna Shri Atal Bihari Vajpayee Ekana Cricket Stadium, Lucknow",1,27.7,Netherlands,Afghanistan,SA Engelbrecht,LV van Beek,Noor Ahmad,1,0,,,,,,,,,
1384425,2023/24,2023-11-03,"Bharat Ratna Shri Atal Bihari Vajpayee Ekana Cricket Stadium, Lucknow",1,28.1,Netherlands,Afghanistan,SA Engelbrecht,LV van Beek,Rashid Khan,0,0,,,,,,,,,
1384425,2023/24,2023-11-03,"Bharat Ratna Shri Atal Bihari Vajpayee Ekana Cricket Stadium, Lucknow",1,28.2,Netherlands,Afghanistan,SA Engelbrecht,LV van Beek,Rashid Khan,0,0,,,,,,,,,
1384425,2023/24,2023-11-03,"Bharat Ratna Shri Atal Bihari Vajpayee Ekana Cricket Stadium, Lucknow",1,28.3,Netherlands,Afghanistan,SA Engelbrecht,LV van Beek,Rashid Khan,0,0,,,,,,,,,
1384425,2023/24,2023-11-03,"Bharat Ratna Shri Atal Bihari Vajpayee Ekana Cricket Stadium, Lucknow",1,28.4,Netherlands,Afghanistan,SA Engelbrecht,LV van Beek,Rashid Khan,0,0,,,,,,,,,
1384425,2023/24,2023-11-03,"Bharat Ratna Shri Atal Bihari Vajpayee Ekana Cricket Stadium, Lucknow",1,28.5,Netherlands,Afghanistan,SA Engelbrecht,LV van Beek,Rashid Khan,2,0,,,,,,,,,
1384425,2023/24,2023-11-03,"Bharat Ratna Shri Atal Bihari Vajpayee Ekana Cricket Stadium, Lucknow",1,28.6,Netherlands,Afghanistan,SA Engelbrecht,LV van Beek,Rashid Khan,1,0,,,,,,,,,
1384425,2023/24,2023-11-03,"Bharat Ratna Shri Atal Bihari Vajpayee Ekana Cricket Stadium, Lucknow",1,29.1,Netherlands,Afghanistan,SA Engelbrecht,LV van Beek,Noor Ahmad,0,0,,,,,,,,,
1384425,2023/24,2023-11-03,"Bharat Ratna Shri Atal Bihari Vajpayee Ekana Cricket Stadium, Lucknow",1,29.2,Netherlands,Afghanistan,SA Engelbrecht,LV van Beek,Noor Ahmad,1,0,,,,,,,,,
1384425,2023/24,2023-11-03,"Bharat Ratna Shri Atal Bihari Vajpayee Ekana Cricket Stadium, Lucknow",1,29.3,Netherlands,Afghanistan,LV van Beek,SA Engelbrecht,Noor Ahmad,0,0,,,,,,,,,
1384425,2023/24,2023-11-03,"Bharat Ratna Shri Atal Bihari Vajpayee Ekana Cricket Stadium, Lucknow",1,29.4,Netherlands,Afghanistan,LV van Beek,SA Engelbrecht,Noor Ahmad,1,0,,,,,,,,,
1384425,2023/24,2023-11-03,"Bharat Ratna Shri Atal Bihari Vajpayee Ekana Cricket Stadium, Lucknow",1,29.5,Netherlands,Afghanistan,SA Engelbrecht,LV van Beek,Noor Ahmad,0,0,,,,,,,,,
1384425,2023/24,2023-11-03,"Bharat Ratna Shri Atal Bihari Vajpayee Ekana Cricket Stadium, Lucknow",1,29.6,Netherlands,Afghanistan,SA Engelbrecht,LV van Beek,Noor Ahmad,1,0,,,,,,,,,
1384425,2023/24,2023-11-03,"Bharat Ratna Shri Atal Bihari Vajpayee Ekana Cricket Stadium, Lucknow",1,30.1,Netherlands,Afghanistan,SA Engelbrecht,LV van Beek,Mohammad Nabi,0,0,,,,,,,,,
1384425,2023/24,2023-11-03,"Bharat Ratna Shri Atal Bihari Vajpayee Ekana Cricket Stadium, Lucknow",1,30.2,Netherlands,Afghanistan,SA Engelbrecht,LV van Beek,Mohammad Nabi,4,0,,,,,,,,,
1384425,2023/24,2023-11-03,"Bharat Ratna Shri Atal Bihari Vajpayee Ekana Cricket Stadium, Lucknow",1,30.3,Netherlands,Afghanistan,SA Engelbrecht,LV van Beek,Mohammad Nabi,0,0,,,,,,,,,
1384425,2023/24,2023-11-03,"Bharat Ratna Shri Atal Bihari Vajpayee Ekana Cricket Stadium, Lucknow",1,30.4,Netherlands,Afghanistan,SA Engelbrecht,LV van Beek,Mohammad Nabi,1,0,,,,,,,,,
1384425,2023/24,2023-11-03,"Bharat Ratna Shri Atal Bihari Vajpayee Ekana Cricket Stadium, Lucknow",1,30.5,Netherlands,Afghanistan,LV van Beek,SA Engelbrecht,Mohammad Nabi,0,0,,,,,,,,,
1384425,2023/24,2023-11-03,"Bharat Ratna Shri Atal Bihari Vajpayee Ekana Cricket Stadium, Lucknow",1,30.6,Netherlands,Afghanistan,LV van Beek,SA Engelbrecht,Mohammad Nabi,0,0,,,,,,stumped,LV van Beek,,
1384425,2023/24,2023-11-03,"Bharat Ratna Shri Atal Bihari Vajpayee Ekana Cricket Stadium, Lucknow",1,31.1,Netherlands,Afghanistan,SA Engelbrecht,RE van der Merwe,Noor Ahmad,4,0,,,,,,,,,
1384425,2023/24,2023-11-03,"Bharat Ratna Shri Atal Bihari Vajpayee Ekana Cricket Stadium, Lucknow",1,31.2,Netherlands,Afghanistan,SA Engelbrecht,RE van der Merwe,Noor Ahmad,4,0,,,,,,,,,
1384425,2023/24,2023-11-03,"Bharat Ratna Shri Atal Bihari Vajpayee Ekana Cricket Stadium, Lucknow",1,31.3,Netherlands,Afghanistan,SA Engelbrecht,RE van der Merwe,Noor Ahmad,0,0,,,,,,,,,
1384425,2023/24,2023-11-03,"Bharat Ratna Shri Atal Bihari Vajpayee Ekana Cricket Stadium, Lucknow",1,31.4,Netherlands,Afghanistan,SA Engelbrecht,RE van der Merwe,Noor Ahmad,1,0,,,,,,,,,
1384425,2023/24,2023-11-03,"Bharat Ratna Shri Atal Bihari Vajpayee Ekana Cricket Stadium, Lucknow",1,31.5,Netherlands,Afghanistan,RE van der Merwe,SA Engelbrecht,Noor Ahmad,0,0,,,,,,,,,
1384425,2023/24,2023-11-03,"Bharat Ratna Shri Atal Bihari Vajpayee Ekana Cricket Stadium, Lucknow",1,31.6,Netherlands,Afghanistan,RE van der Merwe,SA Engelbrecht,Noor Ahmad,0,0,,,,,,,,,
1384425,2023/24,2023-11-03,"Bharat Ratna Shri Atal Bihari Vajpayee Ekana Cricket Stadium, Lucknow",1,32.1,Netherlands,Afghanistan,SA Engelbrecht,RE van der Merwe,Mohammad Nabi,0,0,,,,,,,,,
1384425,2023/24,2023-11-03,"Bharat Ratna Shri Atal Bihari Vajpayee Ekana Cricket Stadium, Lucknow",1,32.2,Netherlands,Afghanistan,SA Engelbrecht,RE van der Merwe,Mohammad Nabi,1,0,,,,,,,,,
1384425,2023/24,2023-11-03,"Bharat Ratna Shri Atal Bihari Vajpayee Ekana Cricket Stadium, Lucknow",1,32.3,Netherlands,Afghanistan,RE van der Merwe,SA Engelbrecht,Mohammad Nabi,0,0,,,,,,,,,
1384425,2023/24,2023-11-03,"Bharat Ratna Shri Atal Bihari Vajpayee Ekana Cricket Stadium, Lucknow",1,32.4,Netherlands,Afghanistan,RE van der Merwe,SA Engelbrecht,Mohammad Nabi,1,0,,,,,,,,,
1384425,2023/24,2023-11-03,"Bharat Ratna Shri Atal Bihari Vajpayee Ekana Cricket Stadium, Lucknow",1,32.5,Netherlands,Afghanistan,SA Engelbrecht,RE van der Merwe,Mohammad Nabi,1,0,,,,,,,,,
1384425,2023/24,2023-11-03,"Bharat Ratna Shri Atal Bihari Vajpayee Ekana Cricket Stadium, Lucknow",1,32.6,Netherlands,Afghanistan,RE van der Merwe,SA Engelbrecht,Mohammad Nabi,0,0,,,,,,,,,
1384425,2023/24,2023-11-03,"Bharat Ratna Shri Atal Bihari Vajpayee Ekana Cricket Stadium, Lucknow",1,33.1,Netherlands,Afghanistan,SA Engelbrecht,RE van der Merwe,Noor Ahmad,0,0,,,,,,,,,
1384425,2023/24,2023-11-03,"Bharat Ratna Shri Atal Bihari Vajpayee Ekana Cricket Stadium, Lucknow",1,33.2,Netherlands,Afghanistan,SA Engelbrecht,RE van der Merwe,Noor Ahmad,0,0,,,,,,,,,
1384425,2023/24,2023-11-03,"Bharat Ratna Shri Atal Bihari Vajpayee Ekana Cricket Stadium, Lucknow",1,33.3,Netherlands,Afghanistan,SA Engelbrecht,RE van der Merwe,Noor Ahmad,1,0,,,,,,,,,
1384425,2023/24,2023-11-03,"Bharat Ratna Shri Atal Bihari Vajpayee Ekana Cricket Stadium, Lucknow",1,33.4,Netherlands,Afghanistan,RE van der Merwe,SA Engelbrecht,Noor Ahmad,1,0,,,,,,,,,
1384425,2023/24,2023-11-03,"Bharat Ratna Shri Atal Bihari Vajpayee Ekana Cricket Stadium, Lucknow",1,33.5,Netherlands,Afghanistan,SA Engelbrecht,RE van der Merwe,Noor Ahmad,2,0,,,,,,,,,
1384425,2023/24,2023-11-03,"Bharat Ratna Shri Atal Bihari Vajpayee Ekana Cricket Stadium, Lucknow",1,33.6,Netherlands,Afghanistan,SA Engelbrecht,RE van der Merwe,Noor Ahmad,1,0,,,,,,,,,
1384425,2023/24,2023-11-03,"Bharat Ratna Shri Atal Bihari Vajpayee Ekana Cricket Stadium, Lucknow",1,34.1,Netherlands,Afghanistan,SA Engelbrecht,RE van der Merwe,Mujeeb Ur Rahman,0,0,,,,,,,,,
1384425,2023/24,2023-11-03,"Bharat Ratna Shri Atal Bihari Vajpayee Ekana Cricket Stadium, Lucknow",1,34.2,Netherlands,Afghanistan,SA Engelbrecht,RE van der Merwe,Mujeeb Ur Rahman,1,0,,,,,,,,,
1384425,2023/24,2023-11-03,"Bharat Ratna Shri Atal Bihari Vajpayee Ekana Cricket Stadium, Lucknow",1,34.3,Netherlands,Afghanistan,RE van der Merwe,SA Engelbrecht,Mujeeb Ur Rahman,0,0,,,,,,,,,
1384425,2023/24,2023-11-03,"Bharat Ratna Shri Atal Bihari Vajpayee Ekana Cricket Stadium, Lucknow",1,34.4,Netherlands,Afghanistan,RE van der Merwe,SA Engelbrecht,Mujeeb Ur Rahman,0,0,,,,,,run out,SA Engelbrecht,,
1384425,2023/24,2023-11-03,"Bharat Ratna Shri Atal Bihari Vajpayee Ekana Cricket Stadium, Lucknow",1,34.5,Netherlands,Afghanistan,A Dutt,RE van der Merwe,Mujeeb Ur Rahman,0,0,,,,,,,,,
1384425,2023/24,2023-11-03,"Bharat Ratna Shri Atal Bihari Vajpayee Ekana Cricket Stadium, Lucknow",1,34.6,Netherlands,Afghanistan,A Dutt,RE van der Merwe,Mujeeb Ur Rahman,0,0,,,,,,,,,
1384425,2023/24,2023-11-03,"Bharat Ratna Shri Atal Bihari Vajpayee Ekana Cricket Stadium, Lucknow",1,35.1,Netherlands,Afghanistan,RE van der Merwe,A Dutt,Rashid Khan,1,0,,,,,,,,,
1384425,2023/24,2023-11-03,"Bharat Ratna Shri Atal Bihari Vajpayee Ekana Cricket Stadium, Lucknow",1,35.2,Netherlands,Afghanistan,A Dutt,RE van der Merwe,Rashid Khan,1,0,,,,,,,,,
1384425,2023/24,2023-11-03,"Bharat Ratna Shri Atal Bihari Vajpayee Ekana Cricket Stadium, Lucknow",1,35.3,Netherlands,Afghanistan,RE van der Merwe,A Dutt,Rashid Khan,0,0,,,,,,,,,
1384425,2023/24,2023-11-03,"Bharat Ratna Shri Atal Bihari Vajpayee Ekana Cricket Stadium, Lucknow",1,35.4,Netherlands,Afghanistan,RE van der Merwe,A Dutt,Rashid Khan,0,0,,,,,,,,,
1384425,2023/24,2023-11-03,"Bharat Ratna Shri Atal Bihari Vajpayee Ekana Cricket Stadium, Lucknow",1,35.5,Netherlands,Afghanistan,RE van der Merwe,A Dutt,Rashid Khan,0,0,,,,,,,,,
1384425,2023/24,2023-11-03,"Bharat Ratna Shri Atal Bihari Vajpayee Ekana Cricket Stadium, Lucknow",1,35.6,Netherlands,Afghanistan,RE van der Merwe,A Dutt,Rashid Khan,0,0,,,,,,,,,
1384425,2023/24,2023-11-03,"Bharat Ratna Shri Atal Bihari Vajpayee Ekana Cricket Stadium, Lucknow",1,36.1,Netherlands,Afghanistan,A Dutt,RE van der Merwe,Mujeeb Ur Rahman,1,0,,,,,,,,,
1384425,2023/24,2023-11-03,"Bharat Ratna Shri Atal Bihari Vajpayee Ekana Cricket Stadium, Lucknow",1,36.2,Netherlands,Afghanistan,RE van der Merwe,A Dutt,Mujeeb Ur Rahman,2,0,,,,,,,,,
1384425,2023/24,2023-11-03,"Bharat Ratna Shri Atal Bihari Vajpayee Ekana Cricket Stadium, Lucknow",1,36.3,Netherlands,Afghanistan,RE van der Merwe,A Dutt,Mujeeb Ur Rahman,0,0,,,,,,,,,
1384425,2023/24,2023-11-03,"Bharat Ratna Shri Atal Bihari Vajpayee Ekana Cricket Stadium, Lucknow",1,36.4,Netherlands,Afghanistan,RE van der Merwe,A Dutt,Mujeeb Ur Rahman,0,0,,,,,,,,,
1384425,2023/24,2023-11-03,"Bharat Ratna Shri Atal Bihari Vajpayee Ekana Cricket Stadium, Lucknow",1,36.5,Netherlands,Afghanistan,RE van der Merwe,A Dutt,Mujeeb Ur Rahman,0,0,,,,,,,,,
1384425,2023/24,2023-11-03,"Bharat Ratna Shri Atal Bihari Vajpayee Ekana Cricket Stadium, Lucknow",1,36.6,Netherlands,Afghanistan,RE van der Merwe,A Dutt,Mujeeb Ur Rahman,1,0,,,,,,,,,
1384425,2023/24,2023-11-03,"Bharat Ratna Shri Atal Bihari Vajpayee Ekana Cricket Stadium, Lucknow",1,37.1,Netherlands,Afghanistan,RE van der Merwe,A Dutt,Rashid Khan,2,0,,,,,,,,,
1384425,2023/24,2023-11-03,"Bharat Ratna Shri Atal Bihari Vajpayee Ekana Cricket Stadium, Lucknow",1,37.2,Netherlands,Afghanistan,RE van der Merwe,A Dutt,Rashid Khan,0,0,,,,,,,,,
1384425,2023/24,2023-11-03,"Bharat Ratna Shri Atal Bihari Vajpayee Ekana Cricket Stadium, Lucknow",1,37.3,Netherlands,Afghanistan,RE van der Merwe,A Dutt,Rashid Khan,1,0,,,,,,,,,
1384425,2023/24,2023-11-03,"Bharat Ratna Shri Atal Bihari Vajpayee Ekana Cricket Stadium, Lucknow",1,37.4,Netherlands,Afghanistan,A Dutt,RE van der Merwe,Rashid Khan,0,0,,,,,,,,,
1384425,2023/24,2023-11-03,"Bharat Ratna Shri Atal Bihari Vajpayee Ekana Cricket Stadium, Lucknow",1,37.5,Netherlands,Afghanistan,A Dutt,RE van der Merwe,Rashid Khan,0,0,,,,,,,,,
1384425,2023/24,2023-11-03,"Bharat Ratna Shri Atal Bihari Vajpayee Ekana Cricket Stadium, Lucknow",1,37.6,Netherlands,Afghanistan,A Dutt,RE van der Merwe,Rashid Khan,1,0,,,,,,,,,
1384425,2023/24,2023-11-03,"Bharat Ratna Shri Atal Bihari Vajpayee Ekana Cricket Stadium, Lucknow",1,38.1,Netherlands,Afghanistan,A Dutt,RE van der Merwe,Mujeeb Ur Rahman,0,0,,,,,,,,,
1384425,2023/24,2023-11-03,"Bharat Ratna Shri Atal Bihari Vajpayee Ekana Cricket Stadium, Lucknow",1,38.2,Netherlands,Afghanistan,A Dutt,RE van der Merwe,Mujeeb Ur Rahman,0,0,,,,,,,,,
1384425,2023/24,2023-11-03,"Bharat Ratna Shri Atal Bihari Vajpayee Ekana Cricket Stadium, Lucknow",1,38.3,Netherlands,Afghanistan,A Dutt,RE van der Merwe,Mujeeb Ur Rahman,0,0,,,,,,,,,
1384425,2023/24,2023-11-03,"Bharat Ratna Shri Atal Bihari Vajpayee Ekana Cricket Stadium, Lucknow",1,38.4,Netherlands,Afghanistan,A Dutt,RE van der Merwe,Mujeeb Ur Rahman,0,1,1,,,,,,,,
1384425,2023/24,2023-11-03,"Bharat Ratna Shri Atal Bihari Vajpayee Ekana Cricket Stadium, Lucknow",1,38.5,Netherlands,Afghanistan,A Dutt,RE van der Merwe,Mujeeb Ur Rahman,1,0,,,,,,,,,
1384425,2023/24,2023-11-03,"Bharat Ratna Shri Atal Bihari Vajpayee Ekana Cricket Stadium, Lucknow",1,38.6,Netherlands,Afghanistan,RE van der Merwe,A Dutt,Mujeeb Ur Rahman,0,0,,,,,,,,,
1384425,2023/24,2023-11-03,"Bharat Ratna Shri Atal Bihari Vajpayee Ekana Cricket Stadium, Lucknow",1,38.7,Netherlands,Afghanistan,RE van der Merwe,A Dutt,Mujeeb Ur Rahman,0,0,,,,,,,,,
1384425,2023/24,2023-11-03,"Bharat Ratna Shri Atal Bihari Vajpayee Ekana Cricket Stadium, Lucknow",1,39.1,Netherlands,Afghanistan,A Dutt,RE van der Merwe,Rashid Khan,1,0,,,,,,,,,
1384425,2023/24,2023-11-03,"Bharat Ratna Shri Atal Bihari Vajpayee Ekana Cricket Stadium, Lucknow",1,39.2,Netherlands,Afghanistan,RE van der Merwe,A Dutt,Rashid Khan,0,0,,,,,,,,,
1384425,2023/24,2023-11-03,"Bharat Ratna Shri Atal Bihari Vajpayee Ekana Cricket Stadium, Lucknow",1,39.3,Netherlands,Afghanistan,RE van der Merwe,A Dutt,Rashid Khan,0,1,1,,,,,,,,
1384425,2023/24,2023-11-03,"Bharat Ratna Shri Atal Bihari Vajpayee Ekana Cricket Stadium, Lucknow",1,39.4,Netherlands,Afghanistan,RE van der Merwe,A Dutt,Rashid Khan,0,0,,,,,,,,,
1384425,2023/24,2023-11-03,"Bharat Ratna Shri Atal Bihari Vajpayee Ekana Cricket Stadium, Lucknow",1,39.5,Netherlands,Afghanistan,RE van der Merwe,A Dutt,Rashid Khan,1,0,,,,,,,,,
1384425,2023/24,2023-11-03,"Bharat Ratna Shri Atal Bihari Vajpayee Ekana Cricket Stadium, Lucknow",1,39.6,Netherlands,Afghanistan,A Dutt,RE van der Merwe,Rashid Khan,0,0,,,,,,,,,
1384425,2023/24,2023-11-03,"Bharat Ratna Shri Atal Bihari Vajpayee Ekana Cricket Stadium, Lucknow",1,39.7,Netherlands,Afghanistan,A Dutt,RE van der Merwe,Rashid Khan,0,0,,,,,,,,,
1384425,2023/24,2023-11-03,"Bharat Ratna Shri Atal Bihari Vajpayee Ekana Cricket Stadium, Lucknow",1,40.1,Netherlands,Afghanistan,RE van der Merwe,A Dutt,Mujeeb Ur Rahman,0,0,,,,,,,,,
1384425,2023/24,2023-11-03,"Bharat Ratna Shri Atal Bihari Vajpayee Ekana Cricket Stadium, Lucknow",1,40.2,Netherlands,Afghanistan,RE van der Merwe,A Dutt,Mujeeb Ur Rahman,0,0,,,,,,,,,
1384425,2023/24,2023-11-03,"Bharat Ratna Shri Atal Bihari Vajpayee Ekana Cricket Stadium, Lucknow",1,40.3,Netherlands,Afghanistan,RE van der Merwe,A Dutt,Mujeeb Ur Rahman,0,0,,,,,,,,,
1384425,2023/24,2023-11-03,"Bharat Ratna Shri Atal Bihari Vajpayee Ekana Cricket Stadium, Lucknow",1,40.4,Netherlands,Afghanistan,RE van der Merwe,A Dutt,Mujeeb Ur Rahman,0,0,,,,,,,,,
1384425,2023/24,2023-11-03,"Bharat Ratna Shri Atal Bihari Vajpayee Ekana Cricket Stadium, Lucknow",1,40.5,Netherlands,Afghanistan,RE van der Merwe,A Dutt,Mujeeb Ur Rahman,0,0,,,,,,,,,
1384425,2023/24,2023-11-03,"Bharat Ratna Shri Atal Bihari Vajpayee Ekana Cricket Stadium, Lucknow",1,40.6,Netherlands,Afghanistan,RE van der Merwe,A Dutt,Mujeeb Ur Rahman,1,0,,,,,,,,,
1384425,2023/24,2023-11-03,"Bharat Ratna Shri Atal Bihari Vajpayee Ekana Cricket Stadium, Lucknow",1,41.1,Netherlands,Afghanistan,RE van der Merwe,A Dutt,Noor Ahmad,0,1,1,,,,,,,,
1384425,2023/24,2023-11-03,"Bharat Ratna Shri Atal Bihari Vajpayee Ekana Cricket Stadium, Lucknow",1,41.2,Netherlands,Afghanistan,RE van der Merwe,A Dutt,Noor Ahmad,0,0,,,,,,caught,RE van der Merwe,,
1384425,2023/24,2023-11-03,"Bharat Ratna Shri Atal Bihari Vajpayee Ekana Cricket Stadium, Lucknow",1,41.3,Netherlands,Afghanistan,PA van Meekeren,A Dutt,Noor Ahmad,0,0,,,,,,,,,
1384425,2023/24,2023-11-03,"Bharat Ratna Shri Atal Bihari Vajpayee Ekana Cricket Stadium, Lucknow",1,41.4,Netherlands,Afghanistan,PA van Meekeren,A Dutt,Noor Ahmad,0,0,,,,,,,,,
1384425,2023/24,2023-11-03,"Bharat Ratna Shri Atal Bihari Vajpayee Ekana Cricket Stadium, Lucknow",1,41.5,Netherlands,Afghanistan,PA van Meekeren,A Dutt,Noor Ahmad,0,0,,,,,,,,,
1384425,2023/24,2023-11-03,"Bharat Ratna Shri Atal Bihari Vajpayee Ekana Cricket Stadium, Lucknow",1,41.6,Netherlands,Afghanistan,PA van Meekeren,A Dutt,Noor Ahmad,0,0,,,,,,,,,
1384425,2023/24,2023-11-03,"Bharat Ratna Shri Atal Bihari Vajpayee Ekana Cricket Stadium, Lucknow",1,41.7,Netherlands,Afghanistan,PA van Meekeren,A Dutt,Noor Ahmad,0,0,,,,,,,,,
1384425,2023/24,2023-11-03,"Bharat Ratna Shri Atal Bihari Vajpayee Ekana Cricket Stadium, Lucknow",1,42.1,Netherlands,Afghanistan,A Dutt,PA van Meekeren,Mujeeb Ur Rahman,1,0,,,,,,,,,
1384425,2023/24,2023-11-03,"Bharat Ratna Shri Atal Bihari Vajpayee Ekana Cricket Stadium, Lucknow",1,42.2,Netherlands,Afghanistan,PA van Meekeren,A Dutt,Mujeeb Ur Rahman,0,0,,,,,,,,,
1384425,2023/24,2023-11-03,"Bharat Ratna Shri Atal Bihari Vajpayee Ekana Cricket Stadium, Lucknow",1,42.3,Netherlands,Afghanistan,PA van Meekeren,A Dutt,Mujeeb Ur Rahman,0,0,,,,,,,,,
1384425,2023/24,2023-11-03,"Bharat Ratna Shri Atal Bihari Vajpayee Ekana Cricket Stadium, Lucknow",1,42.4,Netherlands,Afghanistan,PA van Meekeren,A Dutt,Mujeeb Ur Rahman,0,0,,,,,,,,,
1384425,2023/24,2023-11-03,"Bharat Ratna Shri Atal Bihari Vajpayee Ekana Cricket Stadium, Lucknow",1,42.5,Netherlands,Afghanistan,PA van Meekeren,A Dutt,Mujeeb Ur Rahman,0,0,,,,,,,,,
1384425,2023/24,2023-11-03,"Bharat Ratna Shri Atal Bihari Vajpayee Ekana Cricket Stadium, Lucknow",1,42.6,Netherlands,Afghanistan,PA van Meekeren,A Dutt,Mujeeb Ur Rahman,2,0,,,,,,,,,
1384425,2023/24,2023-11-03,"Bharat Ratna Shri Atal Bihari Vajpayee Ekana Cricket Stadium, Lucknow",1,43.1,Netherlands,Afghanistan,A Dutt,PA van Meekeren,Noor Ahmad,1,0,,,,,,,,,
1384425,2023/24,2023-11-03,"Bharat Ratna Shri Atal Bihari Vajpayee Ekana Cricket Stadium, Lucknow",1,43.2,Netherlands,Afghanistan,PA van Meekeren,A Dutt,Noor Ahmad,0,0,,,,,,,,,
1384425,2023/24,2023-11-03,"Bharat Ratna Shri Atal Bihari Vajpayee Ekana Cricket Stadium, Lucknow",1,43.3,Netherlands,Afghanistan,PA van Meekeren,A Dutt,Noor Ahmad,0,0,,,,,,,,,
1384425,2023/24,2023-11-03,"Bharat Ratna Shri Atal Bihari Vajpayee Ekana Cricket Stadium, Lucknow",1,43.4,Netherlands,Afghanistan,PA van Meekeren,A Dutt,Noor Ahmad,0,0,,,,,,,,,
1384425,2023/24,2023-11-03,"Bharat Ratna Shri Atal Bihari Vajpayee Ekana Cricket Stadium, Lucknow",1,43.5,Netherlands,Afghanistan,PA van Meekeren,A Dutt,Noor Ahmad,0,0,,,,,,,,,
1384425,2023/24,2023-11-03,"Bharat Ratna Shri Atal Bihari Vajpayee Ekana Cricket Stadium, Lucknow",1,43.6,Netherlands,Afghanistan,PA van Meekeren,A Dutt,Noor Ahmad,0,0,,,,,,,,,
1384425,2023/24,2023-11-03,"Bharat Ratna Shri Atal Bihari Vajpayee Ekana Cricket Stadium, Lucknow",1,44.1,Netherlands,Afghanistan,A Dutt,PA van Meekeren,Mohammad Nabi,0,0,,,,,,,,,
1384425,2023/24,2023-11-03,"Bharat Ratna Shri Atal Bihari Vajpayee Ekana Cricket Stadium, Lucknow",1,44.2,Netherlands,Afghanistan,A Dutt,PA van Meekeren,Mohammad Nabi,1,0,,,,,,,,,
1384425,2023/24,2023-11-03,"Bharat Ratna Shri Atal Bihari Vajpayee Ekana Cricket Stadium, Lucknow",1,44.3,Netherlands,Afghanistan,PA van Meekeren,A Dutt,Mohammad Nabi,1,0,,,,,,,,,
1384425,2023/24,2023-11-03,"Bharat Ratna Shri Atal Bihari Vajpayee Ekana Cricket Stadium, Lucknow",1,44.4,Netherlands,Afghanistan,A Dutt,PA van Meekeren,Mohammad Nabi,0,0,,,,,,,,,
1384425,2023/24,2023-11-03,"Bharat Ratna Shri Atal Bihari Vajpayee Ekana Cricket Stadium, Lucknow",1,44.5,Netherlands,Afghanistan,A Dutt,PA van Meekeren,Mohammad Nabi,1,0,,,,,,,,,
1384425,2023/24,2023-11-03,"Bharat Ratna Shri Atal Bihari Vajpayee Ekana Cricket Stadium, Lucknow",1,44.6,Netherlands,Afghanistan,PA van Meekeren,A Dutt,Mohammad Nabi,1,0,,,,,,,,,
1384425,2023/24,2023-11-03,"Bharat Ratna Shri Atal Bihari Vajpayee Ekana Cricket Stadium, Lucknow",1,45.1,Netherlands,Afghanistan,PA van Meekeren,A Dutt,Noor Ahmad,0,0,,,,,,,,,
1384425,2023/24,2023-11-03,"Bharat Ratna Shri Atal Bihari Vajpayee Ekana Cricket Stadium, Lucknow",1,45.2,Netherlands,Afghanistan,PA van Meekeren,A Dutt,Noor Ahmad,0,0,,,,,,,,,
1384425,2023/24,2023-11-03,"Bharat Ratna Shri Atal Bihari Vajpayee Ekana Cricket Stadium, Lucknow",1,45.3,Netherlands,Afghanistan,PA van Meekeren,A Dutt,Noor Ahmad,0,0,,,,,,,,,
1384425,2023/24,2023-11-03,"Bharat Ratna Shri Atal Bihari Vajpayee Ekana Cricket Stadium, Lucknow",1,45.4,Netherlands,Afghanistan,PA van Meekeren,A Dutt,Noor Ahmad,0,0,,,,,,,,,
1384425,2023/24,2023-11-03,"Bharat Ratna Shri Atal Bihari Vajpayee Ekana Cricket Stadium, Lucknow",1,45.5,Netherlands,Afghanistan,PA van Meekeren,A Dutt,Noor Ahmad,0,1,1,,,,,,,,
1384425,2023/24,2023-11-03,"Bharat Ratna Shri Atal Bihari Vajpayee Ekana Cricket Stadium, Lucknow",1,45.6,Netherlands,Afghanistan,PA van Meekeren,A Dutt,Noor Ahmad,0,0,,,,,,,,,
1384425,2023/24,2023-11-03,"Bharat Ratna Shri Atal Bihari Vajpayee Ekana Cricket Stadium, Lucknow",1,45.7,Netherlands,Afghanistan,PA van Meekeren,A Dutt,Noor Ahmad,0,0,,,,,,,,,
1384425,2023/24,2023-11-03,"Bharat Ratna Shri Atal Bihari Vajpayee Ekana Cricket Stadium, Lucknow",1,46.1,Netherlands,Afghanistan,A Dutt,PA van Meekeren,Mohammad Nabi,0,0,,,,,,,,,
1384425,2023/24,2023-11-03,"Bharat Ratna Shri Atal Bihari Vajpayee Ekana Cricket Stadium, Lucknow",1,46.2,Netherlands,Afghanistan,A Dutt,PA van Meekeren,Mohammad Nabi,1,0,,,,,,,,,
1384425,2023/24,2023-11-03,"Bharat Ratna Shri Atal Bihari Vajpayee Ekana Cricket Stadium, Lucknow",1,46.3,Netherlands,Afghanistan,PA van Meekeren,A Dutt,Mohammad Nabi,0,0,,,,,,lbw,PA van Meekeren,,
1384425,2023/24,2023-11-03,"Bharat Ratna Shri Atal Bihari Vajpayee Ekana Cricket Stadium, Lucknow",2,0.1,Afghanistan,Netherlands,Rahmanullah Gurbaz,Ibrahim Zadran,A Dutt,1,0,,,,,,,,,
1384425,2023/24,2023-11-03,"Bharat Ratna Shri Atal Bihari Vajpayee Ekana Cricket Stadium, Lucknow",2,0.2,Afghanistan,Netherlands,Ibrahim Zadran,Rahmanullah Gurbaz,A Dutt,0,1,1,,,,,,,,
1384425,2023/24,2023-11-03,"Bharat Ratna Shri Atal Bihari Vajpayee Ekana Cricket Stadium, Lucknow",2,0.3,Afghanistan,Netherlands,Ibrahim Zadran,Rahmanullah Gurbaz,A Dutt,0,0,,,,,,,,,
1384425,2023/24,2023-11-03,"Bharat Ratna Shri Atal Bihari Vajpayee Ekana Cricket Stadium, Lucknow",2,0.4,Afghanistan,Netherlands,Ibrahim Zadran,Rahmanullah Gurbaz,A Dutt,1,0,,,,,,,,,
1384425,2023/24,2023-11-03,"Bharat Ratna Shri Atal Bihari Vajpayee Ekana Cricket Stadium, Lucknow",2,0.5,Afghanistan,Netherlands,Rahmanullah Gurbaz,Ibrahim Zadran,A Dutt,1,0,,,,,,,,,
1384425,2023/24,2023-11-03,"Bharat Ratna Shri Atal Bihari Vajpayee Ekana Cricket Stadium, Lucknow",2,0.6,Afghanistan,Netherlands,Ibrahim Zadran,Rahmanullah Gurbaz,A Dutt,1,0,,,,,,,,,
1384425,2023/24,2023-11-03,"Bharat Ratna Shri Atal Bihari Vajpayee Ekana Cricket Stadium, Lucknow",2,0.7,Afghanistan,Netherlands,Rahmanullah Gurbaz,Ibrahim Zadran,A Dutt,4,0,,,,,,,,,
1384425,2023/24,2023-11-03,"Bharat Ratna Shri Atal Bihari Vajpayee Ekana Cricket Stadium, Lucknow",2,1.1,Afghanistan,Netherlands,Ibrahim Zadran,Rahmanullah Gurbaz,LV van Beek,0,0,,,,,,,,,
1384425,2023/24,2023-11-03,"Bharat Ratna Shri Atal Bihari Vajpayee Ekana Cricket Stadium, Lucknow",2,1.2,Afghanistan,Netherlands,Ibrahim Zadran,Rahmanullah Gurbaz,LV van Beek,0,0,,,,,,,,,
1384425,2023/24,2023-11-03,"Bharat Ratna Shri Atal Bihari Vajpayee Ekana Cricket Stadium, Lucknow",2,1.3,Afghanistan,Netherlands,Ibrahim Zadran,Rahmanullah Gurbaz,LV van Beek,0,1,1,,,,,,,,
1384425,2023/24,2023-11-03,"Bharat Ratna Shri Atal Bihari Vajpayee Ekana Cricket Stadium, Lucknow",2,1.4,Afghanistan,Netherlands,Ibrahim Zadran,Rahmanullah Gurbaz,LV van Beek,0,0,,,,,,,,,
1384425,2023/24,2023-11-03,"Bharat Ratna Shri Atal Bihari Vajpayee Ekana Cricket Stadium, Lucknow",2,1.5,Afghanistan,Netherlands,Ibrahim Zadran,Rahmanullah Gurbaz,LV van Beek,2,0,,,,,,,,,
1384425,2023/24,2023-11-03,"Bharat Ratna Shri Atal Bihari Vajpayee Ekana Cricket Stadium, Lucknow",2,1.6,Afghanistan,Netherlands,Ibrahim Zadran,Rahmanullah Gurbaz,LV van Beek,0,0,,,,,,,,,
1384425,2023/24,2023-11-03,"Bharat Ratna Shri Atal Bihari Vajpayee Ekana Cricket Stadium, Lucknow",2,1.7,Afghanistan,Netherlands,Ibrahim Zadran,Rahmanullah Gurbaz,LV van Beek,1,0,,,,,,,,,
1384425,2023/24,2023-11-03,"Bharat Ratna Shri Atal Bihari Vajpayee Ekana Cricket Stadium, Lucknow",2,2.1,Afghanistan,Netherlands,Ibrahim Zadran,Rahmanullah Gurbaz,A Dutt,0,0,,,,,,,,,
1384425,2023/24,2023-11-03,"Bharat Ratna Shri Atal Bihari Vajpayee Ekana Cricket Stadium, Lucknow",2,2.2,Afghanistan,Netherlands,Ibrahim Zadran,Rahmanullah Gurbaz,A Dutt,2,0,,,,,,,,,
1384425,2023/24,2023-11-03,"Bharat Ratna Shri Atal Bihari Vajpayee Ekana Cricket Stadium, Lucknow",2,2.3,Afghanistan,Netherlands,Ibrahim Zadran,Rahmanullah Gurbaz,A Dutt,0,1,1,,,,,,,,
1384425,2023/24,2023-11-03,"Bharat Ratna Shri Atal Bihari Vajpayee Ekana Cricket Stadium, Lucknow",2,2.4,Afghanistan,Netherlands,Ibrahim Zadran,Rahmanullah Gurbaz,A Dutt,0,0,,,,,,,,,
1384425,2023/24,2023-11-03,"Bharat Ratna Shri Atal Bihari Vajpayee Ekana Cricket Stadium, Lucknow",2,2.5,Afghanistan,Netherlands,Ibrahim Zadran,Rahmanullah Gurbaz,A Dutt,0,0,,,,,,,,,
1384425,2023/24,2023-11-03,"Bharat Ratna Shri Atal Bihari Vajpayee Ekana Cricket Stadium, Lucknow",2,2.6,Afghanistan,Netherlands,Ibrahim Zadran,Rahmanullah Gurbaz,A Dutt,0,0,,,,,,,,,
1384425,2023/24,2023-11-03,"Bharat Ratna Shri Atal Bihari Vajpayee Ekana Cricket Stadium, Lucknow",2,2.7,Afghanistan,Netherlands,Ibrahim Zadran,Rahmanullah Gurbaz,A Dutt,0,0,,,,,,,,,
1384425,2023/24,2023-11-03,"Bharat Ratna Shri Atal Bihari Vajpayee Ekana Cricket Stadium, Lucknow",2,3.1,Afghanistan,Netherlands,Rahmanullah Gurbaz,Ibrahim Zadran,LV van Beek,0,0,,,,,,,,,
1384425,2023/24,2023-11-03,"Bharat Ratna Shri Atal Bihari Vajpayee Ekana Cricket Stadium, Lucknow",2,3.2,Afghanistan,Netherlands,Rahmanullah Gurbaz,Ibrahim Zadran,LV van Beek,4,0,,,,,,,,,
1384425,2023/24,2023-11-03,"Bharat Ratna Shri Atal Bihari Vajpayee Ekana Cricket Stadium, Lucknow",2,3.3,Afghanistan,Netherlands,Rahmanullah Gurbaz,Ibrahim Zadran,LV van Beek,0,1,,,,1,,,,,
1384425,2023/24,2023-11-03,"Bharat Ratna Shri Atal Bihari Vajpayee Ekana Cricket Stadium, Lucknow",2,3.4,Afghanistan,Netherlands,Ibrahim Zadran,Rahmanullah Gurbaz,LV van Beek,1,0,,,,,,,,,
1384425,2023/24,2023-11-03,"Bharat Ratna Shri Atal Bihari Vajpayee Ekana Cricket Stadium, Lucknow",2,3.5,Afghanistan,Netherlands,Rahmanullah Gurbaz,Ibrahim Zadran,LV van Beek,0,0,,,,,,,,,
1384425,2023/24,2023-11-03,"Bharat Ratna Shri Atal Bihari Vajpayee Ekana Cricket Stadium, Lucknow",2,3.6,Afghanistan,Netherlands,Rahmanullah Gurbaz,Ibrahim Zadran,LV van Beek,0,0,,,,,,,,,
1384425,2023/24,2023-11-03,"Bharat Ratna Shri Atal Bihari Vajpayee Ekana Cricket Stadium, Lucknow",2,4.1,Afghanistan,Netherlands,Ibrahim Zadran,Rahmanullah Gurbaz,A Dutt,0,0,,,,,,,,,
1384425,2023/24,2023-11-03,"Bharat Ratna Shri Atal Bihari Vajpayee Ekana Cricket Stadium, Lucknow",2,4.2,Afghanistan,Netherlands,Ibrahim Zadran,Rahmanullah Gurbaz,A Dutt,0,0,,,,,,,,,
1384425,2023/24,2023-11-03,"Bharat Ratna Shri Atal Bihari Vajpayee Ekana Cricket Stadium, Lucknow",2,4.3,Afghanistan,Netherlands,Ibrahim Zadran,Rahmanullah Gurbaz,A Dutt,0,1,1,,,,,,,,
1384425,2023/24,2023-11-03,"Bharat Ratna Shri Atal Bihari Vajpayee Ekana Cricket Stadium, Lucknow",2,4.4,Afghanistan,Netherlands,Ibrahim Zadran,Rahmanullah Gurbaz,A Dutt,4,0,,,,,,,,,
1384425,2023/24,2023-11-03,"Bharat Ratna Shri Atal Bihari Vajpayee Ekana Cricket Stadium, Lucknow",2,4.5,Afghanistan,Netherlands,Ibrahim Zadran,Rahmanullah Gurbaz,A Dutt,0,0,,,,,,,,,
1384425,2023/24,2023-11-03,"Bharat Ratna Shri Atal Bihari Vajpayee Ekana Cricket Stadium, Lucknow",2,4.6,Afghanistan,Netherlands,Ibrahim Zadran,Rahmanullah Gurbaz,A Dutt,0,0,,,,,,,,,
1384425,2023/24,2023-11-03,"Bharat Ratna Shri Atal Bihari Vajpayee Ekana Cricket Stadium, Lucknow",2,4.7,Afghanistan,Netherlands,Ibrahim Zadran,Rahmanullah Gurbaz,A Dutt,0,0,,,,,,,,,
1384425,2023/24,2023-11-03,"Bharat Ratna Shri Atal Bihari Vajpayee Ekana Cricket Stadium, Lucknow",2,5.1,Afghanistan,Netherlands,Rahmanullah Gurbaz,Ibrahim Zadran,LV van Beek,0,0,,,,,,,,,
1384425,2023/24,2023-11-03,"Bharat Ratna Shri Atal Bihari Vajpayee Ekana Cricket Stadium, Lucknow",2,5.2,Afghanistan,Netherlands,Rahmanullah Gurbaz,Ibrahim Zadran,LV van Beek,0,0,,,,,,,,,
1384425,2023/24,2023-11-03,"Bharat Ratna Shri Atal Bihari Vajpayee Ekana Cricket Stadium, Lucknow",2,5.3,Afghanistan,Netherlands,Rahmanullah Gurbaz,Ibrahim Zadran,LV van Beek,0,0,,,,,,caught,Rahmanullah Gurbaz,,
1384425,2023/24,2023-11-03,"Bharat Ratna Shri Atal Bihari Vajpayee Ekana Cricket Stadium, Lucknow",2,5.4,Afghanistan,Netherlands,Rahmat Shah,Ibrahim Zadran,LV van Beek,1,0,,,,,,,,,
1384425,2023/24,2023-11-03,"Bharat Ratna Shri Atal Bihari Vajpayee Ekana Cricket Stadium, Lucknow",2,5.5,Afghanistan,Netherlands,Ibrahim Zadran,Rahmat Shah,LV van Beek,0,1,,,,1,,,,,
1384425,2023/24,2023-11-03,"Bharat Ratna Shri Atal Bihari Vajpayee Ekana Cricket Stadium, Lucknow",2,5.6,Afghanistan,Netherlands,Rahmat Shah,Ibrahim Zadran,LV van Beek,0,0,,,,,,,,,
1384425,2023/24,2023-11-03,"Bharat Ratna Shri Atal Bihari Vajpayee Ekana Cricket Stadium, Lucknow",2,6.1,Afghanistan,Netherlands,Ibrahim Zadran,Rahmat Shah,A Dutt,0,0,,,,,,,,,
1384425,2023/24,2023-11-03,"Bharat Ratna Shri Atal Bihari Vajpayee Ekana Cricket Stadium, Lucknow",2,6.2,Afghanistan,Netherlands,Ibrahim Zadran,Rahmat Shah,A Dutt,0,0,,,,,,,,,
1384425,2023/24,2023-11-03,"Bharat Ratna Shri Atal Bihari Vajpayee Ekana Cricket Stadium, Lucknow",2,6.3,Afghanistan,Netherlands,Ibrahim Zadran,Rahmat Shah,A Dutt,0,0,,,,,,,,,
1384425,2023/24,2023-11-03,"Bharat Ratna Shri Atal Bihari Vajpayee Ekana Cricket Stadium, Lucknow",2,6.4,Afghanistan,Netherlands,Ibrahim Zadran,Rahmat Shah,A Dutt,1,0,,,,,,,,,
1384425,2023/24,2023-11-03,"Bharat Ratna Shri Atal Bihari Vajpayee Ekana Cricket Stadium, Lucknow",2,6.5,Afghanistan,Netherlands,Rahmat Shah,Ibrahim Zadran,A Dutt,1,0,,,,,,,,,
1384425,2023/24,2023-11-03,"Bharat Ratna Shri Atal Bihari Vajpayee Ekana Cricket Stadium, Lucknow",2,6.6,Afghanistan,Netherlands,Ibrahim Zadran,Rahmat Shah,A Dutt,0,0,,,,,,,,,
1384425,2023/24,2023-11-03,"Bharat Ratna Shri Atal Bihari Vajpayee Ekana Cricket Stadium, Lucknow",2,7.1,Afghanistan,Netherlands,Rahmat Shah,Ibrahim Zadran,LV van Beek,0,0,,,,,,,,,
1384425,2023/24,2023-11-03,"Bharat Ratna Shri Atal Bihari Vajpayee Ekana Cricket Stadium, Lucknow",2,7.2,Afghanistan,Netherlands,Rahmat Shah,Ibrahim Zadran,LV van Beek,0,0,,,,,,,,,
1384425,2023/24,2023-11-03,"Bharat Ratna Shri Atal Bihari Vajpayee Ekana Cricket Stadium, Lucknow",2,7.3,Afghanistan,Netherlands,Rahmat Shah,Ibrahim Zadran,LV van Beek,0,0,,,,,,,,,
1384425,2023/24,2023-11-03,"Bharat Ratna Shri Atal Bihari Vajpayee Ekana Cricket Stadium, Lucknow",2,7.4,Afghanistan,Netherlands,Rahmat Shah,Ibrahim Zadran,LV van Beek,0,0,,,,,,,,,
1384425,2023/24,2023-11-03,"Bharat Ratna Shri Atal Bihari Vajpayee Ekana Cricket Stadium, Lucknow",2,7.5,Afghanistan,Netherlands,Rahmat Shah,Ibrahim Zadran,LV van Beek,4,0,,,,,,,,,
1384425,2023/24,2023-11-03,"Bharat Ratna Shri Atal Bihari Vajpayee Ekana Cricket Stadium, Lucknow",2,7.6,Afghanistan,Netherlands,Rahmat Shah,Ibrahim Zadran,LV van Beek,0,0,,,,,,,,,
1384425,2023/24,2023-11-03,"Bharat Ratna Shri Atal Bihari Vajpayee Ekana Cricket Stadium, Lucknow",2,8.1,Afghanistan,Netherlands,Ibrahim Zadran,Rahmat Shah,A Dutt,0,0,,,,,,,,,
1384425,2023/24,2023-11-03,"Bharat Ratna Shri Atal Bihari Vajpayee Ekana Cricket Stadium, Lucknow",2,8.2,Afghanistan,Netherlands,Ibrahim Zadran,Rahmat Shah,A Dutt,1,0,,,,,,,,,
1384425,2023/24,2023-11-03,"Bharat Ratna Shri Atal Bihari Vajpayee Ekana Cricket Stadium, Lucknow",2,8.3,Afghanistan,Netherlands,Rahmat Shah,Ibrahim Zadran,A Dutt,1,0,,,,,,,,,
1384425,2023/24,2023-11-03,"Bharat Ratna Shri Atal Bihari Vajpayee Ekana Cricket Stadium, Lucknow",2,8.4,Afghanistan,Netherlands,Ibrahim Zadran,Rahmat Shah,A Dutt,4,0,,,,,,,,,
1384425,2023/24,2023-11-03,"Bharat Ratna Shri Atal Bihari Vajpayee Ekana Cricket Stadium, Lucknow",2,8.5,Afghanistan,Netherlands,Ibrahim Zadran,Rahmat Shah,A Dutt,1,0,,,,,,,,,
1384425,2023/24,2023-11-03,"Bharat Ratna Shri Atal Bihari Vajpayee Ekana Cricket Stadium, Lucknow",2,8.6,Afghanistan,Netherlands,Rahmat Shah,Ibrahim Zadran,A Dutt,0,0,,,,,,,,,
1384425,2023/24,2023-11-03,"Bharat Ratna Shri Atal Bihari Vajpayee Ekana Cricket Stadium, Lucknow",2,9.1,Afghanistan,Netherlands,Ibrahim Zadran,Rahmat Shah,PA van Meekeren,1,0,,,,,,,,,
1384425,2023/24,2023-11-03,"Bharat Ratna Shri Atal Bihari Vajpayee Ekana Cricket Stadium, Lucknow",2,9.2,Afghanistan,Netherlands,Rahmat Shah,Ibrahim Zadran,PA van Meekeren,4,0,,,,,,,,,
1384425,2023/24,2023-11-03,"Bharat Ratna Shri Atal Bihari Vajpayee Ekana Cricket Stadium, Lucknow",2,9.3,Afghanistan,Netherlands,Rahmat Shah,Ibrahim Zadran,PA van Meekeren,0,0,,,,,,,,,
1384425,2023/24,2023-11-03,"Bharat Ratna Shri Atal Bihari Vajpayee Ekana Cricket Stadium, Lucknow",2,9.4,Afghanistan,Netherlands,Rahmat Shah,Ibrahim Zadran,PA van Meekeren,4,0,,,,,,,,,
1384425,2023/24,2023-11-03,"Bharat Ratna Shri Atal Bihari Vajpayee Ekana Cricket Stadium, Lucknow",2,9.5,Afghanistan,Netherlands,Rahmat Shah,Ibrahim Zadran,PA van Meekeren,4,0,,,,,,,,,
1384425,2023/24,2023-11-03,"Bharat Ratna Shri Atal Bihari Vajpayee Ekana Cricket Stadium, Lucknow",2,9.6,Afghanistan,Netherlands,Rahmat Shah,Ibrahim Zadran,PA van Meekeren,0,0,,,,,,,,,
1384425,2023/24,2023-11-03,"Bharat Ratna Shri Atal Bihari Vajpayee Ekana Cricket Stadium, Lucknow",2,10.1,Afghanistan,Netherlands,Ibrahim Zadran,Rahmat Shah,RE van der Merwe,0,0,,,,,,bowled,Ibrahim Zadran,,
1384425,2023/24,2023-11-03,"Bharat Ratna Shri Atal Bihari Vajpayee Ekana Cricket Stadium, Lucknow",2,10.2,Afghanistan,Netherlands,Hashmatullah Shahidi,Rahmat Shah,RE van der Merwe,1,0,,,,,,,,,
1384425,2023/24,2023-11-03,"Bharat Ratna Shri Atal Bihari Vajpayee Ekana Cricket Stadium, Lucknow",2,10.3,Afghanistan,Netherlands,Rahmat Shah,Hashmatullah Shahidi,RE van der Merwe,0,0,,,,,,,,,
1384425,2023/24,2023-11-03,"Bharat Ratna Shri Atal Bihari Vajpayee Ekana Cricket Stadium, Lucknow",2,10.4,Afghanistan,Netherlands,Rahmat Shah,Hashmatullah Shahidi,RE van der Merwe,2,0,,,,,,,,,
1384425,2023/24,2023-11-03,"Bharat Ratna Shri Atal Bihari Vajpayee Ekana Cricket Stadium, Lucknow",2,10.5,Afghanistan,Netherlands,Rahmat Shah,Hashmatullah Shahidi,RE van der Merwe,1,0,,,,,,,,,
1384425,2023/24,2023-11-03,"Bharat Ratna Shri Atal Bihari Vajpayee Ekana Cricket Stadium, Lucknow",2,10.6,Afghanistan,Netherlands,Hashmatullah Shahidi,Rahmat Shah,RE van der Merwe,1,0,,,,,,,,,
1384425,2023/24,2023-11-03,"Bharat Ratna Shri Atal Bihari Vajpayee Ekana Cricket Stadium, Lucknow",2,11.1,Afghanistan,Netherlands,Hashmatullah Shahidi,Rahmat Shah,PA van Meekeren,0,0,,,,,,,,,
1384425,2023/24,2023-11-03,"Bharat Ratna Shri Atal Bihari Vajpayee Ekana Cricket Stadium, Lucknow",2,11.2,Afghanistan,Netherlands,Hashmatullah Shahidi,Rahmat Shah,PA van Meekeren,0,1,,1,,,,,,,
1384425,2023/24,2023-11-03,"Bharat Ratna Shri Atal Bihari Vajpayee Ekana Cricket Stadium, Lucknow",2,11.3,Afghanistan,Netherlands,Hashmatullah Shahidi,Rahmat Shah,PA van Meekeren,0,1,1,,,,,,,,
1384425,2023/24,2023-11-03,"Bharat Ratna Shri Atal Bihari Vajpayee Ekana Cricket Stadium, Lucknow",2,11.4,Afghanistan,Netherlands,Hashmatullah Shahidi,Rahmat Shah,PA van Meekeren,0,0,,,,,,,,,
1384425,2023/24,2023-11-03,"Bharat Ratna Shri Atal Bihari Vajpayee Ekana Cricket Stadium, Lucknow",2,11.5,Afghanistan,Netherlands,Hashmatullah Shahidi,Rahmat Shah,PA van Meekeren,4,0,,,,,,,,,
1384425,2023/24,2023-11-03,"Bharat Ratna Shri Atal Bihari Vajpayee Ekana Cricket Stadium, Lucknow",2,11.6,Afghanistan,Netherlands,Hashmatullah Shahidi,Rahmat Shah,PA van Meekeren,0,0,,,,,,,,,
1384425,2023/24,2023-11-03,"Bharat Ratna Shri Atal Bihari Vajpayee Ekana Cricket Stadium, Lucknow",2,11.7,Afghanistan,Netherlands,Hashmatullah Shahidi,Rahmat Shah,PA van Meekeren,0,0,,,,,,,,,
1384425,2023/24,2023-11-03,"Bharat Ratna Shri Atal Bihari Vajpayee Ekana Cricket Stadium, Lucknow",2,11.8,Afghanistan,Netherlands,Hashmatullah Shahidi,Rahmat Shah,PA van Meekeren,0,0,,,,,,,,,
1384425,2023/24,2023-11-03,"Bharat Ratna Shri Atal Bihari Vajpayee Ekana Cricket Stadium, Lucknow",2,12.1,Afghanistan,Netherlands,Rahmat Shah,Hashmatullah Shahidi,RE van der Merwe,0,0,,,,,,,,,
1384425,2023/24,2023-11-03,"Bharat Ratna Shri Atal Bihari Vajpayee Ekana Cricket Stadium, Lucknow",2,12.2,Afghanistan,Netherlands,Rahmat Shah,Hashmatullah Shahidi,RE van der Merwe,1,0,,,,,,,,,
1384425,2023/24,2023-11-03,"Bharat Ratna Shri Atal Bihari Vajpayee Ekana Cricket Stadium, Lucknow",2,12.3,Afghanistan,Netherlands,Hashmatullah Shahidi,Rahmat Shah,RE van der Merwe,1,0,,,,,,,,,
1384425,2023/24,2023-11-03,"Bharat Ratna Shri Atal Bihari Vajpayee Ekana Cricket Stadium, Lucknow",2,12.4,Afghanistan,Netherlands,Rahmat Shah,Hashmatullah Shahidi,RE van der Merwe,1,0,,,,,,,,,
1384425,2023/24,2023-11-03,"Bharat Ratna Shri Atal Bihari Vajpayee Ekana Cricket Stadium, Lucknow",2,12.5,Afghanistan,Netherlands,Hashmatullah Shahidi,Rahmat Shah,RE van der Merwe,1,0,,,,,,,,,
1384425,2023/24,2023-11-03,"Bharat Ratna Shri Atal Bihari Vajpayee Ekana Cricket Stadium, Lucknow",2,12.6,Afghanistan,Netherlands,Rahmat Shah,Hashmatullah Shahidi,RE van der Merwe,1,0,,,,,,,,,
1384425,2023/24,2023-11-03,"Bharat Ratna Shri Atal Bihari Vajpayee Ekana Cricket Stadium, Lucknow",2,13.1,Afghanistan,Netherlands,Rahmat Shah,Hashmatullah Shahidi,PA van Meekeren,0,0,,,,,,,,,
1384425,2023/24,2023-11-03,"Bharat Ratna Shri Atal Bihari Vajpayee Ekana Cricket Stadium, Lucknow",2,13.2,Afghanistan,Netherlands,Rahmat Shah,Hashmatullah Shahidi,PA van Meekeren,0,0,,,,,,,,,
1384425,2023/24,2023-11-03,"Bharat Ratna Shri Atal Bihari Vajpayee Ekana Cricket Stadium, Lucknow",2,13.3,Afghanistan,Netherlands,Rahmat Shah,Hashmatullah Shahidi,PA van Meekeren,1,0,,,,,,,,,
1384425,2023/24,2023-11-03,"Bharat Ratna Shri Atal Bihari Vajpayee Ekana Cricket Stadium, Lucknow",2,13.4,Afghanistan,Netherlands,Hashmatullah Shahidi,Rahmat Shah,PA van Meekeren,0,1,,,,1,,,,,
1384425,2023/24,2023-11-03,"Bharat Ratna Shri Atal Bihari Vajpayee Ekana Cricket Stadium, Lucknow",2,13.5,Afghanistan,Netherlands,Rahmat Shah,Hashmatullah Shahidi,PA van Meekeren,0,0,,,,,,,,,
1384425,2023/24,2023-11-03,"Bharat Ratna Shri Atal Bihari Vajpayee Ekana Cricket Stadium, Lucknow",2,13.6,Afghanistan,Netherlands,Rahmat Shah,Hashmatullah Shahidi,PA van Meekeren,0,0,,,,,,,,,
1384425,2023/24,2023-11-03,"Bharat Ratna Shri Atal Bihari Vajpayee Ekana Cricket Stadium, Lucknow",2,14.1,Afghanistan,Netherlands,Hashmatullah Shahidi,Rahmat Shah,RE van der Merwe,0,0,,,,,,,,,
1384425,2023/24,2023-11-03,"Bharat Ratna Shri Atal Bihari Vajpayee Ekana Cricket Stadium, Lucknow",2,14.2,Afghanistan,Netherlands,Hashmatullah Shahidi,Rahmat Shah,RE van der Merwe,1,0,,,,,,,,,
1384425,2023/24,2023-11-03,"Bharat Ratna Shri Atal Bihari Vajpayee Ekana Cricket Stadium, Lucknow",2,14.3,Afghanistan,Netherlands,Rahmat Shah,Hashmatullah Shahidi,RE van der Merwe,1,0,,,,,,,,,
1384425,2023/24,2023-11-03,"Bharat Ratna Shri Atal Bihari Vajpayee Ekana Cricket Stadium, Lucknow",2,14.4,Afghanistan,Netherlands,Hashmatullah Shahidi,Rahmat Shah,RE van der Merwe,1,0,,,,,,,,,
1384425,2023/24,2023-11-03,"Bharat Ratna Shri Atal Bihari Vajpayee Ekana Cricket Stadium, Lucknow",2,14.5,Afghanistan,Netherlands,Rahmat Shah,Hashmatullah Shahidi,RE van der Merwe,4,0,,,,,,,,,
1384425,2023/24,2023-11-03,"Bharat Ratna Shri Atal Bihari Vajpayee Ekana Cricket Stadium, Lucknow",2,14.6,Afghanistan,Netherlands,Rahmat Shah,Hashmatullah Shahidi,RE van der Merwe,0,0,,,,,,,,,
1384425,2023/24,2023-11-03,"Bharat Ratna Shri Atal Bihari Vajpayee Ekana Cricket Stadium, Lucknow",2,15.1,Afghanistan,Netherlands,Hashmatullah Shahidi,Rahmat Shah,A Dutt,0,0,,,,,,,,,
1384425,2023/24,2023-11-03,"Bharat Ratna Shri Atal Bihari Vajpayee Ekana Cricket Stadium, Lucknow",2,15.2,Afghanistan,Netherlands,Hashmatullah Shahidi,Rahmat Shah,A Dutt,1,0,,,,,,,,,
1384425,2023/24,2023-11-03,"Bharat Ratna Shri Atal Bihari Vajpayee Ekana Cricket Stadium, Lucknow",2,15.3,Afghanistan,Netherlands,Rahmat Shah,Hashmatullah Shahidi,A Dutt,4,0,,,,,,,,,
1384425,2023/24,2023-11-03,"Bharat Ratna Shri Atal Bihari Vajpayee Ekana Cricket Stadium, Lucknow",2,15.4,Afghanistan,Netherlands,Rahmat Shah,Hashmatullah Shahidi,A Dutt,0,0,,,,,,,,,
1384425,2023/24,2023-11-03,"Bharat Ratna Shri Atal Bihari Vajpayee Ekana Cricket Stadium, Lucknow",2,15.5,Afghanistan,Netherlands,Rahmat Shah,Hashmatullah Shahidi,A Dutt,0,0,,,,,,,,,
1384425,2023/24,2023-11-03,"Bharat Ratna Shri Atal Bihari Vajpayee Ekana Cricket Stadium, Lucknow",2,15.6,Afghanistan,Netherlands,Rahmat Shah,Hashmatullah Shahidi,A Dutt,0,0,,,,,,,,,
1384425,2023/24,2023-11-03,"Bharat Ratna Shri Atal Bihari Vajpayee Ekana Cricket Stadium, Lucknow",2,16.1,Afghanistan,Netherlands,Hashmatullah Shahidi,Rahmat Shah,RE van der Merwe,0,0,,,,,,,,,
1384425,2023/24,2023-11-03,"Bharat Ratna Shri Atal Bihari Vajpayee Ekana Cricket Stadium, Lucknow",2,16.2,Afghanistan,Netherlands,Hashmatullah Shahidi,Rahmat Shah,RE van der Merwe,0,0,,,,,,,,,
1384425,2023/24,2023-11-03,"Bharat Ratna Shri Atal Bihari Vajpayee Ekana Cricket Stadium, Lucknow",2,16.3,Afghanistan,Netherlands,Hashmatullah Shahidi,Rahmat Shah,RE van der Merwe,2,0,,,,,,,,,
1384425,2023/24,2023-11-03,"Bharat Ratna Shri Atal Bihari Vajpayee Ekana Cricket Stadium, Lucknow",2,16.4,Afghanistan,Netherlands,Hashmatullah Shahidi,Rahmat Shah,RE van der Merwe,1,0,,,,,,,,,
1384425,2023/24,2023-11-03,"Bharat Ratna Shri Atal Bihari Vajpayee Ekana Cricket Stadium, Lucknow",2,16.5,Afghanistan,Netherlands,Rahmat Shah,Hashmatullah Shahidi,RE van der Merwe,0,0,,,,,,,,,
1384425,2023/24,2023-11-03,"Bharat Ratna Shri Atal Bihari Vajpayee Ekana Cricket Stadium, Lucknow",2,16.6,Afghanistan,Netherlands,Rahmat Shah,Hashmatullah Shahidi,RE van der Merwe,1,0,,,,,,,,,
1384425,2023/24,2023-11-03,"Bharat Ratna Shri Atal Bihari Vajpayee Ekana Cricket Stadium, Lucknow",2,17.1,Afghanistan,Netherlands,Rahmat Shah,Hashmatullah Shahidi,A Dutt,1,0,,,,,,,,,
1384425,2023/24,2023-11-03,"Bharat Ratna Shri Atal Bihari Vajpayee Ekana Cricket Stadium, Lucknow",2,17.2,Afghanistan,Netherlands,Hashmatullah Shahidi,Rahmat Shah,A Dutt,1,0,,,,,,,,,
1384425,2023/24,2023-11-03,"Bharat Ratna Shri Atal Bihari Vajpayee Ekana Cricket Stadium, Lucknow",2,17.3,Afghanistan,Netherlands,Rahmat Shah,Hashmatullah Shahidi,A Dutt,0,0,,,,,,,,,
1384425,2023/24,2023-11-03,"Bharat Ratna Shri Atal Bihari Vajpayee Ekana Cricket Stadium, Lucknow",2,17.4,Afghanistan,Netherlands,Rahmat Shah,Hashmatullah Shahidi,A Dutt,2,0,,,,,,,,,
1384425,2023/24,2023-11-03,"Bharat Ratna Shri Atal Bihari Vajpayee Ekana Cricket Stadium, Lucknow",2,17.5,Afghanistan,Netherlands,Rahmat Shah,Hashmatullah Shahidi,A Dutt,1,0,,,,,,,,,
1384425,2023/24,2023-11-03,"Bharat Ratna Shri Atal Bihari Vajpayee Ekana Cricket Stadium, Lucknow",2,17.6,Afghanistan,Netherlands,Hashmatullah Shahidi,Rahmat Shah,A Dutt,1,0,,,,,,,,,
1384425,2023/24,2023-11-03,"Bharat Ratna Shri Atal Bihari Vajpayee Ekana Cricket Stadium, Lucknow",2,18.1,Afghanistan,Netherlands,Hashmatullah Shahidi,Rahmat Shah,RE van der Merwe,1,0,,,,,,,,,
1384425,2023/24,2023-11-03,"Bharat Ratna Shri Atal Bihari Vajpayee Ekana Cricket Stadium, Lucknow",2,18.2,Afghanistan,Netherlands,Rahmat Shah,Hashmatullah Shahidi,RE van der Merwe,0,0,,,,,,,,,
1384425,2023/24,2023-11-03,"Bharat Ratna Shri Atal Bihari Vajpayee Ekana Cricket Stadium, Lucknow",2,18.3,Afghanistan,Netherlands,Rahmat Shah,Hashmatullah Shahidi,RE van der Merwe,4,0,,,,,,,,,
1384425,2023/24,2023-11-03,"Bharat Ratna Shri Atal Bihari Vajpayee Ekana Cricket Stadium, Lucknow",2,18.4,Afghanistan,Netherlands,Rahmat Shah,Hashmatullah Shahidi,RE van der Merwe,1,0,,,,,,,,,
1384425,2023/24,2023-11-03,"Bharat Ratna Shri Atal Bihari Vajpayee Ekana Cricket Stadium, Lucknow",2,18.5,Afghanistan,Netherlands,Hashmatullah Shahidi,Rahmat Shah,RE van der Merwe,0,0,,,,,,,,,
1384425,2023/24,2023-11-03,"Bharat Ratna Shri Atal Bihari Vajpayee Ekana Cricket Stadium, Lucknow",2,18.6,Afghanistan,Netherlands,Hashmatullah Shahidi,Rahmat Shah,RE van der Merwe,0,0,,,,,,,,,
1384425,2023/24,2023-11-03,"Bharat Ratna Shri Atal Bihari Vajpayee Ekana Cricket Stadium, Lucknow",2,19.1,Afghanistan,Netherlands,Rahmat Shah,Hashmatullah Shahidi,LV van Beek,1,0,,,,,,,,,
1384425,2023/24,2023-11-03,"Bharat Ratna Shri Atal Bihari Vajpayee Ekana Cricket Stadium, Lucknow",2,19.2,Afghanistan,Netherlands,Hashmatullah Shahidi,Rahmat Shah,LV van Beek,2,0,,,,,,,,,
1384425,2023/24,2023-11-03,"Bharat Ratna Shri Atal Bihari Vajpayee Ekana Cricket Stadium, Lucknow",2,19.3,Afghanistan,Netherlands,Hashmatullah Shahidi,Rahmat Shah,LV van Beek,0,0,,,,,,,,,
1384425,2023/24,2023-11-03,"Bharat Ratna Shri Atal Bihari Vajpayee Ekana Cricket Stadium, Lucknow",2,19.4,Afghanistan,Netherlands,Hashmatullah Shahidi,Rahmat Shah,LV van Beek,1,0,,,,,,,,,
1384425,2023/24,2023-11-03,"Bharat Ratna Shri Atal Bihari Vajpayee Ekana Cricket Stadium, Lucknow",2,19.5,Afghanistan,Netherlands,Rahmat Shah,Hashmatullah Shahidi,LV van Beek,0,0,,,,,,,,,
1384425,2023/24,2023-11-03,"Bharat Ratna Shri Atal Bihari Vajpayee Ekana Cricket Stadium, Lucknow",2,19.6,Afghanistan,Netherlands,Rahmat Shah,Hashmatullah Shahidi,LV van Beek,4,0,,,,,,,,,
1384425,2023/24,2023-11-03,"Bharat Ratna Shri Atal Bihari Vajpayee Ekana Cricket Stadium, Lucknow",2,20.1,Afghanistan,Netherlands,Hashmatullah Shahidi,Rahmat Shah,Saqib Zulfiqar,0,0,,,,,,,,,
1384425,2023/24,2023-11-03,"Bharat Ratna Shri Atal Bihari Vajpayee Ekana Cricket Stadium, Lucknow",2,20.2,Afghanistan,Netherlands,Hashmatullah Shahidi,Rahmat Shah,Saqib Zulfiqar,2,1,,1,,,,,,,
1384425,2023/24,2023-11-03,"Bharat Ratna Shri Atal Bihari Vajpayee Ekana Cricket Stadium, Lucknow",2,20.3,Afghanistan,Netherlands,Hashmatullah Shahidi,Rahmat Shah,Saqib Zulfiqar,4,0,,,,,,,,,
1384425,2023/24,2023-11-03,"Bharat Ratna Shri Atal Bihari Vajpayee Ekana Cricket Stadium, Lucknow",2,20.4,Afghanistan,Netherlands,Hashmatullah Shahidi,Rahmat Shah,Saqib Zulfiqar,4,0,,,,,,,,,
1384425,2023/24,2023-11-03,"Bharat Ratna Shri Atal Bihari Vajpayee Ekana Cricket Stadium, Lucknow",2,20.5,Afghanistan,Netherlands,Hashmatullah Shahidi,Rahmat Shah,Saqib Zulfiqar,1,0,,,,,,,,,
1384425,2023/24,2023-11-03,"Bharat Ratna Shri Atal Bihari Vajpayee Ekana Cricket Stadium, Lucknow",2,20.6,Afghanistan,Netherlands,Rahmat Shah,Hashmatullah Shahidi,Saqib Zulfiqar,1,0,,,,,,,,,
1384425,2023/24,2023-11-03,"Bharat Ratna Shri Atal Bihari Vajpayee Ekana Cricket Stadium, Lucknow",2,20.7,Afghanistan,Netherlands,Hashmatullah Shahidi,Rahmat Shah,Saqib Zulfiqar,0,0,,,,,,,,,
1384425,2023/24,2023-11-03,"Bharat Ratna Shri Atal Bihari Vajpayee Ekana Cricket Stadium, Lucknow",2,21.1,Afghanistan,Netherlands,Rahmat Shah,Hashmatullah Shahidi,LV van Beek,0,0,,,,,,,,,
1384425,2023/24,2023-11-03,"Bharat Ratna Shri Atal Bihari Vajpayee Ekana Cricket Stadium, Lucknow",2,21.2,Afghanistan,Netherlands,Rahmat Shah,Hashmatullah Shahidi,LV van Beek,1,0,,,,,,,,,
1384425,2023/24,2023-11-03,"Bharat Ratna Shri Atal Bihari Vajpayee Ekana Cricket Stadium, Lucknow",2,21.3,Afghanistan,Netherlands,Hashmatullah Shahidi,Rahmat Shah,LV van Beek,0,0,,,,,,,,,
1384425,2023/24,2023-11-03,"Bharat Ratna Shri Atal Bihari Vajpayee Ekana Cricket Stadium, Lucknow",2,21.4,Afghanistan,Netherlands,Hashmatullah Shahidi,Rahmat Shah,LV van Beek,1,0,,,,,,,,,
1384425,2023/24,2023-11-03,"Bharat Ratna Shri Atal Bihari Vajpayee Ekana Cricket Stadium, Lucknow",2,21.5,Afghanistan,Netherlands,Rahmat Shah,Hashmatullah Shahidi,LV van Beek,0,0,,,,,,,,,
1384425,2023/24,2023-11-03,"Bharat Ratna Shri Atal Bihari Vajpayee Ekana Cricket Stadium, Lucknow",2,21.6,Afghanistan,Netherlands,Rahmat Shah,Hashmatullah Shahidi,LV van Beek,0,0,,,,,,,,,
1384425,2023/24,2023-11-03,"Bharat Ratna Shri Atal Bihari Vajpayee Ekana Cricket Stadium, Lucknow",2,22.1,Afghanistan,Netherlands,Hashmatullah Shahidi,Rahmat Shah,Saqib Zulfiqar,4,0,,,,,,,,,
1384425,2023/24,2023-11-03,"Bharat Ratna Shri Atal Bihari Vajpayee Ekana Cricket Stadium, Lucknow",2,22.2,Afghanistan,Netherlands,Hashmatullah Shahidi,Rahmat Shah,Saqib Zulfiqar,1,0,,,,,,,,,
1384425,2023/24,2023-11-03,"Bharat Ratna Shri Atal Bihari Vajpayee Ekana Cricket Stadium, Lucknow",2,22.3,Afghanistan,Netherlands,Rahmat Shah,Hashmatullah Shahidi,Saqib Zulfiqar,0,0,,,,,,,,,
1384425,2023/24,2023-11-03,"Bharat Ratna Shri Atal Bihari Vajpayee Ekana Cricket Stadium, Lucknow",2,22.4,Afghanistan,Netherlands,Rahmat Shah,Hashmatullah Shahidi,Saqib Zulfiqar,0,0,,,,,,caught and bowled,Rahmat Shah,,
1384425,2023/24,2023-11-03,"Bharat Ratna Shri Atal Bihari Vajpayee Ekana Cricket Stadium, Lucknow",2,22.5,Afghanistan,Netherlands,Azmatullah Omarzai,Hashmatullah Shahidi,Saqib Zulfiqar,0,0,,,,,,,,,
1384425,2023/24,2023-11-03,"Bharat Ratna Shri Atal Bihari Vajpayee Ekana Cricket Stadium, Lucknow",2,22.6,Afghanistan,Netherlands,Azmatullah Omarzai,Hashmatullah Shahidi,Saqib Zulfiqar,1,0,,,,,,,,,
1384425,2023/24,2023-11-03,"Bharat Ratna Shri Atal Bihari Vajpayee Ekana Cricket Stadium, Lucknow",2,23.1,Afghanistan,Netherlands,Azmatullah Omarzai,Hashmatullah Shahidi,LV van Beek,2,0,,,,,,,,,
1384425,2023/24,2023-11-03,"Bharat Ratna Shri Atal Bihari Vajpayee Ekana Cricket Stadium, Lucknow",2,23.2,Afghanistan,Netherlands,Azmatullah Omarzai,Hashmatullah Shahidi,LV van Beek,1,0,,,,,,,,,
1384425,2023/24,2023-11-03,"Bharat Ratna Shri Atal Bihari Vajpayee Ekana Cricket Stadium, Lucknow",2,23.3,Afghanistan,Netherlands,Hashmatullah Shahidi,Azmatullah Omarzai,LV van Beek,0,1,1,,,,,,,,
1384425,2023/24,2023-11-03,"Bharat Ratna Shri Atal Bihari Vajpayee Ekana Cricket Stadium, Lucknow",2,23.4,Afghanistan,Netherlands,Hashmatullah Shahidi,Azmatullah Omarzai,LV van Beek,0,0,,,,,,,,,
1384425,2023/24,2023-11-03,"Bharat Ratna Shri Atal Bihari Vajpayee Ekana Cricket Stadium, Lucknow",2,23.5,Afghanistan,Netherlands,Hashmatullah Shahidi,Azmatullah Omarzai,LV van Beek,1,0,,,,,,,,,
1384425,2023/24,2023-11-03,"Bharat Ratna Shri Atal Bihari Vajpayee Ekana Cricket Stadium, Lucknow",2,23.6,Afghanistan,Netherlands,Azmatullah Omarzai,Hashmatullah Shahidi,LV van Beek,1,0,,,,,,,,,
1384425,2023/24,2023-11-03,"Bharat Ratna Shri Atal Bihari Vajpayee Ekana Cricket Stadium, Lucknow",2,23.7,Afghanistan,Netherlands,Hashmatullah Shahidi,Azmatullah Omarzai,LV van Beek,0,0,,,,,,,,,
1384425,2023/24,2023-11-03,"Bharat Ratna Shri Atal Bihari Vajpayee Ekana Cricket Stadium, Lucknow",2,24.1,Afghanistan,Netherlands,Azmatullah Omarzai,Hashmatullah Shahidi,Saqib Zulfiqar,1,0,,,,,,,,,
1384425,2023/24,2023-11-03,"Bharat Ratna Shri Atal Bihari Vajpayee Ekana Cricket Stadium, Lucknow",2,24.2,Afghanistan,Netherlands,Hashmatullah Shahidi,Azmatullah Omarzai,Saqib Zulfiqar,0,0,,,,,,,,,
1384425,2023/24,2023-11-03,"Bharat Ratna Shri Atal Bihari Vajpayee Ekana Cricket Stadium, Lucknow",2,24.3,Afghanistan,Netherlands,Hashmatullah Shahidi,Azmatullah Omarzai,Saqib Zulfiqar,1,0,,,,,,,,,
1384425,2023/24,2023-11-03,"Bharat Ratna Shri Atal Bihari Vajpayee Ekana Cricket Stadium, Lucknow",2,24.4,Afghanistan,Netherlands,Azmatullah Omarzai,Hashmatullah Shahidi,Saqib Zulfiqar,4,0,,,,,,,,,
1384425,2023/24,2023-11-03,"Bharat Ratna Shri Atal Bihari Vajpayee Ekana Cricket Stadium, Lucknow",2,24.5,Afghanistan,Netherlands,Azmatullah Omarzai,Hashmatullah Shahidi,Saqib Zulfiqar,0,0,,,,,,,,,
1384425,2023/24,2023-11-03,"Bharat Ratna Shri Atal Bihari Vajpayee Ekana Cricket Stadium, Lucknow",2,24.6,Afghanistan,Netherlands,Azmatullah Omarzai,Hashmatullah Shahidi,Saqib Zulfiqar,0,0,,,,,,,,,
1384425,2023/24,2023-11-03,"Bharat Ratna Shri Atal Bihari Vajpayee Ekana Cricket Stadium, Lucknow",2,25.1,Afghanistan,Netherlands,Hashmatullah Shahidi,Azmatullah Omarzai,PA van Meekeren,0,0,,,,,,,,,
1384425,2023/24,2023-11-03,"Bharat Ratna Shri Atal Bihari Vajpayee Ekana Cricket Stadium, Lucknow",2,25.2,Afghanistan,Netherlands,Hashmatullah Shahidi,Azmatullah Omarzai,PA van Meekeren,1,0,,,,,,,,,
1384425,2023/24,2023-11-03,"Bharat Ratna Shri Atal Bihari Vajpayee Ekana Cricket Stadium, Lucknow",2,25.3,Afghanistan,Netherlands,Azmatullah Omarzai,Hashmatullah Shahidi,PA van Meekeren,0,0,,,,,,,,,
1384425,2023/24,2023-11-03,"Bharat Ratna Shri Atal Bihari Vajpayee Ekana Cricket Stadium, Lucknow",2,25.4,Afghanistan,Netherlands,Azmatullah Omarzai,Hashmatullah Shahidi,PA van Meekeren,1,0,,,,,,,,,
1384425,2023/24,2023-11-03,"Bharat Ratna Shri Atal Bihari Vajpayee Ekana Cricket Stadium, Lucknow",2,25.5,Afghanistan,Netherlands,Hashmatullah Shahidi,Azmatullah Omarzai,PA van Meekeren,1,0,,,,,,,,,
1384425,2023/24,2023-11-03,"Bharat Ratna Shri Atal Bihari Vajpayee Ekana Cricket Stadium, Lucknow",2,25.6,Afghanistan,Netherlands,Azmatullah Omarzai,Hashmatullah Shahidi,PA van Meekeren,1,0,,,,,,,,,
1384425,2023/24,2023-11-03,"Bharat Ratna Shri Atal Bihari Vajpayee Ekana Cricket Stadium, Lucknow",2,26.1,Afghanistan,Netherlands,Azmatullah Omarzai,Hashmatullah Shahidi,CN Ackermann,1,0,,,,,,,,,
1384425,2023/24,2023-11-03,"Bharat Ratna Shri Atal Bihari Vajpayee Ekana Cricket Stadium, Lucknow",2,26.2,Afghanistan,Netherlands,Hashmatullah Shahidi,Azmatullah Omarzai,CN Ackermann,0,0,,,,,,,,,
1384425,2023/24,2023-11-03,"Bharat Ratna Shri Atal Bihari Vajpayee Ekana Cricket Stadium, Lucknow",2,26.3,Afghanistan,Netherlands,Hashmatullah Shahidi,Azmatullah Omarzai,CN Ackermann,0,0,,,,,,,,,
1384425,2023/24,2023-11-03,"Bharat Ratna Shri Atal Bihari Vajpayee Ekana Cricket Stadium, Lucknow",2,26.4,Afghanistan,Netherlands,Hashmatullah Shahidi,Azmatullah Omarzai,CN Ackermann,1,0,,,,,,,,,
1384425,2023/24,2023-11-03,"Bharat Ratna Shri Atal Bihari Vajpayee Ekana Cricket Stadium, Lucknow",2,26.5,Afghanistan,Netherlands,Azmatullah Omarzai,Hashmatullah Shahidi,CN Ackermann,0,0,,,,,,,,,
1384425,2023/24,2023-11-03,"Bharat Ratna Shri Atal Bihari Vajpayee Ekana Cricket Stadium, Lucknow",2,26.6,Afghanistan,Netherlands,Azmatullah Omarzai,Hashmatullah Shahidi,CN Ackermann,1,0,,,,,,,,,
1384425,2023/24,2023-11-03,"Bharat Ratna Shri Atal Bihari Vajpayee Ekana Cricket Stadium, Lucknow",2,27.1,Afghanistan,Netherlands,Azmatullah Omarzai,Hashmatullah Shahidi,PA van Meekeren,1,0,,,,,,,,,
1384425,2023/24,2023-11-03,"Bharat Ratna Shri Atal Bihari Vajpayee Ekana Cricket Stadium, Lucknow",2,27.2,Afghanistan,Netherlands,Hashmatullah Shahidi,Azmatullah Omarzai,PA van Meekeren,0,0,,,,,,,,,
1384425,2023/24,2023-11-03,"Bharat Ratna Shri Atal Bihari Vajpayee Ekana Cricket Stadium, Lucknow",2,27.3,Afghanistan,Netherlands,Hashmatullah Shahidi,Azmatullah Omarzai,PA van Meekeren,1,0,,,,,,,,,
1384425,2023/24,2023-11-03,"Bharat Ratna Shri Atal Bihari Vajpayee Ekana Cricket Stadium, Lucknow",2,27.4,Afghanistan,Netherlands,Azmatullah Omarzai,Hashmatullah Shahidi,PA van Meekeren,4,0,,,,,,,,,
1384425,2023/24,2023-11-03,"Bharat Ratna Shri Atal Bihari Vajpayee Ekana Cricket Stadium, Lucknow",2,27.5,Afghanistan,Netherlands,Azmatullah Omarzai,Hashmatullah Shahidi,PA van Meekeren,1,0,,,,,,,,,
1384425,2023/24,2023-11-03,"Bharat Ratna Shri Atal Bihari Vajpayee Ekana Cricket Stadium, Lucknow",2,27.6,Afghanistan,Netherlands,Hashmatullah Shahidi,Azmatullah Omarzai,PA van Meekeren,4,0,,,,,,,,,
1384425,2023/24,2023-11-03,"Bharat Ratna Shri Atal Bihari Vajpayee Ekana Cricket Stadium, Lucknow",2,28.1,Afghanistan,Netherlands,Azmatullah Omarzai,Hashmatullah Shahidi,CN Ackermann,1,0,,,,,,,,,
1384425,2023/24,2023-11-03,"Bharat Ratna Shri Atal Bihari Vajpayee Ekana Cricket Stadium, Lucknow",2,28.2,Afghanistan,Netherlands,Hashmatullah Shahidi,Azmatullah Omarzai,CN Ackermann,0,0,,,,,,,,,
1384425,2023/24,2023-11-03,"Bharat Ratna Shri Atal Bihari Vajpayee Ekana Cricket Stadium, Lucknow",2,28.3,Afghanistan,Netherlands,Hashmatullah Shahidi,Azmatullah Omarzai,CN Ackermann,0,0,,,,,,,,,
1384425,2023/24,2023-11-03,"Bharat Ratna Shri Atal Bihari Vajpayee Ekana Cricket Stadium, Lucknow",2,28.4,Afghanistan,Netherlands,Hashmatullah Shahidi,Azmatullah Omarzai,CN Ackermann,1,0,,,,,,,,,
1384425,2023/24,2023-11-03,"Bharat Ratna Shri Atal Bihari Vajpayee Ekana Cricket Stadium, Lucknow",2,28.5,Afghanistan,Netherlands,Azmatullah Omarzai,Hashmatullah Shahidi,CN Ackermann,0,0,,,,,,,,,
1384425,2023/24,2023-11-03,"Bharat Ratna Shri Atal Bihari Vajpayee Ekana Cricket Stadium, Lucknow",2,28.6,Afghanistan,Netherlands,Azmatullah Omarzai,Hashmatullah Shahidi,CN Ackermann,1,0,,,,,,,,,
1384425,2023/24,2023-11-03,"Bharat Ratna Shri Atal Bihari Vajpayee Ekana Cricket Stadium, Lucknow",2,29.1,Afghanistan,Netherlands,Azmatullah Omarzai,Hashmatullah Shahidi,A Dutt,0,0,,,,,,,,,
1384425,2023/24,2023-11-03,"Bharat Ratna Shri Atal Bihari Vajpayee Ekana Cricket Stadium, Lucknow",2,29.2,Afghanistan,Netherlands,Azmatullah Omarzai,Hashmatullah Shahidi,A Dutt,1,0,,,,,,,,,
1384425,2023/24,2023-11-03,"Bharat Ratna Shri Atal Bihari Vajpayee Ekana Cricket Stadium, Lucknow",2,29.3,Afghanistan,Netherlands,Hashmatullah Shahidi,Azmatullah Omarzai,A Dutt,0,0,,,,,,,,,
1384425,2023/24,2023-11-03,"Bharat Ratna Shri Atal Bihari Vajpayee Ekana Cricket Stadium, Lucknow",2,29.4,Afghanistan,Netherlands,Hashmatullah Shahidi,Azmatullah Omarzai,A Dutt,1,0,,,,,,,,,
1384425,2023/24,2023-11-03,"Bharat Ratna Shri Atal Bihari Vajpayee Ekana Cricket Stadium, Lucknow",2,29.5,Afghanistan,Netherlands,Azmatullah Omarzai,Hashmatullah Shahidi,A Dutt,4,0,,,,,,,,,
1384425,2023/24,2023-11-03,"Bharat Ratna Shri Atal Bihari Vajpayee Ekana Cricket Stadium, Lucknow",2,29.6,Afghanistan,Netherlands,Azmatullah Omarzai,Hashmatullah Shahidi,A Dutt,1,0,,,,,,,,,
1384425,2023/24,2023-11-03,"Bharat Ratna Shri Atal Bihari Vajpayee Ekana Cricket Stadium, Lucknow",2,30.1,Afghanistan,Netherlands,Azmatullah Omarzai,Hashmatullah Shahidi,CN Ackermann,1,0,,,,,,,,,
1384425,2023/24,2023-11-03,"Bharat Ratna Shri Atal Bihari Vajpayee Ekana Cricket Stadium, Lucknow",2,30.2,Afghanistan,Netherlands,Hashmatullah Shahidi,Azmatullah Omarzai,CN Ackermann,2,0,,,,,,,,,
1384425,2023/24,2023-11-03,"Bharat Ratna Shri Atal Bihari Vajpayee Ekana Cricket Stadium, Lucknow",2,30.3,Afghanistan,Netherlands,Hashmatullah Shahidi,Azmatullah Omarzai,CN Ackermann,1,0,,,,,,,,,
1384425,2023/24,2023-11-03,"Bharat Ratna Shri Atal Bihari Vajpayee Ekana Cricket Stadium, Lucknow",2,30.4,Afghanistan,Netherlands,Azmatullah Omarzai,Hashmatullah Shahidi,CN Ackermann,1,0,,,,,,,,,
1384425,2023/24,2023-11-03,"Bharat Ratna Shri Atal Bihari Vajpayee Ekana Cricket Stadium, Lucknow",2,30.5,Afghanistan,Netherlands,Hashmatullah Shahidi,Azmatullah Omarzai,CN Ackermann,0,1,1,,,,,,,,
1384425,2023/24,2023-11-03,"Bharat Ratna Shri Atal Bihari Vajpayee Ekana Cricket Stadium, Lucknow",2,30.6,Afghanistan,Netherlands,Hashmatullah Shahidi,Azmatullah Omarzai,CN Ackermann,0,0,,,,,,,,,
1384425,2023/24,2023-11-03,"Bharat Ratna Shri Atal Bihari Vajpayee Ekana Cricket Stadium, Lucknow",2,30.7,Afghanistan,Netherlands,Hashmatullah Shahidi,Azmatullah Omarzai,CN Ackermann,0,0,,,,,,,,,
1384425,2023/24,2023-11-03,"Bharat Ratna Shri Atal Bihari Vajpayee Ekana Cricket Stadium, Lucknow",2,31.1,Afghanistan,Netherlands,Azmatullah Omarzai,Hashmatullah Shahidi,A Dutt,1,0,,,,,,,,,
1384425,2023/24,2023-11-03,"Bharat Ratna Shri Atal Bihari Vajpayee Ekana Cricket Stadium, Lucknow",2,31.2,Afghanistan,Netherlands,Hashmatullah Shahidi,Azmatullah Omarzai,A Dutt,0,0,,,,,,,,,
1384425,2023/24,2023-11-03,"Bharat Ratna Shri Atal Bihari Vajpayee Ekana Cricket Stadium, Lucknow",2,31.3,Afghanistan,Netherlands,Hashmatullah Shahidi,Azmatullah Omarzai,A Dutt,4,0,,,,,,,,,
