match_id,season,start_date,venue,innings,ball,batting_team,bowling_team,striker,non_striker,bowler,runs_off_bat,extras,wides,noballs,byes,legbyes,penalty,wicket_type,player_dismissed,other_wicket_type,other_player_dismissed
1384404,2023/24,2023-10-15,"Arun Jaitley Stadium, Delhi",1,0.1,Afghanistan,England,Rahmanullah Gurbaz,Ibrahim Zadran,CR Woakes,0,5,5,,,,,,,,
1384404,2023/24,2023-10-15,"Arun Jaitley Stadium, Delhi",1,0.2,Afghanistan,England,Rahmanullah Gurbaz,Ibrahim Zadran,CR Woakes,0,0,,,,,,,,,
1384404,2023/24,2023-10-15,"Arun Jaitley Stadium, Delhi",1,0.3,Afghanistan,England,Rahmanullah Gurbaz,Ibrahim Zadran,CR Woakes,1,0,,,,,,,,,
1384404,2023/24,2023-10-15,"Arun Jaitley Stadium, Delhi",1,0.4,Afghanistan,England,Ibrahim Zadran,Rahmanullah Gurbaz,CR Woakes,0,0,,,,,,,,,
1384404,2023/24,2023-10-15,"Arun Jaitley Stadium, Delhi",1,0.5,Afghanistan,England,Ibrahim Zadran,Rahmanullah Gurbaz,CR Woakes,0,0,,,,,,,,,
1384404,2023/24,2023-10-15,"Arun Jaitley Stadium, Delhi",1,0.6,Afghanistan,England,Ibrahim Zadran,Rahmanullah Gurbaz,CR Woakes,1,0,,,,,,,,,
1384404,2023/24,2023-10-15,"Arun Jaitley Stadium, Delhi",1,0.7,Afghanistan,England,Rahmanullah Gurbaz,Ibrahim Zadran,CR Woakes,0,0,,,,,,,,,
1384404,2023/24,2023-10-15,"Arun Jaitley Stadium, Delhi",1,1.1,Afghanistan,England,Ibrahim Zadran,Rahmanullah Gurbaz,RJW Topley,0,0,,,,,,,,,
1384404,2023/24,2023-10-15,"Arun Jaitley Stadium, Delhi",1,1.2,Afghanistan,England,Ibrahim Zadran,Rahmanullah Gurbaz,RJW Topley,0,0,,,,,,,,,
1384404,2023/24,2023-10-15,"Arun Jaitley Stadium, Delhi",1,1.3,Afghanistan,England,Ibrahim Zadran,Rahmanullah Gurbaz,RJW Topley,0,0,,,,,,,,,
1384404,2023/24,2023-10-15,"Arun Jaitley Stadium, Delhi",1,1.4,Afghanistan,England,Ibrahim Zadran,Rahmanullah Gurbaz,RJW Topley,0,0,,,,,,,,,
1384404,2023/24,2023-10-15,"Arun Jaitley Stadium, Delhi",1,1.5,Afghanistan,England,Ibrahim Zadran,Rahmanullah Gurbaz,RJW Topley,0,0,,,,,,,,,
1384404,2023/24,2023-10-15,"Arun Jaitley Stadium, Delhi",1,1.6,Afghanistan,England,Ibrahim Zadran,Rahmanullah Gurbaz,RJW Topley,0,0,,,,,,,,,
1384404,2023/24,2023-10-15,"Arun Jaitley Stadium, Delhi",1,2.1,Afghanistan,England,Rahmanullah Gurbaz,Ibrahim Zadran,CR Woakes,0,0,,,,,,,,,
1384404,2023/24,2023-10-15,"Arun Jaitley Stadium, Delhi",1,2.2,Afghanistan,England,Rahmanullah Gurbaz,Ibrahim Zadran,CR Woakes,2,0,,,,,,,,,
1384404,2023/24,2023-10-15,"Arun Jaitley Stadium, Delhi",1,2.3,Afghanistan,England,Rahmanullah Gurbaz,Ibrahim Zadran,CR Woakes,6,0,,,,,,,,,
1384404,2023/24,2023-10-15,"Arun Jaitley Stadium, Delhi",1,2.4,Afghanistan,England,Rahmanullah Gurbaz,Ibrahim Zadran,CR Woakes,0,2,2,,,,,,,,
1384404,2023/24,2023-10-15,"Arun Jaitley Stadium, Delhi",1,2.5,Afghanistan,England,Ibrahim Zadran,Rahmanullah Gurbaz,CR Woakes,0,0,,,,,,,,,
1384404,2023/24,2023-10-15,"Arun Jaitley Stadium, Delhi",1,2.6,Afghanistan,England,Ibrahim Zadran,Rahmanullah Gurbaz,CR Woakes,4,0,,,,,,,,,
1384404,2023/24,2023-10-15,"Arun Jaitley Stadium, Delhi",1,2.7,Afghanistan,England,Ibrahim Zadran,Rahmanullah Gurbaz,CR Woakes,0,0,,,,,,,,,
1384404,2023/24,2023-10-15,"Arun Jaitley Stadium, Delhi",1,3.1,Afghanistan,England,Rahmanullah Gurbaz,Ibrahim Zadran,RJW Topley,0,0,,,,,,,,,
1384404,2023/24,2023-10-15,"Arun Jaitley Stadium, Delhi",1,3.2,Afghanistan,England,Rahmanullah Gurbaz,Ibrahim Zadran,RJW Topley,0,0,,,,,,,,,
1384404,2023/24,2023-10-15,"Arun Jaitley Stadium, Delhi",1,3.3,Afghanistan,England,Rahmanullah Gurbaz,Ibrahim Zadran,RJW Topley,1,0,,,,,,,,,
1384404,2023/24,2023-10-15,"Arun Jaitley Stadium, Delhi",1,3.4,Afghanistan,England,Ibrahim Zadran,Rahmanullah Gurbaz,RJW Topley,0,1,1,,,,,,,,
1384404,2023/24,2023-10-15,"Arun Jaitley Stadium, Delhi",1,3.5,Afghanistan,England,Ibrahim Zadran,Rahmanullah Gurbaz,RJW Topley,0,0,,,,,,,,,
1384404,2023/24,2023-10-15,"Arun Jaitley Stadium, Delhi",1,3.6,Afghanistan,England,Ibrahim Zadran,Rahmanullah Gurbaz,RJW Topley,1,0,,,,,,,,,
1384404,2023/24,2023-10-15,"Arun Jaitley Stadium, Delhi",1,3.7,Afghanistan,England,Rahmanullah Gurbaz,Ibrahim Zadran,RJW Topley,1,0,,,,,,,,,
1384404,2023/24,2023-10-15,"Arun Jaitley Stadium, Delhi",1,4.1,Afghanistan,England,Rahmanullah Gurbaz,Ibrahim Zadran,CR Woakes,0,0,,,,,,,,,
1384404,2023/24,2023-10-15,"Arun Jaitley Stadium, Delhi",1,4.2,Afghanistan,England,Rahmanullah Gurbaz,Ibrahim Zadran,CR Woakes,4,0,,,,,,,,,
1384404,2023/24,2023-10-15,"Arun Jaitley Stadium, Delhi",1,4.3,Afghanistan,England,Rahmanullah Gurbaz,Ibrahim Zadran,CR Woakes,4,0,,,,,,,,,
1384404,2023/24,2023-10-15,"Arun Jaitley Stadium, Delhi",1,4.4,Afghanistan,England,Rahmanullah Gurbaz,Ibrahim Zadran,CR Woakes,1,0,,,,,,,,,
1384404,2023/24,2023-10-15,"Arun Jaitley Stadium, Delhi",1,4.5,Afghanistan,England,Ibrahim Zadran,Rahmanullah Gurbaz,CR Woakes,0,0,,,,,,,,,
1384404,2023/24,2023-10-15,"Arun Jaitley Stadium, Delhi",1,4.6,Afghanistan,England,Ibrahim Zadran,Rahmanullah Gurbaz,CR Woakes,1,0,,,,,,,,,
1384404,2023/24,2023-10-15,"Arun Jaitley Stadium, Delhi",1,5.1,Afghanistan,England,Ibrahim Zadran,Rahmanullah Gurbaz,RJW Topley,4,0,,,,,,,,,
1384404,2023/24,2023-10-15,"Arun Jaitley Stadium, Delhi",1,5.2,Afghanistan,England,Ibrahim Zadran,Rahmanullah Gurbaz,RJW Topley,0,1,1,,,,,,,,
1384404,2023/24,2023-10-15,"Arun Jaitley Stadium, Delhi",1,5.3,Afghanistan,England,Ibrahim Zadran,Rahmanullah Gurbaz,RJW Topley,0,0,,,,,,,,,
1384404,2023/24,2023-10-15,"Arun Jaitley Stadium, Delhi",1,5.4,Afghanistan,England,Ibrahim Zadran,Rahmanullah Gurbaz,RJW Topley,1,0,,,,,,,,,
1384404,2023/24,2023-10-15,"Arun Jaitley Stadium, Delhi",1,5.5,Afghanistan,England,Rahmanullah Gurbaz,Ibrahim Zadran,RJW Topley,4,0,,,,,,,,,
1384404,2023/24,2023-10-15,"Arun Jaitley Stadium, Delhi",1,5.6,Afghanistan,England,Rahmanullah Gurbaz,Ibrahim Zadran,RJW Topley,0,0,,,,,,,,,
1384404,2023/24,2023-10-15,"Arun Jaitley Stadium, Delhi",1,5.7,Afghanistan,England,Rahmanullah Gurbaz,Ibrahim Zadran,RJW Topley,0,0,,,,,,,,,
1384404,2023/24,2023-10-15,"Arun Jaitley Stadium, Delhi",1,6.1,Afghanistan,England,Ibrahim Zadran,Rahmanullah Gurbaz,SM Curran,4,0,,,,,,,,,
1384404,2023/24,2023-10-15,"Arun Jaitley Stadium, Delhi",1,6.2,Afghanistan,England,Ibrahim Zadran,Rahmanullah Gurbaz,SM Curran,0,0,,,,,,,,,
1384404,2023/24,2023-10-15,"Arun Jaitley Stadium, Delhi",1,6.3,Afghanistan,England,Ibrahim Zadran,Rahmanullah Gurbaz,SM Curran,1,0,,,,,,,,,
1384404,2023/24,2023-10-15,"Arun Jaitley Stadium, Delhi",1,6.4,Afghanistan,England,Rahmanullah Gurbaz,Ibrahim Zadran,SM Curran,1,0,,,,,,,,,
1384404,2023/24,2023-10-15,"Arun Jaitley Stadium, Delhi",1,6.5,Afghanistan,England,Ibrahim Zadran,Rahmanullah Gurbaz,SM Curran,0,0,,,,,,,,,
1384404,2023/24,2023-10-15,"Arun Jaitley Stadium, Delhi",1,6.6,Afghanistan,England,Ibrahim Zadran,Rahmanullah Gurbaz,SM Curran,0,0,,,,,,,,,
1384404,2023/24,2023-10-15,"Arun Jaitley Stadium, Delhi",1,7.1,Afghanistan,England,Rahmanullah Gurbaz,Ibrahim Zadran,RJW Topley,4,0,,,,,,,,,
1384404,2023/24,2023-10-15,"Arun Jaitley Stadium, Delhi",1,7.2,Afghanistan,England,Rahmanullah Gurbaz,Ibrahim Zadran,RJW Topley,0,0,,,,,,,,,
1384404,2023/24,2023-10-15,"Arun Jaitley Stadium, Delhi",1,7.3,Afghanistan,England,Rahmanullah Gurbaz,Ibrahim Zadran,RJW Topley,0,0,,,,,,,,,
1384404,2023/24,2023-10-15,"Arun Jaitley Stadium, Delhi",1,7.4,Afghanistan,England,Rahmanullah Gurbaz,Ibrahim Zadran,RJW Topley,0,0,,,,,,,,,
1384404,2023/24,2023-10-15,"Arun Jaitley Stadium, Delhi",1,7.5,Afghanistan,England,Rahmanullah Gurbaz,Ibrahim Zadran,RJW Topley,0,0,,,,,,,,,
1384404,2023/24,2023-10-15,"Arun Jaitley Stadium, Delhi",1,7.6,Afghanistan,England,Rahmanullah Gurbaz,Ibrahim Zadran,RJW Topley,0,0,,,,,,,,,
1384404,2023/24,2023-10-15,"Arun Jaitley Stadium, Delhi",1,8.1,Afghanistan,England,Ibrahim Zadran,Rahmanullah Gurbaz,SM Curran,1,0,,,,,,,,,
1384404,2023/24,2023-10-15,"Arun Jaitley Stadium, Delhi",1,8.2,Afghanistan,England,Rahmanullah Gurbaz,Ibrahim Zadran,SM Curran,1,1,,1,,,,,,,
1384404,2023/24,2023-10-15,"Arun Jaitley Stadium, Delhi",1,8.3,Afghanistan,England,Ibrahim Zadran,Rahmanullah Gurbaz,SM Curran,1,0,,,,,,,,,
1384404,2023/24,2023-10-15,"Arun Jaitley Stadium, Delhi",1,8.4,Afghanistan,England,Rahmanullah Gurbaz,Ibrahim Zadran,SM Curran,4,0,,,,,,,,,
1384404,2023/24,2023-10-15,"Arun Jaitley Stadium, Delhi",1,8.5,Afghanistan,England,Rahmanullah Gurbaz,Ibrahim Zadran,SM Curran,4,0,,,,,,,,,
1384404,2023/24,2023-10-15,"Arun Jaitley Stadium, Delhi",1,8.6,Afghanistan,England,Rahmanullah Gurbaz,Ibrahim Zadran,SM Curran,6,0,,,,,,,,,
1384404,2023/24,2023-10-15,"Arun Jaitley Stadium, Delhi",1,8.7,Afghanistan,England,Rahmanullah Gurbaz,Ibrahim Zadran,SM Curran,2,0,,,,,,,,,
1384404,2023/24,2023-10-15,"Arun Jaitley Stadium, Delhi",1,9.1,Afghanistan,England,Ibrahim Zadran,Rahmanullah Gurbaz,RJW Topley,1,0,,,,,,,,,
1384404,2023/24,2023-10-15,"Arun Jaitley Stadium, Delhi",1,9.2,Afghanistan,England,Rahmanullah Gurbaz,Ibrahim Zadran,RJW Topley,0,0,,,,,,,,,
1384404,2023/24,2023-10-15,"Arun Jaitley Stadium, Delhi",1,9.3,Afghanistan,England,Rahmanullah Gurbaz,Ibrahim Zadran,RJW Topley,0,1,,,,1,,,,,
1384404,2023/24,2023-10-15,"Arun Jaitley Stadium, Delhi",1,9.4,Afghanistan,England,Ibrahim Zadran,Rahmanullah Gurbaz,RJW Topley,0,0,,,,,,,,,
1384404,2023/24,2023-10-15,"Arun Jaitley Stadium, Delhi",1,9.5,Afghanistan,England,Ibrahim Zadran,Rahmanullah Gurbaz,RJW Topley,2,0,,,,,,,,,
1384404,2023/24,2023-10-15,"Arun Jaitley Stadium, Delhi",1,9.6,Afghanistan,England,Ibrahim Zadran,Rahmanullah Gurbaz,RJW Topley,0,0,,,,,,,,,
1384404,2023/24,2023-10-15,"Arun Jaitley Stadium, Delhi",1,10.1,Afghanistan,England,Rahmanullah Gurbaz,Ibrahim Zadran,AU Rashid,0,0,,,,,,,,,
1384404,2023/24,2023-10-15,"Arun Jaitley Stadium, Delhi",1,10.2,Afghanistan,England,Rahmanullah Gurbaz,Ibrahim Zadran,AU Rashid,4,0,,,,,,,,,
1384404,2023/24,2023-10-15,"Arun Jaitley Stadium, Delhi",1,10.3,Afghanistan,England,Rahmanullah Gurbaz,Ibrahim Zadran,AU Rashid,1,0,,,,,,,,,
1384404,2023/24,2023-10-15,"Arun Jaitley Stadium, Delhi",1,10.4,Afghanistan,England,Ibrahim Zadran,Rahmanullah Gurbaz,AU Rashid,0,0,,,,,,,,,
1384404,2023/24,2023-10-15,"Arun Jaitley Stadium, Delhi",1,10.5,Afghanistan,England,Ibrahim Zadran,Rahmanullah Gurbaz,AU Rashid,1,0,,,,,,,,,
1384404,2023/24,2023-10-15,"Arun Jaitley Stadium, Delhi",1,10.6,Afghanistan,England,Rahmanullah Gurbaz,Ibrahim Zadran,AU Rashid,1,0,,,,,,,,,
1384404,2023/24,2023-10-15,"Arun Jaitley Stadium, Delhi",1,11.1,Afghanistan,England,Rahmanullah Gurbaz,Ibrahim Zadran,MA Wood,0,0,,,,,,,,,
1384404,2023/24,2023-10-15,"Arun Jaitley Stadium, Delhi",1,11.2,Afghanistan,England,Rahmanullah Gurbaz,Ibrahim Zadran,MA Wood,0,0,,,,,,,,,
1384404,2023/24,2023-10-15,"Arun Jaitley Stadium, Delhi",1,11.3,Afghanistan,England,Rahmanullah Gurbaz,Ibrahim Zadran,MA Wood,6,0,,,,,,,,,
1384404,2023/24,2023-10-15,"Arun Jaitley Stadium, Delhi",1,11.4,Afghanistan,England,Rahmanullah Gurbaz,Ibrahim Zadran,MA Wood,0,0,,,,,,,,,
1384404,2023/24,2023-10-15,"Arun Jaitley Stadium, Delhi",1,11.5,Afghanistan,England,Rahmanullah Gurbaz,Ibrahim Zadran,MA Wood,1,0,,,,,,,,,
1384404,2023/24,2023-10-15,"Arun Jaitley Stadium, Delhi",1,11.6,Afghanistan,England,Ibrahim Zadran,Rahmanullah Gurbaz,MA Wood,0,0,,,,,,,,,
1384404,2023/24,2023-10-15,"Arun Jaitley Stadium, Delhi",1,12.1,Afghanistan,England,Rahmanullah Gurbaz,Ibrahim Zadran,AU Rashid,0,0,,,,,,,,,
1384404,2023/24,2023-10-15,"Arun Jaitley Stadium, Delhi",1,12.2,Afghanistan,England,Rahmanullah Gurbaz,Ibrahim Zadran,AU Rashid,1,0,,,,,,,,,
1384404,2023/24,2023-10-15,"Arun Jaitley Stadium, Delhi",1,12.3,Afghanistan,England,Ibrahim Zadran,Rahmanullah Gurbaz,AU Rashid,1,0,,,,,,,,,
1384404,2023/24,2023-10-15,"Arun Jaitley Stadium, Delhi",1,12.4,Afghanistan,England,Rahmanullah Gurbaz,Ibrahim Zadran,AU Rashid,6,0,,,,,,,,,
1384404,2023/24,2023-10-15,"Arun Jaitley Stadium, Delhi",1,12.5,Afghanistan,England,Rahmanullah Gurbaz,Ibrahim Zadran,AU Rashid,0,0,,,,,,,,,
1384404,2023/24,2023-10-15,"Arun Jaitley Stadium, Delhi",1,12.6,Afghanistan,England,Rahmanullah Gurbaz,Ibrahim Zadran,AU Rashid,1,0,,,,,,,,,
1384404,2023/24,2023-10-15,"Arun Jaitley Stadium, Delhi",1,13.1,Afghanistan,England,Rahmanullah Gurbaz,Ibrahim Zadran,MA Wood,0,0,,,,,,,,,
1384404,2023/24,2023-10-15,"Arun Jaitley Stadium, Delhi",1,13.2,Afghanistan,England,Rahmanullah Gurbaz,Ibrahim Zadran,MA Wood,1,0,,,,,,,,,
1384404,2023/24,2023-10-15,"Arun Jaitley Stadium, Delhi",1,13.3,Afghanistan,England,Ibrahim Zadran,Rahmanullah Gurbaz,MA Wood,0,0,,,,,,,,,
1384404,2023/24,2023-10-15,"Arun Jaitley Stadium, Delhi",1,13.4,Afghanistan,England,Ibrahim Zadran,Rahmanullah Gurbaz,MA Wood,1,0,,,,,,,,,
1384404,2023/24,2023-10-15,"Arun Jaitley Stadium, Delhi",1,13.5,Afghanistan,England,Rahmanullah Gurbaz,Ibrahim Zadran,MA Wood,1,0,,,,,,,,,
1384404,2023/24,2023-10-15,"Arun Jaitley Stadium, Delhi",1,13.6,Afghanistan,England,Ibrahim Zadran,Rahmanullah Gurbaz,MA Wood,1,0,,,,,,,,,
1384404,2023/24,2023-10-15,"Arun Jaitley Stadium, Delhi",1,14.1,Afghanistan,England,Ibrahim Zadran,Rahmanullah Gurbaz,AU Rashid,0,0,,,,,,,,,
1384404,2023/24,2023-10-15,"Arun Jaitley Stadium, Delhi",1,14.2,Afghanistan,England,Ibrahim Zadran,Rahmanullah Gurbaz,AU Rashid,0,0,,,,,,,,,
1384404,2023/24,2023-10-15,"Arun Jaitley Stadium, Delhi",1,14.3,Afghanistan,England,Ibrahim Zadran,Rahmanullah Gurbaz,AU Rashid,0,0,,,,,,,,,
1384404,2023/24,2023-10-15,"Arun Jaitley Stadium, Delhi",1,14.4,Afghanistan,England,Ibrahim Zadran,Rahmanullah Gurbaz,AU Rashid,0,0,,,,,,,,,
1384404,2023/24,2023-10-15,"Arun Jaitley Stadium, Delhi",1,14.5,Afghanistan,England,Ibrahim Zadran,Rahmanullah Gurbaz,AU Rashid,0,0,,,,,,,,,
1384404,2023/24,2023-10-15,"Arun Jaitley Stadium, Delhi",1,14.6,Afghanistan,England,Ibrahim Zadran,Rahmanullah Gurbaz,AU Rashid,0,0,,,,,,,,,
1384404,2023/24,2023-10-15,"Arun Jaitley Stadium, Delhi",1,15.1,Afghanistan,England,Rahmanullah Gurbaz,Ibrahim Zadran,MA Wood,0,0,,,,,,,,,
1384404,2023/24,2023-10-15,"Arun Jaitley Stadium, Delhi",1,15.2,Afghanistan,England,Rahmanullah Gurbaz,Ibrahim Zadran,MA Wood,4,0,,,,,,,,,
1384404,2023/24,2023-10-15,"Arun Jaitley Stadium, Delhi",1,15.3,Afghanistan,England,Rahmanullah Gurbaz,Ibrahim Zadran,MA Wood,1,0,,,,,,,,,
1384404,2023/24,2023-10-15,"Arun Jaitley Stadium, Delhi",1,15.4,Afghanistan,England,Ibrahim Zadran,Rahmanullah Gurbaz,MA Wood,0,0,,,,,,,,,
1384404,2023/24,2023-10-15,"Arun Jaitley Stadium, Delhi",1,15.5,Afghanistan,England,Ibrahim Zadran,Rahmanullah Gurbaz,MA Wood,0,0,,,,,,,,,
1384404,2023/24,2023-10-15,"Arun Jaitley Stadium, Delhi",1,15.6,Afghanistan,England,Ibrahim Zadran,Rahmanullah Gurbaz,MA Wood,0,0,,,,,,,,,
1384404,2023/24,2023-10-15,"Arun Jaitley Stadium, Delhi",1,16.1,Afghanistan,England,Rahmanullah Gurbaz,Ibrahim Zadran,AU Rashid,0,0,,,,,,,,,
1384404,2023/24,2023-10-15,"Arun Jaitley Stadium, Delhi",1,16.2,Afghanistan,England,Rahmanullah Gurbaz,Ibrahim Zadran,AU Rashid,1,0,,,,,,,,,
1384404,2023/24,2023-10-15,"Arun Jaitley Stadium, Delhi",1,16.3,Afghanistan,England,Ibrahim Zadran,Rahmanullah Gurbaz,AU Rashid,2,0,,,,,,,,,
1384404,2023/24,2023-10-15,"Arun Jaitley Stadium, Delhi",1,16.4,Afghanistan,England,Ibrahim Zadran,Rahmanullah Gurbaz,AU Rashid,0,0,,,,,,caught,Ibrahim Zadran,,
1384404,2023/24,2023-10-15,"Arun Jaitley Stadium, Delhi",1,16.5,Afghanistan,England,Rahmat Shah,Rahmanullah Gurbaz,AU Rashid,0,0,,,,,,,,,
1384404,2023/24,2023-10-15,"Arun Jaitley Stadium, Delhi",1,16.6,Afghanistan,England,Rahmat Shah,Rahmanullah Gurbaz,AU Rashid,1,0,,,,,,,,,
1384404,2023/24,2023-10-15,"Arun Jaitley Stadium, Delhi",1,17.1,Afghanistan,England,Rahmat Shah,Rahmanullah Gurbaz,MA Wood,1,0,,,,,,,,,
1384404,2023/24,2023-10-15,"Arun Jaitley Stadium, Delhi",1,17.2,Afghanistan,England,Rahmanullah Gurbaz,Rahmat Shah,MA Wood,2,0,,,,,,,,,
1384404,2023/24,2023-10-15,"Arun Jaitley Stadium, Delhi",1,17.3,Afghanistan,England,Rahmanullah Gurbaz,Rahmat Shah,MA Wood,2,0,,,,,,,,,
1384404,2023/24,2023-10-15,"Arun Jaitley Stadium, Delhi",1,17.4,Afghanistan,England,Rahmanullah Gurbaz,Rahmat Shah,MA Wood,0,0,,,,,,,,,
1384404,2023/24,2023-10-15,"Arun Jaitley Stadium, Delhi",1,17.5,Afghanistan,England,Rahmanullah Gurbaz,Rahmat Shah,MA Wood,1,0,,,,,,,,,
1384404,2023/24,2023-10-15,"Arun Jaitley Stadium, Delhi",1,17.6,Afghanistan,England,Rahmat Shah,Rahmanullah Gurbaz,MA Wood,1,0,,,,,,,,,
1384404,2023/24,2023-10-15,"Arun Jaitley Stadium, Delhi",1,18.1,Afghanistan,England,Rahmat Shah,Rahmanullah Gurbaz,AU Rashid,0,0,,,,,,,,,
1384404,2023/24,2023-10-15,"Arun Jaitley Stadium, Delhi",1,18.2,Afghanistan,England,Rahmat Shah,Rahmanullah Gurbaz,AU Rashid,0,0,,,,,,,,,
1384404,2023/24,2023-10-15,"Arun Jaitley Stadium, Delhi",1,18.3,Afghanistan,England,Rahmat Shah,Rahmanullah Gurbaz,AU Rashid,0,0,,,,,,,,,
1384404,2023/24,2023-10-15,"Arun Jaitley Stadium, Delhi",1,18.4,Afghanistan,England,Rahmat Shah,Rahmanullah Gurbaz,AU Rashid,0,0,,,,,,stumped,Rahmat Shah,,
1384404,2023/24,2023-10-15,"Arun Jaitley Stadium, Delhi",1,18.5,Afghanistan,England,Hashmatullah Shahidi,Rahmanullah Gurbaz,AU Rashid,0,0,,,,,,run out,Rahmanullah Gurbaz,,
1384404,2023/24,2023-10-15,"Arun Jaitley Stadium, Delhi",1,18.6,Afghanistan,England,Azmatullah Omarzai,Hashmatullah Shahidi,AU Rashid,1,0,,,,,,,,,
1384404,2023/24,2023-10-15,"Arun Jaitley Stadium, Delhi",1,19.1,Afghanistan,England,Azmatullah Omarzai,Hashmatullah Shahidi,LS Livingstone,0,0,,,,,,,,,
1384404,2023/24,2023-10-15,"Arun Jaitley Stadium, Delhi",1,19.2,Afghanistan,England,Azmatullah Omarzai,Hashmatullah Shahidi,LS Livingstone,1,0,,,,,,,,,
1384404,2023/24,2023-10-15,"Arun Jaitley Stadium, Delhi",1,19.3,Afghanistan,England,Hashmatullah Shahidi,Azmatullah Omarzai,LS Livingstone,0,0,,,,,,,,,
1384404,2023/24,2023-10-15,"Arun Jaitley Stadium, Delhi",1,19.4,Afghanistan,England,Hashmatullah Shahidi,Azmatullah Omarzai,LS Livingstone,0,0,,,,,,,,,
1384404,2023/24,2023-10-15,"Arun Jaitley Stadium, Delhi",1,19.5,Afghanistan,England,Hashmatullah Shahidi,Azmatullah Omarzai,LS Livingstone,0,0,,,,,,,,,
1384404,2023/24,2023-10-15,"Arun Jaitley Stadium, Delhi",1,19.6,Afghanistan,England,Hashmatullah Shahidi,Azmatullah Omarzai,LS Livingstone,1,0,,,,,,,,,
1384404,2023/24,2023-10-15,"Arun Jaitley Stadium, Delhi",1,20.1,Afghanistan,England,Hashmatullah Shahidi,Azmatullah Omarzai,AU Rashid,1,0,,,,,,,,,
1384404,2023/24,2023-10-15,"Arun Jaitley Stadium, Delhi",1,20.2,Afghanistan,England,Azmatullah Omarzai,Hashmatullah Shahidi,AU Rashid,0,0,,,,,,,,,
1384404,2023/24,2023-10-15,"Arun Jaitley Stadium, Delhi",1,20.3,Afghanistan,England,Azmatullah Omarzai,Hashmatullah Shahidi,AU Rashid,0,0,,,,,,,,,
1384404,2023/24,2023-10-15,"Arun Jaitley Stadium, Delhi",1,20.4,Afghanistan,England,Azmatullah Omarzai,Hashmatullah Shahidi,AU Rashid,0,0,,,,,,,,,
1384404,2023/24,2023-10-15,"Arun Jaitley Stadium, Delhi",1,20.5,Afghanistan,England,Azmatullah Omarzai,Hashmatullah Shahidi,AU Rashid,1,0,,,,,,,,,
1384404,2023/24,2023-10-15,"Arun Jaitley Stadium, Delhi",1,20.6,Afghanistan,England,Hashmatullah Shahidi,Azmatullah Omarzai,AU Rashid,0,0,,,,,,,,,
1384404,2023/24,2023-10-15,"Arun Jaitley Stadium, Delhi",1,21.1,Afghanistan,England,Azmatullah Omarzai,Hashmatullah Shahidi,LS Livingstone,1,0,,,,,,,,,
1384404,2023/24,2023-10-15,"Arun Jaitley Stadium, Delhi",1,21.2,Afghanistan,England,Hashmatullah Shahidi,Azmatullah Omarzai,LS Livingstone,0,0,,,,,,,,,
1384404,2023/24,2023-10-15,"Arun Jaitley Stadium, Delhi",1,21.3,Afghanistan,England,Hashmatullah Shahidi,Azmatullah Omarzai,LS Livingstone,1,0,,,,,,,,,
1384404,2023/24,2023-10-15,"Arun Jaitley Stadium, Delhi",1,21.4,Afghanistan,England,Azmatullah Omarzai,Hashmatullah Shahidi,LS Livingstone,0,0,,,,,,,,,
1384404,2023/24,2023-10-15,"Arun Jaitley Stadium, Delhi",1,21.5,Afghanistan,England,Azmatullah Omarzai,Hashmatullah Shahidi,LS Livingstone,0,0,,,,,,,,,
1384404,2023/24,2023-10-15,"Arun Jaitley Stadium, Delhi",1,21.6,Afghanistan,England,Azmatullah Omarzai,Hashmatullah Shahidi,LS Livingstone,0,0,,,,,,,,,
1384404,2023/24,2023-10-15,"Arun Jaitley Stadium, Delhi",1,22.1,Afghanistan,England,Hashmatullah Shahidi,Azmatullah Omarzai,AU Rashid,0,0,,,,,,,,,
1384404,2023/24,2023-10-15,"Arun Jaitley Stadium, Delhi",1,22.2,Afghanistan,England,Hashmatullah Shahidi,Azmatullah Omarzai,AU Rashid,1,0,,,,,,,,,
1384404,2023/24,2023-10-15,"Arun Jaitley Stadium, Delhi",1,22.3,Afghanistan,England,Azmatullah Omarzai,Hashmatullah Shahidi,AU Rashid,0,1,1,,,,,,,,
1384404,2023/24,2023-10-15,"Arun Jaitley Stadium, Delhi",1,22.4,Afghanistan,England,Azmatullah Omarzai,Hashmatullah Shahidi,AU Rashid,1,0,,,,,,,,,
1384404,2023/24,2023-10-15,"Arun Jaitley Stadium, Delhi",1,22.5,Afghanistan,England,Hashmatullah Shahidi,Azmatullah Omarzai,AU Rashid,1,0,,,,,,,,,
1384404,2023/24,2023-10-15,"Arun Jaitley Stadium, Delhi",1,22.6,Afghanistan,England,Azmatullah Omarzai,Hashmatullah Shahidi,AU Rashid,1,0,,,,,,,,,
1384404,2023/24,2023-10-15,"Arun Jaitley Stadium, Delhi",1,22.7,Afghanistan,England,Hashmatullah Shahidi,Azmatullah Omarzai,AU Rashid,1,0,,,,,,,,,
1384404,2023/24,2023-10-15,"Arun Jaitley Stadium, Delhi",1,23.1,Afghanistan,England,Hashmatullah Shahidi,Azmatullah Omarzai,LS Livingstone,1,0,,,,,,,,,
1384404,2023/24,2023-10-15,"Arun Jaitley Stadium, Delhi",1,23.2,Afghanistan,England,Azmatullah Omarzai,Hashmatullah Shahidi,LS Livingstone,1,0,,,,,,,,,
1384404,2023/24,2023-10-15,"Arun Jaitley Stadium, Delhi",1,23.3,Afghanistan,England,Hashmatullah Shahidi,Azmatullah Omarzai,LS Livingstone,0,0,,,,,,,,,
1384404,2023/24,2023-10-15,"Arun Jaitley Stadium, Delhi",1,23.4,Afghanistan,England,Hashmatullah Shahidi,Azmatullah Omarzai,LS Livingstone,1,0,,,,,,,,,
1384404,2023/24,2023-10-15,"Arun Jaitley Stadium, Delhi",1,23.5,Afghanistan,England,Azmatullah Omarzai,Hashmatullah Shahidi,LS Livingstone,1,0,,,,,,,,,
1384404,2023/24,2023-10-15,"Arun Jaitley Stadium, Delhi",1,23.6,Afghanistan,England,Hashmatullah Shahidi,Azmatullah Omarzai,LS Livingstone,0,0,,,,,,,,,
1384404,2023/24,2023-10-15,"Arun Jaitley Stadium, Delhi",1,24.1,Afghanistan,England,Azmatullah Omarzai,Hashmatullah Shahidi,CR Woakes,0,0,,,,,,,,,
1384404,2023/24,2023-10-15,"Arun Jaitley Stadium, Delhi",1,24.2,Afghanistan,England,Azmatullah Omarzai,Hashmatullah Shahidi,CR Woakes,6,0,,,,,,,,,
1384404,2023/24,2023-10-15,"Arun Jaitley Stadium, Delhi",1,24.3,Afghanistan,England,Azmatullah Omarzai,Hashmatullah Shahidi,CR Woakes,0,0,,,,,,,,,
1384404,2023/24,2023-10-15,"Arun Jaitley Stadium, Delhi",1,24.4,Afghanistan,England,Azmatullah Omarzai,Hashmatullah Shahidi,CR Woakes,4,0,,,,,,,,,
1384404,2023/24,2023-10-15,"Arun Jaitley Stadium, Delhi",1,24.5,Afghanistan,England,Azmatullah Omarzai,Hashmatullah Shahidi,CR Woakes,0,0,,,,,,,,,
1384404,2023/24,2023-10-15,"Arun Jaitley Stadium, Delhi",1,24.6,Afghanistan,England,Azmatullah Omarzai,Hashmatullah Shahidi,CR Woakes,0,0,,,,,,,,,
1384404,2023/24,2023-10-15,"Arun Jaitley Stadium, Delhi",1,25.1,Afghanistan,England,Hashmatullah Shahidi,Azmatullah Omarzai,LS Livingstone,0,0,,,,,,,,,
1384404,2023/24,2023-10-15,"Arun Jaitley Stadium, Delhi",1,25.2,Afghanistan,England,Hashmatullah Shahidi,Azmatullah Omarzai,LS Livingstone,1,0,,,,,,,,,
1384404,2023/24,2023-10-15,"Arun Jaitley Stadium, Delhi",1,25.3,Afghanistan,England,Azmatullah Omarzai,Hashmatullah Shahidi,LS Livingstone,1,0,,,,,,,,,
1384404,2023/24,2023-10-15,"Arun Jaitley Stadium, Delhi",1,25.4,Afghanistan,England,Hashmatullah Shahidi,Azmatullah Omarzai,LS Livingstone,1,0,,,,,,,,,
1384404,2023/24,2023-10-15,"Arun Jaitley Stadium, Delhi",1,25.5,Afghanistan,England,Azmatullah Omarzai,Hashmatullah Shahidi,LS Livingstone,0,0,,,,,,,,,
1384404,2023/24,2023-10-15,"Arun Jaitley Stadium, Delhi",1,25.6,Afghanistan,England,Azmatullah Omarzai,Hashmatullah Shahidi,LS Livingstone,0,0,,,,,,caught,Azmatullah Omarzai,,
1384404,2023/24,2023-10-15,"Arun Jaitley Stadium, Delhi",1,26.1,Afghanistan,England,Hashmatullah Shahidi,Ikram Alikhil,JE Root,0,0,,,,,,,,,
1384404,2023/24,2023-10-15,"Arun Jaitley Stadium, Delhi",1,26.2,Afghanistan,England,Hashmatullah Shahidi,Ikram Alikhil,JE Root,0,0,,,,,,,,,
1384404,2023/24,2023-10-15,"Arun Jaitley Stadium, Delhi",1,26.3,Afghanistan,England,Hashmatullah Shahidi,Ikram Alikhil,JE Root,1,0,,,,,,,,,
1384404,2023/24,2023-10-15,"Arun Jaitley Stadium, Delhi",1,26.4,Afghanistan,England,Ikram Alikhil,Hashmatullah Shahidi,JE Root,0,0,,,,,,,,,
1384404,2023/24,2023-10-15,"Arun Jaitley Stadium, Delhi",1,26.5,Afghanistan,England,Ikram Alikhil,Hashmatullah Shahidi,JE Root,0,0,,,,,,,,,
1384404,2023/24,2023-10-15,"Arun Jaitley Stadium, Delhi",1,26.6,Afghanistan,England,Ikram Alikhil,Hashmatullah Shahidi,JE Root,4,0,,,,,,,,,
1384404,2023/24,2023-10-15,"Arun Jaitley Stadium, Delhi",1,27.1,Afghanistan,England,Hashmatullah Shahidi,Ikram Alikhil,LS Livingstone,0,0,,,,,,,,,
1384404,2023/24,2023-10-15,"Arun Jaitley Stadium, Delhi",1,27.2,Afghanistan,England,Hashmatullah Shahidi,Ikram Alikhil,LS Livingstone,1,0,,,,,,,,,
1384404,2023/24,2023-10-15,"Arun Jaitley Stadium, Delhi",1,27.3,Afghanistan,England,Ikram Alikhil,Hashmatullah Shahidi,LS Livingstone,1,0,,,,,,,,,
1384404,2023/24,2023-10-15,"Arun Jaitley Stadium, Delhi",1,27.4,Afghanistan,England,Hashmatullah Shahidi,Ikram Alikhil,LS Livingstone,0,0,,,,,,,,,
1384404,2023/24,2023-10-15,"Arun Jaitley Stadium, Delhi",1,27.5,Afghanistan,England,Hashmatullah Shahidi,Ikram Alikhil,LS Livingstone,0,0,,,,,,,,,
1384404,2023/24,2023-10-15,"Arun Jaitley Stadium, Delhi",1,27.6,Afghanistan,England,Hashmatullah Shahidi,Ikram Alikhil,LS Livingstone,0,0,,,,,,,,,
1384404,2023/24,2023-10-15,"Arun Jaitley Stadium, Delhi",1,28.1,Afghanistan,England,Ikram Alikhil,Hashmatullah Shahidi,JE Root,0,0,,,,,,,,,
1384404,2023/24,2023-10-15,"Arun Jaitley Stadium, Delhi",1,28.2,Afghanistan,England,Ikram Alikhil,Hashmatullah Shahidi,JE Root,0,0,,,,,,,,,
1384404,2023/24,2023-10-15,"Arun Jaitley Stadium, Delhi",1,28.3,Afghanistan,England,Ikram Alikhil,Hashmatullah Shahidi,JE Root,6,0,,,,,,,,,
1384404,2023/24,2023-10-15,"Arun Jaitley Stadium, Delhi",1,28.4,Afghanistan,England,Ikram Alikhil,Hashmatullah Shahidi,JE Root,0,0,,,,,,,,,
1384404,2023/24,2023-10-15,"Arun Jaitley Stadium, Delhi",1,28.5,Afghanistan,England,Ikram Alikhil,Hashmatullah Shahidi,JE Root,1,0,,,,,,,,,
1384404,2023/24,2023-10-15,"Arun Jaitley Stadium, Delhi",1,28.6,Afghanistan,England,Hashmatullah Shahidi,Ikram Alikhil,JE Root,0,0,,,,,,,,,
1384404,2023/24,2023-10-15,"Arun Jaitley Stadium, Delhi",1,29.1,Afghanistan,England,Ikram Alikhil,Hashmatullah Shahidi,LS Livingstone,0,0,,,,,,,,,
1384404,2023/24,2023-10-15,"Arun Jaitley Stadium, Delhi",1,29.2,Afghanistan,England,Ikram Alikhil,Hashmatullah Shahidi,LS Livingstone,0,0,,,,,,,,,
1384404,2023/24,2023-10-15,"Arun Jaitley Stadium, Delhi",1,29.3,Afghanistan,England,Ikram Alikhil,Hashmatullah Shahidi,LS Livingstone,0,0,,,,,,,,,
1384404,2023/24,2023-10-15,"Arun Jaitley Stadium, Delhi",1,29.4,Afghanistan,England,Ikram Alikhil,Hashmatullah Shahidi,LS Livingstone,0,0,,,,,,,,,
1384404,2023/24,2023-10-15,"Arun Jaitley Stadium, Delhi",1,29.5,Afghanistan,England,Ikram Alikhil,Hashmatullah Shahidi,LS Livingstone,1,0,,,,,,,,,
1384404,2023/24,2023-10-15,"Arun Jaitley Stadium, Delhi",1,29.6,Afghanistan,England,Hashmatullah Shahidi,Ikram Alikhil,LS Livingstone,0,0,,,,,,,,,
1384404,2023/24,2023-10-15,"Arun Jaitley Stadium, Delhi",1,30.1,Afghanistan,England,Ikram Alikhil,Hashmatullah Shahidi,JE Root,0,0,,,,,,,,,
1384404,2023/24,2023-10-15,"Arun Jaitley Stadium, Delhi",1,30.2,Afghanistan,England,Ikram Alikhil,Hashmatullah Shahidi,JE Root,1,0,,,,,,,,,
1384404,2023/24,2023-10-15,"Arun Jaitley Stadium, Delhi",1,30.3,Afghanistan,England,Hashmatullah Shahidi,Ikram Alikhil,JE Root,0,0,,,,,,,,,
1384404,2023/24,2023-10-15,"Arun Jaitley Stadium, Delhi",1,30.4,Afghanistan,England,Hashmatullah Shahidi,Ikram Alikhil,JE Root,0,0,,,,,,,,,
1384404,2023/24,2023-10-15,"Arun Jaitley Stadium, Delhi",1,30.5,Afghanistan,England,Hashmatullah Shahidi,Ikram Alikhil,JE Root,1,0,,,,,,,,,
1384404,2023/24,2023-10-15,"Arun Jaitley Stadium, Delhi",1,30.6,Afghanistan,England,Ikram Alikhil,Hashmatullah Shahidi,JE Root,1,0,,,,,,,,,
1384404,2023/24,2023-10-15,"Arun Jaitley Stadium, Delhi",1,31.1,Afghanistan,England,Ikram Alikhil,Hashmatullah Shahidi,LS Livingstone,0,0,,,,,,,,,
1384404,2023/24,2023-10-15,"Arun Jaitley Stadium, Delhi",1,31.2,Afghanistan,England,Ikram Alikhil,Hashmatullah Shahidi,LS Livingstone,1,0,,,,,,,,,
1384404,2023/24,2023-10-15,"Arun Jaitley Stadium, Delhi",1,31.3,Afghanistan,England,Hashmatullah Shahidi,Ikram Alikhil,LS Livingstone,0,0,,,,,,,,,
1384404,2023/24,2023-10-15,"Arun Jaitley Stadium, Delhi",1,31.4,Afghanistan,England,Hashmatullah Shahidi,Ikram Alikhil,LS Livingstone,1,0,,,,,,,,,
1384404,2023/24,2023-10-15,"Arun Jaitley Stadium, Delhi",1,31.5,Afghanistan,England,Ikram Alikhil,Hashmatullah Shahidi,LS Livingstone,0,0,,,,,,,,,
1384404,2023/24,2023-10-15,"Arun Jaitley Stadium, Delhi",1,31.6,Afghanistan,England,Ikram Alikhil,Hashmatullah Shahidi,LS Livingstone,2,0,,,,,,,,,
1384404,2023/24,2023-10-15,"Arun Jaitley Stadium, Delhi",1,32.1,Afghanistan,England,Hashmatullah Shahidi,Ikram Alikhil,JE Root,0,0,,,,,,bowled,Hashmatullah Shahidi,,
1384404,2023/24,2023-10-15,"Arun Jaitley Stadium, Delhi",1,32.2,Afghanistan,England,Mohammad Nabi,Ikram Alikhil,JE Root,0,0,,,,,,,,,
1384404,2023/24,2023-10-15,"Arun Jaitley Stadium, Delhi",1,32.3,Afghanistan,England,Mohammad Nabi,Ikram Alikhil,JE Root,0,0,,,,,,,,,
1384404,2023/24,2023-10-15,"Arun Jaitley Stadium, Delhi",1,32.4,Afghanistan,England,Mohammad Nabi,Ikram Alikhil,JE Root,0,0,,,,,,,,,
1384404,2023/24,2023-10-15,"Arun Jaitley Stadium, Delhi",1,32.5,Afghanistan,England,Mohammad Nabi,Ikram Alikhil,JE Root,0,0,,,,,,,,,
1384404,2023/24,2023-10-15,"Arun Jaitley Stadium, Delhi",1,32.6,Afghanistan,England,Mohammad Nabi,Ikram Alikhil,JE Root,4,0,,,,,,,,,
1384404,2023/24,2023-10-15,"Arun Jaitley Stadium, Delhi",1,33.1,Afghanistan,England,Ikram Alikhil,Mohammad Nabi,LS Livingstone,1,0,,,,,,,,,
1384404,2023/24,2023-10-15,"Arun Jaitley Stadium, Delhi",1,33.2,Afghanistan,England,Mohammad Nabi,Ikram Alikhil,LS Livingstone,0,0,,,,,,,,,
1384404,2023/24,2023-10-15,"Arun Jaitley Stadium, Delhi",1,33.3,Afghanistan,England,Mohammad Nabi,Ikram Alikhil,LS Livingstone,1,0,,,,,,,,,
1384404,2023/24,2023-10-15,"Arun Jaitley Stadium, Delhi",1,33.4,Afghanistan,England,Ikram Alikhil,Mohammad Nabi,LS Livingstone,1,0,,,,,,,,,
1384404,2023/24,2023-10-15,"Arun Jaitley Stadium, Delhi",1,33.5,Afghanistan,England,Mohammad Nabi,Ikram Alikhil,LS Livingstone,1,0,,,,,,,,,
1384404,2023/24,2023-10-15,"Arun Jaitley Stadium, Delhi",1,33.6,Afghanistan,England,Ikram Alikhil,Mohammad Nabi,LS Livingstone,1,0,,,,,,,,,
1384404,2023/24,2023-10-15,"Arun Jaitley Stadium, Delhi",1,34.1,Afghanistan,England,Ikram Alikhil,Mohammad Nabi,MA Wood,1,0,,,,,,,,,
1384404,2023/24,2023-10-15,"Arun Jaitley Stadium, Delhi",1,34.2,Afghanistan,England,Mohammad Nabi,Ikram Alikhil,MA Wood,0,0,,,,,,,,,
1384404,2023/24,2023-10-15,"Arun Jaitley Stadium, Delhi",1,34.3,Afghanistan,England,Mohammad Nabi,Ikram Alikhil,MA Wood,0,0,,,,,,,,,
1384404,2023/24,2023-10-15,"Arun Jaitley Stadium, Delhi",1,34.4,Afghanistan,England,Mohammad Nabi,Ikram Alikhil,MA Wood,0,0,,,,,,,,,
1384404,2023/24,2023-10-15,"Arun Jaitley Stadium, Delhi",1,34.5,Afghanistan,England,Mohammad Nabi,Ikram Alikhil,MA Wood,1,0,,,,,,,,,
1384404,2023/24,2023-10-15,"Arun Jaitley Stadium, Delhi",1,34.6,Afghanistan,England,Ikram Alikhil,Mohammad Nabi,MA Wood,1,0,,,,,,,,,
1384404,2023/24,2023-10-15,"Arun Jaitley Stadium, Delhi",1,35.1,Afghanistan,England,Ikram Alikhil,Mohammad Nabi,LS Livingstone,0,0,,,,,,,,,
1384404,2023/24,2023-10-15,"Arun Jaitley Stadium, Delhi",1,35.2,Afghanistan,England,Ikram Alikhil,Mohammad Nabi,LS Livingstone,0,0,,,,,,,,,
1384404,2023/24,2023-10-15,"Arun Jaitley Stadium, Delhi",1,35.3,Afghanistan,England,Ikram Alikhil,Mohammad Nabi,LS Livingstone,1,0,,,,,,,,,
1384404,2023/24,2023-10-15,"Arun Jaitley Stadium, Delhi",1,35.4,Afghanistan,England,Mohammad Nabi,Ikram Alikhil,LS Livingstone,1,0,,,,,,,,,
1384404,2023/24,2023-10-15,"Arun Jaitley Stadium, Delhi",1,35.5,Afghanistan,England,Ikram Alikhil,Mohammad Nabi,LS Livingstone,1,0,,,,,,,,,
1384404,2023/24,2023-10-15,"Arun Jaitley Stadium, Delhi",1,35.6,Afghanistan,England,Mohammad Nabi,Ikram Alikhil,LS Livingstone,1,0,,,,,,,,,
1384404,2023/24,2023-10-15,"Arun Jaitley Stadium, Delhi",1,36.1,Afghanistan,England,Mohammad Nabi,Ikram Alikhil,MA Wood,0,0,,,,,,caught,Mohammad Nabi,,
1384404,2023/24,2023-10-15,"Arun Jaitley Stadium, Delhi",1,36.2,Afghanistan,England,Rashid Khan,Ikram Alikhil,MA Wood,4,0,,,,,,,,,
1384404,2023/24,2023-10-15,"Arun Jaitley Stadium, Delhi",1,36.3,Afghanistan,England,Rashid Khan,Ikram Alikhil,MA Wood,0,0,,,,,,,,,
1384404,2023/24,2023-10-15,"Arun Jaitley Stadium, Delhi",1,36.4,Afghanistan,England,Rashid Khan,Ikram Alikhil,MA Wood,0,0,,,,,,,,,
1384404,2023/24,2023-10-15,"Arun Jaitley Stadium, Delhi",1,36.5,Afghanistan,England,Rashid Khan,Ikram Alikhil,MA Wood,4,0,,,,,,,,,
1384404,2023/24,2023-10-15,"Arun Jaitley Stadium, Delhi",1,36.6,Afghanistan,England,Rashid Khan,Ikram Alikhil,MA Wood,0,0,,,,,,,,,
1384404,2023/24,2023-10-15,"Arun Jaitley Stadium, Delhi",1,37.1,Afghanistan,England,Ikram Alikhil,Rashid Khan,LS Livingstone,0,0,,,,,,,,,
1384404,2023/24,2023-10-15,"Arun Jaitley Stadium, Delhi",1,37.2,Afghanistan,England,Ikram Alikhil,Rashid Khan,LS Livingstone,1,0,,,,,,,,,
1384404,2023/24,2023-10-15,"Arun Jaitley Stadium, Delhi",1,37.3,Afghanistan,England,Rashid Khan,Ikram Alikhil,LS Livingstone,0,0,,,,,,,,,
1384404,2023/24,2023-10-15,"Arun Jaitley Stadium, Delhi",1,37.4,Afghanistan,England,Rashid Khan,Ikram Alikhil,LS Livingstone,4,0,,,,,,,,,
1384404,2023/24,2023-10-15,"Arun Jaitley Stadium, Delhi",1,37.5,Afghanistan,England,Rashid Khan,Ikram Alikhil,LS Livingstone,1,0,,,,,,,,,
1384404,2023/24,2023-10-15,"Arun Jaitley Stadium, Delhi",1,37.6,Afghanistan,England,Ikram Alikhil,Rashid Khan,LS Livingstone,0,0,,,,,,,,,
1384404,2023/24,2023-10-15,"Arun Jaitley Stadium, Delhi",1,38.1,Afghanistan,England,Rashid Khan,Ikram Alikhil,MA Wood,0,0,,,,,,,,,
1384404,2023/24,2023-10-15,"Arun Jaitley Stadium, Delhi",1,38.2,Afghanistan,England,Rashid Khan,Ikram Alikhil,MA Wood,1,0,,,,,,,,,
1384404,2023/24,2023-10-15,"Arun Jaitley Stadium, Delhi",1,38.3,Afghanistan,England,Ikram Alikhil,Rashid Khan,MA Wood,0,0,,,,,,,,,
1384404,2023/24,2023-10-15,"Arun Jaitley Stadium, Delhi",1,38.4,Afghanistan,England,Ikram Alikhil,Rashid Khan,MA Wood,1,0,,,,,,,,,
1384404,2023/24,2023-10-15,"Arun Jaitley Stadium, Delhi",1,38.5,Afghanistan,England,Rashid Khan,Ikram Alikhil,MA Wood,1,0,,,,,,,,,
1384404,2023/24,2023-10-15,"Arun Jaitley Stadium, Delhi",1,38.6,Afghanistan,England,Ikram Alikhil,Rashid Khan,MA Wood,0,0,,,,,,,,,
1384404,2023/24,2023-10-15,"Arun Jaitley Stadium, Delhi",1,39.1,Afghanistan,England,Rashid Khan,Ikram Alikhil,RJW Topley,1,0,,,,,,,,,
1384404,2023/24,2023-10-15,"Arun Jaitley Stadium, Delhi",1,39.2,Afghanistan,England,Ikram Alikhil,Rashid Khan,RJW Topley,1,0,,,,,,,,,
1384404,2023/24,2023-10-15,"Arun Jaitley Stadium, Delhi",1,39.3,Afghanistan,England,Rashid Khan,Ikram Alikhil,RJW Topley,1,0,,,,,,,,,
1384404,2023/24,2023-10-15,"Arun Jaitley Stadium, Delhi",1,39.4,Afghanistan,England,Ikram Alikhil,Rashid Khan,RJW Topley,4,0,,,,,,,,,
1384404,2023/24,2023-10-15,"Arun Jaitley Stadium, Delhi",1,39.5,Afghanistan,England,Ikram Alikhil,Rashid Khan,RJW Topley,0,1,1,,,,,,,,
1384404,2023/24,2023-10-15,"Arun Jaitley Stadium, Delhi",1,39.6,Afghanistan,England,Ikram Alikhil,Rashid Khan,RJW Topley,1,0,,,,,,,,,
1384404,2023/24,2023-10-15,"Arun Jaitley Stadium, Delhi",1,39.7,Afghanistan,England,Rashid Khan,Ikram Alikhil,RJW Topley,0,0,,,,,,,,,
1384404,2023/24,2023-10-15,"Arun Jaitley Stadium, Delhi",1,40.1,Afghanistan,England,Ikram Alikhil,Rashid Khan,AU Rashid,1,0,,,,,,,,,
1384404,2023/24,2023-10-15,"Arun Jaitley Stadium, Delhi",1,40.2,Afghanistan,England,Rashid Khan,Ikram Alikhil,AU Rashid,1,0,,,,,,,,,
1384404,2023/24,2023-10-15,"Arun Jaitley Stadium, Delhi",1,40.3,Afghanistan,England,Ikram Alikhil,Rashid Khan,AU Rashid,1,0,,,,,,,,,
1384404,2023/24,2023-10-15,"Arun Jaitley Stadium, Delhi",1,40.4,Afghanistan,England,Rashid Khan,Ikram Alikhil,AU Rashid,1,0,,,,,,,,,
1384404,2023/24,2023-10-15,"Arun Jaitley Stadium, Delhi",1,40.5,Afghanistan,England,Ikram Alikhil,Rashid Khan,AU Rashid,0,0,,,,,,,,,
1384404,2023/24,2023-10-15,"Arun Jaitley Stadium, Delhi",1,40.6,Afghanistan,England,Ikram Alikhil,Rashid Khan,AU Rashid,1,0,,,,,,,,,
1384404,2023/24,2023-10-15,"Arun Jaitley Stadium, Delhi",1,41.1,Afghanistan,England,Ikram Alikhil,Rashid Khan,RJW Topley,4,0,,,,,,,,,
1384404,2023/24,2023-10-15,"Arun Jaitley Stadium, Delhi",1,41.2,Afghanistan,England,Ikram Alikhil,Rashid Khan,RJW Topley,0,0,,,,,,,,,
1384404,2023/24,2023-10-15,"Arun Jaitley Stadium, Delhi",1,41.3,Afghanistan,England,Ikram Alikhil,Rashid Khan,RJW Topley,0,0,,,,,,,,,
1384404,2023/24,2023-10-15,"Arun Jaitley Stadium, Delhi",1,41.4,Afghanistan,England,Ikram Alikhil,Rashid Khan,RJW Topley,0,0,,,,,,,,,
1384404,2023/24,2023-10-15,"Arun Jaitley Stadium, Delhi",1,41.5,Afghanistan,England,Ikram Alikhil,Rashid Khan,RJW Topley,0,0,,,,,,,,,
1384404,2023/24,2023-10-15,"Arun Jaitley Stadium, Delhi",1,41.6,Afghanistan,England,Ikram Alikhil,Rashid Khan,RJW Topley,2,0,,,,,,,,,
1384404,2023/24,2023-10-15,"Arun Jaitley Stadium, Delhi",1,42.1,Afghanistan,England,Rashid Khan,Ikram Alikhil,AU Rashid,2,0,,,,,,,,,
1384404,2023/24,2023-10-15,"Arun Jaitley Stadium, Delhi",1,42.2,Afghanistan,England,Rashid Khan,Ikram Alikhil,AU Rashid,0,0,,,,,,,,,
1384404,2023/24,2023-10-15,"Arun Jaitley Stadium, Delhi",1,42.3,Afghanistan,England,Rashid Khan,Ikram Alikhil,AU Rashid,1,0,,,,,,,,,
1384404,2023/24,2023-10-15,"Arun Jaitley Stadium, Delhi",1,42.4,Afghanistan,England,Ikram Alikhil,Rashid Khan,AU Rashid,0,0,,,,,,,,,
1384404,2023/24,2023-10-15,"Arun Jaitley Stadium, Delhi",1,42.5,Afghanistan,England,Ikram Alikhil,Rashid Khan,AU Rashid,0,0,,,,,,,,,
1384404,2023/24,2023-10-15,"Arun Jaitley Stadium, Delhi",1,42.6,Afghanistan,England,Ikram Alikhil,Rashid Khan,AU Rashid,1,0,,,,,,,,,
1384404,2023/24,2023-10-15,"Arun Jaitley Stadium, Delhi",1,43.1,Afghanistan,England,Ikram Alikhil,Rashid Khan,SM Curran,0,0,,,,,,,,,
1384404,2023/24,2023-10-15,"Arun Jaitley Stadium, Delhi",1,43.2,Afghanistan,England,Ikram Alikhil,Rashid Khan,SM Curran,1,0,,,,,,,,,
1384404,2023/24,2023-10-15,"Arun Jaitley Stadium, Delhi",1,43.3,Afghanistan,England,Rashid Khan,Ikram Alikhil,SM Curran,0,0,,,,,,,,,
1384404,2023/24,2023-10-15,"Arun Jaitley Stadium, Delhi",1,43.4,Afghanistan,England,Rashid Khan,Ikram Alikhil,SM Curran,1,0,,,,,,,,,
1384404,2023/24,2023-10-15,"Arun Jaitley Stadium, Delhi",1,43.5,Afghanistan,England,Ikram Alikhil,Rashid Khan,SM Curran,0,0,,,,,,,,,
1384404,2023/24,2023-10-15,"Arun Jaitley Stadium, Delhi",1,43.6,Afghanistan,England,Ikram Alikhil,Rashid Khan,SM Curran,0,0,,,,,,,,,
1384404,2023/24,2023-10-15,"Arun Jaitley Stadium, Delhi",1,44.1,Afghanistan,England,Rashid Khan,Ikram Alikhil,AU Rashid,0,0,,,,,,caught,Rashid Khan,,
1384404,2023/24,2023-10-15,"Arun Jaitley Stadium, Delhi",1,44.2,Afghanistan,England,Mujeeb Ur Rahman,Ikram Alikhil,AU Rashid,0,0,,,,,,,,,
1384404,2023/24,2023-10-15,"Arun Jaitley Stadium, Delhi",1,44.3,Afghanistan,England,Mujeeb Ur Rahman,Ikram Alikhil,AU Rashid,1,0,,,,,,,,,
1384404,2023/24,2023-10-15,"Arun Jaitley Stadium, Delhi",1,44.4,Afghanistan,England,Ikram Alikhil,Mujeeb Ur Rahman,AU Rashid,1,0,,,,,,,,,
1384404,2023/24,2023-10-15,"Arun Jaitley Stadium, Delhi",1,44.5,Afghanistan,England,Mujeeb Ur Rahman,Ikram Alikhil,AU Rashid,1,0,,,,,,,,,
1384404,2023/24,2023-10-15,"Arun Jaitley Stadium, Delhi",1,44.6,Afghanistan,England,Ikram Alikhil,Mujeeb Ur Rahman,AU Rashid,1,0,,,,,,,,,
1384404,2023/24,2023-10-15,"Arun Jaitley Stadium, Delhi",1,45.1,Afghanistan,England,Ikram Alikhil,Mujeeb Ur Rahman,SM Curran,1,0,,,,,,,,,
1384404,2023/24,2023-10-15,"Arun Jaitley Stadium, Delhi",1,45.2,Afghanistan,England,Mujeeb Ur Rahman,Ikram Alikhil,SM Curran,0,0,,,,,,,,,
1384404,2023/24,2023-10-15,"Arun Jaitley Stadium, Delhi",1,45.3,Afghanistan,England,Mujeeb Ur Rahman,Ikram Alikhil,SM Curran,4,0,,,,,,,,,
1384404,2023/24,2023-10-15,"Arun Jaitley Stadium, Delhi",1,45.4,Afghanistan,England,Mujeeb Ur Rahman,Ikram Alikhil,SM Curran,4,1,,1,,,,,,,
1384404,2023/24,2023-10-15,"Arun Jaitley Stadium, Delhi",1,45.5,Afghanistan,England,Mujeeb Ur Rahman,Ikram Alikhil,SM Curran,6,0,,,,,,,,,
1384404,2023/24,2023-10-15,"Arun Jaitley Stadium, Delhi",1,45.6,Afghanistan,England,Mujeeb Ur Rahman,Ikram Alikhil,SM Curran,2,0,,,,,,,,,
1384404,2023/24,2023-10-15,"Arun Jaitley Stadium, Delhi",1,45.7,Afghanistan,England,Mujeeb Ur Rahman,Ikram Alikhil,SM Curran,0,0,,,,,,,,,
1384404,2023/24,2023-10-15,"Arun Jaitley Stadium, Delhi",1,46.1,Afghanistan,England,Ikram Alikhil,Mujeeb Ur Rahman,MA Wood,1,0,,,,,,,,,
1384404,2023/24,2023-10-15,"Arun Jaitley Stadium, Delhi",1,46.2,Afghanistan,England,Mujeeb Ur Rahman,Ikram Alikhil,MA Wood,0,0,,,,,,,,,
1384404,2023/24,2023-10-15,"Arun Jaitley Stadium, Delhi",1,46.3,Afghanistan,England,Mujeeb Ur Rahman,Ikram Alikhil,MA Wood,4,0,,,,,,,,,
1384404,2023/24,2023-10-15,"Arun Jaitley Stadium, Delhi",1,46.4,Afghanistan,England,Mujeeb Ur Rahman,Ikram Alikhil,MA Wood,1,0,,,,,,,,,
1384404,2023/24,2023-10-15,"Arun Jaitley Stadium, Delhi",1,46.5,Afghanistan,England,Ikram Alikhil,Mujeeb Ur Rahman,MA Wood,2,0,,,,,,,,,
1384404,2023/24,2023-10-15,"Arun Jaitley Stadium, Delhi",1,46.6,Afghanistan,England,Ikram Alikhil,Mujeeb Ur Rahman,MA Wood,0,0,,,,,,,,,
1384404,2023/24,2023-10-15,"Arun Jaitley Stadium, Delhi",1,47.1,Afghanistan,England,Mujeeb Ur Rahman,Ikram Alikhil,RJW Topley,1,0,,,,,,,,,
1384404,2023/24,2023-10-15,"Arun Jaitley Stadium, Delhi",1,47.2,Afghanistan,England,Ikram Alikhil,Mujeeb Ur Rahman,RJW Topley,6,0,,,,,,,,,
1384404,2023/24,2023-10-15,"Arun Jaitley Stadium, Delhi",1,47.3,Afghanistan,England,Ikram Alikhil,Mujeeb Ur Rahman,RJW Topley,1,0,,,,,,,,,
1384404,2023/24,2023-10-15,"Arun Jaitley Stadium, Delhi",1,47.4,Afghanistan,England,Mujeeb Ur Rahman,Ikram Alikhil,RJW Topley,1,0,,,,,,,,,
1384404,2023/24,2023-10-15,"Arun Jaitley Stadium, Delhi",1,47.5,Afghanistan,England,Ikram Alikhil,Mujeeb Ur Rahman,RJW Topley,1,1,,1,,,,,,,
1384404,2023/24,2023-10-15,"Arun Jaitley Stadium, Delhi",1,47.6,Afghanistan,England,Mujeeb Ur Rahman,Ikram Alikhil,RJW Topley,3,0,,,,,,,,,
1384404,2023/24,2023-10-15,"Arun Jaitley Stadium, Delhi",1,47.7,Afghanistan,England,Ikram Alikhil,Mujeeb Ur Rahman,RJW Topley,0,0,,,,,,caught,Ikram Alikhil,,
1384404,2023/24,2023-10-15,"Arun Jaitley Stadium, Delhi",1,48.1,Afghanistan,England,Mujeeb Ur Rahman,Naveen-ul-Haq,MA Wood,0,0,,,,,,caught,Mujeeb Ur Rahman,,
1384404,2023/24,2023-10-15,"Arun Jaitley Stadium, Delhi",1,48.2,Afghanistan,England,Fazalhaq Farooqi,Naveen-ul-Haq,MA Wood,1,0,,,,,,,,,
1384404,2023/24,2023-10-15,"Arun Jaitley Stadium, Delhi",1,48.3,Afghanistan,England,Naveen-ul-Haq,Fazalhaq Farooqi,MA Wood,0,0,,,,,,,,,
1384404,2023/24,2023-10-15,"Arun Jaitley Stadium, Delhi",1,48.4,Afghanistan,England,Naveen-ul-Haq,Fazalhaq Farooqi,MA Wood,0,0,,,,,,,,,
1384404,2023/24,2023-10-15,"Arun Jaitley Stadium, Delhi",1,48.5,Afghanistan,England,Naveen-ul-Haq,Fazalhaq Farooqi,MA Wood,0,0,,,,,,,,,
1384404,2023/24,2023-10-15,"Arun Jaitley Stadium, Delhi",1,48.6,Afghanistan,England,Naveen-ul-Haq,Fazalhaq Farooqi,MA Wood,4,0,,,,,,,,,
1384404,2023/24,2023-10-15,"Arun Jaitley Stadium, Delhi",1,49.1,Afghanistan,England,Fazalhaq Farooqi,Naveen-ul-Haq,RJW Topley,0,0,,,,,,,,,
1384404,2023/24,2023-10-15,"Arun Jaitley Stadium, Delhi",1,49.2,Afghanistan,England,Fazalhaq Farooqi,Naveen-ul-Haq,RJW Topley,1,0,,,,,,,,,
1384404,2023/24,2023-10-15,"Arun Jaitley Stadium, Delhi",1,49.3,Afghanistan,England,Naveen-ul-Haq,Fazalhaq Farooqi,RJW Topley,0,0,,,,,,,,,
1384404,2023/24,2023-10-15,"Arun Jaitley Stadium, Delhi",1,49.4,Afghanistan,England,Naveen-ul-Haq,Fazalhaq Farooqi,RJW Topley,1,0,,,,,,,,,
1384404,2023/24,2023-10-15,"Arun Jaitley Stadium, Delhi",1,49.5,Afghanistan,England,Fazalhaq Farooqi,Naveen-ul-Haq,RJW Topley,0,0,,,,,,run out,Naveen-ul-Haq,,
1384404,2023/24,2023-10-15,"Arun Jaitley Stadium, Delhi",2,0.1,England,Afghanistan,JM Bairstow,DJ Malan,Mujeeb Ur Rahman,0,0,,,,,,,,,
1384404,2023/24,2023-10-15,"Arun Jaitley Stadium, Delhi",2,0.2,England,Afghanistan,JM Bairstow,DJ Malan,Mujeeb Ur Rahman,1,0,,,,,,,,,
1384404,2023/24,2023-10-15,"Arun Jaitley Stadium, Delhi",2,0.3,England,Afghanistan,DJ Malan,JM Bairstow,Mujeeb Ur Rahman,1,0,,,,,,,,,
1384404,2023/24,2023-10-15,"Arun Jaitley Stadium, Delhi",2,0.4,England,Afghanistan,JM Bairstow,DJ Malan,Mujeeb Ur Rahman,1,0,,,,,,,,,
1384404,2023/24,2023-10-15,"Arun Jaitley Stadium, Delhi",2,0.5,England,Afghanistan,DJ Malan,JM Bairstow,Mujeeb Ur Rahman,0,0,,,,,,,,,
1384404,2023/24,2023-10-15,"Arun Jaitley Stadium, Delhi",2,0.6,England,Afghanistan,DJ Malan,JM Bairstow,Mujeeb Ur Rahman,0,0,,,,,,,,,
1384404,2023/24,2023-10-15,"Arun Jaitley Stadium, Delhi",2,1.1,England,Afghanistan,JM Bairstow,DJ Malan,Fazalhaq Farooqi,0,0,,,,,,lbw,JM Bairstow,,
1384404,2023/24,2023-10-15,"Arun Jaitley Stadium, Delhi",2,1.2,England,Afghanistan,JE Root,DJ Malan,Fazalhaq Farooqi,4,0,,,,,,,,,
1384404,2023/24,2023-10-15,"Arun Jaitley Stadium, Delhi",2,1.3,England,Afghanistan,JE Root,DJ Malan,Fazalhaq Farooqi,0,0,,,,,,,,,
1384404,2023/24,2023-10-15,"Arun Jaitley Stadium, Delhi",2,1.4,England,Afghanistan,JE Root,DJ Malan,Fazalhaq Farooqi,0,0,,,,,,,,,
1384404,2023/24,2023-10-15,"Arun Jaitley Stadium, Delhi",2,1.5,England,Afghanistan,JE Root,DJ Malan,Fazalhaq Farooqi,0,0,,,,,,,,,
1384404,2023/24,2023-10-15,"Arun Jaitley Stadium, Delhi",2,1.6,England,Afghanistan,JE Root,DJ Malan,Fazalhaq Farooqi,0,0,,,,,,,,,
1384404,2023/24,2023-10-15,"Arun Jaitley Stadium, Delhi",2,2.1,England,Afghanistan,DJ Malan,JE Root,Mujeeb Ur Rahman,1,0,,,,,,,,,
1384404,2023/24,2023-10-15,"Arun Jaitley Stadium, Delhi",2,2.2,England,Afghanistan,JE Root,DJ Malan,Mujeeb Ur Rahman,0,0,,,,,,,,,
1384404,2023/24,2023-10-15,"Arun Jaitley Stadium, Delhi",2,2.3,England,Afghanistan,JE Root,DJ Malan,Mujeeb Ur Rahman,0,0,,,,,,,,,
1384404,2023/24,2023-10-15,"Arun Jaitley Stadium, Delhi",2,2.4,England,Afghanistan,JE Root,DJ Malan,Mujeeb Ur Rahman,1,0,,,,,,,,,
1384404,2023/24,2023-10-15,"Arun Jaitley Stadium, Delhi",2,2.5,England,Afghanistan,DJ Malan,JE Root,Mujeeb Ur Rahman,0,0,,,,,,,,,
1384404,2023/24,2023-10-15,"Arun Jaitley Stadium, Delhi",2,2.6,England,Afghanistan,DJ Malan,JE Root,Mujeeb Ur Rahman,0,0,,,,,,,,,
1384404,2023/24,2023-10-15,"Arun Jaitley Stadium, Delhi",2,3.1,England,Afghanistan,JE Root,DJ Malan,Fazalhaq Farooqi,1,0,,,,,,,,,
1384404,2023/24,2023-10-15,"Arun Jaitley Stadium, Delhi",2,3.2,England,Afghanistan,DJ Malan,JE Root,Fazalhaq Farooqi,4,0,,,,,,,,,
1384404,2023/24,2023-10-15,"Arun Jaitley Stadium, Delhi",2,3.3,England,Afghanistan,DJ Malan,JE Root,Fazalhaq Farooqi,4,0,,,,,,,,,
1384404,2023/24,2023-10-15,"Arun Jaitley Stadium, Delhi",2,3.4,England,Afghanistan,DJ Malan,JE Root,Fazalhaq Farooqi,0,0,,,,,,,,,
1384404,2023/24,2023-10-15,"Arun Jaitley Stadium, Delhi",2,3.5,England,Afghanistan,DJ Malan,JE Root,Fazalhaq Farooqi,0,0,,,,,,,,,
1384404,2023/24,2023-10-15,"Arun Jaitley Stadium, Delhi",2,3.6,England,Afghanistan,DJ Malan,JE Root,Fazalhaq Farooqi,1,0,,,,,,,,,
1384404,2023/24,2023-10-15,"Arun Jaitley Stadium, Delhi",2,4.1,England,Afghanistan,DJ Malan,JE Root,Mujeeb Ur Rahman,0,0,,,,,,,,,
1384404,2023/24,2023-10-15,"Arun Jaitley Stadium, Delhi",2,4.2,England,Afghanistan,DJ Malan,JE Root,Mujeeb Ur Rahman,1,0,,,,,,,,,
1384404,2023/24,2023-10-15,"Arun Jaitley Stadium, Delhi",2,4.3,England,Afghanistan,JE Root,DJ Malan,Mujeeb Ur Rahman,0,0,,,,,,,,,
1384404,2023/24,2023-10-15,"Arun Jaitley Stadium, Delhi",2,4.4,England,Afghanistan,JE Root,DJ Malan,Mujeeb Ur Rahman,1,0,,,,,,,,,
1384404,2023/24,2023-10-15,"Arun Jaitley Stadium, Delhi",2,4.5,England,Afghanistan,DJ Malan,JE Root,Mujeeb Ur Rahman,1,0,,,,,,,,,
1384404,2023/24,2023-10-15,"Arun Jaitley Stadium, Delhi",2,4.6,England,Afghanistan,JE Root,DJ Malan,Mujeeb Ur Rahman,0,0,,,,,,,,,
1384404,2023/24,2023-10-15,"Arun Jaitley Stadium, Delhi",2,5.1,England,Afghanistan,DJ Malan,JE Root,Fazalhaq Farooqi,0,0,,,,,,,,,
1384404,2023/24,2023-10-15,"Arun Jaitley Stadium, Delhi",2,5.2,England,Afghanistan,DJ Malan,JE Root,Fazalhaq Farooqi,4,0,,,,,,,,,
1384404,2023/24,2023-10-15,"Arun Jaitley Stadium, Delhi",2,5.3,England,Afghanistan,DJ Malan,JE Root,Fazalhaq Farooqi,0,1,1,,,,,,,,
1384404,2023/24,2023-10-15,"Arun Jaitley Stadium, Delhi",2,5.4,England,Afghanistan,DJ Malan,JE Root,Fazalhaq Farooqi,0,0,,,,,,,,,
1384404,2023/24,2023-10-15,"Arun Jaitley Stadium, Delhi",2,5.5,England,Afghanistan,DJ Malan,JE Root,Fazalhaq Farooqi,0,0,,,,,,,,,
1384404,2023/24,2023-10-15,"Arun Jaitley Stadium, Delhi",2,5.6,England,Afghanistan,DJ Malan,JE Root,Fazalhaq Farooqi,0,0,,,,,,,,,
1384404,2023/24,2023-10-15,"Arun Jaitley Stadium, Delhi",2,5.7,England,Afghanistan,DJ Malan,JE Root,Fazalhaq Farooqi,2,0,,,,,,,,,
1384404,2023/24,2023-10-15,"Arun Jaitley Stadium, Delhi",2,6.1,England,Afghanistan,JE Root,DJ Malan,Mujeeb Ur Rahman,0,0,,,,,,,,,
1384404,2023/24,2023-10-15,"Arun Jaitley Stadium, Delhi",2,6.2,England,Afghanistan,JE Root,DJ Malan,Mujeeb Ur Rahman,0,0,,,,,,,,,
1384404,2023/24,2023-10-15,"Arun Jaitley Stadium, Delhi",2,6.3,England,Afghanistan,JE Root,DJ Malan,Mujeeb Ur Rahman,0,0,,,,,,,,,
1384404,2023/24,2023-10-15,"Arun Jaitley Stadium, Delhi",2,6.4,England,Afghanistan,JE Root,DJ Malan,Mujeeb Ur Rahman,4,0,,,,,,,,,
1384404,2023/24,2023-10-15,"Arun Jaitley Stadium, Delhi",2,6.5,England,Afghanistan,JE Root,DJ Malan,Mujeeb Ur Rahman,0,0,,,,,,bowled,JE Root,,
1384404,2023/24,2023-10-15,"Arun Jaitley Stadium, Delhi",2,6.6,England,Afghanistan,HC Brook,DJ Malan,Mujeeb Ur Rahman,0,0,,,,,,,,,
1384404,2023/24,2023-10-15,"Arun Jaitley Stadium, Delhi",2,7.1,England,Afghanistan,DJ Malan,HC Brook,Fazalhaq Farooqi,1,0,,,,,,,,,
1384404,2023/24,2023-10-15,"Arun Jaitley Stadium, Delhi",2,7.2,England,Afghanistan,HC Brook,DJ Malan,Fazalhaq Farooqi,0,0,,,,,,,,,
1384404,2023/24,2023-10-15,"Arun Jaitley Stadium, Delhi",2,7.3,England,Afghanistan,HC Brook,DJ Malan,Fazalhaq Farooqi,1,0,,,,,,,,,
1384404,2023/24,2023-10-15,"Arun Jaitley Stadium, Delhi",2,7.4,England,Afghanistan,DJ Malan,HC Brook,Fazalhaq Farooqi,0,0,,,,,,,,,
1384404,2023/24,2023-10-15,"Arun Jaitley Stadium, Delhi",2,7.5,England,Afghanistan,DJ Malan,HC Brook,Fazalhaq Farooqi,0,1,1,,,,,,,,
1384404,2023/24,2023-10-15,"Arun Jaitley Stadium, Delhi",2,7.6,England,Afghanistan,DJ Malan,HC Brook,Fazalhaq Farooqi,0,0,,,,,,,,,
1384404,2023/24,2023-10-15,"Arun Jaitley Stadium, Delhi",2,7.7,England,Afghanistan,DJ Malan,HC Brook,Fazalhaq Farooqi,0,0,,,,,,,,,
1384404,2023/24,2023-10-15,"Arun Jaitley Stadium, Delhi",2,8.1,England,Afghanistan,HC Brook,DJ Malan,Mujeeb Ur Rahman,1,0,,,,,,,,,
1384404,2023/24,2023-10-15,"Arun Jaitley Stadium, Delhi",2,8.2,England,Afghanistan,DJ Malan,HC Brook,Mujeeb Ur Rahman,0,5,5,,,,,,,,
1384404,2023/24,2023-10-15,"Arun Jaitley Stadium, Delhi",2,8.3,England,Afghanistan,DJ Malan,HC Brook,Mujeeb Ur Rahman,1,0,,,,,,,,,
1384404,2023/24,2023-10-15,"Arun Jaitley Stadium, Delhi",2,8.4,England,Afghanistan,HC Brook,DJ Malan,Mujeeb Ur Rahman,0,0,,,,,,,,,
1384404,2023/24,2023-10-15,"Arun Jaitley Stadium, Delhi",2,8.5,England,Afghanistan,HC Brook,DJ Malan,Mujeeb Ur Rahman,1,0,,,,,,,,,
1384404,2023/24,2023-10-15,"Arun Jaitley Stadium, Delhi",2,8.6,England,Afghanistan,DJ Malan,HC Brook,Mujeeb Ur Rahman,0,0,,,,,,,,,
1384404,2023/24,2023-10-15,"Arun Jaitley Stadium, Delhi",2,8.7,England,Afghanistan,DJ Malan,HC Brook,Mujeeb Ur Rahman,2,0,,,,,,,,,
1384404,2023/24,2023-10-15,"Arun Jaitley Stadium, Delhi",2,9.1,England,Afghanistan,HC Brook,DJ Malan,Fazalhaq Farooqi,0,0,,,,,,,,,
1384404,2023/24,2023-10-15,"Arun Jaitley Stadium, Delhi",2,9.2,England,Afghanistan,HC Brook,DJ Malan,Fazalhaq Farooqi,0,0,,,,,,,,,
1384404,2023/24,2023-10-15,"Arun Jaitley Stadium, Delhi",2,9.3,England,Afghanistan,HC Brook,DJ Malan,Fazalhaq Farooqi,4,0,,,,,,,,,
1384404,2023/24,2023-10-15,"Arun Jaitley Stadium, Delhi",2,9.4,England,Afghanistan,HC Brook,DJ Malan,Fazalhaq Farooqi,0,0,,,,,,,,,
1384404,2023/24,2023-10-15,"Arun Jaitley Stadium, Delhi",2,9.5,England,Afghanistan,HC Brook,DJ Malan,Fazalhaq Farooqi,0,0,,,,,,,,,
1384404,2023/24,2023-10-15,"Arun Jaitley Stadium, Delhi",2,9.6,England,Afghanistan,HC Brook,DJ Malan,Fazalhaq Farooqi,2,0,,,,,,,,,
1384404,2023/24,2023-10-15,"Arun Jaitley Stadium, Delhi",2,10.1,England,Afghanistan,DJ Malan,HC Brook,Mujeeb Ur Rahman,1,0,,,,,,,,,
1384404,2023/24,2023-10-15,"Arun Jaitley Stadium, Delhi",2,10.2,England,Afghanistan,HC Brook,DJ Malan,Mujeeb Ur Rahman,1,0,,,,,,,,,
1384404,2023/24,2023-10-15,"Arun Jaitley Stadium, Delhi",2,10.3,England,Afghanistan,DJ Malan,HC Brook,Mujeeb Ur Rahman,0,0,,,,,,,,,
1384404,2023/24,2023-10-15,"Arun Jaitley Stadium, Delhi",2,10.4,England,Afghanistan,DJ Malan,HC Brook,Mujeeb Ur Rahman,1,0,,,,,,,,,
1384404,2023/24,2023-10-15,"Arun Jaitley Stadium, Delhi",2,10.5,England,Afghanistan,HC Brook,DJ Malan,Mujeeb Ur Rahman,1,0,,,,,,,,,
1384404,2023/24,2023-10-15,"Arun Jaitley Stadium, Delhi",2,10.6,England,Afghanistan,DJ Malan,HC Brook,Mujeeb Ur Rahman,1,0,,,,,,,,,
1384404,2023/24,2023-10-15,"Arun Jaitley Stadium, Delhi",2,11.1,England,Afghanistan,DJ Malan,HC Brook,Naveen-ul-Haq,4,0,,,,,,,,,
1384404,2023/24,2023-10-15,"Arun Jaitley Stadium, Delhi",2,11.2,England,Afghanistan,DJ Malan,HC Brook,Naveen-ul-Haq,0,4,,,,4,,,,,
1384404,2023/24,2023-10-15,"Arun Jaitley Stadium, Delhi",2,11.3,England,Afghanistan,DJ Malan,HC Brook,Naveen-ul-Haq,0,0,,,,,,,,,
1384404,2023/24,2023-10-15,"Arun Jaitley Stadium, Delhi",2,11.4,England,Afghanistan,DJ Malan,HC Brook,Naveen-ul-Haq,0,0,,,,,,,,,
1384404,2023/24,2023-10-15,"Arun Jaitley Stadium, Delhi",2,11.5,England,Afghanistan,DJ Malan,HC Brook,Naveen-ul-Haq,0,0,,,,,,,,,
1384404,2023/24,2023-10-15,"Arun Jaitley Stadium, Delhi",2,11.6,England,Afghanistan,DJ Malan,HC Brook,Naveen-ul-Haq,1,0,,,,,,,,,
1384404,2023/24,2023-10-15,"Arun Jaitley Stadium, Delhi",2,12.1,England,Afghanistan,DJ Malan,HC Brook,Mohammad Nabi,1,0,,,,,,,,,
1384404,2023/24,2023-10-15,"Arun Jaitley Stadium, Delhi",2,12.2,England,Afghanistan,HC Brook,DJ Malan,Mohammad Nabi,0,0,,,,,,,,,
1384404,2023/24,2023-10-15,"Arun Jaitley Stadium, Delhi",2,12.3,England,Afghanistan,HC Brook,DJ Malan,Mohammad Nabi,1,0,,,,,,,,,
1384404,2023/24,2023-10-15,"Arun Jaitley Stadium, Delhi",2,12.4,England,Afghanistan,DJ Malan,HC Brook,Mohammad Nabi,0,0,,,,,,caught,DJ Malan,,
1384404,2023/24,2023-10-15,"Arun Jaitley Stadium, Delhi",2,12.5,England,Afghanistan,JC Buttler,HC Brook,Mohammad Nabi,0,0,,,,,,,,,
1384404,2023/24,2023-10-15,"Arun Jaitley Stadium, Delhi",2,12.6,England,Afghanistan,JC Buttler,HC Brook,Mohammad Nabi,1,0,,,,,,,,,
1384404,2023/24,2023-10-15,"Arun Jaitley Stadium, Delhi",2,13.1,England,Afghanistan,JC Buttler,HC Brook,Naveen-ul-Haq,0,0,,,,,,,,,
1384404,2023/24,2023-10-15,"Arun Jaitley Stadium, Delhi",2,13.2,England,Afghanistan,JC Buttler,HC Brook,Naveen-ul-Haq,0,0,,,,,,,,,
1384404,2023/24,2023-10-15,"Arun Jaitley Stadium, Delhi",2,13.3,England,Afghanistan,JC Buttler,HC Brook,Naveen-ul-Haq,0,0,,,,,,,,,
1384404,2023/24,2023-10-15,"Arun Jaitley Stadium, Delhi",2,13.4,England,Afghanistan,JC Buttler,HC Brook,Naveen-ul-Haq,0,0,,,,,,,,,
1384404,2023/24,2023-10-15,"Arun Jaitley Stadium, Delhi",2,13.5,England,Afghanistan,JC Buttler,HC Brook,Naveen-ul-Haq,0,0,,,,,,,,,
1384404,2023/24,2023-10-15,"Arun Jaitley Stadium, Delhi",2,13.6,England,Afghanistan,JC Buttler,HC Brook,Naveen-ul-Haq,0,0,,,,,,,,,
1384404,2023/24,2023-10-15,"Arun Jaitley Stadium, Delhi",2,14.1,England,Afghanistan,HC Brook,JC Buttler,Mohammad Nabi,1,0,,,,,,,,,
1384404,2023/24,2023-10-15,"Arun Jaitley Stadium, Delhi",2,14.2,England,Afghanistan,JC Buttler,HC Brook,Mohammad Nabi,2,0,,,,,,,,,
1384404,2023/24,2023-10-15,"Arun Jaitley Stadium, Delhi",2,14.3,England,Afghanistan,JC Buttler,HC Brook,Mohammad Nabi,0,0,,,,,,,,,
1384404,2023/24,2023-10-15,"Arun Jaitley Stadium, Delhi",2,14.4,England,Afghanistan,JC Buttler,HC Brook,Mohammad Nabi,0,0,,,,,,,,,
1384404,2023/24,2023-10-15,"Arun Jaitley Stadium, Delhi",2,14.5,England,Afghanistan,JC Buttler,HC Brook,Mohammad Nabi,0,0,,,,,,,,,
1384404,2023/24,2023-10-15,"Arun Jaitley Stadium, Delhi",2,14.6,England,Afghanistan,JC Buttler,HC Brook,Mohammad Nabi,0,0,,,,,,,,,
1384404,2023/24,2023-10-15,"Arun Jaitley Stadium, Delhi",2,15.1,England,Afghanistan,HC Brook,JC Buttler,Naveen-ul-Haq,0,0,,,,,,,,,
1384404,2023/24,2023-10-15,"Arun Jaitley Stadium, Delhi",2,15.2,England,Afghanistan,HC Brook,JC Buttler,Naveen-ul-Haq,0,0,,,,,,,,,
1384404,2023/24,2023-10-15,"Arun Jaitley Stadium, Delhi",2,15.3,England,Afghanistan,HC Brook,JC Buttler,Naveen-ul-Haq,1,0,,,,,,,,,
1384404,2023/24,2023-10-15,"Arun Jaitley Stadium, Delhi",2,15.4,England,Afghanistan,JC Buttler,HC Brook,Naveen-ul-Haq,1,0,,,,,,,,,
1384404,2023/24,2023-10-15,"Arun Jaitley Stadium, Delhi",2,15.5,England,Afghanistan,HC Brook,JC Buttler,Naveen-ul-Haq,4,0,,,,,,,,,
1384404,2023/24,2023-10-15,"Arun Jaitley Stadium, Delhi",2,15.6,England,Afghanistan,HC Brook,JC Buttler,Naveen-ul-Haq,4,0,,,,,,,,,
1384404,2023/24,2023-10-15,"Arun Jaitley Stadium, Delhi",2,16.1,England,Afghanistan,JC Buttler,HC Brook,Rashid Khan,4,0,,,,,,,,,
1384404,2023/24,2023-10-15,"Arun Jaitley Stadium, Delhi",2,16.2,England,Afghanistan,JC Buttler,HC Brook,Rashid Khan,1,0,,,,,,,,,
1384404,2023/24,2023-10-15,"Arun Jaitley Stadium, Delhi",2,16.3,England,Afghanistan,HC Brook,JC Buttler,Rashid Khan,2,0,,,,,,,,,
1384404,2023/24,2023-10-15,"Arun Jaitley Stadium, Delhi",2,16.4,England,Afghanistan,HC Brook,JC Buttler,Rashid Khan,0,0,,,,,,,,,
1384404,2023/24,2023-10-15,"Arun Jaitley Stadium, Delhi",2,16.5,England,Afghanistan,HC Brook,JC Buttler,Rashid Khan,1,0,,,,,,,,,
1384404,2023/24,2023-10-15,"Arun Jaitley Stadium, Delhi",2,16.6,England,Afghanistan,JC Buttler,HC Brook,Rashid Khan,0,0,,,,,,,,,
1384404,2023/24,2023-10-15,"Arun Jaitley Stadium, Delhi",2,17.1,England,Afghanistan,HC Brook,JC Buttler,Naveen-ul-Haq,1,0,,,,,,,,,
1384404,2023/24,2023-10-15,"Arun Jaitley Stadium, Delhi",2,17.2,England,Afghanistan,JC Buttler,HC Brook,Naveen-ul-Haq,0,0,,,,,,bowled,JC Buttler,,
1384404,2023/24,2023-10-15,"Arun Jaitley Stadium, Delhi",2,17.3,England,Afghanistan,LS Livingstone,HC Brook,Naveen-ul-Haq,0,1,,1,,,,,,,
1384404,2023/24,2023-10-15,"Arun Jaitley Stadium, Delhi",2,17.4,England,Afghanistan,LS Livingstone,HC Brook,Naveen-ul-Haq,4,0,,,,,,,,,
1384404,2023/24,2023-10-15,"Arun Jaitley Stadium, Delhi",2,17.5,England,Afghanistan,LS Livingstone,HC Brook,Naveen-ul-Haq,1,0,,,,,,,,,
1384404,2023/24,2023-10-15,"Arun Jaitley Stadium, Delhi",2,17.6,England,Afghanistan,HC Brook,LS Livingstone,Naveen-ul-Haq,4,0,,,,,,,,,
1384404,2023/24,2023-10-15,"Arun Jaitley Stadium, Delhi",2,17.7,England,Afghanistan,HC Brook,LS Livingstone,Naveen-ul-Haq,4,0,,,,,,,,,
1384404,2023/24,2023-10-15,"Arun Jaitley Stadium, Delhi",2,18.1,England,Afghanistan,LS Livingstone,HC Brook,Rashid Khan,0,0,,,,,,,,,
1384404,2023/24,2023-10-15,"Arun Jaitley Stadium, Delhi",2,18.2,England,Afghanistan,LS Livingstone,HC Brook,Rashid Khan,0,0,,,,,,,,,
1384404,2023/24,2023-10-15,"Arun Jaitley Stadium, Delhi",2,18.3,England,Afghanistan,LS Livingstone,HC Brook,Rashid Khan,0,0,,,,,,,,,
1384404,2023/24,2023-10-15,"Arun Jaitley Stadium, Delhi",2,18.4,England,Afghanistan,LS Livingstone,HC Brook,Rashid Khan,1,0,,,,,,,,,
1384404,2023/24,2023-10-15,"Arun Jaitley Stadium, Delhi",2,18.5,England,Afghanistan,HC Brook,LS Livingstone,Rashid Khan,1,0,,,,,,,,,
1384404,2023/24,2023-10-15,"Arun Jaitley Stadium, Delhi",2,18.6,England,Afghanistan,LS Livingstone,HC Brook,Rashid Khan,1,0,,,,,,,,,
1384404,2023/24,2023-10-15,"Arun Jaitley Stadium, Delhi",2,19.1,England,Afghanistan,LS Livingstone,HC Brook,Azmatullah Omarzai,1,0,,,,,,,,,
1384404,2023/24,2023-10-15,"Arun Jaitley Stadium, Delhi",2,19.2,England,Afghanistan,HC Brook,LS Livingstone,Azmatullah Omarzai,4,0,,,,,,,,,
1384404,2023/24,2023-10-15,"Arun Jaitley Stadium, Delhi",2,19.3,England,Afghanistan,HC Brook,LS Livingstone,Azmatullah Omarzai,1,0,,,,,,,,,
1384404,2023/24,2023-10-15,"Arun Jaitley Stadium, Delhi",2,19.4,England,Afghanistan,LS Livingstone,HC Brook,Azmatullah Omarzai,0,0,,,,,,,,,
1384404,2023/24,2023-10-15,"Arun Jaitley Stadium, Delhi",2,19.5,England,Afghanistan,LS Livingstone,HC Brook,Azmatullah Omarzai,1,0,,,,,,,,,
1384404,2023/24,2023-10-15,"Arun Jaitley Stadium, Delhi",2,19.6,England,Afghanistan,HC Brook,LS Livingstone,Azmatullah Omarzai,0,0,,,,,,,,,
1384404,2023/24,2023-10-15,"Arun Jaitley Stadium, Delhi",2,20.1,England,Afghanistan,LS Livingstone,HC Brook,Rashid Khan,1,0,,,,,,,,,
1384404,2023/24,2023-10-15,"Arun Jaitley Stadium, Delhi",2,20.2,England,Afghanistan,HC Brook,LS Livingstone,Rashid Khan,1,0,,,,,,,,,
1384404,2023/24,2023-10-15,"Arun Jaitley Stadium, Delhi",2,20.3,England,Afghanistan,LS Livingstone,HC Brook,Rashid Khan,0,0,,,,,,,,,
1384404,2023/24,2023-10-15,"Arun Jaitley Stadium, Delhi",2,20.4,England,Afghanistan,LS Livingstone,HC Brook,Rashid Khan,0,0,,,,,,lbw,LS Livingstone,,
1384404,2023/24,2023-10-15,"Arun Jaitley Stadium, Delhi",2,20.5,England,Afghanistan,SM Curran,HC Brook,Rashid Khan,1,0,,,,,,,,,
1384404,2023/24,2023-10-15,"Arun Jaitley Stadium, Delhi",2,20.6,England,Afghanistan,HC Brook,SM Curran,Rashid Khan,1,0,,,,,,,,,
1384404,2023/24,2023-10-15,"Arun Jaitley Stadium, Delhi",2,21.1,England,Afghanistan,HC Brook,SM Curran,Azmatullah Omarzai,0,0,,,,,,,,,
1384404,2023/24,2023-10-15,"Arun Jaitley Stadium, Delhi",2,21.2,England,Afghanistan,HC Brook,SM Curran,Azmatullah Omarzai,0,0,,,,,,,,,
1384404,2023/24,2023-10-15,"Arun Jaitley Stadium, Delhi",2,21.3,England,Afghanistan,HC Brook,SM Curran,Azmatullah Omarzai,4,0,,,,,,,,,
1384404,2023/24,2023-10-15,"Arun Jaitley Stadium, Delhi",2,21.4,England,Afghanistan,HC Brook,SM Curran,Azmatullah Omarzai,1,0,,,,,,,,,
1384404,2023/24,2023-10-15,"Arun Jaitley Stadium, Delhi",2,21.5,England,Afghanistan,SM Curran,HC Brook,Azmatullah Omarzai,0,0,,,,,,,,,
1384404,2023/24,2023-10-15,"Arun Jaitley Stadium, Delhi",2,21.6,England,Afghanistan,SM Curran,HC Brook,Azmatullah Omarzai,1,0,,,,,,,,,
1384404,2023/24,2023-10-15,"Arun Jaitley Stadium, Delhi",2,22.1,England,Afghanistan,SM Curran,HC Brook,Rashid Khan,0,0,,,,,,,,,
1384404,2023/24,2023-10-15,"Arun Jaitley Stadium, Delhi",2,22.2,England,Afghanistan,SM Curran,HC Brook,Rashid Khan,0,0,,,,,,,,,
1384404,2023/24,2023-10-15,"Arun Jaitley Stadium, Delhi",2,22.3,England,Afghanistan,SM Curran,HC Brook,Rashid Khan,0,0,,,,,,,,,
1384404,2023/24,2023-10-15,"Arun Jaitley Stadium, Delhi",2,22.4,England,Afghanistan,SM Curran,HC Brook,Rashid Khan,0,0,,,,,,,,,
1384404,2023/24,2023-10-15,"Arun Jaitley Stadium, Delhi",2,22.5,England,Afghanistan,SM Curran,HC Brook,Rashid Khan,1,0,,,,,,,,,
1384404,2023/24,2023-10-15,"Arun Jaitley Stadium, Delhi",2,22.6,England,Afghanistan,HC Brook,SM Curran,Rashid Khan,0,0,,,,,,,,,
1384404,2023/24,2023-10-15,"Arun Jaitley Stadium, Delhi",2,23.1,England,Afghanistan,SM Curran,HC Brook,Mohammad Nabi,0,0,,,,,,,,,
1384404,2023/24,2023-10-15,"Arun Jaitley Stadium, Delhi",2,23.2,England,Afghanistan,SM Curran,HC Brook,Mohammad Nabi,1,0,,,,,,,,,
1384404,2023/24,2023-10-15,"Arun Jaitley Stadium, Delhi",2,23.3,England,Afghanistan,HC Brook,SM Curran,Mohammad Nabi,1,0,,,,,,,,,
1384404,2023/24,2023-10-15,"Arun Jaitley Stadium, Delhi",2,23.4,England,Afghanistan,SM Curran,HC Brook,Mohammad Nabi,0,0,,,,,,,,,
1384404,2023/24,2023-10-15,"Arun Jaitley Stadium, Delhi",2,23.5,England,Afghanistan,SM Curran,HC Brook,Mohammad Nabi,1,0,,,,,,,,,
1384404,2023/24,2023-10-15,"Arun Jaitley Stadium, Delhi",2,23.6,England,Afghanistan,HC Brook,SM Curran,Mohammad Nabi,0,0,,,,,,,,,
1384404,2023/24,2023-10-15,"Arun Jaitley Stadium, Delhi",2,24.1,England,Afghanistan,SM Curran,HC Brook,Rashid Khan,1,0,,,,,,,,,
1384404,2023/24,2023-10-15,"Arun Jaitley Stadium, Delhi",2,24.2,England,Afghanistan,HC Brook,SM Curran,Rashid Khan,0,0,,,,,,,,,
1384404,2023/24,2023-10-15,"Arun Jaitley Stadium, Delhi",2,24.3,England,Afghanistan,HC Brook,SM Curran,Rashid Khan,0,0,,,,,,,,,
1384404,2023/24,2023-10-15,"Arun Jaitley Stadium, Delhi",2,24.4,England,Afghanistan,HC Brook,SM Curran,Rashid Khan,1,0,,,,,,,,,
1384404,2023/24,2023-10-15,"Arun Jaitley Stadium, Delhi",2,24.5,England,Afghanistan,SM Curran,HC Brook,Rashid Khan,0,0,,,,,,,,,
1384404,2023/24,2023-10-15,"Arun Jaitley Stadium, Delhi",2,24.6,England,Afghanistan,SM Curran,HC Brook,Rashid Khan,1,0,,,,,,,,,
1384404,2023/24,2023-10-15,"Arun Jaitley Stadium, Delhi",2,25.1,England,Afghanistan,SM Curran,HC Brook,Mohammad Nabi,1,0,,,,,,,,,
1384404,2023/24,2023-10-15,"Arun Jaitley Stadium, Delhi",2,25.2,England,Afghanistan,HC Brook,SM Curran,Mohammad Nabi,1,0,,,,,,,,,
1384404,2023/24,2023-10-15,"Arun Jaitley Stadium, Delhi",2,25.3,England,Afghanistan,SM Curran,HC Brook,Mohammad Nabi,0,0,,,,,,,,,
1384404,2023/24,2023-10-15,"Arun Jaitley Stadium, Delhi",2,25.4,England,Afghanistan,SM Curran,HC Brook,Mohammad Nabi,0,0,,,,,,,,,
1384404,2023/24,2023-10-15,"Arun Jaitley Stadium, Delhi",2,25.5,England,Afghanistan,SM Curran,HC Brook,Mohammad Nabi,0,0,,,,,,,,,
1384404,2023/24,2023-10-15,"Arun Jaitley Stadium, Delhi",2,25.6,England,Afghanistan,SM Curran,HC Brook,Mohammad Nabi,0,0,,,,,,,,,
1384404,2023/24,2023-10-15,"Arun Jaitley Stadium, Delhi",2,26.1,England,Afghanistan,HC Brook,SM Curran,Rashid Khan,0,0,,,,,,,,,
1384404,2023/24,2023-10-15,"Arun Jaitley Stadium, Delhi",2,26.2,England,Afghanistan,HC Brook,SM Curran,Rashid Khan,0,0,,,,,,,,,
1384404,2023/24,2023-10-15,"Arun Jaitley Stadium, Delhi",2,26.3,England,Afghanistan,HC Brook,SM Curran,Rashid Khan,1,0,,,,,,,,,
1384404,2023/24,2023-10-15,"Arun Jaitley Stadium, Delhi",2,26.4,England,Afghanistan,SM Curran,HC Brook,Rashid Khan,1,0,,,,,,,,,
1384404,2023/24,2023-10-15,"Arun Jaitley Stadium, Delhi",2,26.5,England,Afghanistan,HC Brook,SM Curran,Rashid Khan,1,0,,,,,,,,,
1384404,2023/24,2023-10-15,"Arun Jaitley Stadium, Delhi",2,26.6,England,Afghanistan,SM Curran,HC Brook,Rashid Khan,1,0,,,,,,,,,
1384404,2023/24,2023-10-15,"Arun Jaitley Stadium, Delhi",2,27.1,England,Afghanistan,SM Curran,HC Brook,Mohammad Nabi,0,0,,,,,,caught,SM Curran,,
1384404,2023/24,2023-10-15,"Arun Jaitley Stadium, Delhi",2,27.2,England,Afghanistan,CR Woakes,HC Brook,Mohammad Nabi,0,0,,,,,,,,,
1384404,2023/24,2023-10-15,"Arun Jaitley Stadium, Delhi",2,27.3,England,Afghanistan,CR Woakes,HC Brook,Mohammad Nabi,2,0,,,,,,,,,
1384404,2023/24,2023-10-15,"Arun Jaitley Stadium, Delhi",2,27.4,England,Afghanistan,CR Woakes,HC Brook,Mohammad Nabi,0,0,,,,,,,,,
1384404,2023/24,2023-10-15,"Arun Jaitley Stadium, Delhi",2,27.5,England,Afghanistan,CR Woakes,HC Brook,Mohammad Nabi,0,0,,,,,,,,,
1384404,2023/24,2023-10-15,"Arun Jaitley Stadium, Delhi",2,27.6,England,Afghanistan,CR Woakes,HC Brook,Mohammad Nabi,1,0,,,,,,,,,
1384404,2023/24,2023-10-15,"Arun Jaitley Stadium, Delhi",2,28.1,England,Afghanistan,CR Woakes,HC Brook,Rashid Khan,0,0,,,,,,,,,
1384404,2023/24,2023-10-15,"Arun Jaitley Stadium, Delhi",2,28.2,England,Afghanistan,CR Woakes,HC Brook,Rashid Khan,0,0,,,,,,,,,
1384404,2023/24,2023-10-15,"Arun Jaitley Stadium, Delhi",2,28.3,England,Afghanistan,CR Woakes,HC Brook,Rashid Khan,0,0,,,,,,,,,
1384404,2023/24,2023-10-15,"Arun Jaitley Stadium, Delhi",2,28.4,England,Afghanistan,CR Woakes,HC Brook,Rashid Khan,0,0,,,,,,,,,
1384404,2023/24,2023-10-15,"Arun Jaitley Stadium, Delhi",2,28.5,England,Afghanistan,CR Woakes,HC Brook,Rashid Khan,0,0,,,,,,,,,
1384404,2023/24,2023-10-15,"Arun Jaitley Stadium, Delhi",2,28.6,England,Afghanistan,CR Woakes,HC Brook,Rashid Khan,0,0,,,,,,,,,
1384404,2023/24,2023-10-15,"Arun Jaitley Stadium, Delhi",2,29.1,England,Afghanistan,HC Brook,CR Woakes,Mohammad Nabi,0,1,1,,,,,,,,
1384404,2023/24,2023-10-15,"Arun Jaitley Stadium, Delhi",2,29.2,England,Afghanistan,HC Brook,CR Woakes,Mohammad Nabi,0,0,,,,,,,,,
1384404,2023/24,2023-10-15,"Arun Jaitley Stadium, Delhi",2,29.3,England,Afghanistan,HC Brook,CR Woakes,Mohammad Nabi,1,0,,,,,,,,,
1384404,2023/24,2023-10-15,"Arun Jaitley Stadium, Delhi",2,29.4,England,Afghanistan,CR Woakes,HC Brook,Mohammad Nabi,0,0,,,,,,,,,
1384404,2023/24,2023-10-15,"Arun Jaitley Stadium, Delhi",2,29.5,England,Afghanistan,CR Woakes,HC Brook,Mohammad Nabi,0,0,,,,,,,,,
1384404,2023/24,2023-10-15,"Arun Jaitley Stadium, Delhi",2,29.6,England,Afghanistan,CR Woakes,HC Brook,Mohammad Nabi,0,0,,,,,,,,,
1384404,2023/24,2023-10-15,"Arun Jaitley Stadium, Delhi",2,29.7,England,Afghanistan,CR Woakes,HC Brook,Mohammad Nabi,0,0,,,,,,,,,
1384404,2023/24,2023-10-15,"Arun Jaitley Stadium, Delhi",2,30.1,England,Afghanistan,HC Brook,CR Woakes,Mujeeb Ur Rahman,1,0,,,,,,,,,
1384404,2023/24,2023-10-15,"Arun Jaitley Stadium, Delhi",2,30.2,England,Afghanistan,CR Woakes,HC Brook,Mujeeb Ur Rahman,1,0,,,,,,,,,
1384404,2023/24,2023-10-15,"Arun Jaitley Stadium, Delhi",2,30.3,England,Afghanistan,HC Brook,CR Woakes,Mujeeb Ur Rahman,0,0,,,,,,,,,
1384404,2023/24,2023-10-15,"Arun Jaitley Stadium, Delhi",2,30.4,England,Afghanistan,HC Brook,CR Woakes,Mujeeb Ur Rahman,2,0,,,,,,,,,
1384404,2023/24,2023-10-15,"Arun Jaitley Stadium, Delhi",2,30.5,England,Afghanistan,HC Brook,CR Woakes,Mujeeb Ur Rahman,6,0,,,,,,,,,
1384404,2023/24,2023-10-15,"Arun Jaitley Stadium, Delhi",2,30.6,England,Afghanistan,HC Brook,CR Woakes,Mujeeb Ur Rahman,1,0,,,,,,,,,
1384404,2023/24,2023-10-15,"Arun Jaitley Stadium, Delhi",2,31.1,England,Afghanistan,HC Brook,CR Woakes,Naveen-ul-Haq,1,0,,,,,,,,,
1384404,2023/24,2023-10-15,"Arun Jaitley Stadium, Delhi",2,31.2,England,Afghanistan,CR Woakes,HC Brook,Naveen-ul-Haq,0,0,,,,,,,,,
1384404,2023/24,2023-10-15,"Arun Jaitley Stadium, Delhi",2,31.3,England,Afghanistan,CR Woakes,HC Brook,Naveen-ul-Haq,4,0,,,,,,,,,
1384404,2023/24,2023-10-15,"Arun Jaitley Stadium, Delhi",2,31.4,England,Afghanistan,CR Woakes,HC Brook,Naveen-ul-Haq,0,0,,,,,,,,,
1384404,2023/24,2023-10-15,"Arun Jaitley Stadium, Delhi",2,31.5,England,Afghanistan,CR Woakes,HC Brook,Naveen-ul-Haq,1,0,,,,,,,,,
1384404,2023/24,2023-10-15,"Arun Jaitley Stadium, Delhi",2,31.6,England,Afghanistan,HC Brook,CR Woakes,Naveen-ul-Haq,0,0,,,,,,,,,
1384404,2023/24,2023-10-15,"Arun Jaitley Stadium, Delhi",2,32.1,England,Afghanistan,CR Woakes,HC Brook,Mujeeb Ur Rahman,0,0,,,,,,,,,
1384404,2023/24,2023-10-15,"Arun Jaitley Stadium, Delhi",2,32.2,England,Afghanistan,CR Woakes,HC Brook,Mujeeb Ur Rahman,0,0,,,,,,,,,
1384404,2023/24,2023-10-15,"Arun Jaitley Stadium, Delhi",2,32.3,England,Afghanistan,CR Woakes,HC Brook,Mujeeb Ur Rahman,0,0,,,,,,,,,
1384404,2023/24,2023-10-15,"Arun Jaitley Stadium, Delhi",2,32.4,England,Afghanistan,CR Woakes,HC Brook,Mujeeb Ur Rahman,0,0,,,,,,,,,
1384404,2023/24,2023-10-15,"Arun Jaitley Stadium, Delhi",2,32.5,England,Afghanistan,CR Woakes,HC Brook,Mujeeb Ur Rahman,0,0,,,,,,,,,
1384404,2023/24,2023-10-15,"Arun Jaitley Stadium, Delhi",2,32.6,England,Afghanistan,CR Woakes,HC Brook,Mujeeb Ur Rahman,0,0,,,,,,bowled,CR Woakes,,
1384404,2023/24,2023-10-15,"Arun Jaitley Stadium, Delhi",2,33.1,England,Afghanistan,HC Brook,AU Rashid,Naveen-ul-Haq,1,0,,,,,,,,,
1384404,2023/24,2023-10-15,"Arun Jaitley Stadium, Delhi",2,33.2,England,Afghanistan,AU Rashid,HC Brook,Naveen-ul-Haq,4,0,,,,,,,,,
1384404,2023/24,2023-10-15,"Arun Jaitley Stadium, Delhi",2,33.3,England,Afghanistan,AU Rashid,HC Brook,Naveen-ul-Haq,1,0,,,,,,,,,
1384404,2023/24,2023-10-15,"Arun Jaitley Stadium, Delhi",2,33.4,England,Afghanistan,HC Brook,AU Rashid,Naveen-ul-Haq,1,0,,,,,,,,,
1384404,2023/24,2023-10-15,"Arun Jaitley Stadium, Delhi",2,33.5,England,Afghanistan,AU Rashid,HC Brook,Naveen-ul-Haq,0,0,,,,,,,,,
1384404,2023/24,2023-10-15,"Arun Jaitley Stadium, Delhi",2,33.6,England,Afghanistan,AU Rashid,HC Brook,Naveen-ul-Haq,1,0,,,,,,,,,
1384404,2023/24,2023-10-15,"Arun Jaitley Stadium, Delhi",2,34.1,England,Afghanistan,AU Rashid,HC Brook,Mujeeb Ur Rahman,1,0,,,,,,,,,
1384404,2023/24,2023-10-15,"Arun Jaitley Stadium, Delhi",2,34.2,England,Afghanistan,HC Brook,AU Rashid,Mujeeb Ur Rahman,0,0,,,,,,caught,HC Brook,,
1384404,2023/24,2023-10-15,"Arun Jaitley Stadium, Delhi",2,34.3,England,Afghanistan,MA Wood,AU Rashid,Mujeeb Ur Rahman,0,0,,,,,,,,,
1384404,2023/24,2023-10-15,"Arun Jaitley Stadium, Delhi",2,34.4,England,Afghanistan,MA Wood,AU Rashid,Mujeeb Ur Rahman,0,0,,,,,,,,,
1384404,2023/24,2023-10-15,"Arun Jaitley Stadium, Delhi",2,34.5,England,Afghanistan,MA Wood,AU Rashid,Mujeeb Ur Rahman,4,0,,,,,,,,,
1384404,2023/24,2023-10-15,"Arun Jaitley Stadium, Delhi",2,34.6,England,Afghanistan,MA Wood,AU Rashid,Mujeeb Ur Rahman,0,0,,,,,,,,,
1384404,2023/24,2023-10-15,"Arun Jaitley Stadium, Delhi",2,35.1,England,Afghanistan,AU Rashid,MA Wood,Rashid Khan,4,0,,,,,,,,,
1384404,2023/24,2023-10-15,"Arun Jaitley Stadium, Delhi",2,35.2,England,Afghanistan,AU Rashid,MA Wood,Rashid Khan,1,0,,,,,,,,,
1384404,2023/24,2023-10-15,"Arun Jaitley Stadium, Delhi",2,35.3,England,Afghanistan,MA Wood,AU Rashid,Rashid Khan,0,0,,,,,,,,,
1384404,2023/24,2023-10-15,"Arun Jaitley Stadium, Delhi",2,35.4,England,Afghanistan,MA Wood,AU Rashid,Rashid Khan,0,0,,,,,,,,,
1384404,2023/24,2023-10-15,"Arun Jaitley Stadium, Delhi",2,35.5,England,Afghanistan,MA Wood,AU Rashid,Rashid Khan,0,0,,,,,,,,,
1384404,2023/24,2023-10-15,"Arun Jaitley Stadium, Delhi",2,35.6,England,Afghanistan,MA Wood,AU Rashid,Rashid Khan,4,0,,,,,,,,,
1384404,2023/24,2023-10-15,"Arun Jaitley Stadium, Delhi",2,36.1,England,Afghanistan,AU Rashid,MA Wood,Mujeeb Ur Rahman,1,0,,,,,,,,,
1384404,2023/24,2023-10-15,"Arun Jaitley Stadium, Delhi",2,36.2,England,Afghanistan,MA Wood,AU Rashid,Mujeeb Ur Rahman,0,0,,,,,,,,,
1384404,2023/24,2023-10-15,"Arun Jaitley Stadium, Delhi",2,36.3,England,Afghanistan,MA Wood,AU Rashid,Mujeeb Ur Rahman,1,0,,,,,,,,,
1384404,2023/24,2023-10-15,"Arun Jaitley Stadium, Delhi",2,36.4,England,Afghanistan,AU Rashid,MA Wood,Mujeeb Ur Rahman,5,0,,,,,,,,,
1384404,2023/24,2023-10-15,"Arun Jaitley Stadium, Delhi",2,36.5,England,Afghanistan,MA Wood,AU Rashid,Mujeeb Ur Rahman,1,0,,,,,,,,,
1384404,2023/24,2023-10-15,"Arun Jaitley Stadium, Delhi",2,36.6,England,Afghanistan,AU Rashid,MA Wood,Mujeeb Ur Rahman,0,0,,,,,,,,,
1384404,2023/24,2023-10-15,"Arun Jaitley Stadium, Delhi",2,37.1,England,Afghanistan,MA Wood,AU Rashid,Fazalhaq Farooqi,0,0,,,,,,,,,
1384404,2023/24,2023-10-15,"Arun Jaitley Stadium, Delhi",2,37.2,England,Afghanistan,MA Wood,AU Rashid,Fazalhaq Farooqi,0,0,,,,,,,,,
1384404,2023/24,2023-10-15,"Arun Jaitley Stadium, Delhi",2,37.3,England,Afghanistan,MA Wood,AU Rashid,Fazalhaq Farooqi,4,0,,,,,,,,,
1384404,2023/24,2023-10-15,"Arun Jaitley Stadium, Delhi",2,37.4,England,Afghanistan,MA Wood,AU Rashid,Fazalhaq Farooqi,1,0,,,,,,,,,
1384404,2023/24,2023-10-15,"Arun Jaitley Stadium, Delhi",2,37.5,England,Afghanistan,AU Rashid,MA Wood,Fazalhaq Farooqi,1,0,,,,,,,,,
1384404,2023/24,2023-10-15,"Arun Jaitley Stadium, Delhi",2,37.6,England,Afghanistan,MA Wood,AU Rashid,Fazalhaq Farooqi,0,0,,,,,,,,,
1384404,2023/24,2023-10-15,"Arun Jaitley Stadium, Delhi",2,38.1,England,Afghanistan,AU Rashid,MA Wood,Rashid Khan,1,0,,,,,,,,,
1384404,2023/24,2023-10-15,"Arun Jaitley Stadium, Delhi",2,38.2,England,Afghanistan,MA Wood,AU Rashid,Rashid Khan,0,0,,,,,,,,,
1384404,2023/24,2023-10-15,"Arun Jaitley Stadium, Delhi",2,38.3,England,Afghanistan,MA Wood,AU Rashid,Rashid Khan,1,0,,,,,,,,,
1384404,2023/24,2023-10-15,"Arun Jaitley Stadium, Delhi",2,38.4,England,Afghanistan,AU Rashid,MA Wood,Rashid Khan,0,0,,,,,,caught,AU Rashid,,
1384404,2023/24,2023-10-15,"Arun Jaitley Stadium, Delhi",2,38.5,England,Afghanistan,RJW Topley,MA Wood,Rashid Khan,1,0,,,,,,,,,
1384404,2023/24,2023-10-15,"Arun Jaitley Stadium, Delhi",2,38.6,England,Afghanistan,MA Wood,RJW Topley,Rashid Khan,0,0,,,,,,,,,
1384404,2023/24,2023-10-15,"Arun Jaitley Stadium, Delhi",2,39.1,England,Afghanistan,RJW Topley,MA Wood,Fazalhaq Farooqi,0,0,,,,,,,,,
1384404,2023/24,2023-10-15,"Arun Jaitley Stadium, Delhi",2,39.2,England,Afghanistan,RJW Topley,MA Wood,Fazalhaq Farooqi,1,0,,,,,,,,,
1384404,2023/24,2023-10-15,"Arun Jaitley Stadium, Delhi",2,39.3,England,Afghanistan,MA Wood,RJW Topley,Fazalhaq Farooqi,1,0,,,,,,,,,
1384404,2023/24,2023-10-15,"Arun Jaitley Stadium, Delhi",2,39.4,England,Afghanistan,RJW Topley,MA Wood,Fazalhaq Farooqi,4,0,,,,,,,,,
1384404,2023/24,2023-10-15,"Arun Jaitley Stadium, Delhi",2,39.5,England,Afghanistan,RJW Topley,MA Wood,Fazalhaq Farooqi,4,0,,,,,,,,,
1384404,2023/24,2023-10-15,"Arun Jaitley Stadium, Delhi",2,39.6,England,Afghanistan,RJW Topley,MA Wood,Fazalhaq Farooqi,4,0,,,,,,,,,
1384404,2023/24,2023-10-15,"Arun Jaitley Stadium, Delhi",2,40.1,England,Afghanistan,MA Wood,RJW Topley,Rashid Khan,1,0,,,,,,,,,
1384404,2023/24,2023-10-15,"Arun Jaitley Stadium, Delhi",2,40.2,England,Afghanistan,RJW Topley,MA Wood,Rashid Khan,1,0,,,,,,,,,
1384404,2023/24,2023-10-15,"Arun Jaitley Stadium, Delhi",2,40.3,England,Afghanistan,MA Wood,RJW Topley,Rashid Khan,0,0,,,,,,bowled,MA Wood,,
