match_id,season,start_date,venue,innings,ball,batting_team,bowling_team,striker,non_striker,bowler,runs_off_bat,extras,wides,noballs,byes,legbyes,penalty,wicket_type,player_dismissed,other_wicket_type,other_player_dismissed
1384423,2023/24,2023-11-01,"Maharashtra Cricket Association Stadium, Pune",1,0.1,South Africa,New Zealand,Q de Kock,T Bavuma,TA Boult,0,0,,,,,,,,,
1384423,2023/24,2023-11-01,"Maharashtra Cricket Association Stadium, Pune",1,0.2,South Africa,New Zealand,Q de Kock,T Bavuma,TA Boult,0,0,,,,,,,,,
1384423,2023/24,2023-11-01,"Maharashtra Cricket Association Stadium, Pune",1,0.3,South Africa,New Zealand,Q de Kock,T Bavuma,TA Boult,0,0,,,,,,,,,
1384423,2023/24,2023-11-01,"Maharashtra Cricket Association Stadium, Pune",1,0.4,South Africa,New Zealand,Q de Kock,T Bavuma,TA Boult,0,0,,,,,,,,,
1384423,2023/24,2023-11-01,"Maharashtra Cricket Association Stadium, Pune",1,0.5,South Africa,New Zealand,Q de Kock,T Bavuma,TA Boult,2,0,,,,,,,,,
1384423,2023/24,2023-11-01,"Maharashtra Cricket Association Stadium, Pune",1,0.6,South Africa,New Zealand,Q de Kock,T Bavuma,TA Boult,0,0,,,,,,,,,
1384423,2023/24,2023-11-01,"Maharashtra Cricket Association Stadium, Pune",1,1.1,South Africa,New Zealand,T Bavuma,Q de Kock,MJ Henry,0,0,,,,,,,,,
1384423,2023/24,2023-11-01,"Maharashtra Cricket Association Stadium, Pune",1,1.2,South Africa,New Zealand,T Bavuma,Q de Kock,MJ Henry,0,0,,,,,,,,,
1384423,2023/24,2023-11-01,"Maharashtra Cricket Association Stadium, Pune",1,1.3,South Africa,New Zealand,T Bavuma,Q de Kock,MJ Henry,0,0,,,,,,,,,
1384423,2023/24,2023-11-01,"Maharashtra Cricket Association Stadium, Pune",1,1.4,South Africa,New Zealand,T Bavuma,Q de Kock,MJ Henry,0,0,,,,,,,,,
1384423,2023/24,2023-11-01,"Maharashtra Cricket Association Stadium, Pune",1,1.5,South Africa,New Zealand,T Bavuma,Q de Kock,MJ Henry,1,0,,,,,,,,,
1384423,2023/24,2023-11-01,"Maharashtra Cricket Association Stadium, Pune",1,1.6,South Africa,New Zealand,Q de Kock,T Bavuma,MJ Henry,1,0,,,,,,,,,
1384423,2023/24,2023-11-01,"Maharashtra Cricket Association Stadium, Pune",1,2.1,South Africa,New Zealand,Q de Kock,T Bavuma,TA Boult,0,0,,,,,,,,,
1384423,2023/24,2023-11-01,"Maharashtra Cricket Association Stadium, Pune",1,2.2,South Africa,New Zealand,Q de Kock,T Bavuma,TA Boult,0,0,,,,,,,,,
1384423,2023/24,2023-11-01,"Maharashtra Cricket Association Stadium, Pune",1,2.3,South Africa,New Zealand,Q de Kock,T Bavuma,TA Boult,0,0,,,,,,,,,
1384423,2023/24,2023-11-01,"Maharashtra Cricket Association Stadium, Pune",1,2.4,South Africa,New Zealand,Q de Kock,T Bavuma,TA Boult,1,0,,,,,,,,,
1384423,2023/24,2023-11-01,"Maharashtra Cricket Association Stadium, Pune",1,2.5,South Africa,New Zealand,T Bavuma,Q de Kock,TA Boult,0,0,,,,,,,,,
1384423,2023/24,2023-11-01,"Maharashtra Cricket Association Stadium, Pune",1,2.6,South Africa,New Zealand,T Bavuma,Q de Kock,TA Boult,1,0,,,,,,,,,
1384423,2023/24,2023-11-01,"Maharashtra Cricket Association Stadium, Pune",1,3.1,South Africa,New Zealand,T Bavuma,Q de Kock,MJ Henry,0,0,,,,,,,,,
1384423,2023/24,2023-11-01,"Maharashtra Cricket Association Stadium, Pune",1,3.2,South Africa,New Zealand,T Bavuma,Q de Kock,MJ Henry,4,0,,,,,,,,,
1384423,2023/24,2023-11-01,"Maharashtra Cricket Association Stadium, Pune",1,3.3,South Africa,New Zealand,T Bavuma,Q de Kock,MJ Henry,0,0,,,,,,,,,
1384423,2023/24,2023-11-01,"Maharashtra Cricket Association Stadium, Pune",1,3.4,South Africa,New Zealand,T Bavuma,Q de Kock,MJ Henry,4,0,,,,,,,,,
1384423,2023/24,2023-11-01,"Maharashtra Cricket Association Stadium, Pune",1,3.5,South Africa,New Zealand,T Bavuma,Q de Kock,MJ Henry,0,0,,,,,,,,,
1384423,2023/24,2023-11-01,"Maharashtra Cricket Association Stadium, Pune",1,3.6,South Africa,New Zealand,T Bavuma,Q de Kock,MJ Henry,0,0,,,,,,,,,
1384423,2023/24,2023-11-01,"Maharashtra Cricket Association Stadium, Pune",1,4.1,South Africa,New Zealand,Q de Kock,T Bavuma,TA Boult,0,0,,,,,,,,,
1384423,2023/24,2023-11-01,"Maharashtra Cricket Association Stadium, Pune",1,4.2,South Africa,New Zealand,Q de Kock,T Bavuma,TA Boult,0,0,,,,,,,,,
1384423,2023/24,2023-11-01,"Maharashtra Cricket Association Stadium, Pune",1,4.3,South Africa,New Zealand,Q de Kock,T Bavuma,TA Boult,0,1,,,,1,,,,,
1384423,2023/24,2023-11-01,"Maharashtra Cricket Association Stadium, Pune",1,4.4,South Africa,New Zealand,T Bavuma,Q de Kock,TA Boult,0,0,,,,,,,,,
1384423,2023/24,2023-11-01,"Maharashtra Cricket Association Stadium, Pune",1,4.5,South Africa,New Zealand,T Bavuma,Q de Kock,TA Boult,0,0,,,,,,,,,
1384423,2023/24,2023-11-01,"Maharashtra Cricket Association Stadium, Pune",1,4.6,South Africa,New Zealand,T Bavuma,Q de Kock,TA Boult,0,0,,,,,,,,,
1384423,2023/24,2023-11-01,"Maharashtra Cricket Association Stadium, Pune",1,5.1,South Africa,New Zealand,Q de Kock,T Bavuma,MJ Henry,1,0,,,,,,,,,
1384423,2023/24,2023-11-01,"Maharashtra Cricket Association Stadium, Pune",1,5.2,South Africa,New Zealand,T Bavuma,Q de Kock,MJ Henry,6,0,,,,,,,,,
1384423,2023/24,2023-11-01,"Maharashtra Cricket Association Stadium, Pune",1,5.3,South Africa,New Zealand,T Bavuma,Q de Kock,MJ Henry,0,0,,,,,,,,,
1384423,2023/24,2023-11-01,"Maharashtra Cricket Association Stadium, Pune",1,5.4,South Africa,New Zealand,T Bavuma,Q de Kock,MJ Henry,0,0,,,,,,,,,
1384423,2023/24,2023-11-01,"Maharashtra Cricket Association Stadium, Pune",1,5.5,South Africa,New Zealand,T Bavuma,Q de Kock,MJ Henry,0,0,,,,,,,,,
1384423,2023/24,2023-11-01,"Maharashtra Cricket Association Stadium, Pune",1,5.6,South Africa,New Zealand,T Bavuma,Q de Kock,MJ Henry,0,0,,,,,,,,,
1384423,2023/24,2023-11-01,"Maharashtra Cricket Association Stadium, Pune",1,6.1,South Africa,New Zealand,Q de Kock,T Bavuma,TA Boult,2,0,,,,,,,,,
1384423,2023/24,2023-11-01,"Maharashtra Cricket Association Stadium, Pune",1,6.2,South Africa,New Zealand,Q de Kock,T Bavuma,TA Boult,0,0,,,,,,,,,
1384423,2023/24,2023-11-01,"Maharashtra Cricket Association Stadium, Pune",1,6.3,South Africa,New Zealand,Q de Kock,T Bavuma,TA Boult,0,0,,,,,,,,,
1384423,2023/24,2023-11-01,"Maharashtra Cricket Association Stadium, Pune",1,6.4,South Africa,New Zealand,Q de Kock,T Bavuma,TA Boult,4,0,,,,,,,,,
1384423,2023/24,2023-11-01,"Maharashtra Cricket Association Stadium, Pune",1,6.5,South Africa,New Zealand,Q de Kock,T Bavuma,TA Boult,0,1,1,,,,,,,,
1384423,2023/24,2023-11-01,"Maharashtra Cricket Association Stadium, Pune",1,6.6,South Africa,New Zealand,Q de Kock,T Bavuma,TA Boult,0,0,,,,,,,,,
1384423,2023/24,2023-11-01,"Maharashtra Cricket Association Stadium, Pune",1,6.7,South Africa,New Zealand,Q de Kock,T Bavuma,TA Boult,0,0,,,,,,,,,
1384423,2023/24,2023-11-01,"Maharashtra Cricket Association Stadium, Pune",1,7.1,South Africa,New Zealand,T Bavuma,Q de Kock,MJ Henry,4,0,,,,,,,,,
1384423,2023/24,2023-11-01,"Maharashtra Cricket Association Stadium, Pune",1,7.2,South Africa,New Zealand,T Bavuma,Q de Kock,MJ Henry,0,0,,,,,,,,,
1384423,2023/24,2023-11-01,"Maharashtra Cricket Association Stadium, Pune",1,7.3,South Africa,New Zealand,T Bavuma,Q de Kock,MJ Henry,0,0,,,,,,,,,
1384423,2023/24,2023-11-01,"Maharashtra Cricket Association Stadium, Pune",1,7.4,South Africa,New Zealand,T Bavuma,Q de Kock,MJ Henry,0,0,,,,,,,,,
1384423,2023/24,2023-11-01,"Maharashtra Cricket Association Stadium, Pune",1,7.5,South Africa,New Zealand,T Bavuma,Q de Kock,MJ Henry,4,0,,,,,,,,,
1384423,2023/24,2023-11-01,"Maharashtra Cricket Association Stadium, Pune",1,7.6,South Africa,New Zealand,T Bavuma,Q de Kock,MJ Henry,0,0,,,,,,,,,
1384423,2023/24,2023-11-01,"Maharashtra Cricket Association Stadium, Pune",1,8.1,South Africa,New Zealand,Q de Kock,T Bavuma,TA Boult,0,0,,,,,,,,,
1384423,2023/24,2023-11-01,"Maharashtra Cricket Association Stadium, Pune",1,8.2,South Africa,New Zealand,Q de Kock,T Bavuma,TA Boult,1,0,,,,,,,,,
1384423,2023/24,2023-11-01,"Maharashtra Cricket Association Stadium, Pune",1,8.3,South Africa,New Zealand,T Bavuma,Q de Kock,TA Boult,0,0,,,,,,caught,T Bavuma,,
1384423,2023/24,2023-11-01,"Maharashtra Cricket Association Stadium, Pune",1,8.4,South Africa,New Zealand,HE van der Dussen,Q de Kock,TA Boult,0,0,,,,,,,,,
1384423,2023/24,2023-11-01,"Maharashtra Cricket Association Stadium, Pune",1,8.5,South Africa,New Zealand,HE van der Dussen,Q de Kock,TA Boult,0,0,,,,,,,,,
1384423,2023/24,2023-11-01,"Maharashtra Cricket Association Stadium, Pune",1,8.6,South Africa,New Zealand,HE van der Dussen,Q de Kock,TA Boult,0,0,,,,,,,,,
1384423,2023/24,2023-11-01,"Maharashtra Cricket Association Stadium, Pune",1,9.1,South Africa,New Zealand,Q de Kock,HE van der Dussen,TG Southee,0,0,,,,,,,,,
1384423,2023/24,2023-11-01,"Maharashtra Cricket Association Stadium, Pune",1,9.2,South Africa,New Zealand,Q de Kock,HE van der Dussen,TG Southee,1,0,,,,,,,,,
1384423,2023/24,2023-11-01,"Maharashtra Cricket Association Stadium, Pune",1,9.3,South Africa,New Zealand,HE van der Dussen,Q de Kock,TG Southee,4,0,,,,,,,,,
1384423,2023/24,2023-11-01,"Maharashtra Cricket Association Stadium, Pune",1,9.4,South Africa,New Zealand,HE van der Dussen,Q de Kock,TG Southee,0,0,,,,,,,,,
1384423,2023/24,2023-11-01,"Maharashtra Cricket Association Stadium, Pune",1,9.5,South Africa,New Zealand,HE van der Dussen,Q de Kock,TG Southee,0,0,,,,,,,,,
1384423,2023/24,2023-11-01,"Maharashtra Cricket Association Stadium, Pune",1,9.6,South Africa,New Zealand,HE van der Dussen,Q de Kock,TG Southee,0,0,,,,,,,,,
1384423,2023/24,2023-11-01,"Maharashtra Cricket Association Stadium, Pune",1,10.1,South Africa,New Zealand,Q de Kock,HE van der Dussen,MJ Santner,0,0,,,,,,,,,
1384423,2023/24,2023-11-01,"Maharashtra Cricket Association Stadium, Pune",1,10.2,South Africa,New Zealand,Q de Kock,HE van der Dussen,MJ Santner,1,0,,,,,,,,,
1384423,2023/24,2023-11-01,"Maharashtra Cricket Association Stadium, Pune",1,10.3,South Africa,New Zealand,HE van der Dussen,Q de Kock,MJ Santner,0,0,,,,,,,,,
1384423,2023/24,2023-11-01,"Maharashtra Cricket Association Stadium, Pune",1,10.4,South Africa,New Zealand,HE van der Dussen,Q de Kock,MJ Santner,1,0,,,,,,,,,
1384423,2023/24,2023-11-01,"Maharashtra Cricket Association Stadium, Pune",1,10.5,South Africa,New Zealand,Q de Kock,HE van der Dussen,MJ Santner,1,0,,,,,,,,,
1384423,2023/24,2023-11-01,"Maharashtra Cricket Association Stadium, Pune",1,10.6,South Africa,New Zealand,HE van der Dussen,Q de Kock,MJ Santner,1,0,,,,,,,,,
1384423,2023/24,2023-11-01,"Maharashtra Cricket Association Stadium, Pune",1,11.1,South Africa,New Zealand,HE van der Dussen,Q de Kock,TG Southee,1,0,,,,,,,,,
1384423,2023/24,2023-11-01,"Maharashtra Cricket Association Stadium, Pune",1,11.2,South Africa,New Zealand,Q de Kock,HE van der Dussen,TG Southee,1,0,,,,,,,,,
1384423,2023/24,2023-11-01,"Maharashtra Cricket Association Stadium, Pune",1,11.3,South Africa,New Zealand,HE van der Dussen,Q de Kock,TG Southee,1,0,,,,,,,,,
1384423,2023/24,2023-11-01,"Maharashtra Cricket Association Stadium, Pune",1,11.4,South Africa,New Zealand,Q de Kock,HE van der Dussen,TG Southee,1,0,,,,,,,,,
1384423,2023/24,2023-11-01,"Maharashtra Cricket Association Stadium, Pune",1,11.5,South Africa,New Zealand,HE van der Dussen,Q de Kock,TG Southee,1,0,,,,,,,,,
1384423,2023/24,2023-11-01,"Maharashtra Cricket Association Stadium, Pune",1,11.6,South Africa,New Zealand,Q de Kock,HE van der Dussen,TG Southee,1,0,,,,,,,,,
1384423,2023/24,2023-11-01,"Maharashtra Cricket Association Stadium, Pune",1,12.1,South Africa,New Zealand,Q de Kock,HE van der Dussen,MJ Santner,1,0,,,,,,,,,
1384423,2023/24,2023-11-01,"Maharashtra Cricket Association Stadium, Pune",1,12.2,South Africa,New Zealand,HE van der Dussen,Q de Kock,MJ Santner,0,0,,,,,,,,,
1384423,2023/24,2023-11-01,"Maharashtra Cricket Association Stadium, Pune",1,12.3,South Africa,New Zealand,HE van der Dussen,Q de Kock,MJ Santner,1,0,,,,,,,,,
1384423,2023/24,2023-11-01,"Maharashtra Cricket Association Stadium, Pune",1,12.4,South Africa,New Zealand,Q de Kock,HE van der Dussen,MJ Santner,0,0,,,,,,,,,
1384423,2023/24,2023-11-01,"Maharashtra Cricket Association Stadium, Pune",1,12.5,South Africa,New Zealand,Q de Kock,HE van der Dussen,MJ Santner,0,0,,,,,,,,,
1384423,2023/24,2023-11-01,"Maharashtra Cricket Association Stadium, Pune",1,12.6,South Africa,New Zealand,Q de Kock,HE van der Dussen,MJ Santner,0,1,1,,,,,,,,
1384423,2023/24,2023-11-01,"Maharashtra Cricket Association Stadium, Pune",1,12.7,South Africa,New Zealand,Q de Kock,HE van der Dussen,MJ Santner,1,0,,,,,,,,,
1384423,2023/24,2023-11-01,"Maharashtra Cricket Association Stadium, Pune",1,13.1,South Africa,New Zealand,Q de Kock,HE van der Dussen,TG Southee,0,0,,,,,,,,,
1384423,2023/24,2023-11-01,"Maharashtra Cricket Association Stadium, Pune",1,13.2,South Africa,New Zealand,Q de Kock,HE van der Dussen,TG Southee,1,0,,,,,,,,,
1384423,2023/24,2023-11-01,"Maharashtra Cricket Association Stadium, Pune",1,13.3,South Africa,New Zealand,HE van der Dussen,Q de Kock,TG Southee,0,0,,,,,,,,,
1384423,2023/24,2023-11-01,"Maharashtra Cricket Association Stadium, Pune",1,13.4,South Africa,New Zealand,HE van der Dussen,Q de Kock,TG Southee,0,0,,,,,,,,,
1384423,2023/24,2023-11-01,"Maharashtra Cricket Association Stadium, Pune",1,13.5,South Africa,New Zealand,HE van der Dussen,Q de Kock,TG Southee,0,0,,,,,,,,,
1384423,2023/24,2023-11-01,"Maharashtra Cricket Association Stadium, Pune",1,13.6,South Africa,New Zealand,HE van der Dussen,Q de Kock,TG Southee,1,0,,,,,,,,,
1384423,2023/24,2023-11-01,"Maharashtra Cricket Association Stadium, Pune",1,14.1,South Africa,New Zealand,HE van der Dussen,Q de Kock,MJ Santner,0,0,,,,,,,,,
1384423,2023/24,2023-11-01,"Maharashtra Cricket Association Stadium, Pune",1,14.2,South Africa,New Zealand,HE van der Dussen,Q de Kock,MJ Santner,0,0,,,,,,,,,
1384423,2023/24,2023-11-01,"Maharashtra Cricket Association Stadium, Pune",1,14.3,South Africa,New Zealand,HE van der Dussen,Q de Kock,MJ Santner,1,0,,,,,,,,,
1384423,2023/24,2023-11-01,"Maharashtra Cricket Association Stadium, Pune",1,14.4,South Africa,New Zealand,Q de Kock,HE van der Dussen,MJ Santner,0,0,,,,,,,,,
1384423,2023/24,2023-11-01,"Maharashtra Cricket Association Stadium, Pune",1,14.5,South Africa,New Zealand,Q de Kock,HE van der Dussen,MJ Santner,1,0,,,,,,,,,
1384423,2023/24,2023-11-01,"Maharashtra Cricket Association Stadium, Pune",1,14.6,South Africa,New Zealand,HE van der Dussen,Q de Kock,MJ Santner,0,0,,,,,,,,,
1384423,2023/24,2023-11-01,"Maharashtra Cricket Association Stadium, Pune",1,15.1,South Africa,New Zealand,Q de Kock,HE van der Dussen,TG Southee,4,0,,,,,,,,,
1384423,2023/24,2023-11-01,"Maharashtra Cricket Association Stadium, Pune",1,15.2,South Africa,New Zealand,Q de Kock,HE van der Dussen,TG Southee,6,0,,,,,,,,,
1384423,2023/24,2023-11-01,"Maharashtra Cricket Association Stadium, Pune",1,15.3,South Africa,New Zealand,Q de Kock,HE van der Dussen,TG Southee,1,0,,,,,,,,,
1384423,2023/24,2023-11-01,"Maharashtra Cricket Association Stadium, Pune",1,15.4,South Africa,New Zealand,HE van der Dussen,Q de Kock,TG Southee,0,1,1,,,,,,,,
1384423,2023/24,2023-11-01,"Maharashtra Cricket Association Stadium, Pune",1,15.5,South Africa,New Zealand,HE van der Dussen,Q de Kock,TG Southee,0,0,,,,,,,,,
1384423,2023/24,2023-11-01,"Maharashtra Cricket Association Stadium, Pune",1,15.6,South Africa,New Zealand,HE van der Dussen,Q de Kock,TG Southee,0,0,,,,,,,,,
1384423,2023/24,2023-11-01,"Maharashtra Cricket Association Stadium, Pune",1,15.7,South Africa,New Zealand,HE van der Dussen,Q de Kock,TG Southee,0,0,,,,,,,,,
1384423,2023/24,2023-11-01,"Maharashtra Cricket Association Stadium, Pune",1,16.1,South Africa,New Zealand,Q de Kock,HE van der Dussen,MJ Santner,0,0,,,,,,,,,
1384423,2023/24,2023-11-01,"Maharashtra Cricket Association Stadium, Pune",1,16.2,South Africa,New Zealand,Q de Kock,HE van der Dussen,MJ Santner,0,0,,,,,,,,,
1384423,2023/24,2023-11-01,"Maharashtra Cricket Association Stadium, Pune",1,16.3,South Africa,New Zealand,Q de Kock,HE van der Dussen,MJ Santner,1,0,,,,,,,,,
1384423,2023/24,2023-11-01,"Maharashtra Cricket Association Stadium, Pune",1,16.4,South Africa,New Zealand,HE van der Dussen,Q de Kock,MJ Santner,0,0,,,,,,,,,
1384423,2023/24,2023-11-01,"Maharashtra Cricket Association Stadium, Pune",1,16.5,South Africa,New Zealand,HE van der Dussen,Q de Kock,MJ Santner,1,0,,,,,,,,,
1384423,2023/24,2023-11-01,"Maharashtra Cricket Association Stadium, Pune",1,16.6,South Africa,New Zealand,Q de Kock,HE van der Dussen,MJ Santner,1,0,,,,,,,,,
1384423,2023/24,2023-11-01,"Maharashtra Cricket Association Stadium, Pune",1,17.1,South Africa,New Zealand,Q de Kock,HE van der Dussen,GD Phillips,0,0,,,,,,,,,
1384423,2023/24,2023-11-01,"Maharashtra Cricket Association Stadium, Pune",1,17.2,South Africa,New Zealand,Q de Kock,HE van der Dussen,GD Phillips,0,0,,,,,,,,,
1384423,2023/24,2023-11-01,"Maharashtra Cricket Association Stadium, Pune",1,17.3,South Africa,New Zealand,Q de Kock,HE van der Dussen,GD Phillips,1,0,,,,,,,,,
1384423,2023/24,2023-11-01,"Maharashtra Cricket Association Stadium, Pune",1,17.4,South Africa,New Zealand,HE van der Dussen,Q de Kock,GD Phillips,1,0,,,,,,,,,
1384423,2023/24,2023-11-01,"Maharashtra Cricket Association Stadium, Pune",1,17.5,South Africa,New Zealand,Q de Kock,HE van der Dussen,GD Phillips,1,0,,,,,,,,,
1384423,2023/24,2023-11-01,"Maharashtra Cricket Association Stadium, Pune",1,17.6,South Africa,New Zealand,HE van der Dussen,Q de Kock,GD Phillips,4,0,,,,,,,,,
1384423,2023/24,2023-11-01,"Maharashtra Cricket Association Stadium, Pune",1,18.1,South Africa,New Zealand,Q de Kock,HE van der Dussen,MJ Santner,1,0,,,,,,,,,
1384423,2023/24,2023-11-01,"Maharashtra Cricket Association Stadium, Pune",1,18.2,South Africa,New Zealand,HE van der Dussen,Q de Kock,MJ Santner,1,0,,,,,,,,,
1384423,2023/24,2023-11-01,"Maharashtra Cricket Association Stadium, Pune",1,18.3,South Africa,New Zealand,Q de Kock,HE van der Dussen,MJ Santner,6,0,,,,,,,,,
1384423,2023/24,2023-11-01,"Maharashtra Cricket Association Stadium, Pune",1,18.4,South Africa,New Zealand,Q de Kock,HE van der Dussen,MJ Santner,0,0,,,,,,,,,
1384423,2023/24,2023-11-01,"Maharashtra Cricket Association Stadium, Pune",1,18.5,South Africa,New Zealand,Q de Kock,HE van der Dussen,MJ Santner,1,0,,,,,,,,,
1384423,2023/24,2023-11-01,"Maharashtra Cricket Association Stadium, Pune",1,18.6,South Africa,New Zealand,HE van der Dussen,Q de Kock,MJ Santner,1,0,,,,,,,,,
1384423,2023/24,2023-11-01,"Maharashtra Cricket Association Stadium, Pune",1,19.1,South Africa,New Zealand,HE van der Dussen,Q de Kock,GD Phillips,1,0,,,,,,,,,
1384423,2023/24,2023-11-01,"Maharashtra Cricket Association Stadium, Pune",1,19.2,South Africa,New Zealand,Q de Kock,HE van der Dussen,GD Phillips,0,0,,,,,,,,,
1384423,2023/24,2023-11-01,"Maharashtra Cricket Association Stadium, Pune",1,19.3,South Africa,New Zealand,Q de Kock,HE van der Dussen,GD Phillips,0,0,,,,,,,,,
1384423,2023/24,2023-11-01,"Maharashtra Cricket Association Stadium, Pune",1,19.4,South Africa,New Zealand,Q de Kock,HE van der Dussen,GD Phillips,0,0,,,,,,,,,
1384423,2023/24,2023-11-01,"Maharashtra Cricket Association Stadium, Pune",1,19.5,South Africa,New Zealand,Q de Kock,HE van der Dussen,GD Phillips,0,0,,,,,,,,,
1384423,2023/24,2023-11-01,"Maharashtra Cricket Association Stadium, Pune",1,19.6,South Africa,New Zealand,Q de Kock,HE van der Dussen,GD Phillips,0,0,,,,,,,,,
1384423,2023/24,2023-11-01,"Maharashtra Cricket Association Stadium, Pune",1,20.1,South Africa,New Zealand,HE van der Dussen,Q de Kock,R Ravindra,6,0,,,,,,,,,
1384423,2023/24,2023-11-01,"Maharashtra Cricket Association Stadium, Pune",1,20.2,South Africa,New Zealand,HE van der Dussen,Q de Kock,R Ravindra,1,0,,,,,,,,,
1384423,2023/24,2023-11-01,"Maharashtra Cricket Association Stadium, Pune",1,20.3,South Africa,New Zealand,Q de Kock,HE van der Dussen,R Ravindra,0,0,,,,,,,,,
1384423,2023/24,2023-11-01,"Maharashtra Cricket Association Stadium, Pune",1,20.4,South Africa,New Zealand,Q de Kock,HE van der Dussen,R Ravindra,4,0,,,,,,,,,
1384423,2023/24,2023-11-01,"Maharashtra Cricket Association Stadium, Pune",1,20.5,South Africa,New Zealand,Q de Kock,HE van der Dussen,R Ravindra,1,0,,,,,,,,,
1384423,2023/24,2023-11-01,"Maharashtra Cricket Association Stadium, Pune",1,20.6,South Africa,New Zealand,HE van der Dussen,Q de Kock,R Ravindra,0,0,,,,,,,,,
1384423,2023/24,2023-11-01,"Maharashtra Cricket Association Stadium, Pune",1,21.1,South Africa,New Zealand,Q de Kock,HE van der Dussen,GD Phillips,1,0,,,,,,,,,
1384423,2023/24,2023-11-01,"Maharashtra Cricket Association Stadium, Pune",1,21.2,South Africa,New Zealand,HE van der Dussen,Q de Kock,GD Phillips,0,0,,,,,,,,,
1384423,2023/24,2023-11-01,"Maharashtra Cricket Association Stadium, Pune",1,21.3,South Africa,New Zealand,HE van der Dussen,Q de Kock,GD Phillips,1,0,,,,,,,,,
1384423,2023/24,2023-11-01,"Maharashtra Cricket Association Stadium, Pune",1,21.4,South Africa,New Zealand,Q de Kock,HE van der Dussen,GD Phillips,0,0,,,,,,,,,
1384423,2023/24,2023-11-01,"Maharashtra Cricket Association Stadium, Pune",1,21.5,South Africa,New Zealand,Q de Kock,HE van der Dussen,GD Phillips,0,0,,,,,,,,,
1384423,2023/24,2023-11-01,"Maharashtra Cricket Association Stadium, Pune",1,21.6,South Africa,New Zealand,Q de Kock,HE van der Dussen,GD Phillips,1,0,,,,,,,,,
1384423,2023/24,2023-11-01,"Maharashtra Cricket Association Stadium, Pune",1,22.1,South Africa,New Zealand,Q de Kock,HE van der Dussen,R Ravindra,1,0,,,,,,,,,
1384423,2023/24,2023-11-01,"Maharashtra Cricket Association Stadium, Pune",1,22.2,South Africa,New Zealand,HE van der Dussen,Q de Kock,R Ravindra,0,0,,,,,,,,,
1384423,2023/24,2023-11-01,"Maharashtra Cricket Association Stadium, Pune",1,22.3,South Africa,New Zealand,HE van der Dussen,Q de Kock,R Ravindra,0,0,,,,,,,,,
1384423,2023/24,2023-11-01,"Maharashtra Cricket Association Stadium, Pune",1,22.4,South Africa,New Zealand,HE van der Dussen,Q de Kock,R Ravindra,4,0,,,,,,,,,
1384423,2023/24,2023-11-01,"Maharashtra Cricket Association Stadium, Pune",1,22.5,South Africa,New Zealand,HE van der Dussen,Q de Kock,R Ravindra,0,0,,,,,,,,,
1384423,2023/24,2023-11-01,"Maharashtra Cricket Association Stadium, Pune",1,22.6,South Africa,New Zealand,HE van der Dussen,Q de Kock,R Ravindra,0,0,,,,,,,,,
1384423,2023/24,2023-11-01,"Maharashtra Cricket Association Stadium, Pune",1,23.1,South Africa,New Zealand,Q de Kock,HE van der Dussen,GD Phillips,1,0,,,,,,,,,
1384423,2023/24,2023-11-01,"Maharashtra Cricket Association Stadium, Pune",1,23.2,South Africa,New Zealand,HE van der Dussen,Q de Kock,GD Phillips,1,0,,,,,,,,,
1384423,2023/24,2023-11-01,"Maharashtra Cricket Association Stadium, Pune",1,23.3,South Africa,New Zealand,Q de Kock,HE van der Dussen,GD Phillips,0,0,,,,,,,,,
1384423,2023/24,2023-11-01,"Maharashtra Cricket Association Stadium, Pune",1,23.4,South Africa,New Zealand,Q de Kock,HE van der Dussen,GD Phillips,0,0,,,,,,,,,
1384423,2023/24,2023-11-01,"Maharashtra Cricket Association Stadium, Pune",1,23.5,South Africa,New Zealand,Q de Kock,HE van der Dussen,GD Phillips,0,0,,,,,,,,,
1384423,2023/24,2023-11-01,"Maharashtra Cricket Association Stadium, Pune",1,23.6,South Africa,New Zealand,Q de Kock,HE van der Dussen,GD Phillips,1,0,,,,,,,,,
1384423,2023/24,2023-11-01,"Maharashtra Cricket Association Stadium, Pune",1,24.1,South Africa,New Zealand,Q de Kock,HE van der Dussen,MJ Henry,0,1,1,,,,,,,,
1384423,2023/24,2023-11-01,"Maharashtra Cricket Association Stadium, Pune",1,24.2,South Africa,New Zealand,Q de Kock,HE van der Dussen,MJ Henry,1,0,,,,,,,,,
1384423,2023/24,2023-11-01,"Maharashtra Cricket Association Stadium, Pune",1,24.3,South Africa,New Zealand,HE van der Dussen,Q de Kock,MJ Henry,0,1,,,,1,,,,,
1384423,2023/24,2023-11-01,"Maharashtra Cricket Association Stadium, Pune",1,24.4,South Africa,New Zealand,Q de Kock,HE van der Dussen,MJ Henry,1,0,,,,,,,,,
1384423,2023/24,2023-11-01,"Maharashtra Cricket Association Stadium, Pune",1,24.5,South Africa,New Zealand,HE van der Dussen,Q de Kock,MJ Henry,1,0,,,,,,,,,
1384423,2023/24,2023-11-01,"Maharashtra Cricket Association Stadium, Pune",1,24.6,South Africa,New Zealand,Q de Kock,HE van der Dussen,MJ Henry,0,1,,,,1,,,,,
1384423,2023/24,2023-11-01,"Maharashtra Cricket Association Stadium, Pune",1,24.7,South Africa,New Zealand,HE van der Dussen,Q de Kock,MJ Henry,1,0,,,,,,,,,
1384423,2023/24,2023-11-01,"Maharashtra Cricket Association Stadium, Pune",1,25.1,South Africa,New Zealand,HE van der Dussen,Q de Kock,GD Phillips,2,0,,,,,,,,,
1384423,2023/24,2023-11-01,"Maharashtra Cricket Association Stadium, Pune",1,25.2,South Africa,New Zealand,HE van der Dussen,Q de Kock,GD Phillips,1,0,,,,,,,,,
1384423,2023/24,2023-11-01,"Maharashtra Cricket Association Stadium, Pune",1,25.3,South Africa,New Zealand,Q de Kock,HE van der Dussen,GD Phillips,1,0,,,,,,,,,
1384423,2023/24,2023-11-01,"Maharashtra Cricket Association Stadium, Pune",1,25.4,South Africa,New Zealand,HE van der Dussen,Q de Kock,GD Phillips,1,0,,,,,,,,,
1384423,2023/24,2023-11-01,"Maharashtra Cricket Association Stadium, Pune",1,25.5,South Africa,New Zealand,Q de Kock,HE van der Dussen,GD Phillips,1,0,,,,,,,,,
1384423,2023/24,2023-11-01,"Maharashtra Cricket Association Stadium, Pune",1,25.6,South Africa,New Zealand,HE van der Dussen,Q de Kock,GD Phillips,6,0,,,,,,,,,
1384423,2023/24,2023-11-01,"Maharashtra Cricket Association Stadium, Pune",1,26.1,South Africa,New Zealand,Q de Kock,HE van der Dussen,MJ Henry,1,0,,,,,,,,,
1384423,2023/24,2023-11-01,"Maharashtra Cricket Association Stadium, Pune",1,26.2,South Africa,New Zealand,HE van der Dussen,Q de Kock,MJ Henry,0,0,,,,,,,,,
1384423,2023/24,2023-11-01,"Maharashtra Cricket Association Stadium, Pune",1,26.3,South Africa,New Zealand,HE van der Dussen,Q de Kock,MJ Henry,0,0,,,,,,,,,
1384423,2023/24,2023-11-01,"Maharashtra Cricket Association Stadium, Pune",1,26.4,South Africa,New Zealand,HE van der Dussen,Q de Kock,JDS Neesham,0,0,,,,,,,,,
1384423,2023/24,2023-11-01,"Maharashtra Cricket Association Stadium, Pune",1,26.5,South Africa,New Zealand,HE van der Dussen,Q de Kock,JDS Neesham,0,0,,,,,,,,,
1384423,2023/24,2023-11-01,"Maharashtra Cricket Association Stadium, Pune",1,26.6,South Africa,New Zealand,HE van der Dussen,Q de Kock,JDS Neesham,1,0,,,,,,,,,
1384423,2023/24,2023-11-01,"Maharashtra Cricket Association Stadium, Pune",1,27.1,South Africa,New Zealand,HE van der Dussen,Q de Kock,GD Phillips,1,0,,,,,,,,,
1384423,2023/24,2023-11-01,"Maharashtra Cricket Association Stadium, Pune",1,27.2,South Africa,New Zealand,Q de Kock,HE van der Dussen,GD Phillips,1,0,,,,,,,,,
1384423,2023/24,2023-11-01,"Maharashtra Cricket Association Stadium, Pune",1,27.3,South Africa,New Zealand,HE van der Dussen,Q de Kock,GD Phillips,0,1,,,,1,,,,,
1384423,2023/24,2023-11-01,"Maharashtra Cricket Association Stadium, Pune",1,27.4,South Africa,New Zealand,Q de Kock,HE van der Dussen,GD Phillips,2,0,,,,,,,,,
1384423,2023/24,2023-11-01,"Maharashtra Cricket Association Stadium, Pune",1,27.5,South Africa,New Zealand,Q de Kock,HE van der Dussen,GD Phillips,0,0,,,,,,,,,
1384423,2023/24,2023-11-01,"Maharashtra Cricket Association Stadium, Pune",1,27.6,South Africa,New Zealand,Q de Kock,HE van der Dussen,GD Phillips,4,0,,,,,,,,,
1384423,2023/24,2023-11-01,"Maharashtra Cricket Association Stadium, Pune",1,28.1,South Africa,New Zealand,HE van der Dussen,Q de Kock,TG Southee,0,0,,,,,,,,,
1384423,2023/24,2023-11-01,"Maharashtra Cricket Association Stadium, Pune",1,28.2,South Africa,New Zealand,HE van der Dussen,Q de Kock,TG Southee,1,0,,,,,,,,,
1384423,2023/24,2023-11-01,"Maharashtra Cricket Association Stadium, Pune",1,28.3,South Africa,New Zealand,Q de Kock,HE van der Dussen,TG Southee,0,0,,,,,,,,,
1384423,2023/24,2023-11-01,"Maharashtra Cricket Association Stadium, Pune",1,28.4,South Africa,New Zealand,Q de Kock,HE van der Dussen,TG Southee,1,0,,,,,,,,,
1384423,2023/24,2023-11-01,"Maharashtra Cricket Association Stadium, Pune",1,28.5,South Africa,New Zealand,HE van der Dussen,Q de Kock,TG Southee,1,0,,,,,,,,,
1384423,2023/24,2023-11-01,"Maharashtra Cricket Association Stadium, Pune",1,28.6,South Africa,New Zealand,Q de Kock,HE van der Dussen,TG Southee,4,0,,,,,,,,,
1384423,2023/24,2023-11-01,"Maharashtra Cricket Association Stadium, Pune",1,29.1,South Africa,New Zealand,HE van der Dussen,Q de Kock,TA Boult,0,0,,,,,,,,,
1384423,2023/24,2023-11-01,"Maharashtra Cricket Association Stadium, Pune",1,29.2,South Africa,New Zealand,HE van der Dussen,Q de Kock,TA Boult,0,0,,,,,,,,,
1384423,2023/24,2023-11-01,"Maharashtra Cricket Association Stadium, Pune",1,29.3,South Africa,New Zealand,HE van der Dussen,Q de Kock,TA Boult,0,0,,,,,,,,,
1384423,2023/24,2023-11-01,"Maharashtra Cricket Association Stadium, Pune",1,29.4,South Africa,New Zealand,HE van der Dussen,Q de Kock,TA Boult,0,0,,,,,,,,,
1384423,2023/24,2023-11-01,"Maharashtra Cricket Association Stadium, Pune",1,29.5,South Africa,New Zealand,HE van der Dussen,Q de Kock,TA Boult,0,0,,,,,,,,,
1384423,2023/24,2023-11-01,"Maharashtra Cricket Association Stadium, Pune",1,29.6,South Africa,New Zealand,HE van der Dussen,Q de Kock,TA Boult,1,0,,,,,,,,,
1384423,2023/24,2023-11-01,"Maharashtra Cricket Association Stadium, Pune",1,30.1,South Africa,New Zealand,HE van der Dussen,Q de Kock,TG Southee,1,0,,,,,,,,,
1384423,2023/24,2023-11-01,"Maharashtra Cricket Association Stadium, Pune",1,30.2,South Africa,New Zealand,Q de Kock,HE van der Dussen,TG Southee,4,0,,,,,,,,,
1384423,2023/24,2023-11-01,"Maharashtra Cricket Association Stadium, Pune",1,30.3,South Africa,New Zealand,Q de Kock,HE van der Dussen,TG Southee,1,0,,,,,,,,,
1384423,2023/24,2023-11-01,"Maharashtra Cricket Association Stadium, Pune",1,30.4,South Africa,New Zealand,HE van der Dussen,Q de Kock,TG Southee,0,0,,,,,,,,,
1384423,2023/24,2023-11-01,"Maharashtra Cricket Association Stadium, Pune",1,30.5,South Africa,New Zealand,HE van der Dussen,Q de Kock,TG Southee,0,0,,,,,,,,,
1384423,2023/24,2023-11-01,"Maharashtra Cricket Association Stadium, Pune",1,30.6,South Africa,New Zealand,HE van der Dussen,Q de Kock,TG Southee,1,0,,,,,,,,,
1384423,2023/24,2023-11-01,"Maharashtra Cricket Association Stadium, Pune",1,31.1,South Africa,New Zealand,HE van der Dussen,Q de Kock,TA Boult,1,0,,,,,,,,,
1384423,2023/24,2023-11-01,"Maharashtra Cricket Association Stadium, Pune",1,31.2,South Africa,New Zealand,Q de Kock,HE van der Dussen,TA Boult,1,0,,,,,,,,,
1384423,2023/24,2023-11-01,"Maharashtra Cricket Association Stadium, Pune",1,31.3,South Africa,New Zealand,HE van der Dussen,Q de Kock,TA Boult,0,0,,,,,,,,,
1384423,2023/24,2023-11-01,"Maharashtra Cricket Association Stadium, Pune",1,31.4,South Africa,New Zealand,HE van der Dussen,Q de Kock,TA Boult,4,0,,,,,,,,,
1384423,2023/24,2023-11-01,"Maharashtra Cricket Association Stadium, Pune",1,31.5,South Africa,New Zealand,HE van der Dussen,Q de Kock,TA Boult,1,0,,,,,,,,,
1384423,2023/24,2023-11-01,"Maharashtra Cricket Association Stadium, Pune",1,31.6,South Africa,New Zealand,Q de Kock,HE van der Dussen,TA Boult,0,0,,,,,,,,,
1384423,2023/24,2023-11-01,"Maharashtra Cricket Association Stadium, Pune",1,32.1,South Africa,New Zealand,HE van der Dussen,Q de Kock,MJ Santner,3,0,,,,,,,,,
1384423,2023/24,2023-11-01,"Maharashtra Cricket Association Stadium, Pune",1,32.2,South Africa,New Zealand,Q de Kock,HE van der Dussen,MJ Santner,0,0,,,,,,,,,
1384423,2023/24,2023-11-01,"Maharashtra Cricket Association Stadium, Pune",1,32.3,South Africa,New Zealand,Q de Kock,HE van der Dussen,MJ Santner,1,0,,,,,,,,,
1384423,2023/24,2023-11-01,"Maharashtra Cricket Association Stadium, Pune",1,32.4,South Africa,New Zealand,HE van der Dussen,Q de Kock,MJ Santner,1,0,,,,,,,,,
1384423,2023/24,2023-11-01,"Maharashtra Cricket Association Stadium, Pune",1,32.5,South Africa,New Zealand,Q de Kock,HE van der Dussen,MJ Santner,4,0,,,,,,,,,
1384423,2023/24,2023-11-01,"Maharashtra Cricket Association Stadium, Pune",1,32.6,South Africa,New Zealand,Q de Kock,HE van der Dussen,MJ Santner,1,0,,,,,,,,,
1384423,2023/24,2023-11-01,"Maharashtra Cricket Association Stadium, Pune",1,33.1,South Africa,New Zealand,Q de Kock,HE van der Dussen,JDS Neesham,4,0,,,,,,,,,
1384423,2023/24,2023-11-01,"Maharashtra Cricket Association Stadium, Pune",1,33.2,South Africa,New Zealand,Q de Kock,HE van der Dussen,JDS Neesham,1,0,,,,,,,,,
1384423,2023/24,2023-11-01,"Maharashtra Cricket Association Stadium, Pune",1,33.3,South Africa,New Zealand,HE van der Dussen,Q de Kock,JDS Neesham,1,0,,,,,,,,,
1384423,2023/24,2023-11-01,"Maharashtra Cricket Association Stadium, Pune",1,33.4,South Africa,New Zealand,Q de Kock,HE van der Dussen,JDS Neesham,2,0,,,,,,,,,
1384423,2023/24,2023-11-01,"Maharashtra Cricket Association Stadium, Pune",1,33.5,South Africa,New Zealand,Q de Kock,HE van der Dussen,JDS Neesham,0,0,,,,,,,,,
1384423,2023/24,2023-11-01,"Maharashtra Cricket Association Stadium, Pune",1,33.6,South Africa,New Zealand,Q de Kock,HE van der Dussen,JDS Neesham,1,0,,,,,,,,,
1384423,2023/24,2023-11-01,"Maharashtra Cricket Association Stadium, Pune",1,34.1,South Africa,New Zealand,Q de Kock,HE van der Dussen,MJ Santner,0,0,,,,,,,,,
1384423,2023/24,2023-11-01,"Maharashtra Cricket Association Stadium, Pune",1,34.2,South Africa,New Zealand,Q de Kock,HE van der Dussen,MJ Santner,1,0,,,,,,,,,
1384423,2023/24,2023-11-01,"Maharashtra Cricket Association Stadium, Pune",1,34.3,South Africa,New Zealand,HE van der Dussen,Q de Kock,MJ Santner,2,0,,,,,,,,,
1384423,2023/24,2023-11-01,"Maharashtra Cricket Association Stadium, Pune",1,34.4,South Africa,New Zealand,HE van der Dussen,Q de Kock,MJ Santner,1,0,,,,,,,,,
1384423,2023/24,2023-11-01,"Maharashtra Cricket Association Stadium, Pune",1,34.5,South Africa,New Zealand,Q de Kock,HE van der Dussen,MJ Santner,1,0,,,,,,,,,
1384423,2023/24,2023-11-01,"Maharashtra Cricket Association Stadium, Pune",1,34.6,South Africa,New Zealand,HE van der Dussen,Q de Kock,MJ Santner,1,0,,,,,,,,,
1384423,2023/24,2023-11-01,"Maharashtra Cricket Association Stadium, Pune",1,35.1,South Africa,New Zealand,HE van der Dussen,Q de Kock,JDS Neesham,0,0,,,,,,,,,
1384423,2023/24,2023-11-01,"Maharashtra Cricket Association Stadium, Pune",1,35.2,South Africa,New Zealand,HE van der Dussen,Q de Kock,JDS Neesham,0,0,,,,,,,,,
1384423,2023/24,2023-11-01,"Maharashtra Cricket Association Stadium, Pune",1,35.3,South Africa,New Zealand,HE van der Dussen,Q de Kock,JDS Neesham,4,0,,,,,,,,,
1384423,2023/24,2023-11-01,"Maharashtra Cricket Association Stadium, Pune",1,35.4,South Africa,New Zealand,HE van der Dussen,Q de Kock,JDS Neesham,1,0,,,,,,,,,
1384423,2023/24,2023-11-01,"Maharashtra Cricket Association Stadium, Pune",1,35.5,South Africa,New Zealand,Q de Kock,HE van der Dussen,JDS Neesham,0,0,,,,,,,,,
1384423,2023/24,2023-11-01,"Maharashtra Cricket Association Stadium, Pune",1,35.6,South Africa,New Zealand,Q de Kock,HE van der Dussen,JDS Neesham,6,0,,,,,,,,,
1384423,2023/24,2023-11-01,"Maharashtra Cricket Association Stadium, Pune",1,36.1,South Africa,New Zealand,HE van der Dussen,Q de Kock,MJ Santner,1,0,,,,,,,,,
1384423,2023/24,2023-11-01,"Maharashtra Cricket Association Stadium, Pune",1,36.2,South Africa,New Zealand,Q de Kock,HE van der Dussen,MJ Santner,1,0,,,,,,,,,
1384423,2023/24,2023-11-01,"Maharashtra Cricket Association Stadium, Pune",1,36.3,South Africa,New Zealand,HE van der Dussen,Q de Kock,MJ Santner,4,0,,,,,,,,,
1384423,2023/24,2023-11-01,"Maharashtra Cricket Association Stadium, Pune",1,36.4,South Africa,New Zealand,HE van der Dussen,Q de Kock,MJ Santner,1,0,,,,,,,,,
1384423,2023/24,2023-11-01,"Maharashtra Cricket Association Stadium, Pune",1,36.5,South Africa,New Zealand,Q de Kock,HE van der Dussen,MJ Santner,1,0,,,,,,,,,
1384423,2023/24,2023-11-01,"Maharashtra Cricket Association Stadium, Pune",1,36.6,South Africa,New Zealand,HE van der Dussen,Q de Kock,MJ Santner,1,0,,,,,,,,,
1384423,2023/24,2023-11-01,"Maharashtra Cricket Association Stadium, Pune",1,37.1,South Africa,New Zealand,HE van der Dussen,Q de Kock,TG Southee,1,0,,,,,,,,,
1384423,2023/24,2023-11-01,"Maharashtra Cricket Association Stadium, Pune",1,37.2,South Africa,New Zealand,Q de Kock,HE van der Dussen,TG Southee,1,0,,,,,,,,,
1384423,2023/24,2023-11-01,"Maharashtra Cricket Association Stadium, Pune",1,37.3,South Africa,New Zealand,HE van der Dussen,Q de Kock,TG Southee,2,0,,,,,,,,,
1384423,2023/24,2023-11-01,"Maharashtra Cricket Association Stadium, Pune",1,37.4,South Africa,New Zealand,HE van der Dussen,Q de Kock,TG Southee,1,0,,,,,,,,,
1384423,2023/24,2023-11-01,"Maharashtra Cricket Association Stadium, Pune",1,37.5,South Africa,New Zealand,Q de Kock,HE van der Dussen,TG Southee,4,0,,,,,,,,,
1384423,2023/24,2023-11-01,"Maharashtra Cricket Association Stadium, Pune",1,37.6,South Africa,New Zealand,Q de Kock,HE van der Dussen,TG Southee,0,0,,,,,,,,,
1384423,2023/24,2023-11-01,"Maharashtra Cricket Association Stadium, Pune",1,38.1,South Africa,New Zealand,HE van der Dussen,Q de Kock,TA Boult,1,0,,,,,,,,,
1384423,2023/24,2023-11-01,"Maharashtra Cricket Association Stadium, Pune",1,38.2,South Africa,New Zealand,Q de Kock,HE van der Dussen,TA Boult,0,0,,,,,,,,,
1384423,2023/24,2023-11-01,"Maharashtra Cricket Association Stadium, Pune",1,38.3,South Africa,New Zealand,Q de Kock,HE van der Dussen,TA Boult,0,1,1,,,,,,,,
1384423,2023/24,2023-11-01,"Maharashtra Cricket Association Stadium, Pune",1,38.4,South Africa,New Zealand,Q de Kock,HE van der Dussen,TA Boult,0,0,,,,,,,,,
1384423,2023/24,2023-11-01,"Maharashtra Cricket Association Stadium, Pune",1,38.5,South Africa,New Zealand,Q de Kock,HE van der Dussen,TA Boult,4,0,,,,,,,,,
1384423,2023/24,2023-11-01,"Maharashtra Cricket Association Stadium, Pune",1,38.6,South Africa,New Zealand,Q de Kock,HE van der Dussen,TA Boult,0,0,,,,,,,,,
1384423,2023/24,2023-11-01,"Maharashtra Cricket Association Stadium, Pune",1,38.7,South Africa,New Zealand,Q de Kock,HE van der Dussen,TA Boult,1,0,,,,,,,,,
1384423,2023/24,2023-11-01,"Maharashtra Cricket Association Stadium, Pune",1,39.1,South Africa,New Zealand,Q de Kock,HE van der Dussen,TG Southee,1,0,,,,,,,,,
1384423,2023/24,2023-11-01,"Maharashtra Cricket Association Stadium, Pune",1,39.2,South Africa,New Zealand,HE van der Dussen,Q de Kock,TG Southee,1,0,,,,,,,,,
1384423,2023/24,2023-11-01,"Maharashtra Cricket Association Stadium, Pune",1,39.3,South Africa,New Zealand,Q de Kock,HE van der Dussen,TG Southee,1,0,,,,,,,,,
1384423,2023/24,2023-11-01,"Maharashtra Cricket Association Stadium, Pune",1,39.4,South Africa,New Zealand,HE van der Dussen,Q de Kock,TG Southee,4,0,,,,,,,,,
1384423,2023/24,2023-11-01,"Maharashtra Cricket Association Stadium, Pune",1,39.5,South Africa,New Zealand,HE van der Dussen,Q de Kock,TG Southee,1,0,,,,,,,,,
1384423,2023/24,2023-11-01,"Maharashtra Cricket Association Stadium, Pune",1,39.6,South Africa,New Zealand,Q de Kock,HE van der Dussen,TG Southee,0,0,,,,,,caught,Q de Kock,,
1384423,2023/24,2023-11-01,"Maharashtra Cricket Association Stadium, Pune",1,40.1,South Africa,New Zealand,HE van der Dussen,DA Miller,MJ Santner,1,0,,,,,,,,,
1384423,2023/24,2023-11-01,"Maharashtra Cricket Association Stadium, Pune",1,40.2,South Africa,New Zealand,DA Miller,HE van der Dussen,MJ Santner,0,0,,,,,,,,,
1384423,2023/24,2023-11-01,"Maharashtra Cricket Association Stadium, Pune",1,40.3,South Africa,New Zealand,DA Miller,HE van der Dussen,MJ Santner,0,0,,,,,,,,,
1384423,2023/24,2023-11-01,"Maharashtra Cricket Association Stadium, Pune",1,40.4,South Africa,New Zealand,DA Miller,HE van der Dussen,MJ Santner,1,0,,,,,,,,,
1384423,2023/24,2023-11-01,"Maharashtra Cricket Association Stadium, Pune",1,40.5,South Africa,New Zealand,HE van der Dussen,DA Miller,MJ Santner,1,0,,,,,,,,,
1384423,2023/24,2023-11-01,"Maharashtra Cricket Association Stadium, Pune",1,40.6,South Africa,New Zealand,DA Miller,HE van der Dussen,MJ Santner,1,0,,,,,,,,,
1384423,2023/24,2023-11-01,"Maharashtra Cricket Association Stadium, Pune",1,41.1,South Africa,New Zealand,DA Miller,HE van der Dussen,JDS Neesham,1,0,,,,,,,,,
1384423,2023/24,2023-11-01,"Maharashtra Cricket Association Stadium, Pune",1,41.2,South Africa,New Zealand,HE van der Dussen,DA Miller,JDS Neesham,1,0,,,,,,,,,
1384423,2023/24,2023-11-01,"Maharashtra Cricket Association Stadium, Pune",1,41.3,South Africa,New Zealand,DA Miller,HE van der Dussen,JDS Neesham,1,0,,,,,,,,,
1384423,2023/24,2023-11-01,"Maharashtra Cricket Association Stadium, Pune",1,41.4,South Africa,New Zealand,HE van der Dussen,DA Miller,JDS Neesham,2,0,,,,,,,,,
1384423,2023/24,2023-11-01,"Maharashtra Cricket Association Stadium, Pune",1,41.5,South Africa,New Zealand,HE van der Dussen,DA Miller,JDS Neesham,4,0,,,,,,,,,
1384423,2023/24,2023-11-01,"Maharashtra Cricket Association Stadium, Pune",1,41.6,South Africa,New Zealand,HE van der Dussen,DA Miller,JDS Neesham,1,0,,,,,,,,,
1384423,2023/24,2023-11-01,"Maharashtra Cricket Association Stadium, Pune",1,42.1,South Africa,New Zealand,HE van der Dussen,DA Miller,MJ Santner,0,1,1,,,,,,,,
1384423,2023/24,2023-11-01,"Maharashtra Cricket Association Stadium, Pune",1,42.2,South Africa,New Zealand,HE van der Dussen,DA Miller,MJ Santner,1,0,,,,,,,,,
1384423,2023/24,2023-11-01,"Maharashtra Cricket Association Stadium, Pune",1,42.3,South Africa,New Zealand,DA Miller,HE van der Dussen,MJ Santner,1,0,,,,,,,,,
1384423,2023/24,2023-11-01,"Maharashtra Cricket Association Stadium, Pune",1,42.4,South Africa,New Zealand,HE van der Dussen,DA Miller,MJ Santner,1,0,,,,,,,,,
1384423,2023/24,2023-11-01,"Maharashtra Cricket Association Stadium, Pune",1,42.5,South Africa,New Zealand,DA Miller,HE van der Dussen,MJ Santner,1,0,,,,,,,,,
1384423,2023/24,2023-11-01,"Maharashtra Cricket Association Stadium, Pune",1,42.6,South Africa,New Zealand,HE van der Dussen,DA Miller,MJ Santner,1,0,,,,,,,,,
1384423,2023/24,2023-11-01,"Maharashtra Cricket Association Stadium, Pune",1,42.7,South Africa,New Zealand,DA Miller,HE van der Dussen,MJ Santner,0,0,,,,,,,,,
1384423,2023/24,2023-11-01,"Maharashtra Cricket Association Stadium, Pune",1,43.1,South Africa,New Zealand,HE van der Dussen,DA Miller,JDS Neesham,4,0,,,,,,,,,
1384423,2023/24,2023-11-01,"Maharashtra Cricket Association Stadium, Pune",1,43.2,South Africa,New Zealand,HE van der Dussen,DA Miller,JDS Neesham,1,0,,,,,,,,,
1384423,2023/24,2023-11-01,"Maharashtra Cricket Association Stadium, Pune",1,43.3,South Africa,New Zealand,DA Miller,HE van der Dussen,JDS Neesham,2,0,,,,,,,,,
1384423,2023/24,2023-11-01,"Maharashtra Cricket Association Stadium, Pune",1,43.4,South Africa,New Zealand,DA Miller,HE van der Dussen,JDS Neesham,1,0,,,,,,,,,
1384423,2023/24,2023-11-01,"Maharashtra Cricket Association Stadium, Pune",1,43.5,South Africa,New Zealand,HE van der Dussen,DA Miller,JDS Neesham,6,0,,,,,,,,,
1384423,2023/24,2023-11-01,"Maharashtra Cricket Association Stadium, Pune",1,43.6,South Africa,New Zealand,HE van der Dussen,DA Miller,JDS Neesham,6,0,,,,,,,,,
1384423,2023/24,2023-11-01,"Maharashtra Cricket Association Stadium, Pune",1,44.1,South Africa,New Zealand,DA Miller,HE van der Dussen,TG Southee,2,0,,,,,,,,,
1384423,2023/24,2023-11-01,"Maharashtra Cricket Association Stadium, Pune",1,44.2,South Africa,New Zealand,DA Miller,HE van der Dussen,TG Southee,1,0,,,,,,,,,
1384423,2023/24,2023-11-01,"Maharashtra Cricket Association Stadium, Pune",1,44.3,South Africa,New Zealand,HE van der Dussen,DA Miller,TG Southee,1,0,,,,,,,,,
1384423,2023/24,2023-11-01,"Maharashtra Cricket Association Stadium, Pune",1,44.4,South Africa,New Zealand,DA Miller,HE van der Dussen,TG Southee,1,0,,,,,,,,,
1384423,2023/24,2023-11-01,"Maharashtra Cricket Association Stadium, Pune",1,44.5,South Africa,New Zealand,HE van der Dussen,DA Miller,TG Southee,6,0,,,,,,,,,
1384423,2023/24,2023-11-01,"Maharashtra Cricket Association Stadium, Pune",1,44.6,South Africa,New Zealand,HE van der Dussen,DA Miller,TG Southee,1,0,,,,,,,,,
1384423,2023/24,2023-11-01,"Maharashtra Cricket Association Stadium, Pune",1,45.1,South Africa,New Zealand,HE van der Dussen,DA Miller,GD Phillips,1,0,,,,,,,,,
1384423,2023/24,2023-11-01,"Maharashtra Cricket Association Stadium, Pune",1,45.2,South Africa,New Zealand,DA Miller,HE van der Dussen,GD Phillips,0,1,1,,,,,,,,
1384423,2023/24,2023-11-01,"Maharashtra Cricket Association Stadium, Pune",1,45.3,South Africa,New Zealand,DA Miller,HE van der Dussen,GD Phillips,6,0,,,,,,,,,
1384423,2023/24,2023-11-01,"Maharashtra Cricket Association Stadium, Pune",1,45.4,South Africa,New Zealand,DA Miller,HE van der Dussen,GD Phillips,6,0,,,,,,,,,
1384423,2023/24,2023-11-01,"Maharashtra Cricket Association Stadium, Pune",1,45.5,South Africa,New Zealand,DA Miller,HE van der Dussen,GD Phillips,0,1,1,,,,,,,,
1384423,2023/24,2023-11-01,"Maharashtra Cricket Association Stadium, Pune",1,45.6,South Africa,New Zealand,DA Miller,HE van der Dussen,GD Phillips,1,0,,,,,,,,,
1384423,2023/24,2023-11-01,"Maharashtra Cricket Association Stadium, Pune",1,45.7,South Africa,New Zealand,HE van der Dussen,DA Miller,GD Phillips,1,0,,,,,,,,,
1384423,2023/24,2023-11-01,"Maharashtra Cricket Association Stadium, Pune",1,45.8,South Africa,New Zealand,DA Miller,HE van der Dussen,GD Phillips,1,0,,,,,,,,,
1384423,2023/24,2023-11-01,"Maharashtra Cricket Association Stadium, Pune",1,46.1,South Africa,New Zealand,DA Miller,HE van der Dussen,TA Boult,1,0,,,,,,,,,
1384423,2023/24,2023-11-01,"Maharashtra Cricket Association Stadium, Pune",1,46.2,South Africa,New Zealand,HE van der Dussen,DA Miller,TA Boult,1,0,,,,,,,,,
1384423,2023/24,2023-11-01,"Maharashtra Cricket Association Stadium, Pune",1,46.3,South Africa,New Zealand,DA Miller,HE van der Dussen,TA Boult,4,0,,,,,,,,,
1384423,2023/24,2023-11-01,"Maharashtra Cricket Association Stadium, Pune",1,46.4,South Africa,New Zealand,DA Miller,HE van der Dussen,TA Boult,1,0,,,,,,,,,
1384423,2023/24,2023-11-01,"Maharashtra Cricket Association Stadium, Pune",1,46.5,South Africa,New Zealand,HE van der Dussen,DA Miller,TA Boult,0,0,,,,,,,,,
1384423,2023/24,2023-11-01,"Maharashtra Cricket Association Stadium, Pune",1,46.6,South Africa,New Zealand,HE van der Dussen,DA Miller,TA Boult,1,0,,,,,,,,,
1384423,2023/24,2023-11-01,"Maharashtra Cricket Association Stadium, Pune",1,47.1,South Africa,New Zealand,HE van der Dussen,DA Miller,TG Southee,0,0,,,,,,bowled,HE van der Dussen,,
1384423,2023/24,2023-11-01,"Maharashtra Cricket Association Stadium, Pune",1,47.2,South Africa,New Zealand,H Klaasen,DA Miller,TG Southee,1,0,,,,,,,,,
1384423,2023/24,2023-11-01,"Maharashtra Cricket Association Stadium, Pune",1,47.3,South Africa,New Zealand,DA Miller,H Klaasen,TG Southee,6,0,,,,,,,,,
1384423,2023/24,2023-11-01,"Maharashtra Cricket Association Stadium, Pune",1,47.4,South Africa,New Zealand,DA Miller,H Klaasen,TG Southee,0,0,,,,,,,,,
1384423,2023/24,2023-11-01,"Maharashtra Cricket Association Stadium, Pune",1,47.5,South Africa,New Zealand,DA Miller,H Klaasen,TG Southee,1,0,,,,,,,,,
1384423,2023/24,2023-11-01,"Maharashtra Cricket Association Stadium, Pune",1,47.6,South Africa,New Zealand,H Klaasen,DA Miller,TG Southee,1,0,,,,,,,,,
1384423,2023/24,2023-11-01,"Maharashtra Cricket Association Stadium, Pune",1,48.1,South Africa,New Zealand,H Klaasen,DA Miller,TA Boult,1,0,,,,,,,,,
1384423,2023/24,2023-11-01,"Maharashtra Cricket Association Stadium, Pune",1,48.2,South Africa,New Zealand,DA Miller,H Klaasen,TA Boult,4,0,,,,,,,,,
1384423,2023/24,2023-11-01,"Maharashtra Cricket Association Stadium, Pune",1,48.3,South Africa,New Zealand,DA Miller,H Klaasen,TA Boult,1,0,,,,,,,,,
1384423,2023/24,2023-11-01,"Maharashtra Cricket Association Stadium, Pune",1,48.4,South Africa,New Zealand,H Klaasen,DA Miller,TA Boult,1,0,,,,,,,,,
1384423,2023/24,2023-11-01,"Maharashtra Cricket Association Stadium, Pune",1,48.5,South Africa,New Zealand,DA Miller,H Klaasen,TA Boult,1,0,,,,,,,,,
1384423,2023/24,2023-11-01,"Maharashtra Cricket Association Stadium, Pune",1,48.6,South Africa,New Zealand,H Klaasen,DA Miller,TA Boult,6,0,,,,,,,,,
1384423,2023/24,2023-11-01,"Maharashtra Cricket Association Stadium, Pune",1,49.1,South Africa,New Zealand,DA Miller,H Klaasen,JDS Neesham,1,0,,,,,,,,,
1384423,2023/24,2023-11-01,"Maharashtra Cricket Association Stadium, Pune",1,49.2,South Africa,New Zealand,H Klaasen,DA Miller,JDS Neesham,4,0,,,,,,,,,
1384423,2023/24,2023-11-01,"Maharashtra Cricket Association Stadium, Pune",1,49.3,South Africa,New Zealand,H Klaasen,DA Miller,JDS Neesham,1,0,,,,,,,,,
1384423,2023/24,2023-11-01,"Maharashtra Cricket Association Stadium, Pune",1,49.4,South Africa,New Zealand,DA Miller,H Klaasen,JDS Neesham,6,0,,,,,,,,,
1384423,2023/24,2023-11-01,"Maharashtra Cricket Association Stadium, Pune",1,49.5,South Africa,New Zealand,DA Miller,H Klaasen,JDS Neesham,0,0,,,,,,caught,DA Miller,,
1384423,2023/24,2023-11-01,"Maharashtra Cricket Association Stadium, Pune",1,49.6,South Africa,New Zealand,AK Markram,H Klaasen,JDS Neesham,6,0,,,,,,,,,
1384423,2023/24,2023-11-01,"Maharashtra Cricket Association Stadium, Pune",2,0.1,New Zealand,South Africa,DP Conway,WA Young,M Jansen,1,0,,,,,,,,,
1384423,2023/24,2023-11-01,"Maharashtra Cricket Association Stadium, Pune",2,0.2,New Zealand,South Africa,WA Young,DP Conway,M Jansen,0,0,,,,,,,,,
1384423,2023/24,2023-11-01,"Maharashtra Cricket Association Stadium, Pune",2,0.3,New Zealand,South Africa,WA Young,DP Conway,M Jansen,4,0,,,,,,,,,
1384423,2023/24,2023-11-01,"Maharashtra Cricket Association Stadium, Pune",2,0.4,New Zealand,South Africa,WA Young,DP Conway,M Jansen,1,0,,,,,,,,,
1384423,2023/24,2023-11-01,"Maharashtra Cricket Association Stadium, Pune",2,0.5,New Zealand,South Africa,DP Conway,WA Young,M Jansen,0,0,,,,,,,,,
1384423,2023/24,2023-11-01,"Maharashtra Cricket Association Stadium, Pune",2,0.6,New Zealand,South Africa,DP Conway,WA Young,M Jansen,0,0,,,,,,,,,
1384423,2023/24,2023-11-01,"Maharashtra Cricket Association Stadium, Pune",2,1.1,New Zealand,South Africa,WA Young,DP Conway,L Ngidi,0,0,,,,,,,,,
1384423,2023/24,2023-11-01,"Maharashtra Cricket Association Stadium, Pune",2,1.2,New Zealand,South Africa,WA Young,DP Conway,L Ngidi,0,0,,,,,,,,,
1384423,2023/24,2023-11-01,"Maharashtra Cricket Association Stadium, Pune",2,1.3,New Zealand,South Africa,WA Young,DP Conway,L Ngidi,0,0,,,,,,,,,
1384423,2023/24,2023-11-01,"Maharashtra Cricket Association Stadium, Pune",2,1.4,New Zealand,South Africa,WA Young,DP Conway,L Ngidi,0,0,,,,,,,,,
1384423,2023/24,2023-11-01,"Maharashtra Cricket Association Stadium, Pune",2,1.5,New Zealand,South Africa,WA Young,DP Conway,L Ngidi,0,0,,,,,,,,,
1384423,2023/24,2023-11-01,"Maharashtra Cricket Association Stadium, Pune",2,1.6,New Zealand,South Africa,WA Young,DP Conway,L Ngidi,0,0,,,,,,,,,
1384423,2023/24,2023-11-01,"Maharashtra Cricket Association Stadium, Pune",2,2.1,New Zealand,South Africa,DP Conway,WA Young,M Jansen,0,0,,,,,,,,,
1384423,2023/24,2023-11-01,"Maharashtra Cricket Association Stadium, Pune",2,2.2,New Zealand,South Africa,DP Conway,WA Young,M Jansen,1,0,,,,,,,,,
1384423,2023/24,2023-11-01,"Maharashtra Cricket Association Stadium, Pune",2,2.3,New Zealand,South Africa,WA Young,DP Conway,M Jansen,0,0,,,,,,,,,
1384423,2023/24,2023-11-01,"Maharashtra Cricket Association Stadium, Pune",2,2.4,New Zealand,South Africa,WA Young,DP Conway,M Jansen,0,0,,,,,,,,,
1384423,2023/24,2023-11-01,"Maharashtra Cricket Association Stadium, Pune",2,2.5,New Zealand,South Africa,WA Young,DP Conway,M Jansen,1,0,,,,,,,,,
1384423,2023/24,2023-11-01,"Maharashtra Cricket Association Stadium, Pune",2,2.6,New Zealand,South Africa,DP Conway,WA Young,M Jansen,0,0,,,,,,caught,DP Conway,,
1384423,2023/24,2023-11-01,"Maharashtra Cricket Association Stadium, Pune",2,3.1,New Zealand,South Africa,WA Young,R Ravindra,L Ngidi,0,0,,,,,,,,,
1384423,2023/24,2023-11-01,"Maharashtra Cricket Association Stadium, Pune",2,3.2,New Zealand,South Africa,WA Young,R Ravindra,L Ngidi,4,0,,,,,,,,,
1384423,2023/24,2023-11-01,"Maharashtra Cricket Association Stadium, Pune",2,3.3,New Zealand,South Africa,WA Young,R Ravindra,L Ngidi,1,0,,,,,,,,,
1384423,2023/24,2023-11-01,"Maharashtra Cricket Association Stadium, Pune",2,3.4,New Zealand,South Africa,R Ravindra,WA Young,L Ngidi,1,0,,,,,,,,,
1384423,2023/24,2023-11-01,"Maharashtra Cricket Association Stadium, Pune",2,3.5,New Zealand,South Africa,WA Young,R Ravindra,L Ngidi,0,0,,,,,,,,,
1384423,2023/24,2023-11-01,"Maharashtra Cricket Association Stadium, Pune",2,3.6,New Zealand,South Africa,WA Young,R Ravindra,L Ngidi,0,0,,,,,,,,,
1384423,2023/24,2023-11-01,"Maharashtra Cricket Association Stadium, Pune",2,4.1,New Zealand,South Africa,R Ravindra,WA Young,M Jansen,0,0,,,,,,,,,
1384423,2023/24,2023-11-01,"Maharashtra Cricket Association Stadium, Pune",2,4.2,New Zealand,South Africa,R Ravindra,WA Young,M Jansen,0,0,,,,,,,,,
1384423,2023/24,2023-11-01,"Maharashtra Cricket Association Stadium, Pune",2,4.3,New Zealand,South Africa,R Ravindra,WA Young,M Jansen,0,4,,,4,,,,,,
1384423,2023/24,2023-11-01,"Maharashtra Cricket Association Stadium, Pune",2,4.4,New Zealand,South Africa,R Ravindra,WA Young,M Jansen,1,0,,,,,,,,,
1384423,2023/24,2023-11-01,"Maharashtra Cricket Association Stadium, Pune",2,4.5,New Zealand,South Africa,WA Young,R Ravindra,M Jansen,1,0,,,,,,,,,
1384423,2023/24,2023-11-01,"Maharashtra Cricket Association Stadium, Pune",2,4.6,New Zealand,South Africa,R Ravindra,WA Young,M Jansen,0,0,,,,,,,,,
1384423,2023/24,2023-11-01,"Maharashtra Cricket Association Stadium, Pune",2,5.1,New Zealand,South Africa,WA Young,R Ravindra,L Ngidi,0,0,,,,,,,,,
1384423,2023/24,2023-11-01,"Maharashtra Cricket Association Stadium, Pune",2,5.2,New Zealand,South Africa,WA Young,R Ravindra,L Ngidi,0,1,,,,1,,,,,
1384423,2023/24,2023-11-01,"Maharashtra Cricket Association Stadium, Pune",2,5.3,New Zealand,South Africa,R Ravindra,WA Young,L Ngidi,1,0,,,,,,,,,
1384423,2023/24,2023-11-01,"Maharashtra Cricket Association Stadium, Pune",2,5.4,New Zealand,South Africa,WA Young,R Ravindra,L Ngidi,3,0,,,,,,,,,
1384423,2023/24,2023-11-01,"Maharashtra Cricket Association Stadium, Pune",2,5.5,New Zealand,South Africa,R Ravindra,WA Young,L Ngidi,0,0,,,,,,,,,
1384423,2023/24,2023-11-01,"Maharashtra Cricket Association Stadium, Pune",2,5.6,New Zealand,South Africa,R Ravindra,WA Young,L Ngidi,0,0,,,,,,,,,
1384423,2023/24,2023-11-01,"Maharashtra Cricket Association Stadium, Pune",2,6.1,New Zealand,South Africa,WA Young,R Ravindra,M Jansen,1,0,,,,,,,,,
1384423,2023/24,2023-11-01,"Maharashtra Cricket Association Stadium, Pune",2,6.2,New Zealand,South Africa,R Ravindra,WA Young,M Jansen,1,0,,,,,,,,,
1384423,2023/24,2023-11-01,"Maharashtra Cricket Association Stadium, Pune",2,6.3,New Zealand,South Africa,WA Young,R Ravindra,M Jansen,0,0,,,,,,,,,
1384423,2023/24,2023-11-01,"Maharashtra Cricket Association Stadium, Pune",2,6.4,New Zealand,South Africa,WA Young,R Ravindra,M Jansen,0,0,,,,,,,,,
1384423,2023/24,2023-11-01,"Maharashtra Cricket Association Stadium, Pune",2,6.5,New Zealand,South Africa,WA Young,R Ravindra,M Jansen,1,0,,,,,,,,,
1384423,2023/24,2023-11-01,"Maharashtra Cricket Association Stadium, Pune",2,6.6,New Zealand,South Africa,R Ravindra,WA Young,M Jansen,0,0,,,,,,,,,
1384423,2023/24,2023-11-01,"Maharashtra Cricket Association Stadium, Pune",2,7.1,New Zealand,South Africa,WA Young,R Ravindra,L Ngidi,4,0,,,,,,,,,
1384423,2023/24,2023-11-01,"Maharashtra Cricket Association Stadium, Pune",2,7.2,New Zealand,South Africa,WA Young,R Ravindra,L Ngidi,4,0,,,,,,,,,
1384423,2023/24,2023-11-01,"Maharashtra Cricket Association Stadium, Pune",2,7.3,New Zealand,South Africa,WA Young,R Ravindra,L Ngidi,0,0,,,,,,,,,
1384423,2023/24,2023-11-01,"Maharashtra Cricket Association Stadium, Pune",2,7.4,New Zealand,South Africa,WA Young,R Ravindra,L Ngidi,0,0,,,,,,,,,
1384423,2023/24,2023-11-01,"Maharashtra Cricket Association Stadium, Pune",2,7.5,New Zealand,South Africa,WA Young,R Ravindra,L Ngidi,2,0,,,,,,,,,
1384423,2023/24,2023-11-01,"Maharashtra Cricket Association Stadium, Pune",2,7.6,New Zealand,South Africa,WA Young,R Ravindra,L Ngidi,0,0,,,,,,,,,
1384423,2023/24,2023-11-01,"Maharashtra Cricket Association Stadium, Pune",2,8.1,New Zealand,South Africa,R Ravindra,WA Young,M Jansen,0,0,,,,,,,,,
1384423,2023/24,2023-11-01,"Maharashtra Cricket Association Stadium, Pune",2,8.2,New Zealand,South Africa,R Ravindra,WA Young,M Jansen,4,0,,,,,,,,,
1384423,2023/24,2023-11-01,"Maharashtra Cricket Association Stadium, Pune",2,8.3,New Zealand,South Africa,R Ravindra,WA Young,M Jansen,0,1,1,,,,,,,,
1384423,2023/24,2023-11-01,"Maharashtra Cricket Association Stadium, Pune",2,8.4,New Zealand,South Africa,R Ravindra,WA Young,M Jansen,1,0,,,,,,,,,
1384423,2023/24,2023-11-01,"Maharashtra Cricket Association Stadium, Pune",2,8.5,New Zealand,South Africa,WA Young,R Ravindra,M Jansen,1,0,,,,,,,,,
1384423,2023/24,2023-11-01,"Maharashtra Cricket Association Stadium, Pune",2,8.6,New Zealand,South Africa,R Ravindra,WA Young,M Jansen,0,0,,,,,,,,,
1384423,2023/24,2023-11-01,"Maharashtra Cricket Association Stadium, Pune",2,8.7,New Zealand,South Africa,R Ravindra,WA Young,M Jansen,0,0,,,,,,caught,R Ravindra,,
1384423,2023/24,2023-11-01,"Maharashtra Cricket Association Stadium, Pune",2,9.1,New Zealand,South Africa,WA Young,DJ Mitchell,K Rabada,0,0,,,,,,,,,
1384423,2023/24,2023-11-01,"Maharashtra Cricket Association Stadium, Pune",2,9.2,New Zealand,South Africa,WA Young,DJ Mitchell,K Rabada,1,0,,,,,,,,,
1384423,2023/24,2023-11-01,"Maharashtra Cricket Association Stadium, Pune",2,9.3,New Zealand,South Africa,DJ Mitchell,WA Young,K Rabada,0,0,,,,,,,,,
1384423,2023/24,2023-11-01,"Maharashtra Cricket Association Stadium, Pune",2,9.4,New Zealand,South Africa,DJ Mitchell,WA Young,K Rabada,4,0,,,,,,,,,
1384423,2023/24,2023-11-01,"Maharashtra Cricket Association Stadium, Pune",2,9.5,New Zealand,South Africa,DJ Mitchell,WA Young,K Rabada,1,0,,,,,,,,,
1384423,2023/24,2023-11-01,"Maharashtra Cricket Association Stadium, Pune",2,9.6,New Zealand,South Africa,WA Young,DJ Mitchell,K Rabada,0,0,,,,,,,,,
1384423,2023/24,2023-11-01,"Maharashtra Cricket Association Stadium, Pune",2,10.1,New Zealand,South Africa,DJ Mitchell,WA Young,G Coetzee,1,0,,,,,,,,,
1384423,2023/24,2023-11-01,"Maharashtra Cricket Association Stadium, Pune",2,10.2,New Zealand,South Africa,WA Young,DJ Mitchell,G Coetzee,4,0,,,,,,,,,
1384423,2023/24,2023-11-01,"Maharashtra Cricket Association Stadium, Pune",2,10.3,New Zealand,South Africa,WA Young,DJ Mitchell,G Coetzee,0,0,,,,,,caught,WA Young,,
1384423,2023/24,2023-11-01,"Maharashtra Cricket Association Stadium, Pune",2,10.4,New Zealand,South Africa,TWM Latham,DJ Mitchell,G Coetzee,0,0,,,,,,,,,
1384423,2023/24,2023-11-01,"Maharashtra Cricket Association Stadium, Pune",2,10.5,New Zealand,South Africa,TWM Latham,DJ Mitchell,G Coetzee,1,0,,,,,,,,,
1384423,2023/24,2023-11-01,"Maharashtra Cricket Association Stadium, Pune",2,10.6,New Zealand,South Africa,DJ Mitchell,TWM Latham,G Coetzee,0,0,,,,,,,,,
1384423,2023/24,2023-11-01,"Maharashtra Cricket Association Stadium, Pune",2,11.1,New Zealand,South Africa,TWM Latham,DJ Mitchell,K Rabada,0,0,,,,,,,,,
1384423,2023/24,2023-11-01,"Maharashtra Cricket Association Stadium, Pune",2,11.2,New Zealand,South Africa,TWM Latham,DJ Mitchell,K Rabada,0,0,,,,,,,,,
1384423,2023/24,2023-11-01,"Maharashtra Cricket Association Stadium, Pune",2,11.3,New Zealand,South Africa,TWM Latham,DJ Mitchell,K Rabada,0,0,,,,,,,,,
1384423,2023/24,2023-11-01,"Maharashtra Cricket Association Stadium, Pune",2,11.4,New Zealand,South Africa,TWM Latham,DJ Mitchell,K Rabada,0,0,,,,,,,,,
1384423,2023/24,2023-11-01,"Maharashtra Cricket Association Stadium, Pune",2,11.5,New Zealand,South Africa,TWM Latham,DJ Mitchell,K Rabada,0,0,,,,,,,,,
1384423,2023/24,2023-11-01,"Maharashtra Cricket Association Stadium, Pune",2,11.6,New Zealand,South Africa,TWM Latham,DJ Mitchell,K Rabada,0,0,,,,,,,,,
1384423,2023/24,2023-11-01,"Maharashtra Cricket Association Stadium, Pune",2,12.1,New Zealand,South Africa,DJ Mitchell,TWM Latham,G Coetzee,0,0,,,,,,,,,
1384423,2023/24,2023-11-01,"Maharashtra Cricket Association Stadium, Pune",2,12.2,New Zealand,South Africa,DJ Mitchell,TWM Latham,G Coetzee,0,0,,,,,,,,,
1384423,2023/24,2023-11-01,"Maharashtra Cricket Association Stadium, Pune",2,12.3,New Zealand,South Africa,DJ Mitchell,TWM Latham,G Coetzee,0,0,,,,,,,,,
1384423,2023/24,2023-11-01,"Maharashtra Cricket Association Stadium, Pune",2,12.4,New Zealand,South Africa,DJ Mitchell,TWM Latham,G Coetzee,4,0,,,,,,,,,
1384423,2023/24,2023-11-01,"Maharashtra Cricket Association Stadium, Pune",2,12.5,New Zealand,South Africa,DJ Mitchell,TWM Latham,G Coetzee,0,0,,,,,,,,,
1384423,2023/24,2023-11-01,"Maharashtra Cricket Association Stadium, Pune",2,12.6,New Zealand,South Africa,DJ Mitchell,TWM Latham,G Coetzee,1,0,,,,,,,,,
1384423,2023/24,2023-11-01,"Maharashtra Cricket Association Stadium, Pune",2,13.1,New Zealand,South Africa,DJ Mitchell,TWM Latham,K Rabada,0,0,,,,,,,,,
1384423,2023/24,2023-11-01,"Maharashtra Cricket Association Stadium, Pune",2,13.2,New Zealand,South Africa,DJ Mitchell,TWM Latham,K Rabada,1,0,,,,,,,,,
1384423,2023/24,2023-11-01,"Maharashtra Cricket Association Stadium, Pune",2,13.3,New Zealand,South Africa,TWM Latham,DJ Mitchell,K Rabada,0,0,,,,,,,,,
1384423,2023/24,2023-11-01,"Maharashtra Cricket Association Stadium, Pune",2,13.4,New Zealand,South Africa,TWM Latham,DJ Mitchell,K Rabada,1,0,,,,,,,,,
1384423,2023/24,2023-11-01,"Maharashtra Cricket Association Stadium, Pune",2,13.5,New Zealand,South Africa,DJ Mitchell,TWM Latham,K Rabada,0,0,,,,,,,,,
1384423,2023/24,2023-11-01,"Maharashtra Cricket Association Stadium, Pune",2,13.6,New Zealand,South Africa,DJ Mitchell,TWM Latham,K Rabada,0,0,,,,,,,,,
1384423,2023/24,2023-11-01,"Maharashtra Cricket Association Stadium, Pune",2,14.1,New Zealand,South Africa,TWM Latham,DJ Mitchell,G Coetzee,1,0,,,,,,,,,
1384423,2023/24,2023-11-01,"Maharashtra Cricket Association Stadium, Pune",2,14.2,New Zealand,South Africa,DJ Mitchell,TWM Latham,G Coetzee,1,0,,,,,,,,,
1384423,2023/24,2023-11-01,"Maharashtra Cricket Association Stadium, Pune",2,14.3,New Zealand,South Africa,TWM Latham,DJ Mitchell,G Coetzee,0,0,,,,,,,,,
1384423,2023/24,2023-11-01,"Maharashtra Cricket Association Stadium, Pune",2,14.4,New Zealand,South Africa,TWM Latham,DJ Mitchell,G Coetzee,1,0,,,,,,,,,
1384423,2023/24,2023-11-01,"Maharashtra Cricket Association Stadium, Pune",2,14.5,New Zealand,South Africa,DJ Mitchell,TWM Latham,G Coetzee,0,0,,,,,,,,,
1384423,2023/24,2023-11-01,"Maharashtra Cricket Association Stadium, Pune",2,14.6,New Zealand,South Africa,DJ Mitchell,TWM Latham,G Coetzee,0,0,,,,,,,,,
1384423,2023/24,2023-11-01,"Maharashtra Cricket Association Stadium, Pune",2,15.1,New Zealand,South Africa,TWM Latham,DJ Mitchell,K Rabada,0,0,,,,,,,,,
1384423,2023/24,2023-11-01,"Maharashtra Cricket Association Stadium, Pune",2,15.2,New Zealand,South Africa,TWM Latham,DJ Mitchell,K Rabada,0,0,,,,,,caught,TWM Latham,,
1384423,2023/24,2023-11-01,"Maharashtra Cricket Association Stadium, Pune",2,15.3,New Zealand,South Africa,GD Phillips,DJ Mitchell,K Rabada,1,0,,,,,,,,,
1384423,2023/24,2023-11-01,"Maharashtra Cricket Association Stadium, Pune",2,15.4,New Zealand,South Africa,DJ Mitchell,GD Phillips,K Rabada,0,0,,,,,,,,,
1384423,2023/24,2023-11-01,"Maharashtra Cricket Association Stadium, Pune",2,15.5,New Zealand,South Africa,DJ Mitchell,GD Phillips,K Rabada,0,0,,,,,,,,,
1384423,2023/24,2023-11-01,"Maharashtra Cricket Association Stadium, Pune",2,15.6,New Zealand,South Africa,DJ Mitchell,GD Phillips,K Rabada,1,0,,,,,,,,,
1384423,2023/24,2023-11-01,"Maharashtra Cricket Association Stadium, Pune",2,16.1,New Zealand,South Africa,DJ Mitchell,GD Phillips,G Coetzee,0,0,,,,,,,,,
1384423,2023/24,2023-11-01,"Maharashtra Cricket Association Stadium, Pune",2,16.2,New Zealand,South Africa,DJ Mitchell,GD Phillips,G Coetzee,0,0,,,,,,,,,
1384423,2023/24,2023-11-01,"Maharashtra Cricket Association Stadium, Pune",2,16.3,New Zealand,South Africa,DJ Mitchell,GD Phillips,G Coetzee,0,5,5,,,,,,,,
1384423,2023/24,2023-11-01,"Maharashtra Cricket Association Stadium, Pune",2,16.4,New Zealand,South Africa,DJ Mitchell,GD Phillips,G Coetzee,4,0,,,,,,,,,
1384423,2023/24,2023-11-01,"Maharashtra Cricket Association Stadium, Pune",2,16.5,New Zealand,South Africa,DJ Mitchell,GD Phillips,G Coetzee,4,0,,,,,,,,,
1384423,2023/24,2023-11-01,"Maharashtra Cricket Association Stadium, Pune",2,16.6,New Zealand,South Africa,DJ Mitchell,GD Phillips,G Coetzee,2,0,,,,,,,,,
1384423,2023/24,2023-11-01,"Maharashtra Cricket Association Stadium, Pune",2,16.7,New Zealand,South Africa,DJ Mitchell,GD Phillips,G Coetzee,0,0,,,,,,,,,
1384423,2023/24,2023-11-01,"Maharashtra Cricket Association Stadium, Pune",2,17.1,New Zealand,South Africa,GD Phillips,DJ Mitchell,K Rabada,4,0,,,,,,,,,
1384423,2023/24,2023-11-01,"Maharashtra Cricket Association Stadium, Pune",2,17.2,New Zealand,South Africa,GD Phillips,DJ Mitchell,K Rabada,0,0,,,,,,,,,
1384423,2023/24,2023-11-01,"Maharashtra Cricket Association Stadium, Pune",2,17.3,New Zealand,South Africa,GD Phillips,DJ Mitchell,K Rabada,0,0,,,,,,,,,
1384423,2023/24,2023-11-01,"Maharashtra Cricket Association Stadium, Pune",2,17.4,New Zealand,South Africa,GD Phillips,DJ Mitchell,K Rabada,2,0,,,,,,,,,
1384423,2023/24,2023-11-01,"Maharashtra Cricket Association Stadium, Pune",2,17.5,New Zealand,South Africa,GD Phillips,DJ Mitchell,K Rabada,0,0,,,,,,,,,
1384423,2023/24,2023-11-01,"Maharashtra Cricket Association Stadium, Pune",2,17.6,New Zealand,South Africa,GD Phillips,DJ Mitchell,K Rabada,0,0,,,,,,,,,
1384423,2023/24,2023-11-01,"Maharashtra Cricket Association Stadium, Pune",2,18.1,New Zealand,South Africa,DJ Mitchell,GD Phillips,KA Maharaj,0,0,,,,,,,,,
1384423,2023/24,2023-11-01,"Maharashtra Cricket Association Stadium, Pune",2,18.2,New Zealand,South Africa,DJ Mitchell,GD Phillips,KA Maharaj,0,0,,,,,,,,,
1384423,2023/24,2023-11-01,"Maharashtra Cricket Association Stadium, Pune",2,18.3,New Zealand,South Africa,DJ Mitchell,GD Phillips,KA Maharaj,0,0,,,,,,caught,DJ Mitchell,,
1384423,2023/24,2023-11-01,"Maharashtra Cricket Association Stadium, Pune",2,18.4,New Zealand,South Africa,MJ Santner,GD Phillips,KA Maharaj,0,0,,,,,,,,,
1384423,2023/24,2023-11-01,"Maharashtra Cricket Association Stadium, Pune",2,18.5,New Zealand,South Africa,MJ Santner,GD Phillips,KA Maharaj,0,0,,,,,,,,,
1384423,2023/24,2023-11-01,"Maharashtra Cricket Association Stadium, Pune",2,18.6,New Zealand,South Africa,MJ Santner,GD Phillips,KA Maharaj,1,0,,,,,,,,,
1384423,2023/24,2023-11-01,"Maharashtra Cricket Association Stadium, Pune",2,19.1,New Zealand,South Africa,MJ Santner,GD Phillips,K Rabada,0,0,,,,,,,,,
1384423,2023/24,2023-11-01,"Maharashtra Cricket Association Stadium, Pune",2,19.2,New Zealand,South Africa,MJ Santner,GD Phillips,K Rabada,0,0,,,,,,,,,
1384423,2023/24,2023-11-01,"Maharashtra Cricket Association Stadium, Pune",2,19.3,New Zealand,South Africa,MJ Santner,GD Phillips,K Rabada,0,0,,,,,,,,,
1384423,2023/24,2023-11-01,"Maharashtra Cricket Association Stadium, Pune",2,19.4,New Zealand,South Africa,MJ Santner,GD Phillips,K Rabada,0,0,,,,,,,,,
1384423,2023/24,2023-11-01,"Maharashtra Cricket Association Stadium, Pune",2,19.5,New Zealand,South Africa,MJ Santner,GD Phillips,K Rabada,0,0,,,,,,,,,
1384423,2023/24,2023-11-01,"Maharashtra Cricket Association Stadium, Pune",2,19.6,New Zealand,South Africa,MJ Santner,GD Phillips,K Rabada,0,0,,,,,,,,,
1384423,2023/24,2023-11-01,"Maharashtra Cricket Association Stadium, Pune",2,20.1,New Zealand,South Africa,GD Phillips,MJ Santner,KA Maharaj,0,0,,,,,,,,,
1384423,2023/24,2023-11-01,"Maharashtra Cricket Association Stadium, Pune",2,20.2,New Zealand,South Africa,GD Phillips,MJ Santner,KA Maharaj,0,0,,,,,,,,,
1384423,2023/24,2023-11-01,"Maharashtra Cricket Association Stadium, Pune",2,20.3,New Zealand,South Africa,GD Phillips,MJ Santner,KA Maharaj,0,0,,,,,,,,,
1384423,2023/24,2023-11-01,"Maharashtra Cricket Association Stadium, Pune",2,20.4,New Zealand,South Africa,GD Phillips,MJ Santner,KA Maharaj,1,0,,,,,,,,,
1384423,2023/24,2023-11-01,"Maharashtra Cricket Association Stadium, Pune",2,20.5,New Zealand,South Africa,MJ Santner,GD Phillips,KA Maharaj,1,0,,,,,,,,,
1384423,2023/24,2023-11-01,"Maharashtra Cricket Association Stadium, Pune",2,20.6,New Zealand,South Africa,GD Phillips,MJ Santner,KA Maharaj,0,0,,,,,,,,,
1384423,2023/24,2023-11-01,"Maharashtra Cricket Association Stadium, Pune",2,21.1,New Zealand,South Africa,MJ Santner,GD Phillips,L Ngidi,0,0,,,,,,,,,
1384423,2023/24,2023-11-01,"Maharashtra Cricket Association Stadium, Pune",2,21.2,New Zealand,South Africa,MJ Santner,GD Phillips,L Ngidi,0,0,,,,,,,,,
1384423,2023/24,2023-11-01,"Maharashtra Cricket Association Stadium, Pune",2,21.3,New Zealand,South Africa,MJ Santner,GD Phillips,L Ngidi,1,0,,,,,,,,,
1384423,2023/24,2023-11-01,"Maharashtra Cricket Association Stadium, Pune",2,21.4,New Zealand,South Africa,GD Phillips,MJ Santner,L Ngidi,1,0,,,,,,,,,
1384423,2023/24,2023-11-01,"Maharashtra Cricket Association Stadium, Pune",2,21.5,New Zealand,South Africa,MJ Santner,GD Phillips,L Ngidi,0,0,,,,,,,,,
1384423,2023/24,2023-11-01,"Maharashtra Cricket Association Stadium, Pune",2,21.6,New Zealand,South Africa,MJ Santner,GD Phillips,L Ngidi,0,0,,,,,,,,,
1384423,2023/24,2023-11-01,"Maharashtra Cricket Association Stadium, Pune",2,22.1,New Zealand,South Africa,GD Phillips,MJ Santner,KA Maharaj,1,0,,,,,,,,,
1384423,2023/24,2023-11-01,"Maharashtra Cricket Association Stadium, Pune",2,22.2,New Zealand,South Africa,MJ Santner,GD Phillips,KA Maharaj,0,0,,,,,,,,,
1384423,2023/24,2023-11-01,"Maharashtra Cricket Association Stadium, Pune",2,22.3,New Zealand,South Africa,MJ Santner,GD Phillips,KA Maharaj,4,0,,,,,,,,,
1384423,2023/24,2023-11-01,"Maharashtra Cricket Association Stadium, Pune",2,22.4,New Zealand,South Africa,MJ Santner,GD Phillips,KA Maharaj,0,0,,,,,,bowled,MJ Santner,,
1384423,2023/24,2023-11-01,"Maharashtra Cricket Association Stadium, Pune",2,22.5,New Zealand,South Africa,TG Southee,GD Phillips,KA Maharaj,0,0,,,,,,,,,
1384423,2023/24,2023-11-01,"Maharashtra Cricket Association Stadium, Pune",2,22.6,New Zealand,South Africa,TG Southee,GD Phillips,KA Maharaj,0,0,,,,,,,,,
1384423,2023/24,2023-11-01,"Maharashtra Cricket Association Stadium, Pune",2,23.1,New Zealand,South Africa,GD Phillips,TG Southee,L Ngidi,0,0,,,,,,,,,
1384423,2023/24,2023-11-01,"Maharashtra Cricket Association Stadium, Pune",2,23.2,New Zealand,South Africa,GD Phillips,TG Southee,L Ngidi,0,0,,,,,,,,,
1384423,2023/24,2023-11-01,"Maharashtra Cricket Association Stadium, Pune",2,23.3,New Zealand,South Africa,GD Phillips,TG Southee,L Ngidi,1,0,,,,,,,,,
1384423,2023/24,2023-11-01,"Maharashtra Cricket Association Stadium, Pune",2,23.4,New Zealand,South Africa,TG Southee,GD Phillips,L Ngidi,0,0,,,,,,,,,
1384423,2023/24,2023-11-01,"Maharashtra Cricket Association Stadium, Pune",2,23.5,New Zealand,South Africa,TG Southee,GD Phillips,L Ngidi,4,0,,,,,,,,,
1384423,2023/24,2023-11-01,"Maharashtra Cricket Association Stadium, Pune",2,23.6,New Zealand,South Africa,TG Southee,GD Phillips,L Ngidi,1,0,,,,,,,,,
1384423,2023/24,2023-11-01,"Maharashtra Cricket Association Stadium, Pune",2,24.1,New Zealand,South Africa,TG Southee,GD Phillips,KA Maharaj,1,0,,,,,,,,,
1384423,2023/24,2023-11-01,"Maharashtra Cricket Association Stadium, Pune",2,24.2,New Zealand,South Africa,GD Phillips,TG Southee,KA Maharaj,1,0,,,,,,,,,
1384423,2023/24,2023-11-01,"Maharashtra Cricket Association Stadium, Pune",2,24.3,New Zealand,South Africa,TG Southee,GD Phillips,KA Maharaj,0,0,,,,,,,,,
1384423,2023/24,2023-11-01,"Maharashtra Cricket Association Stadium, Pune",2,24.4,New Zealand,South Africa,TG Southee,GD Phillips,KA Maharaj,0,0,,,,,,,,,
1384423,2023/24,2023-11-01,"Maharashtra Cricket Association Stadium, Pune",2,24.5,New Zealand,South Africa,TG Southee,GD Phillips,KA Maharaj,0,0,,,,,,,,,
1384423,2023/24,2023-11-01,"Maharashtra Cricket Association Stadium, Pune",2,24.6,New Zealand,South Africa,TG Southee,GD Phillips,KA Maharaj,1,0,,,,,,,,,
1384423,2023/24,2023-11-01,"Maharashtra Cricket Association Stadium, Pune",2,25.1,New Zealand,South Africa,TG Southee,GD Phillips,M Jansen,0,0,,,,,,lbw,TG Southee,,
1384423,2023/24,2023-11-01,"Maharashtra Cricket Association Stadium, Pune",2,25.2,New Zealand,South Africa,JDS Neesham,GD Phillips,M Jansen,0,0,,,,,,,,,
1384423,2023/24,2023-11-01,"Maharashtra Cricket Association Stadium, Pune",2,25.3,New Zealand,South Africa,JDS Neesham,GD Phillips,M Jansen,0,0,,,,,,,,,
1384423,2023/24,2023-11-01,"Maharashtra Cricket Association Stadium, Pune",2,25.4,New Zealand,South Africa,JDS Neesham,GD Phillips,M Jansen,0,0,,,,,,,,,
1384423,2023/24,2023-11-01,"Maharashtra Cricket Association Stadium, Pune",2,25.5,New Zealand,South Africa,JDS Neesham,GD Phillips,M Jansen,0,0,,,,,,,,,
1384423,2023/24,2023-11-01,"Maharashtra Cricket Association Stadium, Pune",2,25.6,New Zealand,South Africa,JDS Neesham,GD Phillips,M Jansen,0,0,,,,,,,,,
1384423,2023/24,2023-11-01,"Maharashtra Cricket Association Stadium, Pune",2,26.1,New Zealand,South Africa,GD Phillips,JDS Neesham,KA Maharaj,1,0,,,,,,,,,
1384423,2023/24,2023-11-01,"Maharashtra Cricket Association Stadium, Pune",2,26.2,New Zealand,South Africa,JDS Neesham,GD Phillips,KA Maharaj,0,0,,,,,,,,,
1384423,2023/24,2023-11-01,"Maharashtra Cricket Association Stadium, Pune",2,26.3,New Zealand,South Africa,JDS Neesham,GD Phillips,KA Maharaj,0,0,,,,,,,,,
1384423,2023/24,2023-11-01,"Maharashtra Cricket Association Stadium, Pune",2,26.4,New Zealand,South Africa,JDS Neesham,GD Phillips,KA Maharaj,0,0,,,,,,bowled,JDS Neesham,,
1384423,2023/24,2023-11-01,"Maharashtra Cricket Association Stadium, Pune",2,26.5,New Zealand,South Africa,TA Boult,GD Phillips,KA Maharaj,1,0,,,,,,,,,
1384423,2023/24,2023-11-01,"Maharashtra Cricket Association Stadium, Pune",2,26.6,New Zealand,South Africa,GD Phillips,TA Boult,KA Maharaj,1,0,,,,,,,,,
1384423,2023/24,2023-11-01,"Maharashtra Cricket Association Stadium, Pune",2,27.1,New Zealand,South Africa,GD Phillips,TA Boult,M Jansen,0,0,,,,,,,,,
1384423,2023/24,2023-11-01,"Maharashtra Cricket Association Stadium, Pune",2,27.2,New Zealand,South Africa,GD Phillips,TA Boult,M Jansen,1,0,,,,,,,,,
1384423,2023/24,2023-11-01,"Maharashtra Cricket Association Stadium, Pune",2,27.3,New Zealand,South Africa,TA Boult,GD Phillips,M Jansen,2,0,,,,,,,,,
1384423,2023/24,2023-11-01,"Maharashtra Cricket Association Stadium, Pune",2,27.4,New Zealand,South Africa,TA Boult,GD Phillips,M Jansen,0,0,,,,,,,,,
1384423,2023/24,2023-11-01,"Maharashtra Cricket Association Stadium, Pune",2,27.5,New Zealand,South Africa,TA Boult,GD Phillips,M Jansen,0,0,,,,,,,,,
1384423,2023/24,2023-11-01,"Maharashtra Cricket Association Stadium, Pune",2,27.6,New Zealand,South Africa,TA Boult,GD Phillips,M Jansen,4,0,,,,,,,,,
1384423,2023/24,2023-11-01,"Maharashtra Cricket Association Stadium, Pune",2,28.1,New Zealand,South Africa,GD Phillips,TA Boult,KA Maharaj,6,0,,,,,,,,,
1384423,2023/24,2023-11-01,"Maharashtra Cricket Association Stadium, Pune",2,28.2,New Zealand,South Africa,GD Phillips,TA Boult,KA Maharaj,1,0,,,,,,,,,
1384423,2023/24,2023-11-01,"Maharashtra Cricket Association Stadium, Pune",2,28.3,New Zealand,South Africa,TA Boult,GD Phillips,KA Maharaj,1,0,,,,,,,,,
1384423,2023/24,2023-11-01,"Maharashtra Cricket Association Stadium, Pune",2,28.4,New Zealand,South Africa,GD Phillips,TA Boult,KA Maharaj,1,0,,,,,,,,,
1384423,2023/24,2023-11-01,"Maharashtra Cricket Association Stadium, Pune",2,28.5,New Zealand,South Africa,TA Boult,GD Phillips,KA Maharaj,0,0,,,,,,,,,
1384423,2023/24,2023-11-01,"Maharashtra Cricket Association Stadium, Pune",2,28.6,New Zealand,South Africa,TA Boult,GD Phillips,KA Maharaj,0,0,,,,,,,,,
1384423,2023/24,2023-11-01,"Maharashtra Cricket Association Stadium, Pune",2,29.1,New Zealand,South Africa,GD Phillips,TA Boult,M Jansen,1,0,,,,,,,,,
1384423,2023/24,2023-11-01,"Maharashtra Cricket Association Stadium, Pune",2,29.2,New Zealand,South Africa,TA Boult,GD Phillips,M Jansen,0,0,,,,,,,,,
1384423,2023/24,2023-11-01,"Maharashtra Cricket Association Stadium, Pune",2,29.3,New Zealand,South Africa,TA Boult,GD Phillips,M Jansen,0,1,,1,,,,,,,
1384423,2023/24,2023-11-01,"Maharashtra Cricket Association Stadium, Pune",2,29.4,New Zealand,South Africa,TA Boult,GD Phillips,M Jansen,0,0,,,,,,,,,
1384423,2023/24,2023-11-01,"Maharashtra Cricket Association Stadium, Pune",2,29.5,New Zealand,South Africa,TA Boult,GD Phillips,M Jansen,1,0,,,,,,,,,
1384423,2023/24,2023-11-01,"Maharashtra Cricket Association Stadium, Pune",2,29.6,New Zealand,South Africa,GD Phillips,TA Boult,M Jansen,1,0,,,,,,,,,
1384423,2023/24,2023-11-01,"Maharashtra Cricket Association Stadium, Pune",2,29.7,New Zealand,South Africa,TA Boult,GD Phillips,M Jansen,0,0,,,,,,,,,
1384423,2023/24,2023-11-01,"Maharashtra Cricket Association Stadium, Pune",2,30.1,New Zealand,South Africa,GD Phillips,TA Boult,KA Maharaj,1,0,,,,,,,,,
1384423,2023/24,2023-11-01,"Maharashtra Cricket Association Stadium, Pune",2,30.2,New Zealand,South Africa,TA Boult,GD Phillips,KA Maharaj,0,0,,,,,,caught,TA Boult,,
1384423,2023/24,2023-11-01,"Maharashtra Cricket Association Stadium, Pune",2,30.3,New Zealand,South Africa,MJ Henry,GD Phillips,KA Maharaj,0,0,,,,,,,,,
1384423,2023/24,2023-11-01,"Maharashtra Cricket Association Stadium, Pune",2,30.4,New Zealand,South Africa,MJ Henry,GD Phillips,KA Maharaj,0,0,,,,,,,,,
1384423,2023/24,2023-11-01,"Maharashtra Cricket Association Stadium, Pune",2,30.5,New Zealand,South Africa,MJ Henry,GD Phillips,KA Maharaj,0,0,,,,,,,,,
1384423,2023/24,2023-11-01,"Maharashtra Cricket Association Stadium, Pune",2,30.6,New Zealand,South Africa,MJ Henry,GD Phillips,KA Maharaj,0,0,,,,,,,,,
1384423,2023/24,2023-11-01,"Maharashtra Cricket Association Stadium, Pune",2,31.1,New Zealand,South Africa,GD Phillips,MJ Henry,G Coetzee,0,0,,,,,,,,,
1384423,2023/24,2023-11-01,"Maharashtra Cricket Association Stadium, Pune",2,31.2,New Zealand,South Africa,GD Phillips,MJ Henry,G Coetzee,0,0,,,,,,,,,
1384423,2023/24,2023-11-01,"Maharashtra Cricket Association Stadium, Pune",2,31.3,New Zealand,South Africa,GD Phillips,MJ Henry,G Coetzee,0,0,,,,,,,,,
1384423,2023/24,2023-11-01,"Maharashtra Cricket Association Stadium, Pune",2,31.4,New Zealand,South Africa,GD Phillips,MJ Henry,G Coetzee,1,0,,,,,,,,,
1384423,2023/24,2023-11-01,"Maharashtra Cricket Association Stadium, Pune",2,31.5,New Zealand,South Africa,MJ Henry,GD Phillips,G Coetzee,0,0,,,,,,,,,
1384423,2023/24,2023-11-01,"Maharashtra Cricket Association Stadium, Pune",2,31.6,New Zealand,South Africa,MJ Henry,GD Phillips,G Coetzee,0,0,,,,,,,,,
1384423,2023/24,2023-11-01,"Maharashtra Cricket Association Stadium, Pune",2,32.1,New Zealand,South Africa,GD Phillips,MJ Henry,KA Maharaj,0,0,,,,,,,,,
1384423,2023/24,2023-11-01,"Maharashtra Cricket Association Stadium, Pune",2,32.2,New Zealand,South Africa,GD Phillips,MJ Henry,KA Maharaj,0,0,,,,,,,,,
1384423,2023/24,2023-11-01,"Maharashtra Cricket Association Stadium, Pune",2,32.3,New Zealand,South Africa,GD Phillips,MJ Henry,KA Maharaj,0,0,,,,,,,,,
1384423,2023/24,2023-11-01,"Maharashtra Cricket Association Stadium, Pune",2,32.4,New Zealand,South Africa,GD Phillips,MJ Henry,KA Maharaj,6,0,,,,,,,,,
1384423,2023/24,2023-11-01,"Maharashtra Cricket Association Stadium, Pune",2,32.5,New Zealand,South Africa,GD Phillips,MJ Henry,KA Maharaj,1,0,,,,,,,,,
1384423,2023/24,2023-11-01,"Maharashtra Cricket Association Stadium, Pune",2,32.6,New Zealand,South Africa,MJ Henry,GD Phillips,KA Maharaj,0,0,,,,,,,,,
1384423,2023/24,2023-11-01,"Maharashtra Cricket Association Stadium, Pune",2,33.1,New Zealand,South Africa,GD Phillips,MJ Henry,G Coetzee,0,0,,,,,,,,,
1384423,2023/24,2023-11-01,"Maharashtra Cricket Association Stadium, Pune",2,33.2,New Zealand,South Africa,GD Phillips,MJ Henry,G Coetzee,0,0,,,,,,,,,
1384423,2023/24,2023-11-01,"Maharashtra Cricket Association Stadium, Pune",2,33.3,New Zealand,South Africa,GD Phillips,MJ Henry,G Coetzee,4,0,,,,,,,,,
1384423,2023/24,2023-11-01,"Maharashtra Cricket Association Stadium, Pune",2,33.4,New Zealand,South Africa,GD Phillips,MJ Henry,G Coetzee,0,0,,,,,,,,,
1384423,2023/24,2023-11-01,"Maharashtra Cricket Association Stadium, Pune",2,33.5,New Zealand,South Africa,GD Phillips,MJ Henry,G Coetzee,0,0,,,,,,,,,
1384423,2023/24,2023-11-01,"Maharashtra Cricket Association Stadium, Pune",2,33.6,New Zealand,South Africa,GD Phillips,MJ Henry,G Coetzee,1,0,,,,,,,,,
1384423,2023/24,2023-11-01,"Maharashtra Cricket Association Stadium, Pune",2,34.1,New Zealand,South Africa,GD Phillips,MJ Henry,KA Maharaj,4,0,,,,,,,,,
1384423,2023/24,2023-11-01,"Maharashtra Cricket Association Stadium, Pune",2,34.2,New Zealand,South Africa,GD Phillips,MJ Henry,KA Maharaj,6,0,,,,,,,,,
1384423,2023/24,2023-11-01,"Maharashtra Cricket Association Stadium, Pune",2,34.3,New Zealand,South Africa,GD Phillips,MJ Henry,KA Maharaj,4,0,,,,,,,,,
1384423,2023/24,2023-11-01,"Maharashtra Cricket Association Stadium, Pune",2,34.4,New Zealand,South Africa,GD Phillips,MJ Henry,KA Maharaj,1,0,,,,,,,,,
1384423,2023/24,2023-11-01,"Maharashtra Cricket Association Stadium, Pune",2,34.5,New Zealand,South Africa,MJ Henry,GD Phillips,KA Maharaj,0,0,,,,,,,,,
1384423,2023/24,2023-11-01,"Maharashtra Cricket Association Stadium, Pune",2,34.6,New Zealand,South Africa,MJ Henry,GD Phillips,KA Maharaj,0,0,,,,,,,,,
1384423,2023/24,2023-11-01,"Maharashtra Cricket Association Stadium, Pune",2,35.1,New Zealand,South Africa,GD Phillips,MJ Henry,G Coetzee,0,0,,,,,,,,,
1384423,2023/24,2023-11-01,"Maharashtra Cricket Association Stadium, Pune",2,35.2,New Zealand,South Africa,GD Phillips,MJ Henry,G Coetzee,6,0,,,,,,,,,
1384423,2023/24,2023-11-01,"Maharashtra Cricket Association Stadium, Pune",2,35.3,New Zealand,South Africa,GD Phillips,MJ Henry,G Coetzee,0,0,,,,,,caught,GD Phillips,,
