match_id,season,start_date,venue,innings,ball,batting_team,bowling_team,striker,non_striker,bowler,runs_off_bat,extras,wides,noballs,byes,legbyes,penalty,wicket_type,player_dismissed,other_wicket_type,other_player_dismissed
1384424,2023/24,2023-11-02,"Wankhede Stadium, Mumbai",1,0.1,India,Sri Lanka,RG Sharma,Shubman Gill,D Madushanka,4,0,,,,,,,,,
1384424,2023/24,2023-11-02,"Wankhede Stadium, Mumbai",1,0.2,India,Sri Lanka,RG Sharma,Shubman Gill,D Madushanka,0,0,,,,,,bowled,RG Sharma,,
1384424,2023/24,2023-11-02,"Wankhede Stadium, Mumbai",1,0.3,India,Sri Lanka,V Kohli,Shubman Gill,D Madushanka,0,0,,,,,,,,,
1384424,2023/24,2023-11-02,"Wankhede Stadium, Mumbai",1,0.4,India,Sri Lanka,V Kohli,Shubman Gill,D Madushanka,0,0,,,,,,,,,
1384424,2023/24,2023-11-02,"Wankhede Stadium, Mumbai",1,0.5,India,Sri Lanka,V Kohli,Shubman Gill,D Madushanka,0,0,,,,,,,,,
1384424,2023/24,2023-11-02,"Wankhede Stadium, Mumbai",1,0.6,India,Sri Lanka,V Kohli,Shubman Gill,D Madushanka,4,0,,,,,,,,,
1384424,2023/24,2023-11-02,"Wankhede Stadium, Mumbai",1,1.1,India,Sri Lanka,Shubman Gill,V Kohli,PVD Chameera,0,0,,,,,,,,,
1384424,2023/24,2023-11-02,"Wankhede Stadium, Mumbai",1,1.2,India,Sri Lanka,Shubman Gill,V Kohli,PVD Chameera,0,0,,,,,,,,,
1384424,2023/24,2023-11-02,"Wankhede Stadium, Mumbai",1,1.3,India,Sri Lanka,Shubman Gill,V Kohli,PVD Chameera,0,0,,,,,,,,,
1384424,2023/24,2023-11-02,"Wankhede Stadium, Mumbai",1,1.4,India,Sri Lanka,Shubman Gill,V Kohli,PVD Chameera,0,0,,,,,,,,,
1384424,2023/24,2023-11-02,"Wankhede Stadium, Mumbai",1,1.5,India,Sri Lanka,Shubman Gill,V Kohli,PVD Chameera,0,0,,,,,,,,,
1384424,2023/24,2023-11-02,"Wankhede Stadium, Mumbai",1,1.6,India,Sri Lanka,Shubman Gill,V Kohli,PVD Chameera,0,0,,,,,,,,,
1384424,2023/24,2023-11-02,"Wankhede Stadium, Mumbai",1,2.1,India,Sri Lanka,V Kohli,Shubman Gill,D Madushanka,0,0,,,,,,,,,
1384424,2023/24,2023-11-02,"Wankhede Stadium, Mumbai",1,2.2,India,Sri Lanka,V Kohli,Shubman Gill,D Madushanka,4,0,,,,,,,,,
1384424,2023/24,2023-11-02,"Wankhede Stadium, Mumbai",1,2.3,India,Sri Lanka,V Kohli,Shubman Gill,D Madushanka,0,0,,,,,,,,,
1384424,2023/24,2023-11-02,"Wankhede Stadium, Mumbai",1,2.4,India,Sri Lanka,V Kohli,Shubman Gill,D Madushanka,0,1,1,,,,,,,,
1384424,2023/24,2023-11-02,"Wankhede Stadium, Mumbai",1,2.5,India,Sri Lanka,V Kohli,Shubman Gill,D Madushanka,0,0,,,,,,,,,
1384424,2023/24,2023-11-02,"Wankhede Stadium, Mumbai",1,2.6,India,Sri Lanka,V Kohli,Shubman Gill,D Madushanka,1,0,,,,,,,,,
1384424,2023/24,2023-11-02,"Wankhede Stadium, Mumbai",1,2.7,India,Sri Lanka,Shubman Gill,V Kohli,D Madushanka,0,0,,,,,,,,,
1384424,2023/24,2023-11-02,"Wankhede Stadium, Mumbai",1,3.1,India,Sri Lanka,V Kohli,Shubman Gill,PVD Chameera,0,0,,,,,,,,,
1384424,2023/24,2023-11-02,"Wankhede Stadium, Mumbai",1,3.2,India,Sri Lanka,V Kohli,Shubman Gill,PVD Chameera,0,0,,,,,,,,,
1384424,2023/24,2023-11-02,"Wankhede Stadium, Mumbai",1,3.3,India,Sri Lanka,V Kohli,Shubman Gill,PVD Chameera,0,0,,,,,,,,,
1384424,2023/24,2023-11-02,"Wankhede Stadium, Mumbai",1,3.4,India,Sri Lanka,V Kohli,Shubman Gill,PVD Chameera,0,0,,,,,,,,,
1384424,2023/24,2023-11-02,"Wankhede Stadium, Mumbai",1,3.5,India,Sri Lanka,V Kohli,Shubman Gill,PVD Chameera,0,0,,,,,,,,,
1384424,2023/24,2023-11-02,"Wankhede Stadium, Mumbai",1,3.6,India,Sri Lanka,V Kohli,Shubman Gill,PVD Chameera,0,0,,,,,,,,,
1384424,2023/24,2023-11-02,"Wankhede Stadium, Mumbai",1,4.1,India,Sri Lanka,Shubman Gill,V Kohli,D Madushanka,0,0,,,,,,,,,
1384424,2023/24,2023-11-02,"Wankhede Stadium, Mumbai",1,4.2,India,Sri Lanka,Shubman Gill,V Kohli,D Madushanka,4,0,,,,,,,,,
1384424,2023/24,2023-11-02,"Wankhede Stadium, Mumbai",1,4.3,India,Sri Lanka,Shubman Gill,V Kohli,D Madushanka,4,0,,,,,,,,,
1384424,2023/24,2023-11-02,"Wankhede Stadium, Mumbai",1,4.4,India,Sri Lanka,Shubman Gill,V Kohli,D Madushanka,0,0,,,,,,,,,
1384424,2023/24,2023-11-02,"Wankhede Stadium, Mumbai",1,4.5,India,Sri Lanka,Shubman Gill,V Kohli,D Madushanka,0,1,1,,,,,,,,
1384424,2023/24,2023-11-02,"Wankhede Stadium, Mumbai",1,4.6,India,Sri Lanka,Shubman Gill,V Kohli,D Madushanka,1,0,,,,,,,,,
1384424,2023/24,2023-11-02,"Wankhede Stadium, Mumbai",1,4.7,India,Sri Lanka,V Kohli,Shubman Gill,D Madushanka,1,0,,,,,,,,,
1384424,2023/24,2023-11-02,"Wankhede Stadium, Mumbai",1,5.1,India,Sri Lanka,V Kohli,Shubman Gill,PVD Chameera,0,0,,,,,,,,,
1384424,2023/24,2023-11-02,"Wankhede Stadium, Mumbai",1,5.2,India,Sri Lanka,V Kohli,Shubman Gill,PVD Chameera,0,0,,,,,,,,,
1384424,2023/24,2023-11-02,"Wankhede Stadium, Mumbai",1,5.3,India,Sri Lanka,V Kohli,Shubman Gill,PVD Chameera,4,0,,,,,,,,,
1384424,2023/24,2023-11-02,"Wankhede Stadium, Mumbai",1,5.4,India,Sri Lanka,V Kohli,Shubman Gill,PVD Chameera,0,0,,,,,,,,,
1384424,2023/24,2023-11-02,"Wankhede Stadium, Mumbai",1,5.5,India,Sri Lanka,V Kohli,Shubman Gill,PVD Chameera,0,0,,,,,,,,,
1384424,2023/24,2023-11-02,"Wankhede Stadium, Mumbai",1,5.6,India,Sri Lanka,V Kohli,Shubman Gill,PVD Chameera,4,0,,,,,,,,,
1384424,2023/24,2023-11-02,"Wankhede Stadium, Mumbai",1,6.1,India,Sri Lanka,Shubman Gill,V Kohli,CAK Rajitha,0,0,,,,,,,,,
1384424,2023/24,2023-11-02,"Wankhede Stadium, Mumbai",1,6.2,India,Sri Lanka,Shubman Gill,V Kohli,CAK Rajitha,0,0,,,,,,,,,
1384424,2023/24,2023-11-02,"Wankhede Stadium, Mumbai",1,6.3,India,Sri Lanka,Shubman Gill,V Kohli,CAK Rajitha,1,0,,,,,,,,,
1384424,2023/24,2023-11-02,"Wankhede Stadium, Mumbai",1,6.4,India,Sri Lanka,V Kohli,Shubman Gill,CAK Rajitha,4,0,,,,,,,,,
1384424,2023/24,2023-11-02,"Wankhede Stadium, Mumbai",1,6.5,India,Sri Lanka,V Kohli,Shubman Gill,CAK Rajitha,4,0,,,,,,,,,
1384424,2023/24,2023-11-02,"Wankhede Stadium, Mumbai",1,6.6,India,Sri Lanka,V Kohli,Shubman Gill,CAK Rajitha,0,0,,,,,,,,,
1384424,2023/24,2023-11-02,"Wankhede Stadium, Mumbai",1,7.1,India,Sri Lanka,Shubman Gill,V Kohli,AD Mathews,0,0,,,,,,,,,
1384424,2023/24,2023-11-02,"Wankhede Stadium, Mumbai",1,7.2,India,Sri Lanka,Shubman Gill,V Kohli,AD Mathews,0,0,,,,,,,,,
1384424,2023/24,2023-11-02,"Wankhede Stadium, Mumbai",1,7.3,India,Sri Lanka,Shubman Gill,V Kohli,AD Mathews,0,0,,,,,,,,,
1384424,2023/24,2023-11-02,"Wankhede Stadium, Mumbai",1,7.4,India,Sri Lanka,Shubman Gill,V Kohli,AD Mathews,4,0,,,,,,,,,
1384424,2023/24,2023-11-02,"Wankhede Stadium, Mumbai",1,7.5,India,Sri Lanka,Shubman Gill,V Kohli,AD Mathews,0,0,,,,,,,,,
1384424,2023/24,2023-11-02,"Wankhede Stadium, Mumbai",1,7.6,India,Sri Lanka,Shubman Gill,V Kohli,AD Mathews,1,0,,,,,,,,,
1384424,2023/24,2023-11-02,"Wankhede Stadium, Mumbai",1,8.1,India,Sri Lanka,Shubman Gill,V Kohli,CAK Rajitha,0,4,,,,4,,,,,
1384424,2023/24,2023-11-02,"Wankhede Stadium, Mumbai",1,8.2,India,Sri Lanka,Shubman Gill,V Kohli,CAK Rajitha,0,0,,,,,,,,,
1384424,2023/24,2023-11-02,"Wankhede Stadium, Mumbai",1,8.3,India,Sri Lanka,Shubman Gill,V Kohli,CAK Rajitha,4,0,,,,,,,,,
1384424,2023/24,2023-11-02,"Wankhede Stadium, Mumbai",1,8.4,India,Sri Lanka,Shubman Gill,V Kohli,CAK Rajitha,0,0,,,,,,,,,
1384424,2023/24,2023-11-02,"Wankhede Stadium, Mumbai",1,8.5,India,Sri Lanka,Shubman Gill,V Kohli,CAK Rajitha,0,0,,,,,,,,,
1384424,2023/24,2023-11-02,"Wankhede Stadium, Mumbai",1,8.6,India,Sri Lanka,Shubman Gill,V Kohli,CAK Rajitha,2,0,,,,,,,,,
1384424,2023/24,2023-11-02,"Wankhede Stadium, Mumbai",1,9.1,India,Sri Lanka,V Kohli,Shubman Gill,AD Mathews,1,0,,,,,,,,,
1384424,2023/24,2023-11-02,"Wankhede Stadium, Mumbai",1,9.2,India,Sri Lanka,Shubman Gill,V Kohli,AD Mathews,1,0,,,,,,,,,
1384424,2023/24,2023-11-02,"Wankhede Stadium, Mumbai",1,9.3,India,Sri Lanka,V Kohli,Shubman Gill,AD Mathews,0,0,,,,,,,,,
1384424,2023/24,2023-11-02,"Wankhede Stadium, Mumbai",1,9.4,India,Sri Lanka,V Kohli,Shubman Gill,AD Mathews,1,0,,,,,,,,,
1384424,2023/24,2023-11-02,"Wankhede Stadium, Mumbai",1,9.5,India,Sri Lanka,Shubman Gill,V Kohli,AD Mathews,0,0,,,,,,,,,
1384424,2023/24,2023-11-02,"Wankhede Stadium, Mumbai",1,9.6,India,Sri Lanka,Shubman Gill,V Kohli,AD Mathews,0,0,,,,,,,,,
1384424,2023/24,2023-11-02,"Wankhede Stadium, Mumbai",1,10.1,India,Sri Lanka,V Kohli,Shubman Gill,M Theekshana,4,0,,,,,,,,,
1384424,2023/24,2023-11-02,"Wankhede Stadium, Mumbai",1,10.2,India,Sri Lanka,V Kohli,Shubman Gill,M Theekshana,1,0,,,,,,,,,
1384424,2023/24,2023-11-02,"Wankhede Stadium, Mumbai",1,10.3,India,Sri Lanka,Shubman Gill,V Kohli,M Theekshana,1,0,,,,,,,,,
1384424,2023/24,2023-11-02,"Wankhede Stadium, Mumbai",1,10.4,India,Sri Lanka,V Kohli,Shubman Gill,M Theekshana,1,0,,,,,,,,,
1384424,2023/24,2023-11-02,"Wankhede Stadium, Mumbai",1,10.5,India,Sri Lanka,Shubman Gill,V Kohli,M Theekshana,1,0,,,,,,,,,
1384424,2023/24,2023-11-02,"Wankhede Stadium, Mumbai",1,10.6,India,Sri Lanka,V Kohli,Shubman Gill,M Theekshana,0,0,,,,,,,,,
1384424,2023/24,2023-11-02,"Wankhede Stadium, Mumbai",1,11.1,India,Sri Lanka,Shubman Gill,V Kohli,AD Mathews,1,0,,,,,,,,,
1384424,2023/24,2023-11-02,"Wankhede Stadium, Mumbai",1,11.2,India,Sri Lanka,V Kohli,Shubman Gill,AD Mathews,1,0,,,,,,,,,
1384424,2023/24,2023-11-02,"Wankhede Stadium, Mumbai",1,11.3,India,Sri Lanka,Shubman Gill,V Kohli,AD Mathews,1,0,,,,,,,,,
1384424,2023/24,2023-11-02,"Wankhede Stadium, Mumbai",1,11.4,India,Sri Lanka,V Kohli,Shubman Gill,AD Mathews,0,0,,,,,,,,,
1384424,2023/24,2023-11-02,"Wankhede Stadium, Mumbai",1,11.5,India,Sri Lanka,V Kohli,Shubman Gill,AD Mathews,0,0,,,,,,,,,
1384424,2023/24,2023-11-02,"Wankhede Stadium, Mumbai",1,11.6,India,Sri Lanka,V Kohli,Shubman Gill,AD Mathews,0,1,,,,1,,,,,
1384424,2023/24,2023-11-02,"Wankhede Stadium, Mumbai",1,12.1,India,Sri Lanka,V Kohli,Shubman Gill,M Theekshana,1,0,,,,,,,,,
1384424,2023/24,2023-11-02,"Wankhede Stadium, Mumbai",1,12.2,India,Sri Lanka,Shubman Gill,V Kohli,M Theekshana,1,0,,,,,,,,,
1384424,2023/24,2023-11-02,"Wankhede Stadium, Mumbai",1,12.3,India,Sri Lanka,V Kohli,Shubman Gill,M Theekshana,1,0,,,,,,,,,
1384424,2023/24,2023-11-02,"Wankhede Stadium, Mumbai",1,12.4,India,Sri Lanka,Shubman Gill,V Kohli,M Theekshana,0,0,,,,,,,,,
1384424,2023/24,2023-11-02,"Wankhede Stadium, Mumbai",1,12.5,India,Sri Lanka,Shubman Gill,V Kohli,M Theekshana,0,1,1,,,,,,,,
1384424,2023/24,2023-11-02,"Wankhede Stadium, Mumbai",1,12.6,India,Sri Lanka,Shubman Gill,V Kohli,M Theekshana,4,0,,,,,,,,,
1384424,2023/24,2023-11-02,"Wankhede Stadium, Mumbai",1,12.7,India,Sri Lanka,Shubman Gill,V Kohli,M Theekshana,2,0,,,,,,,,,
1384424,2023/24,2023-11-02,"Wankhede Stadium, Mumbai",1,13.1,India,Sri Lanka,V Kohli,Shubman Gill,D Madushanka,1,0,,,,,,,,,
1384424,2023/24,2023-11-02,"Wankhede Stadium, Mumbai",1,13.2,India,Sri Lanka,Shubman Gill,V Kohli,D Madushanka,0,0,,,,,,,,,
1384424,2023/24,2023-11-02,"Wankhede Stadium, Mumbai",1,13.3,India,Sri Lanka,Shubman Gill,V Kohli,D Madushanka,1,0,,,,,,,,,
1384424,2023/24,2023-11-02,"Wankhede Stadium, Mumbai",1,13.4,India,Sri Lanka,V Kohli,Shubman Gill,D Madushanka,0,0,,,,,,,,,
1384424,2023/24,2023-11-02,"Wankhede Stadium, Mumbai",1,13.5,India,Sri Lanka,V Kohli,Shubman Gill,D Madushanka,1,0,,,,,,,,,
1384424,2023/24,2023-11-02,"Wankhede Stadium, Mumbai",1,13.6,India,Sri Lanka,Shubman Gill,V Kohli,D Madushanka,0,0,,,,,,,,,
1384424,2023/24,2023-11-02,"Wankhede Stadium, Mumbai",1,14.1,India,Sri Lanka,V Kohli,Shubman Gill,MADI Hemantha,1,0,,,,,,,,,
1384424,2023/24,2023-11-02,"Wankhede Stadium, Mumbai",1,14.2,India,Sri Lanka,Shubman Gill,V Kohli,MADI Hemantha,1,0,,,,,,,,,
1384424,2023/24,2023-11-02,"Wankhede Stadium, Mumbai",1,14.3,India,Sri Lanka,V Kohli,Shubman Gill,MADI Hemantha,0,0,,,,,,,,,
1384424,2023/24,2023-11-02,"Wankhede Stadium, Mumbai",1,14.4,India,Sri Lanka,V Kohli,Shubman Gill,MADI Hemantha,0,0,,,,,,,,,
1384424,2023/24,2023-11-02,"Wankhede Stadium, Mumbai",1,14.5,India,Sri Lanka,V Kohli,Shubman Gill,MADI Hemantha,1,0,,,,,,,,,
1384424,2023/24,2023-11-02,"Wankhede Stadium, Mumbai",1,14.6,India,Sri Lanka,Shubman Gill,V Kohli,MADI Hemantha,0,0,,,,,,,,,
1384424,2023/24,2023-11-02,"Wankhede Stadium, Mumbai",1,15.1,India,Sri Lanka,V Kohli,Shubman Gill,D Madushanka,4,0,,,,,,,,,
1384424,2023/24,2023-11-02,"Wankhede Stadium, Mumbai",1,15.2,India,Sri Lanka,V Kohli,Shubman Gill,D Madushanka,0,0,,,,,,,,,
1384424,2023/24,2023-11-02,"Wankhede Stadium, Mumbai",1,15.3,India,Sri Lanka,V Kohli,Shubman Gill,D Madushanka,1,0,,,,,,,,,
1384424,2023/24,2023-11-02,"Wankhede Stadium, Mumbai",1,15.4,India,Sri Lanka,Shubman Gill,V Kohli,D Madushanka,4,0,,,,,,,,,
1384424,2023/24,2023-11-02,"Wankhede Stadium, Mumbai",1,15.5,India,Sri Lanka,Shubman Gill,V Kohli,D Madushanka,0,0,,,,,,,,,
1384424,2023/24,2023-11-02,"Wankhede Stadium, Mumbai",1,15.6,India,Sri Lanka,Shubman Gill,V Kohli,D Madushanka,0,0,,,,,,,,,
1384424,2023/24,2023-11-02,"Wankhede Stadium, Mumbai",1,16.1,India,Sri Lanka,V Kohli,Shubman Gill,MADI Hemantha,2,1,,1,,,,,,,
1384424,2023/24,2023-11-02,"Wankhede Stadium, Mumbai",1,16.2,India,Sri Lanka,V Kohli,Shubman Gill,MADI Hemantha,2,0,,,,,,,,,
1384424,2023/24,2023-11-02,"Wankhede Stadium, Mumbai",1,16.3,India,Sri Lanka,V Kohli,Shubman Gill,MADI Hemantha,1,0,,,,,,,,,
1384424,2023/24,2023-11-02,"Wankhede Stadium, Mumbai",1,16.4,India,Sri Lanka,Shubman Gill,V Kohli,MADI Hemantha,1,0,,,,,,,,,
1384424,2023/24,2023-11-02,"Wankhede Stadium, Mumbai",1,16.5,India,Sri Lanka,V Kohli,Shubman Gill,MADI Hemantha,0,0,,,,,,,,,
1384424,2023/24,2023-11-02,"Wankhede Stadium, Mumbai",1,16.6,India,Sri Lanka,V Kohli,Shubman Gill,MADI Hemantha,1,0,,,,,,,,,
1384424,2023/24,2023-11-02,"Wankhede Stadium, Mumbai",1,16.7,India,Sri Lanka,Shubman Gill,V Kohli,MADI Hemantha,1,0,,,,,,,,,
1384424,2023/24,2023-11-02,"Wankhede Stadium, Mumbai",1,17.1,India,Sri Lanka,Shubman Gill,V Kohli,CAK Rajitha,4,0,,,,,,,,,
1384424,2023/24,2023-11-02,"Wankhede Stadium, Mumbai",1,17.2,India,Sri Lanka,Shubman Gill,V Kohli,CAK Rajitha,2,0,,,,,,,,,
1384424,2023/24,2023-11-02,"Wankhede Stadium, Mumbai",1,17.3,India,Sri Lanka,Shubman Gill,V Kohli,CAK Rajitha,0,0,,,,,,,,,
1384424,2023/24,2023-11-02,"Wankhede Stadium, Mumbai",1,17.4,India,Sri Lanka,Shubman Gill,V Kohli,CAK Rajitha,1,0,,,,,,,,,
1384424,2023/24,2023-11-02,"Wankhede Stadium, Mumbai",1,17.5,India,Sri Lanka,V Kohli,Shubman Gill,CAK Rajitha,0,0,,,,,,,,,
1384424,2023/24,2023-11-02,"Wankhede Stadium, Mumbai",1,17.6,India,Sri Lanka,V Kohli,Shubman Gill,CAK Rajitha,0,0,,,,,,,,,
1384424,2023/24,2023-11-02,"Wankhede Stadium, Mumbai",1,18.1,India,Sri Lanka,Shubman Gill,V Kohli,MADI Hemantha,0,0,,,,,,,,,
1384424,2023/24,2023-11-02,"Wankhede Stadium, Mumbai",1,18.2,India,Sri Lanka,Shubman Gill,V Kohli,MADI Hemantha,0,0,,,,,,,,,
1384424,2023/24,2023-11-02,"Wankhede Stadium, Mumbai",1,18.3,India,Sri Lanka,Shubman Gill,V Kohli,MADI Hemantha,4,0,,,,,,,,,
1384424,2023/24,2023-11-02,"Wankhede Stadium, Mumbai",1,18.4,India,Sri Lanka,Shubman Gill,V Kohli,MADI Hemantha,1,0,,,,,,,,,
1384424,2023/24,2023-11-02,"Wankhede Stadium, Mumbai",1,18.5,India,Sri Lanka,V Kohli,Shubman Gill,MADI Hemantha,0,0,,,,,,,,,
1384424,2023/24,2023-11-02,"Wankhede Stadium, Mumbai",1,18.6,India,Sri Lanka,V Kohli,Shubman Gill,MADI Hemantha,1,0,,,,,,,,,
1384424,2023/24,2023-11-02,"Wankhede Stadium, Mumbai",1,19.1,India,Sri Lanka,V Kohli,Shubman Gill,CAK Rajitha,1,0,,,,,,,,,
1384424,2023/24,2023-11-02,"Wankhede Stadium, Mumbai",1,19.2,India,Sri Lanka,Shubman Gill,V Kohli,CAK Rajitha,0,0,,,,,,,,,
1384424,2023/24,2023-11-02,"Wankhede Stadium, Mumbai",1,19.3,India,Sri Lanka,Shubman Gill,V Kohli,CAK Rajitha,0,0,,,,,,,,,
1384424,2023/24,2023-11-02,"Wankhede Stadium, Mumbai",1,19.4,India,Sri Lanka,Shubman Gill,V Kohli,CAK Rajitha,0,0,,,,,,,,,
1384424,2023/24,2023-11-02,"Wankhede Stadium, Mumbai",1,19.5,India,Sri Lanka,Shubman Gill,V Kohli,CAK Rajitha,0,0,,,,,,,,,
1384424,2023/24,2023-11-02,"Wankhede Stadium, Mumbai",1,19.6,India,Sri Lanka,Shubman Gill,V Kohli,CAK Rajitha,0,0,,,,,,,,,
1384424,2023/24,2023-11-02,"Wankhede Stadium, Mumbai",1,20.1,India,Sri Lanka,V Kohli,Shubman Gill,MADI Hemantha,1,0,,,,,,,,,
1384424,2023/24,2023-11-02,"Wankhede Stadium, Mumbai",1,20.2,India,Sri Lanka,Shubman Gill,V Kohli,MADI Hemantha,0,0,,,,,,,,,
1384424,2023/24,2023-11-02,"Wankhede Stadium, Mumbai",1,20.3,India,Sri Lanka,Shubman Gill,V Kohli,MADI Hemantha,1,0,,,,,,,,,
1384424,2023/24,2023-11-02,"Wankhede Stadium, Mumbai",1,20.4,India,Sri Lanka,V Kohli,Shubman Gill,MADI Hemantha,1,0,,,,,,,,,
1384424,2023/24,2023-11-02,"Wankhede Stadium, Mumbai",1,20.5,India,Sri Lanka,Shubman Gill,V Kohli,MADI Hemantha,1,0,,,,,,,,,
1384424,2023/24,2023-11-02,"Wankhede Stadium, Mumbai",1,20.6,India,Sri Lanka,V Kohli,Shubman Gill,MADI Hemantha,2,0,,,,,,,,,
1384424,2023/24,2023-11-02,"Wankhede Stadium, Mumbai",1,21.1,India,Sri Lanka,Shubman Gill,V Kohli,CAK Rajitha,0,0,,,,,,,,,
1384424,2023/24,2023-11-02,"Wankhede Stadium, Mumbai",1,21.2,India,Sri Lanka,Shubman Gill,V Kohli,CAK Rajitha,0,0,,,,,,,,,
1384424,2023/24,2023-11-02,"Wankhede Stadium, Mumbai",1,21.3,India,Sri Lanka,Shubman Gill,V Kohli,CAK Rajitha,1,0,,,,,,,,,
1384424,2023/24,2023-11-02,"Wankhede Stadium, Mumbai",1,21.4,India,Sri Lanka,V Kohli,Shubman Gill,CAK Rajitha,4,0,,,,,,,,,
1384424,2023/24,2023-11-02,"Wankhede Stadium, Mumbai",1,21.5,India,Sri Lanka,V Kohli,Shubman Gill,CAK Rajitha,0,0,,,,,,,,,
1384424,2023/24,2023-11-02,"Wankhede Stadium, Mumbai",1,21.6,India,Sri Lanka,V Kohli,Shubman Gill,CAK Rajitha,1,0,,,,,,,,,
1384424,2023/24,2023-11-02,"Wankhede Stadium, Mumbai",1,22.1,India,Sri Lanka,V Kohli,Shubman Gill,M Theekshana,1,0,,,,,,,,,
1384424,2023/24,2023-11-02,"Wankhede Stadium, Mumbai",1,22.2,India,Sri Lanka,Shubman Gill,V Kohli,M Theekshana,1,0,,,,,,,,,
1384424,2023/24,2023-11-02,"Wankhede Stadium, Mumbai",1,22.3,India,Sri Lanka,V Kohli,Shubman Gill,M Theekshana,0,0,,,,,,,,,
1384424,2023/24,2023-11-02,"Wankhede Stadium, Mumbai",1,22.4,India,Sri Lanka,V Kohli,Shubman Gill,M Theekshana,1,0,,,,,,,,,
1384424,2023/24,2023-11-02,"Wankhede Stadium, Mumbai",1,22.5,India,Sri Lanka,Shubman Gill,V Kohli,M Theekshana,0,0,,,,,,,,,
1384424,2023/24,2023-11-02,"Wankhede Stadium, Mumbai",1,22.6,India,Sri Lanka,Shubman Gill,V Kohli,M Theekshana,1,0,,,,,,,,,
1384424,2023/24,2023-11-02,"Wankhede Stadium, Mumbai",1,23.1,India,Sri Lanka,Shubman Gill,V Kohli,PVD Chameera,1,0,,,,,,,,,
1384424,2023/24,2023-11-02,"Wankhede Stadium, Mumbai",1,23.2,India,Sri Lanka,V Kohli,Shubman Gill,PVD Chameera,0,0,,,,,,,,,
1384424,2023/24,2023-11-02,"Wankhede Stadium, Mumbai",1,23.3,India,Sri Lanka,V Kohli,Shubman Gill,PVD Chameera,0,0,,,,,,,,,
1384424,2023/24,2023-11-02,"Wankhede Stadium, Mumbai",1,23.4,India,Sri Lanka,V Kohli,Shubman Gill,PVD Chameera,1,0,,,,,,,,,
1384424,2023/24,2023-11-02,"Wankhede Stadium, Mumbai",1,23.5,India,Sri Lanka,Shubman Gill,V Kohli,PVD Chameera,1,0,,,,,,,,,
1384424,2023/24,2023-11-02,"Wankhede Stadium, Mumbai",1,23.6,India,Sri Lanka,V Kohli,Shubman Gill,PVD Chameera,1,0,,,,,,,,,
1384424,2023/24,2023-11-02,"Wankhede Stadium, Mumbai",1,24.1,India,Sri Lanka,V Kohli,Shubman Gill,M Theekshana,1,0,,,,,,,,,
1384424,2023/24,2023-11-02,"Wankhede Stadium, Mumbai",1,24.2,India,Sri Lanka,Shubman Gill,V Kohli,M Theekshana,1,0,,,,,,,,,
1384424,2023/24,2023-11-02,"Wankhede Stadium, Mumbai",1,24.3,India,Sri Lanka,V Kohli,Shubman Gill,M Theekshana,4,0,,,,,,,,,
1384424,2023/24,2023-11-02,"Wankhede Stadium, Mumbai",1,24.4,India,Sri Lanka,V Kohli,Shubman Gill,M Theekshana,1,0,,,,,,,,,
1384424,2023/24,2023-11-02,"Wankhede Stadium, Mumbai",1,24.5,India,Sri Lanka,Shubman Gill,V Kohli,M Theekshana,4,0,,,,,,,,,
1384424,2023/24,2023-11-02,"Wankhede Stadium, Mumbai",1,24.6,India,Sri Lanka,Shubman Gill,V Kohli,M Theekshana,0,0,,,,,,,,,
1384424,2023/24,2023-11-02,"Wankhede Stadium, Mumbai",1,25.1,India,Sri Lanka,V Kohli,Shubman Gill,PVD Chameera,4,0,,,,,,,,,
1384424,2023/24,2023-11-02,"Wankhede Stadium, Mumbai",1,25.2,India,Sri Lanka,V Kohli,Shubman Gill,PVD Chameera,1,0,,,,,,,,,
1384424,2023/24,2023-11-02,"Wankhede Stadium, Mumbai",1,25.3,India,Sri Lanka,Shubman Gill,V Kohli,PVD Chameera,1,0,,,,,,,,,
1384424,2023/24,2023-11-02,"Wankhede Stadium, Mumbai",1,25.4,India,Sri Lanka,V Kohli,Shubman Gill,PVD Chameera,3,0,,,,,,,,,
1384424,2023/24,2023-11-02,"Wankhede Stadium, Mumbai",1,25.5,India,Sri Lanka,Shubman Gill,V Kohli,PVD Chameera,1,0,,,,,,,,,
1384424,2023/24,2023-11-02,"Wankhede Stadium, Mumbai",1,25.6,India,Sri Lanka,V Kohli,Shubman Gill,PVD Chameera,1,0,,,,,,,,,
1384424,2023/24,2023-11-02,"Wankhede Stadium, Mumbai",1,26.1,India,Sri Lanka,V Kohli,Shubman Gill,M Theekshana,0,0,,,,,,,,,
1384424,2023/24,2023-11-02,"Wankhede Stadium, Mumbai",1,26.2,India,Sri Lanka,V Kohli,Shubman Gill,M Theekshana,0,0,,,,,,,,,
1384424,2023/24,2023-11-02,"Wankhede Stadium, Mumbai",1,26.3,India,Sri Lanka,V Kohli,Shubman Gill,M Theekshana,1,0,,,,,,,,,
1384424,2023/24,2023-11-02,"Wankhede Stadium, Mumbai",1,26.4,India,Sri Lanka,Shubman Gill,V Kohli,M Theekshana,0,0,,,,,,,,,
1384424,2023/24,2023-11-02,"Wankhede Stadium, Mumbai",1,26.5,India,Sri Lanka,Shubman Gill,V Kohli,M Theekshana,1,0,,,,,,,,,
1384424,2023/24,2023-11-02,"Wankhede Stadium, Mumbai",1,26.6,India,Sri Lanka,V Kohli,Shubman Gill,M Theekshana,0,0,,,,,,,,,
1384424,2023/24,2023-11-02,"Wankhede Stadium, Mumbai",1,27.1,India,Sri Lanka,Shubman Gill,V Kohli,PVD Chameera,0,0,,,,,,,,,
1384424,2023/24,2023-11-02,"Wankhede Stadium, Mumbai",1,27.2,India,Sri Lanka,Shubman Gill,V Kohli,PVD Chameera,0,0,,,,,,,,,
1384424,2023/24,2023-11-02,"Wankhede Stadium, Mumbai",1,27.3,India,Sri Lanka,Shubman Gill,V Kohli,PVD Chameera,0,0,,,,,,,,,
1384424,2023/24,2023-11-02,"Wankhede Stadium, Mumbai",1,27.4,India,Sri Lanka,Shubman Gill,V Kohli,PVD Chameera,6,0,,,,,,,,,
1384424,2023/24,2023-11-02,"Wankhede Stadium, Mumbai",1,27.5,India,Sri Lanka,Shubman Gill,V Kohli,PVD Chameera,1,0,,,,,,,,,
1384424,2023/24,2023-11-02,"Wankhede Stadium, Mumbai",1,27.6,India,Sri Lanka,V Kohli,Shubman Gill,PVD Chameera,1,0,,,,,,,,,
1384424,2023/24,2023-11-02,"Wankhede Stadium, Mumbai",1,28.1,India,Sri Lanka,V Kohli,Shubman Gill,MADI Hemantha,1,0,,,,,,,,,
1384424,2023/24,2023-11-02,"Wankhede Stadium, Mumbai",1,28.2,India,Sri Lanka,Shubman Gill,V Kohli,MADI Hemantha,6,0,,,,,,,,,
1384424,2023/24,2023-11-02,"Wankhede Stadium, Mumbai",1,28.3,India,Sri Lanka,Shubman Gill,V Kohli,MADI Hemantha,0,0,,,,,,,,,
1384424,2023/24,2023-11-02,"Wankhede Stadium, Mumbai",1,28.4,India,Sri Lanka,Shubman Gill,V Kohli,MADI Hemantha,1,0,,,,,,,,,
1384424,2023/24,2023-11-02,"Wankhede Stadium, Mumbai",1,28.5,India,Sri Lanka,V Kohli,Shubman Gill,MADI Hemantha,1,0,,,,,,,,,
1384424,2023/24,2023-11-02,"Wankhede Stadium, Mumbai",1,28.6,India,Sri Lanka,Shubman Gill,V Kohli,MADI Hemantha,4,0,,,,,,,,,
1384424,2023/24,2023-11-02,"Wankhede Stadium, Mumbai",1,29.1,India,Sri Lanka,V Kohli,Shubman Gill,D Madushanka,0,0,,,,,,,,,
1384424,2023/24,2023-11-02,"Wankhede Stadium, Mumbai",1,29.2,India,Sri Lanka,V Kohli,Shubman Gill,D Madushanka,0,1,1,,,,,,,,
1384424,2023/24,2023-11-02,"Wankhede Stadium, Mumbai",1,29.3,India,Sri Lanka,V Kohli,Shubman Gill,D Madushanka,1,0,,,,,,,,,
1384424,2023/24,2023-11-02,"Wankhede Stadium, Mumbai",1,29.4,India,Sri Lanka,Shubman Gill,V Kohli,D Madushanka,0,0,,,,,,,,,
1384424,2023/24,2023-11-02,"Wankhede Stadium, Mumbai",1,29.5,India,Sri Lanka,Shubman Gill,V Kohli,D Madushanka,4,0,,,,,,,,,
1384424,2023/24,2023-11-02,"Wankhede Stadium, Mumbai",1,29.6,India,Sri Lanka,Shubman Gill,V Kohli,D Madushanka,2,0,,,,,,,,,
1384424,2023/24,2023-11-02,"Wankhede Stadium, Mumbai",1,29.7,India,Sri Lanka,Shubman Gill,V Kohli,D Madushanka,0,0,,,,,,caught,Shubman Gill,,
1384424,2023/24,2023-11-02,"Wankhede Stadium, Mumbai",1,30.1,India,Sri Lanka,V Kohli,SS Iyer,MADI Hemantha,0,0,,,,,,,,,
1384424,2023/24,2023-11-02,"Wankhede Stadium, Mumbai",1,30.2,India,Sri Lanka,V Kohli,SS Iyer,MADI Hemantha,0,0,,,,,,,,,
1384424,2023/24,2023-11-02,"Wankhede Stadium, Mumbai",1,30.3,India,Sri Lanka,V Kohli,SS Iyer,MADI Hemantha,1,0,,,,,,,,,
1384424,2023/24,2023-11-02,"Wankhede Stadium, Mumbai",1,30.4,India,Sri Lanka,SS Iyer,V Kohli,MADI Hemantha,1,0,,,,,,,,,
1384424,2023/24,2023-11-02,"Wankhede Stadium, Mumbai",1,30.5,India,Sri Lanka,V Kohli,SS Iyer,MADI Hemantha,0,0,,,,,,,,,
1384424,2023/24,2023-11-02,"Wankhede Stadium, Mumbai",1,30.6,India,Sri Lanka,V Kohli,SS Iyer,MADI Hemantha,0,0,,,,,,,,,
1384424,2023/24,2023-11-02,"Wankhede Stadium, Mumbai",1,31.1,India,Sri Lanka,SS Iyer,V Kohli,D Madushanka,1,0,,,,,,,,,
1384424,2023/24,2023-11-02,"Wankhede Stadium, Mumbai",1,31.2,India,Sri Lanka,V Kohli,SS Iyer,D Madushanka,0,0,,,,,,,,,
1384424,2023/24,2023-11-02,"Wankhede Stadium, Mumbai",1,31.3,India,Sri Lanka,V Kohli,SS Iyer,D Madushanka,0,0,,,,,,caught,V Kohli,,
1384424,2023/24,2023-11-02,"Wankhede Stadium, Mumbai",1,31.4,India,Sri Lanka,KL Rahul,SS Iyer,D Madushanka,1,0,,,,,,,,,
1384424,2023/24,2023-11-02,"Wankhede Stadium, Mumbai",1,31.5,India,Sri Lanka,SS Iyer,KL Rahul,D Madushanka,0,1,1,,,,,,,,
1384424,2023/24,2023-11-02,"Wankhede Stadium, Mumbai",1,31.6,India,Sri Lanka,SS Iyer,KL Rahul,D Madushanka,1,0,,,,,,,,,
1384424,2023/24,2023-11-02,"Wankhede Stadium, Mumbai",1,31.7,India,Sri Lanka,KL Rahul,SS Iyer,D Madushanka,0,0,,,,,,,,,
1384424,2023/24,2023-11-02,"Wankhede Stadium, Mumbai",1,32.1,India,Sri Lanka,SS Iyer,KL Rahul,MADI Hemantha,0,0,,,,,,,,,
1384424,2023/24,2023-11-02,"Wankhede Stadium, Mumbai",1,32.2,India,Sri Lanka,SS Iyer,KL Rahul,MADI Hemantha,0,0,,,,,,,,,
1384424,2023/24,2023-11-02,"Wankhede Stadium, Mumbai",1,32.3,India,Sri Lanka,SS Iyer,KL Rahul,MADI Hemantha,0,0,,,,,,,,,
1384424,2023/24,2023-11-02,"Wankhede Stadium, Mumbai",1,32.4,India,Sri Lanka,SS Iyer,KL Rahul,MADI Hemantha,0,0,,,,,,,,,
1384424,2023/24,2023-11-02,"Wankhede Stadium, Mumbai",1,32.5,India,Sri Lanka,SS Iyer,KL Rahul,MADI Hemantha,1,0,,,,,,,,,
1384424,2023/24,2023-11-02,"Wankhede Stadium, Mumbai",1,32.6,India,Sri Lanka,KL Rahul,SS Iyer,MADI Hemantha,1,0,,,,,,,,,
1384424,2023/24,2023-11-02,"Wankhede Stadium, Mumbai",1,33.1,India,Sri Lanka,KL Rahul,SS Iyer,CAK Rajitha,4,0,,,,,,,,,
1384424,2023/24,2023-11-02,"Wankhede Stadium, Mumbai",1,33.2,India,Sri Lanka,KL Rahul,SS Iyer,CAK Rajitha,1,0,,,,,,,,,
1384424,2023/24,2023-11-02,"Wankhede Stadium, Mumbai",1,33.3,India,Sri Lanka,SS Iyer,KL Rahul,CAK Rajitha,0,0,,,,,,,,,
1384424,2023/24,2023-11-02,"Wankhede Stadium, Mumbai",1,33.4,India,Sri Lanka,SS Iyer,KL Rahul,CAK Rajitha,0,0,,,,,,,,,
1384424,2023/24,2023-11-02,"Wankhede Stadium, Mumbai",1,33.5,India,Sri Lanka,SS Iyer,KL Rahul,CAK Rajitha,6,0,,,,,,,,,
1384424,2023/24,2023-11-02,"Wankhede Stadium, Mumbai",1,33.6,India,Sri Lanka,SS Iyer,KL Rahul,CAK Rajitha,2,0,,,,,,,,,
1384424,2023/24,2023-11-02,"Wankhede Stadium, Mumbai",1,34.1,India,Sri Lanka,KL Rahul,SS Iyer,MADI Hemantha,1,0,,,,,,,,,
1384424,2023/24,2023-11-02,"Wankhede Stadium, Mumbai",1,34.2,India,Sri Lanka,SS Iyer,KL Rahul,MADI Hemantha,1,0,,,,,,,,,
1384424,2023/24,2023-11-02,"Wankhede Stadium, Mumbai",1,34.3,India,Sri Lanka,KL Rahul,SS Iyer,MADI Hemantha,1,0,,,,,,,,,
1384424,2023/24,2023-11-02,"Wankhede Stadium, Mumbai",1,34.4,India,Sri Lanka,SS Iyer,KL Rahul,MADI Hemantha,1,0,,,,,,,,,
1384424,2023/24,2023-11-02,"Wankhede Stadium, Mumbai",1,34.5,India,Sri Lanka,KL Rahul,SS Iyer,MADI Hemantha,1,0,,,,,,,,,
1384424,2023/24,2023-11-02,"Wankhede Stadium, Mumbai",1,34.6,India,Sri Lanka,SS Iyer,KL Rahul,MADI Hemantha,6,0,,,,,,,,,
1384424,2023/24,2023-11-02,"Wankhede Stadium, Mumbai",1,35.1,India,Sri Lanka,KL Rahul,SS Iyer,CAK Rajitha,4,0,,,,,,,,,
1384424,2023/24,2023-11-02,"Wankhede Stadium, Mumbai",1,35.2,India,Sri Lanka,KL Rahul,SS Iyer,CAK Rajitha,0,0,,,,,,,,,
1384424,2023/24,2023-11-02,"Wankhede Stadium, Mumbai",1,35.3,India,Sri Lanka,KL Rahul,SS Iyer,CAK Rajitha,1,0,,,,,,,,,
1384424,2023/24,2023-11-02,"Wankhede Stadium, Mumbai",1,35.4,India,Sri Lanka,SS Iyer,KL Rahul,CAK Rajitha,6,0,,,,,,,,,
1384424,2023/24,2023-11-02,"Wankhede Stadium, Mumbai",1,35.5,India,Sri Lanka,SS Iyer,KL Rahul,CAK Rajitha,1,0,,,,,,,,,
1384424,2023/24,2023-11-02,"Wankhede Stadium, Mumbai",1,35.6,India,Sri Lanka,KL Rahul,SS Iyer,CAK Rajitha,0,1,1,,,,,,,,
1384424,2023/24,2023-11-02,"Wankhede Stadium, Mumbai",1,35.7,India,Sri Lanka,KL Rahul,SS Iyer,CAK Rajitha,1,0,,,,,,,,,
1384424,2023/24,2023-11-02,"Wankhede Stadium, Mumbai",1,36.1,India,Sri Lanka,KL Rahul,SS Iyer,M Theekshana,1,0,,,,,,,,,
1384424,2023/24,2023-11-02,"Wankhede Stadium, Mumbai",1,36.2,India,Sri Lanka,SS Iyer,KL Rahul,M Theekshana,0,0,,,,,,,,,
1384424,2023/24,2023-11-02,"Wankhede Stadium, Mumbai",1,36.3,India,Sri Lanka,SS Iyer,KL Rahul,M Theekshana,0,0,,,,,,,,,
1384424,2023/24,2023-11-02,"Wankhede Stadium, Mumbai",1,36.4,India,Sri Lanka,SS Iyer,KL Rahul,M Theekshana,0,0,,,,,,,,,
1384424,2023/24,2023-11-02,"Wankhede Stadium, Mumbai",1,36.5,India,Sri Lanka,SS Iyer,KL Rahul,M Theekshana,0,0,,,,,,,,,
1384424,2023/24,2023-11-02,"Wankhede Stadium, Mumbai",1,36.6,India,Sri Lanka,SS Iyer,KL Rahul,M Theekshana,0,0,,,,,,,,,
1384424,2023/24,2023-11-02,"Wankhede Stadium, Mumbai",1,37.1,India,Sri Lanka,KL Rahul,SS Iyer,PVD Chameera,1,0,,,,,,,,,
1384424,2023/24,2023-11-02,"Wankhede Stadium, Mumbai",1,37.2,India,Sri Lanka,SS Iyer,KL Rahul,PVD Chameera,4,0,,,,,,,,,
1384424,2023/24,2023-11-02,"Wankhede Stadium, Mumbai",1,37.3,India,Sri Lanka,SS Iyer,KL Rahul,PVD Chameera,1,0,,,,,,,,,
1384424,2023/24,2023-11-02,"Wankhede Stadium, Mumbai",1,37.4,India,Sri Lanka,KL Rahul,SS Iyer,PVD Chameera,0,0,,,,,,,,,
1384424,2023/24,2023-11-02,"Wankhede Stadium, Mumbai",1,37.5,India,Sri Lanka,KL Rahul,SS Iyer,PVD Chameera,1,0,,,,,,,,,
1384424,2023/24,2023-11-02,"Wankhede Stadium, Mumbai",1,37.6,India,Sri Lanka,SS Iyer,KL Rahul,PVD Chameera,0,1,,,1,,,,,,
1384424,2023/24,2023-11-02,"Wankhede Stadium, Mumbai",1,38.1,India,Sri Lanka,SS Iyer,KL Rahul,M Theekshana,1,0,,,,,,,,,
1384424,2023/24,2023-11-02,"Wankhede Stadium, Mumbai",1,38.2,India,Sri Lanka,KL Rahul,SS Iyer,M Theekshana,1,0,,,,,,,,,
1384424,2023/24,2023-11-02,"Wankhede Stadium, Mumbai",1,38.3,India,Sri Lanka,SS Iyer,KL Rahul,M Theekshana,1,0,,,,,,,,,
1384424,2023/24,2023-11-02,"Wankhede Stadium, Mumbai",1,38.4,India,Sri Lanka,KL Rahul,SS Iyer,M Theekshana,1,0,,,,,,,,,
1384424,2023/24,2023-11-02,"Wankhede Stadium, Mumbai",1,38.5,India,Sri Lanka,SS Iyer,KL Rahul,M Theekshana,2,0,,,,,,,,,
1384424,2023/24,2023-11-02,"Wankhede Stadium, Mumbai",1,38.6,India,Sri Lanka,SS Iyer,KL Rahul,M Theekshana,1,0,,,,,,,,,
1384424,2023/24,2023-11-02,"Wankhede Stadium, Mumbai",1,39.1,India,Sri Lanka,SS Iyer,KL Rahul,PVD Chameera,1,0,,,,,,,,,
1384424,2023/24,2023-11-02,"Wankhede Stadium, Mumbai",1,39.2,India,Sri Lanka,KL Rahul,SS Iyer,PVD Chameera,0,0,,,,,,caught,KL Rahul,,
1384424,2023/24,2023-11-02,"Wankhede Stadium, Mumbai",1,39.3,India,Sri Lanka,SA Yadav,SS Iyer,PVD Chameera,0,0,,,,,,,,,
1384424,2023/24,2023-11-02,"Wankhede Stadium, Mumbai",1,39.4,India,Sri Lanka,SA Yadav,SS Iyer,PVD Chameera,4,0,,,,,,,,,
1384424,2023/24,2023-11-02,"Wankhede Stadium, Mumbai",1,39.5,India,Sri Lanka,SA Yadav,SS Iyer,PVD Chameera,0,0,,,,,,,,,
1384424,2023/24,2023-11-02,"Wankhede Stadium, Mumbai",1,39.6,India,Sri Lanka,SA Yadav,SS Iyer,PVD Chameera,4,0,,,,,,,,,
1384424,2023/24,2023-11-02,"Wankhede Stadium, Mumbai",1,40.1,India,Sri Lanka,SS Iyer,SA Yadav,M Theekshana,1,0,,,,,,,,,
1384424,2023/24,2023-11-02,"Wankhede Stadium, Mumbai",1,40.2,India,Sri Lanka,SA Yadav,SS Iyer,M Theekshana,2,0,,,,,,,,,
1384424,2023/24,2023-11-02,"Wankhede Stadium, Mumbai",1,40.3,India,Sri Lanka,SA Yadav,SS Iyer,M Theekshana,0,0,,,,,,,,,
1384424,2023/24,2023-11-02,"Wankhede Stadium, Mumbai",1,40.4,India,Sri Lanka,SA Yadav,SS Iyer,M Theekshana,1,0,,,,,,,,,
1384424,2023/24,2023-11-02,"Wankhede Stadium, Mumbai",1,40.5,India,Sri Lanka,SS Iyer,SA Yadav,M Theekshana,6,0,,,,,,,,,
1384424,2023/24,2023-11-02,"Wankhede Stadium, Mumbai",1,40.6,India,Sri Lanka,SS Iyer,SA Yadav,M Theekshana,0,0,,,,,,,,,
1384424,2023/24,2023-11-02,"Wankhede Stadium, Mumbai",1,41.1,India,Sri Lanka,SA Yadav,SS Iyer,D Madushanka,1,0,,,,,,,,,
1384424,2023/24,2023-11-02,"Wankhede Stadium, Mumbai",1,41.2,India,Sri Lanka,SS Iyer,SA Yadav,D Madushanka,1,0,,,,,,,,,
1384424,2023/24,2023-11-02,"Wankhede Stadium, Mumbai",1,41.3,India,Sri Lanka,SA Yadav,SS Iyer,D Madushanka,0,0,,,,,,caught,SA Yadav,,
1384424,2023/24,2023-11-02,"Wankhede Stadium, Mumbai",1,41.4,India,Sri Lanka,RA Jadeja,SS Iyer,D Madushanka,2,0,,,,,,,,,
1384424,2023/24,2023-11-02,"Wankhede Stadium, Mumbai",1,41.5,India,Sri Lanka,RA Jadeja,SS Iyer,D Madushanka,0,0,,,,,,,,,
1384424,2023/24,2023-11-02,"Wankhede Stadium, Mumbai",1,41.6,India,Sri Lanka,RA Jadeja,SS Iyer,D Madushanka,1,0,,,,,,,,,
1384424,2023/24,2023-11-02,"Wankhede Stadium, Mumbai",1,42.1,India,Sri Lanka,RA Jadeja,SS Iyer,M Theekshana,1,0,,,,,,,,,
1384424,2023/24,2023-11-02,"Wankhede Stadium, Mumbai",1,42.2,India,Sri Lanka,SS Iyer,RA Jadeja,M Theekshana,2,0,,,,,,,,,
1384424,2023/24,2023-11-02,"Wankhede Stadium, Mumbai",1,42.3,India,Sri Lanka,SS Iyer,RA Jadeja,M Theekshana,4,0,,,,,,,,,
1384424,2023/24,2023-11-02,"Wankhede Stadium, Mumbai",1,42.4,India,Sri Lanka,SS Iyer,RA Jadeja,M Theekshana,0,0,,,,,,,,,
1384424,2023/24,2023-11-02,"Wankhede Stadium, Mumbai",1,42.5,India,Sri Lanka,SS Iyer,RA Jadeja,M Theekshana,1,0,,,,,,,,,
1384424,2023/24,2023-11-02,"Wankhede Stadium, Mumbai",1,42.6,India,Sri Lanka,RA Jadeja,SS Iyer,M Theekshana,1,0,,,,,,,,,
1384424,2023/24,2023-11-02,"Wankhede Stadium, Mumbai",1,43.1,India,Sri Lanka,RA Jadeja,SS Iyer,D Madushanka,1,0,,,,,,,,,
1384424,2023/24,2023-11-02,"Wankhede Stadium, Mumbai",1,43.2,India,Sri Lanka,SS Iyer,RA Jadeja,D Madushanka,1,0,,,,,,,,,
1384424,2023/24,2023-11-02,"Wankhede Stadium, Mumbai",1,43.3,India,Sri Lanka,RA Jadeja,SS Iyer,D Madushanka,0,1,1,,,,,,,,
1384424,2023/24,2023-11-02,"Wankhede Stadium, Mumbai",1,43.4,India,Sri Lanka,RA Jadeja,SS Iyer,D Madushanka,1,0,,,,,,,,,
1384424,2023/24,2023-11-02,"Wankhede Stadium, Mumbai",1,43.5,India,Sri Lanka,SS Iyer,RA Jadeja,D Madushanka,1,0,,,,,,,,,
1384424,2023/24,2023-11-02,"Wankhede Stadium, Mumbai",1,43.6,India,Sri Lanka,RA Jadeja,SS Iyer,D Madushanka,1,0,,,,,,,,,
1384424,2023/24,2023-11-02,"Wankhede Stadium, Mumbai",1,43.7,India,Sri Lanka,SS Iyer,RA Jadeja,D Madushanka,1,0,,,,,,,,,
1384424,2023/24,2023-11-02,"Wankhede Stadium, Mumbai",1,44.1,India,Sri Lanka,SS Iyer,RA Jadeja,M Theekshana,1,0,,,,,,,,,
1384424,2023/24,2023-11-02,"Wankhede Stadium, Mumbai",1,44.2,India,Sri Lanka,RA Jadeja,SS Iyer,M Theekshana,1,0,,,,,,,,,
1384424,2023/24,2023-11-02,"Wankhede Stadium, Mumbai",1,44.3,India,Sri Lanka,SS Iyer,RA Jadeja,M Theekshana,1,0,,,,,,,,,
1384424,2023/24,2023-11-02,"Wankhede Stadium, Mumbai",1,44.4,India,Sri Lanka,RA Jadeja,SS Iyer,M Theekshana,1,0,,,,,,,,,
1384424,2023/24,2023-11-02,"Wankhede Stadium, Mumbai",1,44.5,India,Sri Lanka,SS Iyer,RA Jadeja,M Theekshana,0,4,,,4,,,,,,
1384424,2023/24,2023-11-02,"Wankhede Stadium, Mumbai",1,44.6,India,Sri Lanka,SS Iyer,RA Jadeja,M Theekshana,1,0,,,,,,,,,
1384424,2023/24,2023-11-02,"Wankhede Stadium, Mumbai",1,45.1,India,Sri Lanka,SS Iyer,RA Jadeja,CAK Rajitha,1,0,,,,,,,,,
1384424,2023/24,2023-11-02,"Wankhede Stadium, Mumbai",1,45.2,India,Sri Lanka,RA Jadeja,SS Iyer,CAK Rajitha,1,0,,,,,,,,,
1384424,2023/24,2023-11-02,"Wankhede Stadium, Mumbai",1,45.3,India,Sri Lanka,SS Iyer,RA Jadeja,CAK Rajitha,1,0,,,,,,,,,
1384424,2023/24,2023-11-02,"Wankhede Stadium, Mumbai",1,45.4,India,Sri Lanka,RA Jadeja,SS Iyer,CAK Rajitha,0,0,,,,,,,,,
1384424,2023/24,2023-11-02,"Wankhede Stadium, Mumbai",1,45.5,India,Sri Lanka,RA Jadeja,SS Iyer,CAK Rajitha,1,0,,,,,,,,,
1384424,2023/24,2023-11-02,"Wankhede Stadium, Mumbai",1,45.6,India,Sri Lanka,SS Iyer,RA Jadeja,CAK Rajitha,0,1,,,,1,,,,,
1384424,2023/24,2023-11-02,"Wankhede Stadium, Mumbai",1,46.1,India,Sri Lanka,SS Iyer,RA Jadeja,PVD Chameera,2,0,,,,,,,,,
1384424,2023/24,2023-11-02,"Wankhede Stadium, Mumbai",1,46.2,India,Sri Lanka,SS Iyer,RA Jadeja,PVD Chameera,4,0,,,,,,,,,
1384424,2023/24,2023-11-02,"Wankhede Stadium, Mumbai",1,46.3,India,Sri Lanka,SS Iyer,RA Jadeja,PVD Chameera,0,0,,,,,,,,,
1384424,2023/24,2023-11-02,"Wankhede Stadium, Mumbai",1,46.4,India,Sri Lanka,SS Iyer,RA Jadeja,PVD Chameera,2,0,,,,,,,,,
1384424,2023/24,2023-11-02,"Wankhede Stadium, Mumbai",1,46.5,India,Sri Lanka,SS Iyer,RA Jadeja,PVD Chameera,1,0,,,,,,,,,
1384424,2023/24,2023-11-02,"Wankhede Stadium, Mumbai",1,46.6,India,Sri Lanka,RA Jadeja,SS Iyer,PVD Chameera,2,0,,,,,,,,,
1384424,2023/24,2023-11-02,"Wankhede Stadium, Mumbai",1,47.1,India,Sri Lanka,SS Iyer,RA Jadeja,D Madushanka,6,0,,,,,,,,,
1384424,2023/24,2023-11-02,"Wankhede Stadium, Mumbai",1,47.2,India,Sri Lanka,SS Iyer,RA Jadeja,D Madushanka,6,0,,,,,,,,,
1384424,2023/24,2023-11-02,"Wankhede Stadium, Mumbai",1,47.3,India,Sri Lanka,SS Iyer,RA Jadeja,D Madushanka,0,1,1,,,,,,,,
1384424,2023/24,2023-11-02,"Wankhede Stadium, Mumbai",1,47.4,India,Sri Lanka,SS Iyer,RA Jadeja,D Madushanka,0,0,,,,,,caught,SS Iyer,,
1384424,2023/24,2023-11-02,"Wankhede Stadium, Mumbai",1,47.5,India,Sri Lanka,Mohammed Shami,RA Jadeja,D Madushanka,1,0,,,,,,,,,
1384424,2023/24,2023-11-02,"Wankhede Stadium, Mumbai",1,47.6,India,Sri Lanka,RA Jadeja,Mohammed Shami,D Madushanka,2,0,,,,,,,,,
1384424,2023/24,2023-11-02,"Wankhede Stadium, Mumbai",1,47.7,India,Sri Lanka,RA Jadeja,Mohammed Shami,D Madushanka,3,0,,,,,,,,,
1384424,2023/24,2023-11-02,"Wankhede Stadium, Mumbai",1,48.1,India,Sri Lanka,RA Jadeja,Mohammed Shami,PVD Chameera,4,0,,,,,,,,,
1384424,2023/24,2023-11-02,"Wankhede Stadium, Mumbai",1,48.2,India,Sri Lanka,RA Jadeja,Mohammed Shami,PVD Chameera,1,0,,,,,,,,,
1384424,2023/24,2023-11-02,"Wankhede Stadium, Mumbai",1,48.3,India,Sri Lanka,Mohammed Shami,RA Jadeja,PVD Chameera,1,0,,,,,,,,,
1384424,2023/24,2023-11-02,"Wankhede Stadium, Mumbai",1,48.4,India,Sri Lanka,RA Jadeja,Mohammed Shami,PVD Chameera,6,0,,,,,,,,,
1384424,2023/24,2023-11-02,"Wankhede Stadium, Mumbai",1,48.5,India,Sri Lanka,RA Jadeja,Mohammed Shami,PVD Chameera,1,0,,,,,,,,,
1384424,2023/24,2023-11-02,"Wankhede Stadium, Mumbai",1,48.6,India,Sri Lanka,Mohammed Shami,RA Jadeja,PVD Chameera,0,0,,,,,,,,,
1384424,2023/24,2023-11-02,"Wankhede Stadium, Mumbai",1,49.1,India,Sri Lanka,RA Jadeja,Mohammed Shami,CAK Rajitha,2,0,,,,,,,,,
1384424,2023/24,2023-11-02,"Wankhede Stadium, Mumbai",1,49.2,India,Sri Lanka,RA Jadeja,Mohammed Shami,CAK Rajitha,1,0,,,,,,,,,
1384424,2023/24,2023-11-02,"Wankhede Stadium, Mumbai",1,49.3,India,Sri Lanka,Mohammed Shami,RA Jadeja,CAK Rajitha,0,0,,,,,,run out,Mohammed Shami,,
1384424,2023/24,2023-11-02,"Wankhede Stadium, Mumbai",1,49.4,India,Sri Lanka,JJ Bumrah,RA Jadeja,CAK Rajitha,1,0,,,,,,,,,
1384424,2023/24,2023-11-02,"Wankhede Stadium, Mumbai",1,49.5,India,Sri Lanka,RA Jadeja,JJ Bumrah,CAK Rajitha,0,0,,,,,,,,,
1384424,2023/24,2023-11-02,"Wankhede Stadium, Mumbai",1,49.6,India,Sri Lanka,RA Jadeja,JJ Bumrah,CAK Rajitha,1,0,,,,,,run out,RA Jadeja,,
1384424,2023/24,2023-11-02,"Wankhede Stadium, Mumbai",2,0.1,Sri Lanka,India,P Nissanka,FDM Karunaratne,JJ Bumrah,0,0,,,,,,lbw,P Nissanka,,
1384424,2023/24,2023-11-02,"Wankhede Stadium, Mumbai",2,0.2,Sri Lanka,India,BKG Mendis,FDM Karunaratne,JJ Bumrah,0,1,1,,,,,,,,
1384424,2023/24,2023-11-02,"Wankhede Stadium, Mumbai",2,0.3,Sri Lanka,India,BKG Mendis,FDM Karunaratne,JJ Bumrah,0,1,1,,,,,,,,
1384424,2023/24,2023-11-02,"Wankhede Stadium, Mumbai",2,0.4,Sri Lanka,India,BKG Mendis,FDM Karunaratne,JJ Bumrah,0,0,,,,,,,,,
1384424,2023/24,2023-11-02,"Wankhede Stadium, Mumbai",2,0.5,Sri Lanka,India,BKG Mendis,FDM Karunaratne,JJ Bumrah,0,0,,,,,,,,,
1384424,2023/24,2023-11-02,"Wankhede Stadium, Mumbai",2,0.6,Sri Lanka,India,BKG Mendis,FDM Karunaratne,JJ Bumrah,0,0,,,,,,,,,
1384424,2023/24,2023-11-02,"Wankhede Stadium, Mumbai",2,0.7,Sri Lanka,India,BKG Mendis,FDM Karunaratne,JJ Bumrah,0,0,,,,,,,,,
1384424,2023/24,2023-11-02,"Wankhede Stadium, Mumbai",2,0.8,Sri Lanka,India,BKG Mendis,FDM Karunaratne,JJ Bumrah,0,0,,,,,,,,,
1384424,2023/24,2023-11-02,"Wankhede Stadium, Mumbai",2,1.1,Sri Lanka,India,FDM Karunaratne,BKG Mendis,Mohammed Siraj,0,0,,,,,,lbw,FDM Karunaratne,,
1384424,2023/24,2023-11-02,"Wankhede Stadium, Mumbai",2,1.2,Sri Lanka,India,S Samarawickrama,BKG Mendis,Mohammed Siraj,0,0,,,,,,,,,
1384424,2023/24,2023-11-02,"Wankhede Stadium, Mumbai",2,1.3,Sri Lanka,India,S Samarawickrama,BKG Mendis,Mohammed Siraj,0,0,,,,,,,,,
1384424,2023/24,2023-11-02,"Wankhede Stadium, Mumbai",2,1.4,Sri Lanka,India,S Samarawickrama,BKG Mendis,Mohammed Siraj,0,0,,,,,,,,,
1384424,2023/24,2023-11-02,"Wankhede Stadium, Mumbai",2,1.5,Sri Lanka,India,S Samarawickrama,BKG Mendis,Mohammed Siraj,0,0,,,,,,caught,S Samarawickrama,,
1384424,2023/24,2023-11-02,"Wankhede Stadium, Mumbai",2,1.6,Sri Lanka,India,KIC Asalanka,BKG Mendis,Mohammed Siraj,0,0,,,,,,,,,
1384424,2023/24,2023-11-02,"Wankhede Stadium, Mumbai",2,2.1,Sri Lanka,India,BKG Mendis,KIC Asalanka,JJ Bumrah,0,0,,,,,,,,,
1384424,2023/24,2023-11-02,"Wankhede Stadium, Mumbai",2,2.2,Sri Lanka,India,BKG Mendis,KIC Asalanka,JJ Bumrah,0,0,,,,,,,,,
1384424,2023/24,2023-11-02,"Wankhede Stadium, Mumbai",2,2.3,Sri Lanka,India,BKG Mendis,KIC Asalanka,JJ Bumrah,0,0,,,,,,,,,
1384424,2023/24,2023-11-02,"Wankhede Stadium, Mumbai",2,2.4,Sri Lanka,India,BKG Mendis,KIC Asalanka,JJ Bumrah,1,0,,,,,,,,,
1384424,2023/24,2023-11-02,"Wankhede Stadium, Mumbai",2,2.5,Sri Lanka,India,KIC Asalanka,BKG Mendis,JJ Bumrah,0,0,,,,,,,,,
1384424,2023/24,2023-11-02,"Wankhede Stadium, Mumbai",2,2.6,Sri Lanka,India,KIC Asalanka,BKG Mendis,JJ Bumrah,0,0,,,,,,,,,
1384424,2023/24,2023-11-02,"Wankhede Stadium, Mumbai",2,3.1,Sri Lanka,India,BKG Mendis,KIC Asalanka,Mohammed Siraj,0,0,,,,,,bowled,BKG Mendis,,
1384424,2023/24,2023-11-02,"Wankhede Stadium, Mumbai",2,3.2,Sri Lanka,India,AD Mathews,KIC Asalanka,Mohammed Siraj,0,0,,,,,,,,,
1384424,2023/24,2023-11-02,"Wankhede Stadium, Mumbai",2,3.3,Sri Lanka,India,AD Mathews,KIC Asalanka,Mohammed Siraj,0,0,,,,,,,,,
1384424,2023/24,2023-11-02,"Wankhede Stadium, Mumbai",2,3.4,Sri Lanka,India,AD Mathews,KIC Asalanka,Mohammed Siraj,0,0,,,,,,,,,
1384424,2023/24,2023-11-02,"Wankhede Stadium, Mumbai",2,3.5,Sri Lanka,India,AD Mathews,KIC Asalanka,Mohammed Siraj,0,0,,,,,,,,,
1384424,2023/24,2023-11-02,"Wankhede Stadium, Mumbai",2,3.6,Sri Lanka,India,AD Mathews,KIC Asalanka,Mohammed Siraj,4,0,,,,,,,,,
1384424,2023/24,2023-11-02,"Wankhede Stadium, Mumbai",2,4.1,Sri Lanka,India,KIC Asalanka,AD Mathews,JJ Bumrah,0,0,,,,,,,,,
1384424,2023/24,2023-11-02,"Wankhede Stadium, Mumbai",2,4.2,Sri Lanka,India,KIC Asalanka,AD Mathews,JJ Bumrah,0,0,,,,,,,,,
1384424,2023/24,2023-11-02,"Wankhede Stadium, Mumbai",2,4.3,Sri Lanka,India,KIC Asalanka,AD Mathews,JJ Bumrah,0,0,,,,,,,,,
1384424,2023/24,2023-11-02,"Wankhede Stadium, Mumbai",2,4.4,Sri Lanka,India,KIC Asalanka,AD Mathews,JJ Bumrah,0,0,,,,,,,,,
1384424,2023/24,2023-11-02,"Wankhede Stadium, Mumbai",2,4.5,Sri Lanka,India,KIC Asalanka,AD Mathews,JJ Bumrah,0,0,,,,,,,,,
1384424,2023/24,2023-11-02,"Wankhede Stadium, Mumbai",2,4.6,Sri Lanka,India,KIC Asalanka,AD Mathews,JJ Bumrah,0,0,,,,,,,,,
1384424,2023/24,2023-11-02,"Wankhede Stadium, Mumbai",2,5.1,Sri Lanka,India,AD Mathews,KIC Asalanka,Mohammed Siraj,0,0,,,,,,,,,
1384424,2023/24,2023-11-02,"Wankhede Stadium, Mumbai",2,5.2,Sri Lanka,India,AD Mathews,KIC Asalanka,Mohammed Siraj,0,0,,,,,,,,,
1384424,2023/24,2023-11-02,"Wankhede Stadium, Mumbai",2,5.3,Sri Lanka,India,AD Mathews,KIC Asalanka,Mohammed Siraj,0,1,1,,,,,,,,
1384424,2023/24,2023-11-02,"Wankhede Stadium, Mumbai",2,5.4,Sri Lanka,India,AD Mathews,KIC Asalanka,Mohammed Siraj,0,1,,,,1,,,,,
1384424,2023/24,2023-11-02,"Wankhede Stadium, Mumbai",2,5.5,Sri Lanka,India,KIC Asalanka,AD Mathews,Mohammed Siraj,0,0,,,,,,,,,
1384424,2023/24,2023-11-02,"Wankhede Stadium, Mumbai",2,5.6,Sri Lanka,India,KIC Asalanka,AD Mathews,Mohammed Siraj,0,0,,,,,,,,,
1384424,2023/24,2023-11-02,"Wankhede Stadium, Mumbai",2,5.7,Sri Lanka,India,KIC Asalanka,AD Mathews,Mohammed Siraj,0,0,,,,,,,,,
1384424,2023/24,2023-11-02,"Wankhede Stadium, Mumbai",2,6.1,Sri Lanka,India,AD Mathews,KIC Asalanka,JJ Bumrah,0,0,,,,,,,,,
1384424,2023/24,2023-11-02,"Wankhede Stadium, Mumbai",2,6.2,Sri Lanka,India,AD Mathews,KIC Asalanka,JJ Bumrah,2,0,,,,,,,,,
1384424,2023/24,2023-11-02,"Wankhede Stadium, Mumbai",2,6.3,Sri Lanka,India,AD Mathews,KIC Asalanka,JJ Bumrah,0,1,1,,,,,,,,
1384424,2023/24,2023-11-02,"Wankhede Stadium, Mumbai",2,6.4,Sri Lanka,India,AD Mathews,KIC Asalanka,JJ Bumrah,0,0,,,,,,,,,
1384424,2023/24,2023-11-02,"Wankhede Stadium, Mumbai",2,6.5,Sri Lanka,India,AD Mathews,KIC Asalanka,JJ Bumrah,0,0,,,,,,,,,
1384424,2023/24,2023-11-02,"Wankhede Stadium, Mumbai",2,6.6,Sri Lanka,India,AD Mathews,KIC Asalanka,JJ Bumrah,0,0,,,,,,,,,
1384424,2023/24,2023-11-02,"Wankhede Stadium, Mumbai",2,6.7,Sri Lanka,India,AD Mathews,KIC Asalanka,JJ Bumrah,0,0,,,,,,,,,
1384424,2023/24,2023-11-02,"Wankhede Stadium, Mumbai",2,7.1,Sri Lanka,India,KIC Asalanka,AD Mathews,Mohammed Siraj,0,0,,,,,,,,,
1384424,2023/24,2023-11-02,"Wankhede Stadium, Mumbai",2,7.2,Sri Lanka,India,KIC Asalanka,AD Mathews,Mohammed Siraj,0,0,,,,,,,,,
1384424,2023/24,2023-11-02,"Wankhede Stadium, Mumbai",2,7.3,Sri Lanka,India,KIC Asalanka,AD Mathews,Mohammed Siraj,0,0,,,,,,,,,
1384424,2023/24,2023-11-02,"Wankhede Stadium, Mumbai",2,7.4,Sri Lanka,India,KIC Asalanka,AD Mathews,Mohammed Siraj,0,0,,,,,,,,,
1384424,2023/24,2023-11-02,"Wankhede Stadium, Mumbai",2,7.5,Sri Lanka,India,KIC Asalanka,AD Mathews,Mohammed Siraj,0,0,,,,,,,,,
1384424,2023/24,2023-11-02,"Wankhede Stadium, Mumbai",2,7.6,Sri Lanka,India,KIC Asalanka,AD Mathews,Mohammed Siraj,0,0,,,,,,,,,
1384424,2023/24,2023-11-02,"Wankhede Stadium, Mumbai",2,8.1,Sri Lanka,India,AD Mathews,KIC Asalanka,JJ Bumrah,0,0,,,,,,,,,
1384424,2023/24,2023-11-02,"Wankhede Stadium, Mumbai",2,8.2,Sri Lanka,India,AD Mathews,KIC Asalanka,JJ Bumrah,0,0,,,,,,,,,
1384424,2023/24,2023-11-02,"Wankhede Stadium, Mumbai",2,8.3,Sri Lanka,India,AD Mathews,KIC Asalanka,JJ Bumrah,1,0,,,,,,,,,
1384424,2023/24,2023-11-02,"Wankhede Stadium, Mumbai",2,8.4,Sri Lanka,India,KIC Asalanka,AD Mathews,JJ Bumrah,0,0,,,,,,,,,
1384424,2023/24,2023-11-02,"Wankhede Stadium, Mumbai",2,8.5,Sri Lanka,India,KIC Asalanka,AD Mathews,JJ Bumrah,0,0,,,,,,,,,
1384424,2023/24,2023-11-02,"Wankhede Stadium, Mumbai",2,8.6,Sri Lanka,India,KIC Asalanka,AD Mathews,JJ Bumrah,1,0,,,,,,,,,
1384424,2023/24,2023-11-02,"Wankhede Stadium, Mumbai",2,9.1,Sri Lanka,India,KIC Asalanka,AD Mathews,Mohammed Shami,0,0,,,,,,,,,
1384424,2023/24,2023-11-02,"Wankhede Stadium, Mumbai",2,9.2,Sri Lanka,India,KIC Asalanka,AD Mathews,Mohammed Shami,0,0,,,,,,,,,
1384424,2023/24,2023-11-02,"Wankhede Stadium, Mumbai",2,9.3,Sri Lanka,India,KIC Asalanka,AD Mathews,Mohammed Shami,0,0,,,,,,caught,KIC Asalanka,,
1384424,2023/24,2023-11-02,"Wankhede Stadium, Mumbai",2,9.4,Sri Lanka,India,MADI Hemantha,AD Mathews,Mohammed Shami,0,0,,,,,,caught,MADI Hemantha,,
1384424,2023/24,2023-11-02,"Wankhede Stadium, Mumbai",2,9.5,Sri Lanka,India,PVD Chameera,AD Mathews,Mohammed Shami,0,0,,,,,,,,,
1384424,2023/24,2023-11-02,"Wankhede Stadium, Mumbai",2,9.6,Sri Lanka,India,PVD Chameera,AD Mathews,Mohammed Shami,0,0,,,,,,,,,
1384424,2023/24,2023-11-02,"Wankhede Stadium, Mumbai",2,10.1,Sri Lanka,India,AD Mathews,PVD Chameera,Mohammed Siraj,0,0,,,,,,,,,
1384424,2023/24,2023-11-02,"Wankhede Stadium, Mumbai",2,10.2,Sri Lanka,India,AD Mathews,PVD Chameera,Mohammed Siraj,2,0,,,,,,,,,
1384424,2023/24,2023-11-02,"Wankhede Stadium, Mumbai",2,10.3,Sri Lanka,India,AD Mathews,PVD Chameera,Mohammed Siraj,1,0,,,,,,,,,
1384424,2023/24,2023-11-02,"Wankhede Stadium, Mumbai",2,10.4,Sri Lanka,India,PVD Chameera,AD Mathews,Mohammed Siraj,0,4,,,4,,,,,,
1384424,2023/24,2023-11-02,"Wankhede Stadium, Mumbai",2,10.5,Sri Lanka,India,PVD Chameera,AD Mathews,Mohammed Siraj,0,0,,,,,,,,,
1384424,2023/24,2023-11-02,"Wankhede Stadium, Mumbai",2,10.6,Sri Lanka,India,PVD Chameera,AD Mathews,Mohammed Siraj,0,0,,,,,,,,,
1384424,2023/24,2023-11-02,"Wankhede Stadium, Mumbai",2,11.1,Sri Lanka,India,AD Mathews,PVD Chameera,Mohammed Shami,0,0,,,,,,,,,
1384424,2023/24,2023-11-02,"Wankhede Stadium, Mumbai",2,11.2,Sri Lanka,India,AD Mathews,PVD Chameera,Mohammed Shami,1,0,,,,,,,,,
1384424,2023/24,2023-11-02,"Wankhede Stadium, Mumbai",2,11.3,Sri Lanka,India,PVD Chameera,AD Mathews,Mohammed Shami,0,0,,,,,,caught,PVD Chameera,,
1384424,2023/24,2023-11-02,"Wankhede Stadium, Mumbai",2,11.4,Sri Lanka,India,M Theekshana,AD Mathews,Mohammed Shami,0,0,,,,,,,,,
1384424,2023/24,2023-11-02,"Wankhede Stadium, Mumbai",2,11.5,Sri Lanka,India,M Theekshana,AD Mathews,Mohammed Shami,0,0,,,,,,,,,
1384424,2023/24,2023-11-02,"Wankhede Stadium, Mumbai",2,11.6,Sri Lanka,India,M Theekshana,AD Mathews,Mohammed Shami,0,0,,,,,,,,,
1384424,2023/24,2023-11-02,"Wankhede Stadium, Mumbai",2,12.1,Sri Lanka,India,AD Mathews,M Theekshana,Mohammed Siraj,0,0,,,,,,,,,
1384424,2023/24,2023-11-02,"Wankhede Stadium, Mumbai",2,12.2,Sri Lanka,India,AD Mathews,M Theekshana,Mohammed Siraj,1,0,,,,,,,,,
1384424,2023/24,2023-11-02,"Wankhede Stadium, Mumbai",2,12.3,Sri Lanka,India,M Theekshana,AD Mathews,Mohammed Siraj,0,0,,,,,,,,,
1384424,2023/24,2023-11-02,"Wankhede Stadium, Mumbai",2,12.4,Sri Lanka,India,M Theekshana,AD Mathews,Mohammed Siraj,0,0,,,,,,,,,
1384424,2023/24,2023-11-02,"Wankhede Stadium, Mumbai",2,12.5,Sri Lanka,India,M Theekshana,AD Mathews,Mohammed Siraj,4,0,,,,,,,,,
1384424,2023/24,2023-11-02,"Wankhede Stadium, Mumbai",2,12.6,Sri Lanka,India,M Theekshana,AD Mathews,Mohammed Siraj,2,0,,,,,,,,,
1384424,2023/24,2023-11-02,"Wankhede Stadium, Mumbai",2,13.1,Sri Lanka,India,AD Mathews,M Theekshana,Mohammed Shami,0,0,,,,,,bowled,AD Mathews,,
1384424,2023/24,2023-11-02,"Wankhede Stadium, Mumbai",2,13.2,Sri Lanka,India,CAK Rajitha,M Theekshana,Mohammed Shami,4,0,,,,,,,,,
1384424,2023/24,2023-11-02,"Wankhede Stadium, Mumbai",2,13.3,Sri Lanka,India,CAK Rajitha,M Theekshana,Mohammed Shami,0,1,,,1,,,,,,
1384424,2023/24,2023-11-02,"Wankhede Stadium, Mumbai",2,13.4,Sri Lanka,India,M Theekshana,CAK Rajitha,Mohammed Shami,1,0,,,,,,,,,
1384424,2023/24,2023-11-02,"Wankhede Stadium, Mumbai",2,13.5,Sri Lanka,India,CAK Rajitha,M Theekshana,Mohammed Shami,0,0,,,,,,,,,
1384424,2023/24,2023-11-02,"Wankhede Stadium, Mumbai",2,13.6,Sri Lanka,India,CAK Rajitha,M Theekshana,Mohammed Shami,1,0,,,,,,,,,
1384424,2023/24,2023-11-02,"Wankhede Stadium, Mumbai",2,14.1,Sri Lanka,India,CAK Rajitha,M Theekshana,Mohammed Siraj,1,0,,,,,,,,,
1384424,2023/24,2023-11-02,"Wankhede Stadium, Mumbai",2,14.2,Sri Lanka,India,M Theekshana,CAK Rajitha,Mohammed Siraj,0,0,,,,,,,,,
1384424,2023/24,2023-11-02,"Wankhede Stadium, Mumbai",2,14.3,Sri Lanka,India,M Theekshana,CAK Rajitha,Mohammed Siraj,0,0,,,,,,,,,
1384424,2023/24,2023-11-02,"Wankhede Stadium, Mumbai",2,14.4,Sri Lanka,India,M Theekshana,CAK Rajitha,Mohammed Siraj,0,0,,,,,,,,,
1384424,2023/24,2023-11-02,"Wankhede Stadium, Mumbai",2,14.5,Sri Lanka,India,M Theekshana,CAK Rajitha,Mohammed Siraj,0,0,,,,,,,,,
1384424,2023/24,2023-11-02,"Wankhede Stadium, Mumbai",2,14.6,Sri Lanka,India,M Theekshana,CAK Rajitha,Mohammed Siraj,0,0,,,,,,,,,
1384424,2023/24,2023-11-02,"Wankhede Stadium, Mumbai",2,15.1,Sri Lanka,India,CAK Rajitha,M Theekshana,Mohammed Shami,0,0,,,,,,,,,
1384424,2023/24,2023-11-02,"Wankhede Stadium, Mumbai",2,15.2,Sri Lanka,India,CAK Rajitha,M Theekshana,Mohammed Shami,1,0,,,,,,,,,
1384424,2023/24,2023-11-02,"Wankhede Stadium, Mumbai",2,15.3,Sri Lanka,India,M Theekshana,CAK Rajitha,Mohammed Shami,0,0,,,,,,,,,
1384424,2023/24,2023-11-02,"Wankhede Stadium, Mumbai",2,15.4,Sri Lanka,India,M Theekshana,CAK Rajitha,Mohammed Shami,0,0,,,,,,,,,
1384424,2023/24,2023-11-02,"Wankhede Stadium, Mumbai",2,15.5,Sri Lanka,India,M Theekshana,CAK Rajitha,Mohammed Shami,4,0,,,,,,,,,
1384424,2023/24,2023-11-02,"Wankhede Stadium, Mumbai",2,15.6,Sri Lanka,India,M Theekshana,CAK Rajitha,Mohammed Shami,0,0,,,,,,,,,
1384424,2023/24,2023-11-02,"Wankhede Stadium, Mumbai",2,16.1,Sri Lanka,India,CAK Rajitha,M Theekshana,Kuldeep Yadav,0,0,,,,,,,,,
1384424,2023/24,2023-11-02,"Wankhede Stadium, Mumbai",2,16.2,Sri Lanka,India,CAK Rajitha,M Theekshana,Kuldeep Yadav,0,0,,,,,,,,,
1384424,2023/24,2023-11-02,"Wankhede Stadium, Mumbai",2,16.3,Sri Lanka,India,CAK Rajitha,M Theekshana,Kuldeep Yadav,0,0,,,,,,,,,
1384424,2023/24,2023-11-02,"Wankhede Stadium, Mumbai",2,16.4,Sri Lanka,India,CAK Rajitha,M Theekshana,Kuldeep Yadav,1,0,,,,,,,,,
1384424,2023/24,2023-11-02,"Wankhede Stadium, Mumbai",2,16.5,Sri Lanka,India,M Theekshana,CAK Rajitha,Kuldeep Yadav,0,0,,,,,,,,,
1384424,2023/24,2023-11-02,"Wankhede Stadium, Mumbai",2,16.6,Sri Lanka,India,M Theekshana,CAK Rajitha,Kuldeep Yadav,0,0,,,,,,,,,
1384424,2023/24,2023-11-02,"Wankhede Stadium, Mumbai",2,17.1,Sri Lanka,India,CAK Rajitha,M Theekshana,Mohammed Shami,4,0,,,,,,,,,
1384424,2023/24,2023-11-02,"Wankhede Stadium, Mumbai",2,17.2,Sri Lanka,India,CAK Rajitha,M Theekshana,Mohammed Shami,0,0,,,,,,,,,
1384424,2023/24,2023-11-02,"Wankhede Stadium, Mumbai",2,17.3,Sri Lanka,India,CAK Rajitha,M Theekshana,Mohammed Shami,0,0,,,,,,,,,
1384424,2023/24,2023-11-02,"Wankhede Stadium, Mumbai",2,17.4,Sri Lanka,India,CAK Rajitha,M Theekshana,Mohammed Shami,0,0,,,,,,,,,
1384424,2023/24,2023-11-02,"Wankhede Stadium, Mumbai",2,17.5,Sri Lanka,India,CAK Rajitha,M Theekshana,Mohammed Shami,2,0,,,,,,,,,
1384424,2023/24,2023-11-02,"Wankhede Stadium, Mumbai",2,17.6,Sri Lanka,India,CAK Rajitha,M Theekshana,Mohammed Shami,0,0,,,,,,caught,CAK Rajitha,,
1384424,2023/24,2023-11-02,"Wankhede Stadium, Mumbai",2,18.1,Sri Lanka,India,M Theekshana,D Madushanka,Kuldeep Yadav,0,0,,,,,,,,,
1384424,2023/24,2023-11-02,"Wankhede Stadium, Mumbai",2,18.2,Sri Lanka,India,M Theekshana,D Madushanka,Kuldeep Yadav,0,0,,,,,,,,,
1384424,2023/24,2023-11-02,"Wankhede Stadium, Mumbai",2,18.3,Sri Lanka,India,M Theekshana,D Madushanka,Kuldeep Yadav,1,0,,,,,,,,,
1384424,2023/24,2023-11-02,"Wankhede Stadium, Mumbai",2,18.4,Sri Lanka,India,D Madushanka,M Theekshana,Kuldeep Yadav,0,0,,,,,,,,,
1384424,2023/24,2023-11-02,"Wankhede Stadium, Mumbai",2,18.5,Sri Lanka,India,D Madushanka,M Theekshana,Kuldeep Yadav,1,0,,,,,,,,,
1384424,2023/24,2023-11-02,"Wankhede Stadium, Mumbai",2,18.6,Sri Lanka,India,M Theekshana,D Madushanka,Kuldeep Yadav,0,0,,,,,,,,,
1384424,2023/24,2023-11-02,"Wankhede Stadium, Mumbai",2,19.1,Sri Lanka,India,D Madushanka,M Theekshana,RA Jadeja,4,0,,,,,,,,,
1384424,2023/24,2023-11-02,"Wankhede Stadium, Mumbai",2,19.2,Sri Lanka,India,D Madushanka,M Theekshana,RA Jadeja,0,0,,,,,,,,,
1384424,2023/24,2023-11-02,"Wankhede Stadium, Mumbai",2,19.3,Sri Lanka,India,D Madushanka,M Theekshana,RA Jadeja,0,0,,,,,,,,,
1384424,2023/24,2023-11-02,"Wankhede Stadium, Mumbai",2,19.4,Sri Lanka,India,D Madushanka,M Theekshana,RA Jadeja,0,0,,,,,,caught,D Madushanka,,
