match_id,season,start_date,venue,innings,ball,batting_team,bowling_team,striker,non_striker,bowler,runs_off_bat,extras,wides,noballs,byes,legbyes,penalty,wicket_type,player_dismissed,other_wicket_type,other_player_dismissed
1384415,2023/24,2023-10-25,"Arun Jaitley Stadium, Delhi",1,0.1,Australia,Netherlands,MR Marsh,DA Warner,A Dutt,0,0,,,,,,,,,
1384415,2023/24,2023-10-25,"Arun Jaitley Stadium, Delhi",1,0.2,Australia,Netherlands,MR Marsh,DA Warner,A Dutt,4,0,,,,,,,,,
1384415,2023/24,2023-10-25,"Arun Jaitley Stadium, Delhi",1,0.3,Australia,Netherlands,MR Marsh,DA Warner,A Dutt,0,0,,,,,,,,,
1384415,2023/24,2023-10-25,"Arun Jaitley Stadium, Delhi",1,0.4,Australia,Netherlands,MR Marsh,DA Warner,A Dutt,0,0,,,,,,,,,
1384415,2023/24,2023-10-25,"Arun Jaitley Stadium, Delhi",1,0.5,Australia,Netherlands,MR Marsh,DA Warner,A Dutt,4,0,,,,,,,,,
1384415,2023/24,2023-10-25,"Arun Jaitley Stadium, Delhi",1,0.6,Australia,Netherlands,MR Marsh,DA Warner,A Dutt,0,0,,,,,,,,,
1384415,2023/24,2023-10-25,"Arun Jaitley Stadium, Delhi",1,1.1,Australia,Netherlands,DA Warner,MR Marsh,CN Ackermann,1,0,,,,,,,,,
1384415,2023/24,2023-10-25,"Arun Jaitley Stadium, Delhi",1,1.2,Australia,Netherlands,MR Marsh,DA Warner,CN Ackermann,1,0,,,,,,,,,
1384415,2023/24,2023-10-25,"Arun Jaitley Stadium, Delhi",1,1.3,Australia,Netherlands,DA Warner,MR Marsh,CN Ackermann,1,0,,,,,,,,,
1384415,2023/24,2023-10-25,"Arun Jaitley Stadium, Delhi",1,1.4,Australia,Netherlands,MR Marsh,DA Warner,CN Ackermann,0,0,,,,,,,,,
1384415,2023/24,2023-10-25,"Arun Jaitley Stadium, Delhi",1,1.5,Australia,Netherlands,MR Marsh,DA Warner,CN Ackermann,0,0,,,,,,,,,
1384415,2023/24,2023-10-25,"Arun Jaitley Stadium, Delhi",1,1.6,Australia,Netherlands,MR Marsh,DA Warner,CN Ackermann,0,0,,,,,,,,,
1384415,2023/24,2023-10-25,"Arun Jaitley Stadium, Delhi",1,2.1,Australia,Netherlands,DA Warner,MR Marsh,A Dutt,0,0,,,,,,,,,
1384415,2023/24,2023-10-25,"Arun Jaitley Stadium, Delhi",1,2.2,Australia,Netherlands,DA Warner,MR Marsh,A Dutt,4,0,,,,,,,,,
1384415,2023/24,2023-10-25,"Arun Jaitley Stadium, Delhi",1,2.3,Australia,Netherlands,DA Warner,MR Marsh,A Dutt,4,0,,,,,,,,,
1384415,2023/24,2023-10-25,"Arun Jaitley Stadium, Delhi",1,2.4,Australia,Netherlands,DA Warner,MR Marsh,A Dutt,4,0,,,,,,,,,
1384415,2023/24,2023-10-25,"Arun Jaitley Stadium, Delhi",1,2.5,Australia,Netherlands,DA Warner,MR Marsh,A Dutt,4,0,,,,,,,,,
1384415,2023/24,2023-10-25,"Arun Jaitley Stadium, Delhi",1,2.6,Australia,Netherlands,DA Warner,MR Marsh,A Dutt,0,0,,,,,,,,,
1384415,2023/24,2023-10-25,"Arun Jaitley Stadium, Delhi",1,3.1,Australia,Netherlands,MR Marsh,DA Warner,LV van Beek,0,0,,,,,,,,,
1384415,2023/24,2023-10-25,"Arun Jaitley Stadium, Delhi",1,3.2,Australia,Netherlands,MR Marsh,DA Warner,LV van Beek,0,0,,,,,,,,,
1384415,2023/24,2023-10-25,"Arun Jaitley Stadium, Delhi",1,3.3,Australia,Netherlands,MR Marsh,DA Warner,LV van Beek,0,1,1,,,,,,,,
1384415,2023/24,2023-10-25,"Arun Jaitley Stadium, Delhi",1,3.4,Australia,Netherlands,MR Marsh,DA Warner,LV van Beek,0,0,,,,,,,,,
1384415,2023/24,2023-10-25,"Arun Jaitley Stadium, Delhi",1,3.5,Australia,Netherlands,MR Marsh,DA Warner,LV van Beek,0,0,,,,,,,,,
1384415,2023/24,2023-10-25,"Arun Jaitley Stadium, Delhi",1,3.6,Australia,Netherlands,MR Marsh,DA Warner,LV van Beek,0,0,,,,,,caught,MR Marsh,,
1384415,2023/24,2023-10-25,"Arun Jaitley Stadium, Delhi",1,3.7,Australia,Netherlands,SPD Smith,DA Warner,LV van Beek,1,0,,,,,,,,,
1384415,2023/24,2023-10-25,"Arun Jaitley Stadium, Delhi",1,4.1,Australia,Netherlands,SPD Smith,DA Warner,PA van Meekeren,0,0,,,,,,,,,
1384415,2023/24,2023-10-25,"Arun Jaitley Stadium, Delhi",1,4.2,Australia,Netherlands,SPD Smith,DA Warner,PA van Meekeren,0,0,,,,,,,,,
1384415,2023/24,2023-10-25,"Arun Jaitley Stadium, Delhi",1,4.3,Australia,Netherlands,SPD Smith,DA Warner,PA van Meekeren,0,0,,,,,,,,,
1384415,2023/24,2023-10-25,"Arun Jaitley Stadium, Delhi",1,4.4,Australia,Netherlands,SPD Smith,DA Warner,PA van Meekeren,0,0,,,,,,,,,
1384415,2023/24,2023-10-25,"Arun Jaitley Stadium, Delhi",1,4.5,Australia,Netherlands,SPD Smith,DA Warner,PA van Meekeren,1,0,,,,,,,,,
1384415,2023/24,2023-10-25,"Arun Jaitley Stadium, Delhi",1,4.6,Australia,Netherlands,DA Warner,SPD Smith,PA van Meekeren,0,0,,,,,,,,,
1384415,2023/24,2023-10-25,"Arun Jaitley Stadium, Delhi",1,5.1,Australia,Netherlands,SPD Smith,DA Warner,LV van Beek,2,0,,,,,,,,,
1384415,2023/24,2023-10-25,"Arun Jaitley Stadium, Delhi",1,5.2,Australia,Netherlands,SPD Smith,DA Warner,LV van Beek,0,0,,,,,,,,,
1384415,2023/24,2023-10-25,"Arun Jaitley Stadium, Delhi",1,5.3,Australia,Netherlands,SPD Smith,DA Warner,LV van Beek,0,0,,,,,,,,,
1384415,2023/24,2023-10-25,"Arun Jaitley Stadium, Delhi",1,5.4,Australia,Netherlands,SPD Smith,DA Warner,LV van Beek,2,0,,,,,,,,,
1384415,2023/24,2023-10-25,"Arun Jaitley Stadium, Delhi",1,5.5,Australia,Netherlands,SPD Smith,DA Warner,LV van Beek,0,0,,,,,,,,,
1384415,2023/24,2023-10-25,"Arun Jaitley Stadium, Delhi",1,5.6,Australia,Netherlands,SPD Smith,DA Warner,LV van Beek,4,0,,,,,,,,,
1384415,2023/24,2023-10-25,"Arun Jaitley Stadium, Delhi",1,6.1,Australia,Netherlands,DA Warner,SPD Smith,PA van Meekeren,0,1,1,,,,,,,,
1384415,2023/24,2023-10-25,"Arun Jaitley Stadium, Delhi",1,6.2,Australia,Netherlands,DA Warner,SPD Smith,PA van Meekeren,0,0,,,,,,,,,
1384415,2023/24,2023-10-25,"Arun Jaitley Stadium, Delhi",1,6.3,Australia,Netherlands,DA Warner,SPD Smith,PA van Meekeren,1,0,,,,,,,,,
1384415,2023/24,2023-10-25,"Arun Jaitley Stadium, Delhi",1,6.4,Australia,Netherlands,SPD Smith,DA Warner,PA van Meekeren,2,0,,,,,,,,,
1384415,2023/24,2023-10-25,"Arun Jaitley Stadium, Delhi",1,6.5,Australia,Netherlands,SPD Smith,DA Warner,PA van Meekeren,4,0,,,,,,,,,
1384415,2023/24,2023-10-25,"Arun Jaitley Stadium, Delhi",1,6.6,Australia,Netherlands,SPD Smith,DA Warner,PA van Meekeren,0,0,,,,,,,,,
1384415,2023/24,2023-10-25,"Arun Jaitley Stadium, Delhi",1,6.7,Australia,Netherlands,SPD Smith,DA Warner,PA van Meekeren,4,0,,,,,,,,,
1384415,2023/24,2023-10-25,"Arun Jaitley Stadium, Delhi",1,7.1,Australia,Netherlands,DA Warner,SPD Smith,LV van Beek,0,0,,,,,,,,,
1384415,2023/24,2023-10-25,"Arun Jaitley Stadium, Delhi",1,7.2,Australia,Netherlands,DA Warner,SPD Smith,LV van Beek,0,0,,,,,,,,,
1384415,2023/24,2023-10-25,"Arun Jaitley Stadium, Delhi",1,7.3,Australia,Netherlands,DA Warner,SPD Smith,LV van Beek,0,0,,,,,,,,,
1384415,2023/24,2023-10-25,"Arun Jaitley Stadium, Delhi",1,7.4,Australia,Netherlands,DA Warner,SPD Smith,LV van Beek,1,0,,,,,,,,,
1384415,2023/24,2023-10-25,"Arun Jaitley Stadium, Delhi",1,7.5,Australia,Netherlands,SPD Smith,DA Warner,LV van Beek,0,0,,,,,,,,,
1384415,2023/24,2023-10-25,"Arun Jaitley Stadium, Delhi",1,7.6,Australia,Netherlands,SPD Smith,DA Warner,LV van Beek,0,0,,,,,,,,,
1384415,2023/24,2023-10-25,"Arun Jaitley Stadium, Delhi",1,8.1,Australia,Netherlands,DA Warner,SPD Smith,PA van Meekeren,1,0,,,,,,,,,
1384415,2023/24,2023-10-25,"Arun Jaitley Stadium, Delhi",1,8.2,Australia,Netherlands,SPD Smith,DA Warner,PA van Meekeren,0,0,,,,,,,,,
1384415,2023/24,2023-10-25,"Arun Jaitley Stadium, Delhi",1,8.3,Australia,Netherlands,SPD Smith,DA Warner,PA van Meekeren,1,0,,,,,,,,,
1384415,2023/24,2023-10-25,"Arun Jaitley Stadium, Delhi",1,8.4,Australia,Netherlands,DA Warner,SPD Smith,PA van Meekeren,0,0,,,,,,,,,
1384415,2023/24,2023-10-25,"Arun Jaitley Stadium, Delhi",1,8.5,Australia,Netherlands,DA Warner,SPD Smith,PA van Meekeren,0,0,,,,,,,,,
1384415,2023/24,2023-10-25,"Arun Jaitley Stadium, Delhi",1,8.6,Australia,Netherlands,DA Warner,SPD Smith,PA van Meekeren,0,0,,,,,,,,,
1384415,2023/24,2023-10-25,"Arun Jaitley Stadium, Delhi",1,9.1,Australia,Netherlands,SPD Smith,DA Warner,LV van Beek,4,0,,,,,,,,,
1384415,2023/24,2023-10-25,"Arun Jaitley Stadium, Delhi",1,9.2,Australia,Netherlands,SPD Smith,DA Warner,LV van Beek,4,0,,,,,,,,,
1384415,2023/24,2023-10-25,"Arun Jaitley Stadium, Delhi",1,9.3,Australia,Netherlands,SPD Smith,DA Warner,LV van Beek,4,0,,,,,,,,,
1384415,2023/24,2023-10-25,"Arun Jaitley Stadium, Delhi",1,9.4,Australia,Netherlands,SPD Smith,DA Warner,LV van Beek,0,0,,,,,,,,,
1384415,2023/24,2023-10-25,"Arun Jaitley Stadium, Delhi",1,9.5,Australia,Netherlands,SPD Smith,DA Warner,LV van Beek,1,0,,,,,,,,,
1384415,2023/24,2023-10-25,"Arun Jaitley Stadium, Delhi",1,9.6,Australia,Netherlands,DA Warner,SPD Smith,LV van Beek,0,0,,,,,,,,,
1384415,2023/24,2023-10-25,"Arun Jaitley Stadium, Delhi",1,10.1,Australia,Netherlands,SPD Smith,DA Warner,PA van Meekeren,0,0,,,,,,,,,
1384415,2023/24,2023-10-25,"Arun Jaitley Stadium, Delhi",1,10.2,Australia,Netherlands,SPD Smith,DA Warner,PA van Meekeren,1,0,,,,,,,,,
1384415,2023/24,2023-10-25,"Arun Jaitley Stadium, Delhi",1,10.3,Australia,Netherlands,DA Warner,SPD Smith,PA van Meekeren,0,0,,,,,,,,,
1384415,2023/24,2023-10-25,"Arun Jaitley Stadium, Delhi",1,10.4,Australia,Netherlands,DA Warner,SPD Smith,PA van Meekeren,0,0,,,,,,,,,
1384415,2023/24,2023-10-25,"Arun Jaitley Stadium, Delhi",1,10.5,Australia,Netherlands,DA Warner,SPD Smith,PA van Meekeren,0,0,,,,,,,,,
1384415,2023/24,2023-10-25,"Arun Jaitley Stadium, Delhi",1,10.6,Australia,Netherlands,DA Warner,SPD Smith,PA van Meekeren,1,0,,,,,,,,,
1384415,2023/24,2023-10-25,"Arun Jaitley Stadium, Delhi",1,11.1,Australia,Netherlands,DA Warner,SPD Smith,Vikramjit Singh,1,0,,,,,,,,,
1384415,2023/24,2023-10-25,"Arun Jaitley Stadium, Delhi",1,11.2,Australia,Netherlands,SPD Smith,DA Warner,Vikramjit Singh,0,0,,,,,,,,,
1384415,2023/24,2023-10-25,"Arun Jaitley Stadium, Delhi",1,11.3,Australia,Netherlands,SPD Smith,DA Warner,Vikramjit Singh,0,0,,,,,,,,,
1384415,2023/24,2023-10-25,"Arun Jaitley Stadium, Delhi",1,11.4,Australia,Netherlands,SPD Smith,DA Warner,Vikramjit Singh,1,0,,,,,,,,,
1384415,2023/24,2023-10-25,"Arun Jaitley Stadium, Delhi",1,11.5,Australia,Netherlands,DA Warner,SPD Smith,Vikramjit Singh,0,0,,,,,,,,,
1384415,2023/24,2023-10-25,"Arun Jaitley Stadium, Delhi",1,11.6,Australia,Netherlands,DA Warner,SPD Smith,Vikramjit Singh,1,0,,,,,,,,,
1384415,2023/24,2023-10-25,"Arun Jaitley Stadium, Delhi",1,12.1,Australia,Netherlands,DA Warner,SPD Smith,PA van Meekeren,1,0,,,,,,,,,
1384415,2023/24,2023-10-25,"Arun Jaitley Stadium, Delhi",1,12.2,Australia,Netherlands,SPD Smith,DA Warner,PA van Meekeren,1,0,,,,,,,,,
1384415,2023/24,2023-10-25,"Arun Jaitley Stadium, Delhi",1,12.3,Australia,Netherlands,DA Warner,SPD Smith,PA van Meekeren,1,0,,,,,,,,,
1384415,2023/24,2023-10-25,"Arun Jaitley Stadium, Delhi",1,12.4,Australia,Netherlands,SPD Smith,DA Warner,PA van Meekeren,0,0,,,,,,,,,
1384415,2023/24,2023-10-25,"Arun Jaitley Stadium, Delhi",1,12.5,Australia,Netherlands,SPD Smith,DA Warner,PA van Meekeren,4,0,,,,,,,,,
1384415,2023/24,2023-10-25,"Arun Jaitley Stadium, Delhi",1,12.6,Australia,Netherlands,SPD Smith,DA Warner,PA van Meekeren,1,0,,,,,,,,,
1384415,2023/24,2023-10-25,"Arun Jaitley Stadium, Delhi",1,13.1,Australia,Netherlands,SPD Smith,DA Warner,Vikramjit Singh,0,1,1,,,,,,,,
1384415,2023/24,2023-10-25,"Arun Jaitley Stadium, Delhi",1,13.2,Australia,Netherlands,SPD Smith,DA Warner,Vikramjit Singh,0,0,,,,,,,,,
1384415,2023/24,2023-10-25,"Arun Jaitley Stadium, Delhi",1,13.3,Australia,Netherlands,SPD Smith,DA Warner,Vikramjit Singh,0,0,,,,,,,,,
1384415,2023/24,2023-10-25,"Arun Jaitley Stadium, Delhi",1,13.4,Australia,Netherlands,SPD Smith,DA Warner,Vikramjit Singh,1,0,,,,,,,,,
1384415,2023/24,2023-10-25,"Arun Jaitley Stadium, Delhi",1,13.5,Australia,Netherlands,DA Warner,SPD Smith,Vikramjit Singh,0,0,,,,,,,,,
1384415,2023/24,2023-10-25,"Arun Jaitley Stadium, Delhi",1,13.6,Australia,Netherlands,DA Warner,SPD Smith,Vikramjit Singh,4,0,,,,,,,,,
1384415,2023/24,2023-10-25,"Arun Jaitley Stadium, Delhi",1,13.7,Australia,Netherlands,DA Warner,SPD Smith,Vikramjit Singh,0,0,,,,,,,,,
1384415,2023/24,2023-10-25,"Arun Jaitley Stadium, Delhi",1,14.1,Australia,Netherlands,SPD Smith,DA Warner,CN Ackermann,0,0,,,,,,,,,
1384415,2023/24,2023-10-25,"Arun Jaitley Stadium, Delhi",1,14.2,Australia,Netherlands,SPD Smith,DA Warner,CN Ackermann,0,0,,,,,,,,,
1384415,2023/24,2023-10-25,"Arun Jaitley Stadium, Delhi",1,14.3,Australia,Netherlands,SPD Smith,DA Warner,CN Ackermann,1,0,,,,,,,,,
1384415,2023/24,2023-10-25,"Arun Jaitley Stadium, Delhi",1,14.4,Australia,Netherlands,DA Warner,SPD Smith,CN Ackermann,1,0,,,,,,,,,
1384415,2023/24,2023-10-25,"Arun Jaitley Stadium, Delhi",1,14.5,Australia,Netherlands,SPD Smith,DA Warner,CN Ackermann,0,0,,,,,,,,,
1384415,2023/24,2023-10-25,"Arun Jaitley Stadium, Delhi",1,14.6,Australia,Netherlands,SPD Smith,DA Warner,CN Ackermann,1,0,,,,,,,,,
1384415,2023/24,2023-10-25,"Arun Jaitley Stadium, Delhi",1,15.1,Australia,Netherlands,SPD Smith,DA Warner,Vikramjit Singh,0,0,,,,,,,,,
1384415,2023/24,2023-10-25,"Arun Jaitley Stadium, Delhi",1,15.2,Australia,Netherlands,SPD Smith,DA Warner,Vikramjit Singh,0,0,,,,,,,,,
1384415,2023/24,2023-10-25,"Arun Jaitley Stadium, Delhi",1,15.3,Australia,Netherlands,SPD Smith,DA Warner,Vikramjit Singh,1,0,,,,,,,,,
1384415,2023/24,2023-10-25,"Arun Jaitley Stadium, Delhi",1,15.4,Australia,Netherlands,DA Warner,SPD Smith,Vikramjit Singh,1,0,,,,,,,,,
1384415,2023/24,2023-10-25,"Arun Jaitley Stadium, Delhi",1,15.5,Australia,Netherlands,SPD Smith,DA Warner,Vikramjit Singh,0,0,,,,,,,,,
1384415,2023/24,2023-10-25,"Arun Jaitley Stadium, Delhi",1,15.6,Australia,Netherlands,SPD Smith,DA Warner,Vikramjit Singh,0,0,,,,,,,,,
1384415,2023/24,2023-10-25,"Arun Jaitley Stadium, Delhi",1,16.1,Australia,Netherlands,DA Warner,SPD Smith,CN Ackermann,0,0,,,,,,,,,
1384415,2023/24,2023-10-25,"Arun Jaitley Stadium, Delhi",1,16.2,Australia,Netherlands,DA Warner,SPD Smith,CN Ackermann,1,0,,,,,,,,,
1384415,2023/24,2023-10-25,"Arun Jaitley Stadium, Delhi",1,16.3,Australia,Netherlands,SPD Smith,DA Warner,CN Ackermann,1,0,,,,,,,,,
1384415,2023/24,2023-10-25,"Arun Jaitley Stadium, Delhi",1,16.4,Australia,Netherlands,DA Warner,SPD Smith,CN Ackermann,6,0,,,,,,,,,
1384415,2023/24,2023-10-25,"Arun Jaitley Stadium, Delhi",1,16.5,Australia,Netherlands,DA Warner,SPD Smith,CN Ackermann,1,0,,,,,,,,,
1384415,2023/24,2023-10-25,"Arun Jaitley Stadium, Delhi",1,16.6,Australia,Netherlands,SPD Smith,DA Warner,CN Ackermann,0,0,,,,,,,,,
1384415,2023/24,2023-10-25,"Arun Jaitley Stadium, Delhi",1,17.1,Australia,Netherlands,DA Warner,SPD Smith,Vikramjit Singh,6,0,,,,,,,,,
1384415,2023/24,2023-10-25,"Arun Jaitley Stadium, Delhi",1,17.2,Australia,Netherlands,DA Warner,SPD Smith,Vikramjit Singh,4,0,,,,,,,,,
1384415,2023/24,2023-10-25,"Arun Jaitley Stadium, Delhi",1,17.3,Australia,Netherlands,DA Warner,SPD Smith,Vikramjit Singh,0,0,,,,,,,,,
1384415,2023/24,2023-10-25,"Arun Jaitley Stadium, Delhi",1,17.4,Australia,Netherlands,DA Warner,SPD Smith,Vikramjit Singh,0,0,,,,,,,,,
1384415,2023/24,2023-10-25,"Arun Jaitley Stadium, Delhi",1,17.5,Australia,Netherlands,DA Warner,SPD Smith,Vikramjit Singh,4,0,,,,,,,,,
1384415,2023/24,2023-10-25,"Arun Jaitley Stadium, Delhi",1,17.6,Australia,Netherlands,DA Warner,SPD Smith,Vikramjit Singh,2,0,,,,,,,,,
1384415,2023/24,2023-10-25,"Arun Jaitley Stadium, Delhi",1,18.1,Australia,Netherlands,SPD Smith,DA Warner,CN Ackermann,0,0,,,,,,,,,
1384415,2023/24,2023-10-25,"Arun Jaitley Stadium, Delhi",1,18.2,Australia,Netherlands,SPD Smith,DA Warner,CN Ackermann,1,0,,,,,,,,,
1384415,2023/24,2023-10-25,"Arun Jaitley Stadium, Delhi",1,18.3,Australia,Netherlands,DA Warner,SPD Smith,CN Ackermann,0,0,,,,,,,,,
1384415,2023/24,2023-10-25,"Arun Jaitley Stadium, Delhi",1,18.4,Australia,Netherlands,DA Warner,SPD Smith,CN Ackermann,1,0,,,,,,,,,
1384415,2023/24,2023-10-25,"Arun Jaitley Stadium, Delhi",1,18.5,Australia,Netherlands,SPD Smith,DA Warner,CN Ackermann,1,0,,,,,,,,,
1384415,2023/24,2023-10-25,"Arun Jaitley Stadium, Delhi",1,18.6,Australia,Netherlands,DA Warner,SPD Smith,CN Ackermann,1,0,,,,,,,,,
1384415,2023/24,2023-10-25,"Arun Jaitley Stadium, Delhi",1,19.1,Australia,Netherlands,DA Warner,SPD Smith,RE van der Merwe,1,0,,,,,,,,,
1384415,2023/24,2023-10-25,"Arun Jaitley Stadium, Delhi",1,19.2,Australia,Netherlands,SPD Smith,DA Warner,RE van der Merwe,1,0,,,,,,,,,
1384415,2023/24,2023-10-25,"Arun Jaitley Stadium, Delhi",1,19.3,Australia,Netherlands,DA Warner,SPD Smith,RE van der Merwe,1,0,,,,,,,,,
1384415,2023/24,2023-10-25,"Arun Jaitley Stadium, Delhi",1,19.4,Australia,Netherlands,SPD Smith,DA Warner,RE van der Merwe,0,0,,,,,,,,,
1384415,2023/24,2023-10-25,"Arun Jaitley Stadium, Delhi",1,19.5,Australia,Netherlands,SPD Smith,DA Warner,RE van der Merwe,0,0,,,,,,,,,
1384415,2023/24,2023-10-25,"Arun Jaitley Stadium, Delhi",1,19.6,Australia,Netherlands,SPD Smith,DA Warner,RE van der Merwe,2,0,,,,,,,,,
1384415,2023/24,2023-10-25,"Arun Jaitley Stadium, Delhi",1,20.1,Australia,Netherlands,DA Warner,SPD Smith,BFW de Leede,1,0,,,,,,,,,
1384415,2023/24,2023-10-25,"Arun Jaitley Stadium, Delhi",1,20.2,Australia,Netherlands,SPD Smith,DA Warner,BFW de Leede,1,0,,,,,,,,,
1384415,2023/24,2023-10-25,"Arun Jaitley Stadium, Delhi",1,20.3,Australia,Netherlands,DA Warner,SPD Smith,BFW de Leede,1,0,,,,,,,,,
1384415,2023/24,2023-10-25,"Arun Jaitley Stadium, Delhi",1,20.4,Australia,Netherlands,SPD Smith,DA Warner,BFW de Leede,0,0,,,,,,,,,
1384415,2023/24,2023-10-25,"Arun Jaitley Stadium, Delhi",1,20.5,Australia,Netherlands,SPD Smith,DA Warner,BFW de Leede,4,0,,,,,,,,,
1384415,2023/24,2023-10-25,"Arun Jaitley Stadium, Delhi",1,20.6,Australia,Netherlands,SPD Smith,DA Warner,BFW de Leede,0,0,,,,,,,,,
1384415,2023/24,2023-10-25,"Arun Jaitley Stadium, Delhi",1,21.1,Australia,Netherlands,DA Warner,SPD Smith,RE van der Merwe,6,0,,,,,,,,,
1384415,2023/24,2023-10-25,"Arun Jaitley Stadium, Delhi",1,21.2,Australia,Netherlands,DA Warner,SPD Smith,RE van der Merwe,0,0,,,,,,,,,
1384415,2023/24,2023-10-25,"Arun Jaitley Stadium, Delhi",1,21.3,Australia,Netherlands,DA Warner,SPD Smith,RE van der Merwe,0,0,,,,,,,,,
1384415,2023/24,2023-10-25,"Arun Jaitley Stadium, Delhi",1,21.4,Australia,Netherlands,DA Warner,SPD Smith,RE van der Merwe,1,0,,,,,,,,,
1384415,2023/24,2023-10-25,"Arun Jaitley Stadium, Delhi",1,21.5,Australia,Netherlands,SPD Smith,DA Warner,RE van der Merwe,0,0,,,,,,,,,
1384415,2023/24,2023-10-25,"Arun Jaitley Stadium, Delhi",1,21.6,Australia,Netherlands,SPD Smith,DA Warner,RE van der Merwe,1,0,,,,,,,,,
1384415,2023/24,2023-10-25,"Arun Jaitley Stadium, Delhi",1,22.1,Australia,Netherlands,SPD Smith,DA Warner,BFW de Leede,6,0,,,,,,,,,
1384415,2023/24,2023-10-25,"Arun Jaitley Stadium, Delhi",1,22.2,Australia,Netherlands,SPD Smith,DA Warner,BFW de Leede,4,0,,,,,,,,,
1384415,2023/24,2023-10-25,"Arun Jaitley Stadium, Delhi",1,22.3,Australia,Netherlands,SPD Smith,DA Warner,BFW de Leede,1,0,,,,,,,,,
1384415,2023/24,2023-10-25,"Arun Jaitley Stadium, Delhi",1,22.4,Australia,Netherlands,DA Warner,SPD Smith,BFW de Leede,4,0,,,,,,,,,
1384415,2023/24,2023-10-25,"Arun Jaitley Stadium, Delhi",1,22.5,Australia,Netherlands,DA Warner,SPD Smith,BFW de Leede,0,0,,,,,,,,,
1384415,2023/24,2023-10-25,"Arun Jaitley Stadium, Delhi",1,22.6,Australia,Netherlands,DA Warner,SPD Smith,BFW de Leede,4,0,,,,,,,,,
1384415,2023/24,2023-10-25,"Arun Jaitley Stadium, Delhi",1,23.1,Australia,Netherlands,SPD Smith,DA Warner,A Dutt,0,0,,,,,,,,,
1384415,2023/24,2023-10-25,"Arun Jaitley Stadium, Delhi",1,23.2,Australia,Netherlands,SPD Smith,DA Warner,A Dutt,2,0,,,,,,,,,
1384415,2023/24,2023-10-25,"Arun Jaitley Stadium, Delhi",1,23.3,Australia,Netherlands,SPD Smith,DA Warner,A Dutt,0,0,,,,,,caught,SPD Smith,,
1384415,2023/24,2023-10-25,"Arun Jaitley Stadium, Delhi",1,23.4,Australia,Netherlands,M Labuschagne,DA Warner,A Dutt,1,0,,,,,,,,,
1384415,2023/24,2023-10-25,"Arun Jaitley Stadium, Delhi",1,23.5,Australia,Netherlands,DA Warner,M Labuschagne,A Dutt,0,0,,,,,,,,,
1384415,2023/24,2023-10-25,"Arun Jaitley Stadium, Delhi",1,23.6,Australia,Netherlands,DA Warner,M Labuschagne,A Dutt,1,0,,,,,,,,,
1384415,2023/24,2023-10-25,"Arun Jaitley Stadium, Delhi",1,24.1,Australia,Netherlands,DA Warner,M Labuschagne,LV van Beek,0,0,,,,,,,,,
1384415,2023/24,2023-10-25,"Arun Jaitley Stadium, Delhi",1,24.2,Australia,Netherlands,DA Warner,M Labuschagne,LV van Beek,1,0,,,,,,,,,
1384415,2023/24,2023-10-25,"Arun Jaitley Stadium, Delhi",1,24.3,Australia,Netherlands,M Labuschagne,DA Warner,LV van Beek,2,0,,,,,,,,,
1384415,2023/24,2023-10-25,"Arun Jaitley Stadium, Delhi",1,24.4,Australia,Netherlands,M Labuschagne,DA Warner,LV van Beek,0,0,,,,,,,,,
1384415,2023/24,2023-10-25,"Arun Jaitley Stadium, Delhi",1,24.5,Australia,Netherlands,M Labuschagne,DA Warner,LV van Beek,0,0,,,,,,,,,
1384415,2023/24,2023-10-25,"Arun Jaitley Stadium, Delhi",1,24.6,Australia,Netherlands,M Labuschagne,DA Warner,LV van Beek,1,0,,,,,,,,,
1384415,2023/24,2023-10-25,"Arun Jaitley Stadium, Delhi",1,25.1,Australia,Netherlands,M Labuschagne,DA Warner,A Dutt,1,0,,,,,,,,,
1384415,2023/24,2023-10-25,"Arun Jaitley Stadium, Delhi",1,25.2,Australia,Netherlands,DA Warner,M Labuschagne,A Dutt,1,0,,,,,,,,,
1384415,2023/24,2023-10-25,"Arun Jaitley Stadium, Delhi",1,25.3,Australia,Netherlands,M Labuschagne,DA Warner,A Dutt,4,0,,,,,,,,,
1384415,2023/24,2023-10-25,"Arun Jaitley Stadium, Delhi",1,25.4,Australia,Netherlands,M Labuschagne,DA Warner,A Dutt,1,0,,,,,,,,,
1384415,2023/24,2023-10-25,"Arun Jaitley Stadium, Delhi",1,25.5,Australia,Netherlands,DA Warner,M Labuschagne,A Dutt,0,0,,,,,,,,,
1384415,2023/24,2023-10-25,"Arun Jaitley Stadium, Delhi",1,25.6,Australia,Netherlands,DA Warner,M Labuschagne,A Dutt,0,0,,,,,,,,,
1384415,2023/24,2023-10-25,"Arun Jaitley Stadium, Delhi",1,26.1,Australia,Netherlands,M Labuschagne,DA Warner,LV van Beek,0,0,,,,,,,,,
1384415,2023/24,2023-10-25,"Arun Jaitley Stadium, Delhi",1,26.2,Australia,Netherlands,M Labuschagne,DA Warner,LV van Beek,0,0,,,,,,,,,
1384415,2023/24,2023-10-25,"Arun Jaitley Stadium, Delhi",1,26.3,Australia,Netherlands,M Labuschagne,DA Warner,LV van Beek,0,0,,,,,,,,,
1384415,2023/24,2023-10-25,"Arun Jaitley Stadium, Delhi",1,26.4,Australia,Netherlands,M Labuschagne,DA Warner,LV van Beek,1,0,,,,,,,,,
1384415,2023/24,2023-10-25,"Arun Jaitley Stadium, Delhi",1,26.5,Australia,Netherlands,DA Warner,M Labuschagne,LV van Beek,2,0,,,,,,,,,
1384415,2023/24,2023-10-25,"Arun Jaitley Stadium, Delhi",1,26.6,Australia,Netherlands,DA Warner,M Labuschagne,LV van Beek,0,0,,,,,,,,,
1384415,2023/24,2023-10-25,"Arun Jaitley Stadium, Delhi",1,27.1,Australia,Netherlands,M Labuschagne,DA Warner,A Dutt,0,0,,,,,,,,,
1384415,2023/24,2023-10-25,"Arun Jaitley Stadium, Delhi",1,27.2,Australia,Netherlands,M Labuschagne,DA Warner,A Dutt,1,0,,,,,,,,,
1384415,2023/24,2023-10-25,"Arun Jaitley Stadium, Delhi",1,27.3,Australia,Netherlands,DA Warner,M Labuschagne,A Dutt,0,0,,,,,,,,,
1384415,2023/24,2023-10-25,"Arun Jaitley Stadium, Delhi",1,27.4,Australia,Netherlands,DA Warner,M Labuschagne,A Dutt,1,0,,,,,,,,,
1384415,2023/24,2023-10-25,"Arun Jaitley Stadium, Delhi",1,27.5,Australia,Netherlands,M Labuschagne,DA Warner,A Dutt,2,0,,,,,,,,,
1384415,2023/24,2023-10-25,"Arun Jaitley Stadium, Delhi",1,27.6,Australia,Netherlands,M Labuschagne,DA Warner,A Dutt,0,0,,,,,,,,,
1384415,2023/24,2023-10-25,"Arun Jaitley Stadium, Delhi",1,28.1,Australia,Netherlands,DA Warner,M Labuschagne,PA van Meekeren,0,0,,,,,,,,,
1384415,2023/24,2023-10-25,"Arun Jaitley Stadium, Delhi",1,28.2,Australia,Netherlands,DA Warner,M Labuschagne,PA van Meekeren,2,0,,,,,,,,,
1384415,2023/24,2023-10-25,"Arun Jaitley Stadium, Delhi",1,28.3,Australia,Netherlands,DA Warner,M Labuschagne,PA van Meekeren,0,0,,,,,,,,,
1384415,2023/24,2023-10-25,"Arun Jaitley Stadium, Delhi",1,28.4,Australia,Netherlands,DA Warner,M Labuschagne,PA van Meekeren,0,0,,,,,,,,,
1384415,2023/24,2023-10-25,"Arun Jaitley Stadium, Delhi",1,28.5,Australia,Netherlands,DA Warner,M Labuschagne,PA van Meekeren,1,0,,,,,,,,,
1384415,2023/24,2023-10-25,"Arun Jaitley Stadium, Delhi",1,28.6,Australia,Netherlands,M Labuschagne,DA Warner,PA van Meekeren,0,1,1,,,,,,,,
1384415,2023/24,2023-10-25,"Arun Jaitley Stadium, Delhi",1,28.7,Australia,Netherlands,M Labuschagne,DA Warner,PA van Meekeren,1,0,,,,,,,,,
1384415,2023/24,2023-10-25,"Arun Jaitley Stadium, Delhi",1,29.1,Australia,Netherlands,M Labuschagne,DA Warner,A Dutt,0,0,,,,,,,,,
1384415,2023/24,2023-10-25,"Arun Jaitley Stadium, Delhi",1,29.2,Australia,Netherlands,M Labuschagne,DA Warner,A Dutt,0,0,,,,,,,,,
1384415,2023/24,2023-10-25,"Arun Jaitley Stadium, Delhi",1,29.3,Australia,Netherlands,M Labuschagne,DA Warner,A Dutt,1,0,,,,,,,,,
1384415,2023/24,2023-10-25,"Arun Jaitley Stadium, Delhi",1,29.4,Australia,Netherlands,DA Warner,M Labuschagne,A Dutt,1,0,,,,,,,,,
1384415,2023/24,2023-10-25,"Arun Jaitley Stadium, Delhi",1,29.5,Australia,Netherlands,M Labuschagne,DA Warner,A Dutt,4,0,,,,,,,,,
1384415,2023/24,2023-10-25,"Arun Jaitley Stadium, Delhi",1,29.6,Australia,Netherlands,M Labuschagne,DA Warner,A Dutt,1,0,,,,,,,,,
1384415,2023/24,2023-10-25,"Arun Jaitley Stadium, Delhi",1,30.1,Australia,Netherlands,M Labuschagne,DA Warner,PA van Meekeren,0,0,,,,,,,,,
1384415,2023/24,2023-10-25,"Arun Jaitley Stadium, Delhi",1,30.2,Australia,Netherlands,M Labuschagne,DA Warner,PA van Meekeren,1,0,,,,,,,,,
1384415,2023/24,2023-10-25,"Arun Jaitley Stadium, Delhi",1,30.3,Australia,Netherlands,DA Warner,M Labuschagne,PA van Meekeren,1,0,,,,,,,,,
1384415,2023/24,2023-10-25,"Arun Jaitley Stadium, Delhi",1,30.4,Australia,Netherlands,M Labuschagne,DA Warner,PA van Meekeren,0,1,1,,,,,,,,
1384415,2023/24,2023-10-25,"Arun Jaitley Stadium, Delhi",1,30.5,Australia,Netherlands,M Labuschagne,DA Warner,PA van Meekeren,4,0,,,,,,,,,
1384415,2023/24,2023-10-25,"Arun Jaitley Stadium, Delhi",1,30.6,Australia,Netherlands,M Labuschagne,DA Warner,PA van Meekeren,0,0,,,,,,,,,
1384415,2023/24,2023-10-25,"Arun Jaitley Stadium, Delhi",1,30.7,Australia,Netherlands,M Labuschagne,DA Warner,PA van Meekeren,0,0,,,,,,,,,
1384415,2023/24,2023-10-25,"Arun Jaitley Stadium, Delhi",1,31.1,Australia,Netherlands,DA Warner,M Labuschagne,RE van der Merwe,0,0,,,,,,,,,
1384415,2023/24,2023-10-25,"Arun Jaitley Stadium, Delhi",1,31.2,Australia,Netherlands,DA Warner,M Labuschagne,RE van der Merwe,1,0,,,,,,,,,
1384415,2023/24,2023-10-25,"Arun Jaitley Stadium, Delhi",1,31.3,Australia,Netherlands,M Labuschagne,DA Warner,RE van der Merwe,1,0,,,,,,,,,
1384415,2023/24,2023-10-25,"Arun Jaitley Stadium, Delhi",1,31.4,Australia,Netherlands,DA Warner,M Labuschagne,RE van der Merwe,1,0,,,,,,,,,
1384415,2023/24,2023-10-25,"Arun Jaitley Stadium, Delhi",1,31.5,Australia,Netherlands,M Labuschagne,DA Warner,RE van der Merwe,0,0,,,,,,,,,
1384415,2023/24,2023-10-25,"Arun Jaitley Stadium, Delhi",1,31.6,Australia,Netherlands,M Labuschagne,DA Warner,RE van der Merwe,0,1,1,,,,,,,,
1384415,2023/24,2023-10-25,"Arun Jaitley Stadium, Delhi",1,31.7,Australia,Netherlands,M Labuschagne,DA Warner,RE van der Merwe,0,0,,,,,,,,,
1384415,2023/24,2023-10-25,"Arun Jaitley Stadium, Delhi",1,32.1,Australia,Netherlands,DA Warner,M Labuschagne,BFW de Leede,4,0,,,,,,,,,
1384415,2023/24,2023-10-25,"Arun Jaitley Stadium, Delhi",1,32.2,Australia,Netherlands,DA Warner,M Labuschagne,BFW de Leede,1,0,,,,,,,,,
1384415,2023/24,2023-10-25,"Arun Jaitley Stadium, Delhi",1,32.3,Australia,Netherlands,M Labuschagne,DA Warner,BFW de Leede,4,0,,,,,,,,,
1384415,2023/24,2023-10-25,"Arun Jaitley Stadium, Delhi",1,32.4,Australia,Netherlands,M Labuschagne,DA Warner,BFW de Leede,0,0,,,,,,,,,
1384415,2023/24,2023-10-25,"Arun Jaitley Stadium, Delhi",1,32.5,Australia,Netherlands,M Labuschagne,DA Warner,BFW de Leede,0,0,,,,,,,,,
1384415,2023/24,2023-10-25,"Arun Jaitley Stadium, Delhi",1,32.6,Australia,Netherlands,M Labuschagne,DA Warner,BFW de Leede,1,0,,,,,,,,,
1384415,2023/24,2023-10-25,"Arun Jaitley Stadium, Delhi",1,33.1,Australia,Netherlands,M Labuschagne,DA Warner,RE van der Merwe,6,0,,,,,,,,,
1384415,2023/24,2023-10-25,"Arun Jaitley Stadium, Delhi",1,33.2,Australia,Netherlands,M Labuschagne,DA Warner,RE van der Merwe,4,0,,,,,,,,,
1384415,2023/24,2023-10-25,"Arun Jaitley Stadium, Delhi",1,33.3,Australia,Netherlands,M Labuschagne,DA Warner,RE van der Merwe,0,0,,,,,,,,,
1384415,2023/24,2023-10-25,"Arun Jaitley Stadium, Delhi",1,33.4,Australia,Netherlands,M Labuschagne,DA Warner,RE van der Merwe,4,0,,,,,,,,,
1384415,2023/24,2023-10-25,"Arun Jaitley Stadium, Delhi",1,33.5,Australia,Netherlands,M Labuschagne,DA Warner,RE van der Merwe,0,0,,,,,,,,,
1384415,2023/24,2023-10-25,"Arun Jaitley Stadium, Delhi",1,33.6,Australia,Netherlands,M Labuschagne,DA Warner,RE van der Merwe,1,0,,,,,,,,,
1384415,2023/24,2023-10-25,"Arun Jaitley Stadium, Delhi",1,34.1,Australia,Netherlands,M Labuschagne,DA Warner,BFW de Leede,2,0,,,,,,,,,
1384415,2023/24,2023-10-25,"Arun Jaitley Stadium, Delhi",1,34.2,Australia,Netherlands,M Labuschagne,DA Warner,BFW de Leede,1,0,,,,,,,,,
1384415,2023/24,2023-10-25,"Arun Jaitley Stadium, Delhi",1,34.3,Australia,Netherlands,DA Warner,M Labuschagne,BFW de Leede,0,0,,,,,,,,,
1384415,2023/24,2023-10-25,"Arun Jaitley Stadium, Delhi",1,34.4,Australia,Netherlands,DA Warner,M Labuschagne,BFW de Leede,0,0,,,,,,,,,
1384415,2023/24,2023-10-25,"Arun Jaitley Stadium, Delhi",1,34.5,Australia,Netherlands,DA Warner,M Labuschagne,BFW de Leede,0,0,,,,,,,,,
1384415,2023/24,2023-10-25,"Arun Jaitley Stadium, Delhi",1,34.6,Australia,Netherlands,DA Warner,M Labuschagne,BFW de Leede,0,0,,,,,,,,,
1384415,2023/24,2023-10-25,"Arun Jaitley Stadium, Delhi",1,35.1,Australia,Netherlands,M Labuschagne,DA Warner,A Dutt,6,0,,,,,,,,,
1384415,2023/24,2023-10-25,"Arun Jaitley Stadium, Delhi",1,35.2,Australia,Netherlands,M Labuschagne,DA Warner,A Dutt,4,0,,,,,,,,,
1384415,2023/24,2023-10-25,"Arun Jaitley Stadium, Delhi",1,35.3,Australia,Netherlands,M Labuschagne,DA Warner,A Dutt,1,0,,,,,,,,,
1384415,2023/24,2023-10-25,"Arun Jaitley Stadium, Delhi",1,35.4,Australia,Netherlands,DA Warner,M Labuschagne,A Dutt,0,0,,,,,,,,,
1384415,2023/24,2023-10-25,"Arun Jaitley Stadium, Delhi",1,35.5,Australia,Netherlands,DA Warner,M Labuschagne,A Dutt,1,0,,,,,,,,,
1384415,2023/24,2023-10-25,"Arun Jaitley Stadium, Delhi",1,35.6,Australia,Netherlands,M Labuschagne,DA Warner,A Dutt,1,0,,,,,,,,,
1384415,2023/24,2023-10-25,"Arun Jaitley Stadium, Delhi",1,36.1,Australia,Netherlands,M Labuschagne,DA Warner,BFW de Leede,0,0,,,,,,caught,M Labuschagne,,
1384415,2023/24,2023-10-25,"Arun Jaitley Stadium, Delhi",1,36.2,Australia,Netherlands,JP Inglis,DA Warner,BFW de Leede,0,0,,,,,,,,,
1384415,2023/24,2023-10-25,"Arun Jaitley Stadium, Delhi",1,36.3,Australia,Netherlands,JP Inglis,DA Warner,BFW de Leede,0,0,,,,,,,,,
1384415,2023/24,2023-10-25,"Arun Jaitley Stadium, Delhi",1,36.4,Australia,Netherlands,JP Inglis,DA Warner,BFW de Leede,4,0,,,,,,,,,
1384415,2023/24,2023-10-25,"Arun Jaitley Stadium, Delhi",1,36.5,Australia,Netherlands,JP Inglis,DA Warner,BFW de Leede,0,0,,,,,,,,,
1384415,2023/24,2023-10-25,"Arun Jaitley Stadium, Delhi",1,36.6,Australia,Netherlands,JP Inglis,DA Warner,BFW de Leede,1,0,,,,,,,,,
1384415,2023/24,2023-10-25,"Arun Jaitley Stadium, Delhi",1,37.1,Australia,Netherlands,JP Inglis,DA Warner,LV van Beek,1,0,,,,,,,,,
1384415,2023/24,2023-10-25,"Arun Jaitley Stadium, Delhi",1,37.2,Australia,Netherlands,DA Warner,JP Inglis,LV van Beek,1,0,,,,,,,,,
1384415,2023/24,2023-10-25,"Arun Jaitley Stadium, Delhi",1,37.3,Australia,Netherlands,JP Inglis,DA Warner,LV van Beek,6,0,,,,,,,,,
1384415,2023/24,2023-10-25,"Arun Jaitley Stadium, Delhi",1,37.4,Australia,Netherlands,JP Inglis,DA Warner,LV van Beek,1,0,,,,,,,,,
1384415,2023/24,2023-10-25,"Arun Jaitley Stadium, Delhi",1,37.5,Australia,Netherlands,DA Warner,JP Inglis,LV van Beek,1,0,,,,,,,,,
1384415,2023/24,2023-10-25,"Arun Jaitley Stadium, Delhi",1,37.6,Australia,Netherlands,JP Inglis,DA Warner,LV van Beek,0,0,,,,,,,,,
1384415,2023/24,2023-10-25,"Arun Jaitley Stadium, Delhi",1,38.1,Australia,Netherlands,DA Warner,JP Inglis,BFW de Leede,1,0,,,,,,,,,
1384415,2023/24,2023-10-25,"Arun Jaitley Stadium, Delhi",1,38.2,Australia,Netherlands,JP Inglis,DA Warner,BFW de Leede,1,0,,,,,,,,,
1384415,2023/24,2023-10-25,"Arun Jaitley Stadium, Delhi",1,38.3,Australia,Netherlands,DA Warner,JP Inglis,BFW de Leede,4,0,,,,,,,,,
1384415,2023/24,2023-10-25,"Arun Jaitley Stadium, Delhi",1,38.4,Australia,Netherlands,DA Warner,JP Inglis,BFW de Leede,1,0,,,,,,,,,
1384415,2023/24,2023-10-25,"Arun Jaitley Stadium, Delhi",1,38.5,Australia,Netherlands,JP Inglis,DA Warner,BFW de Leede,0,0,,,,,,,,,
1384415,2023/24,2023-10-25,"Arun Jaitley Stadium, Delhi",1,38.6,Australia,Netherlands,JP Inglis,DA Warner,BFW de Leede,0,0,,,,,,caught,JP Inglis,,
1384415,2023/24,2023-10-25,"Arun Jaitley Stadium, Delhi",1,39.1,Australia,Netherlands,DA Warner,GJ Maxwell,LV van Beek,0,1,1,,,,,,,,
1384415,2023/24,2023-10-25,"Arun Jaitley Stadium, Delhi",1,39.2,Australia,Netherlands,DA Warner,GJ Maxwell,LV van Beek,0,0,,,,,,caught,DA Warner,,
1384415,2023/24,2023-10-25,"Arun Jaitley Stadium, Delhi",1,39.3,Australia,Netherlands,C Green,GJ Maxwell,LV van Beek,0,0,,,,,,,,,
1384415,2023/24,2023-10-25,"Arun Jaitley Stadium, Delhi",1,39.4,Australia,Netherlands,C Green,GJ Maxwell,LV van Beek,0,0,,,,,,,,,
1384415,2023/24,2023-10-25,"Arun Jaitley Stadium, Delhi",1,39.5,Australia,Netherlands,C Green,GJ Maxwell,LV van Beek,0,0,,,,,,,,,
1384415,2023/24,2023-10-25,"Arun Jaitley Stadium, Delhi",1,39.6,Australia,Netherlands,C Green,GJ Maxwell,LV van Beek,0,0,,,,,,,,,
1384415,2023/24,2023-10-25,"Arun Jaitley Stadium, Delhi",1,39.7,Australia,Netherlands,C Green,GJ Maxwell,LV van Beek,1,0,,,,,,,,,
1384415,2023/24,2023-10-25,"Arun Jaitley Stadium, Delhi",1,40.1,Australia,Netherlands,C Green,GJ Maxwell,BFW de Leede,4,0,,,,,,,,,
1384415,2023/24,2023-10-25,"Arun Jaitley Stadium, Delhi",1,40.2,Australia,Netherlands,C Green,GJ Maxwell,BFW de Leede,1,0,,,,,,,,,
1384415,2023/24,2023-10-25,"Arun Jaitley Stadium, Delhi",1,40.3,Australia,Netherlands,GJ Maxwell,C Green,BFW de Leede,0,0,,,,,,,,,
1384415,2023/24,2023-10-25,"Arun Jaitley Stadium, Delhi",1,40.4,Australia,Netherlands,GJ Maxwell,C Green,BFW de Leede,4,0,,,,,,,,,
1384415,2023/24,2023-10-25,"Arun Jaitley Stadium, Delhi",1,40.5,Australia,Netherlands,GJ Maxwell,C Green,BFW de Leede,4,0,,,,,,,,,
1384415,2023/24,2023-10-25,"Arun Jaitley Stadium, Delhi",1,40.6,Australia,Netherlands,GJ Maxwell,C Green,BFW de Leede,1,0,,,,,,,,,
1384415,2023/24,2023-10-25,"Arun Jaitley Stadium, Delhi",1,41.1,Australia,Netherlands,GJ Maxwell,C Green,PA van Meekeren,0,0,,,,,,,,,
1384415,2023/24,2023-10-25,"Arun Jaitley Stadium, Delhi",1,41.2,Australia,Netherlands,GJ Maxwell,C Green,PA van Meekeren,4,0,,,,,,,,,
1384415,2023/24,2023-10-25,"Arun Jaitley Stadium, Delhi",1,41.3,Australia,Netherlands,GJ Maxwell,C Green,PA van Meekeren,1,0,,,,,,,,,
1384415,2023/24,2023-10-25,"Arun Jaitley Stadium, Delhi",1,41.4,Australia,Netherlands,C Green,GJ Maxwell,PA van Meekeren,0,0,,,,,,,,,
1384415,2023/24,2023-10-25,"Arun Jaitley Stadium, Delhi",1,41.5,Australia,Netherlands,C Green,GJ Maxwell,PA van Meekeren,0,0,,,,,,,,,
1384415,2023/24,2023-10-25,"Arun Jaitley Stadium, Delhi",1,41.6,Australia,Netherlands,C Green,GJ Maxwell,PA van Meekeren,1,0,,,,,,,,,
1384415,2023/24,2023-10-25,"Arun Jaitley Stadium, Delhi",1,42.1,Australia,Netherlands,C Green,GJ Maxwell,RE van der Merwe,1,0,,,,,,,,,
1384415,2023/24,2023-10-25,"Arun Jaitley Stadium, Delhi",1,42.2,Australia,Netherlands,GJ Maxwell,C Green,RE van der Merwe,1,0,,,,,,run out,C Green,,
1384415,2023/24,2023-10-25,"Arun Jaitley Stadium, Delhi",1,42.3,Australia,Netherlands,GJ Maxwell,PJ Cummins,RE van der Merwe,4,0,,,,,,,,,
1384415,2023/24,2023-10-25,"Arun Jaitley Stadium, Delhi",1,42.4,Australia,Netherlands,GJ Maxwell,PJ Cummins,RE van der Merwe,2,0,,,,,,,,,
1384415,2023/24,2023-10-25,"Arun Jaitley Stadium, Delhi",1,42.5,Australia,Netherlands,GJ Maxwell,PJ Cummins,RE van der Merwe,1,0,,,,,,,,,
1384415,2023/24,2023-10-25,"Arun Jaitley Stadium, Delhi",1,42.6,Australia,Netherlands,PJ Cummins,GJ Maxwell,RE van der Merwe,0,0,,,,,,,,,
1384415,2023/24,2023-10-25,"Arun Jaitley Stadium, Delhi",1,43.1,Australia,Netherlands,GJ Maxwell,PJ Cummins,PA van Meekeren,4,0,,,,,,,,,
1384415,2023/24,2023-10-25,"Arun Jaitley Stadium, Delhi",1,43.2,Australia,Netherlands,GJ Maxwell,PJ Cummins,PA van Meekeren,0,0,,,,,,,,,
1384415,2023/24,2023-10-25,"Arun Jaitley Stadium, Delhi",1,43.3,Australia,Netherlands,GJ Maxwell,PJ Cummins,PA van Meekeren,0,0,,,,,,,,,
1384415,2023/24,2023-10-25,"Arun Jaitley Stadium, Delhi",1,43.4,Australia,Netherlands,GJ Maxwell,PJ Cummins,PA van Meekeren,0,0,,,,,,,,,
1384415,2023/24,2023-10-25,"Arun Jaitley Stadium, Delhi",1,43.5,Australia,Netherlands,GJ Maxwell,PJ Cummins,PA van Meekeren,2,0,,,,,,,,,
1384415,2023/24,2023-10-25,"Arun Jaitley Stadium, Delhi",1,43.6,Australia,Netherlands,GJ Maxwell,PJ Cummins,PA van Meekeren,2,0,,,,,,,,,
1384415,2023/24,2023-10-25,"Arun Jaitley Stadium, Delhi",1,44.1,Australia,Netherlands,PJ Cummins,GJ Maxwell,BFW de Leede,0,1,1,,,,,,,,
1384415,2023/24,2023-10-25,"Arun Jaitley Stadium, Delhi",1,44.2,Australia,Netherlands,PJ Cummins,GJ Maxwell,BFW de Leede,0,0,,,,,,,,,
1384415,2023/24,2023-10-25,"Arun Jaitley Stadium, Delhi",1,44.3,Australia,Netherlands,PJ Cummins,GJ Maxwell,BFW de Leede,1,0,,,,,,,,,
1384415,2023/24,2023-10-25,"Arun Jaitley Stadium, Delhi",1,44.4,Australia,Netherlands,GJ Maxwell,PJ Cummins,BFW de Leede,1,0,,,,,,,,,
1384415,2023/24,2023-10-25,"Arun Jaitley Stadium, Delhi",1,44.5,Australia,Netherlands,PJ Cummins,GJ Maxwell,BFW de Leede,1,0,,,,,,,,,
1384415,2023/24,2023-10-25,"Arun Jaitley Stadium, Delhi",1,44.6,Australia,Netherlands,GJ Maxwell,PJ Cummins,BFW de Leede,2,0,,,,,,,,,
1384415,2023/24,2023-10-25,"Arun Jaitley Stadium, Delhi",1,44.7,Australia,Netherlands,GJ Maxwell,PJ Cummins,BFW de Leede,1,0,,,,,,,,,
1384415,2023/24,2023-10-25,"Arun Jaitley Stadium, Delhi",1,45.1,Australia,Netherlands,GJ Maxwell,PJ Cummins,PA van Meekeren,1,0,,,,,,,,,
1384415,2023/24,2023-10-25,"Arun Jaitley Stadium, Delhi",1,45.2,Australia,Netherlands,PJ Cummins,GJ Maxwell,PA van Meekeren,1,0,,,,,,,,,
1384415,2023/24,2023-10-25,"Arun Jaitley Stadium, Delhi",1,45.3,Australia,Netherlands,GJ Maxwell,PJ Cummins,PA van Meekeren,4,0,,,,,,,,,
1384415,2023/24,2023-10-25,"Arun Jaitley Stadium, Delhi",1,45.4,Australia,Netherlands,GJ Maxwell,PJ Cummins,PA van Meekeren,6,0,,,,,,,,,
1384415,2023/24,2023-10-25,"Arun Jaitley Stadium, Delhi",1,45.5,Australia,Netherlands,GJ Maxwell,PJ Cummins,PA van Meekeren,0,0,,,,,,,,,
1384415,2023/24,2023-10-25,"Arun Jaitley Stadium, Delhi",1,45.6,Australia,Netherlands,GJ Maxwell,PJ Cummins,PA van Meekeren,1,0,,,,,,,,,
1384415,2023/24,2023-10-25,"Arun Jaitley Stadium, Delhi",1,46.1,Australia,Netherlands,GJ Maxwell,PJ Cummins,BFW de Leede,2,0,,,,,,,,,
1384415,2023/24,2023-10-25,"Arun Jaitley Stadium, Delhi",1,46.2,Australia,Netherlands,GJ Maxwell,PJ Cummins,BFW de Leede,6,0,,,,,,,,,
1384415,2023/24,2023-10-25,"Arun Jaitley Stadium, Delhi",1,46.3,Australia,Netherlands,GJ Maxwell,PJ Cummins,BFW de Leede,0,0,,,,,,,,,
1384415,2023/24,2023-10-25,"Arun Jaitley Stadium, Delhi",1,46.4,Australia,Netherlands,GJ Maxwell,PJ Cummins,BFW de Leede,6,0,,,,,,,,,
1384415,2023/24,2023-10-25,"Arun Jaitley Stadium, Delhi",1,46.5,Australia,Netherlands,GJ Maxwell,PJ Cummins,BFW de Leede,0,0,,,,,,,,,
1384415,2023/24,2023-10-25,"Arun Jaitley Stadium, Delhi",1,46.6,Australia,Netherlands,GJ Maxwell,PJ Cummins,BFW de Leede,1,0,,,,,,,,,
1384415,2023/24,2023-10-25,"Arun Jaitley Stadium, Delhi",1,47.1,Australia,Netherlands,GJ Maxwell,PJ Cummins,LV van Beek,6,0,,,,,,,,,
1384415,2023/24,2023-10-25,"Arun Jaitley Stadium, Delhi",1,47.2,Australia,Netherlands,GJ Maxwell,PJ Cummins,LV van Beek,1,0,,,,,,,,,
1384415,2023/24,2023-10-25,"Arun Jaitley Stadium, Delhi",1,47.3,Australia,Netherlands,PJ Cummins,GJ Maxwell,LV van Beek,0,1,1,,,,,,,,
1384415,2023/24,2023-10-25,"Arun Jaitley Stadium, Delhi",1,47.4,Australia,Netherlands,PJ Cummins,GJ Maxwell,LV van Beek,0,1,1,,,,,,,,
1384415,2023/24,2023-10-25,"Arun Jaitley Stadium, Delhi",1,47.5,Australia,Netherlands,PJ Cummins,GJ Maxwell,LV van Beek,4,0,,,,,,,,,
1384415,2023/24,2023-10-25,"Arun Jaitley Stadium, Delhi",1,47.6,Australia,Netherlands,PJ Cummins,GJ Maxwell,LV van Beek,1,0,,,,,,,,,
1384415,2023/24,2023-10-25,"Arun Jaitley Stadium, Delhi",1,47.7,Australia,Netherlands,GJ Maxwell,PJ Cummins,LV van Beek,6,0,,,,,,,,,
1384415,2023/24,2023-10-25,"Arun Jaitley Stadium, Delhi",1,47.8,Australia,Netherlands,GJ Maxwell,PJ Cummins,LV van Beek,1,0,,,,,,,,,
1384415,2023/24,2023-10-25,"Arun Jaitley Stadium, Delhi",1,48.1,Australia,Netherlands,GJ Maxwell,PJ Cummins,BFW de Leede,4,0,,,,,,,,,
1384415,2023/24,2023-10-25,"Arun Jaitley Stadium, Delhi",1,48.2,Australia,Netherlands,GJ Maxwell,PJ Cummins,BFW de Leede,4,0,,,,,,,,,
1384415,2023/24,2023-10-25,"Arun Jaitley Stadium, Delhi",1,48.3,Australia,Netherlands,GJ Maxwell,PJ Cummins,BFW de Leede,6,0,,,,,,,,,
1384415,2023/24,2023-10-25,"Arun Jaitley Stadium, Delhi",1,48.4,Australia,Netherlands,GJ Maxwell,PJ Cummins,BFW de Leede,6,0,,,,,,,,,
1384415,2023/24,2023-10-25,"Arun Jaitley Stadium, Delhi",1,48.5,Australia,Netherlands,GJ Maxwell,PJ Cummins,BFW de Leede,6,1,,1,,,,,,,
1384415,2023/24,2023-10-25,"Arun Jaitley Stadium, Delhi",1,48.6,Australia,Netherlands,GJ Maxwell,PJ Cummins,BFW de Leede,1,0,,,,,,,,,
1384415,2023/24,2023-10-25,"Arun Jaitley Stadium, Delhi",1,48.7,Australia,Netherlands,PJ Cummins,GJ Maxwell,BFW de Leede,0,0,,,,,,,,,
1384415,2023/24,2023-10-25,"Arun Jaitley Stadium, Delhi",1,49.1,Australia,Netherlands,GJ Maxwell,PJ Cummins,LV van Beek,4,0,,,,,,,,,
1384415,2023/24,2023-10-25,"Arun Jaitley Stadium, Delhi",1,49.2,Australia,Netherlands,GJ Maxwell,PJ Cummins,LV van Beek,0,0,,,,,,,,,
1384415,2023/24,2023-10-25,"Arun Jaitley Stadium, Delhi",1,49.3,Australia,Netherlands,GJ Maxwell,PJ Cummins,LV van Beek,0,0,,,,,,caught,GJ Maxwell,,
1384415,2023/24,2023-10-25,"Arun Jaitley Stadium, Delhi",1,49.4,Australia,Netherlands,MA Starc,PJ Cummins,LV van Beek,0,0,,,,,,caught,MA Starc,,
1384415,2023/24,2023-10-25,"Arun Jaitley Stadium, Delhi",1,49.5,Australia,Netherlands,A Zampa,PJ Cummins,LV van Beek,1,0,,,,,,,,,
1384415,2023/24,2023-10-25,"Arun Jaitley Stadium, Delhi",1,49.6,Australia,Netherlands,PJ Cummins,A Zampa,LV van Beek,0,1,1,,,,,,,,
1384415,2023/24,2023-10-25,"Arun Jaitley Stadium, Delhi",1,49.7,Australia,Netherlands,PJ Cummins,A Zampa,LV van Beek,4,0,,,,,,,,,
1384415,2023/24,2023-10-25,"Arun Jaitley Stadium, Delhi",2,0.1,Netherlands,Australia,Vikramjit Singh,MP O'Dowd,MA Starc,0,0,,,,,,,,,
1384415,2023/24,2023-10-25,"Arun Jaitley Stadium, Delhi",2,0.2,Netherlands,Australia,Vikramjit Singh,MP O'Dowd,MA Starc,0,0,,,,,,,,,
1384415,2023/24,2023-10-25,"Arun Jaitley Stadium, Delhi",2,0.3,Netherlands,Australia,Vikramjit Singh,MP O'Dowd,MA Starc,0,0,,,,,,,,,
1384415,2023/24,2023-10-25,"Arun Jaitley Stadium, Delhi",2,0.4,Netherlands,Australia,Vikramjit Singh,MP O'Dowd,MA Starc,0,0,,,,,,,,,
1384415,2023/24,2023-10-25,"Arun Jaitley Stadium, Delhi",2,0.5,Netherlands,Australia,Vikramjit Singh,MP O'Dowd,MA Starc,0,0,,,,,,,,,
1384415,2023/24,2023-10-25,"Arun Jaitley Stadium, Delhi",2,0.6,Netherlands,Australia,Vikramjit Singh,MP O'Dowd,MA Starc,4,0,,,,,,,,,
1384415,2023/24,2023-10-25,"Arun Jaitley Stadium, Delhi",2,1.1,Netherlands,Australia,MP O'Dowd,Vikramjit Singh,JR Hazlewood,4,0,,,,,,,,,
1384415,2023/24,2023-10-25,"Arun Jaitley Stadium, Delhi",2,1.2,Netherlands,Australia,MP O'Dowd,Vikramjit Singh,JR Hazlewood,1,0,,,,,,,,,
1384415,2023/24,2023-10-25,"Arun Jaitley Stadium, Delhi",2,1.3,Netherlands,Australia,Vikramjit Singh,MP O'Dowd,JR Hazlewood,0,0,,,,,,,,,
1384415,2023/24,2023-10-25,"Arun Jaitley Stadium, Delhi",2,1.4,Netherlands,Australia,Vikramjit Singh,MP O'Dowd,JR Hazlewood,4,0,,,,,,,,,
1384415,2023/24,2023-10-25,"Arun Jaitley Stadium, Delhi",2,1.5,Netherlands,Australia,Vikramjit Singh,MP O'Dowd,JR Hazlewood,4,0,,,,,,,,,
1384415,2023/24,2023-10-25,"Arun Jaitley Stadium, Delhi",2,1.6,Netherlands,Australia,Vikramjit Singh,MP O'Dowd,JR Hazlewood,1,0,,,,,,,,,
1384415,2023/24,2023-10-25,"Arun Jaitley Stadium, Delhi",2,2.1,Netherlands,Australia,Vikramjit Singh,MP O'Dowd,MA Starc,0,0,,,,,,,,,
1384415,2023/24,2023-10-25,"Arun Jaitley Stadium, Delhi",2,2.2,Netherlands,Australia,Vikramjit Singh,MP O'Dowd,MA Starc,4,0,,,,,,,,,
1384415,2023/24,2023-10-25,"Arun Jaitley Stadium, Delhi",2,2.3,Netherlands,Australia,Vikramjit Singh,MP O'Dowd,MA Starc,4,0,,,,,,,,,
1384415,2023/24,2023-10-25,"Arun Jaitley Stadium, Delhi",2,2.4,Netherlands,Australia,Vikramjit Singh,MP O'Dowd,MA Starc,0,1,1,,,,,,,,
1384415,2023/24,2023-10-25,"Arun Jaitley Stadium, Delhi",2,2.5,Netherlands,Australia,Vikramjit Singh,MP O'Dowd,MA Starc,0,0,,,,,,,,,
1384415,2023/24,2023-10-25,"Arun Jaitley Stadium, Delhi",2,2.6,Netherlands,Australia,Vikramjit Singh,MP O'Dowd,MA Starc,0,0,,,,,,,,,
1384415,2023/24,2023-10-25,"Arun Jaitley Stadium, Delhi",2,2.7,Netherlands,Australia,Vikramjit Singh,MP O'Dowd,MA Starc,0,0,,,,,,,,,
1384415,2023/24,2023-10-25,"Arun Jaitley Stadium, Delhi",2,3.1,Netherlands,Australia,MP O'Dowd,Vikramjit Singh,JR Hazlewood,0,0,,,,,,,,,
1384415,2023/24,2023-10-25,"Arun Jaitley Stadium, Delhi",2,3.2,Netherlands,Australia,MP O'Dowd,Vikramjit Singh,JR Hazlewood,1,0,,,,,,,,,
1384415,2023/24,2023-10-25,"Arun Jaitley Stadium, Delhi",2,3.3,Netherlands,Australia,Vikramjit Singh,MP O'Dowd,JR Hazlewood,0,0,,,,,,,,,
1384415,2023/24,2023-10-25,"Arun Jaitley Stadium, Delhi",2,3.4,Netherlands,Australia,Vikramjit Singh,MP O'Dowd,JR Hazlewood,0,0,,,,,,,,,
1384415,2023/24,2023-10-25,"Arun Jaitley Stadium, Delhi",2,3.5,Netherlands,Australia,Vikramjit Singh,MP O'Dowd,JR Hazlewood,0,0,,,,,,,,,
1384415,2023/24,2023-10-25,"Arun Jaitley Stadium, Delhi",2,3.6,Netherlands,Australia,Vikramjit Singh,MP O'Dowd,JR Hazlewood,0,0,,,,,,,,,
1384415,2023/24,2023-10-25,"Arun Jaitley Stadium, Delhi",2,4.1,Netherlands,Australia,MP O'Dowd,Vikramjit Singh,MA Starc,0,0,,,,,,,,,
1384415,2023/24,2023-10-25,"Arun Jaitley Stadium, Delhi",2,4.2,Netherlands,Australia,MP O'Dowd,Vikramjit Singh,MA Starc,0,0,,,,,,,,,
1384415,2023/24,2023-10-25,"Arun Jaitley Stadium, Delhi",2,4.3,Netherlands,Australia,MP O'Dowd,Vikramjit Singh,MA Starc,0,0,,,,,,,,,
1384415,2023/24,2023-10-25,"Arun Jaitley Stadium, Delhi",2,4.4,Netherlands,Australia,MP O'Dowd,Vikramjit Singh,MA Starc,0,0,,,,,,,,,
1384415,2023/24,2023-10-25,"Arun Jaitley Stadium, Delhi",2,4.5,Netherlands,Australia,MP O'Dowd,Vikramjit Singh,MA Starc,0,0,,,,,,bowled,MP O'Dowd,,
1384415,2023/24,2023-10-25,"Arun Jaitley Stadium, Delhi",2,4.6,Netherlands,Australia,CN Ackermann,Vikramjit Singh,MA Starc,0,1,1,,,,,,,,
1384415,2023/24,2023-10-25,"Arun Jaitley Stadium, Delhi",2,4.7,Netherlands,Australia,CN Ackermann,Vikramjit Singh,MA Starc,4,0,,,,,,,,,
1384415,2023/24,2023-10-25,"Arun Jaitley Stadium, Delhi",2,5.1,Netherlands,Australia,Vikramjit Singh,CN Ackermann,JR Hazlewood,0,0,,,,,,,,,
1384415,2023/24,2023-10-25,"Arun Jaitley Stadium, Delhi",2,5.2,Netherlands,Australia,Vikramjit Singh,CN Ackermann,JR Hazlewood,0,0,,,,,,,,,
1384415,2023/24,2023-10-25,"Arun Jaitley Stadium, Delhi",2,5.3,Netherlands,Australia,Vikramjit Singh,CN Ackermann,JR Hazlewood,0,0,,,,,,,,,
1384415,2023/24,2023-10-25,"Arun Jaitley Stadium, Delhi",2,5.4,Netherlands,Australia,Vikramjit Singh,CN Ackermann,JR Hazlewood,4,0,,,,,,,,,
1384415,2023/24,2023-10-25,"Arun Jaitley Stadium, Delhi",2,5.5,Netherlands,Australia,Vikramjit Singh,CN Ackermann,JR Hazlewood,0,0,,,,,,run out,Vikramjit Singh,,
1384415,2023/24,2023-10-25,"Arun Jaitley Stadium, Delhi",2,5.6,Netherlands,Australia,CN Ackermann,SA Engelbrecht,JR Hazlewood,0,0,,,,,,,,,
1384415,2023/24,2023-10-25,"Arun Jaitley Stadium, Delhi",2,6.1,Netherlands,Australia,SA Engelbrecht,CN Ackermann,MA Starc,0,0,,,,,,,,,
1384415,2023/24,2023-10-25,"Arun Jaitley Stadium, Delhi",2,6.2,Netherlands,Australia,SA Engelbrecht,CN Ackermann,MA Starc,4,0,,,,,,,,,
1384415,2023/24,2023-10-25,"Arun Jaitley Stadium, Delhi",2,6.3,Netherlands,Australia,SA Engelbrecht,CN Ackermann,MA Starc,0,0,,,,,,,,,
1384415,2023/24,2023-10-25,"Arun Jaitley Stadium, Delhi",2,6.4,Netherlands,Australia,SA Engelbrecht,CN Ackermann,MA Starc,0,0,,,,,,,,,
1384415,2023/24,2023-10-25,"Arun Jaitley Stadium, Delhi",2,6.5,Netherlands,Australia,SA Engelbrecht,CN Ackermann,MA Starc,0,0,,,,,,,,,
1384415,2023/24,2023-10-25,"Arun Jaitley Stadium, Delhi",2,6.6,Netherlands,Australia,SA Engelbrecht,CN Ackermann,MA Starc,0,0,,,,,,,,,
1384415,2023/24,2023-10-25,"Arun Jaitley Stadium, Delhi",2,7.1,Netherlands,Australia,CN Ackermann,SA Engelbrecht,JR Hazlewood,0,0,,,,,,,,,
1384415,2023/24,2023-10-25,"Arun Jaitley Stadium, Delhi",2,7.2,Netherlands,Australia,CN Ackermann,SA Engelbrecht,JR Hazlewood,1,0,,,,,,,,,
1384415,2023/24,2023-10-25,"Arun Jaitley Stadium, Delhi",2,7.3,Netherlands,Australia,SA Engelbrecht,CN Ackermann,JR Hazlewood,0,0,,,,,,,,,
1384415,2023/24,2023-10-25,"Arun Jaitley Stadium, Delhi",2,7.4,Netherlands,Australia,SA Engelbrecht,CN Ackermann,JR Hazlewood,0,0,,,,,,,,,
1384415,2023/24,2023-10-25,"Arun Jaitley Stadium, Delhi",2,7.5,Netherlands,Australia,SA Engelbrecht,CN Ackermann,JR Hazlewood,0,0,,,,,,,,,
1384415,2023/24,2023-10-25,"Arun Jaitley Stadium, Delhi",2,7.6,Netherlands,Australia,SA Engelbrecht,CN Ackermann,JR Hazlewood,0,0,,,,,,,,,
1384415,2023/24,2023-10-25,"Arun Jaitley Stadium, Delhi",2,8.1,Netherlands,Australia,CN Ackermann,SA Engelbrecht,PJ Cummins,0,0,,,,,,,,,
1384415,2023/24,2023-10-25,"Arun Jaitley Stadium, Delhi",2,8.2,Netherlands,Australia,CN Ackermann,SA Engelbrecht,PJ Cummins,0,0,,,,,,,,,
1384415,2023/24,2023-10-25,"Arun Jaitley Stadium, Delhi",2,8.3,Netherlands,Australia,CN Ackermann,SA Engelbrecht,PJ Cummins,0,0,,,,,,,,,
1384415,2023/24,2023-10-25,"Arun Jaitley Stadium, Delhi",2,8.4,Netherlands,Australia,CN Ackermann,SA Engelbrecht,PJ Cummins,4,0,,,,,,,,,
1384415,2023/24,2023-10-25,"Arun Jaitley Stadium, Delhi",2,8.5,Netherlands,Australia,CN Ackermann,SA Engelbrecht,PJ Cummins,1,0,,,,,,,,,
1384415,2023/24,2023-10-25,"Arun Jaitley Stadium, Delhi",2,8.6,Netherlands,Australia,SA Engelbrecht,CN Ackermann,PJ Cummins,0,0,,,,,,,,,
1384415,2023/24,2023-10-25,"Arun Jaitley Stadium, Delhi",2,9.1,Netherlands,Australia,CN Ackermann,SA Engelbrecht,JR Hazlewood,0,0,,,,,,,,,
1384415,2023/24,2023-10-25,"Arun Jaitley Stadium, Delhi",2,9.2,Netherlands,Australia,CN Ackermann,SA Engelbrecht,JR Hazlewood,0,0,,,,,,lbw,CN Ackermann,,
1384415,2023/24,2023-10-25,"Arun Jaitley Stadium, Delhi",2,9.3,Netherlands,Australia,BFW de Leede,SA Engelbrecht,JR Hazlewood,0,0,,,,,,,,,
1384415,2023/24,2023-10-25,"Arun Jaitley Stadium, Delhi",2,9.4,Netherlands,Australia,BFW de Leede,SA Engelbrecht,JR Hazlewood,0,0,,,,,,,,,
1384415,2023/24,2023-10-25,"Arun Jaitley Stadium, Delhi",2,9.5,Netherlands,Australia,BFW de Leede,SA Engelbrecht,JR Hazlewood,0,0,,,,,,,,,
1384415,2023/24,2023-10-25,"Arun Jaitley Stadium, Delhi",2,9.6,Netherlands,Australia,BFW de Leede,SA Engelbrecht,JR Hazlewood,0,1,1,,,,,,,,
1384415,2023/24,2023-10-25,"Arun Jaitley Stadium, Delhi",2,9.7,Netherlands,Australia,BFW de Leede,SA Engelbrecht,JR Hazlewood,0,0,,,,,,,,,
1384415,2023/24,2023-10-25,"Arun Jaitley Stadium, Delhi",2,10.1,Netherlands,Australia,SA Engelbrecht,BFW de Leede,PJ Cummins,0,0,,,,,,,,,
1384415,2023/24,2023-10-25,"Arun Jaitley Stadium, Delhi",2,10.2,Netherlands,Australia,SA Engelbrecht,BFW de Leede,PJ Cummins,1,0,,,,,,,,,
1384415,2023/24,2023-10-25,"Arun Jaitley Stadium, Delhi",2,10.3,Netherlands,Australia,BFW de Leede,SA Engelbrecht,PJ Cummins,0,0,,,,,,,,,
1384415,2023/24,2023-10-25,"Arun Jaitley Stadium, Delhi",2,10.4,Netherlands,Australia,BFW de Leede,SA Engelbrecht,PJ Cummins,4,0,,,,,,,,,
1384415,2023/24,2023-10-25,"Arun Jaitley Stadium, Delhi",2,10.5,Netherlands,Australia,BFW de Leede,SA Engelbrecht,PJ Cummins,0,0,,,,,,lbw,BFW de Leede,,
1384415,2023/24,2023-10-25,"Arun Jaitley Stadium, Delhi",2,10.6,Netherlands,Australia,SA Edwards,SA Engelbrecht,PJ Cummins,0,0,,,,,,,,,
1384415,2023/24,2023-10-25,"Arun Jaitley Stadium, Delhi",2,11.1,Netherlands,Australia,SA Engelbrecht,SA Edwards,JR Hazlewood,0,0,,,,,,,,,
1384415,2023/24,2023-10-25,"Arun Jaitley Stadium, Delhi",2,11.2,Netherlands,Australia,SA Engelbrecht,SA Edwards,JR Hazlewood,0,0,,,,,,,,,
1384415,2023/24,2023-10-25,"Arun Jaitley Stadium, Delhi",2,11.3,Netherlands,Australia,SA Engelbrecht,SA Edwards,JR Hazlewood,0,1,1,,,,,,,,
1384415,2023/24,2023-10-25,"Arun Jaitley Stadium, Delhi",2,11.4,Netherlands,Australia,SA Engelbrecht,SA Edwards,JR Hazlewood,1,0,,,,,,,,,
1384415,2023/24,2023-10-25,"Arun Jaitley Stadium, Delhi",2,11.5,Netherlands,Australia,SA Edwards,SA Engelbrecht,JR Hazlewood,0,0,,,,,,,,,
1384415,2023/24,2023-10-25,"Arun Jaitley Stadium, Delhi",2,11.6,Netherlands,Australia,SA Edwards,SA Engelbrecht,JR Hazlewood,1,0,,,,,,,,,
1384415,2023/24,2023-10-25,"Arun Jaitley Stadium, Delhi",2,11.7,Netherlands,Australia,SA Engelbrecht,SA Edwards,JR Hazlewood,3,0,,,,,,,,,
1384415,2023/24,2023-10-25,"Arun Jaitley Stadium, Delhi",2,12.1,Netherlands,Australia,SA Engelbrecht,SA Edwards,PJ Cummins,1,0,,,,,,,,,
1384415,2023/24,2023-10-25,"Arun Jaitley Stadium, Delhi",2,12.2,Netherlands,Australia,SA Edwards,SA Engelbrecht,PJ Cummins,0,0,,,,,,,,,
1384415,2023/24,2023-10-25,"Arun Jaitley Stadium, Delhi",2,12.3,Netherlands,Australia,SA Edwards,SA Engelbrecht,PJ Cummins,1,0,,,,,,,,,
1384415,2023/24,2023-10-25,"Arun Jaitley Stadium, Delhi",2,12.4,Netherlands,Australia,SA Engelbrecht,SA Edwards,PJ Cummins,1,0,,,,,,,,,
1384415,2023/24,2023-10-25,"Arun Jaitley Stadium, Delhi",2,12.5,Netherlands,Australia,SA Edwards,SA Engelbrecht,PJ Cummins,0,0,,,,,,,,,
1384415,2023/24,2023-10-25,"Arun Jaitley Stadium, Delhi",2,12.6,Netherlands,Australia,SA Edwards,SA Engelbrecht,PJ Cummins,0,0,,,,,,,,,
1384415,2023/24,2023-10-25,"Arun Jaitley Stadium, Delhi",2,13.1,Netherlands,Australia,SA Engelbrecht,SA Edwards,MR Marsh,0,0,,,,,,,,,
1384415,2023/24,2023-10-25,"Arun Jaitley Stadium, Delhi",2,13.2,Netherlands,Australia,SA Engelbrecht,SA Edwards,MR Marsh,0,0,,,,,,caught,SA Engelbrecht,,
1384415,2023/24,2023-10-25,"Arun Jaitley Stadium, Delhi",2,13.3,Netherlands,Australia,AT Nidamanuru,SA Edwards,MR Marsh,0,0,,,,,,,,,
1384415,2023/24,2023-10-25,"Arun Jaitley Stadium, Delhi",2,13.4,Netherlands,Australia,AT Nidamanuru,SA Edwards,MR Marsh,0,1,1,,,,,,,,
1384415,2023/24,2023-10-25,"Arun Jaitley Stadium, Delhi",2,13.5,Netherlands,Australia,AT Nidamanuru,SA Edwards,MR Marsh,0,0,,,,,,,,,
1384415,2023/24,2023-10-25,"Arun Jaitley Stadium, Delhi",2,13.6,Netherlands,Australia,AT Nidamanuru,SA Edwards,MR Marsh,0,1,1,,,,,,,,
1384415,2023/24,2023-10-25,"Arun Jaitley Stadium, Delhi",2,13.7,Netherlands,Australia,AT Nidamanuru,SA Edwards,MR Marsh,0,0,,,,,,,,,
1384415,2023/24,2023-10-25,"Arun Jaitley Stadium, Delhi",2,13.8,Netherlands,Australia,AT Nidamanuru,SA Edwards,MR Marsh,4,0,,,,,,,,,
1384415,2023/24,2023-10-25,"Arun Jaitley Stadium, Delhi",2,14.1,Netherlands,Australia,SA Edwards,AT Nidamanuru,PJ Cummins,1,0,,,,,,,,,
1384415,2023/24,2023-10-25,"Arun Jaitley Stadium, Delhi",2,14.2,Netherlands,Australia,AT Nidamanuru,SA Edwards,PJ Cummins,0,0,,,,,,,,,
1384415,2023/24,2023-10-25,"Arun Jaitley Stadium, Delhi",2,14.3,Netherlands,Australia,AT Nidamanuru,SA Edwards,PJ Cummins,0,0,,,,,,,,,
1384415,2023/24,2023-10-25,"Arun Jaitley Stadium, Delhi",2,14.4,Netherlands,Australia,AT Nidamanuru,SA Edwards,PJ Cummins,0,0,,,,,,,,,
1384415,2023/24,2023-10-25,"Arun Jaitley Stadium, Delhi",2,14.5,Netherlands,Australia,AT Nidamanuru,SA Edwards,PJ Cummins,0,0,,,,,,,,,
1384415,2023/24,2023-10-25,"Arun Jaitley Stadium, Delhi",2,14.6,Netherlands,Australia,AT Nidamanuru,SA Edwards,PJ Cummins,0,0,,,,,,,,,
1384415,2023/24,2023-10-25,"Arun Jaitley Stadium, Delhi",2,15.1,Netherlands,Australia,SA Edwards,AT Nidamanuru,MR Marsh,1,0,,,,,,,,,
1384415,2023/24,2023-10-25,"Arun Jaitley Stadium, Delhi",2,15.2,Netherlands,Australia,AT Nidamanuru,SA Edwards,MR Marsh,1,0,,,,,,,,,
1384415,2023/24,2023-10-25,"Arun Jaitley Stadium, Delhi",2,15.3,Netherlands,Australia,SA Edwards,AT Nidamanuru,MR Marsh,0,0,,,,,,,,,
1384415,2023/24,2023-10-25,"Arun Jaitley Stadium, Delhi",2,15.4,Netherlands,Australia,SA Edwards,AT Nidamanuru,MR Marsh,1,0,,,,,,,,,
1384415,2023/24,2023-10-25,"Arun Jaitley Stadium, Delhi",2,15.5,Netherlands,Australia,AT Nidamanuru,SA Edwards,MR Marsh,0,0,,,,,,,,,
1384415,2023/24,2023-10-25,"Arun Jaitley Stadium, Delhi",2,15.6,Netherlands,Australia,AT Nidamanuru,SA Edwards,MR Marsh,2,0,,,,,,,,,
1384415,2023/24,2023-10-25,"Arun Jaitley Stadium, Delhi",2,16.1,Netherlands,Australia,SA Edwards,AT Nidamanuru,A Zampa,0,0,,,,,,,,,
1384415,2023/24,2023-10-25,"Arun Jaitley Stadium, Delhi",2,16.2,Netherlands,Australia,SA Edwards,AT Nidamanuru,A Zampa,1,0,,,,,,,,,
1384415,2023/24,2023-10-25,"Arun Jaitley Stadium, Delhi",2,16.3,Netherlands,Australia,AT Nidamanuru,SA Edwards,A Zampa,1,0,,,,,,,,,
1384415,2023/24,2023-10-25,"Arun Jaitley Stadium, Delhi",2,16.4,Netherlands,Australia,SA Edwards,AT Nidamanuru,A Zampa,1,0,,,,,,,,,
1384415,2023/24,2023-10-25,"Arun Jaitley Stadium, Delhi",2,16.5,Netherlands,Australia,AT Nidamanuru,SA Edwards,A Zampa,1,0,,,,,,,,,
1384415,2023/24,2023-10-25,"Arun Jaitley Stadium, Delhi",2,16.6,Netherlands,Australia,SA Edwards,AT Nidamanuru,A Zampa,0,0,,,,,,,,,
1384415,2023/24,2023-10-25,"Arun Jaitley Stadium, Delhi",2,17.1,Netherlands,Australia,AT Nidamanuru,SA Edwards,MR Marsh,4,0,,,,,,,,,
1384415,2023/24,2023-10-25,"Arun Jaitley Stadium, Delhi",2,17.2,Netherlands,Australia,AT Nidamanuru,SA Edwards,MR Marsh,0,0,,,,,,,,,
1384415,2023/24,2023-10-25,"Arun Jaitley Stadium, Delhi",2,17.3,Netherlands,Australia,AT Nidamanuru,SA Edwards,MR Marsh,1,0,,,,,,,,,
1384415,2023/24,2023-10-25,"Arun Jaitley Stadium, Delhi",2,17.4,Netherlands,Australia,SA Edwards,AT Nidamanuru,MR Marsh,1,0,,,,,,,,,
1384415,2023/24,2023-10-25,"Arun Jaitley Stadium, Delhi",2,17.5,Netherlands,Australia,AT Nidamanuru,SA Edwards,MR Marsh,0,0,,,,,,caught,AT Nidamanuru,,
1384415,2023/24,2023-10-25,"Arun Jaitley Stadium, Delhi",2,17.6,Netherlands,Australia,LV van Beek,SA Edwards,MR Marsh,0,1,1,,,,,,,,
1384415,2023/24,2023-10-25,"Arun Jaitley Stadium, Delhi",2,17.7,Netherlands,Australia,LV van Beek,SA Edwards,MR Marsh,0,0,,,,,,,,,
1384415,2023/24,2023-10-25,"Arun Jaitley Stadium, Delhi",2,18.1,Netherlands,Australia,SA Edwards,LV van Beek,A Zampa,1,0,,,,,,,,,
1384415,2023/24,2023-10-25,"Arun Jaitley Stadium, Delhi",2,18.2,Netherlands,Australia,LV van Beek,SA Edwards,A Zampa,0,0,,,,,,,,,
1384415,2023/24,2023-10-25,"Arun Jaitley Stadium, Delhi",2,18.3,Netherlands,Australia,LV van Beek,SA Edwards,A Zampa,0,0,,,,,,caught,LV van Beek,,
1384415,2023/24,2023-10-25,"Arun Jaitley Stadium, Delhi",2,18.4,Netherlands,Australia,RE van der Merwe,SA Edwards,A Zampa,0,0,,,,,,lbw,RE van der Merwe,,
1384415,2023/24,2023-10-25,"Arun Jaitley Stadium, Delhi",2,18.5,Netherlands,Australia,A Dutt,SA Edwards,A Zampa,0,0,,,,,,,,,
1384415,2023/24,2023-10-25,"Arun Jaitley Stadium, Delhi",2,18.6,Netherlands,Australia,A Dutt,SA Edwards,A Zampa,0,0,,,,,,,,,
1384415,2023/24,2023-10-25,"Arun Jaitley Stadium, Delhi",2,19.1,Netherlands,Australia,SA Edwards,A Dutt,MR Marsh,0,0,,,,,,,,,
1384415,2023/24,2023-10-25,"Arun Jaitley Stadium, Delhi",2,19.2,Netherlands,Australia,SA Edwards,A Dutt,MR Marsh,0,0,,,,,,,,,
1384415,2023/24,2023-10-25,"Arun Jaitley Stadium, Delhi",2,19.3,Netherlands,Australia,SA Edwards,A Dutt,MR Marsh,1,0,,,,,,,,,
1384415,2023/24,2023-10-25,"Arun Jaitley Stadium, Delhi",2,19.4,Netherlands,Australia,A Dutt,SA Edwards,MR Marsh,0,0,,,,,,,,,
1384415,2023/24,2023-10-25,"Arun Jaitley Stadium, Delhi",2,19.5,Netherlands,Australia,A Dutt,SA Edwards,MR Marsh,0,0,,,,,,,,,
1384415,2023/24,2023-10-25,"Arun Jaitley Stadium, Delhi",2,19.6,Netherlands,Australia,A Dutt,SA Edwards,MR Marsh,0,0,,,,,,,,,
1384415,2023/24,2023-10-25,"Arun Jaitley Stadium, Delhi",2,20.1,Netherlands,Australia,SA Edwards,A Dutt,A Zampa,1,0,,,,,,,,,
1384415,2023/24,2023-10-25,"Arun Jaitley Stadium, Delhi",2,20.2,Netherlands,Australia,A Dutt,SA Edwards,A Zampa,0,0,,,,,,,,,
1384415,2023/24,2023-10-25,"Arun Jaitley Stadium, Delhi",2,20.3,Netherlands,Australia,A Dutt,SA Edwards,A Zampa,1,0,,,,,,,,,
1384415,2023/24,2023-10-25,"Arun Jaitley Stadium, Delhi",2,20.4,Netherlands,Australia,SA Edwards,A Dutt,A Zampa,1,0,,,,,,,,,
1384415,2023/24,2023-10-25,"Arun Jaitley Stadium, Delhi",2,20.5,Netherlands,Australia,A Dutt,SA Edwards,A Zampa,0,0,,,,,,lbw,A Dutt,,
1384415,2023/24,2023-10-25,"Arun Jaitley Stadium, Delhi",2,20.6,Netherlands,Australia,PA van Meekeren,SA Edwards,A Zampa,0,0,,,,,,stumped,PA van Meekeren,,
