match_id,season,start_date,venue,innings,ball,batting_team,bowling_team,striker,non_striker,bowler,runs_off_bat,extras,wides,noballs,byes,legbyes,penalty,wicket_type,player_dismissed,other_wicket_type,other_player_dismissed
1384426,2023/24,2023-11-04,"M Chinnaswamy Stadium, Bengaluru",1,0.1,New Zealand,Pakistan,DP Conway,R Ravindra,Shaheen Shah Afridi,0,1,1,,,,,,,,
1384426,2023/24,2023-11-04,"M Chinnaswamy Stadium, Bengaluru",1,0.2,New Zealand,Pakistan,DP Conway,R Ravindra,Shaheen Shah Afridi,0,0,,,,,,,,,
1384426,2023/24,2023-11-04,"M Chinnaswamy Stadium, Bengaluru",1,0.3,New Zealand,Pakistan,DP Conway,R Ravindra,Shaheen Shah Afridi,0,0,,,,,,,,,
1384426,2023/24,2023-11-04,"M Chinnaswamy Stadium, Bengaluru",1,0.4,New Zealand,Pakistan,DP Conway,R Ravindra,Shaheen Shah Afridi,0,0,,,,,,,,,
1384426,2023/24,2023-11-04,"M Chinnaswamy Stadium, Bengaluru",1,0.5,New Zealand,Pakistan,DP Conway,R Ravindra,Shaheen Shah Afridi,0,0,,,,,,,,,
1384426,2023/24,2023-11-04,"M Chinnaswamy Stadium, Bengaluru",1,0.6,New Zealand,Pakistan,DP Conway,R Ravindra,Shaheen Shah Afridi,0,0,,,,,,,,,
1384426,2023/24,2023-11-04,"M Chinnaswamy Stadium, Bengaluru",1,0.7,New Zealand,Pakistan,DP Conway,R Ravindra,Shaheen Shah Afridi,0,0,,,,,,,,,
1384426,2023/24,2023-11-04,"M Chinnaswamy Stadium, Bengaluru",1,1.1,New Zealand,Pakistan,R Ravindra,DP Conway,Hasan Ali,0,1,1,,,,,,,,
1384426,2023/24,2023-11-04,"M Chinnaswamy Stadium, Bengaluru",1,1.2,New Zealand,Pakistan,R Ravindra,DP Conway,Hasan Ali,0,0,,,,,,,,,
1384426,2023/24,2023-11-04,"M Chinnaswamy Stadium, Bengaluru",1,1.3,New Zealand,Pakistan,R Ravindra,DP Conway,Hasan Ali,0,0,,,,,,,,,
1384426,2023/24,2023-11-04,"M Chinnaswamy Stadium, Bengaluru",1,1.4,New Zealand,Pakistan,R Ravindra,DP Conway,Hasan Ali,0,0,,,,,,,,,
1384426,2023/24,2023-11-04,"M Chinnaswamy Stadium, Bengaluru",1,1.5,New Zealand,Pakistan,R Ravindra,DP Conway,Hasan Ali,4,0,,,,,,,,,
1384426,2023/24,2023-11-04,"M Chinnaswamy Stadium, Bengaluru",1,1.6,New Zealand,Pakistan,R Ravindra,DP Conway,Hasan Ali,0,0,,,,,,,,,
1384426,2023/24,2023-11-04,"M Chinnaswamy Stadium, Bengaluru",1,1.7,New Zealand,Pakistan,R Ravindra,DP Conway,Hasan Ali,0,0,,,,,,,,,
1384426,2023/24,2023-11-04,"M Chinnaswamy Stadium, Bengaluru",1,2.1,New Zealand,Pakistan,DP Conway,R Ravindra,Shaheen Shah Afridi,0,0,,,,,,,,,
1384426,2023/24,2023-11-04,"M Chinnaswamy Stadium, Bengaluru",1,2.2,New Zealand,Pakistan,DP Conway,R Ravindra,Shaheen Shah Afridi,0,0,,,,,,,,,
1384426,2023/24,2023-11-04,"M Chinnaswamy Stadium, Bengaluru",1,2.3,New Zealand,Pakistan,DP Conway,R Ravindra,Shaheen Shah Afridi,2,0,,,,,,,,,
1384426,2023/24,2023-11-04,"M Chinnaswamy Stadium, Bengaluru",1,2.4,New Zealand,Pakistan,DP Conway,R Ravindra,Shaheen Shah Afridi,0,0,,,,,,,,,
1384426,2023/24,2023-11-04,"M Chinnaswamy Stadium, Bengaluru",1,2.5,New Zealand,Pakistan,DP Conway,R Ravindra,Shaheen Shah Afridi,0,0,,,,,,,,,
1384426,2023/24,2023-11-04,"M Chinnaswamy Stadium, Bengaluru",1,2.6,New Zealand,Pakistan,DP Conway,R Ravindra,Shaheen Shah Afridi,4,0,,,,,,,,,
1384426,2023/24,2023-11-04,"M Chinnaswamy Stadium, Bengaluru",1,3.1,New Zealand,Pakistan,R Ravindra,DP Conway,Hasan Ali,0,0,,,,,,,,,
1384426,2023/24,2023-11-04,"M Chinnaswamy Stadium, Bengaluru",1,3.2,New Zealand,Pakistan,R Ravindra,DP Conway,Hasan Ali,4,0,,,,,,,,,
1384426,2023/24,2023-11-04,"M Chinnaswamy Stadium, Bengaluru",1,3.3,New Zealand,Pakistan,R Ravindra,DP Conway,Hasan Ali,0,0,,,,,,,,,
1384426,2023/24,2023-11-04,"M Chinnaswamy Stadium, Bengaluru",1,3.4,New Zealand,Pakistan,R Ravindra,DP Conway,Hasan Ali,1,0,,,,,,,,,
1384426,2023/24,2023-11-04,"M Chinnaswamy Stadium, Bengaluru",1,3.5,New Zealand,Pakistan,DP Conway,R Ravindra,Hasan Ali,4,0,,,,,,,,,
1384426,2023/24,2023-11-04,"M Chinnaswamy Stadium, Bengaluru",1,3.6,New Zealand,Pakistan,DP Conway,R Ravindra,Hasan Ali,0,0,,,,,,,,,
1384426,2023/24,2023-11-04,"M Chinnaswamy Stadium, Bengaluru",1,4.1,New Zealand,Pakistan,R Ravindra,DP Conway,Shaheen Shah Afridi,0,1,1,,,,,,,,
1384426,2023/24,2023-11-04,"M Chinnaswamy Stadium, Bengaluru",1,4.2,New Zealand,Pakistan,R Ravindra,DP Conway,Shaheen Shah Afridi,0,0,,,,,,,,,
1384426,2023/24,2023-11-04,"M Chinnaswamy Stadium, Bengaluru",1,4.3,New Zealand,Pakistan,R Ravindra,DP Conway,Shaheen Shah Afridi,0,1,1,,,,,,,,
1384426,2023/24,2023-11-04,"M Chinnaswamy Stadium, Bengaluru",1,4.4,New Zealand,Pakistan,R Ravindra,DP Conway,Shaheen Shah Afridi,1,0,,,,,,,,,
1384426,2023/24,2023-11-04,"M Chinnaswamy Stadium, Bengaluru",1,4.5,New Zealand,Pakistan,DP Conway,R Ravindra,Shaheen Shah Afridi,1,0,,,,,,,,,
1384426,2023/24,2023-11-04,"M Chinnaswamy Stadium, Bengaluru",1,4.6,New Zealand,Pakistan,R Ravindra,DP Conway,Shaheen Shah Afridi,0,0,,,,,,,,,
1384426,2023/24,2023-11-04,"M Chinnaswamy Stadium, Bengaluru",1,4.7,New Zealand,Pakistan,R Ravindra,DP Conway,Shaheen Shah Afridi,4,0,,,,,,,,,
1384426,2023/24,2023-11-04,"M Chinnaswamy Stadium, Bengaluru",1,4.8,New Zealand,Pakistan,R Ravindra,DP Conway,Shaheen Shah Afridi,0,0,,,,,,,,,
1384426,2023/24,2023-11-04,"M Chinnaswamy Stadium, Bengaluru",1,5.1,New Zealand,Pakistan,DP Conway,R Ravindra,Iftikhar Ahmed,0,0,,,,,,,,,
1384426,2023/24,2023-11-04,"M Chinnaswamy Stadium, Bengaluru",1,5.2,New Zealand,Pakistan,DP Conway,R Ravindra,Iftikhar Ahmed,4,0,,,,,,,,,
1384426,2023/24,2023-11-04,"M Chinnaswamy Stadium, Bengaluru",1,5.3,New Zealand,Pakistan,DP Conway,R Ravindra,Iftikhar Ahmed,0,0,,,,,,,,,
1384426,2023/24,2023-11-04,"M Chinnaswamy Stadium, Bengaluru",1,5.4,New Zealand,Pakistan,DP Conway,R Ravindra,Iftikhar Ahmed,0,0,,,,,,,,,
1384426,2023/24,2023-11-04,"M Chinnaswamy Stadium, Bengaluru",1,5.5,New Zealand,Pakistan,DP Conway,R Ravindra,Iftikhar Ahmed,0,0,,,,,,,,,
1384426,2023/24,2023-11-04,"M Chinnaswamy Stadium, Bengaluru",1,5.6,New Zealand,Pakistan,DP Conway,R Ravindra,Iftikhar Ahmed,1,0,,,,,,,,,
1384426,2023/24,2023-11-04,"M Chinnaswamy Stadium, Bengaluru",1,6.1,New Zealand,Pakistan,DP Conway,R Ravindra,Shaheen Shah Afridi,4,0,,,,,,,,,
1384426,2023/24,2023-11-04,"M Chinnaswamy Stadium, Bengaluru",1,6.2,New Zealand,Pakistan,DP Conway,R Ravindra,Shaheen Shah Afridi,4,0,,,,,,,,,
1384426,2023/24,2023-11-04,"M Chinnaswamy Stadium, Bengaluru",1,6.3,New Zealand,Pakistan,DP Conway,R Ravindra,Shaheen Shah Afridi,0,0,,,,,,,,,
1384426,2023/24,2023-11-04,"M Chinnaswamy Stadium, Bengaluru",1,6.4,New Zealand,Pakistan,DP Conway,R Ravindra,Shaheen Shah Afridi,1,0,,,,,,,,,
1384426,2023/24,2023-11-04,"M Chinnaswamy Stadium, Bengaluru",1,6.5,New Zealand,Pakistan,R Ravindra,DP Conway,Shaheen Shah Afridi,0,0,,,,,,,,,
1384426,2023/24,2023-11-04,"M Chinnaswamy Stadium, Bengaluru",1,6.6,New Zealand,Pakistan,R Ravindra,DP Conway,Shaheen Shah Afridi,4,0,,,,,,,,,
1384426,2023/24,2023-11-04,"M Chinnaswamy Stadium, Bengaluru",1,7.1,New Zealand,Pakistan,DP Conway,R Ravindra,Iftikhar Ahmed,0,0,,,,,,,,,
1384426,2023/24,2023-11-04,"M Chinnaswamy Stadium, Bengaluru",1,7.2,New Zealand,Pakistan,DP Conway,R Ravindra,Iftikhar Ahmed,1,0,,,,,,,,,
1384426,2023/24,2023-11-04,"M Chinnaswamy Stadium, Bengaluru",1,7.3,New Zealand,Pakistan,R Ravindra,DP Conway,Iftikhar Ahmed,0,0,,,,,,,,,
1384426,2023/24,2023-11-04,"M Chinnaswamy Stadium, Bengaluru",1,7.4,New Zealand,Pakistan,R Ravindra,DP Conway,Iftikhar Ahmed,4,0,,,,,,,,,
1384426,2023/24,2023-11-04,"M Chinnaswamy Stadium, Bengaluru",1,7.5,New Zealand,Pakistan,R Ravindra,DP Conway,Iftikhar Ahmed,0,0,,,,,,,,,
1384426,2023/24,2023-11-04,"M Chinnaswamy Stadium, Bengaluru",1,7.6,New Zealand,Pakistan,R Ravindra,DP Conway,Iftikhar Ahmed,4,0,,,,,,,,,
1384426,2023/24,2023-11-04,"M Chinnaswamy Stadium, Bengaluru",1,8.1,New Zealand,Pakistan,DP Conway,R Ravindra,Hasan Ali,0,0,,,,,,,,,
1384426,2023/24,2023-11-04,"M Chinnaswamy Stadium, Bengaluru",1,8.2,New Zealand,Pakistan,DP Conway,R Ravindra,Hasan Ali,0,0,,,,,,,,,
1384426,2023/24,2023-11-04,"M Chinnaswamy Stadium, Bengaluru",1,8.3,New Zealand,Pakistan,DP Conway,R Ravindra,Hasan Ali,0,0,,,,,,,,,
1384426,2023/24,2023-11-04,"M Chinnaswamy Stadium, Bengaluru",1,8.4,New Zealand,Pakistan,DP Conway,R Ravindra,Hasan Ali,1,0,,,,,,,,,
1384426,2023/24,2023-11-04,"M Chinnaswamy Stadium, Bengaluru",1,8.5,New Zealand,Pakistan,R Ravindra,DP Conway,Hasan Ali,0,0,,,,,,,,,
1384426,2023/24,2023-11-04,"M Chinnaswamy Stadium, Bengaluru",1,8.6,New Zealand,Pakistan,R Ravindra,DP Conway,Hasan Ali,2,0,,,,,,,,,
1384426,2023/24,2023-11-04,"M Chinnaswamy Stadium, Bengaluru",1,9.1,New Zealand,Pakistan,DP Conway,R Ravindra,Haris Rauf,0,0,,,,,,,,,
1384426,2023/24,2023-11-04,"M Chinnaswamy Stadium, Bengaluru",1,9.2,New Zealand,Pakistan,DP Conway,R Ravindra,Haris Rauf,0,0,,,,,,,,,
1384426,2023/24,2023-11-04,"M Chinnaswamy Stadium, Bengaluru",1,9.3,New Zealand,Pakistan,DP Conway,R Ravindra,Haris Rauf,4,0,,,,,,,,,
1384426,2023/24,2023-11-04,"M Chinnaswamy Stadium, Bengaluru",1,9.4,New Zealand,Pakistan,DP Conway,R Ravindra,Haris Rauf,0,0,,,,,,,,,
1384426,2023/24,2023-11-04,"M Chinnaswamy Stadium, Bengaluru",1,9.5,New Zealand,Pakistan,DP Conway,R Ravindra,Haris Rauf,2,0,,,,,,,,,
1384426,2023/24,2023-11-04,"M Chinnaswamy Stadium, Bengaluru",1,9.6,New Zealand,Pakistan,DP Conway,R Ravindra,Haris Rauf,1,0,,,,,,,,,
1384426,2023/24,2023-11-04,"M Chinnaswamy Stadium, Bengaluru",1,10.1,New Zealand,Pakistan,DP Conway,R Ravindra,Hasan Ali,1,0,,,,,,,,,
1384426,2023/24,2023-11-04,"M Chinnaswamy Stadium, Bengaluru",1,10.2,New Zealand,Pakistan,R Ravindra,DP Conway,Hasan Ali,0,0,,,,,,,,,
1384426,2023/24,2023-11-04,"M Chinnaswamy Stadium, Bengaluru",1,10.3,New Zealand,Pakistan,R Ravindra,DP Conway,Hasan Ali,0,0,,,,,,,,,
1384426,2023/24,2023-11-04,"M Chinnaswamy Stadium, Bengaluru",1,10.4,New Zealand,Pakistan,R Ravindra,DP Conway,Hasan Ali,1,0,,,,,,,,,
1384426,2023/24,2023-11-04,"M Chinnaswamy Stadium, Bengaluru",1,10.5,New Zealand,Pakistan,DP Conway,R Ravindra,Hasan Ali,0,0,,,,,,caught,DP Conway,,
1384426,2023/24,2023-11-04,"M Chinnaswamy Stadium, Bengaluru",1,10.6,New Zealand,Pakistan,KS Williamson,R Ravindra,Hasan Ali,1,0,,,,,,,,,
1384426,2023/24,2023-11-04,"M Chinnaswamy Stadium, Bengaluru",1,11.1,New Zealand,Pakistan,KS Williamson,R Ravindra,Haris Rauf,4,0,,,,,,,,,
1384426,2023/24,2023-11-04,"M Chinnaswamy Stadium, Bengaluru",1,11.2,New Zealand,Pakistan,KS Williamson,R Ravindra,Haris Rauf,0,0,,,,,,,,,
1384426,2023/24,2023-11-04,"M Chinnaswamy Stadium, Bengaluru",1,11.3,New Zealand,Pakistan,KS Williamson,R Ravindra,Haris Rauf,4,0,,,,,,,,,
1384426,2023/24,2023-11-04,"M Chinnaswamy Stadium, Bengaluru",1,11.4,New Zealand,Pakistan,KS Williamson,R Ravindra,Haris Rauf,0,0,,,,,,,,,
1384426,2023/24,2023-11-04,"M Chinnaswamy Stadium, Bengaluru",1,11.5,New Zealand,Pakistan,KS Williamson,R Ravindra,Haris Rauf,0,0,,,,,,,,,
1384426,2023/24,2023-11-04,"M Chinnaswamy Stadium, Bengaluru",1,11.6,New Zealand,Pakistan,KS Williamson,R Ravindra,Haris Rauf,0,0,,,,,,,,,
1384426,2023/24,2023-11-04,"M Chinnaswamy Stadium, Bengaluru",1,12.1,New Zealand,Pakistan,R Ravindra,KS Williamson,Hasan Ali,0,1,1,,,,,,,,
1384426,2023/24,2023-11-04,"M Chinnaswamy Stadium, Bengaluru",1,12.2,New Zealand,Pakistan,R Ravindra,KS Williamson,Hasan Ali,1,0,,,,,,,,,
1384426,2023/24,2023-11-04,"M Chinnaswamy Stadium, Bengaluru",1,12.3,New Zealand,Pakistan,KS Williamson,R Ravindra,Hasan Ali,1,0,,,,,,,,,
1384426,2023/24,2023-11-04,"M Chinnaswamy Stadium, Bengaluru",1,12.4,New Zealand,Pakistan,R Ravindra,KS Williamson,Hasan Ali,0,0,,,,,,,,,
1384426,2023/24,2023-11-04,"M Chinnaswamy Stadium, Bengaluru",1,12.5,New Zealand,Pakistan,R Ravindra,KS Williamson,Hasan Ali,1,0,,,,,,,,,
1384426,2023/24,2023-11-04,"M Chinnaswamy Stadium, Bengaluru",1,12.6,New Zealand,Pakistan,KS Williamson,R Ravindra,Hasan Ali,1,0,,,,,,,,,
1384426,2023/24,2023-11-04,"M Chinnaswamy Stadium, Bengaluru",1,12.7,New Zealand,Pakistan,R Ravindra,KS Williamson,Hasan Ali,0,0,,,,,,,,,
1384426,2023/24,2023-11-04,"M Chinnaswamy Stadium, Bengaluru",1,13.1,New Zealand,Pakistan,KS Williamson,R Ravindra,Haris Rauf,4,0,,,,,,,,,
1384426,2023/24,2023-11-04,"M Chinnaswamy Stadium, Bengaluru",1,13.2,New Zealand,Pakistan,KS Williamson,R Ravindra,Haris Rauf,1,0,,,,,,,,,
1384426,2023/24,2023-11-04,"M Chinnaswamy Stadium, Bengaluru",1,13.3,New Zealand,Pakistan,R Ravindra,KS Williamson,Haris Rauf,0,0,,,,,,,,,
1384426,2023/24,2023-11-04,"M Chinnaswamy Stadium, Bengaluru",1,13.4,New Zealand,Pakistan,R Ravindra,KS Williamson,Haris Rauf,0,0,,,,,,,,,
1384426,2023/24,2023-11-04,"M Chinnaswamy Stadium, Bengaluru",1,13.5,New Zealand,Pakistan,R Ravindra,KS Williamson,Haris Rauf,2,0,,,,,,,,,
1384426,2023/24,2023-11-04,"M Chinnaswamy Stadium, Bengaluru",1,13.6,New Zealand,Pakistan,R Ravindra,KS Williamson,Haris Rauf,1,0,,,,,,,,,
1384426,2023/24,2023-11-04,"M Chinnaswamy Stadium, Bengaluru",1,14.1,New Zealand,Pakistan,R Ravindra,KS Williamson,Iftikhar Ahmed,4,0,,,,,,,,,
1384426,2023/24,2023-11-04,"M Chinnaswamy Stadium, Bengaluru",1,14.2,New Zealand,Pakistan,R Ravindra,KS Williamson,Iftikhar Ahmed,1,0,,,,,,,,,
1384426,2023/24,2023-11-04,"M Chinnaswamy Stadium, Bengaluru",1,14.3,New Zealand,Pakistan,KS Williamson,R Ravindra,Iftikhar Ahmed,1,0,,,,,,,,,
1384426,2023/24,2023-11-04,"M Chinnaswamy Stadium, Bengaluru",1,14.4,New Zealand,Pakistan,R Ravindra,KS Williamson,Iftikhar Ahmed,1,0,,,,,,,,,
1384426,2023/24,2023-11-04,"M Chinnaswamy Stadium, Bengaluru",1,14.5,New Zealand,Pakistan,KS Williamson,R Ravindra,Iftikhar Ahmed,0,0,,,,,,,,,
1384426,2023/24,2023-11-04,"M Chinnaswamy Stadium, Bengaluru",1,14.6,New Zealand,Pakistan,KS Williamson,R Ravindra,Iftikhar Ahmed,0,0,,,,,,,,,
1384426,2023/24,2023-11-04,"M Chinnaswamy Stadium, Bengaluru",1,15.1,New Zealand,Pakistan,R Ravindra,KS Williamson,Haris Rauf,0,1,,,,1,,,,,
1384426,2023/24,2023-11-04,"M Chinnaswamy Stadium, Bengaluru",1,15.2,New Zealand,Pakistan,KS Williamson,R Ravindra,Haris Rauf,1,0,,,,,,,,,
1384426,2023/24,2023-11-04,"M Chinnaswamy Stadium, Bengaluru",1,15.3,New Zealand,Pakistan,R Ravindra,KS Williamson,Haris Rauf,0,0,,,,,,,,,
1384426,2023/24,2023-11-04,"M Chinnaswamy Stadium, Bengaluru",1,15.4,New Zealand,Pakistan,R Ravindra,KS Williamson,Haris Rauf,1,0,,,,,,,,,
1384426,2023/24,2023-11-04,"M Chinnaswamy Stadium, Bengaluru",1,15.5,New Zealand,Pakistan,KS Williamson,R Ravindra,Haris Rauf,2,0,,,,,,,,,
1384426,2023/24,2023-11-04,"M Chinnaswamy Stadium, Bengaluru",1,15.6,New Zealand,Pakistan,KS Williamson,R Ravindra,Haris Rauf,1,0,,,,,,,,,
1384426,2023/24,2023-11-04,"M Chinnaswamy Stadium, Bengaluru",1,16.1,New Zealand,Pakistan,KS Williamson,R Ravindra,Iftikhar Ahmed,0,0,,,,,,,,,
1384426,2023/24,2023-11-04,"M Chinnaswamy Stadium, Bengaluru",1,16.2,New Zealand,Pakistan,KS Williamson,R Ravindra,Iftikhar Ahmed,1,0,,,,,,,,,
1384426,2023/24,2023-11-04,"M Chinnaswamy Stadium, Bengaluru",1,16.3,New Zealand,Pakistan,R Ravindra,KS Williamson,Iftikhar Ahmed,1,0,,,,,,,,,
1384426,2023/24,2023-11-04,"M Chinnaswamy Stadium, Bengaluru",1,16.4,New Zealand,Pakistan,KS Williamson,R Ravindra,Iftikhar Ahmed,0,0,,,,,,,,,
1384426,2023/24,2023-11-04,"M Chinnaswamy Stadium, Bengaluru",1,16.5,New Zealand,Pakistan,KS Williamson,R Ravindra,Iftikhar Ahmed,0,0,,,,,,,,,
1384426,2023/24,2023-11-04,"M Chinnaswamy Stadium, Bengaluru",1,16.6,New Zealand,Pakistan,KS Williamson,R Ravindra,Iftikhar Ahmed,0,0,,,,,,,,,
1384426,2023/24,2023-11-04,"M Chinnaswamy Stadium, Bengaluru",1,17.1,New Zealand,Pakistan,R Ravindra,KS Williamson,Mohammad Wasim,0,0,,,,,,,,,
1384426,2023/24,2023-11-04,"M Chinnaswamy Stadium, Bengaluru",1,17.2,New Zealand,Pakistan,R Ravindra,KS Williamson,Mohammad Wasim,0,1,,,,1,,,,,
1384426,2023/24,2023-11-04,"M Chinnaswamy Stadium, Bengaluru",1,17.3,New Zealand,Pakistan,KS Williamson,R Ravindra,Mohammad Wasim,0,5,5,,,,,,,,
1384426,2023/24,2023-11-04,"M Chinnaswamy Stadium, Bengaluru",1,17.4,New Zealand,Pakistan,KS Williamson,R Ravindra,Mohammad Wasim,1,0,,,,,,,,,
1384426,2023/24,2023-11-04,"M Chinnaswamy Stadium, Bengaluru",1,17.5,New Zealand,Pakistan,R Ravindra,KS Williamson,Mohammad Wasim,0,0,,,,,,,,,
1384426,2023/24,2023-11-04,"M Chinnaswamy Stadium, Bengaluru",1,17.6,New Zealand,Pakistan,R Ravindra,KS Williamson,Mohammad Wasim,0,0,,,,,,,,,
1384426,2023/24,2023-11-04,"M Chinnaswamy Stadium, Bengaluru",1,17.7,New Zealand,Pakistan,R Ravindra,KS Williamson,Mohammad Wasim,0,0,,,,,,,,,
1384426,2023/24,2023-11-04,"M Chinnaswamy Stadium, Bengaluru",1,18.1,New Zealand,Pakistan,KS Williamson,R Ravindra,Iftikhar Ahmed,1,0,,,,,,,,,
1384426,2023/24,2023-11-04,"M Chinnaswamy Stadium, Bengaluru",1,18.2,New Zealand,Pakistan,R Ravindra,KS Williamson,Iftikhar Ahmed,0,0,,,,,,,,,
1384426,2023/24,2023-11-04,"M Chinnaswamy Stadium, Bengaluru",1,18.3,New Zealand,Pakistan,R Ravindra,KS Williamson,Iftikhar Ahmed,1,0,,,,,,,,,
1384426,2023/24,2023-11-04,"M Chinnaswamy Stadium, Bengaluru",1,18.4,New Zealand,Pakistan,KS Williamson,R Ravindra,Iftikhar Ahmed,0,0,,,,,,,,,
1384426,2023/24,2023-11-04,"M Chinnaswamy Stadium, Bengaluru",1,18.5,New Zealand,Pakistan,KS Williamson,R Ravindra,Iftikhar Ahmed,1,0,,,,,,,,,
1384426,2023/24,2023-11-04,"M Chinnaswamy Stadium, Bengaluru",1,18.6,New Zealand,Pakistan,R Ravindra,KS Williamson,Iftikhar Ahmed,4,0,,,,,,,,,
1384426,2023/24,2023-11-04,"M Chinnaswamy Stadium, Bengaluru",1,19.1,New Zealand,Pakistan,KS Williamson,R Ravindra,Mohammad Wasim,0,1,,,,1,,,,,
1384426,2023/24,2023-11-04,"M Chinnaswamy Stadium, Bengaluru",1,19.2,New Zealand,Pakistan,R Ravindra,KS Williamson,Mohammad Wasim,1,0,,,,,,,,,
1384426,2023/24,2023-11-04,"M Chinnaswamy Stadium, Bengaluru",1,19.3,New Zealand,Pakistan,KS Williamson,R Ravindra,Mohammad Wasim,1,0,,,,,,,,,
1384426,2023/24,2023-11-04,"M Chinnaswamy Stadium, Bengaluru",1,19.4,New Zealand,Pakistan,R Ravindra,KS Williamson,Mohammad Wasim,2,0,,,,,,,,,
1384426,2023/24,2023-11-04,"M Chinnaswamy Stadium, Bengaluru",1,19.5,New Zealand,Pakistan,R Ravindra,KS Williamson,Mohammad Wasim,0,0,,,,,,,,,
1384426,2023/24,2023-11-04,"M Chinnaswamy Stadium, Bengaluru",1,19.6,New Zealand,Pakistan,R Ravindra,KS Williamson,Mohammad Wasim,1,0,,,,,,,,,
1384426,2023/24,2023-11-04,"M Chinnaswamy Stadium, Bengaluru",1,20.1,New Zealand,Pakistan,R Ravindra,KS Williamson,Agha Salman,4,0,,,,,,,,,
1384426,2023/24,2023-11-04,"M Chinnaswamy Stadium, Bengaluru",1,20.2,New Zealand,Pakistan,R Ravindra,KS Williamson,Agha Salman,1,0,,,,,,,,,
1384426,2023/24,2023-11-04,"M Chinnaswamy Stadium, Bengaluru",1,20.3,New Zealand,Pakistan,KS Williamson,R Ravindra,Agha Salman,0,0,,,,,,,,,
1384426,2023/24,2023-11-04,"M Chinnaswamy Stadium, Bengaluru",1,20.4,New Zealand,Pakistan,KS Williamson,R Ravindra,Agha Salman,0,0,,,,,,,,,
1384426,2023/24,2023-11-04,"M Chinnaswamy Stadium, Bengaluru",1,20.5,New Zealand,Pakistan,KS Williamson,R Ravindra,Agha Salman,1,0,,,,,,,,,
1384426,2023/24,2023-11-04,"M Chinnaswamy Stadium, Bengaluru",1,20.6,New Zealand,Pakistan,R Ravindra,KS Williamson,Agha Salman,0,1,1,,,,,,,,
1384426,2023/24,2023-11-04,"M Chinnaswamy Stadium, Bengaluru",1,20.7,New Zealand,Pakistan,R Ravindra,KS Williamson,Agha Salman,1,0,,,,,,,,,
1384426,2023/24,2023-11-04,"M Chinnaswamy Stadium, Bengaluru",1,21.1,New Zealand,Pakistan,R Ravindra,KS Williamson,Mohammad Wasim,1,0,,,,,,,,,
1384426,2023/24,2023-11-04,"M Chinnaswamy Stadium, Bengaluru",1,21.2,New Zealand,Pakistan,KS Williamson,R Ravindra,Mohammad Wasim,1,0,,,,,,,,,
1384426,2023/24,2023-11-04,"M Chinnaswamy Stadium, Bengaluru",1,21.3,New Zealand,Pakistan,R Ravindra,KS Williamson,Mohammad Wasim,1,0,,,,,,,,,
1384426,2023/24,2023-11-04,"M Chinnaswamy Stadium, Bengaluru",1,21.4,New Zealand,Pakistan,KS Williamson,R Ravindra,Mohammad Wasim,1,0,,,,,,,,,
1384426,2023/24,2023-11-04,"M Chinnaswamy Stadium, Bengaluru",1,21.5,New Zealand,Pakistan,R Ravindra,KS Williamson,Mohammad Wasim,0,0,,,,,,,,,
1384426,2023/24,2023-11-04,"M Chinnaswamy Stadium, Bengaluru",1,21.6,New Zealand,Pakistan,R Ravindra,KS Williamson,Mohammad Wasim,0,0,,,,,,,,,
1384426,2023/24,2023-11-04,"M Chinnaswamy Stadium, Bengaluru",1,22.1,New Zealand,Pakistan,KS Williamson,R Ravindra,Agha Salman,1,0,,,,,,,,,
1384426,2023/24,2023-11-04,"M Chinnaswamy Stadium, Bengaluru",1,22.2,New Zealand,Pakistan,R Ravindra,KS Williamson,Agha Salman,1,0,,,,,,,,,
1384426,2023/24,2023-11-04,"M Chinnaswamy Stadium, Bengaluru",1,22.3,New Zealand,Pakistan,KS Williamson,R Ravindra,Agha Salman,0,0,,,,,,,,,
1384426,2023/24,2023-11-04,"M Chinnaswamy Stadium, Bengaluru",1,22.4,New Zealand,Pakistan,KS Williamson,R Ravindra,Agha Salman,6,0,,,,,,,,,
1384426,2023/24,2023-11-04,"M Chinnaswamy Stadium, Bengaluru",1,22.5,New Zealand,Pakistan,KS Williamson,R Ravindra,Agha Salman,1,0,,,,,,,,,
1384426,2023/24,2023-11-04,"M Chinnaswamy Stadium, Bengaluru",1,22.6,New Zealand,Pakistan,R Ravindra,KS Williamson,Agha Salman,4,0,,,,,,,,,
1384426,2023/24,2023-11-04,"M Chinnaswamy Stadium, Bengaluru",1,23.1,New Zealand,Pakistan,KS Williamson,R Ravindra,Mohammad Wasim,0,1,,,,1,,,,,
1384426,2023/24,2023-11-04,"M Chinnaswamy Stadium, Bengaluru",1,23.2,New Zealand,Pakistan,R Ravindra,KS Williamson,Mohammad Wasim,0,0,,,,,,,,,
1384426,2023/24,2023-11-04,"M Chinnaswamy Stadium, Bengaluru",1,23.3,New Zealand,Pakistan,R Ravindra,KS Williamson,Mohammad Wasim,1,0,,,,,,,,,
1384426,2023/24,2023-11-04,"M Chinnaswamy Stadium, Bengaluru",1,23.4,New Zealand,Pakistan,KS Williamson,R Ravindra,Mohammad Wasim,0,0,,,,,,,,,
1384426,2023/24,2023-11-04,"M Chinnaswamy Stadium, Bengaluru",1,23.5,New Zealand,Pakistan,KS Williamson,R Ravindra,Mohammad Wasim,0,0,,,,,,,,,
1384426,2023/24,2023-11-04,"M Chinnaswamy Stadium, Bengaluru",1,23.6,New Zealand,Pakistan,KS Williamson,R Ravindra,Mohammad Wasim,1,0,,,,,,,,,
1384426,2023/24,2023-11-04,"M Chinnaswamy Stadium, Bengaluru",1,24.1,New Zealand,Pakistan,KS Williamson,R Ravindra,Iftikhar Ahmed,1,0,,,,,,,,,
1384426,2023/24,2023-11-04,"M Chinnaswamy Stadium, Bengaluru",1,24.2,New Zealand,Pakistan,R Ravindra,KS Williamson,Iftikhar Ahmed,1,0,,,,,,,,,
1384426,2023/24,2023-11-04,"M Chinnaswamy Stadium, Bengaluru",1,24.3,New Zealand,Pakistan,KS Williamson,R Ravindra,Iftikhar Ahmed,4,0,,,,,,,,,
1384426,2023/24,2023-11-04,"M Chinnaswamy Stadium, Bengaluru",1,24.4,New Zealand,Pakistan,KS Williamson,R Ravindra,Iftikhar Ahmed,4,0,,,,,,,,,
1384426,2023/24,2023-11-04,"M Chinnaswamy Stadium, Bengaluru",1,24.5,New Zealand,Pakistan,KS Williamson,R Ravindra,Iftikhar Ahmed,1,0,,,,,,,,,
1384426,2023/24,2023-11-04,"M Chinnaswamy Stadium, Bengaluru",1,24.6,New Zealand,Pakistan,R Ravindra,KS Williamson,Iftikhar Ahmed,4,0,,,,,,,,,
1384426,2023/24,2023-11-04,"M Chinnaswamy Stadium, Bengaluru",1,25.1,New Zealand,Pakistan,KS Williamson,R Ravindra,Shaheen Shah Afridi,1,0,,,,,,,,,
1384426,2023/24,2023-11-04,"M Chinnaswamy Stadium, Bengaluru",1,25.2,New Zealand,Pakistan,R Ravindra,KS Williamson,Shaheen Shah Afridi,1,0,,,,,,,,,
1384426,2023/24,2023-11-04,"M Chinnaswamy Stadium, Bengaluru",1,25.3,New Zealand,Pakistan,KS Williamson,R Ravindra,Shaheen Shah Afridi,0,0,,,,,,,,,
1384426,2023/24,2023-11-04,"M Chinnaswamy Stadium, Bengaluru",1,25.4,New Zealand,Pakistan,KS Williamson,R Ravindra,Shaheen Shah Afridi,0,0,,,,,,,,,
1384426,2023/24,2023-11-04,"M Chinnaswamy Stadium, Bengaluru",1,25.5,New Zealand,Pakistan,KS Williamson,R Ravindra,Shaheen Shah Afridi,2,0,,,,,,,,,
1384426,2023/24,2023-11-04,"M Chinnaswamy Stadium, Bengaluru",1,25.6,New Zealand,Pakistan,KS Williamson,R Ravindra,Shaheen Shah Afridi,1,0,,,,,,,,,
1384426,2023/24,2023-11-04,"M Chinnaswamy Stadium, Bengaluru",1,26.1,New Zealand,Pakistan,KS Williamson,R Ravindra,Haris Rauf,4,0,,,,,,,,,
1384426,2023/24,2023-11-04,"M Chinnaswamy Stadium, Bengaluru",1,26.2,New Zealand,Pakistan,KS Williamson,R Ravindra,Haris Rauf,0,0,,,,,,,,,
1384426,2023/24,2023-11-04,"M Chinnaswamy Stadium, Bengaluru",1,26.3,New Zealand,Pakistan,KS Williamson,R Ravindra,Haris Rauf,1,0,,,,,,,,,
1384426,2023/24,2023-11-04,"M Chinnaswamy Stadium, Bengaluru",1,26.4,New Zealand,Pakistan,R Ravindra,KS Williamson,Haris Rauf,1,0,,,,,,,,,
1384426,2023/24,2023-11-04,"M Chinnaswamy Stadium, Bengaluru",1,26.5,New Zealand,Pakistan,KS Williamson,R Ravindra,Haris Rauf,0,0,,,,,,,,,
1384426,2023/24,2023-11-04,"M Chinnaswamy Stadium, Bengaluru",1,26.6,New Zealand,Pakistan,KS Williamson,R Ravindra,Haris Rauf,2,0,,,,,,,,,
1384426,2023/24,2023-11-04,"M Chinnaswamy Stadium, Bengaluru",1,27.1,New Zealand,Pakistan,R Ravindra,KS Williamson,Shaheen Shah Afridi,0,1,1,,,,,,,,
1384426,2023/24,2023-11-04,"M Chinnaswamy Stadium, Bengaluru",1,27.2,New Zealand,Pakistan,R Ravindra,KS Williamson,Shaheen Shah Afridi,0,0,,,,,,,,,
1384426,2023/24,2023-11-04,"M Chinnaswamy Stadium, Bengaluru",1,27.3,New Zealand,Pakistan,R Ravindra,KS Williamson,Shaheen Shah Afridi,1,0,,,,,,,,,
1384426,2023/24,2023-11-04,"M Chinnaswamy Stadium, Bengaluru",1,27.4,New Zealand,Pakistan,KS Williamson,R Ravindra,Shaheen Shah Afridi,1,0,,,,,,,,,
1384426,2023/24,2023-11-04,"M Chinnaswamy Stadium, Bengaluru",1,27.5,New Zealand,Pakistan,R Ravindra,KS Williamson,Shaheen Shah Afridi,2,0,,,,,,,,,
1384426,2023/24,2023-11-04,"M Chinnaswamy Stadium, Bengaluru",1,27.6,New Zealand,Pakistan,R Ravindra,KS Williamson,Shaheen Shah Afridi,0,0,,,,,,,,,
1384426,2023/24,2023-11-04,"M Chinnaswamy Stadium, Bengaluru",1,27.7,New Zealand,Pakistan,R Ravindra,KS Williamson,Shaheen Shah Afridi,1,0,,,,,,,,,
1384426,2023/24,2023-11-04,"M Chinnaswamy Stadium, Bengaluru",1,28.1,New Zealand,Pakistan,R Ravindra,KS Williamson,Haris Rauf,0,0,,,,,,,,,
1384426,2023/24,2023-11-04,"M Chinnaswamy Stadium, Bengaluru",1,28.2,New Zealand,Pakistan,R Ravindra,KS Williamson,Haris Rauf,4,0,,,,,,,,,
1384426,2023/24,2023-11-04,"M Chinnaswamy Stadium, Bengaluru",1,28.3,New Zealand,Pakistan,R Ravindra,KS Williamson,Haris Rauf,0,0,,,,,,,,,
1384426,2023/24,2023-11-04,"M Chinnaswamy Stadium, Bengaluru",1,28.4,New Zealand,Pakistan,R Ravindra,KS Williamson,Haris Rauf,0,1,1,,,,,,,,
1384426,2023/24,2023-11-04,"M Chinnaswamy Stadium, Bengaluru",1,28.5,New Zealand,Pakistan,R Ravindra,KS Williamson,Haris Rauf,1,0,,,,,,,,,
1384426,2023/24,2023-11-04,"M Chinnaswamy Stadium, Bengaluru",1,28.6,New Zealand,Pakistan,KS Williamson,R Ravindra,Haris Rauf,1,0,,,,,,,,,
1384426,2023/24,2023-11-04,"M Chinnaswamy Stadium, Bengaluru",1,28.7,New Zealand,Pakistan,R Ravindra,KS Williamson,Haris Rauf,6,0,,,,,,,,,
1384426,2023/24,2023-11-04,"M Chinnaswamy Stadium, Bengaluru",1,29.1,New Zealand,Pakistan,KS Williamson,R Ravindra,Hasan Ali,4,0,,,,,,,,,
1384426,2023/24,2023-11-04,"M Chinnaswamy Stadium, Bengaluru",1,29.2,New Zealand,Pakistan,KS Williamson,R Ravindra,Hasan Ali,1,0,,,,,,,,,
1384426,2023/24,2023-11-04,"M Chinnaswamy Stadium, Bengaluru",1,29.3,New Zealand,Pakistan,R Ravindra,KS Williamson,Hasan Ali,1,0,,,,,,,,,
1384426,2023/24,2023-11-04,"M Chinnaswamy Stadium, Bengaluru",1,29.4,New Zealand,Pakistan,KS Williamson,R Ravindra,Hasan Ali,0,0,,,,,,,,,
1384426,2023/24,2023-11-04,"M Chinnaswamy Stadium, Bengaluru",1,29.5,New Zealand,Pakistan,KS Williamson,R Ravindra,Hasan Ali,4,0,,,,,,,,,
1384426,2023/24,2023-11-04,"M Chinnaswamy Stadium, Bengaluru",1,29.6,New Zealand,Pakistan,KS Williamson,R Ravindra,Hasan Ali,1,0,,,,,,,,,
1384426,2023/24,2023-11-04,"M Chinnaswamy Stadium, Bengaluru",1,30.1,New Zealand,Pakistan,KS Williamson,R Ravindra,Mohammad Wasim,2,0,,,,,,,,,
1384426,2023/24,2023-11-04,"M Chinnaswamy Stadium, Bengaluru",1,30.2,New Zealand,Pakistan,KS Williamson,R Ravindra,Mohammad Wasim,4,0,,,,,,,,,
1384426,2023/24,2023-11-04,"M Chinnaswamy Stadium, Bengaluru",1,30.3,New Zealand,Pakistan,KS Williamson,R Ravindra,Mohammad Wasim,0,0,,,,,,,,,
1384426,2023/24,2023-11-04,"M Chinnaswamy Stadium, Bengaluru",1,30.4,New Zealand,Pakistan,KS Williamson,R Ravindra,Mohammad Wasim,1,0,,,,,,,,,
1384426,2023/24,2023-11-04,"M Chinnaswamy Stadium, Bengaluru",1,30.5,New Zealand,Pakistan,R Ravindra,KS Williamson,Mohammad Wasim,0,0,,,,,,,,,
1384426,2023/24,2023-11-04,"M Chinnaswamy Stadium, Bengaluru",1,30.6,New Zealand,Pakistan,R Ravindra,KS Williamson,Mohammad Wasim,0,0,,,,,,,,,
1384426,2023/24,2023-11-04,"M Chinnaswamy Stadium, Bengaluru",1,31.1,New Zealand,Pakistan,KS Williamson,R Ravindra,Hasan Ali,6,0,,,,,,,,,
1384426,2023/24,2023-11-04,"M Chinnaswamy Stadium, Bengaluru",1,31.2,New Zealand,Pakistan,KS Williamson,R Ravindra,Hasan Ali,4,0,,,,,,,,,
1384426,2023/24,2023-11-04,"M Chinnaswamy Stadium, Bengaluru",1,31.3,New Zealand,Pakistan,KS Williamson,R Ravindra,Hasan Ali,0,0,,,,,,,,,
1384426,2023/24,2023-11-04,"M Chinnaswamy Stadium, Bengaluru",1,31.4,New Zealand,Pakistan,KS Williamson,R Ravindra,Hasan Ali,0,0,,,,,,,,,
1384426,2023/24,2023-11-04,"M Chinnaswamy Stadium, Bengaluru",1,31.5,New Zealand,Pakistan,KS Williamson,R Ravindra,Hasan Ali,1,1,,1,,,,,,,
1384426,2023/24,2023-11-04,"M Chinnaswamy Stadium, Bengaluru",1,31.6,New Zealand,Pakistan,R Ravindra,KS Williamson,Hasan Ali,2,0,,,,,,,,,
1384426,2023/24,2023-11-04,"M Chinnaswamy Stadium, Bengaluru",1,31.7,New Zealand,Pakistan,R Ravindra,KS Williamson,Hasan Ali,4,0,,,,,,,,,
1384426,2023/24,2023-11-04,"M Chinnaswamy Stadium, Bengaluru",1,32.1,New Zealand,Pakistan,KS Williamson,R Ravindra,Iftikhar Ahmed,0,0,,,,,,,,,
1384426,2023/24,2023-11-04,"M Chinnaswamy Stadium, Bengaluru",1,32.2,New Zealand,Pakistan,KS Williamson,R Ravindra,Iftikhar Ahmed,1,0,,,,,,,,,
1384426,2023/24,2023-11-04,"M Chinnaswamy Stadium, Bengaluru",1,32.3,New Zealand,Pakistan,R Ravindra,KS Williamson,Iftikhar Ahmed,1,0,,,,,,,,,
1384426,2023/24,2023-11-04,"M Chinnaswamy Stadium, Bengaluru",1,32.4,New Zealand,Pakistan,KS Williamson,R Ravindra,Iftikhar Ahmed,2,0,,,,,,,,,
1384426,2023/24,2023-11-04,"M Chinnaswamy Stadium, Bengaluru",1,32.5,New Zealand,Pakistan,KS Williamson,R Ravindra,Iftikhar Ahmed,0,0,,,,,,,,,
1384426,2023/24,2023-11-04,"M Chinnaswamy Stadium, Bengaluru",1,32.6,New Zealand,Pakistan,KS Williamson,R Ravindra,Iftikhar Ahmed,0,0,,,,,,,,,
1384426,2023/24,2023-11-04,"M Chinnaswamy Stadium, Bengaluru",1,33.1,New Zealand,Pakistan,R Ravindra,KS Williamson,Mohammad Wasim,0,0,,,,,,,,,
1384426,2023/24,2023-11-04,"M Chinnaswamy Stadium, Bengaluru",1,33.2,New Zealand,Pakistan,R Ravindra,KS Williamson,Mohammad Wasim,4,0,,,,,,,,,
1384426,2023/24,2023-11-04,"M Chinnaswamy Stadium, Bengaluru",1,33.3,New Zealand,Pakistan,R Ravindra,KS Williamson,Mohammad Wasim,0,0,,,,,,,,,
1384426,2023/24,2023-11-04,"M Chinnaswamy Stadium, Bengaluru",1,33.4,New Zealand,Pakistan,R Ravindra,KS Williamson,Mohammad Wasim,1,0,,,,,,,,,
1384426,2023/24,2023-11-04,"M Chinnaswamy Stadium, Bengaluru",1,33.5,New Zealand,Pakistan,KS Williamson,R Ravindra,Mohammad Wasim,1,0,,,,,,,,,
1384426,2023/24,2023-11-04,"M Chinnaswamy Stadium, Bengaluru",1,33.6,New Zealand,Pakistan,R Ravindra,KS Williamson,Mohammad Wasim,0,0,,,,,,,,,
1384426,2023/24,2023-11-04,"M Chinnaswamy Stadium, Bengaluru",1,34.1,New Zealand,Pakistan,KS Williamson,R Ravindra,Iftikhar Ahmed,2,0,,,,,,,,,
1384426,2023/24,2023-11-04,"M Chinnaswamy Stadium, Bengaluru",1,34.2,New Zealand,Pakistan,KS Williamson,R Ravindra,Iftikhar Ahmed,0,0,,,,,,caught,KS Williamson,,
1384426,2023/24,2023-11-04,"M Chinnaswamy Stadium, Bengaluru",1,34.3,New Zealand,Pakistan,DJ Mitchell,R Ravindra,Iftikhar Ahmed,0,0,,,,,,,,,
1384426,2023/24,2023-11-04,"M Chinnaswamy Stadium, Bengaluru",1,34.4,New Zealand,Pakistan,DJ Mitchell,R Ravindra,Iftikhar Ahmed,2,0,,,,,,,,,
1384426,2023/24,2023-11-04,"M Chinnaswamy Stadium, Bengaluru",1,34.5,New Zealand,Pakistan,DJ Mitchell,R Ravindra,Iftikhar Ahmed,1,0,,,,,,,,,
1384426,2023/24,2023-11-04,"M Chinnaswamy Stadium, Bengaluru",1,34.6,New Zealand,Pakistan,R Ravindra,DJ Mitchell,Iftikhar Ahmed,1,0,,,,,,,,,
1384426,2023/24,2023-11-04,"M Chinnaswamy Stadium, Bengaluru",1,35.1,New Zealand,Pakistan,R Ravindra,DJ Mitchell,Mohammad Wasim,1,0,,,,,,,,,
1384426,2023/24,2023-11-04,"M Chinnaswamy Stadium, Bengaluru",1,35.2,New Zealand,Pakistan,DJ Mitchell,R Ravindra,Mohammad Wasim,0,1,,,,1,,,,,
1384426,2023/24,2023-11-04,"M Chinnaswamy Stadium, Bengaluru",1,35.3,New Zealand,Pakistan,R Ravindra,DJ Mitchell,Mohammad Wasim,2,0,,,,,,,,,
1384426,2023/24,2023-11-04,"M Chinnaswamy Stadium, Bengaluru",1,35.4,New Zealand,Pakistan,R Ravindra,DJ Mitchell,Mohammad Wasim,0,1,1,,,,,,,,
1384426,2023/24,2023-11-04,"M Chinnaswamy Stadium, Bengaluru",1,35.5,New Zealand,Pakistan,R Ravindra,DJ Mitchell,Mohammad Wasim,4,0,,,,,,,,,
1384426,2023/24,2023-11-04,"M Chinnaswamy Stadium, Bengaluru",1,35.6,New Zealand,Pakistan,R Ravindra,DJ Mitchell,Mohammad Wasim,0,0,,,,,,caught,R Ravindra,,
1384426,2023/24,2023-11-04,"M Chinnaswamy Stadium, Bengaluru",1,35.7,New Zealand,Pakistan,MS Chapman,DJ Mitchell,Mohammad Wasim,0,0,,,,,,,,,
1384426,2023/24,2023-11-04,"M Chinnaswamy Stadium, Bengaluru",1,36.1,New Zealand,Pakistan,DJ Mitchell,MS Chapman,Haris Rauf,4,0,,,,,,,,,
1384426,2023/24,2023-11-04,"M Chinnaswamy Stadium, Bengaluru",1,36.2,New Zealand,Pakistan,DJ Mitchell,MS Chapman,Haris Rauf,4,0,,,,,,,,,
1384426,2023/24,2023-11-04,"M Chinnaswamy Stadium, Bengaluru",1,36.3,New Zealand,Pakistan,DJ Mitchell,MS Chapman,Haris Rauf,0,0,,,,,,,,,
1384426,2023/24,2023-11-04,"M Chinnaswamy Stadium, Bengaluru",1,36.4,New Zealand,Pakistan,DJ Mitchell,MS Chapman,Haris Rauf,1,0,,,,,,,,,
1384426,2023/24,2023-11-04,"M Chinnaswamy Stadium, Bengaluru",1,36.5,New Zealand,Pakistan,MS Chapman,DJ Mitchell,Haris Rauf,0,0,,,,,,,,,
1384426,2023/24,2023-11-04,"M Chinnaswamy Stadium, Bengaluru",1,36.6,New Zealand,Pakistan,MS Chapman,DJ Mitchell,Haris Rauf,1,0,,,,,,,,,
1384426,2023/24,2023-11-04,"M Chinnaswamy Stadium, Bengaluru",1,37.1,New Zealand,Pakistan,MS Chapman,DJ Mitchell,Shaheen Shah Afridi,0,0,,,,,,,,,
1384426,2023/24,2023-11-04,"M Chinnaswamy Stadium, Bengaluru",1,37.2,New Zealand,Pakistan,MS Chapman,DJ Mitchell,Shaheen Shah Afridi,4,0,,,,,,,,,
1384426,2023/24,2023-11-04,"M Chinnaswamy Stadium, Bengaluru",1,37.3,New Zealand,Pakistan,MS Chapman,DJ Mitchell,Shaheen Shah Afridi,0,0,,,,,,,,,
1384426,2023/24,2023-11-04,"M Chinnaswamy Stadium, Bengaluru",1,37.4,New Zealand,Pakistan,MS Chapman,DJ Mitchell,Shaheen Shah Afridi,4,0,,,,,,,,,
1384426,2023/24,2023-11-04,"M Chinnaswamy Stadium, Bengaluru",1,37.5,New Zealand,Pakistan,MS Chapman,DJ Mitchell,Shaheen Shah Afridi,1,0,,,,,,,,,
1384426,2023/24,2023-11-04,"M Chinnaswamy Stadium, Bengaluru",1,37.6,New Zealand,Pakistan,DJ Mitchell,MS Chapman,Shaheen Shah Afridi,4,0,,,,,,,,,
1384426,2023/24,2023-11-04,"M Chinnaswamy Stadium, Bengaluru",1,38.1,New Zealand,Pakistan,MS Chapman,DJ Mitchell,Hasan Ali,0,0,,,,,,,,,
1384426,2023/24,2023-11-04,"M Chinnaswamy Stadium, Bengaluru",1,38.2,New Zealand,Pakistan,MS Chapman,DJ Mitchell,Hasan Ali,0,0,,,,,,,,,
1384426,2023/24,2023-11-04,"M Chinnaswamy Stadium, Bengaluru",1,38.3,New Zealand,Pakistan,MS Chapman,DJ Mitchell,Hasan Ali,1,0,,,,,,,,,
1384426,2023/24,2023-11-04,"M Chinnaswamy Stadium, Bengaluru",1,38.4,New Zealand,Pakistan,DJ Mitchell,MS Chapman,Hasan Ali,1,0,,,,,,,,,
1384426,2023/24,2023-11-04,"M Chinnaswamy Stadium, Bengaluru",1,38.5,New Zealand,Pakistan,MS Chapman,DJ Mitchell,Hasan Ali,4,0,,,,,,,,,
1384426,2023/24,2023-11-04,"M Chinnaswamy Stadium, Bengaluru",1,38.6,New Zealand,Pakistan,MS Chapman,DJ Mitchell,Hasan Ali,0,1,,,,1,,,,,
1384426,2023/24,2023-11-04,"M Chinnaswamy Stadium, Bengaluru",1,39.1,New Zealand,Pakistan,MS Chapman,DJ Mitchell,Shaheen Shah Afridi,4,0,,,,,,,,,
1384426,2023/24,2023-11-04,"M Chinnaswamy Stadium, Bengaluru",1,39.2,New Zealand,Pakistan,MS Chapman,DJ Mitchell,Shaheen Shah Afridi,1,0,,,,,,,,,
1384426,2023/24,2023-11-04,"M Chinnaswamy Stadium, Bengaluru",1,39.3,New Zealand,Pakistan,DJ Mitchell,MS Chapman,Shaheen Shah Afridi,1,0,,,,,,,,,
1384426,2023/24,2023-11-04,"M Chinnaswamy Stadium, Bengaluru",1,39.4,New Zealand,Pakistan,MS Chapman,DJ Mitchell,Shaheen Shah Afridi,4,0,,,,,,,,,
1384426,2023/24,2023-11-04,"M Chinnaswamy Stadium, Bengaluru",1,39.5,New Zealand,Pakistan,MS Chapman,DJ Mitchell,Shaheen Shah Afridi,2,0,,,,,,,,,
1384426,2023/24,2023-11-04,"M Chinnaswamy Stadium, Bengaluru",1,39.6,New Zealand,Pakistan,MS Chapman,DJ Mitchell,Shaheen Shah Afridi,4,0,,,,,,,,,
1384426,2023/24,2023-11-04,"M Chinnaswamy Stadium, Bengaluru",1,40.1,New Zealand,Pakistan,DJ Mitchell,MS Chapman,Hasan Ali,0,0,,,,,,,,,
1384426,2023/24,2023-11-04,"M Chinnaswamy Stadium, Bengaluru",1,40.2,New Zealand,Pakistan,DJ Mitchell,MS Chapman,Hasan Ali,0,0,,,,,,,,,
1384426,2023/24,2023-11-04,"M Chinnaswamy Stadium, Bengaluru",1,40.3,New Zealand,Pakistan,DJ Mitchell,MS Chapman,Hasan Ali,4,0,,,,,,,,,
1384426,2023/24,2023-11-04,"M Chinnaswamy Stadium, Bengaluru",1,40.4,New Zealand,Pakistan,DJ Mitchell,MS Chapman,Hasan Ali,6,0,,,,,,,,,
1384426,2023/24,2023-11-04,"M Chinnaswamy Stadium, Bengaluru",1,40.5,New Zealand,Pakistan,DJ Mitchell,MS Chapman,Hasan Ali,0,0,,,,,,,,,
1384426,2023/24,2023-11-04,"M Chinnaswamy Stadium, Bengaluru",1,40.6,New Zealand,Pakistan,DJ Mitchell,MS Chapman,Hasan Ali,1,0,,,,,,,,,
1384426,2023/24,2023-11-04,"M Chinnaswamy Stadium, Bengaluru",1,41.1,New Zealand,Pakistan,DJ Mitchell,MS Chapman,Haris Rauf,0,0,,,,,,bowled,DJ Mitchell,,
1384426,2023/24,2023-11-04,"M Chinnaswamy Stadium, Bengaluru",1,41.2,New Zealand,Pakistan,GD Phillips,MS Chapman,Haris Rauf,0,0,,,,,,,,,
1384426,2023/24,2023-11-04,"M Chinnaswamy Stadium, Bengaluru",1,41.3,New Zealand,Pakistan,GD Phillips,MS Chapman,Haris Rauf,0,0,,,,,,,,,
1384426,2023/24,2023-11-04,"M Chinnaswamy Stadium, Bengaluru",1,41.4,New Zealand,Pakistan,GD Phillips,MS Chapman,Haris Rauf,4,0,,,,,,,,,
1384426,2023/24,2023-11-04,"M Chinnaswamy Stadium, Bengaluru",1,41.5,New Zealand,Pakistan,GD Phillips,MS Chapman,Haris Rauf,0,0,,,,,,,,,
1384426,2023/24,2023-11-04,"M Chinnaswamy Stadium, Bengaluru",1,41.6,New Zealand,Pakistan,GD Phillips,MS Chapman,Haris Rauf,4,0,,,,,,,,,
1384426,2023/24,2023-11-04,"M Chinnaswamy Stadium, Bengaluru",1,42.1,New Zealand,Pakistan,MS Chapman,GD Phillips,Hasan Ali,4,0,,,,,,,,,
1384426,2023/24,2023-11-04,"M Chinnaswamy Stadium, Bengaluru",1,42.2,New Zealand,Pakistan,MS Chapman,GD Phillips,Hasan Ali,1,0,,,,,,,,,
1384426,2023/24,2023-11-04,"M Chinnaswamy Stadium, Bengaluru",1,42.3,New Zealand,Pakistan,GD Phillips,MS Chapman,Hasan Ali,1,0,,,,,,,,,
1384426,2023/24,2023-11-04,"M Chinnaswamy Stadium, Bengaluru",1,42.4,New Zealand,Pakistan,MS Chapman,GD Phillips,Hasan Ali,1,0,,,,,,,,,
1384426,2023/24,2023-11-04,"M Chinnaswamy Stadium, Bengaluru",1,42.5,New Zealand,Pakistan,GD Phillips,MS Chapman,Hasan Ali,3,0,,,,,,,,,
1384426,2023/24,2023-11-04,"M Chinnaswamy Stadium, Bengaluru",1,42.6,New Zealand,Pakistan,MS Chapman,GD Phillips,Hasan Ali,1,0,,,,,,,,,
1384426,2023/24,2023-11-04,"M Chinnaswamy Stadium, Bengaluru",1,43.1,New Zealand,Pakistan,MS Chapman,GD Phillips,Haris Rauf,0,1,1,,,,,,,,
1384426,2023/24,2023-11-04,"M Chinnaswamy Stadium, Bengaluru",1,43.2,New Zealand,Pakistan,MS Chapman,GD Phillips,Haris Rauf,1,0,,,,,,,,,
1384426,2023/24,2023-11-04,"M Chinnaswamy Stadium, Bengaluru",1,43.3,New Zealand,Pakistan,GD Phillips,MS Chapman,Haris Rauf,1,0,,,,,,,,,
1384426,2023/24,2023-11-04,"M Chinnaswamy Stadium, Bengaluru",1,43.4,New Zealand,Pakistan,MS Chapman,GD Phillips,Haris Rauf,0,1,,,,1,,,,,
1384426,2023/24,2023-11-04,"M Chinnaswamy Stadium, Bengaluru",1,43.5,New Zealand,Pakistan,GD Phillips,MS Chapman,Haris Rauf,0,0,,,,,,,,,
1384426,2023/24,2023-11-04,"M Chinnaswamy Stadium, Bengaluru",1,43.6,New Zealand,Pakistan,GD Phillips,MS Chapman,Haris Rauf,1,0,,,,,,,,,
1384426,2023/24,2023-11-04,"M Chinnaswamy Stadium, Bengaluru",1,43.7,New Zealand,Pakistan,MS Chapman,GD Phillips,Haris Rauf,1,0,,,,,,,,,
1384426,2023/24,2023-11-04,"M Chinnaswamy Stadium, Bengaluru",1,44.1,New Zealand,Pakistan,MS Chapman,GD Phillips,Mohammad Wasim,0,1,,,,1,,,,,
1384426,2023/24,2023-11-04,"M Chinnaswamy Stadium, Bengaluru",1,44.2,New Zealand,Pakistan,GD Phillips,MS Chapman,Mohammad Wasim,1,0,,,,,,,,,
1384426,2023/24,2023-11-04,"M Chinnaswamy Stadium, Bengaluru",1,44.3,New Zealand,Pakistan,MS Chapman,GD Phillips,Mohammad Wasim,0,0,,,,,,bowled,MS Chapman,,
1384426,2023/24,2023-11-04,"M Chinnaswamy Stadium, Bengaluru",1,44.4,New Zealand,Pakistan,MJ Santner,GD Phillips,Mohammad Wasim,1,0,,,,,,,,,
1384426,2023/24,2023-11-04,"M Chinnaswamy Stadium, Bengaluru",1,44.5,New Zealand,Pakistan,GD Phillips,MJ Santner,Mohammad Wasim,1,0,,,,,,,,,
1384426,2023/24,2023-11-04,"M Chinnaswamy Stadium, Bengaluru",1,44.6,New Zealand,Pakistan,MJ Santner,GD Phillips,Mohammad Wasim,0,0,,,,,,,,,
1384426,2023/24,2023-11-04,"M Chinnaswamy Stadium, Bengaluru",1,45.1,New Zealand,Pakistan,GD Phillips,MJ Santner,Haris Rauf,6,0,,,,,,,,,
1384426,2023/24,2023-11-04,"M Chinnaswamy Stadium, Bengaluru",1,45.2,New Zealand,Pakistan,GD Phillips,MJ Santner,Haris Rauf,1,0,,,,,,,,,
1384426,2023/24,2023-11-04,"M Chinnaswamy Stadium, Bengaluru",1,45.3,New Zealand,Pakistan,MJ Santner,GD Phillips,Haris Rauf,1,0,,,,,,,,,
1384426,2023/24,2023-11-04,"M Chinnaswamy Stadium, Bengaluru",1,45.4,New Zealand,Pakistan,GD Phillips,MJ Santner,Haris Rauf,4,0,,,,,,,,,
1384426,2023/24,2023-11-04,"M Chinnaswamy Stadium, Bengaluru",1,45.5,New Zealand,Pakistan,GD Phillips,MJ Santner,Haris Rauf,1,0,,,,,,,,,
1384426,2023/24,2023-11-04,"M Chinnaswamy Stadium, Bengaluru",1,45.6,New Zealand,Pakistan,MJ Santner,GD Phillips,Haris Rauf,0,0,,,,,,,,,
1384426,2023/24,2023-11-04,"M Chinnaswamy Stadium, Bengaluru",1,46.1,New Zealand,Pakistan,GD Phillips,MJ Santner,Mohammad Wasim,1,0,,,,,,,,,
1384426,2023/24,2023-11-04,"M Chinnaswamy Stadium, Bengaluru",1,46.2,New Zealand,Pakistan,MJ Santner,GD Phillips,Mohammad Wasim,1,0,,,,,,,,,
1384426,2023/24,2023-11-04,"M Chinnaswamy Stadium, Bengaluru",1,46.3,New Zealand,Pakistan,GD Phillips,MJ Santner,Mohammad Wasim,1,0,,,,,,,,,
1384426,2023/24,2023-11-04,"M Chinnaswamy Stadium, Bengaluru",1,46.4,New Zealand,Pakistan,MJ Santner,GD Phillips,Mohammad Wasim,2,0,,,,,,,,,
1384426,2023/24,2023-11-04,"M Chinnaswamy Stadium, Bengaluru",1,46.5,New Zealand,Pakistan,MJ Santner,GD Phillips,Mohammad Wasim,1,0,,,,,,,,,
1384426,2023/24,2023-11-04,"M Chinnaswamy Stadium, Bengaluru",1,46.6,New Zealand,Pakistan,GD Phillips,MJ Santner,Mohammad Wasim,0,0,,,,,,,,,
1384426,2023/24,2023-11-04,"M Chinnaswamy Stadium, Bengaluru",1,47.1,New Zealand,Pakistan,MJ Santner,GD Phillips,Shaheen Shah Afridi,1,0,,,,,,,,,
1384426,2023/24,2023-11-04,"M Chinnaswamy Stadium, Bengaluru",1,47.2,New Zealand,Pakistan,GD Phillips,MJ Santner,Shaheen Shah Afridi,0,1,1,,,,,,,,
1384426,2023/24,2023-11-04,"M Chinnaswamy Stadium, Bengaluru",1,47.3,New Zealand,Pakistan,GD Phillips,MJ Santner,Shaheen Shah Afridi,0,0,,,,,,,,,
1384426,2023/24,2023-11-04,"M Chinnaswamy Stadium, Bengaluru",1,47.4,New Zealand,Pakistan,GD Phillips,MJ Santner,Shaheen Shah Afridi,1,0,,,,,,,,,
1384426,2023/24,2023-11-04,"M Chinnaswamy Stadium, Bengaluru",1,47.5,New Zealand,Pakistan,MJ Santner,GD Phillips,Shaheen Shah Afridi,0,0,,,,,,,,,
1384426,2023/24,2023-11-04,"M Chinnaswamy Stadium, Bengaluru",1,47.6,New Zealand,Pakistan,MJ Santner,GD Phillips,Shaheen Shah Afridi,1,0,,,,,,,,,
1384426,2023/24,2023-11-04,"M Chinnaswamy Stadium, Bengaluru",1,47.7,New Zealand,Pakistan,GD Phillips,MJ Santner,Shaheen Shah Afridi,6,0,,,,,,,,,
1384426,2023/24,2023-11-04,"M Chinnaswamy Stadium, Bengaluru",1,48.1,New Zealand,Pakistan,MJ Santner,GD Phillips,Mohammad Wasim,6,0,,,,,,,,,
1384426,2023/24,2023-11-04,"M Chinnaswamy Stadium, Bengaluru",1,48.2,New Zealand,Pakistan,MJ Santner,GD Phillips,Mohammad Wasim,1,0,,,,,,,,,
1384426,2023/24,2023-11-04,"M Chinnaswamy Stadium, Bengaluru",1,48.3,New Zealand,Pakistan,GD Phillips,MJ Santner,Mohammad Wasim,4,0,,,,,,,,,
1384426,2023/24,2023-11-04,"M Chinnaswamy Stadium, Bengaluru",1,48.4,New Zealand,Pakistan,GD Phillips,MJ Santner,Mohammad Wasim,0,0,,,,,,,,,
1384426,2023/24,2023-11-04,"M Chinnaswamy Stadium, Bengaluru",1,48.5,New Zealand,Pakistan,GD Phillips,MJ Santner,Mohammad Wasim,0,1,1,,,,,,,,
1384426,2023/24,2023-11-04,"M Chinnaswamy Stadium, Bengaluru",1,48.6,New Zealand,Pakistan,GD Phillips,MJ Santner,Mohammad Wasim,0,0,,,,,,bowled,GD Phillips,,
1384426,2023/24,2023-11-04,"M Chinnaswamy Stadium, Bengaluru",1,48.7,New Zealand,Pakistan,TWM Latham,MJ Santner,Mohammad Wasim,1,0,,,,,,,,,
1384426,2023/24,2023-11-04,"M Chinnaswamy Stadium, Bengaluru",1,49.1,New Zealand,Pakistan,TWM Latham,MJ Santner,Shaheen Shah Afridi,1,0,,,,,,,,,
1384426,2023/24,2023-11-04,"M Chinnaswamy Stadium, Bengaluru",1,49.2,New Zealand,Pakistan,MJ Santner,TWM Latham,Shaheen Shah Afridi,0,0,,,,,,,,,
1384426,2023/24,2023-11-04,"M Chinnaswamy Stadium, Bengaluru",1,49.3,New Zealand,Pakistan,MJ Santner,TWM Latham,Shaheen Shah Afridi,2,0,,,,,,,,,
1384426,2023/24,2023-11-04,"M Chinnaswamy Stadium, Bengaluru",1,49.4,New Zealand,Pakistan,MJ Santner,TWM Latham,Shaheen Shah Afridi,6,0,,,,,,,,,
1384426,2023/24,2023-11-04,"M Chinnaswamy Stadium, Bengaluru",1,49.5,New Zealand,Pakistan,MJ Santner,TWM Latham,Shaheen Shah Afridi,2,0,,,,,,,,,
1384426,2023/24,2023-11-04,"M Chinnaswamy Stadium, Bengaluru",1,49.6,New Zealand,Pakistan,MJ Santner,TWM Latham,Shaheen Shah Afridi,1,0,,,,,,,,,
1384426,2023/24,2023-11-04,"M Chinnaswamy Stadium, Bengaluru",2,0.1,Pakistan,New Zealand,Abdullah Shafique,Fakhar Zaman,TA Boult,0,0,,,,,,,,,
1384426,2023/24,2023-11-04,"M Chinnaswamy Stadium, Bengaluru",2,0.2,Pakistan,New Zealand,Abdullah Shafique,Fakhar Zaman,TA Boult,0,0,,,,,,,,,
1384426,2023/24,2023-11-04,"M Chinnaswamy Stadium, Bengaluru",2,0.3,Pakistan,New Zealand,Abdullah Shafique,Fakhar Zaman,TA Boult,4,0,,,,,,,,,
1384426,2023/24,2023-11-04,"M Chinnaswamy Stadium, Bengaluru",2,0.4,Pakistan,New Zealand,Abdullah Shafique,Fakhar Zaman,TA Boult,0,0,,,,,,,,,
1384426,2023/24,2023-11-04,"M Chinnaswamy Stadium, Bengaluru",2,0.5,Pakistan,New Zealand,Abdullah Shafique,Fakhar Zaman,TA Boult,0,0,,,,,,,,,
1384426,2023/24,2023-11-04,"M Chinnaswamy Stadium, Bengaluru",2,0.6,Pakistan,New Zealand,Abdullah Shafique,Fakhar Zaman,TA Boult,0,1,1,,,,,,,,
1384426,2023/24,2023-11-04,"M Chinnaswamy Stadium, Bengaluru",2,0.7,Pakistan,New Zealand,Abdullah Shafique,Fakhar Zaman,TA Boult,0,0,,,,,,,,,
1384426,2023/24,2023-11-04,"M Chinnaswamy Stadium, Bengaluru",2,1.1,Pakistan,New Zealand,Fakhar Zaman,Abdullah Shafique,TG Southee,0,0,,,,,,,,,
1384426,2023/24,2023-11-04,"M Chinnaswamy Stadium, Bengaluru",2,1.2,Pakistan,New Zealand,Fakhar Zaman,Abdullah Shafique,TG Southee,0,0,,,,,,,,,
1384426,2023/24,2023-11-04,"M Chinnaswamy Stadium, Bengaluru",2,1.3,Pakistan,New Zealand,Fakhar Zaman,Abdullah Shafique,TG Southee,1,0,,,,,,,,,
1384426,2023/24,2023-11-04,"M Chinnaswamy Stadium, Bengaluru",2,1.4,Pakistan,New Zealand,Abdullah Shafique,Fakhar Zaman,TG Southee,0,0,,,,,,,,,
1384426,2023/24,2023-11-04,"M Chinnaswamy Stadium, Bengaluru",2,1.5,Pakistan,New Zealand,Abdullah Shafique,Fakhar Zaman,TG Southee,0,0,,,,,,,,,
1384426,2023/24,2023-11-04,"M Chinnaswamy Stadium, Bengaluru",2,1.6,Pakistan,New Zealand,Abdullah Shafique,Fakhar Zaman,TG Southee,0,0,,,,,,caught,Abdullah Shafique,,
1384426,2023/24,2023-11-04,"M Chinnaswamy Stadium, Bengaluru",2,2.1,Pakistan,New Zealand,Fakhar Zaman,Babar Azam,TA Boult,0,0,,,,,,,,,
1384426,2023/24,2023-11-04,"M Chinnaswamy Stadium, Bengaluru",2,2.2,Pakistan,New Zealand,Fakhar Zaman,Babar Azam,TA Boult,4,0,,,,,,,,,
1384426,2023/24,2023-11-04,"M Chinnaswamy Stadium, Bengaluru",2,2.3,Pakistan,New Zealand,Fakhar Zaman,Babar Azam,TA Boult,0,0,,,,,,,,,
1384426,2023/24,2023-11-04,"M Chinnaswamy Stadium, Bengaluru",2,2.4,Pakistan,New Zealand,Fakhar Zaman,Babar Azam,TA Boult,0,0,,,,,,,,,
1384426,2023/24,2023-11-04,"M Chinnaswamy Stadium, Bengaluru",2,2.5,Pakistan,New Zealand,Fakhar Zaman,Babar Azam,TA Boult,0,0,,,,,,,,,
1384426,2023/24,2023-11-04,"M Chinnaswamy Stadium, Bengaluru",2,2.6,Pakistan,New Zealand,Fakhar Zaman,Babar Azam,TA Boult,0,0,,,,,,,,,
1384426,2023/24,2023-11-04,"M Chinnaswamy Stadium, Bengaluru",2,3.1,Pakistan,New Zealand,Babar Azam,Fakhar Zaman,TG Southee,0,0,,,,,,,,,
1384426,2023/24,2023-11-04,"M Chinnaswamy Stadium, Bengaluru",2,3.2,Pakistan,New Zealand,Babar Azam,Fakhar Zaman,TG Southee,0,0,,,,,,,,,
1384426,2023/24,2023-11-04,"M Chinnaswamy Stadium, Bengaluru",2,3.3,Pakistan,New Zealand,Babar Azam,Fakhar Zaman,TG Southee,1,0,,,,,,,,,
1384426,2023/24,2023-11-04,"M Chinnaswamy Stadium, Bengaluru",2,3.4,Pakistan,New Zealand,Fakhar Zaman,Babar Azam,TG Southee,0,0,,,,,,,,,
1384426,2023/24,2023-11-04,"M Chinnaswamy Stadium, Bengaluru",2,3.5,Pakistan,New Zealand,Fakhar Zaman,Babar Azam,TG Southee,1,0,,,,,,,,,
1384426,2023/24,2023-11-04,"M Chinnaswamy Stadium, Bengaluru",2,3.6,Pakistan,New Zealand,Babar Azam,Fakhar Zaman,TG Southee,0,0,,,,,,,,,
1384426,2023/24,2023-11-04,"M Chinnaswamy Stadium, Bengaluru",2,4.1,Pakistan,New Zealand,Fakhar Zaman,Babar Azam,TA Boult,4,0,,,,,,,,,
1384426,2023/24,2023-11-04,"M Chinnaswamy Stadium, Bengaluru",2,4.2,Pakistan,New Zealand,Fakhar Zaman,Babar Azam,TA Boult,6,0,,,,,,,,,
1384426,2023/24,2023-11-04,"M Chinnaswamy Stadium, Bengaluru",2,4.3,Pakistan,New Zealand,Fakhar Zaman,Babar Azam,TA Boult,1,0,,,,,,,,,
1384426,2023/24,2023-11-04,"M Chinnaswamy Stadium, Bengaluru",2,4.4,Pakistan,New Zealand,Babar Azam,Fakhar Zaman,TA Boult,0,0,,,,,,,,,
1384426,2023/24,2023-11-04,"M Chinnaswamy Stadium, Bengaluru",2,4.5,Pakistan,New Zealand,Babar Azam,Fakhar Zaman,TA Boult,2,0,,,,,,,,,
1384426,2023/24,2023-11-04,"M Chinnaswamy Stadium, Bengaluru",2,4.6,Pakistan,New Zealand,Babar Azam,Fakhar Zaman,TA Boult,4,0,,,,,,,,,
1384426,2023/24,2023-11-04,"M Chinnaswamy Stadium, Bengaluru",2,5.1,Pakistan,New Zealand,Fakhar Zaman,Babar Azam,TG Southee,0,0,,,,,,,,,
1384426,2023/24,2023-11-04,"M Chinnaswamy Stadium, Bengaluru",2,5.2,Pakistan,New Zealand,Fakhar Zaman,Babar Azam,TG Southee,1,0,,,,,,,,,
1384426,2023/24,2023-11-04,"M Chinnaswamy Stadium, Bengaluru",2,5.3,Pakistan,New Zealand,Babar Azam,Fakhar Zaman,TG Southee,0,0,,,,,,,,,
1384426,2023/24,2023-11-04,"M Chinnaswamy Stadium, Bengaluru",2,5.4,Pakistan,New Zealand,Babar Azam,Fakhar Zaman,TG Southee,1,0,,,,,,,,,
1384426,2023/24,2023-11-04,"M Chinnaswamy Stadium, Bengaluru",2,5.5,Pakistan,New Zealand,Fakhar Zaman,Babar Azam,TG Southee,0,1,,,,1,,,,,
1384426,2023/24,2023-11-04,"M Chinnaswamy Stadium, Bengaluru",2,5.6,Pakistan,New Zealand,Babar Azam,Fakhar Zaman,TG Southee,0,0,,,,,,,,,
1384426,2023/24,2023-11-04,"M Chinnaswamy Stadium, Bengaluru",2,6.1,Pakistan,New Zealand,Fakhar Zaman,Babar Azam,TA Boult,6,0,,,,,,,,,
1384426,2023/24,2023-11-04,"M Chinnaswamy Stadium, Bengaluru",2,6.2,Pakistan,New Zealand,Fakhar Zaman,Babar Azam,TA Boult,0,0,,,,,,,,,
1384426,2023/24,2023-11-04,"M Chinnaswamy Stadium, Bengaluru",2,6.3,Pakistan,New Zealand,Fakhar Zaman,Babar Azam,TA Boult,0,1,1,,,,,,,,
1384426,2023/24,2023-11-04,"M Chinnaswamy Stadium, Bengaluru",2,6.4,Pakistan,New Zealand,Fakhar Zaman,Babar Azam,TA Boult,1,0,,,,,,,,,
1384426,2023/24,2023-11-04,"M Chinnaswamy Stadium, Bengaluru",2,6.5,Pakistan,New Zealand,Babar Azam,Fakhar Zaman,TA Boult,0,0,,,,,,,,,
1384426,2023/24,2023-11-04,"M Chinnaswamy Stadium, Bengaluru",2,6.6,Pakistan,New Zealand,Babar Azam,Fakhar Zaman,TA Boult,4,0,,,,,,,,,
1384426,2023/24,2023-11-04,"M Chinnaswamy Stadium, Bengaluru",2,6.7,Pakistan,New Zealand,Babar Azam,Fakhar Zaman,TA Boult,4,0,,,,,,,,,
1384426,2023/24,2023-11-04,"M Chinnaswamy Stadium, Bengaluru",2,7.1,Pakistan,New Zealand,Fakhar Zaman,Babar Azam,MJ Santner,0,0,,,,,,,,,
1384426,2023/24,2023-11-04,"M Chinnaswamy Stadium, Bengaluru",2,7.2,Pakistan,New Zealand,Fakhar Zaman,Babar Azam,MJ Santner,0,0,,,,,,,,,
1384426,2023/24,2023-11-04,"M Chinnaswamy Stadium, Bengaluru",2,7.3,Pakistan,New Zealand,Fakhar Zaman,Babar Azam,MJ Santner,1,0,,,,,,,,,
1384426,2023/24,2023-11-04,"M Chinnaswamy Stadium, Bengaluru",2,7.4,Pakistan,New Zealand,Babar Azam,Fakhar Zaman,MJ Santner,6,0,,,,,,,,,
1384426,2023/24,2023-11-04,"M Chinnaswamy Stadium, Bengaluru",2,7.5,Pakistan,New Zealand,Babar Azam,Fakhar Zaman,MJ Santner,0,0,,,,,,,,,
1384426,2023/24,2023-11-04,"M Chinnaswamy Stadium, Bengaluru",2,7.6,Pakistan,New Zealand,Babar Azam,Fakhar Zaman,MJ Santner,1,0,,,,,,,,,
1384426,2023/24,2023-11-04,"M Chinnaswamy Stadium, Bengaluru",2,8.1,Pakistan,New Zealand,Babar Azam,Fakhar Zaman,TG Southee,0,0,,,,,,,,,
1384426,2023/24,2023-11-04,"M Chinnaswamy Stadium, Bengaluru",2,8.2,Pakistan,New Zealand,Babar Azam,Fakhar Zaman,TG Southee,0,0,,,,,,,,,
1384426,2023/24,2023-11-04,"M Chinnaswamy Stadium, Bengaluru",2,8.3,Pakistan,New Zealand,Babar Azam,Fakhar Zaman,TG Southee,1,0,,,,,,,,,
1384426,2023/24,2023-11-04,"M Chinnaswamy Stadium, Bengaluru",2,8.4,Pakistan,New Zealand,Fakhar Zaman,Babar Azam,TG Southee,4,0,,,,,,,,,
1384426,2023/24,2023-11-04,"M Chinnaswamy Stadium, Bengaluru",2,8.5,Pakistan,New Zealand,Fakhar Zaman,Babar Azam,TG Southee,6,0,,,,,,,,,
1384426,2023/24,2023-11-04,"M Chinnaswamy Stadium, Bengaluru",2,8.6,Pakistan,New Zealand,Fakhar Zaman,Babar Azam,TG Southee,0,0,,,,,,,,,
1384426,2023/24,2023-11-04,"M Chinnaswamy Stadium, Bengaluru",2,9.1,Pakistan,New Zealand,Babar Azam,Fakhar Zaman,MJ Santner,0,0,,,,,,,,,
1384426,2023/24,2023-11-04,"M Chinnaswamy Stadium, Bengaluru",2,9.2,Pakistan,New Zealand,Babar Azam,Fakhar Zaman,MJ Santner,1,0,,,,,,,,,
1384426,2023/24,2023-11-04,"M Chinnaswamy Stadium, Bengaluru",2,9.3,Pakistan,New Zealand,Fakhar Zaman,Babar Azam,MJ Santner,6,0,,,,,,,,,
1384426,2023/24,2023-11-04,"M Chinnaswamy Stadium, Bengaluru",2,9.4,Pakistan,New Zealand,Fakhar Zaman,Babar Azam,MJ Santner,1,0,,,,,,,,,
1384426,2023/24,2023-11-04,"M Chinnaswamy Stadium, Bengaluru",2,9.5,Pakistan,New Zealand,Babar Azam,Fakhar Zaman,MJ Santner,0,0,,,,,,,,,
1384426,2023/24,2023-11-04,"M Chinnaswamy Stadium, Bengaluru",2,9.6,Pakistan,New Zealand,Babar Azam,Fakhar Zaman,MJ Santner,0,0,,,,,,,,,
1384426,2023/24,2023-11-04,"M Chinnaswamy Stadium, Bengaluru",2,10.1,Pakistan,New Zealand,Fakhar Zaman,Babar Azam,GD Phillips,0,0,,,,,,,,,
1384426,2023/24,2023-11-04,"M Chinnaswamy Stadium, Bengaluru",2,10.2,Pakistan,New Zealand,Fakhar Zaman,Babar Azam,GD Phillips,0,0,,,,,,,,,
1384426,2023/24,2023-11-04,"M Chinnaswamy Stadium, Bengaluru",2,10.3,Pakistan,New Zealand,Fakhar Zaman,Babar Azam,GD Phillips,0,0,,,,,,,,,
1384426,2023/24,2023-11-04,"M Chinnaswamy Stadium, Bengaluru",2,10.4,Pakistan,New Zealand,Fakhar Zaman,Babar Azam,GD Phillips,0,0,,,,,,,,,
1384426,2023/24,2023-11-04,"M Chinnaswamy Stadium, Bengaluru",2,10.5,Pakistan,New Zealand,Fakhar Zaman,Babar Azam,GD Phillips,0,0,,,,,,,,,
1384426,2023/24,2023-11-04,"M Chinnaswamy Stadium, Bengaluru",2,10.6,Pakistan,New Zealand,Fakhar Zaman,Babar Azam,GD Phillips,0,0,,,,,,,,,
1384426,2023/24,2023-11-04,"M Chinnaswamy Stadium, Bengaluru",2,11.1,Pakistan,New Zealand,Babar Azam,Fakhar Zaman,MJ Santner,1,0,,,,,,,,,
1384426,2023/24,2023-11-04,"M Chinnaswamy Stadium, Bengaluru",2,11.2,Pakistan,New Zealand,Fakhar Zaman,Babar Azam,MJ Santner,1,0,,,,,,,,,
1384426,2023/24,2023-11-04,"M Chinnaswamy Stadium, Bengaluru",2,11.3,Pakistan,New Zealand,Babar Azam,Fakhar Zaman,MJ Santner,0,0,,,,,,,,,
1384426,2023/24,2023-11-04,"M Chinnaswamy Stadium, Bengaluru",2,11.4,Pakistan,New Zealand,Babar Azam,Fakhar Zaman,MJ Santner,0,0,,,,,,,,,
1384426,2023/24,2023-11-04,"M Chinnaswamy Stadium, Bengaluru",2,11.5,Pakistan,New Zealand,Babar Azam,Fakhar Zaman,MJ Santner,0,0,,,,,,,,,
1384426,2023/24,2023-11-04,"M Chinnaswamy Stadium, Bengaluru",2,11.6,Pakistan,New Zealand,Babar Azam,Fakhar Zaman,MJ Santner,1,0,,,,,,,,,
1384426,2023/24,2023-11-04,"M Chinnaswamy Stadium, Bengaluru",2,12.1,Pakistan,New Zealand,Babar Azam,Fakhar Zaman,GD Phillips,1,0,,,,,,,,,
1384426,2023/24,2023-11-04,"M Chinnaswamy Stadium, Bengaluru",2,12.2,Pakistan,New Zealand,Fakhar Zaman,Babar Azam,GD Phillips,2,0,,,,,,,,,
1384426,2023/24,2023-11-04,"M Chinnaswamy Stadium, Bengaluru",2,12.3,Pakistan,New Zealand,Fakhar Zaman,Babar Azam,GD Phillips,0,0,,,,,,,,,
1384426,2023/24,2023-11-04,"M Chinnaswamy Stadium, Bengaluru",2,12.4,Pakistan,New Zealand,Fakhar Zaman,Babar Azam,GD Phillips,1,0,,,,,,,,,
1384426,2023/24,2023-11-04,"M Chinnaswamy Stadium, Bengaluru",2,12.5,Pakistan,New Zealand,Babar Azam,Fakhar Zaman,GD Phillips,0,0,,,,,,,,,
1384426,2023/24,2023-11-04,"M Chinnaswamy Stadium, Bengaluru",2,12.6,Pakistan,New Zealand,Babar Azam,Fakhar Zaman,GD Phillips,1,0,,,,,,,,,
1384426,2023/24,2023-11-04,"M Chinnaswamy Stadium, Bengaluru",2,13.1,Pakistan,New Zealand,Babar Azam,Fakhar Zaman,IS Sodhi,0,0,,,,,,,,,
1384426,2023/24,2023-11-04,"M Chinnaswamy Stadium, Bengaluru",2,13.2,Pakistan,New Zealand,Babar Azam,Fakhar Zaman,IS Sodhi,1,0,,,,,,,,,
1384426,2023/24,2023-11-04,"M Chinnaswamy Stadium, Bengaluru",2,13.3,Pakistan,New Zealand,Fakhar Zaman,Babar Azam,IS Sodhi,4,0,,,,,,,,,
1384426,2023/24,2023-11-04,"M Chinnaswamy Stadium, Bengaluru",2,13.4,Pakistan,New Zealand,Fakhar Zaman,Babar Azam,IS Sodhi,2,0,,,,,,,,,
1384426,2023/24,2023-11-04,"M Chinnaswamy Stadium, Bengaluru",2,13.5,Pakistan,New Zealand,Fakhar Zaman,Babar Azam,IS Sodhi,0,0,,,,,,,,,
1384426,2023/24,2023-11-04,"M Chinnaswamy Stadium, Bengaluru",2,13.6,Pakistan,New Zealand,Fakhar Zaman,Babar Azam,IS Sodhi,1,0,,,,,,,,,
1384426,2023/24,2023-11-04,"M Chinnaswamy Stadium, Bengaluru",2,14.1,Pakistan,New Zealand,Fakhar Zaman,Babar Azam,GD Phillips,1,0,,,,,,,,,
1384426,2023/24,2023-11-04,"M Chinnaswamy Stadium, Bengaluru",2,14.2,Pakistan,New Zealand,Babar Azam,Fakhar Zaman,GD Phillips,1,0,,,,,,,,,
1384426,2023/24,2023-11-04,"M Chinnaswamy Stadium, Bengaluru",2,14.3,Pakistan,New Zealand,Fakhar Zaman,Babar Azam,GD Phillips,6,0,,,,,,,,,
1384426,2023/24,2023-11-04,"M Chinnaswamy Stadium, Bengaluru",2,14.4,Pakistan,New Zealand,Fakhar Zaman,Babar Azam,GD Phillips,6,0,,,,,,,,,
1384426,2023/24,2023-11-04,"M Chinnaswamy Stadium, Bengaluru",2,14.5,Pakistan,New Zealand,Fakhar Zaman,Babar Azam,GD Phillips,0,0,,,,,,,,,
1384426,2023/24,2023-11-04,"M Chinnaswamy Stadium, Bengaluru",2,14.6,Pakistan,New Zealand,Fakhar Zaman,Babar Azam,GD Phillips,1,0,,,,,,,,,
1384426,2023/24,2023-11-04,"M Chinnaswamy Stadium, Bengaluru",2,15.1,Pakistan,New Zealand,Fakhar Zaman,Babar Azam,IS Sodhi,1,0,,,,,,,,,
1384426,2023/24,2023-11-04,"M Chinnaswamy Stadium, Bengaluru",2,15.2,Pakistan,New Zealand,Babar Azam,Fakhar Zaman,IS Sodhi,0,0,,,,,,,,,
1384426,2023/24,2023-11-04,"M Chinnaswamy Stadium, Bengaluru",2,15.3,Pakistan,New Zealand,Babar Azam,Fakhar Zaman,IS Sodhi,1,0,,,,,,,,,
1384426,2023/24,2023-11-04,"M Chinnaswamy Stadium, Bengaluru",2,15.4,Pakistan,New Zealand,Fakhar Zaman,Babar Azam,IS Sodhi,0,0,,,,,,,,,
1384426,2023/24,2023-11-04,"M Chinnaswamy Stadium, Bengaluru",2,15.5,Pakistan,New Zealand,Fakhar Zaman,Babar Azam,IS Sodhi,1,0,,,,,,,,,
1384426,2023/24,2023-11-04,"M Chinnaswamy Stadium, Bengaluru",2,15.6,Pakistan,New Zealand,Babar Azam,Fakhar Zaman,IS Sodhi,1,0,,,,,,,,,
1384426,2023/24,2023-11-04,"M Chinnaswamy Stadium, Bengaluru",2,16.1,Pakistan,New Zealand,Babar Azam,Fakhar Zaman,GD Phillips,0,0,,,,,,,,,
1384426,2023/24,2023-11-04,"M Chinnaswamy Stadium, Bengaluru",2,16.2,Pakistan,New Zealand,Babar Azam,Fakhar Zaman,GD Phillips,1,0,,,,,,,,,
1384426,2023/24,2023-11-04,"M Chinnaswamy Stadium, Bengaluru",2,16.3,Pakistan,New Zealand,Fakhar Zaman,Babar Azam,GD Phillips,6,0,,,,,,,,,
1384426,2023/24,2023-11-04,"M Chinnaswamy Stadium, Bengaluru",2,16.4,Pakistan,New Zealand,Fakhar Zaman,Babar Azam,GD Phillips,4,0,,,,,,,,,
1384426,2023/24,2023-11-04,"M Chinnaswamy Stadium, Bengaluru",2,16.5,Pakistan,New Zealand,Fakhar Zaman,Babar Azam,GD Phillips,4,0,,,,,,,,,
1384426,2023/24,2023-11-04,"M Chinnaswamy Stadium, Bengaluru",2,16.6,Pakistan,New Zealand,Fakhar Zaman,Babar Azam,GD Phillips,0,0,,,,,,,,,
1384426,2023/24,2023-11-04,"M Chinnaswamy Stadium, Bengaluru",2,17.1,Pakistan,New Zealand,Babar Azam,Fakhar Zaman,MJ Santner,1,0,,,,,,,,,
1384426,2023/24,2023-11-04,"M Chinnaswamy Stadium, Bengaluru",2,17.2,Pakistan,New Zealand,Fakhar Zaman,Babar Azam,MJ Santner,0,0,,,,,,,,,
1384426,2023/24,2023-11-04,"M Chinnaswamy Stadium, Bengaluru",2,17.3,Pakistan,New Zealand,Fakhar Zaman,Babar Azam,MJ Santner,0,0,,,,,,,,,
1384426,2023/24,2023-11-04,"M Chinnaswamy Stadium, Bengaluru",2,17.4,Pakistan,New Zealand,Fakhar Zaman,Babar Azam,MJ Santner,0,0,,,,,,,,,
1384426,2023/24,2023-11-04,"M Chinnaswamy Stadium, Bengaluru",2,17.5,Pakistan,New Zealand,Fakhar Zaman,Babar Azam,MJ Santner,1,0,,,,,,,,,
1384426,2023/24,2023-11-04,"M Chinnaswamy Stadium, Bengaluru",2,17.6,Pakistan,New Zealand,Babar Azam,Fakhar Zaman,MJ Santner,0,0,,,,,,,,,
1384426,2023/24,2023-11-04,"M Chinnaswamy Stadium, Bengaluru",2,18.1,Pakistan,New Zealand,Fakhar Zaman,Babar Azam,TG Southee,6,0,,,,,,,,,
1384426,2023/24,2023-11-04,"M Chinnaswamy Stadium, Bengaluru",2,18.2,Pakistan,New Zealand,Fakhar Zaman,Babar Azam,TG Southee,1,0,,,,,,,,,
1384426,2023/24,2023-11-04,"M Chinnaswamy Stadium, Bengaluru",2,18.3,Pakistan,New Zealand,Babar Azam,Fakhar Zaman,TG Southee,2,0,,,,,,,,,
1384426,2023/24,2023-11-04,"M Chinnaswamy Stadium, Bengaluru",2,18.4,Pakistan,New Zealand,Babar Azam,Fakhar Zaman,TG Southee,0,0,,,,,,,,,
1384426,2023/24,2023-11-04,"M Chinnaswamy Stadium, Bengaluru",2,18.5,Pakistan,New Zealand,Babar Azam,Fakhar Zaman,TG Southee,1,0,,,,,,,,,
1384426,2023/24,2023-11-04,"M Chinnaswamy Stadium, Bengaluru",2,18.6,Pakistan,New Zealand,Fakhar Zaman,Babar Azam,TG Southee,1,0,,,,,,,,,
1384426,2023/24,2023-11-04,"M Chinnaswamy Stadium, Bengaluru",2,19.1,Pakistan,New Zealand,Fakhar Zaman,Babar Azam,MJ Santner,6,0,,,,,,,,,
1384426,2023/24,2023-11-04,"M Chinnaswamy Stadium, Bengaluru",2,19.2,Pakistan,New Zealand,Fakhar Zaman,Babar Azam,MJ Santner,1,0,,,,,,,,,
1384426,2023/24,2023-11-04,"M Chinnaswamy Stadium, Bengaluru",2,19.3,Pakistan,New Zealand,Babar Azam,Fakhar Zaman,MJ Santner,4,0,,,,,,,,,
1384426,2023/24,2023-11-04,"M Chinnaswamy Stadium, Bengaluru",2,19.4,Pakistan,New Zealand,Babar Azam,Fakhar Zaman,MJ Santner,1,0,,,,,,,,,
1384426,2023/24,2023-11-04,"M Chinnaswamy Stadium, Bengaluru",2,19.5,Pakistan,New Zealand,Fakhar Zaman,Babar Azam,MJ Santner,1,0,,,,,,,,,
1384426,2023/24,2023-11-04,"M Chinnaswamy Stadium, Bengaluru",2,19.6,Pakistan,New Zealand,Babar Azam,Fakhar Zaman,MJ Santner,1,0,,,,,,,,,
1384426,2023/24,2023-11-04,"M Chinnaswamy Stadium, Bengaluru",2,20.1,Pakistan,New Zealand,Babar Azam,Fakhar Zaman,GD Phillips,0,0,,,,,,,,,
1384426,2023/24,2023-11-04,"M Chinnaswamy Stadium, Bengaluru",2,20.2,Pakistan,New Zealand,Babar Azam,Fakhar Zaman,GD Phillips,1,0,,,,,,,,,
1384426,2023/24,2023-11-04,"M Chinnaswamy Stadium, Bengaluru",2,20.3,Pakistan,New Zealand,Fakhar Zaman,Babar Azam,GD Phillips,0,0,,,,,,,,,
1384426,2023/24,2023-11-04,"M Chinnaswamy Stadium, Bengaluru",2,20.4,Pakistan,New Zealand,Fakhar Zaman,Babar Azam,GD Phillips,4,0,,,,,,,,,
1384426,2023/24,2023-11-04,"M Chinnaswamy Stadium, Bengaluru",2,20.5,Pakistan,New Zealand,Fakhar Zaman,Babar Azam,GD Phillips,1,0,,,,,,,,,
1384426,2023/24,2023-11-04,"M Chinnaswamy Stadium, Bengaluru",2,20.6,Pakistan,New Zealand,Babar Azam,Fakhar Zaman,GD Phillips,1,0,,,,,,,,,
1384426,2023/24,2023-11-04,"M Chinnaswamy Stadium, Bengaluru",2,21.1,Pakistan,New Zealand,Babar Azam,Fakhar Zaman,TA Boult,1,0,,,,,,,,,
1384426,2023/24,2023-11-04,"M Chinnaswamy Stadium, Bengaluru",2,21.2,Pakistan,New Zealand,Fakhar Zaman,Babar Azam,TA Boult,0,0,,,,,,,,,
1384426,2023/24,2023-11-04,"M Chinnaswamy Stadium, Bengaluru",2,21.3,Pakistan,New Zealand,Fakhar Zaman,Babar Azam,TA Boult,0,0,,,,,,,,,
1384426,2023/24,2023-11-04,"M Chinnaswamy Stadium, Bengaluru",2,21.4,Pakistan,New Zealand,Fakhar Zaman,Babar Azam,TA Boult,0,0,,,,,,,,,
1384426,2023/24,2023-11-04,"M Chinnaswamy Stadium, Bengaluru",2,21.5,Pakistan,New Zealand,Fakhar Zaman,Babar Azam,TA Boult,0,0,,,,,,,,,
1384426,2023/24,2023-11-04,"M Chinnaswamy Stadium, Bengaluru",2,21.6,Pakistan,New Zealand,Fakhar Zaman,Babar Azam,TA Boult,0,0,,,,,,,,,
1384426,2023/24,2023-11-04,"M Chinnaswamy Stadium, Bengaluru",2,22.1,Pakistan,New Zealand,Babar Azam,Fakhar Zaman,IS Sodhi,4,0,,,,,,,,,
1384426,2023/24,2023-11-04,"M Chinnaswamy Stadium, Bengaluru",2,22.2,Pakistan,New Zealand,Babar Azam,Fakhar Zaman,IS Sodhi,4,0,,,,,,,,,
1384426,2023/24,2023-11-04,"M Chinnaswamy Stadium, Bengaluru",2,22.3,Pakistan,New Zealand,Babar Azam,Fakhar Zaman,IS Sodhi,0,0,,,,,,,,,
1384426,2023/24,2023-11-04,"M Chinnaswamy Stadium, Bengaluru",2,22.4,Pakistan,New Zealand,Babar Azam,Fakhar Zaman,IS Sodhi,1,0,,,,,,,,,
1384426,2023/24,2023-11-04,"M Chinnaswamy Stadium, Bengaluru",2,22.5,Pakistan,New Zealand,Fakhar Zaman,Babar Azam,IS Sodhi,0,1,1,,,,,,,,
1384426,2023/24,2023-11-04,"M Chinnaswamy Stadium, Bengaluru",2,22.6,Pakistan,New Zealand,Fakhar Zaman,Babar Azam,IS Sodhi,1,0,,,,,,,,,
1384426,2023/24,2023-11-04,"M Chinnaswamy Stadium, Bengaluru",2,22.7,Pakistan,New Zealand,Babar Azam,Fakhar Zaman,IS Sodhi,1,0,,,,,,,,,
1384426,2023/24,2023-11-04,"M Chinnaswamy Stadium, Bengaluru",2,23.1,Pakistan,New Zealand,Babar Azam,Fakhar Zaman,TA Boult,0,0,,,,,,,,,
1384426,2023/24,2023-11-04,"M Chinnaswamy Stadium, Bengaluru",2,23.2,Pakistan,New Zealand,Babar Azam,Fakhar Zaman,TA Boult,1,0,,,,,,,,,
1384426,2023/24,2023-11-04,"M Chinnaswamy Stadium, Bengaluru",2,23.3,Pakistan,New Zealand,Fakhar Zaman,Babar Azam,TA Boult,4,0,,,,,,,,,
1384426,2023/24,2023-11-04,"M Chinnaswamy Stadium, Bengaluru",2,23.4,Pakistan,New Zealand,Fakhar Zaman,Babar Azam,TA Boult,1,0,,,,,,,,,
1384426,2023/24,2023-11-04,"M Chinnaswamy Stadium, Bengaluru",2,23.5,Pakistan,New Zealand,Babar Azam,Fakhar Zaman,TA Boult,0,0,,,,,,,,,
1384426,2023/24,2023-11-04,"M Chinnaswamy Stadium, Bengaluru",2,23.6,Pakistan,New Zealand,Babar Azam,Fakhar Zaman,TA Boult,1,0,,,,,,,,,
1384426,2023/24,2023-11-04,"M Chinnaswamy Stadium, Bengaluru",2,24.1,Pakistan,New Zealand,Babar Azam,Fakhar Zaman,IS Sodhi,6,0,,,,,,,,,
1384426,2023/24,2023-11-04,"M Chinnaswamy Stadium, Bengaluru",2,24.2,Pakistan,New Zealand,Babar Azam,Fakhar Zaman,IS Sodhi,1,0,,,,,,,,,
1384426,2023/24,2023-11-04,"M Chinnaswamy Stadium, Bengaluru",2,24.3,Pakistan,New Zealand,Fakhar Zaman,Babar Azam,IS Sodhi,6,0,,,,,,,,,
1384426,2023/24,2023-11-04,"M Chinnaswamy Stadium, Bengaluru",2,24.4,Pakistan,New Zealand,Fakhar Zaman,Babar Azam,IS Sodhi,6,0,,,,,,,,,
1384426,2023/24,2023-11-04,"M Chinnaswamy Stadium, Bengaluru",2,24.5,Pakistan,New Zealand,Fakhar Zaman,Babar Azam,IS Sodhi,0,0,,,,,,,,,
1384426,2023/24,2023-11-04,"M Chinnaswamy Stadium, Bengaluru",2,24.6,Pakistan,New Zealand,Fakhar Zaman,Babar Azam,IS Sodhi,1,0,,,,,,,,,
1384426,2023/24,2023-11-04,"M Chinnaswamy Stadium, Bengaluru",2,25.1,Pakistan,New Zealand,Fakhar Zaman,Babar Azam,DJ Mitchell,0,0,,,,,,,,,
1384426,2023/24,2023-11-04,"M Chinnaswamy Stadium, Bengaluru",2,25.2,Pakistan,New Zealand,Fakhar Zaman,Babar Azam,DJ Mitchell,1,0,,,,,,,,,
1384426,2023/24,2023-11-04,"M Chinnaswamy Stadium, Bengaluru",2,25.3,Pakistan,New Zealand,Babar Azam,Fakhar Zaman,DJ Mitchell,0,0,,,,,,,,,
