match_id,season,start_date,venue,innings,ball,batting_team,bowling_team,striker,non_striker,bowler,runs_off_bat,extras,wides,noballs,byes,legbyes,penalty,wicket_type,player_dismissed,other_wicket_type,other_player_dismissed
1384419,2023/24,2023-10-28,"Eden Gardens, Kolkata",1,0.1,Netherlands,Bangladesh,Vikramjit Singh,MP O'Dowd,Shoriful Islam,0,0,,,,,,,,,
1384419,2023/24,2023-10-28,"Eden Gardens, Kolkata",1,0.2,Netherlands,Bangladesh,Vikramjit Singh,MP O'Dowd,Shoriful Islam,0,0,,,,,,,,,
1384419,2023/24,2023-10-28,"Eden Gardens, Kolkata",1,0.3,Netherlands,Bangladesh,Vikramjit Singh,MP O'Dowd,Shoriful Islam,0,0,,,,,,,,,
1384419,2023/24,2023-10-28,"Eden Gardens, Kolkata",1,0.4,Netherlands,Bangladesh,Vikramjit Singh,MP O'Dowd,Shoriful Islam,0,0,,,,,,,,,
1384419,2023/24,2023-10-28,"Eden Gardens, Kolkata",1,0.5,Netherlands,Bangladesh,Vikramjit Singh,MP O'Dowd,Shoriful Islam,3,0,,,,,,,,,
1384419,2023/24,2023-10-28,"Eden Gardens, Kolkata",1,0.6,Netherlands,Bangladesh,MP O'Dowd,Vikramjit Singh,Shoriful Islam,0,0,,,,,,,,,
1384419,2023/24,2023-10-28,"Eden Gardens, Kolkata",1,1.1,Netherlands,Bangladesh,Vikramjit Singh,MP O'Dowd,Taskin Ahmed,0,0,,,,,,,,,
1384419,2023/24,2023-10-28,"Eden Gardens, Kolkata",1,1.2,Netherlands,Bangladesh,Vikramjit Singh,MP O'Dowd,Taskin Ahmed,0,0,,,,,,,,,
1384419,2023/24,2023-10-28,"Eden Gardens, Kolkata",1,1.3,Netherlands,Bangladesh,Vikramjit Singh,MP O'Dowd,Taskin Ahmed,0,0,,,,,,,,,
1384419,2023/24,2023-10-28,"Eden Gardens, Kolkata",1,1.4,Netherlands,Bangladesh,Vikramjit Singh,MP O'Dowd,Taskin Ahmed,0,0,,,,,,caught,Vikramjit Singh,,
1384419,2023/24,2023-10-28,"Eden Gardens, Kolkata",1,1.5,Netherlands,Bangladesh,W Barresi,MP O'Dowd,Taskin Ahmed,0,1,1,,,,,,,,
1384419,2023/24,2023-10-28,"Eden Gardens, Kolkata",1,1.6,Netherlands,Bangladesh,W Barresi,MP O'Dowd,Taskin Ahmed,0,0,,,,,,,,,
1384419,2023/24,2023-10-28,"Eden Gardens, Kolkata",1,1.7,Netherlands,Bangladesh,W Barresi,MP O'Dowd,Taskin Ahmed,0,0,,,,,,,,,
1384419,2023/24,2023-10-28,"Eden Gardens, Kolkata",1,2.1,Netherlands,Bangladesh,MP O'Dowd,W Barresi,Shoriful Islam,0,0,,,,,,,,,
1384419,2023/24,2023-10-28,"Eden Gardens, Kolkata",1,2.2,Netherlands,Bangladesh,MP O'Dowd,W Barresi,Shoriful Islam,0,0,,,,,,caught,MP O'Dowd,,
1384419,2023/24,2023-10-28,"Eden Gardens, Kolkata",1,2.3,Netherlands,Bangladesh,CN Ackermann,W Barresi,Shoriful Islam,0,0,,,,,,,,,
1384419,2023/24,2023-10-28,"Eden Gardens, Kolkata",1,2.4,Netherlands,Bangladesh,CN Ackermann,W Barresi,Shoriful Islam,4,0,,,,,,,,,
1384419,2023/24,2023-10-28,"Eden Gardens, Kolkata",1,2.5,Netherlands,Bangladesh,CN Ackermann,W Barresi,Shoriful Islam,0,0,,,,,,,,,
1384419,2023/24,2023-10-28,"Eden Gardens, Kolkata",1,2.6,Netherlands,Bangladesh,CN Ackermann,W Barresi,Shoriful Islam,0,1,1,,,,,,,,
1384419,2023/24,2023-10-28,"Eden Gardens, Kolkata",1,2.7,Netherlands,Bangladesh,CN Ackermann,W Barresi,Shoriful Islam,0,0,,,,,,,,,
1384419,2023/24,2023-10-28,"Eden Gardens, Kolkata",1,3.1,Netherlands,Bangladesh,W Barresi,CN Ackermann,Taskin Ahmed,0,0,,,,,,,,,
1384419,2023/24,2023-10-28,"Eden Gardens, Kolkata",1,3.2,Netherlands,Bangladesh,W Barresi,CN Ackermann,Taskin Ahmed,0,0,,,,,,,,,
1384419,2023/24,2023-10-28,"Eden Gardens, Kolkata",1,3.3,Netherlands,Bangladesh,W Barresi,CN Ackermann,Taskin Ahmed,4,0,,,,,,,,,
1384419,2023/24,2023-10-28,"Eden Gardens, Kolkata",1,3.4,Netherlands,Bangladesh,W Barresi,CN Ackermann,Taskin Ahmed,0,0,,,,,,,,,
1384419,2023/24,2023-10-28,"Eden Gardens, Kolkata",1,3.5,Netherlands,Bangladesh,W Barresi,CN Ackermann,Taskin Ahmed,1,0,,,,,,,,,
1384419,2023/24,2023-10-28,"Eden Gardens, Kolkata",1,3.6,Netherlands,Bangladesh,CN Ackermann,W Barresi,Taskin Ahmed,0,0,,,,,,,,,
1384419,2023/24,2023-10-28,"Eden Gardens, Kolkata",1,4.1,Netherlands,Bangladesh,W Barresi,CN Ackermann,Shoriful Islam,0,0,,,,,,,,,
1384419,2023/24,2023-10-28,"Eden Gardens, Kolkata",1,4.2,Netherlands,Bangladesh,W Barresi,CN Ackermann,Shoriful Islam,4,0,,,,,,,,,
1384419,2023/24,2023-10-28,"Eden Gardens, Kolkata",1,4.3,Netherlands,Bangladesh,W Barresi,CN Ackermann,Shoriful Islam,0,1,1,,,,,,,,
1384419,2023/24,2023-10-28,"Eden Gardens, Kolkata",1,4.4,Netherlands,Bangladesh,W Barresi,CN Ackermann,Shoriful Islam,4,0,,,,,,,,,
1384419,2023/24,2023-10-28,"Eden Gardens, Kolkata",1,4.5,Netherlands,Bangladesh,W Barresi,CN Ackermann,Shoriful Islam,0,0,,,,,,,,,
1384419,2023/24,2023-10-28,"Eden Gardens, Kolkata",1,4.6,Netherlands,Bangladesh,W Barresi,CN Ackermann,Shoriful Islam,0,0,,,,,,,,,
1384419,2023/24,2023-10-28,"Eden Gardens, Kolkata",1,4.7,Netherlands,Bangladesh,W Barresi,CN Ackermann,Shoriful Islam,0,0,,,,,,,,,
1384419,2023/24,2023-10-28,"Eden Gardens, Kolkata",1,5.1,Netherlands,Bangladesh,CN Ackermann,W Barresi,Taskin Ahmed,0,0,,,,,,,,,
1384419,2023/24,2023-10-28,"Eden Gardens, Kolkata",1,5.2,Netherlands,Bangladesh,CN Ackermann,W Barresi,Taskin Ahmed,0,0,,,,,,,,,
1384419,2023/24,2023-10-28,"Eden Gardens, Kolkata",1,5.3,Netherlands,Bangladesh,CN Ackermann,W Barresi,Taskin Ahmed,0,0,,,,,,,,,
1384419,2023/24,2023-10-28,"Eden Gardens, Kolkata",1,5.4,Netherlands,Bangladesh,CN Ackermann,W Barresi,Taskin Ahmed,0,0,,,,,,,,,
1384419,2023/24,2023-10-28,"Eden Gardens, Kolkata",1,5.5,Netherlands,Bangladesh,CN Ackermann,W Barresi,Taskin Ahmed,0,0,,,,,,,,,
1384419,2023/24,2023-10-28,"Eden Gardens, Kolkata",1,5.6,Netherlands,Bangladesh,CN Ackermann,W Barresi,Taskin Ahmed,0,0,,,,,,,,,
1384419,2023/24,2023-10-28,"Eden Gardens, Kolkata",1,6.1,Netherlands,Bangladesh,W Barresi,CN Ackermann,Shoriful Islam,0,0,,,,,,,,,
1384419,2023/24,2023-10-28,"Eden Gardens, Kolkata",1,6.2,Netherlands,Bangladesh,W Barresi,CN Ackermann,Shoriful Islam,0,0,,,,,,,,,
1384419,2023/24,2023-10-28,"Eden Gardens, Kolkata",1,6.3,Netherlands,Bangladesh,W Barresi,CN Ackermann,Shoriful Islam,1,0,,,,,,,,,
1384419,2023/24,2023-10-28,"Eden Gardens, Kolkata",1,6.4,Netherlands,Bangladesh,CN Ackermann,W Barresi,Shoriful Islam,0,0,,,,,,,,,
1384419,2023/24,2023-10-28,"Eden Gardens, Kolkata",1,6.5,Netherlands,Bangladesh,CN Ackermann,W Barresi,Shoriful Islam,1,0,,,,,,,,,
1384419,2023/24,2023-10-28,"Eden Gardens, Kolkata",1,6.6,Netherlands,Bangladesh,W Barresi,CN Ackermann,Shoriful Islam,4,0,,,,,,,,,
1384419,2023/24,2023-10-28,"Eden Gardens, Kolkata",1,7.1,Netherlands,Bangladesh,CN Ackermann,W Barresi,Taskin Ahmed,0,0,,,,,,,,,
1384419,2023/24,2023-10-28,"Eden Gardens, Kolkata",1,7.2,Netherlands,Bangladesh,CN Ackermann,W Barresi,Taskin Ahmed,1,0,,,,,,,,,
1384419,2023/24,2023-10-28,"Eden Gardens, Kolkata",1,7.3,Netherlands,Bangladesh,W Barresi,CN Ackermann,Taskin Ahmed,0,0,,,,,,,,,
1384419,2023/24,2023-10-28,"Eden Gardens, Kolkata",1,7.4,Netherlands,Bangladesh,W Barresi,CN Ackermann,Taskin Ahmed,4,0,,,,,,,,,
1384419,2023/24,2023-10-28,"Eden Gardens, Kolkata",1,7.5,Netherlands,Bangladesh,W Barresi,CN Ackermann,Taskin Ahmed,0,0,,,,,,,,,
1384419,2023/24,2023-10-28,"Eden Gardens, Kolkata",1,7.6,Netherlands,Bangladesh,W Barresi,CN Ackermann,Taskin Ahmed,4,0,,,,,,,,,
1384419,2023/24,2023-10-28,"Eden Gardens, Kolkata",1,8.1,Netherlands,Bangladesh,CN Ackermann,W Barresi,Shakib Al Hasan,0,0,,,,,,,,,
1384419,2023/24,2023-10-28,"Eden Gardens, Kolkata",1,8.2,Netherlands,Bangladesh,CN Ackermann,W Barresi,Shakib Al Hasan,0,0,,,,,,,,,
1384419,2023/24,2023-10-28,"Eden Gardens, Kolkata",1,8.3,Netherlands,Bangladesh,CN Ackermann,W Barresi,Shakib Al Hasan,0,0,,,,,,,,,
1384419,2023/24,2023-10-28,"Eden Gardens, Kolkata",1,8.4,Netherlands,Bangladesh,CN Ackermann,W Barresi,Shakib Al Hasan,1,0,,,,,,,,,
1384419,2023/24,2023-10-28,"Eden Gardens, Kolkata",1,8.5,Netherlands,Bangladesh,W Barresi,CN Ackermann,Shakib Al Hasan,0,0,,,,,,,,,
1384419,2023/24,2023-10-28,"Eden Gardens, Kolkata",1,8.6,Netherlands,Bangladesh,W Barresi,CN Ackermann,Shakib Al Hasan,1,0,,,,,,,,,
1384419,2023/24,2023-10-28,"Eden Gardens, Kolkata",1,9.1,Netherlands,Bangladesh,W Barresi,CN Ackermann,Mehedi Hasan Miraz,0,0,,,,,,,,,
1384419,2023/24,2023-10-28,"Eden Gardens, Kolkata",1,9.2,Netherlands,Bangladesh,W Barresi,CN Ackermann,Mehedi Hasan Miraz,4,0,,,,,,,,,
1384419,2023/24,2023-10-28,"Eden Gardens, Kolkata",1,9.3,Netherlands,Bangladesh,W Barresi,CN Ackermann,Mehedi Hasan Miraz,1,0,,,,,,,,,
1384419,2023/24,2023-10-28,"Eden Gardens, Kolkata",1,9.4,Netherlands,Bangladesh,CN Ackermann,W Barresi,Mehedi Hasan Miraz,0,0,,,,,,,,,
1384419,2023/24,2023-10-28,"Eden Gardens, Kolkata",1,9.5,Netherlands,Bangladesh,CN Ackermann,W Barresi,Mehedi Hasan Miraz,1,0,,,,,,,,,
1384419,2023/24,2023-10-28,"Eden Gardens, Kolkata",1,9.6,Netherlands,Bangladesh,W Barresi,CN Ackermann,Mehedi Hasan Miraz,1,0,,,,,,,,,
1384419,2023/24,2023-10-28,"Eden Gardens, Kolkata",1,10.1,Netherlands,Bangladesh,W Barresi,CN Ackermann,Shakib Al Hasan,1,0,,,,,,,,,
1384419,2023/24,2023-10-28,"Eden Gardens, Kolkata",1,10.2,Netherlands,Bangladesh,CN Ackermann,W Barresi,Shakib Al Hasan,1,0,,,,,,,,,
1384419,2023/24,2023-10-28,"Eden Gardens, Kolkata",1,10.3,Netherlands,Bangladesh,W Barresi,CN Ackermann,Shakib Al Hasan,0,0,,,,,,,,,
1384419,2023/24,2023-10-28,"Eden Gardens, Kolkata",1,10.4,Netherlands,Bangladesh,W Barresi,CN Ackermann,Shakib Al Hasan,0,0,,,,,,,,,
1384419,2023/24,2023-10-28,"Eden Gardens, Kolkata",1,10.5,Netherlands,Bangladesh,W Barresi,CN Ackermann,Shakib Al Hasan,1,0,,,,,,,,,
1384419,2023/24,2023-10-28,"Eden Gardens, Kolkata",1,10.6,Netherlands,Bangladesh,CN Ackermann,W Barresi,Shakib Al Hasan,1,0,,,,,,,,,
1384419,2023/24,2023-10-28,"Eden Gardens, Kolkata",1,11.1,Netherlands,Bangladesh,CN Ackermann,W Barresi,Mustafizur Rahman,0,0,,,,,,,,,
1384419,2023/24,2023-10-28,"Eden Gardens, Kolkata",1,11.2,Netherlands,Bangladesh,CN Ackermann,W Barresi,Mustafizur Rahman,1,0,,,,,,,,,
1384419,2023/24,2023-10-28,"Eden Gardens, Kolkata",1,11.3,Netherlands,Bangladesh,W Barresi,CN Ackermann,Mustafizur Rahman,0,0,,,,,,,,,
1384419,2023/24,2023-10-28,"Eden Gardens, Kolkata",1,11.4,Netherlands,Bangladesh,W Barresi,CN Ackermann,Mustafizur Rahman,1,0,,,,,,,,,
1384419,2023/24,2023-10-28,"Eden Gardens, Kolkata",1,11.5,Netherlands,Bangladesh,CN Ackermann,W Barresi,Mustafizur Rahman,1,0,,,,,,,,,
1384419,2023/24,2023-10-28,"Eden Gardens, Kolkata",1,11.6,Netherlands,Bangladesh,W Barresi,CN Ackermann,Mustafizur Rahman,0,0,,,,,,,,,
1384419,2023/24,2023-10-28,"Eden Gardens, Kolkata",1,12.1,Netherlands,Bangladesh,CN Ackermann,W Barresi,Shakib Al Hasan,1,0,,,,,,,,,
1384419,2023/24,2023-10-28,"Eden Gardens, Kolkata",1,12.2,Netherlands,Bangladesh,W Barresi,CN Ackermann,Shakib Al Hasan,0,0,,,,,,,,,
1384419,2023/24,2023-10-28,"Eden Gardens, Kolkata",1,12.3,Netherlands,Bangladesh,W Barresi,CN Ackermann,Shakib Al Hasan,1,0,,,,,,,,,
1384419,2023/24,2023-10-28,"Eden Gardens, Kolkata",1,12.4,Netherlands,Bangladesh,CN Ackermann,W Barresi,Shakib Al Hasan,1,0,,,,,,,,,
1384419,2023/24,2023-10-28,"Eden Gardens, Kolkata",1,12.5,Netherlands,Bangladesh,W Barresi,CN Ackermann,Shakib Al Hasan,0,0,,,,,,,,,
1384419,2023/24,2023-10-28,"Eden Gardens, Kolkata",1,12.6,Netherlands,Bangladesh,W Barresi,CN Ackermann,Shakib Al Hasan,4,0,,,,,,,,,
1384419,2023/24,2023-10-28,"Eden Gardens, Kolkata",1,13.1,Netherlands,Bangladesh,CN Ackermann,W Barresi,Mustafizur Rahman,1,0,,,,,,,,,
1384419,2023/24,2023-10-28,"Eden Gardens, Kolkata",1,13.2,Netherlands,Bangladesh,W Barresi,CN Ackermann,Mustafizur Rahman,0,0,,,,,,,,,
1384419,2023/24,2023-10-28,"Eden Gardens, Kolkata",1,13.3,Netherlands,Bangladesh,W Barresi,CN Ackermann,Mustafizur Rahman,0,0,,,,,,,,,
1384419,2023/24,2023-10-28,"Eden Gardens, Kolkata",1,13.4,Netherlands,Bangladesh,W Barresi,CN Ackermann,Mustafizur Rahman,0,1,1,,,,,,,,
1384419,2023/24,2023-10-28,"Eden Gardens, Kolkata",1,13.5,Netherlands,Bangladesh,W Barresi,CN Ackermann,Mustafizur Rahman,0,0,,,,,,caught,W Barresi,,
1384419,2023/24,2023-10-28,"Eden Gardens, Kolkata",1,13.6,Netherlands,Bangladesh,SA Edwards,CN Ackermann,Mustafizur Rahman,0,0,,,,,,,,,
1384419,2023/24,2023-10-28,"Eden Gardens, Kolkata",1,13.7,Netherlands,Bangladesh,SA Edwards,CN Ackermann,Mustafizur Rahman,0,0,,,,,,,,,
1384419,2023/24,2023-10-28,"Eden Gardens, Kolkata",1,14.1,Netherlands,Bangladesh,CN Ackermann,SA Edwards,Shakib Al Hasan,0,0,,,,,,,,,
1384419,2023/24,2023-10-28,"Eden Gardens, Kolkata",1,14.2,Netherlands,Bangladesh,CN Ackermann,SA Edwards,Shakib Al Hasan,0,0,,,,,,,,,
1384419,2023/24,2023-10-28,"Eden Gardens, Kolkata",1,14.3,Netherlands,Bangladesh,CN Ackermann,SA Edwards,Shakib Al Hasan,0,0,,,,,,,,,
1384419,2023/24,2023-10-28,"Eden Gardens, Kolkata",1,14.4,Netherlands,Bangladesh,CN Ackermann,SA Edwards,Shakib Al Hasan,0,0,,,,,,caught,CN Ackermann,,
1384419,2023/24,2023-10-28,"Eden Gardens, Kolkata",1,14.5,Netherlands,Bangladesh,BFW de Leede,SA Edwards,Shakib Al Hasan,0,0,,,,,,,,,
1384419,2023/24,2023-10-28,"Eden Gardens, Kolkata",1,14.6,Netherlands,Bangladesh,BFW de Leede,SA Edwards,Shakib Al Hasan,0,0,,,,,,,,,
1384419,2023/24,2023-10-28,"Eden Gardens, Kolkata",1,15.1,Netherlands,Bangladesh,SA Edwards,BFW de Leede,Mustafizur Rahman,0,0,,,,,,,,,
1384419,2023/24,2023-10-28,"Eden Gardens, Kolkata",1,15.2,Netherlands,Bangladesh,SA Edwards,BFW de Leede,Mustafizur Rahman,0,0,,,,,,,,,
1384419,2023/24,2023-10-28,"Eden Gardens, Kolkata",1,15.3,Netherlands,Bangladesh,SA Edwards,BFW de Leede,Mustafizur Rahman,0,0,,,,,,,,,
1384419,2023/24,2023-10-28,"Eden Gardens, Kolkata",1,15.4,Netherlands,Bangladesh,SA Edwards,BFW de Leede,Mustafizur Rahman,0,0,,,,,,,,,
1384419,2023/24,2023-10-28,"Eden Gardens, Kolkata",1,15.5,Netherlands,Bangladesh,SA Edwards,BFW de Leede,Mustafizur Rahman,0,0,,,,,,,,,
1384419,2023/24,2023-10-28,"Eden Gardens, Kolkata",1,15.6,Netherlands,Bangladesh,SA Edwards,BFW de Leede,Mustafizur Rahman,0,0,,,,,,,,,
1384419,2023/24,2023-10-28,"Eden Gardens, Kolkata",1,16.1,Netherlands,Bangladesh,BFW de Leede,SA Edwards,Shakib Al Hasan,0,0,,,,,,,,,
1384419,2023/24,2023-10-28,"Eden Gardens, Kolkata",1,16.2,Netherlands,Bangladesh,BFW de Leede,SA Edwards,Shakib Al Hasan,1,0,,,,,,,,,
1384419,2023/24,2023-10-28,"Eden Gardens, Kolkata",1,16.3,Netherlands,Bangladesh,SA Edwards,BFW de Leede,Shakib Al Hasan,0,0,,,,,,,,,
1384419,2023/24,2023-10-28,"Eden Gardens, Kolkata",1,16.4,Netherlands,Bangladesh,SA Edwards,BFW de Leede,Shakib Al Hasan,0,0,,,,,,,,,
1384419,2023/24,2023-10-28,"Eden Gardens, Kolkata",1,16.5,Netherlands,Bangladesh,SA Edwards,BFW de Leede,Shakib Al Hasan,4,0,,,,,,,,,
1384419,2023/24,2023-10-28,"Eden Gardens, Kolkata",1,16.6,Netherlands,Bangladesh,SA Edwards,BFW de Leede,Shakib Al Hasan,1,0,,,,,,,,,
1384419,2023/24,2023-10-28,"Eden Gardens, Kolkata",1,17.1,Netherlands,Bangladesh,SA Edwards,BFW de Leede,Mustafizur Rahman,1,0,,,,,,,,,
1384419,2023/24,2023-10-28,"Eden Gardens, Kolkata",1,17.2,Netherlands,Bangladesh,BFW de Leede,SA Edwards,Mustafizur Rahman,0,0,,,,,,,,,
1384419,2023/24,2023-10-28,"Eden Gardens, Kolkata",1,17.3,Netherlands,Bangladesh,BFW de Leede,SA Edwards,Mustafizur Rahman,0,0,,,,,,,,,
1384419,2023/24,2023-10-28,"Eden Gardens, Kolkata",1,17.4,Netherlands,Bangladesh,BFW de Leede,SA Edwards,Mustafizur Rahman,1,0,,,,,,,,,
1384419,2023/24,2023-10-28,"Eden Gardens, Kolkata",1,17.5,Netherlands,Bangladesh,SA Edwards,BFW de Leede,Mustafizur Rahman,4,0,,,,,,,,,
1384419,2023/24,2023-10-28,"Eden Gardens, Kolkata",1,17.6,Netherlands,Bangladesh,SA Edwards,BFW de Leede,Mustafizur Rahman,0,0,,,,,,,,,
1384419,2023/24,2023-10-28,"Eden Gardens, Kolkata",1,18.1,Netherlands,Bangladesh,BFW de Leede,SA Edwards,Shoriful Islam,1,0,,,,,,,,,
1384419,2023/24,2023-10-28,"Eden Gardens, Kolkata",1,18.2,Netherlands,Bangladesh,SA Edwards,BFW de Leede,Shoriful Islam,0,0,,,,,,,,,
1384419,2023/24,2023-10-28,"Eden Gardens, Kolkata",1,18.3,Netherlands,Bangladesh,SA Edwards,BFW de Leede,Shoriful Islam,0,0,,,,,,,,,
1384419,2023/24,2023-10-28,"Eden Gardens, Kolkata",1,18.4,Netherlands,Bangladesh,SA Edwards,BFW de Leede,Shoriful Islam,0,0,,,,,,,,,
1384419,2023/24,2023-10-28,"Eden Gardens, Kolkata",1,18.5,Netherlands,Bangladesh,SA Edwards,BFW de Leede,Shoriful Islam,2,0,,,,,,,,,
1384419,2023/24,2023-10-28,"Eden Gardens, Kolkata",1,18.6,Netherlands,Bangladesh,SA Edwards,BFW de Leede,Shoriful Islam,0,0,,,,,,,,,
1384419,2023/24,2023-10-28,"Eden Gardens, Kolkata",1,19.1,Netherlands,Bangladesh,BFW de Leede,SA Edwards,Mustafizur Rahman,0,0,,,,,,,,,
1384419,2023/24,2023-10-28,"Eden Gardens, Kolkata",1,19.2,Netherlands,Bangladesh,BFW de Leede,SA Edwards,Mustafizur Rahman,0,0,,,,,,,,,
1384419,2023/24,2023-10-28,"Eden Gardens, Kolkata",1,19.3,Netherlands,Bangladesh,BFW de Leede,SA Edwards,Mustafizur Rahman,4,0,,,,,,,,,
1384419,2023/24,2023-10-28,"Eden Gardens, Kolkata",1,19.4,Netherlands,Bangladesh,BFW de Leede,SA Edwards,Mustafizur Rahman,1,0,,,,,,,,,
1384419,2023/24,2023-10-28,"Eden Gardens, Kolkata",1,19.5,Netherlands,Bangladesh,SA Edwards,BFW de Leede,Mustafizur Rahman,0,0,,,,,,,,,
1384419,2023/24,2023-10-28,"Eden Gardens, Kolkata",1,19.6,Netherlands,Bangladesh,SA Edwards,BFW de Leede,Mustafizur Rahman,1,0,,,,,,,,,
1384419,2023/24,2023-10-28,"Eden Gardens, Kolkata",1,20.1,Netherlands,Bangladesh,SA Edwards,BFW de Leede,Shoriful Islam,0,0,,,,,,,,,
1384419,2023/24,2023-10-28,"Eden Gardens, Kolkata",1,20.2,Netherlands,Bangladesh,SA Edwards,BFW de Leede,Shoriful Islam,0,0,,,,,,,,,
1384419,2023/24,2023-10-28,"Eden Gardens, Kolkata",1,20.3,Netherlands,Bangladesh,SA Edwards,BFW de Leede,Shoriful Islam,0,0,,,,,,,,,
1384419,2023/24,2023-10-28,"Eden Gardens, Kolkata",1,20.4,Netherlands,Bangladesh,SA Edwards,BFW de Leede,Shoriful Islam,1,0,,,,,,,,,
1384419,2023/24,2023-10-28,"Eden Gardens, Kolkata",1,20.5,Netherlands,Bangladesh,BFW de Leede,SA Edwards,Shoriful Islam,0,0,,,,,,,,,
1384419,2023/24,2023-10-28,"Eden Gardens, Kolkata",1,20.6,Netherlands,Bangladesh,BFW de Leede,SA Edwards,Shoriful Islam,0,0,,,,,,,,,
1384419,2023/24,2023-10-28,"Eden Gardens, Kolkata",1,21.1,Netherlands,Bangladesh,SA Edwards,BFW de Leede,Mahedi Hasan,0,0,,,,,,,,,
1384419,2023/24,2023-10-28,"Eden Gardens, Kolkata",1,21.2,Netherlands,Bangladesh,SA Edwards,BFW de Leede,Mahedi Hasan,0,0,,,,,,,,,
1384419,2023/24,2023-10-28,"Eden Gardens, Kolkata",1,21.3,Netherlands,Bangladesh,SA Edwards,BFW de Leede,Mahedi Hasan,0,0,,,,,,,,,
1384419,2023/24,2023-10-28,"Eden Gardens, Kolkata",1,21.4,Netherlands,Bangladesh,SA Edwards,BFW de Leede,Mahedi Hasan,1,0,,,,,,,,,
1384419,2023/24,2023-10-28,"Eden Gardens, Kolkata",1,21.5,Netherlands,Bangladesh,BFW de Leede,SA Edwards,Mahedi Hasan,0,0,,,,,,,,,
1384419,2023/24,2023-10-28,"Eden Gardens, Kolkata",1,21.6,Netherlands,Bangladesh,BFW de Leede,SA Edwards,Mahedi Hasan,0,0,,,,,,,,,
1384419,2023/24,2023-10-28,"Eden Gardens, Kolkata",1,22.1,Netherlands,Bangladesh,SA Edwards,BFW de Leede,Shoriful Islam,2,0,,,,,,,,,
1384419,2023/24,2023-10-28,"Eden Gardens, Kolkata",1,22.2,Netherlands,Bangladesh,SA Edwards,BFW de Leede,Shoriful Islam,0,0,,,,,,,,,
1384419,2023/24,2023-10-28,"Eden Gardens, Kolkata",1,22.3,Netherlands,Bangladesh,SA Edwards,BFW de Leede,Shoriful Islam,1,0,,,,,,,,,
1384419,2023/24,2023-10-28,"Eden Gardens, Kolkata",1,22.4,Netherlands,Bangladesh,BFW de Leede,SA Edwards,Shoriful Islam,0,0,,,,,,,,,
1384419,2023/24,2023-10-28,"Eden Gardens, Kolkata",1,22.5,Netherlands,Bangladesh,BFW de Leede,SA Edwards,Shoriful Islam,1,0,,,,,,,,,
1384419,2023/24,2023-10-28,"Eden Gardens, Kolkata",1,22.6,Netherlands,Bangladesh,SA Edwards,BFW de Leede,Shoriful Islam,0,0,,,,,,,,,
1384419,2023/24,2023-10-28,"Eden Gardens, Kolkata",1,23.1,Netherlands,Bangladesh,BFW de Leede,SA Edwards,Mahedi Hasan,0,0,,,,,,,,,
1384419,2023/24,2023-10-28,"Eden Gardens, Kolkata",1,23.2,Netherlands,Bangladesh,BFW de Leede,SA Edwards,Mahedi Hasan,0,0,,,,,,,,,
1384419,2023/24,2023-10-28,"Eden Gardens, Kolkata",1,23.3,Netherlands,Bangladesh,BFW de Leede,SA Edwards,Mahedi Hasan,0,0,,,,,,,,,
1384419,2023/24,2023-10-28,"Eden Gardens, Kolkata",1,23.4,Netherlands,Bangladesh,BFW de Leede,SA Edwards,Mahedi Hasan,0,0,,,,,,,,,
1384419,2023/24,2023-10-28,"Eden Gardens, Kolkata",1,23.5,Netherlands,Bangladesh,BFW de Leede,SA Edwards,Mahedi Hasan,4,0,,,,,,,,,
1384419,2023/24,2023-10-28,"Eden Gardens, Kolkata",1,23.6,Netherlands,Bangladesh,BFW de Leede,SA Edwards,Mahedi Hasan,0,0,,,,,,,,,
1384419,2023/24,2023-10-28,"Eden Gardens, Kolkata",1,24.1,Netherlands,Bangladesh,SA Edwards,BFW de Leede,Taskin Ahmed,0,0,,,,,,,,,
1384419,2023/24,2023-10-28,"Eden Gardens, Kolkata",1,24.2,Netherlands,Bangladesh,SA Edwards,BFW de Leede,Taskin Ahmed,0,0,,,,,,,,,
1384419,2023/24,2023-10-28,"Eden Gardens, Kolkata",1,24.3,Netherlands,Bangladesh,SA Edwards,BFW de Leede,Taskin Ahmed,2,0,,,,,,,,,
1384419,2023/24,2023-10-28,"Eden Gardens, Kolkata",1,24.4,Netherlands,Bangladesh,SA Edwards,BFW de Leede,Taskin Ahmed,1,0,,,,,,,,,
1384419,2023/24,2023-10-28,"Eden Gardens, Kolkata",1,24.5,Netherlands,Bangladesh,BFW de Leede,SA Edwards,Taskin Ahmed,1,0,,,,,,,,,
1384419,2023/24,2023-10-28,"Eden Gardens, Kolkata",1,24.6,Netherlands,Bangladesh,SA Edwards,BFW de Leede,Taskin Ahmed,1,0,,,,,,,,,
1384419,2023/24,2023-10-28,"Eden Gardens, Kolkata",1,25.1,Netherlands,Bangladesh,SA Edwards,BFW de Leede,Mahedi Hasan,0,0,,,,,,,,,
1384419,2023/24,2023-10-28,"Eden Gardens, Kolkata",1,25.2,Netherlands,Bangladesh,SA Edwards,BFW de Leede,Mahedi Hasan,1,0,,,,,,,,,
1384419,2023/24,2023-10-28,"Eden Gardens, Kolkata",1,25.3,Netherlands,Bangladesh,BFW de Leede,SA Edwards,Mahedi Hasan,1,0,,,,,,,,,
1384419,2023/24,2023-10-28,"Eden Gardens, Kolkata",1,25.4,Netherlands,Bangladesh,SA Edwards,BFW de Leede,Mahedi Hasan,2,0,,,,,,,,,
1384419,2023/24,2023-10-28,"Eden Gardens, Kolkata",1,25.5,Netherlands,Bangladesh,SA Edwards,BFW de Leede,Mahedi Hasan,2,0,,,,,,,,,
1384419,2023/24,2023-10-28,"Eden Gardens, Kolkata",1,25.6,Netherlands,Bangladesh,SA Edwards,BFW de Leede,Mahedi Hasan,0,0,,,,,,,,,
1384419,2023/24,2023-10-28,"Eden Gardens, Kolkata",1,26.1,Netherlands,Bangladesh,BFW de Leede,SA Edwards,Taskin Ahmed,2,0,,,,,,,,,
1384419,2023/24,2023-10-28,"Eden Gardens, Kolkata",1,26.2,Netherlands,Bangladesh,BFW de Leede,SA Edwards,Taskin Ahmed,0,0,,,,,,,,,
1384419,2023/24,2023-10-28,"Eden Gardens, Kolkata",1,26.3,Netherlands,Bangladesh,BFW de Leede,SA Edwards,Taskin Ahmed,0,0,,,,,,,,,
1384419,2023/24,2023-10-28,"Eden Gardens, Kolkata",1,26.4,Netherlands,Bangladesh,BFW de Leede,SA Edwards,Taskin Ahmed,0,0,,,,,,,,,
1384419,2023/24,2023-10-28,"Eden Gardens, Kolkata",1,26.5,Netherlands,Bangladesh,BFW de Leede,SA Edwards,Taskin Ahmed,0,0,,,,,,,,,
1384419,2023/24,2023-10-28,"Eden Gardens, Kolkata",1,26.6,Netherlands,Bangladesh,BFW de Leede,SA Edwards,Taskin Ahmed,0,0,,,,,,caught,BFW de Leede,,
1384419,2023/24,2023-10-28,"Eden Gardens, Kolkata",1,27.1,Netherlands,Bangladesh,SA Edwards,SA Engelbrecht,Mahedi Hasan,0,0,,,,,,,,,
1384419,2023/24,2023-10-28,"Eden Gardens, Kolkata",1,27.2,Netherlands,Bangladesh,SA Edwards,SA Engelbrecht,Mahedi Hasan,1,0,,,,,,,,,
1384419,2023/24,2023-10-28,"Eden Gardens, Kolkata",1,27.3,Netherlands,Bangladesh,SA Engelbrecht,SA Edwards,Mahedi Hasan,0,0,,,,,,,,,
1384419,2023/24,2023-10-28,"Eden Gardens, Kolkata",1,27.4,Netherlands,Bangladesh,SA Engelbrecht,SA Edwards,Mahedi Hasan,0,0,,,,,,,,,
1384419,2023/24,2023-10-28,"Eden Gardens, Kolkata",1,27.5,Netherlands,Bangladesh,SA Engelbrecht,SA Edwards,Mahedi Hasan,0,0,,,,,,,,,
1384419,2023/24,2023-10-28,"Eden Gardens, Kolkata",1,27.6,Netherlands,Bangladesh,SA Engelbrecht,SA Edwards,Mahedi Hasan,1,0,,,,,,,,,
1384419,2023/24,2023-10-28,"Eden Gardens, Kolkata",1,28.1,Netherlands,Bangladesh,SA Engelbrecht,SA Edwards,Taskin Ahmed,0,0,,,,,,,,,
1384419,2023/24,2023-10-28,"Eden Gardens, Kolkata",1,28.2,Netherlands,Bangladesh,SA Engelbrecht,SA Edwards,Taskin Ahmed,0,0,,,,,,,,,
1384419,2023/24,2023-10-28,"Eden Gardens, Kolkata",1,28.3,Netherlands,Bangladesh,SA Engelbrecht,SA Edwards,Taskin Ahmed,1,0,,,,,,,,,
1384419,2023/24,2023-10-28,"Eden Gardens, Kolkata",1,28.4,Netherlands,Bangladesh,SA Edwards,SA Engelbrecht,Taskin Ahmed,1,0,,,,,,,,,
1384419,2023/24,2023-10-28,"Eden Gardens, Kolkata",1,28.5,Netherlands,Bangladesh,SA Engelbrecht,SA Edwards,Taskin Ahmed,0,0,,,,,,,,,
1384419,2023/24,2023-10-28,"Eden Gardens, Kolkata",1,28.6,Netherlands,Bangladesh,SA Engelbrecht,SA Edwards,Taskin Ahmed,0,0,,,,,,,,,
1384419,2023/24,2023-10-28,"Eden Gardens, Kolkata",1,29.1,Netherlands,Bangladesh,SA Edwards,SA Engelbrecht,Shakib Al Hasan,1,0,,,,,,,,,
1384419,2023/24,2023-10-28,"Eden Gardens, Kolkata",1,29.2,Netherlands,Bangladesh,SA Engelbrecht,SA Edwards,Shakib Al Hasan,0,0,,,,,,,,,
1384419,2023/24,2023-10-28,"Eden Gardens, Kolkata",1,29.3,Netherlands,Bangladesh,SA Engelbrecht,SA Edwards,Shakib Al Hasan,0,0,,,,,,,,,
1384419,2023/24,2023-10-28,"Eden Gardens, Kolkata",1,29.4,Netherlands,Bangladesh,SA Engelbrecht,SA Edwards,Shakib Al Hasan,1,0,,,,,,,,,
1384419,2023/24,2023-10-28,"Eden Gardens, Kolkata",1,29.5,Netherlands,Bangladesh,SA Edwards,SA Engelbrecht,Shakib Al Hasan,0,0,,,,,,,,,
1384419,2023/24,2023-10-28,"Eden Gardens, Kolkata",1,29.6,Netherlands,Bangladesh,SA Edwards,SA Engelbrecht,Shakib Al Hasan,4,0,,,,,,,,,
1384419,2023/24,2023-10-28,"Eden Gardens, Kolkata",1,30.1,Netherlands,Bangladesh,SA Engelbrecht,SA Edwards,Taskin Ahmed,1,0,,,,,,,,,
1384419,2023/24,2023-10-28,"Eden Gardens, Kolkata",1,30.2,Netherlands,Bangladesh,SA Edwards,SA Engelbrecht,Taskin Ahmed,1,0,,,,,,,,,
1384419,2023/24,2023-10-28,"Eden Gardens, Kolkata",1,30.3,Netherlands,Bangladesh,SA Engelbrecht,SA Edwards,Taskin Ahmed,0,0,,,,,,,,,
1384419,2023/24,2023-10-28,"Eden Gardens, Kolkata",1,30.4,Netherlands,Bangladesh,SA Engelbrecht,SA Edwards,Taskin Ahmed,0,0,,,,,,,,,
1384419,2023/24,2023-10-28,"Eden Gardens, Kolkata",1,30.5,Netherlands,Bangladesh,SA Engelbrecht,SA Edwards,Taskin Ahmed,4,0,,,,,,,,,
1384419,2023/24,2023-10-28,"Eden Gardens, Kolkata",1,30.6,Netherlands,Bangladesh,SA Engelbrecht,SA Edwards,Taskin Ahmed,1,0,,,,,,,,,
1384419,2023/24,2023-10-28,"Eden Gardens, Kolkata",1,31.1,Netherlands,Bangladesh,SA Engelbrecht,SA Edwards,Shakib Al Hasan,1,0,,,,,,,,,
1384419,2023/24,2023-10-28,"Eden Gardens, Kolkata",1,31.2,Netherlands,Bangladesh,SA Edwards,SA Engelbrecht,Shakib Al Hasan,0,0,,,,,,,,,
1384419,2023/24,2023-10-28,"Eden Gardens, Kolkata",1,31.3,Netherlands,Bangladesh,SA Edwards,SA Engelbrecht,Shakib Al Hasan,1,0,,,,,,,,,
1384419,2023/24,2023-10-28,"Eden Gardens, Kolkata",1,31.4,Netherlands,Bangladesh,SA Engelbrecht,SA Edwards,Shakib Al Hasan,0,0,,,,,,,,,
1384419,2023/24,2023-10-28,"Eden Gardens, Kolkata",1,31.5,Netherlands,Bangladesh,SA Engelbrecht,SA Edwards,Shakib Al Hasan,1,0,,,,,,,,,
1384419,2023/24,2023-10-28,"Eden Gardens, Kolkata",1,31.6,Netherlands,Bangladesh,SA Edwards,SA Engelbrecht,Shakib Al Hasan,0,0,,,,,,,,,
1384419,2023/24,2023-10-28,"Eden Gardens, Kolkata",1,32.1,Netherlands,Bangladesh,SA Engelbrecht,SA Edwards,Mustafizur Rahman,1,0,,,,,,,,,
1384419,2023/24,2023-10-28,"Eden Gardens, Kolkata",1,32.2,Netherlands,Bangladesh,SA Edwards,SA Engelbrecht,Mustafizur Rahman,1,0,,,,,,,,,
1384419,2023/24,2023-10-28,"Eden Gardens, Kolkata",1,32.3,Netherlands,Bangladesh,SA Engelbrecht,SA Edwards,Mustafizur Rahman,0,0,,,,,,,,,
1384419,2023/24,2023-10-28,"Eden Gardens, Kolkata",1,32.4,Netherlands,Bangladesh,SA Engelbrecht,SA Edwards,Mustafizur Rahman,1,0,,,,,,,,,
1384419,2023/24,2023-10-28,"Eden Gardens, Kolkata",1,32.5,Netherlands,Bangladesh,SA Edwards,SA Engelbrecht,Mustafizur Rahman,0,0,,,,,,,,,
1384419,2023/24,2023-10-28,"Eden Gardens, Kolkata",1,32.6,Netherlands,Bangladesh,SA Edwards,SA Engelbrecht,Mustafizur Rahman,0,0,,,,,,,,,
1384419,2023/24,2023-10-28,"Eden Gardens, Kolkata",1,33.1,Netherlands,Bangladesh,SA Engelbrecht,SA Edwards,Mehedi Hasan Miraz,1,0,,,,,,,,,
1384419,2023/24,2023-10-28,"Eden Gardens, Kolkata",1,33.2,Netherlands,Bangladesh,SA Edwards,SA Engelbrecht,Mehedi Hasan Miraz,0,0,,,,,,,,,
1384419,2023/24,2023-10-28,"Eden Gardens, Kolkata",1,33.3,Netherlands,Bangladesh,SA Edwards,SA Engelbrecht,Mehedi Hasan Miraz,1,0,,,,,,,,,
1384419,2023/24,2023-10-28,"Eden Gardens, Kolkata",1,33.4,Netherlands,Bangladesh,SA Engelbrecht,SA Edwards,Mehedi Hasan Miraz,1,0,,,,,,,,,
1384419,2023/24,2023-10-28,"Eden Gardens, Kolkata",1,33.5,Netherlands,Bangladesh,SA Edwards,SA Engelbrecht,Mehedi Hasan Miraz,0,0,,,,,,,,,
1384419,2023/24,2023-10-28,"Eden Gardens, Kolkata",1,33.6,Netherlands,Bangladesh,SA Edwards,SA Engelbrecht,Mehedi Hasan Miraz,0,0,,,,,,,,,
1384419,2023/24,2023-10-28,"Eden Gardens, Kolkata",1,34.1,Netherlands,Bangladesh,SA Engelbrecht,SA Edwards,Mustafizur Rahman,0,0,,,,,,,,,
1384419,2023/24,2023-10-28,"Eden Gardens, Kolkata",1,34.2,Netherlands,Bangladesh,SA Engelbrecht,SA Edwards,Mustafizur Rahman,4,0,,,,,,,,,
1384419,2023/24,2023-10-28,"Eden Gardens, Kolkata",1,34.3,Netherlands,Bangladesh,SA Engelbrecht,SA Edwards,Mustafizur Rahman,0,0,,,,,,,,,
1384419,2023/24,2023-10-28,"Eden Gardens, Kolkata",1,34.4,Netherlands,Bangladesh,SA Engelbrecht,SA Edwards,Mustafizur Rahman,0,0,,,,,,,,,
1384419,2023/24,2023-10-28,"Eden Gardens, Kolkata",1,34.5,Netherlands,Bangladesh,SA Engelbrecht,SA Edwards,Mustafizur Rahman,1,0,,,,,,,,,
1384419,2023/24,2023-10-28,"Eden Gardens, Kolkata",1,34.6,Netherlands,Bangladesh,SA Edwards,SA Engelbrecht,Mustafizur Rahman,1,0,,,,,,,,,
1384419,2023/24,2023-10-28,"Eden Gardens, Kolkata",1,35.1,Netherlands,Bangladesh,SA Edwards,SA Engelbrecht,Mehedi Hasan Miraz,0,0,,,,,,,,,
1384419,2023/24,2023-10-28,"Eden Gardens, Kolkata",1,35.2,Netherlands,Bangladesh,SA Edwards,SA Engelbrecht,Mehedi Hasan Miraz,1,0,,,,,,,,,
1384419,2023/24,2023-10-28,"Eden Gardens, Kolkata",1,35.3,Netherlands,Bangladesh,SA Engelbrecht,SA Edwards,Mehedi Hasan Miraz,0,0,,,,,,,,,
1384419,2023/24,2023-10-28,"Eden Gardens, Kolkata",1,35.4,Netherlands,Bangladesh,SA Engelbrecht,SA Edwards,Mehedi Hasan Miraz,0,0,,,,,,,,,
1384419,2023/24,2023-10-28,"Eden Gardens, Kolkata",1,35.5,Netherlands,Bangladesh,SA Engelbrecht,SA Edwards,Mehedi Hasan Miraz,1,0,,,,,,,,,
1384419,2023/24,2023-10-28,"Eden Gardens, Kolkata",1,35.6,Netherlands,Bangladesh,SA Edwards,SA Engelbrecht,Mehedi Hasan Miraz,0,0,,,,,,,,,
1384419,2023/24,2023-10-28,"Eden Gardens, Kolkata",1,36.1,Netherlands,Bangladesh,SA Engelbrecht,SA Edwards,Shakib Al Hasan,1,0,,,,,,,,,
1384419,2023/24,2023-10-28,"Eden Gardens, Kolkata",1,36.2,Netherlands,Bangladesh,SA Edwards,SA Engelbrecht,Shakib Al Hasan,0,0,,,,,,,,,
1384419,2023/24,2023-10-28,"Eden Gardens, Kolkata",1,36.3,Netherlands,Bangladesh,SA Edwards,SA Engelbrecht,Shakib Al Hasan,0,0,,,,,,,,,
1384419,2023/24,2023-10-28,"Eden Gardens, Kolkata",1,36.4,Netherlands,Bangladesh,SA Edwards,SA Engelbrecht,Shakib Al Hasan,1,0,,,,,,,,,
1384419,2023/24,2023-10-28,"Eden Gardens, Kolkata",1,36.5,Netherlands,Bangladesh,SA Engelbrecht,SA Edwards,Shakib Al Hasan,0,0,,,,,,,,,
1384419,2023/24,2023-10-28,"Eden Gardens, Kolkata",1,36.6,Netherlands,Bangladesh,SA Engelbrecht,SA Edwards,Shakib Al Hasan,0,0,,,,,,,,,
1384419,2023/24,2023-10-28,"Eden Gardens, Kolkata",1,37.1,Netherlands,Bangladesh,SA Edwards,SA Engelbrecht,Mehedi Hasan Miraz,1,0,,,,,,,,,
1384419,2023/24,2023-10-28,"Eden Gardens, Kolkata",1,37.2,Netherlands,Bangladesh,SA Engelbrecht,SA Edwards,Mehedi Hasan Miraz,1,0,,,,,,,,,
1384419,2023/24,2023-10-28,"Eden Gardens, Kolkata",1,37.3,Netherlands,Bangladesh,SA Edwards,SA Engelbrecht,Mehedi Hasan Miraz,1,0,,,,,,,,,
1384419,2023/24,2023-10-28,"Eden Gardens, Kolkata",1,37.4,Netherlands,Bangladesh,SA Engelbrecht,SA Edwards,Mehedi Hasan Miraz,1,0,,,,,,,,,
1384419,2023/24,2023-10-28,"Eden Gardens, Kolkata",1,37.5,Netherlands,Bangladesh,SA Edwards,SA Engelbrecht,Mehedi Hasan Miraz,1,0,,,,,,,,,
1384419,2023/24,2023-10-28,"Eden Gardens, Kolkata",1,37.6,Netherlands,Bangladesh,SA Engelbrecht,SA Edwards,Mehedi Hasan Miraz,0,0,,,,,,,,,
1384419,2023/24,2023-10-28,"Eden Gardens, Kolkata",1,38.1,Netherlands,Bangladesh,SA Edwards,SA Engelbrecht,Shoriful Islam,1,0,,,,,,,,,
1384419,2023/24,2023-10-28,"Eden Gardens, Kolkata",1,38.2,Netherlands,Bangladesh,SA Engelbrecht,SA Edwards,Shoriful Islam,0,0,,,,,,,,,
1384419,2023/24,2023-10-28,"Eden Gardens, Kolkata",1,38.3,Netherlands,Bangladesh,SA Engelbrecht,SA Edwards,Shoriful Islam,0,1,1,,,,,,,,
1384419,2023/24,2023-10-28,"Eden Gardens, Kolkata",1,38.4,Netherlands,Bangladesh,SA Engelbrecht,SA Edwards,Shoriful Islam,0,1,,,,1,,,,,
1384419,2023/24,2023-10-28,"Eden Gardens, Kolkata",1,38.5,Netherlands,Bangladesh,SA Edwards,SA Engelbrecht,Shoriful Islam,2,0,,,,,,,,,
1384419,2023/24,2023-10-28,"Eden Gardens, Kolkata",1,38.6,Netherlands,Bangladesh,SA Edwards,SA Engelbrecht,Shoriful Islam,1,0,,,,,,,,,
1384419,2023/24,2023-10-28,"Eden Gardens, Kolkata",1,38.7,Netherlands,Bangladesh,SA Engelbrecht,SA Edwards,Shoriful Islam,0,0,,,,,,,,,
1384419,2023/24,2023-10-28,"Eden Gardens, Kolkata",1,39.1,Netherlands,Bangladesh,SA Edwards,SA Engelbrecht,Shakib Al Hasan,1,0,,,,,,,,,
1384419,2023/24,2023-10-28,"Eden Gardens, Kolkata",1,39.2,Netherlands,Bangladesh,SA Engelbrecht,SA Edwards,Shakib Al Hasan,0,0,,,,,,,,,
1384419,2023/24,2023-10-28,"Eden Gardens, Kolkata",1,39.3,Netherlands,Bangladesh,SA Engelbrecht,SA Edwards,Shakib Al Hasan,0,0,,,,,,,,,
1384419,2023/24,2023-10-28,"Eden Gardens, Kolkata",1,39.4,Netherlands,Bangladesh,SA Engelbrecht,SA Edwards,Shakib Al Hasan,0,0,,,,,,,,,
1384419,2023/24,2023-10-28,"Eden Gardens, Kolkata",1,39.5,Netherlands,Bangladesh,SA Engelbrecht,SA Edwards,Shakib Al Hasan,0,0,,,,,,,,,
1384419,2023/24,2023-10-28,"Eden Gardens, Kolkata",1,39.6,Netherlands,Bangladesh,SA Engelbrecht,SA Edwards,Shakib Al Hasan,0,0,,,,,,,,,
1384419,2023/24,2023-10-28,"Eden Gardens, Kolkata",1,40.1,Netherlands,Bangladesh,SA Edwards,SA Engelbrecht,Shoriful Islam,0,0,,,,,,,,,
1384419,2023/24,2023-10-28,"Eden Gardens, Kolkata",1,40.2,Netherlands,Bangladesh,SA Edwards,SA Engelbrecht,Shoriful Islam,0,0,,,,,,,,,
1384419,2023/24,2023-10-28,"Eden Gardens, Kolkata",1,40.3,Netherlands,Bangladesh,SA Edwards,SA Engelbrecht,Shoriful Islam,2,0,,,,,,,,,
1384419,2023/24,2023-10-28,"Eden Gardens, Kolkata",1,40.4,Netherlands,Bangladesh,SA Edwards,SA Engelbrecht,Shoriful Islam,4,0,,,,,,,,,
1384419,2023/24,2023-10-28,"Eden Gardens, Kolkata",1,40.5,Netherlands,Bangladesh,SA Edwards,SA Engelbrecht,Shoriful Islam,0,0,,,,,,,,,
1384419,2023/24,2023-10-28,"Eden Gardens, Kolkata",1,40.6,Netherlands,Bangladesh,SA Edwards,SA Engelbrecht,Shoriful Islam,0,0,,,,,,,,,
1384419,2023/24,2023-10-28,"Eden Gardens, Kolkata",1,41.1,Netherlands,Bangladesh,SA Engelbrecht,SA Edwards,Shakib Al Hasan,4,0,,,,,,,,,
1384419,2023/24,2023-10-28,"Eden Gardens, Kolkata",1,41.2,Netherlands,Bangladesh,SA Engelbrecht,SA Edwards,Shakib Al Hasan,0,0,,,,,,,,,
1384419,2023/24,2023-10-28,"Eden Gardens, Kolkata",1,41.3,Netherlands,Bangladesh,SA Engelbrecht,SA Edwards,Shakib Al Hasan,0,0,,,,,,,,,
1384419,2023/24,2023-10-28,"Eden Gardens, Kolkata",1,41.4,Netherlands,Bangladesh,SA Engelbrecht,SA Edwards,Shakib Al Hasan,0,0,,,,,,,,,
1384419,2023/24,2023-10-28,"Eden Gardens, Kolkata",1,41.5,Netherlands,Bangladesh,SA Engelbrecht,SA Edwards,Shakib Al Hasan,1,0,,,,,,,,,
1384419,2023/24,2023-10-28,"Eden Gardens, Kolkata",1,41.6,Netherlands,Bangladesh,SA Edwards,SA Engelbrecht,Shakib Al Hasan,1,0,,,,,,,,,
1384419,2023/24,2023-10-28,"Eden Gardens, Kolkata",1,42.1,Netherlands,Bangladesh,SA Edwards,SA Engelbrecht,Mustafizur Rahman,1,0,,,,,,,,,
1384419,2023/24,2023-10-28,"Eden Gardens, Kolkata",1,42.2,Netherlands,Bangladesh,SA Engelbrecht,SA Edwards,Mustafizur Rahman,0,0,,,,,,,,,
1384419,2023/24,2023-10-28,"Eden Gardens, Kolkata",1,42.3,Netherlands,Bangladesh,SA Engelbrecht,SA Edwards,Mustafizur Rahman,0,0,,,,,,,,,
1384419,2023/24,2023-10-28,"Eden Gardens, Kolkata",1,42.4,Netherlands,Bangladesh,SA Engelbrecht,SA Edwards,Mustafizur Rahman,0,0,,,,,,,,,
1384419,2023/24,2023-10-28,"Eden Gardens, Kolkata",1,42.5,Netherlands,Bangladesh,SA Engelbrecht,SA Edwards,Mustafizur Rahman,3,0,,,,,,,,,
1384419,2023/24,2023-10-28,"Eden Gardens, Kolkata",1,42.6,Netherlands,Bangladesh,SA Edwards,SA Engelbrecht,Mustafizur Rahman,1,0,,,,,,,,,
1384419,2023/24,2023-10-28,"Eden Gardens, Kolkata",1,43.1,Netherlands,Bangladesh,SA Edwards,SA Engelbrecht,Taskin Ahmed,4,0,,,,,,,,,
1384419,2023/24,2023-10-28,"Eden Gardens, Kolkata",1,43.2,Netherlands,Bangladesh,SA Edwards,SA Engelbrecht,Taskin Ahmed,1,0,,,,,,,,,
1384419,2023/24,2023-10-28,"Eden Gardens, Kolkata",1,43.3,Netherlands,Bangladesh,SA Engelbrecht,SA Edwards,Taskin Ahmed,1,0,,,,,,,,,
1384419,2023/24,2023-10-28,"Eden Gardens, Kolkata",1,43.4,Netherlands,Bangladesh,SA Edwards,SA Engelbrecht,Taskin Ahmed,4,0,,,,,,,,,
1384419,2023/24,2023-10-28,"Eden Gardens, Kolkata",1,43.5,Netherlands,Bangladesh,SA Edwards,SA Engelbrecht,Taskin Ahmed,1,0,,,,,,,,,
1384419,2023/24,2023-10-28,"Eden Gardens, Kolkata",1,43.6,Netherlands,Bangladesh,SA Engelbrecht,SA Edwards,Taskin Ahmed,1,0,,,,,,,,,
1384419,2023/24,2023-10-28,"Eden Gardens, Kolkata",1,44.1,Netherlands,Bangladesh,SA Engelbrecht,SA Edwards,Mustafizur Rahman,0,0,,,,,,,,,
1384419,2023/24,2023-10-28,"Eden Gardens, Kolkata",1,44.2,Netherlands,Bangladesh,SA Engelbrecht,SA Edwards,Mustafizur Rahman,1,0,,,,,,,,,
1384419,2023/24,2023-10-28,"Eden Gardens, Kolkata",1,44.3,Netherlands,Bangladesh,SA Edwards,SA Engelbrecht,Mustafizur Rahman,0,0,,,,,,caught,SA Edwards,,
1384419,2023/24,2023-10-28,"Eden Gardens, Kolkata",1,44.4,Netherlands,Bangladesh,LV van Beek,SA Engelbrecht,Mustafizur Rahman,0,0,,,,,,,,,
1384419,2023/24,2023-10-28,"Eden Gardens, Kolkata",1,44.5,Netherlands,Bangladesh,LV van Beek,SA Engelbrecht,Mustafizur Rahman,0,0,,,,,,,,,
1384419,2023/24,2023-10-28,"Eden Gardens, Kolkata",1,44.6,Netherlands,Bangladesh,LV van Beek,SA Engelbrecht,Mustafizur Rahman,0,0,,,,,,,,,
1384419,2023/24,2023-10-28,"Eden Gardens, Kolkata",1,45.1,Netherlands,Bangladesh,SA Engelbrecht,LV van Beek,Mahedi Hasan,0,0,,,,,,lbw,SA Engelbrecht,,
1384419,2023/24,2023-10-28,"Eden Gardens, Kolkata",1,45.2,Netherlands,Bangladesh,Shariz Ahmad,LV van Beek,Mahedi Hasan,0,0,,,,,,,,,
1384419,2023/24,2023-10-28,"Eden Gardens, Kolkata",1,45.3,Netherlands,Bangladesh,Shariz Ahmad,LV van Beek,Mahedi Hasan,0,0,,,,,,,,,
1384419,2023/24,2023-10-28,"Eden Gardens, Kolkata",1,45.4,Netherlands,Bangladesh,Shariz Ahmad,LV van Beek,Mahedi Hasan,1,0,,,,,,,,,
1384419,2023/24,2023-10-28,"Eden Gardens, Kolkata",1,45.5,Netherlands,Bangladesh,LV van Beek,Shariz Ahmad,Mahedi Hasan,1,0,,,,,,,,,
1384419,2023/24,2023-10-28,"Eden Gardens, Kolkata",1,45.6,Netherlands,Bangladesh,Shariz Ahmad,LV van Beek,Mahedi Hasan,2,0,,,,,,,,,
1384419,2023/24,2023-10-28,"Eden Gardens, Kolkata",1,46.1,Netherlands,Bangladesh,LV van Beek,Shariz Ahmad,Mustafizur Rahman,0,0,,,,,,,,,
1384419,2023/24,2023-10-28,"Eden Gardens, Kolkata",1,46.2,Netherlands,Bangladesh,LV van Beek,Shariz Ahmad,Mustafizur Rahman,1,0,,,,,,,,,
1384419,2023/24,2023-10-28,"Eden Gardens, Kolkata",1,46.3,Netherlands,Bangladesh,Shariz Ahmad,LV van Beek,Mustafizur Rahman,1,0,,,,,,,,,
1384419,2023/24,2023-10-28,"Eden Gardens, Kolkata",1,46.4,Netherlands,Bangladesh,LV van Beek,Shariz Ahmad,Mustafizur Rahman,1,0,,,,,,,,,
1384419,2023/24,2023-10-28,"Eden Gardens, Kolkata",1,46.5,Netherlands,Bangladesh,Shariz Ahmad,LV van Beek,Mustafizur Rahman,0,0,,,,,,,,,
1384419,2023/24,2023-10-28,"Eden Gardens, Kolkata",1,46.6,Netherlands,Bangladesh,Shariz Ahmad,LV van Beek,Mustafizur Rahman,1,0,,,,,,,,,
1384419,2023/24,2023-10-28,"Eden Gardens, Kolkata",1,47.1,Netherlands,Bangladesh,Shariz Ahmad,LV van Beek,Mahedi Hasan,1,0,,,,,,run out,Shariz Ahmad,,
1384419,2023/24,2023-10-28,"Eden Gardens, Kolkata",1,47.2,Netherlands,Bangladesh,A Dutt,LV van Beek,Mahedi Hasan,0,2,2,,,,,,,,
1384419,2023/24,2023-10-28,"Eden Gardens, Kolkata",1,47.3,Netherlands,Bangladesh,LV van Beek,A Dutt,Mahedi Hasan,0,0,,,,,,,,,
1384419,2023/24,2023-10-28,"Eden Gardens, Kolkata",1,47.4,Netherlands,Bangladesh,LV van Beek,A Dutt,Mahedi Hasan,1,0,,,,,,,,,
1384419,2023/24,2023-10-28,"Eden Gardens, Kolkata",1,47.5,Netherlands,Bangladesh,A Dutt,LV van Beek,Mahedi Hasan,0,4,,,4,,,,,,
1384419,2023/24,2023-10-28,"Eden Gardens, Kolkata",1,47.6,Netherlands,Bangladesh,A Dutt,LV van Beek,Mahedi Hasan,0,0,,,,,,,,,
1384419,2023/24,2023-10-28,"Eden Gardens, Kolkata",1,47.7,Netherlands,Bangladesh,A Dutt,LV van Beek,Mahedi Hasan,2,0,,,,,,,,,
1384419,2023/24,2023-10-28,"Eden Gardens, Kolkata",1,48.1,Netherlands,Bangladesh,LV van Beek,A Dutt,Shoriful Islam,1,0,,,,,,,,,
1384419,2023/24,2023-10-28,"Eden Gardens, Kolkata",1,48.2,Netherlands,Bangladesh,A Dutt,LV van Beek,Shoriful Islam,1,0,,,,,,,,,
1384419,2023/24,2023-10-28,"Eden Gardens, Kolkata",1,48.3,Netherlands,Bangladesh,LV van Beek,A Dutt,Shoriful Islam,1,0,,,,,,,,,
1384419,2023/24,2023-10-28,"Eden Gardens, Kolkata",1,48.4,Netherlands,Bangladesh,A Dutt,LV van Beek,Shoriful Islam,6,0,,,,,,,,,
1384419,2023/24,2023-10-28,"Eden Gardens, Kolkata",1,48.5,Netherlands,Bangladesh,A Dutt,LV van Beek,Shoriful Islam,0,0,,,,,,caught,A Dutt,,
1384419,2023/24,2023-10-28,"Eden Gardens, Kolkata",1,48.6,Netherlands,Bangladesh,PA van Meekeren,LV van Beek,Shoriful Islam,0,0,,,,,,,,,
1384419,2023/24,2023-10-28,"Eden Gardens, Kolkata",1,49.1,Netherlands,Bangladesh,LV van Beek,PA van Meekeren,Mahedi Hasan,4,0,,,,,,,,,
1384419,2023/24,2023-10-28,"Eden Gardens, Kolkata",1,49.2,Netherlands,Bangladesh,LV van Beek,PA van Meekeren,Mahedi Hasan,4,0,,,,,,,,,
1384419,2023/24,2023-10-28,"Eden Gardens, Kolkata",1,49.3,Netherlands,Bangladesh,LV van Beek,PA van Meekeren,Mahedi Hasan,2,0,,,,,,,,,
1384419,2023/24,2023-10-28,"Eden Gardens, Kolkata",1,49.4,Netherlands,Bangladesh,LV van Beek,PA van Meekeren,Mahedi Hasan,6,0,,,,,,,,,
1384419,2023/24,2023-10-28,"Eden Gardens, Kolkata",1,49.5,Netherlands,Bangladesh,LV van Beek,PA van Meekeren,Mahedi Hasan,1,0,,,,,,,,,
1384419,2023/24,2023-10-28,"Eden Gardens, Kolkata",1,49.6,Netherlands,Bangladesh,PA van Meekeren,LV van Beek,Mahedi Hasan,0,0,,,,,,lbw,PA van Meekeren,,
1384419,2023/24,2023-10-28,"Eden Gardens, Kolkata",2,0.1,Bangladesh,Netherlands,Liton Das,Tanzid Hasan,A Dutt,0,0,,,,,,,,,
1384419,2023/24,2023-10-28,"Eden Gardens, Kolkata",2,0.2,Bangladesh,Netherlands,Liton Das,Tanzid Hasan,A Dutt,0,0,,,,,,,,,
1384419,2023/24,2023-10-28,"Eden Gardens, Kolkata",2,0.3,Bangladesh,Netherlands,Liton Das,Tanzid Hasan,A Dutt,0,0,,,,,,,,,
1384419,2023/24,2023-10-28,"Eden Gardens, Kolkata",2,0.4,Bangladesh,Netherlands,Liton Das,Tanzid Hasan,A Dutt,1,0,,,,,,,,,
1384419,2023/24,2023-10-28,"Eden Gardens, Kolkata",2,0.5,Bangladesh,Netherlands,Tanzid Hasan,Liton Das,A Dutt,1,0,,,,,,,,,
1384419,2023/24,2023-10-28,"Eden Gardens, Kolkata",2,0.6,Bangladesh,Netherlands,Liton Das,Tanzid Hasan,A Dutt,0,0,,,,,,,,,
1384419,2023/24,2023-10-28,"Eden Gardens, Kolkata",2,1.1,Bangladesh,Netherlands,Tanzid Hasan,Liton Das,LV van Beek,0,0,,,,,,,,,
1384419,2023/24,2023-10-28,"Eden Gardens, Kolkata",2,1.2,Bangladesh,Netherlands,Tanzid Hasan,Liton Das,LV van Beek,0,0,,,,,,,,,
1384419,2023/24,2023-10-28,"Eden Gardens, Kolkata",2,1.3,Bangladesh,Netherlands,Tanzid Hasan,Liton Das,LV van Beek,4,0,,,,,,,,,
1384419,2023/24,2023-10-28,"Eden Gardens, Kolkata",2,1.4,Bangladesh,Netherlands,Tanzid Hasan,Liton Das,LV van Beek,1,0,,,,,,,,,
1384419,2023/24,2023-10-28,"Eden Gardens, Kolkata",2,1.5,Bangladesh,Netherlands,Liton Das,Tanzid Hasan,LV van Beek,0,0,,,,,,,,,
1384419,2023/24,2023-10-28,"Eden Gardens, Kolkata",2,1.6,Bangladesh,Netherlands,Liton Das,Tanzid Hasan,LV van Beek,0,0,,,,,,,,,
1384419,2023/24,2023-10-28,"Eden Gardens, Kolkata",2,2.1,Bangladesh,Netherlands,Tanzid Hasan,Liton Das,A Dutt,0,0,,,,,,,,,
1384419,2023/24,2023-10-28,"Eden Gardens, Kolkata",2,2.2,Bangladesh,Netherlands,Tanzid Hasan,Liton Das,A Dutt,0,0,,,,,,,,,
1384419,2023/24,2023-10-28,"Eden Gardens, Kolkata",2,2.3,Bangladesh,Netherlands,Tanzid Hasan,Liton Das,A Dutt,0,0,,,,,,,,,
1384419,2023/24,2023-10-28,"Eden Gardens, Kolkata",2,2.4,Bangladesh,Netherlands,Tanzid Hasan,Liton Das,A Dutt,0,0,,,,,,,,,
1384419,2023/24,2023-10-28,"Eden Gardens, Kolkata",2,2.5,Bangladesh,Netherlands,Tanzid Hasan,Liton Das,A Dutt,4,0,,,,,,,,,
1384419,2023/24,2023-10-28,"Eden Gardens, Kolkata",2,2.6,Bangladesh,Netherlands,Tanzid Hasan,Liton Das,A Dutt,0,0,,,,,,,,,
1384419,2023/24,2023-10-28,"Eden Gardens, Kolkata",2,3.1,Bangladesh,Netherlands,Liton Das,Tanzid Hasan,LV van Beek,0,0,,,,,,,,,
1384419,2023/24,2023-10-28,"Eden Gardens, Kolkata",2,3.2,Bangladesh,Netherlands,Liton Das,Tanzid Hasan,LV van Beek,0,1,1,,,,,,,,
1384419,2023/24,2023-10-28,"Eden Gardens, Kolkata",2,3.3,Bangladesh,Netherlands,Liton Das,Tanzid Hasan,LV van Beek,1,0,,,,,,,,,
1384419,2023/24,2023-10-28,"Eden Gardens, Kolkata",2,3.4,Bangladesh,Netherlands,Tanzid Hasan,Liton Das,LV van Beek,0,0,,,,,,,,,
1384419,2023/24,2023-10-28,"Eden Gardens, Kolkata",2,3.5,Bangladesh,Netherlands,Tanzid Hasan,Liton Das,LV van Beek,1,0,,,,,,,,,
1384419,2023/24,2023-10-28,"Eden Gardens, Kolkata",2,3.6,Bangladesh,Netherlands,Liton Das,Tanzid Hasan,LV van Beek,1,0,,,,,,,,,
1384419,2023/24,2023-10-28,"Eden Gardens, Kolkata",2,3.7,Bangladesh,Netherlands,Tanzid Hasan,Liton Das,LV van Beek,4,0,,,,,,,,,
1384419,2023/24,2023-10-28,"Eden Gardens, Kolkata",2,4.1,Bangladesh,Netherlands,Liton Das,Tanzid Hasan,A Dutt,0,0,,,,,,,,,
1384419,2023/24,2023-10-28,"Eden Gardens, Kolkata",2,4.2,Bangladesh,Netherlands,Liton Das,Tanzid Hasan,A Dutt,0,0,,,,,,caught,Liton Das,,
1384419,2023/24,2023-10-28,"Eden Gardens, Kolkata",2,4.3,Bangladesh,Netherlands,Mehedi Hasan Miraz,Tanzid Hasan,A Dutt,0,0,,,,,,,,,
1384419,2023/24,2023-10-28,"Eden Gardens, Kolkata",2,4.4,Bangladesh,Netherlands,Mehedi Hasan Miraz,Tanzid Hasan,A Dutt,0,0,,,,,,,,,
1384419,2023/24,2023-10-28,"Eden Gardens, Kolkata",2,4.5,Bangladesh,Netherlands,Mehedi Hasan Miraz,Tanzid Hasan,A Dutt,0,0,,,,,,,,,
1384419,2023/24,2023-10-28,"Eden Gardens, Kolkata",2,4.6,Bangladesh,Netherlands,Mehedi Hasan Miraz,Tanzid Hasan,A Dutt,0,0,,,,,,,,,
1384419,2023/24,2023-10-28,"Eden Gardens, Kolkata",2,5.1,Bangladesh,Netherlands,Tanzid Hasan,Mehedi Hasan Miraz,LV van Beek,0,0,,,,,,,,,
1384419,2023/24,2023-10-28,"Eden Gardens, Kolkata",2,5.2,Bangladesh,Netherlands,Tanzid Hasan,Mehedi Hasan Miraz,LV van Beek,0,0,,,,,,caught,Tanzid Hasan,,
1384419,2023/24,2023-10-28,"Eden Gardens, Kolkata",2,5.3,Bangladesh,Netherlands,Nazmul Hossain Shanto,Mehedi Hasan Miraz,LV van Beek,0,0,,,,,,,,,
1384419,2023/24,2023-10-28,"Eden Gardens, Kolkata",2,5.4,Bangladesh,Netherlands,Nazmul Hossain Shanto,Mehedi Hasan Miraz,LV van Beek,0,0,,,,,,,,,
1384419,2023/24,2023-10-28,"Eden Gardens, Kolkata",2,5.5,Bangladesh,Netherlands,Nazmul Hossain Shanto,Mehedi Hasan Miraz,LV van Beek,0,0,,,,,,,,,
1384419,2023/24,2023-10-28,"Eden Gardens, Kolkata",2,5.6,Bangladesh,Netherlands,Nazmul Hossain Shanto,Mehedi Hasan Miraz,LV van Beek,0,0,,,,,,,,,
1384419,2023/24,2023-10-28,"Eden Gardens, Kolkata",2,6.1,Bangladesh,Netherlands,Mehedi Hasan Miraz,Nazmul Hossain Shanto,A Dutt,0,0,,,,,,,,,
1384419,2023/24,2023-10-28,"Eden Gardens, Kolkata",2,6.2,Bangladesh,Netherlands,Mehedi Hasan Miraz,Nazmul Hossain Shanto,A Dutt,0,0,,,,,,,,,
1384419,2023/24,2023-10-28,"Eden Gardens, Kolkata",2,6.3,Bangladesh,Netherlands,Mehedi Hasan Miraz,Nazmul Hossain Shanto,A Dutt,0,0,,,,,,,,,
1384419,2023/24,2023-10-28,"Eden Gardens, Kolkata",2,6.4,Bangladesh,Netherlands,Mehedi Hasan Miraz,Nazmul Hossain Shanto,A Dutt,0,0,,,,,,,,,
1384419,2023/24,2023-10-28,"Eden Gardens, Kolkata",2,6.5,Bangladesh,Netherlands,Mehedi Hasan Miraz,Nazmul Hossain Shanto,A Dutt,0,0,,,,,,,,,
1384419,2023/24,2023-10-28,"Eden Gardens, Kolkata",2,6.6,Bangladesh,Netherlands,Mehedi Hasan Miraz,Nazmul Hossain Shanto,A Dutt,0,0,,,,,,,,,
1384419,2023/24,2023-10-28,"Eden Gardens, Kolkata",2,7.1,Bangladesh,Netherlands,Nazmul Hossain Shanto,Mehedi Hasan Miraz,LV van Beek,0,0,,,,,,,,,
1384419,2023/24,2023-10-28,"Eden Gardens, Kolkata",2,7.2,Bangladesh,Netherlands,Nazmul Hossain Shanto,Mehedi Hasan Miraz,LV van Beek,0,0,,,,,,,,,
1384419,2023/24,2023-10-28,"Eden Gardens, Kolkata",2,7.3,Bangladesh,Netherlands,Nazmul Hossain Shanto,Mehedi Hasan Miraz,LV van Beek,0,0,,,,,,,,,
1384419,2023/24,2023-10-28,"Eden Gardens, Kolkata",2,7.4,Bangladesh,Netherlands,Nazmul Hossain Shanto,Mehedi Hasan Miraz,LV van Beek,0,0,,,,,,,,,
1384419,2023/24,2023-10-28,"Eden Gardens, Kolkata",2,7.5,Bangladesh,Netherlands,Nazmul Hossain Shanto,Mehedi Hasan Miraz,LV van Beek,4,0,,,,,,,,,
1384419,2023/24,2023-10-28,"Eden Gardens, Kolkata",2,7.6,Bangladesh,Netherlands,Nazmul Hossain Shanto,Mehedi Hasan Miraz,LV van Beek,0,0,,,,,,,,,
1384419,2023/24,2023-10-28,"Eden Gardens, Kolkata",2,8.1,Bangladesh,Netherlands,Mehedi Hasan Miraz,Nazmul Hossain Shanto,A Dutt,6,0,,,,,,,,,
1384419,2023/24,2023-10-28,"Eden Gardens, Kolkata",2,8.2,Bangladesh,Netherlands,Mehedi Hasan Miraz,Nazmul Hossain Shanto,A Dutt,0,0,,,,,,,,,
1384419,2023/24,2023-10-28,"Eden Gardens, Kolkata",2,8.3,Bangladesh,Netherlands,Mehedi Hasan Miraz,Nazmul Hossain Shanto,A Dutt,0,0,,,,,,,,,
1384419,2023/24,2023-10-28,"Eden Gardens, Kolkata",2,8.4,Bangladesh,Netherlands,Mehedi Hasan Miraz,Nazmul Hossain Shanto,A Dutt,4,0,,,,,,,,,
1384419,2023/24,2023-10-28,"Eden Gardens, Kolkata",2,8.5,Bangladesh,Netherlands,Mehedi Hasan Miraz,Nazmul Hossain Shanto,A Dutt,0,0,,,,,,,,,
1384419,2023/24,2023-10-28,"Eden Gardens, Kolkata",2,8.6,Bangladesh,Netherlands,Mehedi Hasan Miraz,Nazmul Hossain Shanto,A Dutt,4,0,,,,,,,,,
1384419,2023/24,2023-10-28,"Eden Gardens, Kolkata",2,9.1,Bangladesh,Netherlands,Nazmul Hossain Shanto,Mehedi Hasan Miraz,LV van Beek,1,0,,,,,,,,,
1384419,2023/24,2023-10-28,"Eden Gardens, Kolkata",2,9.2,Bangladesh,Netherlands,Mehedi Hasan Miraz,Nazmul Hossain Shanto,LV van Beek,0,0,,,,,,,,,
1384419,2023/24,2023-10-28,"Eden Gardens, Kolkata",2,9.3,Bangladesh,Netherlands,Mehedi Hasan Miraz,Nazmul Hossain Shanto,LV van Beek,0,0,,,,,,,,,
1384419,2023/24,2023-10-28,"Eden Gardens, Kolkata",2,9.4,Bangladesh,Netherlands,Mehedi Hasan Miraz,Nazmul Hossain Shanto,LV van Beek,0,0,,,,,,,,,
1384419,2023/24,2023-10-28,"Eden Gardens, Kolkata",2,9.5,Bangladesh,Netherlands,Mehedi Hasan Miraz,Nazmul Hossain Shanto,LV van Beek,1,0,,,,,,,,,
1384419,2023/24,2023-10-28,"Eden Gardens, Kolkata",2,9.6,Bangladesh,Netherlands,Nazmul Hossain Shanto,Mehedi Hasan Miraz,LV van Beek,0,0,,,,,,,,,
1384419,2023/24,2023-10-28,"Eden Gardens, Kolkata",2,10.1,Bangladesh,Netherlands,Mehedi Hasan Miraz,Nazmul Hossain Shanto,CN Ackermann,0,0,,,,,,,,,
1384419,2023/24,2023-10-28,"Eden Gardens, Kolkata",2,10.2,Bangladesh,Netherlands,Mehedi Hasan Miraz,Nazmul Hossain Shanto,CN Ackermann,0,0,,,,,,,,,
1384419,2023/24,2023-10-28,"Eden Gardens, Kolkata",2,10.3,Bangladesh,Netherlands,Mehedi Hasan Miraz,Nazmul Hossain Shanto,CN Ackermann,0,0,,,,,,,,,
1384419,2023/24,2023-10-28,"Eden Gardens, Kolkata",2,10.4,Bangladesh,Netherlands,Mehedi Hasan Miraz,Nazmul Hossain Shanto,CN Ackermann,1,0,,,,,,,,,
1384419,2023/24,2023-10-28,"Eden Gardens, Kolkata",2,10.5,Bangladesh,Netherlands,Nazmul Hossain Shanto,Mehedi Hasan Miraz,CN Ackermann,0,0,,,,,,,,,
1384419,2023/24,2023-10-28,"Eden Gardens, Kolkata",2,10.6,Bangladesh,Netherlands,Nazmul Hossain Shanto,Mehedi Hasan Miraz,CN Ackermann,0,0,,,,,,,,,
1384419,2023/24,2023-10-28,"Eden Gardens, Kolkata",2,11.1,Bangladesh,Netherlands,Mehedi Hasan Miraz,Nazmul Hossain Shanto,PA van Meekeren,1,0,,,,,,,,,
1384419,2023/24,2023-10-28,"Eden Gardens, Kolkata",2,11.2,Bangladesh,Netherlands,Nazmul Hossain Shanto,Mehedi Hasan Miraz,PA van Meekeren,4,0,,,,,,,,,
1384419,2023/24,2023-10-28,"Eden Gardens, Kolkata",2,11.3,Bangladesh,Netherlands,Nazmul Hossain Shanto,Mehedi Hasan Miraz,PA van Meekeren,0,0,,,,,,,,,
1384419,2023/24,2023-10-28,"Eden Gardens, Kolkata",2,11.4,Bangladesh,Netherlands,Nazmul Hossain Shanto,Mehedi Hasan Miraz,PA van Meekeren,0,0,,,,,,,,,
1384419,2023/24,2023-10-28,"Eden Gardens, Kolkata",2,11.5,Bangladesh,Netherlands,Nazmul Hossain Shanto,Mehedi Hasan Miraz,PA van Meekeren,0,0,,,,,,caught,Nazmul Hossain Shanto,,
1384419,2023/24,2023-10-28,"Eden Gardens, Kolkata",2,11.6,Bangladesh,Netherlands,Shakib Al Hasan,Mehedi Hasan Miraz,PA van Meekeren,0,0,,,,,,,,,
1384419,2023/24,2023-10-28,"Eden Gardens, Kolkata",2,12.1,Bangladesh,Netherlands,Mehedi Hasan Miraz,Shakib Al Hasan,CN Ackermann,0,0,,,,,,,,,
1384419,2023/24,2023-10-28,"Eden Gardens, Kolkata",2,12.2,Bangladesh,Netherlands,Mehedi Hasan Miraz,Shakib Al Hasan,CN Ackermann,4,0,,,,,,,,,
1384419,2023/24,2023-10-28,"Eden Gardens, Kolkata",2,12.3,Bangladesh,Netherlands,Mehedi Hasan Miraz,Shakib Al Hasan,CN Ackermann,1,0,,,,,,,,,
1384419,2023/24,2023-10-28,"Eden Gardens, Kolkata",2,12.4,Bangladesh,Netherlands,Shakib Al Hasan,Mehedi Hasan Miraz,CN Ackermann,0,0,,,,,,,,,
1384419,2023/24,2023-10-28,"Eden Gardens, Kolkata",2,12.5,Bangladesh,Netherlands,Shakib Al Hasan,Mehedi Hasan Miraz,CN Ackermann,0,0,,,,,,,,,
1384419,2023/24,2023-10-28,"Eden Gardens, Kolkata",2,12.6,Bangladesh,Netherlands,Shakib Al Hasan,Mehedi Hasan Miraz,CN Ackermann,1,0,,,,,,,,,
1384419,2023/24,2023-10-28,"Eden Gardens, Kolkata",2,13.1,Bangladesh,Netherlands,Shakib Al Hasan,Mehedi Hasan Miraz,PA van Meekeren,0,0,,,,,,,,,
1384419,2023/24,2023-10-28,"Eden Gardens, Kolkata",2,13.2,Bangladesh,Netherlands,Shakib Al Hasan,Mehedi Hasan Miraz,PA van Meekeren,1,0,,,,,,,,,
1384419,2023/24,2023-10-28,"Eden Gardens, Kolkata",2,13.3,Bangladesh,Netherlands,Mehedi Hasan Miraz,Shakib Al Hasan,PA van Meekeren,1,0,,,,,,,,,
1384419,2023/24,2023-10-28,"Eden Gardens, Kolkata",2,13.4,Bangladesh,Netherlands,Shakib Al Hasan,Mehedi Hasan Miraz,PA van Meekeren,0,0,,,,,,,,,
1384419,2023/24,2023-10-28,"Eden Gardens, Kolkata",2,13.5,Bangladesh,Netherlands,Shakib Al Hasan,Mehedi Hasan Miraz,PA van Meekeren,0,0,,,,,,,,,
1384419,2023/24,2023-10-28,"Eden Gardens, Kolkata",2,13.6,Bangladesh,Netherlands,Shakib Al Hasan,Mehedi Hasan Miraz,PA van Meekeren,1,0,,,,,,,,,
1384419,2023/24,2023-10-28,"Eden Gardens, Kolkata",2,14.1,Bangladesh,Netherlands,Shakib Al Hasan,Mehedi Hasan Miraz,CN Ackermann,0,0,,,,,,,,,
1384419,2023/24,2023-10-28,"Eden Gardens, Kolkata",2,14.2,Bangladesh,Netherlands,Shakib Al Hasan,Mehedi Hasan Miraz,CN Ackermann,0,0,,,,,,,,,
1384419,2023/24,2023-10-28,"Eden Gardens, Kolkata",2,14.3,Bangladesh,Netherlands,Shakib Al Hasan,Mehedi Hasan Miraz,CN Ackermann,1,0,,,,,,,,,
1384419,2023/24,2023-10-28,"Eden Gardens, Kolkata",2,14.4,Bangladesh,Netherlands,Mehedi Hasan Miraz,Shakib Al Hasan,CN Ackermann,0,0,,,,,,,,,
1384419,2023/24,2023-10-28,"Eden Gardens, Kolkata",2,14.5,Bangladesh,Netherlands,Mehedi Hasan Miraz,Shakib Al Hasan,CN Ackermann,0,0,,,,,,,,,
1384419,2023/24,2023-10-28,"Eden Gardens, Kolkata",2,14.6,Bangladesh,Netherlands,Mehedi Hasan Miraz,Shakib Al Hasan,CN Ackermann,0,0,,,,,,,,,
1384419,2023/24,2023-10-28,"Eden Gardens, Kolkata",2,15.1,Bangladesh,Netherlands,Shakib Al Hasan,Mehedi Hasan Miraz,PA van Meekeren,1,0,,,,,,,,,
1384419,2023/24,2023-10-28,"Eden Gardens, Kolkata",2,15.2,Bangladesh,Netherlands,Mehedi Hasan Miraz,Shakib Al Hasan,PA van Meekeren,4,0,,,,,,,,,
1384419,2023/24,2023-10-28,"Eden Gardens, Kolkata",2,15.3,Bangladesh,Netherlands,Mehedi Hasan Miraz,Shakib Al Hasan,PA van Meekeren,2,0,,,,,,,,,
1384419,2023/24,2023-10-28,"Eden Gardens, Kolkata",2,15.4,Bangladesh,Netherlands,Mehedi Hasan Miraz,Shakib Al Hasan,PA van Meekeren,0,0,,,,,,,,,
1384419,2023/24,2023-10-28,"Eden Gardens, Kolkata",2,15.5,Bangladesh,Netherlands,Mehedi Hasan Miraz,Shakib Al Hasan,PA van Meekeren,1,0,,,,,,,,,
1384419,2023/24,2023-10-28,"Eden Gardens, Kolkata",2,15.6,Bangladesh,Netherlands,Shakib Al Hasan,Mehedi Hasan Miraz,PA van Meekeren,0,0,,,,,,caught,Shakib Al Hasan,,
1384419,2023/24,2023-10-28,"Eden Gardens, Kolkata",2,16.1,Bangladesh,Netherlands,Mehedi Hasan Miraz,Mushfiqur Rahim,BFW de Leede,1,0,,,,,,,,,
1384419,2023/24,2023-10-28,"Eden Gardens, Kolkata",2,16.2,Bangladesh,Netherlands,Mushfiqur Rahim,Mehedi Hasan Miraz,BFW de Leede,1,0,,,,,,,,,
1384419,2023/24,2023-10-28,"Eden Gardens, Kolkata",2,16.3,Bangladesh,Netherlands,Mehedi Hasan Miraz,Mushfiqur Rahim,BFW de Leede,4,0,,,,,,,,,
1384419,2023/24,2023-10-28,"Eden Gardens, Kolkata",2,16.4,Bangladesh,Netherlands,Mehedi Hasan Miraz,Mushfiqur Rahim,BFW de Leede,0,0,,,,,,,,,
1384419,2023/24,2023-10-28,"Eden Gardens, Kolkata",2,16.5,Bangladesh,Netherlands,Mehedi Hasan Miraz,Mushfiqur Rahim,BFW de Leede,0,0,,,,,,caught,Mehedi Hasan Miraz,,
1384419,2023/24,2023-10-28,"Eden Gardens, Kolkata",2,16.6,Bangladesh,Netherlands,Mahmudullah,Mushfiqur Rahim,BFW de Leede,0,0,,,,,,,,,
1384419,2023/24,2023-10-28,"Eden Gardens, Kolkata",2,17.1,Bangladesh,Netherlands,Mushfiqur Rahim,Mahmudullah,PA van Meekeren,0,0,,,,,,,,,
1384419,2023/24,2023-10-28,"Eden Gardens, Kolkata",2,17.2,Bangladesh,Netherlands,Mushfiqur Rahim,Mahmudullah,PA van Meekeren,0,1,1,,,,,,,,
1384419,2023/24,2023-10-28,"Eden Gardens, Kolkata",2,17.3,Bangladesh,Netherlands,Mushfiqur Rahim,Mahmudullah,PA van Meekeren,0,0,,,,,,,,,
1384419,2023/24,2023-10-28,"Eden Gardens, Kolkata",2,17.4,Bangladesh,Netherlands,Mushfiqur Rahim,Mahmudullah,PA van Meekeren,0,0,,,,,,,,,
1384419,2023/24,2023-10-28,"Eden Gardens, Kolkata",2,17.5,Bangladesh,Netherlands,Mushfiqur Rahim,Mahmudullah,PA van Meekeren,0,0,,,,,,bowled,Mushfiqur Rahim,,
1384419,2023/24,2023-10-28,"Eden Gardens, Kolkata",2,17.6,Bangladesh,Netherlands,Mahedi Hasan,Mahmudullah,PA van Meekeren,0,0,,,,,,,,,
1384419,2023/24,2023-10-28,"Eden Gardens, Kolkata",2,17.7,Bangladesh,Netherlands,Mahedi Hasan,Mahmudullah,PA van Meekeren,0,0,,,,,,,,,
1384419,2023/24,2023-10-28,"Eden Gardens, Kolkata",2,18.1,Bangladesh,Netherlands,Mahmudullah,Mahedi Hasan,BFW de Leede,1,0,,,,,,,,,
1384419,2023/24,2023-10-28,"Eden Gardens, Kolkata",2,18.2,Bangladesh,Netherlands,Mahedi Hasan,Mahmudullah,BFW de Leede,0,0,,,,,,,,,
1384419,2023/24,2023-10-28,"Eden Gardens, Kolkata",2,18.3,Bangladesh,Netherlands,Mahedi Hasan,Mahmudullah,BFW de Leede,0,0,,,,,,,,,
1384419,2023/24,2023-10-28,"Eden Gardens, Kolkata",2,18.4,Bangladesh,Netherlands,Mahedi Hasan,Mahmudullah,BFW de Leede,0,0,,,,,,,,,
1384419,2023/24,2023-10-28,"Eden Gardens, Kolkata",2,18.5,Bangladesh,Netherlands,Mahedi Hasan,Mahmudullah,BFW de Leede,0,0,,,,,,,,,
1384419,2023/24,2023-10-28,"Eden Gardens, Kolkata",2,18.6,Bangladesh,Netherlands,Mahedi Hasan,Mahmudullah,BFW de Leede,0,0,,,,,,,,,
1384419,2023/24,2023-10-28,"Eden Gardens, Kolkata",2,19.1,Bangladesh,Netherlands,Mahmudullah,Mahedi Hasan,PA van Meekeren,0,0,,,,,,,,,
1384419,2023/24,2023-10-28,"Eden Gardens, Kolkata",2,19.2,Bangladesh,Netherlands,Mahmudullah,Mahedi Hasan,PA van Meekeren,0,0,,,,,,,,,
1384419,2023/24,2023-10-28,"Eden Gardens, Kolkata",2,19.3,Bangladesh,Netherlands,Mahmudullah,Mahedi Hasan,PA van Meekeren,0,0,,,,,,,,,
1384419,2023/24,2023-10-28,"Eden Gardens, Kolkata",2,19.4,Bangladesh,Netherlands,Mahmudullah,Mahedi Hasan,PA van Meekeren,0,0,,,,,,,,,
1384419,2023/24,2023-10-28,"Eden Gardens, Kolkata",2,19.5,Bangladesh,Netherlands,Mahmudullah,Mahedi Hasan,PA van Meekeren,1,0,,,,,,,,,
1384419,2023/24,2023-10-28,"Eden Gardens, Kolkata",2,19.6,Bangladesh,Netherlands,Mahedi Hasan,Mahmudullah,PA van Meekeren,0,0,,,,,,,,,
1384419,2023/24,2023-10-28,"Eden Gardens, Kolkata",2,20.1,Bangladesh,Netherlands,Mahmudullah,Mahedi Hasan,BFW de Leede,0,0,,,,,,,,,
1384419,2023/24,2023-10-28,"Eden Gardens, Kolkata",2,20.2,Bangladesh,Netherlands,Mahmudullah,Mahedi Hasan,BFW de Leede,0,0,,,,,,,,,
1384419,2023/24,2023-10-28,"Eden Gardens, Kolkata",2,20.3,Bangladesh,Netherlands,Mahmudullah,Mahedi Hasan,BFW de Leede,1,0,,,,,,,,,
1384419,2023/24,2023-10-28,"Eden Gardens, Kolkata",2,20.4,Bangladesh,Netherlands,Mahedi Hasan,Mahmudullah,BFW de Leede,1,0,,,,,,,,,
1384419,2023/24,2023-10-28,"Eden Gardens, Kolkata",2,20.5,Bangladesh,Netherlands,Mahmudullah,Mahedi Hasan,BFW de Leede,4,0,,,,,,,,,
1384419,2023/24,2023-10-28,"Eden Gardens, Kolkata",2,20.6,Bangladesh,Netherlands,Mahmudullah,Mahedi Hasan,BFW de Leede,0,0,,,,,,,,,
1384419,2023/24,2023-10-28,"Eden Gardens, Kolkata",2,21.1,Bangladesh,Netherlands,Mahedi Hasan,Mahmudullah,A Dutt,0,0,,,,,,,,,
1384419,2023/24,2023-10-28,"Eden Gardens, Kolkata",2,21.2,Bangladesh,Netherlands,Mahedi Hasan,Mahmudullah,A Dutt,1,0,,,,,,,,,
1384419,2023/24,2023-10-28,"Eden Gardens, Kolkata",2,21.3,Bangladesh,Netherlands,Mahmudullah,Mahedi Hasan,A Dutt,0,0,,,,,,,,,
1384419,2023/24,2023-10-28,"Eden Gardens, Kolkata",2,21.4,Bangladesh,Netherlands,Mahmudullah,Mahedi Hasan,A Dutt,0,0,,,,,,,,,
1384419,2023/24,2023-10-28,"Eden Gardens, Kolkata",2,21.5,Bangladesh,Netherlands,Mahmudullah,Mahedi Hasan,A Dutt,0,0,,,,,,,,,
1384419,2023/24,2023-10-28,"Eden Gardens, Kolkata",2,21.6,Bangladesh,Netherlands,Mahmudullah,Mahedi Hasan,A Dutt,1,0,,,,,,,,,
1384419,2023/24,2023-10-28,"Eden Gardens, Kolkata",2,22.1,Bangladesh,Netherlands,Mahmudullah,Mahedi Hasan,BFW de Leede,1,0,,,,,,,,,
1384419,2023/24,2023-10-28,"Eden Gardens, Kolkata",2,22.2,Bangladesh,Netherlands,Mahedi Hasan,Mahmudullah,BFW de Leede,0,0,,,,,,,,,
1384419,2023/24,2023-10-28,"Eden Gardens, Kolkata",2,22.3,Bangladesh,Netherlands,Mahedi Hasan,Mahmudullah,BFW de Leede,0,0,,,,,,,,,
1384419,2023/24,2023-10-28,"Eden Gardens, Kolkata",2,22.4,Bangladesh,Netherlands,Mahedi Hasan,Mahmudullah,BFW de Leede,0,0,,,,,,,,,
1384419,2023/24,2023-10-28,"Eden Gardens, Kolkata",2,22.5,Bangladesh,Netherlands,Mahedi Hasan,Mahmudullah,BFW de Leede,0,0,,,,,,,,,
1384419,2023/24,2023-10-28,"Eden Gardens, Kolkata",2,22.6,Bangladesh,Netherlands,Mahedi Hasan,Mahmudullah,BFW de Leede,0,0,,,,,,,,,
1384419,2023/24,2023-10-28,"Eden Gardens, Kolkata",2,23.1,Bangladesh,Netherlands,Mahmudullah,Mahedi Hasan,A Dutt,0,0,,,,,,,,,
1384419,2023/24,2023-10-28,"Eden Gardens, Kolkata",2,23.2,Bangladesh,Netherlands,Mahmudullah,Mahedi Hasan,A Dutt,0,0,,,,,,,,,
1384419,2023/24,2023-10-28,"Eden Gardens, Kolkata",2,23.3,Bangladesh,Netherlands,Mahmudullah,Mahedi Hasan,A Dutt,0,0,,,,,,,,,
1384419,2023/24,2023-10-28,"Eden Gardens, Kolkata",2,23.4,Bangladesh,Netherlands,Mahmudullah,Mahedi Hasan,A Dutt,1,0,,,,,,,,,
1384419,2023/24,2023-10-28,"Eden Gardens, Kolkata",2,23.5,Bangladesh,Netherlands,Mahedi Hasan,Mahmudullah,A Dutt,0,0,,,,,,,,,
1384419,2023/24,2023-10-28,"Eden Gardens, Kolkata",2,23.6,Bangladesh,Netherlands,Mahedi Hasan,Mahmudullah,A Dutt,1,0,,,,,,,,,
1384419,2023/24,2023-10-28,"Eden Gardens, Kolkata",2,24.1,Bangladesh,Netherlands,Mahedi Hasan,Mahmudullah,LV van Beek,0,0,,,,,,,,,
1384419,2023/24,2023-10-28,"Eden Gardens, Kolkata",2,24.2,Bangladesh,Netherlands,Mahedi Hasan,Mahmudullah,LV van Beek,1,0,,,,,,,,,
1384419,2023/24,2023-10-28,"Eden Gardens, Kolkata",2,24.3,Bangladesh,Netherlands,Mahmudullah,Mahedi Hasan,LV van Beek,0,0,,,,,,,,,
1384419,2023/24,2023-10-28,"Eden Gardens, Kolkata",2,24.4,Bangladesh,Netherlands,Mahmudullah,Mahedi Hasan,LV van Beek,1,0,,,,,,,,,
1384419,2023/24,2023-10-28,"Eden Gardens, Kolkata",2,24.5,Bangladesh,Netherlands,Mahedi Hasan,Mahmudullah,LV van Beek,2,0,,,,,,,,,
1384419,2023/24,2023-10-28,"Eden Gardens, Kolkata",2,24.6,Bangladesh,Netherlands,Mahedi Hasan,Mahmudullah,LV van Beek,0,0,,,,,,,,,
1384419,2023/24,2023-10-28,"Eden Gardens, Kolkata",2,25.1,Bangladesh,Netherlands,Mahmudullah,Mahedi Hasan,Shariz Ahmad,4,0,,,,,,,,,
1384419,2023/24,2023-10-28,"Eden Gardens, Kolkata",2,25.2,Bangladesh,Netherlands,Mahmudullah,Mahedi Hasan,Shariz Ahmad,0,0,,,,,,,,,
1384419,2023/24,2023-10-28,"Eden Gardens, Kolkata",2,25.3,Bangladesh,Netherlands,Mahmudullah,Mahedi Hasan,Shariz Ahmad,1,0,,,,,,,,,
1384419,2023/24,2023-10-28,"Eden Gardens, Kolkata",2,25.4,Bangladesh,Netherlands,Mahedi Hasan,Mahmudullah,Shariz Ahmad,0,0,,,,,,,,,
1384419,2023/24,2023-10-28,"Eden Gardens, Kolkata",2,25.5,Bangladesh,Netherlands,Mahedi Hasan,Mahmudullah,Shariz Ahmad,0,0,,,,,,,,,
1384419,2023/24,2023-10-28,"Eden Gardens, Kolkata",2,25.6,Bangladesh,Netherlands,Mahedi Hasan,Mahmudullah,Shariz Ahmad,1,0,,,,,,,,,
1384419,2023/24,2023-10-28,"Eden Gardens, Kolkata",2,26.1,Bangladesh,Netherlands,Mahedi Hasan,Mahmudullah,LV van Beek,0,1,1,,,,,,,,
1384419,2023/24,2023-10-28,"Eden Gardens, Kolkata",2,26.2,Bangladesh,Netherlands,Mahedi Hasan,Mahmudullah,LV van Beek,0,0,,,,,,,,,
1384419,2023/24,2023-10-28,"Eden Gardens, Kolkata",2,26.3,Bangladesh,Netherlands,Mahedi Hasan,Mahmudullah,LV van Beek,1,0,,,,,,,,,
1384419,2023/24,2023-10-28,"Eden Gardens, Kolkata",2,26.4,Bangladesh,Netherlands,Mahmudullah,Mahedi Hasan,LV van Beek,0,0,,,,,,,,,
1384419,2023/24,2023-10-28,"Eden Gardens, Kolkata",2,26.5,Bangladesh,Netherlands,Mahmudullah,Mahedi Hasan,LV van Beek,0,0,,,,,,,,,
1384419,2023/24,2023-10-28,"Eden Gardens, Kolkata",2,26.6,Bangladesh,Netherlands,Mahmudullah,Mahedi Hasan,LV van Beek,0,0,,,,,,,,,
1384419,2023/24,2023-10-28,"Eden Gardens, Kolkata",2,26.7,Bangladesh,Netherlands,Mahmudullah,Mahedi Hasan,LV van Beek,0,0,,,,,,,,,
1384419,2023/24,2023-10-28,"Eden Gardens, Kolkata",2,27.1,Bangladesh,Netherlands,Mahedi Hasan,Mahmudullah,Shariz Ahmad,0,0,,,,,,,,,
1384419,2023/24,2023-10-28,"Eden Gardens, Kolkata",2,27.2,Bangladesh,Netherlands,Mahedi Hasan,Mahmudullah,Shariz Ahmad,4,0,,,,,,,,,
1384419,2023/24,2023-10-28,"Eden Gardens, Kolkata",2,27.3,Bangladesh,Netherlands,Mahedi Hasan,Mahmudullah,Shariz Ahmad,1,0,,,,,,,,,
1384419,2023/24,2023-10-28,"Eden Gardens, Kolkata",2,27.4,Bangladesh,Netherlands,Mahmudullah,Mahedi Hasan,Shariz Ahmad,1,0,,,,,,,,,
1384419,2023/24,2023-10-28,"Eden Gardens, Kolkata",2,27.5,Bangladesh,Netherlands,Mahedi Hasan,Mahmudullah,Shariz Ahmad,1,0,,,,,,,,,
1384419,2023/24,2023-10-28,"Eden Gardens, Kolkata",2,27.6,Bangladesh,Netherlands,Mahmudullah,Mahedi Hasan,Shariz Ahmad,0,0,,,,,,,,,
1384419,2023/24,2023-10-28,"Eden Gardens, Kolkata",2,28.1,Bangladesh,Netherlands,Mahedi Hasan,Mahmudullah,PA van Meekeren,0,0,,,,,,,,,
1384419,2023/24,2023-10-28,"Eden Gardens, Kolkata",2,28.2,Bangladesh,Netherlands,Mahedi Hasan,Mahmudullah,PA van Meekeren,1,0,,,,,,,,,
1384419,2023/24,2023-10-28,"Eden Gardens, Kolkata",2,28.3,Bangladesh,Netherlands,Mahmudullah,Mahedi Hasan,PA van Meekeren,1,0,,,,,,,,,
1384419,2023/24,2023-10-28,"Eden Gardens, Kolkata",2,28.4,Bangladesh,Netherlands,Mahedi Hasan,Mahmudullah,PA van Meekeren,0,0,,,,,,,,,
1384419,2023/24,2023-10-28,"Eden Gardens, Kolkata",2,28.5,Bangladesh,Netherlands,Mahedi Hasan,Mahmudullah,PA van Meekeren,0,1,1,,,,,,,,
1384419,2023/24,2023-10-28,"Eden Gardens, Kolkata",2,28.6,Bangladesh,Netherlands,Mahedi Hasan,Mahmudullah,PA van Meekeren,1,0,,,,,,,,,
1384419,2023/24,2023-10-28,"Eden Gardens, Kolkata",2,28.7,Bangladesh,Netherlands,Mahmudullah,Mahedi Hasan,PA van Meekeren,0,0,,,,,,,,,
1384419,2023/24,2023-10-28,"Eden Gardens, Kolkata",2,29.1,Bangladesh,Netherlands,Mahedi Hasan,Mahmudullah,CN Ackermann,0,0,,,,,,,,,
1384419,2023/24,2023-10-28,"Eden Gardens, Kolkata",2,29.2,Bangladesh,Netherlands,Mahedi Hasan,Mahmudullah,CN Ackermann,1,0,,,,,,,,,
1384419,2023/24,2023-10-28,"Eden Gardens, Kolkata",2,29.3,Bangladesh,Netherlands,Mahmudullah,Mahedi Hasan,CN Ackermann,1,0,,,,,,,,,
1384419,2023/24,2023-10-28,"Eden Gardens, Kolkata",2,29.4,Bangladesh,Netherlands,Mahedi Hasan,Mahmudullah,CN Ackermann,0,0,,,,,,run out,Mahedi Hasan,,
1384419,2023/24,2023-10-28,"Eden Gardens, Kolkata",2,29.5,Bangladesh,Netherlands,Mahmudullah,Taskin Ahmed,CN Ackermann,1,0,,,,,,,,,
1384419,2023/24,2023-10-28,"Eden Gardens, Kolkata",2,29.6,Bangladesh,Netherlands,Taskin Ahmed,Mahmudullah,CN Ackermann,1,0,,,,,,,,,
1384419,2023/24,2023-10-28,"Eden Gardens, Kolkata",2,30.1,Bangladesh,Netherlands,Taskin Ahmed,Mahmudullah,PA van Meekeren,0,0,,,,,,,,,
1384419,2023/24,2023-10-28,"Eden Gardens, Kolkata",2,30.2,Bangladesh,Netherlands,Taskin Ahmed,Mahmudullah,PA van Meekeren,0,0,,,,,,,,,
1384419,2023/24,2023-10-28,"Eden Gardens, Kolkata",2,30.3,Bangladesh,Netherlands,Taskin Ahmed,Mahmudullah,PA van Meekeren,0,0,,,,,,,,,
1384419,2023/24,2023-10-28,"Eden Gardens, Kolkata",2,30.4,Bangladesh,Netherlands,Taskin Ahmed,Mahmudullah,PA van Meekeren,1,0,,,,,,,,,
1384419,2023/24,2023-10-28,"Eden Gardens, Kolkata",2,30.5,Bangladesh,Netherlands,Mahmudullah,Taskin Ahmed,PA van Meekeren,0,0,,,,,,,,,
1384419,2023/24,2023-10-28,"Eden Gardens, Kolkata",2,30.6,Bangladesh,Netherlands,Mahmudullah,Taskin Ahmed,PA van Meekeren,0,0,,,,,,,,,
1384419,2023/24,2023-10-28,"Eden Gardens, Kolkata",2,31.1,Bangladesh,Netherlands,Taskin Ahmed,Mahmudullah,CN Ackermann,0,0,,,,,,,,,
1384419,2023/24,2023-10-28,"Eden Gardens, Kolkata",2,31.2,Bangladesh,Netherlands,Taskin Ahmed,Mahmudullah,CN Ackermann,2,0,,,,,,,,,
1384419,2023/24,2023-10-28,"Eden Gardens, Kolkata",2,31.3,Bangladesh,Netherlands,Taskin Ahmed,Mahmudullah,CN Ackermann,0,0,,,,,,,,,
1384419,2023/24,2023-10-28,"Eden Gardens, Kolkata",2,31.4,Bangladesh,Netherlands,Taskin Ahmed,Mahmudullah,CN Ackermann,0,0,,,,,,,,,
1384419,2023/24,2023-10-28,"Eden Gardens, Kolkata",2,31.5,Bangladesh,Netherlands,Taskin Ahmed,Mahmudullah,CN Ackermann,0,0,,,,,,,,,
1384419,2023/24,2023-10-28,"Eden Gardens, Kolkata",2,31.6,Bangladesh,Netherlands,Taskin Ahmed,Mahmudullah,CN Ackermann,0,0,,,,,,,,,
1384419,2023/24,2023-10-28,"Eden Gardens, Kolkata",2,32.1,Bangladesh,Netherlands,Mahmudullah,Taskin Ahmed,BFW de Leede,0,0,,,,,,,,,
1384419,2023/24,2023-10-28,"Eden Gardens, Kolkata",2,32.2,Bangladesh,Netherlands,Mahmudullah,Taskin Ahmed,BFW de Leede,0,0,,,,,,,,,
1384419,2023/24,2023-10-28,"Eden Gardens, Kolkata",2,32.3,Bangladesh,Netherlands,Mahmudullah,Taskin Ahmed,BFW de Leede,0,0,,,,,,caught,Mahmudullah,,
1384419,2023/24,2023-10-28,"Eden Gardens, Kolkata",2,32.4,Bangladesh,Netherlands,Mustafizur Rahman,Taskin Ahmed,BFW de Leede,0,0,,,,,,,,,
1384419,2023/24,2023-10-28,"Eden Gardens, Kolkata",2,32.5,Bangladesh,Netherlands,Mustafizur Rahman,Taskin Ahmed,BFW de Leede,0,0,,,,,,,,,
1384419,2023/24,2023-10-28,"Eden Gardens, Kolkata",2,32.6,Bangladesh,Netherlands,Mustafizur Rahman,Taskin Ahmed,BFW de Leede,1,0,,,,,,,,,
1384419,2023/24,2023-10-28,"Eden Gardens, Kolkata",2,33.1,Bangladesh,Netherlands,Mustafizur Rahman,Taskin Ahmed,A Dutt,0,0,,,,,,,,,
1384419,2023/24,2023-10-28,"Eden Gardens, Kolkata",2,33.2,Bangladesh,Netherlands,Mustafizur Rahman,Taskin Ahmed,A Dutt,0,0,,,,,,,,,
1384419,2023/24,2023-10-28,"Eden Gardens, Kolkata",2,33.3,Bangladesh,Netherlands,Mustafizur Rahman,Taskin Ahmed,A Dutt,0,0,,,,,,,,,
1384419,2023/24,2023-10-28,"Eden Gardens, Kolkata",2,33.4,Bangladesh,Netherlands,Mustafizur Rahman,Taskin Ahmed,A Dutt,0,0,,,,,,,,,
1384419,2023/24,2023-10-28,"Eden Gardens, Kolkata",2,33.5,Bangladesh,Netherlands,Mustafizur Rahman,Taskin Ahmed,A Dutt,1,0,,,,,,,,,
1384419,2023/24,2023-10-28,"Eden Gardens, Kolkata",2,33.6,Bangladesh,Netherlands,Taskin Ahmed,Mustafizur Rahman,A Dutt,0,0,,,,,,,,,
1384419,2023/24,2023-10-28,"Eden Gardens, Kolkata",2,34.1,Bangladesh,Netherlands,Mustafizur Rahman,Taskin Ahmed,BFW de Leede,0,0,,,,,,,,,
1384419,2023/24,2023-10-28,"Eden Gardens, Kolkata",2,34.2,Bangladesh,Netherlands,Mustafizur Rahman,Taskin Ahmed,BFW de Leede,0,0,,,,,,,,,
1384419,2023/24,2023-10-28,"Eden Gardens, Kolkata",2,34.3,Bangladesh,Netherlands,Mustafizur Rahman,Taskin Ahmed,BFW de Leede,0,0,,,,,,,,,
1384419,2023/24,2023-10-28,"Eden Gardens, Kolkata",2,34.4,Bangladesh,Netherlands,Mustafizur Rahman,Taskin Ahmed,BFW de Leede,2,0,,,,,,,,,
1384419,2023/24,2023-10-28,"Eden Gardens, Kolkata",2,34.5,Bangladesh,Netherlands,Mustafizur Rahman,Taskin Ahmed,BFW de Leede,4,0,,,,,,,,,
1384419,2023/24,2023-10-28,"Eden Gardens, Kolkata",2,34.6,Bangladesh,Netherlands,Mustafizur Rahman,Taskin Ahmed,BFW de Leede,0,0,,,,,,,,,
1384419,2023/24,2023-10-28,"Eden Gardens, Kolkata",2,35.1,Bangladesh,Netherlands,Taskin Ahmed,Mustafizur Rahman,A Dutt,0,0,,,,,,,,,
1384419,2023/24,2023-10-28,"Eden Gardens, Kolkata",2,35.2,Bangladesh,Netherlands,Taskin Ahmed,Mustafizur Rahman,A Dutt,0,0,,,,,,,,,
1384419,2023/24,2023-10-28,"Eden Gardens, Kolkata",2,35.3,Bangladesh,Netherlands,Taskin Ahmed,Mustafizur Rahman,A Dutt,0,0,,,,,,,,,
1384419,2023/24,2023-10-28,"Eden Gardens, Kolkata",2,35.4,Bangladesh,Netherlands,Taskin Ahmed,Mustafizur Rahman,A Dutt,0,0,,,,,,,,,
1384419,2023/24,2023-10-28,"Eden Gardens, Kolkata",2,35.5,Bangladesh,Netherlands,Taskin Ahmed,Mustafizur Rahman,A Dutt,0,0,,,,,,,,,
1384419,2023/24,2023-10-28,"Eden Gardens, Kolkata",2,35.6,Bangladesh,Netherlands,Taskin Ahmed,Mustafizur Rahman,A Dutt,0,0,,,,,,,,,
1384419,2023/24,2023-10-28,"Eden Gardens, Kolkata",2,36.1,Bangladesh,Netherlands,Mustafizur Rahman,Taskin Ahmed,BFW de Leede,0,0,,,,,,,,,
1384419,2023/24,2023-10-28,"Eden Gardens, Kolkata",2,36.2,Bangladesh,Netherlands,Mustafizur Rahman,Taskin Ahmed,BFW de Leede,0,0,,,,,,,,,
1384419,2023/24,2023-10-28,"Eden Gardens, Kolkata",2,36.3,Bangladesh,Netherlands,Mustafizur Rahman,Taskin Ahmed,BFW de Leede,4,0,,,,,,,,,
1384419,2023/24,2023-10-28,"Eden Gardens, Kolkata",2,36.4,Bangladesh,Netherlands,Mustafizur Rahman,Taskin Ahmed,BFW de Leede,0,0,,,,,,,,,
1384419,2023/24,2023-10-28,"Eden Gardens, Kolkata",2,36.5,Bangladesh,Netherlands,Mustafizur Rahman,Taskin Ahmed,BFW de Leede,0,0,,,,,,,,,
1384419,2023/24,2023-10-28,"Eden Gardens, Kolkata",2,36.6,Bangladesh,Netherlands,Mustafizur Rahman,Taskin Ahmed,BFW de Leede,0,0,,,,,,,,,
1384419,2023/24,2023-10-28,"Eden Gardens, Kolkata",2,37.1,Bangladesh,Netherlands,Taskin Ahmed,Mustafizur Rahman,A Dutt,0,0,,,,,,,,,
1384419,2023/24,2023-10-28,"Eden Gardens, Kolkata",2,37.2,Bangladesh,Netherlands,Taskin Ahmed,Mustafizur Rahman,A Dutt,0,0,,,,,,,,,
1384419,2023/24,2023-10-28,"Eden Gardens, Kolkata",2,37.3,Bangladesh,Netherlands,Taskin Ahmed,Mustafizur Rahman,A Dutt,0,0,,,,,,,,,
1384419,2023/24,2023-10-28,"Eden Gardens, Kolkata",2,37.4,Bangladesh,Netherlands,Taskin Ahmed,Mustafizur Rahman,A Dutt,1,0,,,,,,,,,
1384419,2023/24,2023-10-28,"Eden Gardens, Kolkata",2,37.5,Bangladesh,Netherlands,Mustafizur Rahman,Taskin Ahmed,A Dutt,0,0,,,,,,,,,
1384419,2023/24,2023-10-28,"Eden Gardens, Kolkata",2,37.6,Bangladesh,Netherlands,Mustafizur Rahman,Taskin Ahmed,A Dutt,0,0,,,,,,,,,
1384419,2023/24,2023-10-28,"Eden Gardens, Kolkata",2,38.1,Bangladesh,Netherlands,Taskin Ahmed,Mustafizur Rahman,LV van Beek,0,0,,,,,,,,,
1384419,2023/24,2023-10-28,"Eden Gardens, Kolkata",2,38.2,Bangladesh,Netherlands,Taskin Ahmed,Mustafizur Rahman,LV van Beek,0,0,,,,,,,,,
1384419,2023/24,2023-10-28,"Eden Gardens, Kolkata",2,38.3,Bangladesh,Netherlands,Taskin Ahmed,Mustafizur Rahman,LV van Beek,2,0,,,,,,,,,
1384419,2023/24,2023-10-28,"Eden Gardens, Kolkata",2,38.4,Bangladesh,Netherlands,Taskin Ahmed,Mustafizur Rahman,LV van Beek,0,0,,,,,,,,,
1384419,2023/24,2023-10-28,"Eden Gardens, Kolkata",2,38.5,Bangladesh,Netherlands,Taskin Ahmed,Mustafizur Rahman,LV van Beek,0,1,1,,,,,,,,
1384419,2023/24,2023-10-28,"Eden Gardens, Kolkata",2,38.6,Bangladesh,Netherlands,Taskin Ahmed,Mustafizur Rahman,LV van Beek,0,0,,,,,,,,,
1384419,2023/24,2023-10-28,"Eden Gardens, Kolkata",2,38.7,Bangladesh,Netherlands,Taskin Ahmed,Mustafizur Rahman,LV van Beek,0,0,,,,,,,,,
1384419,2023/24,2023-10-28,"Eden Gardens, Kolkata",2,39.1,Bangladesh,Netherlands,Mustafizur Rahman,Taskin Ahmed,CN Ackermann,0,0,,,,,,,,,
1384419,2023/24,2023-10-28,"Eden Gardens, Kolkata",2,39.2,Bangladesh,Netherlands,Mustafizur Rahman,Taskin Ahmed,CN Ackermann,6,0,,,,,,,,,
1384419,2023/24,2023-10-28,"Eden Gardens, Kolkata",2,39.3,Bangladesh,Netherlands,Mustafizur Rahman,Taskin Ahmed,CN Ackermann,1,0,,,,,,,,,
1384419,2023/24,2023-10-28,"Eden Gardens, Kolkata",2,39.4,Bangladesh,Netherlands,Taskin Ahmed,Mustafizur Rahman,CN Ackermann,0,0,,,,,,,,,
1384419,2023/24,2023-10-28,"Eden Gardens, Kolkata",2,39.5,Bangladesh,Netherlands,Taskin Ahmed,Mustafizur Rahman,CN Ackermann,4,0,,,,,,,,,
1384419,2023/24,2023-10-28,"Eden Gardens, Kolkata",2,39.6,Bangladesh,Netherlands,Taskin Ahmed,Mustafizur Rahman,CN Ackermann,0,0,,,,,,,,,
1384419,2023/24,2023-10-28,"Eden Gardens, Kolkata",2,40.1,Bangladesh,Netherlands,Mustafizur Rahman,Taskin Ahmed,LV van Beek,0,0,,,,,,,,,
1384419,2023/24,2023-10-28,"Eden Gardens, Kolkata",2,40.2,Bangladesh,Netherlands,Mustafizur Rahman,Taskin Ahmed,LV van Beek,0,1,1,,,,,,,,
1384419,2023/24,2023-10-28,"Eden Gardens, Kolkata",2,40.3,Bangladesh,Netherlands,Mustafizur Rahman,Taskin Ahmed,LV van Beek,0,0,,,,,,,,,
1384419,2023/24,2023-10-28,"Eden Gardens, Kolkata",2,40.4,Bangladesh,Netherlands,Mustafizur Rahman,Taskin Ahmed,LV van Beek,0,0,,,,,,,,,
1384419,2023/24,2023-10-28,"Eden Gardens, Kolkata",2,40.5,Bangladesh,Netherlands,Mustafizur Rahman,Taskin Ahmed,LV van Beek,1,0,,,,,,,,,
1384419,2023/24,2023-10-28,"Eden Gardens, Kolkata",2,40.6,Bangladesh,Netherlands,Taskin Ahmed,Mustafizur Rahman,LV van Beek,0,0,,,,,,,,,
1384419,2023/24,2023-10-28,"Eden Gardens, Kolkata",2,40.7,Bangladesh,Netherlands,Taskin Ahmed,Mustafizur Rahman,LV van Beek,0,0,,,,,,,,,
1384419,2023/24,2023-10-28,"Eden Gardens, Kolkata",2,41.1,Bangladesh,Netherlands,Mustafizur Rahman,Taskin Ahmed,CN Ackermann,0,0,,,,,,,,,
1384419,2023/24,2023-10-28,"Eden Gardens, Kolkata",2,41.2,Bangladesh,Netherlands,Mustafizur Rahman,Taskin Ahmed,CN Ackermann,0,0,,,,,,,,,
1384419,2023/24,2023-10-28,"Eden Gardens, Kolkata",2,41.3,Bangladesh,Netherlands,Mustafizur Rahman,Taskin Ahmed,CN Ackermann,0,0,,,,,,,,,
1384419,2023/24,2023-10-28,"Eden Gardens, Kolkata",2,41.4,Bangladesh,Netherlands,Mustafizur Rahman,Taskin Ahmed,CN Ackermann,0,0,,,,,,,,,
1384419,2023/24,2023-10-28,"Eden Gardens, Kolkata",2,41.5,Bangladesh,Netherlands,Mustafizur Rahman,Taskin Ahmed,CN Ackermann,0,0,,,,,,,,,
1384419,2023/24,2023-10-28,"Eden Gardens, Kolkata",2,41.6,Bangladesh,Netherlands,Mustafizur Rahman,Taskin Ahmed,CN Ackermann,0,0,,,,,,bowled,Mustafizur Rahman,,
1384419,2023/24,2023-10-28,"Eden Gardens, Kolkata",2,42.1,Bangladesh,Netherlands,Taskin Ahmed,Shoriful Islam,PA van Meekeren,0,0,,,,,,,,,
1384419,2023/24,2023-10-28,"Eden Gardens, Kolkata",2,42.2,Bangladesh,Netherlands,Taskin Ahmed,Shoriful Islam,PA van Meekeren,0,0,,,,,,caught,Taskin Ahmed,,
