match_id,season,start_date,venue,innings,ball,batting_team,bowling_team,striker,non_striker,bowler,runs_off_bat,extras,wides,noballs,byes,legbyes,penalty,wicket_type,player_dismissed,other_wicket_type,other_player_dismissed
1384416,2023/24,2023-10-26,"M Chinnaswamy Stadium, Bengaluru",1,0.1,England,Sri Lanka,JM Bairstow,DJ Malan,D Madushanka,3,0,,,,,,,,,
1384416,2023/24,2023-10-26,"M Chinnaswamy Stadium, Bengaluru",1,0.2,England,Sri Lanka,DJ Malan,JM Bairstow,D Madushanka,0,0,,,,,,,,,
1384416,2023/24,2023-10-26,"M Chinnaswamy Stadium, Bengaluru",1,0.3,England,Sri Lanka,DJ Malan,JM Bairstow,D Madushanka,0,0,,,,,,,,,
1384416,2023/24,2023-10-26,"M Chinnaswamy Stadium, Bengaluru",1,0.4,England,Sri Lanka,DJ Malan,JM Bairstow,D Madushanka,0,0,,,,,,,,,
1384416,2023/24,2023-10-26,"M Chinnaswamy Stadium, Bengaluru",1,0.5,England,Sri Lanka,DJ Malan,JM Bairstow,D Madushanka,0,0,,,,,,,,,
1384416,2023/24,2023-10-26,"M Chinnaswamy Stadium, Bengaluru",1,0.6,England,Sri Lanka,DJ Malan,JM Bairstow,D Madushanka,0,0,,,,,,,,,
1384416,2023/24,2023-10-26,"M Chinnaswamy Stadium, Bengaluru",1,1.1,England,Sri Lanka,JM Bairstow,DJ Malan,CAK Rajitha,0,0,,,,,,,,,
1384416,2023/24,2023-10-26,"M Chinnaswamy Stadium, Bengaluru",1,1.2,England,Sri Lanka,JM Bairstow,DJ Malan,CAK Rajitha,0,0,,,,,,,,,
1384416,2023/24,2023-10-26,"M Chinnaswamy Stadium, Bengaluru",1,1.3,England,Sri Lanka,JM Bairstow,DJ Malan,CAK Rajitha,0,0,,,,,,,,,
1384416,2023/24,2023-10-26,"M Chinnaswamy Stadium, Bengaluru",1,1.4,England,Sri Lanka,JM Bairstow,DJ Malan,CAK Rajitha,4,0,,,,,,,,,
1384416,2023/24,2023-10-26,"M Chinnaswamy Stadium, Bengaluru",1,1.5,England,Sri Lanka,JM Bairstow,DJ Malan,CAK Rajitha,0,0,,,,,,,,,
1384416,2023/24,2023-10-26,"M Chinnaswamy Stadium, Bengaluru",1,1.6,England,Sri Lanka,JM Bairstow,DJ Malan,CAK Rajitha,0,0,,,,,,,,,
1384416,2023/24,2023-10-26,"M Chinnaswamy Stadium, Bengaluru",1,2.1,England,Sri Lanka,DJ Malan,JM Bairstow,D Madushanka,4,0,,,,,,,,,
1384416,2023/24,2023-10-26,"M Chinnaswamy Stadium, Bengaluru",1,2.2,England,Sri Lanka,DJ Malan,JM Bairstow,D Madushanka,0,0,,,,,,,,,
1384416,2023/24,2023-10-26,"M Chinnaswamy Stadium, Bengaluru",1,2.3,England,Sri Lanka,DJ Malan,JM Bairstow,D Madushanka,0,0,,,,,,,,,
1384416,2023/24,2023-10-26,"M Chinnaswamy Stadium, Bengaluru",1,2.4,England,Sri Lanka,DJ Malan,JM Bairstow,D Madushanka,0,0,,,,,,,,,
1384416,2023/24,2023-10-26,"M Chinnaswamy Stadium, Bengaluru",1,2.5,England,Sri Lanka,DJ Malan,JM Bairstow,D Madushanka,0,0,,,,,,,,,
1384416,2023/24,2023-10-26,"M Chinnaswamy Stadium, Bengaluru",1,2.6,England,Sri Lanka,DJ Malan,JM Bairstow,D Madushanka,1,0,,,,,,,,,
1384416,2023/24,2023-10-26,"M Chinnaswamy Stadium, Bengaluru",1,3.1,England,Sri Lanka,DJ Malan,JM Bairstow,CAK Rajitha,2,0,,,,,,,,,
1384416,2023/24,2023-10-26,"M Chinnaswamy Stadium, Bengaluru",1,3.2,England,Sri Lanka,DJ Malan,JM Bairstow,CAK Rajitha,0,0,,,,,,,,,
1384416,2023/24,2023-10-26,"M Chinnaswamy Stadium, Bengaluru",1,3.3,England,Sri Lanka,DJ Malan,JM Bairstow,CAK Rajitha,4,0,,,,,,,,,
1384416,2023/24,2023-10-26,"M Chinnaswamy Stadium, Bengaluru",1,3.4,England,Sri Lanka,DJ Malan,JM Bairstow,CAK Rajitha,4,0,,,,,,,,,
1384416,2023/24,2023-10-26,"M Chinnaswamy Stadium, Bengaluru",1,3.5,England,Sri Lanka,DJ Malan,JM Bairstow,CAK Rajitha,1,0,,,,,,,,,
1384416,2023/24,2023-10-26,"M Chinnaswamy Stadium, Bengaluru",1,3.6,England,Sri Lanka,JM Bairstow,DJ Malan,CAK Rajitha,4,0,,,,,,,,,
1384416,2023/24,2023-10-26,"M Chinnaswamy Stadium, Bengaluru",1,4.1,England,Sri Lanka,DJ Malan,JM Bairstow,D Madushanka,4,0,,,,,,,,,
1384416,2023/24,2023-10-26,"M Chinnaswamy Stadium, Bengaluru",1,4.2,England,Sri Lanka,DJ Malan,JM Bairstow,D Madushanka,0,0,,,,,,,,,
1384416,2023/24,2023-10-26,"M Chinnaswamy Stadium, Bengaluru",1,4.3,England,Sri Lanka,DJ Malan,JM Bairstow,D Madushanka,4,0,,,,,,,,,
1384416,2023/24,2023-10-26,"M Chinnaswamy Stadium, Bengaluru",1,4.4,England,Sri Lanka,DJ Malan,JM Bairstow,D Madushanka,0,0,,,,,,,,,
1384416,2023/24,2023-10-26,"M Chinnaswamy Stadium, Bengaluru",1,4.5,England,Sri Lanka,DJ Malan,JM Bairstow,D Madushanka,0,0,,,,,,,,,
1384416,2023/24,2023-10-26,"M Chinnaswamy Stadium, Bengaluru",1,4.6,England,Sri Lanka,DJ Malan,JM Bairstow,D Madushanka,4,0,,,,,,,,,
1384416,2023/24,2023-10-26,"M Chinnaswamy Stadium, Bengaluru",1,5.1,England,Sri Lanka,JM Bairstow,DJ Malan,M Theekshana,0,0,,,,,,,,,
1384416,2023/24,2023-10-26,"M Chinnaswamy Stadium, Bengaluru",1,5.2,England,Sri Lanka,JM Bairstow,DJ Malan,M Theekshana,0,0,,,,,,,,,
1384416,2023/24,2023-10-26,"M Chinnaswamy Stadium, Bengaluru",1,5.3,England,Sri Lanka,JM Bairstow,DJ Malan,M Theekshana,0,0,,,,,,,,,
1384416,2023/24,2023-10-26,"M Chinnaswamy Stadium, Bengaluru",1,5.4,England,Sri Lanka,JM Bairstow,DJ Malan,M Theekshana,4,0,,,,,,,,,
1384416,2023/24,2023-10-26,"M Chinnaswamy Stadium, Bengaluru",1,5.5,England,Sri Lanka,JM Bairstow,DJ Malan,M Theekshana,1,0,,,,,,,,,
1384416,2023/24,2023-10-26,"M Chinnaswamy Stadium, Bengaluru",1,5.6,England,Sri Lanka,DJ Malan,JM Bairstow,M Theekshana,0,0,,,,,,,,,
1384416,2023/24,2023-10-26,"M Chinnaswamy Stadium, Bengaluru",1,6.1,England,Sri Lanka,JM Bairstow,DJ Malan,AD Mathews,1,0,,,,,,,,,
1384416,2023/24,2023-10-26,"M Chinnaswamy Stadium, Bengaluru",1,6.2,England,Sri Lanka,DJ Malan,JM Bairstow,AD Mathews,0,0,,,,,,,,,
1384416,2023/24,2023-10-26,"M Chinnaswamy Stadium, Bengaluru",1,6.3,England,Sri Lanka,DJ Malan,JM Bairstow,AD Mathews,0,0,,,,,,caught,DJ Malan,,
1384416,2023/24,2023-10-26,"M Chinnaswamy Stadium, Bengaluru",1,6.4,England,Sri Lanka,JE Root,JM Bairstow,AD Mathews,1,0,,,,,,,,,
1384416,2023/24,2023-10-26,"M Chinnaswamy Stadium, Bengaluru",1,6.5,England,Sri Lanka,JM Bairstow,JE Root,AD Mathews,2,0,,,,,,,,,
1384416,2023/24,2023-10-26,"M Chinnaswamy Stadium, Bengaluru",1,6.6,England,Sri Lanka,JM Bairstow,JE Root,AD Mathews,1,0,,,,,,,,,
1384416,2023/24,2023-10-26,"M Chinnaswamy Stadium, Bengaluru",1,7.1,England,Sri Lanka,JM Bairstow,JE Root,M Theekshana,0,0,,,,,,,,,
1384416,2023/24,2023-10-26,"M Chinnaswamy Stadium, Bengaluru",1,7.2,England,Sri Lanka,JM Bairstow,JE Root,M Theekshana,0,0,,,,,,,,,
1384416,2023/24,2023-10-26,"M Chinnaswamy Stadium, Bengaluru",1,7.3,England,Sri Lanka,JM Bairstow,JE Root,M Theekshana,1,0,,,,,,,,,
1384416,2023/24,2023-10-26,"M Chinnaswamy Stadium, Bengaluru",1,7.4,England,Sri Lanka,JE Root,JM Bairstow,M Theekshana,1,0,,,,,,,,,
1384416,2023/24,2023-10-26,"M Chinnaswamy Stadium, Bengaluru",1,7.5,England,Sri Lanka,JM Bairstow,JE Root,M Theekshana,1,0,,,,,,,,,
1384416,2023/24,2023-10-26,"M Chinnaswamy Stadium, Bengaluru",1,7.6,England,Sri Lanka,JE Root,JM Bairstow,M Theekshana,0,0,,,,,,,,,
1384416,2023/24,2023-10-26,"M Chinnaswamy Stadium, Bengaluru",1,8.1,England,Sri Lanka,JM Bairstow,JE Root,AD Mathews,1,0,,,,,,,,,
1384416,2023/24,2023-10-26,"M Chinnaswamy Stadium, Bengaluru",1,8.2,England,Sri Lanka,JE Root,JM Bairstow,AD Mathews,0,0,,,,,,,,,
1384416,2023/24,2023-10-26,"M Chinnaswamy Stadium, Bengaluru",1,8.3,England,Sri Lanka,JE Root,JM Bairstow,AD Mathews,0,0,,,,,,,,,
1384416,2023/24,2023-10-26,"M Chinnaswamy Stadium, Bengaluru",1,8.4,England,Sri Lanka,JE Root,JM Bairstow,AD Mathews,0,0,,,,,,,,,
1384416,2023/24,2023-10-26,"M Chinnaswamy Stadium, Bengaluru",1,8.5,England,Sri Lanka,JE Root,JM Bairstow,AD Mathews,1,0,,,,,,,,,
1384416,2023/24,2023-10-26,"M Chinnaswamy Stadium, Bengaluru",1,8.6,England,Sri Lanka,JM Bairstow,JE Root,AD Mathews,1,0,,,,,,,,,
1384416,2023/24,2023-10-26,"M Chinnaswamy Stadium, Bengaluru",1,9.1,England,Sri Lanka,JM Bairstow,JE Root,M Theekshana,0,1,1,,,,,,,,
1384416,2023/24,2023-10-26,"M Chinnaswamy Stadium, Bengaluru",1,9.2,England,Sri Lanka,JM Bairstow,JE Root,M Theekshana,1,0,,,,,,,,,
1384416,2023/24,2023-10-26,"M Chinnaswamy Stadium, Bengaluru",1,9.3,England,Sri Lanka,JE Root,JM Bairstow,M Theekshana,0,0,,,,,,,,,
1384416,2023/24,2023-10-26,"M Chinnaswamy Stadium, Bengaluru",1,9.4,England,Sri Lanka,JE Root,JM Bairstow,M Theekshana,0,0,,,,,,,,,
1384416,2023/24,2023-10-26,"M Chinnaswamy Stadium, Bengaluru",1,9.5,England,Sri Lanka,JE Root,JM Bairstow,M Theekshana,0,0,,,,,,run out,JE Root,,
1384416,2023/24,2023-10-26,"M Chinnaswamy Stadium, Bengaluru",1,9.6,England,Sri Lanka,BA Stokes,JM Bairstow,M Theekshana,0,0,,,,,,,,,
1384416,2023/24,2023-10-26,"M Chinnaswamy Stadium, Bengaluru",1,9.7,England,Sri Lanka,BA Stokes,JM Bairstow,M Theekshana,0,2,,,,2,,,,,
1384416,2023/24,2023-10-26,"M Chinnaswamy Stadium, Bengaluru",1,10.1,England,Sri Lanka,JM Bairstow,BA Stokes,AD Mathews,1,0,,,,,,,,,
1384416,2023/24,2023-10-26,"M Chinnaswamy Stadium, Bengaluru",1,10.2,England,Sri Lanka,BA Stokes,JM Bairstow,AD Mathews,0,0,,,,,,,,,
1384416,2023/24,2023-10-26,"M Chinnaswamy Stadium, Bengaluru",1,10.3,England,Sri Lanka,BA Stokes,JM Bairstow,AD Mathews,0,0,,,,,,,,,
1384416,2023/24,2023-10-26,"M Chinnaswamy Stadium, Bengaluru",1,10.4,England,Sri Lanka,BA Stokes,JM Bairstow,AD Mathews,0,0,,,,,,,,,
1384416,2023/24,2023-10-26,"M Chinnaswamy Stadium, Bengaluru",1,10.5,England,Sri Lanka,BA Stokes,JM Bairstow,AD Mathews,1,0,,,,,,,,,
1384416,2023/24,2023-10-26,"M Chinnaswamy Stadium, Bengaluru",1,10.6,England,Sri Lanka,JM Bairstow,BA Stokes,AD Mathews,1,0,,,,,,,,,
1384416,2023/24,2023-10-26,"M Chinnaswamy Stadium, Bengaluru",1,11.1,England,Sri Lanka,JM Bairstow,BA Stokes,CAK Rajitha,1,0,,,,,,,,,
1384416,2023/24,2023-10-26,"M Chinnaswamy Stadium, Bengaluru",1,11.2,England,Sri Lanka,BA Stokes,JM Bairstow,CAK Rajitha,0,0,,,,,,,,,
1384416,2023/24,2023-10-26,"M Chinnaswamy Stadium, Bengaluru",1,11.3,England,Sri Lanka,BA Stokes,JM Bairstow,CAK Rajitha,1,0,,,,,,,,,
1384416,2023/24,2023-10-26,"M Chinnaswamy Stadium, Bengaluru",1,11.4,England,Sri Lanka,JM Bairstow,BA Stokes,CAK Rajitha,2,0,,,,,,,,,
1384416,2023/24,2023-10-26,"M Chinnaswamy Stadium, Bengaluru",1,11.5,England,Sri Lanka,JM Bairstow,BA Stokes,CAK Rajitha,0,0,,,,,,,,,
1384416,2023/24,2023-10-26,"M Chinnaswamy Stadium, Bengaluru",1,11.6,England,Sri Lanka,JM Bairstow,BA Stokes,CAK Rajitha,0,0,,,,,,,,,
1384416,2023/24,2023-10-26,"M Chinnaswamy Stadium, Bengaluru",1,12.1,England,Sri Lanka,BA Stokes,JM Bairstow,CBRLS Kumara,0,0,,,,,,,,,
1384416,2023/24,2023-10-26,"M Chinnaswamy Stadium, Bengaluru",1,12.2,England,Sri Lanka,BA Stokes,JM Bairstow,CBRLS Kumara,0,0,,,,,,,,,
1384416,2023/24,2023-10-26,"M Chinnaswamy Stadium, Bengaluru",1,12.3,England,Sri Lanka,BA Stokes,JM Bairstow,CBRLS Kumara,0,0,,,,,,,,,
1384416,2023/24,2023-10-26,"M Chinnaswamy Stadium, Bengaluru",1,12.4,England,Sri Lanka,BA Stokes,JM Bairstow,CBRLS Kumara,2,0,,,,,,,,,
1384416,2023/24,2023-10-26,"M Chinnaswamy Stadium, Bengaluru",1,12.5,England,Sri Lanka,BA Stokes,JM Bairstow,CBRLS Kumara,0,0,,,,,,,,,
1384416,2023/24,2023-10-26,"M Chinnaswamy Stadium, Bengaluru",1,12.6,England,Sri Lanka,BA Stokes,JM Bairstow,CBRLS Kumara,0,0,,,,,,,,,
1384416,2023/24,2023-10-26,"M Chinnaswamy Stadium, Bengaluru",1,13.1,England,Sri Lanka,JM Bairstow,BA Stokes,CAK Rajitha,0,0,,,,,,,,,
1384416,2023/24,2023-10-26,"M Chinnaswamy Stadium, Bengaluru",1,13.2,England,Sri Lanka,JM Bairstow,BA Stokes,CAK Rajitha,0,0,,,,,,caught,JM Bairstow,,
1384416,2023/24,2023-10-26,"M Chinnaswamy Stadium, Bengaluru",1,13.3,England,Sri Lanka,JC Buttler,BA Stokes,CAK Rajitha,0,0,,,,,,,,,
1384416,2023/24,2023-10-26,"M Chinnaswamy Stadium, Bengaluru",1,13.4,England,Sri Lanka,JC Buttler,BA Stokes,CAK Rajitha,2,0,,,,,,,,,
1384416,2023/24,2023-10-26,"M Chinnaswamy Stadium, Bengaluru",1,13.5,England,Sri Lanka,JC Buttler,BA Stokes,CAK Rajitha,1,0,,,,,,,,,
1384416,2023/24,2023-10-26,"M Chinnaswamy Stadium, Bengaluru",1,13.6,England,Sri Lanka,BA Stokes,JC Buttler,CAK Rajitha,0,0,,,,,,,,,
1384416,2023/24,2023-10-26,"M Chinnaswamy Stadium, Bengaluru",1,14.1,England,Sri Lanka,JC Buttler,BA Stokes,CBRLS Kumara,4,0,,,,,,,,,
1384416,2023/24,2023-10-26,"M Chinnaswamy Stadium, Bengaluru",1,14.2,England,Sri Lanka,JC Buttler,BA Stokes,CBRLS Kumara,1,0,,,,,,,,,
1384416,2023/24,2023-10-26,"M Chinnaswamy Stadium, Bengaluru",1,14.3,England,Sri Lanka,BA Stokes,JC Buttler,CBRLS Kumara,0,0,,,,,,,,,
1384416,2023/24,2023-10-26,"M Chinnaswamy Stadium, Bengaluru",1,14.4,England,Sri Lanka,BA Stokes,JC Buttler,CBRLS Kumara,1,0,,,,,,,,,
1384416,2023/24,2023-10-26,"M Chinnaswamy Stadium, Bengaluru",1,14.5,England,Sri Lanka,JC Buttler,BA Stokes,CBRLS Kumara,0,0,,,,,,caught,JC Buttler,,
1384416,2023/24,2023-10-26,"M Chinnaswamy Stadium, Bengaluru",1,14.6,England,Sri Lanka,LS Livingstone,BA Stokes,CBRLS Kumara,0,0,,,,,,,,,
1384416,2023/24,2023-10-26,"M Chinnaswamy Stadium, Bengaluru",1,15.1,England,Sri Lanka,BA Stokes,LS Livingstone,M Theekshana,0,0,,,,,,,,,
1384416,2023/24,2023-10-26,"M Chinnaswamy Stadium, Bengaluru",1,15.2,England,Sri Lanka,BA Stokes,LS Livingstone,M Theekshana,0,0,,,,,,,,,
1384416,2023/24,2023-10-26,"M Chinnaswamy Stadium, Bengaluru",1,15.3,England,Sri Lanka,BA Stokes,LS Livingstone,M Theekshana,1,0,,,,,,,,,
1384416,2023/24,2023-10-26,"M Chinnaswamy Stadium, Bengaluru",1,15.4,England,Sri Lanka,LS Livingstone,BA Stokes,M Theekshana,1,0,,,,,,,,,
1384416,2023/24,2023-10-26,"M Chinnaswamy Stadium, Bengaluru",1,15.5,England,Sri Lanka,BA Stokes,LS Livingstone,M Theekshana,0,0,,,,,,,,,
1384416,2023/24,2023-10-26,"M Chinnaswamy Stadium, Bengaluru",1,15.6,England,Sri Lanka,BA Stokes,LS Livingstone,M Theekshana,1,0,,,,,,,,,
1384416,2023/24,2023-10-26,"M Chinnaswamy Stadium, Bengaluru",1,16.1,England,Sri Lanka,BA Stokes,LS Livingstone,CBRLS Kumara,4,0,,,,,,,,,
1384416,2023/24,2023-10-26,"M Chinnaswamy Stadium, Bengaluru",1,16.2,England,Sri Lanka,BA Stokes,LS Livingstone,CBRLS Kumara,1,0,,,,,,,,,
1384416,2023/24,2023-10-26,"M Chinnaswamy Stadium, Bengaluru",1,16.3,England,Sri Lanka,LS Livingstone,BA Stokes,CBRLS Kumara,0,0,,,,,,,,,
1384416,2023/24,2023-10-26,"M Chinnaswamy Stadium, Bengaluru",1,16.4,England,Sri Lanka,LS Livingstone,BA Stokes,CBRLS Kumara,0,0,,,,,,,,,
1384416,2023/24,2023-10-26,"M Chinnaswamy Stadium, Bengaluru",1,16.5,England,Sri Lanka,LS Livingstone,BA Stokes,CBRLS Kumara,0,0,,,,,,,,,
1384416,2023/24,2023-10-26,"M Chinnaswamy Stadium, Bengaluru",1,16.6,England,Sri Lanka,LS Livingstone,BA Stokes,CBRLS Kumara,0,0,,,,,,lbw,LS Livingstone,,
1384416,2023/24,2023-10-26,"M Chinnaswamy Stadium, Bengaluru",1,17.1,England,Sri Lanka,BA Stokes,MM Ali,M Theekshana,0,0,,,,,,,,,
1384416,2023/24,2023-10-26,"M Chinnaswamy Stadium, Bengaluru",1,17.2,England,Sri Lanka,BA Stokes,MM Ali,M Theekshana,0,0,,,,,,,,,
1384416,2023/24,2023-10-26,"M Chinnaswamy Stadium, Bengaluru",1,17.3,England,Sri Lanka,BA Stokes,MM Ali,M Theekshana,0,0,,,,,,,,,
1384416,2023/24,2023-10-26,"M Chinnaswamy Stadium, Bengaluru",1,17.4,England,Sri Lanka,BA Stokes,MM Ali,M Theekshana,0,0,,,,,,,,,
1384416,2023/24,2023-10-26,"M Chinnaswamy Stadium, Bengaluru",1,17.5,England,Sri Lanka,BA Stokes,MM Ali,M Theekshana,0,0,,,,,,,,,
1384416,2023/24,2023-10-26,"M Chinnaswamy Stadium, Bengaluru",1,17.6,England,Sri Lanka,BA Stokes,MM Ali,M Theekshana,0,0,,,,,,,,,
1384416,2023/24,2023-10-26,"M Chinnaswamy Stadium, Bengaluru",1,18.1,England,Sri Lanka,MM Ali,BA Stokes,CBRLS Kumara,1,0,,,,,,,,,
1384416,2023/24,2023-10-26,"M Chinnaswamy Stadium, Bengaluru",1,18.2,England,Sri Lanka,BA Stokes,MM Ali,CBRLS Kumara,0,0,,,,,,,,,
1384416,2023/24,2023-10-26,"M Chinnaswamy Stadium, Bengaluru",1,18.3,England,Sri Lanka,BA Stokes,MM Ali,CBRLS Kumara,0,0,,,,,,,,,
1384416,2023/24,2023-10-26,"M Chinnaswamy Stadium, Bengaluru",1,18.4,England,Sri Lanka,BA Stokes,MM Ali,CBRLS Kumara,0,0,,,,,,,,,
1384416,2023/24,2023-10-26,"M Chinnaswamy Stadium, Bengaluru",1,18.5,England,Sri Lanka,BA Stokes,MM Ali,CBRLS Kumara,1,0,,,,,,,,,
1384416,2023/24,2023-10-26,"M Chinnaswamy Stadium, Bengaluru",1,18.6,England,Sri Lanka,MM Ali,BA Stokes,CBRLS Kumara,1,0,,,,,,,,,
1384416,2023/24,2023-10-26,"M Chinnaswamy Stadium, Bengaluru",1,19.1,England,Sri Lanka,MM Ali,BA Stokes,M Theekshana,0,0,,,,,,,,,
1384416,2023/24,2023-10-26,"M Chinnaswamy Stadium, Bengaluru",1,19.2,England,Sri Lanka,MM Ali,BA Stokes,M Theekshana,1,0,,,,,,,,,
1384416,2023/24,2023-10-26,"M Chinnaswamy Stadium, Bengaluru",1,19.3,England,Sri Lanka,BA Stokes,MM Ali,M Theekshana,0,0,,,,,,,,,
1384416,2023/24,2023-10-26,"M Chinnaswamy Stadium, Bengaluru",1,19.4,England,Sri Lanka,BA Stokes,MM Ali,M Theekshana,0,0,,,,,,,,,
1384416,2023/24,2023-10-26,"M Chinnaswamy Stadium, Bengaluru",1,19.5,England,Sri Lanka,BA Stokes,MM Ali,M Theekshana,0,0,,,,,,,,,
1384416,2023/24,2023-10-26,"M Chinnaswamy Stadium, Bengaluru",1,19.6,England,Sri Lanka,BA Stokes,MM Ali,M Theekshana,0,0,,,,,,,,,
1384416,2023/24,2023-10-26,"M Chinnaswamy Stadium, Bengaluru",1,20.1,England,Sri Lanka,MM Ali,BA Stokes,D Madushanka,2,0,,,,,,,,,
1384416,2023/24,2023-10-26,"M Chinnaswamy Stadium, Bengaluru",1,20.2,England,Sri Lanka,MM Ali,BA Stokes,D Madushanka,0,0,,,,,,,,,
1384416,2023/24,2023-10-26,"M Chinnaswamy Stadium, Bengaluru",1,20.3,England,Sri Lanka,MM Ali,BA Stokes,D Madushanka,2,0,,,,,,,,,
1384416,2023/24,2023-10-26,"M Chinnaswamy Stadium, Bengaluru",1,20.4,England,Sri Lanka,MM Ali,BA Stokes,D Madushanka,1,0,,,,,,,,,
1384416,2023/24,2023-10-26,"M Chinnaswamy Stadium, Bengaluru",1,20.5,England,Sri Lanka,BA Stokes,MM Ali,D Madushanka,0,0,,,,,,,,,
1384416,2023/24,2023-10-26,"M Chinnaswamy Stadium, Bengaluru",1,20.6,England,Sri Lanka,BA Stokes,MM Ali,D Madushanka,4,0,,,,,,,,,
1384416,2023/24,2023-10-26,"M Chinnaswamy Stadium, Bengaluru",1,21.1,England,Sri Lanka,MM Ali,BA Stokes,DM de Silva,4,0,,,,,,,,,
1384416,2023/24,2023-10-26,"M Chinnaswamy Stadium, Bengaluru",1,21.2,England,Sri Lanka,MM Ali,BA Stokes,DM de Silva,1,0,,,,,,,,,
1384416,2023/24,2023-10-26,"M Chinnaswamy Stadium, Bengaluru",1,21.3,England,Sri Lanka,BA Stokes,MM Ali,DM de Silva,4,0,,,,,,,,,
1384416,2023/24,2023-10-26,"M Chinnaswamy Stadium, Bengaluru",1,21.4,England,Sri Lanka,BA Stokes,MM Ali,DM de Silva,0,0,,,,,,,,,
1384416,2023/24,2023-10-26,"M Chinnaswamy Stadium, Bengaluru",1,21.5,England,Sri Lanka,BA Stokes,MM Ali,DM de Silva,0,0,,,,,,,,,
1384416,2023/24,2023-10-26,"M Chinnaswamy Stadium, Bengaluru",1,21.6,England,Sri Lanka,BA Stokes,MM Ali,DM de Silva,1,0,,,,,,,,,
1384416,2023/24,2023-10-26,"M Chinnaswamy Stadium, Bengaluru",1,22.1,England,Sri Lanka,BA Stokes,MM Ali,D Madushanka,0,0,,,,,,,,,
1384416,2023/24,2023-10-26,"M Chinnaswamy Stadium, Bengaluru",1,22.2,England,Sri Lanka,BA Stokes,MM Ali,D Madushanka,4,0,,,,,,,,,
1384416,2023/24,2023-10-26,"M Chinnaswamy Stadium, Bengaluru",1,22.3,England,Sri Lanka,BA Stokes,MM Ali,D Madushanka,0,0,,,,,,,,,
1384416,2023/24,2023-10-26,"M Chinnaswamy Stadium, Bengaluru",1,22.4,England,Sri Lanka,BA Stokes,MM Ali,D Madushanka,0,0,,,,,,,,,
1384416,2023/24,2023-10-26,"M Chinnaswamy Stadium, Bengaluru",1,22.5,England,Sri Lanka,BA Stokes,MM Ali,D Madushanka,4,0,,,,,,,,,
1384416,2023/24,2023-10-26,"M Chinnaswamy Stadium, Bengaluru",1,22.6,England,Sri Lanka,BA Stokes,MM Ali,D Madushanka,0,0,,,,,,,,,
1384416,2023/24,2023-10-26,"M Chinnaswamy Stadium, Bengaluru",1,23.1,England,Sri Lanka,MM Ali,BA Stokes,CAK Rajitha,0,1,1,,,,,,,,
1384416,2023/24,2023-10-26,"M Chinnaswamy Stadium, Bengaluru",1,23.2,England,Sri Lanka,MM Ali,BA Stokes,CAK Rajitha,0,0,,,,,,,,,
1384416,2023/24,2023-10-26,"M Chinnaswamy Stadium, Bengaluru",1,23.3,England,Sri Lanka,MM Ali,BA Stokes,CAK Rajitha,0,0,,,,,,,,,
1384416,2023/24,2023-10-26,"M Chinnaswamy Stadium, Bengaluru",1,23.4,England,Sri Lanka,MM Ali,BA Stokes,CAK Rajitha,1,0,,,,,,,,,
1384416,2023/24,2023-10-26,"M Chinnaswamy Stadium, Bengaluru",1,23.5,England,Sri Lanka,BA Stokes,MM Ali,CAK Rajitha,0,0,,,,,,,,,
1384416,2023/24,2023-10-26,"M Chinnaswamy Stadium, Bengaluru",1,23.6,England,Sri Lanka,BA Stokes,MM Ali,CAK Rajitha,0,0,,,,,,,,,
1384416,2023/24,2023-10-26,"M Chinnaswamy Stadium, Bengaluru",1,23.7,England,Sri Lanka,BA Stokes,MM Ali,CAK Rajitha,1,0,,,,,,,,,
1384416,2023/24,2023-10-26,"M Chinnaswamy Stadium, Bengaluru",1,24.1,England,Sri Lanka,BA Stokes,MM Ali,AD Mathews,1,0,,,,,,,,,
1384416,2023/24,2023-10-26,"M Chinnaswamy Stadium, Bengaluru",1,24.2,England,Sri Lanka,MM Ali,BA Stokes,AD Mathews,1,0,,,,,,,,,
1384416,2023/24,2023-10-26,"M Chinnaswamy Stadium, Bengaluru",1,24.3,England,Sri Lanka,BA Stokes,MM Ali,AD Mathews,1,0,,,,,,,,,
1384416,2023/24,2023-10-26,"M Chinnaswamy Stadium, Bengaluru",1,24.4,England,Sri Lanka,MM Ali,BA Stokes,AD Mathews,0,0,,,,,,caught,MM Ali,,
1384416,2023/24,2023-10-26,"M Chinnaswamy Stadium, Bengaluru",1,24.5,England,Sri Lanka,CR Woakes,BA Stokes,AD Mathews,0,0,,,,,,,,,
1384416,2023/24,2023-10-26,"M Chinnaswamy Stadium, Bengaluru",1,24.6,England,Sri Lanka,CR Woakes,BA Stokes,AD Mathews,0,0,,,,,,,,,
1384416,2023/24,2023-10-26,"M Chinnaswamy Stadium, Bengaluru",1,25.1,England,Sri Lanka,BA Stokes,CR Woakes,CAK Rajitha,0,0,,,,,,,,,
1384416,2023/24,2023-10-26,"M Chinnaswamy Stadium, Bengaluru",1,25.2,England,Sri Lanka,BA Stokes,CR Woakes,CAK Rajitha,0,0,,,,,,,,,
1384416,2023/24,2023-10-26,"M Chinnaswamy Stadium, Bengaluru",1,25.3,England,Sri Lanka,BA Stokes,CR Woakes,CAK Rajitha,1,0,,,,,,,,,
1384416,2023/24,2023-10-26,"M Chinnaswamy Stadium, Bengaluru",1,25.4,England,Sri Lanka,CR Woakes,BA Stokes,CAK Rajitha,0,0,,,,,,,,,
1384416,2023/24,2023-10-26,"M Chinnaswamy Stadium, Bengaluru",1,25.5,England,Sri Lanka,CR Woakes,BA Stokes,CAK Rajitha,0,0,,,,,,caught,CR Woakes,,
1384416,2023/24,2023-10-26,"M Chinnaswamy Stadium, Bengaluru",1,25.6,England,Sri Lanka,DJ Willey,BA Stokes,CAK Rajitha,0,0,,,,,,,,,
1384416,2023/24,2023-10-26,"M Chinnaswamy Stadium, Bengaluru",1,26.1,England,Sri Lanka,BA Stokes,DJ Willey,AD Mathews,0,1,,,,1,,,,,
1384416,2023/24,2023-10-26,"M Chinnaswamy Stadium, Bengaluru",1,26.2,England,Sri Lanka,DJ Willey,BA Stokes,AD Mathews,0,0,,,,,,,,,
1384416,2023/24,2023-10-26,"M Chinnaswamy Stadium, Bengaluru",1,26.3,England,Sri Lanka,DJ Willey,BA Stokes,AD Mathews,0,0,,,,,,,,,
1384416,2023/24,2023-10-26,"M Chinnaswamy Stadium, Bengaluru",1,26.4,England,Sri Lanka,DJ Willey,BA Stokes,AD Mathews,0,0,,,,,,,,,
1384416,2023/24,2023-10-26,"M Chinnaswamy Stadium, Bengaluru",1,26.5,England,Sri Lanka,DJ Willey,BA Stokes,AD Mathews,0,0,,,,,,,,,
1384416,2023/24,2023-10-26,"M Chinnaswamy Stadium, Bengaluru",1,26.6,England,Sri Lanka,DJ Willey,BA Stokes,AD Mathews,0,0,,,,,,,,,
1384416,2023/24,2023-10-26,"M Chinnaswamy Stadium, Bengaluru",1,27.1,England,Sri Lanka,BA Stokes,DJ Willey,CAK Rajitha,1,0,,,,,,,,,
1384416,2023/24,2023-10-26,"M Chinnaswamy Stadium, Bengaluru",1,27.2,England,Sri Lanka,DJ Willey,BA Stokes,CAK Rajitha,1,0,,,,,,,,,
1384416,2023/24,2023-10-26,"M Chinnaswamy Stadium, Bengaluru",1,27.3,England,Sri Lanka,BA Stokes,DJ Willey,CAK Rajitha,0,0,,,,,,,,,
1384416,2023/24,2023-10-26,"M Chinnaswamy Stadium, Bengaluru",1,27.4,England,Sri Lanka,BA Stokes,DJ Willey,CAK Rajitha,4,0,,,,,,,,,
1384416,2023/24,2023-10-26,"M Chinnaswamy Stadium, Bengaluru",1,27.5,England,Sri Lanka,BA Stokes,DJ Willey,CAK Rajitha,0,0,,,,,,,,,
1384416,2023/24,2023-10-26,"M Chinnaswamy Stadium, Bengaluru",1,27.6,England,Sri Lanka,BA Stokes,DJ Willey,CAK Rajitha,0,0,,,,,,,,,
1384416,2023/24,2023-10-26,"M Chinnaswamy Stadium, Bengaluru",1,28.1,England,Sri Lanka,DJ Willey,BA Stokes,CBRLS Kumara,1,0,,,,,,,,,
1384416,2023/24,2023-10-26,"M Chinnaswamy Stadium, Bengaluru",1,28.2,England,Sri Lanka,BA Stokes,DJ Willey,CBRLS Kumara,0,0,,,,,,,,,
1384416,2023/24,2023-10-26,"M Chinnaswamy Stadium, Bengaluru",1,28.3,England,Sri Lanka,BA Stokes,DJ Willey,CBRLS Kumara,0,0,,,,,,,,,
1384416,2023/24,2023-10-26,"M Chinnaswamy Stadium, Bengaluru",1,28.4,England,Sri Lanka,BA Stokes,DJ Willey,CBRLS Kumara,1,0,,,,,,,,,
1384416,2023/24,2023-10-26,"M Chinnaswamy Stadium, Bengaluru",1,28.5,England,Sri Lanka,DJ Willey,BA Stokes,CBRLS Kumara,0,0,,,,,,,,,
1384416,2023/24,2023-10-26,"M Chinnaswamy Stadium, Bengaluru",1,28.6,England,Sri Lanka,DJ Willey,BA Stokes,CBRLS Kumara,1,0,,,,,,,,,
1384416,2023/24,2023-10-26,"M Chinnaswamy Stadium, Bengaluru",1,29.1,England,Sri Lanka,DJ Willey,BA Stokes,M Theekshana,1,0,,,,,,,,,
1384416,2023/24,2023-10-26,"M Chinnaswamy Stadium, Bengaluru",1,29.2,England,Sri Lanka,BA Stokes,DJ Willey,M Theekshana,0,0,,,,,,,,,
1384416,2023/24,2023-10-26,"M Chinnaswamy Stadium, Bengaluru",1,29.3,England,Sri Lanka,BA Stokes,DJ Willey,M Theekshana,0,0,,,,,,,,,
1384416,2023/24,2023-10-26,"M Chinnaswamy Stadium, Bengaluru",1,29.4,England,Sri Lanka,BA Stokes,DJ Willey,M Theekshana,0,0,,,,,,,,,
1384416,2023/24,2023-10-26,"M Chinnaswamy Stadium, Bengaluru",1,29.5,England,Sri Lanka,BA Stokes,DJ Willey,M Theekshana,2,0,,,,,,,,,
1384416,2023/24,2023-10-26,"M Chinnaswamy Stadium, Bengaluru",1,29.6,England,Sri Lanka,BA Stokes,DJ Willey,M Theekshana,1,0,,,,,,,,,
1384416,2023/24,2023-10-26,"M Chinnaswamy Stadium, Bengaluru",1,30.1,England,Sri Lanka,BA Stokes,DJ Willey,CBRLS Kumara,0,0,,,,,,caught,BA Stokes,,
1384416,2023/24,2023-10-26,"M Chinnaswamy Stadium, Bengaluru",1,30.2,England,Sri Lanka,AU Rashid,DJ Willey,CBRLS Kumara,0,0,,,,,,,,,
1384416,2023/24,2023-10-26,"M Chinnaswamy Stadium, Bengaluru",1,30.3,England,Sri Lanka,AU Rashid,DJ Willey,CBRLS Kumara,0,0,,,,,,,,,
1384416,2023/24,2023-10-26,"M Chinnaswamy Stadium, Bengaluru",1,30.4,England,Sri Lanka,AU Rashid,DJ Willey,CBRLS Kumara,0,0,,,,,,,,,
1384416,2023/24,2023-10-26,"M Chinnaswamy Stadium, Bengaluru",1,30.5,England,Sri Lanka,AU Rashid,DJ Willey,CBRLS Kumara,1,0,,,,,,,,,
1384416,2023/24,2023-10-26,"M Chinnaswamy Stadium, Bengaluru",1,30.6,England,Sri Lanka,DJ Willey,AU Rashid,CBRLS Kumara,6,0,,,,,,,,,
1384416,2023/24,2023-10-26,"M Chinnaswamy Stadium, Bengaluru",1,31.1,England,Sri Lanka,AU Rashid,DJ Willey,M Theekshana,0,0,,,,,,,,,
1384416,2023/24,2023-10-26,"M Chinnaswamy Stadium, Bengaluru",1,31.2,England,Sri Lanka,AU Rashid,DJ Willey,M Theekshana,0,0,,,,,,,,,
1384416,2023/24,2023-10-26,"M Chinnaswamy Stadium, Bengaluru",1,31.3,England,Sri Lanka,AU Rashid,DJ Willey,M Theekshana,0,1,1,,,,,,,,
1384416,2023/24,2023-10-26,"M Chinnaswamy Stadium, Bengaluru",1,31.4,England,Sri Lanka,AU Rashid,DJ Willey,M Theekshana,1,0,,,,,,,,,
1384416,2023/24,2023-10-26,"M Chinnaswamy Stadium, Bengaluru",1,31.5,England,Sri Lanka,DJ Willey,AU Rashid,M Theekshana,0,0,,,,,,,,,
1384416,2023/24,2023-10-26,"M Chinnaswamy Stadium, Bengaluru",1,31.6,England,Sri Lanka,DJ Willey,AU Rashid,M Theekshana,0,0,,,,,,,,,
1384416,2023/24,2023-10-26,"M Chinnaswamy Stadium, Bengaluru",1,31.7,England,Sri Lanka,DJ Willey,AU Rashid,M Theekshana,0,1,1,,,,,run out,AU Rashid,,
1384416,2023/24,2023-10-26,"M Chinnaswamy Stadium, Bengaluru",1,31.8,England,Sri Lanka,DJ Willey,MA Wood,M Theekshana,0,0,,,,,,,,,
1384416,2023/24,2023-10-26,"M Chinnaswamy Stadium, Bengaluru",1,32.1,England,Sri Lanka,MA Wood,DJ Willey,CBRLS Kumara,0,0,,,,,,,,,
1384416,2023/24,2023-10-26,"M Chinnaswamy Stadium, Bengaluru",1,32.2,England,Sri Lanka,MA Wood,DJ Willey,CBRLS Kumara,0,0,,,,,,,,,
1384416,2023/24,2023-10-26,"M Chinnaswamy Stadium, Bengaluru",1,32.3,England,Sri Lanka,MA Wood,DJ Willey,CBRLS Kumara,4,0,,,,,,,,,
1384416,2023/24,2023-10-26,"M Chinnaswamy Stadium, Bengaluru",1,32.4,England,Sri Lanka,MA Wood,DJ Willey,CBRLS Kumara,1,0,,,,,,,,,
1384416,2023/24,2023-10-26,"M Chinnaswamy Stadium, Bengaluru",1,32.5,England,Sri Lanka,DJ Willey,MA Wood,CBRLS Kumara,4,0,,,,,,,,,
1384416,2023/24,2023-10-26,"M Chinnaswamy Stadium, Bengaluru",1,32.6,England,Sri Lanka,DJ Willey,MA Wood,CBRLS Kumara,0,0,,,,,,,,,
1384416,2023/24,2023-10-26,"M Chinnaswamy Stadium, Bengaluru",1,33.1,England,Sri Lanka,MA Wood,DJ Willey,M Theekshana,0,0,,,,,,,,,
1384416,2023/24,2023-10-26,"M Chinnaswamy Stadium, Bengaluru",1,33.2,England,Sri Lanka,MA Wood,DJ Willey,M Theekshana,0,0,,,,,,stumped,MA Wood,,
1384416,2023/24,2023-10-26,"M Chinnaswamy Stadium, Bengaluru",2,0.1,Sri Lanka,England,P Nissanka,MDKJ Perera,CR Woakes,0,0,,,,,,,,,
1384416,2023/24,2023-10-26,"M Chinnaswamy Stadium, Bengaluru",2,0.2,Sri Lanka,England,P Nissanka,MDKJ Perera,CR Woakes,0,1,1,,,,,,,,
1384416,2023/24,2023-10-26,"M Chinnaswamy Stadium, Bengaluru",2,0.3,Sri Lanka,England,P Nissanka,MDKJ Perera,CR Woakes,4,0,,,,,,,,,
1384416,2023/24,2023-10-26,"M Chinnaswamy Stadium, Bengaluru",2,0.4,Sri Lanka,England,P Nissanka,MDKJ Perera,CR Woakes,0,0,,,,,,,,,
1384416,2023/24,2023-10-26,"M Chinnaswamy Stadium, Bengaluru",2,0.5,Sri Lanka,England,P Nissanka,MDKJ Perera,CR Woakes,0,0,,,,,,,,,
1384416,2023/24,2023-10-26,"M Chinnaswamy Stadium, Bengaluru",2,0.6,Sri Lanka,England,P Nissanka,MDKJ Perera,CR Woakes,0,0,,,,,,,,,
1384416,2023/24,2023-10-26,"M Chinnaswamy Stadium, Bengaluru",2,0.7,Sri Lanka,England,P Nissanka,MDKJ Perera,CR Woakes,0,0,,,,,,,,,
1384416,2023/24,2023-10-26,"M Chinnaswamy Stadium, Bengaluru",2,1.1,Sri Lanka,England,MDKJ Perera,P Nissanka,DJ Willey,0,0,,,,,,,,,
1384416,2023/24,2023-10-26,"M Chinnaswamy Stadium, Bengaluru",2,1.2,Sri Lanka,England,MDKJ Perera,P Nissanka,DJ Willey,0,0,,,,,,,,,
1384416,2023/24,2023-10-26,"M Chinnaswamy Stadium, Bengaluru",2,1.3,Sri Lanka,England,MDKJ Perera,P Nissanka,DJ Willey,4,0,,,,,,,,,
1384416,2023/24,2023-10-26,"M Chinnaswamy Stadium, Bengaluru",2,1.4,Sri Lanka,England,MDKJ Perera,P Nissanka,DJ Willey,0,0,,,,,,,,,
1384416,2023/24,2023-10-26,"M Chinnaswamy Stadium, Bengaluru",2,1.5,Sri Lanka,England,MDKJ Perera,P Nissanka,DJ Willey,0,0,,,,,,caught,MDKJ Perera,,
1384416,2023/24,2023-10-26,"M Chinnaswamy Stadium, Bengaluru",2,1.6,Sri Lanka,England,BKG Mendis,P Nissanka,DJ Willey,4,0,,,,,,,,,
1384416,2023/24,2023-10-26,"M Chinnaswamy Stadium, Bengaluru",2,2.1,Sri Lanka,England,P Nissanka,BKG Mendis,CR Woakes,0,0,,,,,,,,,
1384416,2023/24,2023-10-26,"M Chinnaswamy Stadium, Bengaluru",2,2.2,Sri Lanka,England,P Nissanka,BKG Mendis,CR Woakes,0,0,,,,,,,,,
1384416,2023/24,2023-10-26,"M Chinnaswamy Stadium, Bengaluru",2,2.3,Sri Lanka,England,P Nissanka,BKG Mendis,CR Woakes,0,0,,,,,,,,,
1384416,2023/24,2023-10-26,"M Chinnaswamy Stadium, Bengaluru",2,2.4,Sri Lanka,England,P Nissanka,BKG Mendis,CR Woakes,2,0,,,,,,,,,
1384416,2023/24,2023-10-26,"M Chinnaswamy Stadium, Bengaluru",2,2.5,Sri Lanka,England,P Nissanka,BKG Mendis,CR Woakes,0,0,,,,,,,,,
1384416,2023/24,2023-10-26,"M Chinnaswamy Stadium, Bengaluru",2,2.6,Sri Lanka,England,P Nissanka,BKG Mendis,CR Woakes,0,0,,,,,,,,,
1384416,2023/24,2023-10-26,"M Chinnaswamy Stadium, Bengaluru",2,3.1,Sri Lanka,England,BKG Mendis,P Nissanka,DJ Willey,0,0,,,,,,,,,
1384416,2023/24,2023-10-26,"M Chinnaswamy Stadium, Bengaluru",2,3.2,Sri Lanka,England,BKG Mendis,P Nissanka,DJ Willey,0,0,,,,,,,,,
1384416,2023/24,2023-10-26,"M Chinnaswamy Stadium, Bengaluru",2,3.3,Sri Lanka,England,BKG Mendis,P Nissanka,DJ Willey,2,0,,,,,,,,,
1384416,2023/24,2023-10-26,"M Chinnaswamy Stadium, Bengaluru",2,3.4,Sri Lanka,England,BKG Mendis,P Nissanka,DJ Willey,0,0,,,,,,,,,
1384416,2023/24,2023-10-26,"M Chinnaswamy Stadium, Bengaluru",2,3.5,Sri Lanka,England,BKG Mendis,P Nissanka,DJ Willey,4,0,,,,,,,,,
1384416,2023/24,2023-10-26,"M Chinnaswamy Stadium, Bengaluru",2,3.6,Sri Lanka,England,BKG Mendis,P Nissanka,DJ Willey,0,0,,,,,,,,,
1384416,2023/24,2023-10-26,"M Chinnaswamy Stadium, Bengaluru",2,4.1,Sri Lanka,England,P Nissanka,BKG Mendis,CR Woakes,0,0,,,,,,,,,
1384416,2023/24,2023-10-26,"M Chinnaswamy Stadium, Bengaluru",2,4.2,Sri Lanka,England,P Nissanka,BKG Mendis,CR Woakes,1,0,,,,,,,,,
1384416,2023/24,2023-10-26,"M Chinnaswamy Stadium, Bengaluru",2,4.3,Sri Lanka,England,BKG Mendis,P Nissanka,CR Woakes,0,0,,,,,,,,,
1384416,2023/24,2023-10-26,"M Chinnaswamy Stadium, Bengaluru",2,4.4,Sri Lanka,England,BKG Mendis,P Nissanka,CR Woakes,0,0,,,,,,,,,
1384416,2023/24,2023-10-26,"M Chinnaswamy Stadium, Bengaluru",2,4.5,Sri Lanka,England,BKG Mendis,P Nissanka,CR Woakes,1,0,,,,,,,,,
1384416,2023/24,2023-10-26,"M Chinnaswamy Stadium, Bengaluru",2,4.6,Sri Lanka,England,P Nissanka,BKG Mendis,CR Woakes,0,0,,,,,,,,,
1384416,2023/24,2023-10-26,"M Chinnaswamy Stadium, Bengaluru",2,5.1,Sri Lanka,England,BKG Mendis,P Nissanka,DJ Willey,0,0,,,,,,,,,
1384416,2023/24,2023-10-26,"M Chinnaswamy Stadium, Bengaluru",2,5.2,Sri Lanka,England,BKG Mendis,P Nissanka,DJ Willey,0,0,,,,,,caught,BKG Mendis,,
1384416,2023/24,2023-10-26,"M Chinnaswamy Stadium, Bengaluru",2,5.3,Sri Lanka,England,S Samarawickrama,P Nissanka,DJ Willey,4,0,,,,,,,,,
1384416,2023/24,2023-10-26,"M Chinnaswamy Stadium, Bengaluru",2,5.4,Sri Lanka,England,S Samarawickrama,P Nissanka,DJ Willey,2,0,,,,,,,,,
1384416,2023/24,2023-10-26,"M Chinnaswamy Stadium, Bengaluru",2,5.5,Sri Lanka,England,S Samarawickrama,P Nissanka,DJ Willey,0,0,,,,,,,,,
1384416,2023/24,2023-10-26,"M Chinnaswamy Stadium, Bengaluru",2,5.6,Sri Lanka,England,S Samarawickrama,P Nissanka,DJ Willey,0,0,,,,,,,,,
1384416,2023/24,2023-10-26,"M Chinnaswamy Stadium, Bengaluru",2,6.1,Sri Lanka,England,P Nissanka,S Samarawickrama,CR Woakes,0,0,,,,,,,,,
1384416,2023/24,2023-10-26,"M Chinnaswamy Stadium, Bengaluru",2,6.2,Sri Lanka,England,P Nissanka,S Samarawickrama,CR Woakes,0,0,,,,,,,,,
1384416,2023/24,2023-10-26,"M Chinnaswamy Stadium, Bengaluru",2,6.3,Sri Lanka,England,P Nissanka,S Samarawickrama,CR Woakes,4,0,,,,,,,,,
1384416,2023/24,2023-10-26,"M Chinnaswamy Stadium, Bengaluru",2,6.4,Sri Lanka,England,P Nissanka,S Samarawickrama,CR Woakes,4,0,,,,,,,,,
1384416,2023/24,2023-10-26,"M Chinnaswamy Stadium, Bengaluru",2,6.5,Sri Lanka,England,P Nissanka,S Samarawickrama,CR Woakes,1,0,,,,,,,,,
1384416,2023/24,2023-10-26,"M Chinnaswamy Stadium, Bengaluru",2,6.6,Sri Lanka,England,S Samarawickrama,P Nissanka,CR Woakes,0,0,,,,,,,,,
1384416,2023/24,2023-10-26,"M Chinnaswamy Stadium, Bengaluru",2,7.1,Sri Lanka,England,P Nissanka,S Samarawickrama,DJ Willey,1,0,,,,,,,,,
1384416,2023/24,2023-10-26,"M Chinnaswamy Stadium, Bengaluru",2,7.2,Sri Lanka,England,S Samarawickrama,P Nissanka,DJ Willey,0,0,,,,,,,,,
1384416,2023/24,2023-10-26,"M Chinnaswamy Stadium, Bengaluru",2,7.3,Sri Lanka,England,S Samarawickrama,P Nissanka,DJ Willey,1,0,,,,,,,,,
1384416,2023/24,2023-10-26,"M Chinnaswamy Stadium, Bengaluru",2,7.4,Sri Lanka,England,P Nissanka,S Samarawickrama,DJ Willey,1,0,,,,,,,,,
1384416,2023/24,2023-10-26,"M Chinnaswamy Stadium, Bengaluru",2,7.5,Sri Lanka,England,S Samarawickrama,P Nissanka,DJ Willey,0,1,1,,,,,,,,
1384416,2023/24,2023-10-26,"M Chinnaswamy Stadium, Bengaluru",2,7.6,Sri Lanka,England,S Samarawickrama,P Nissanka,DJ Willey,1,0,,,,,,,,,
1384416,2023/24,2023-10-26,"M Chinnaswamy Stadium, Bengaluru",2,7.7,Sri Lanka,England,P Nissanka,S Samarawickrama,DJ Willey,0,0,,,,,,,,,
1384416,2023/24,2023-10-26,"M Chinnaswamy Stadium, Bengaluru",2,8.1,Sri Lanka,England,S Samarawickrama,P Nissanka,AU Rashid,1,0,,,,,,,,,
1384416,2023/24,2023-10-26,"M Chinnaswamy Stadium, Bengaluru",2,8.2,Sri Lanka,England,P Nissanka,S Samarawickrama,AU Rashid,0,0,,,,,,,,,
1384416,2023/24,2023-10-26,"M Chinnaswamy Stadium, Bengaluru",2,8.3,Sri Lanka,England,P Nissanka,S Samarawickrama,AU Rashid,0,0,,,,,,,,,
1384416,2023/24,2023-10-26,"M Chinnaswamy Stadium, Bengaluru",2,8.4,Sri Lanka,England,P Nissanka,S Samarawickrama,AU Rashid,0,0,,,,,,,,,
1384416,2023/24,2023-10-26,"M Chinnaswamy Stadium, Bengaluru",2,8.5,Sri Lanka,England,P Nissanka,S Samarawickrama,AU Rashid,6,0,,,,,,,,,
1384416,2023/24,2023-10-26,"M Chinnaswamy Stadium, Bengaluru",2,8.6,Sri Lanka,England,P Nissanka,S Samarawickrama,AU Rashid,1,0,,,,,,,,,
1384416,2023/24,2023-10-26,"M Chinnaswamy Stadium, Bengaluru",2,9.1,Sri Lanka,England,P Nissanka,S Samarawickrama,DJ Willey,0,0,,,,,,,,,
1384416,2023/24,2023-10-26,"M Chinnaswamy Stadium, Bengaluru",2,9.2,Sri Lanka,England,P Nissanka,S Samarawickrama,DJ Willey,0,0,,,,,,,,,
1384416,2023/24,2023-10-26,"M Chinnaswamy Stadium, Bengaluru",2,9.3,Sri Lanka,England,P Nissanka,S Samarawickrama,DJ Willey,1,0,,,,,,,,,
1384416,2023/24,2023-10-26,"M Chinnaswamy Stadium, Bengaluru",2,9.4,Sri Lanka,England,S Samarawickrama,P Nissanka,DJ Willey,0,0,,,,,,,,,
1384416,2023/24,2023-10-26,"M Chinnaswamy Stadium, Bengaluru",2,9.5,Sri Lanka,England,S Samarawickrama,P Nissanka,DJ Willey,4,0,,,,,,,,,
1384416,2023/24,2023-10-26,"M Chinnaswamy Stadium, Bengaluru",2,9.6,Sri Lanka,England,S Samarawickrama,P Nissanka,DJ Willey,0,0,,,,,,,,,
1384416,2023/24,2023-10-26,"M Chinnaswamy Stadium, Bengaluru",2,10.1,Sri Lanka,England,P Nissanka,S Samarawickrama,AU Rashid,1,0,,,,,,,,,
1384416,2023/24,2023-10-26,"M Chinnaswamy Stadium, Bengaluru",2,10.2,Sri Lanka,England,S Samarawickrama,P Nissanka,AU Rashid,0,0,,,,,,,,,
1384416,2023/24,2023-10-26,"M Chinnaswamy Stadium, Bengaluru",2,10.3,Sri Lanka,England,S Samarawickrama,P Nissanka,AU Rashid,1,0,,,,,,,,,
1384416,2023/24,2023-10-26,"M Chinnaswamy Stadium, Bengaluru",2,10.4,Sri Lanka,England,P Nissanka,S Samarawickrama,AU Rashid,4,0,,,,,,,,,
1384416,2023/24,2023-10-26,"M Chinnaswamy Stadium, Bengaluru",2,10.5,Sri Lanka,England,P Nissanka,S Samarawickrama,AU Rashid,1,0,,,,,,,,,
1384416,2023/24,2023-10-26,"M Chinnaswamy Stadium, Bengaluru",2,10.6,Sri Lanka,England,S Samarawickrama,P Nissanka,AU Rashid,1,0,,,,,,,,,
1384416,2023/24,2023-10-26,"M Chinnaswamy Stadium, Bengaluru",2,11.1,Sri Lanka,England,S Samarawickrama,P Nissanka,MA Wood,4,0,,,,,,,,,
1384416,2023/24,2023-10-26,"M Chinnaswamy Stadium, Bengaluru",2,11.2,Sri Lanka,England,S Samarawickrama,P Nissanka,MA Wood,0,0,,,,,,,,,
1384416,2023/24,2023-10-26,"M Chinnaswamy Stadium, Bengaluru",2,11.3,Sri Lanka,England,S Samarawickrama,P Nissanka,MA Wood,1,0,,,,,,,,,
1384416,2023/24,2023-10-26,"M Chinnaswamy Stadium, Bengaluru",2,11.4,Sri Lanka,England,P Nissanka,S Samarawickrama,MA Wood,0,0,,,,,,,,,
1384416,2023/24,2023-10-26,"M Chinnaswamy Stadium, Bengaluru",2,11.5,Sri Lanka,England,P Nissanka,S Samarawickrama,MA Wood,0,0,,,,,,,,,
1384416,2023/24,2023-10-26,"M Chinnaswamy Stadium, Bengaluru",2,11.6,Sri Lanka,England,P Nissanka,S Samarawickrama,MA Wood,0,0,,,,,,,,,
1384416,2023/24,2023-10-26,"M Chinnaswamy Stadium, Bengaluru",2,12.1,Sri Lanka,England,S Samarawickrama,P Nissanka,AU Rashid,0,0,,,,,,,,,
1384416,2023/24,2023-10-26,"M Chinnaswamy Stadium, Bengaluru",2,12.2,Sri Lanka,England,S Samarawickrama,P Nissanka,AU Rashid,1,0,,,,,,,,,
1384416,2023/24,2023-10-26,"M Chinnaswamy Stadium, Bengaluru",2,12.3,Sri Lanka,England,P Nissanka,S Samarawickrama,AU Rashid,0,0,,,,,,,,,
1384416,2023/24,2023-10-26,"M Chinnaswamy Stadium, Bengaluru",2,12.4,Sri Lanka,England,P Nissanka,S Samarawickrama,AU Rashid,1,0,,,,,,,,,
1384416,2023/24,2023-10-26,"M Chinnaswamy Stadium, Bengaluru",2,12.5,Sri Lanka,England,S Samarawickrama,P Nissanka,AU Rashid,1,0,,,,,,,,,
1384416,2023/24,2023-10-26,"M Chinnaswamy Stadium, Bengaluru",2,12.6,Sri Lanka,England,P Nissanka,S Samarawickrama,AU Rashid,0,0,,,,,,,,,
1384416,2023/24,2023-10-26,"M Chinnaswamy Stadium, Bengaluru",2,13.1,Sri Lanka,England,S Samarawickrama,P Nissanka,MA Wood,0,0,,,,,,,,,
1384416,2023/24,2023-10-26,"M Chinnaswamy Stadium, Bengaluru",2,13.2,Sri Lanka,England,S Samarawickrama,P Nissanka,MA Wood,1,0,,,,,,,,,
1384416,2023/24,2023-10-26,"M Chinnaswamy Stadium, Bengaluru",2,13.3,Sri Lanka,England,P Nissanka,S Samarawickrama,MA Wood,1,0,,,,,,,,,
1384416,2023/24,2023-10-26,"M Chinnaswamy Stadium, Bengaluru",2,13.4,Sri Lanka,England,S Samarawickrama,P Nissanka,MA Wood,1,0,,,,,,,,,
1384416,2023/24,2023-10-26,"M Chinnaswamy Stadium, Bengaluru",2,13.5,Sri Lanka,England,P Nissanka,S Samarawickrama,MA Wood,0,0,,,,,,,,,
1384416,2023/24,2023-10-26,"M Chinnaswamy Stadium, Bengaluru",2,13.6,Sri Lanka,England,P Nissanka,S Samarawickrama,MA Wood,0,0,,,,,,,,,
1384416,2023/24,2023-10-26,"M Chinnaswamy Stadium, Bengaluru",2,14.1,Sri Lanka,England,S Samarawickrama,P Nissanka,AU Rashid,1,0,,,,,,,,,
1384416,2023/24,2023-10-26,"M Chinnaswamy Stadium, Bengaluru",2,14.2,Sri Lanka,England,P Nissanka,S Samarawickrama,AU Rashid,1,0,,,,,,,,,
1384416,2023/24,2023-10-26,"M Chinnaswamy Stadium, Bengaluru",2,14.3,Sri Lanka,England,S Samarawickrama,P Nissanka,AU Rashid,1,0,,,,,,,,,
1384416,2023/24,2023-10-26,"M Chinnaswamy Stadium, Bengaluru",2,14.4,Sri Lanka,England,P Nissanka,S Samarawickrama,AU Rashid,1,0,,,,,,,,,
1384416,2023/24,2023-10-26,"M Chinnaswamy Stadium, Bengaluru",2,14.5,Sri Lanka,England,S Samarawickrama,P Nissanka,AU Rashid,6,0,,,,,,,,,
1384416,2023/24,2023-10-26,"M Chinnaswamy Stadium, Bengaluru",2,14.6,Sri Lanka,England,S Samarawickrama,P Nissanka,AU Rashid,2,0,,,,,,,,,
1384416,2023/24,2023-10-26,"M Chinnaswamy Stadium, Bengaluru",2,15.1,Sri Lanka,England,P Nissanka,S Samarawickrama,MA Wood,1,0,,,,,,,,,
1384416,2023/24,2023-10-26,"M Chinnaswamy Stadium, Bengaluru",2,15.2,Sri Lanka,England,S Samarawickrama,P Nissanka,MA Wood,1,0,,,,,,,,,
1384416,2023/24,2023-10-26,"M Chinnaswamy Stadium, Bengaluru",2,15.3,Sri Lanka,England,P Nissanka,S Samarawickrama,MA Wood,4,0,,,,,,,,,
1384416,2023/24,2023-10-26,"M Chinnaswamy Stadium, Bengaluru",2,15.4,Sri Lanka,England,P Nissanka,S Samarawickrama,MA Wood,0,0,,,,,,,,,
1384416,2023/24,2023-10-26,"M Chinnaswamy Stadium, Bengaluru",2,15.5,Sri Lanka,England,P Nissanka,S Samarawickrama,MA Wood,0,0,,,,,,,,,
1384416,2023/24,2023-10-26,"M Chinnaswamy Stadium, Bengaluru",2,15.6,Sri Lanka,England,P Nissanka,S Samarawickrama,MA Wood,2,0,,,,,,,,,
1384416,2023/24,2023-10-26,"M Chinnaswamy Stadium, Bengaluru",2,16.1,Sri Lanka,England,S Samarawickrama,P Nissanka,LS Livingstone,4,0,,,,,,,,,
1384416,2023/24,2023-10-26,"M Chinnaswamy Stadium, Bengaluru",2,16.2,Sri Lanka,England,S Samarawickrama,P Nissanka,LS Livingstone,1,0,,,,,,,,,
1384416,2023/24,2023-10-26,"M Chinnaswamy Stadium, Bengaluru",2,16.3,Sri Lanka,England,P Nissanka,S Samarawickrama,LS Livingstone,1,0,,,,,,,,,
1384416,2023/24,2023-10-26,"M Chinnaswamy Stadium, Bengaluru",2,16.4,Sri Lanka,England,S Samarawickrama,P Nissanka,LS Livingstone,0,0,,,,,,,,,
1384416,2023/24,2023-10-26,"M Chinnaswamy Stadium, Bengaluru",2,16.5,Sri Lanka,England,S Samarawickrama,P Nissanka,LS Livingstone,2,0,,,,,,,,,
1384416,2023/24,2023-10-26,"M Chinnaswamy Stadium, Bengaluru",2,16.6,Sri Lanka,England,S Samarawickrama,P Nissanka,LS Livingstone,0,0,,,,,,,,,
1384416,2023/24,2023-10-26,"M Chinnaswamy Stadium, Bengaluru",2,17.1,Sri Lanka,England,P Nissanka,S Samarawickrama,MA Wood,2,0,,,,,,,,,
1384416,2023/24,2023-10-26,"M Chinnaswamy Stadium, Bengaluru",2,17.2,Sri Lanka,England,P Nissanka,S Samarawickrama,MA Wood,0,0,,,,,,,,,
1384416,2023/24,2023-10-26,"M Chinnaswamy Stadium, Bengaluru",2,17.3,Sri Lanka,England,P Nissanka,S Samarawickrama,MA Wood,4,0,,,,,,,,,
1384416,2023/24,2023-10-26,"M Chinnaswamy Stadium, Bengaluru",2,17.4,Sri Lanka,England,P Nissanka,S Samarawickrama,MA Wood,0,0,,,,,,,,,
1384416,2023/24,2023-10-26,"M Chinnaswamy Stadium, Bengaluru",2,17.5,Sri Lanka,England,P Nissanka,S Samarawickrama,MA Wood,1,0,,,,,,,,,
1384416,2023/24,2023-10-26,"M Chinnaswamy Stadium, Bengaluru",2,17.6,Sri Lanka,England,S Samarawickrama,P Nissanka,MA Wood,0,0,,,,,,,,,
1384416,2023/24,2023-10-26,"M Chinnaswamy Stadium, Bengaluru",2,18.1,Sri Lanka,England,P Nissanka,S Samarawickrama,LS Livingstone,1,0,,,,,,,,,
1384416,2023/24,2023-10-26,"M Chinnaswamy Stadium, Bengaluru",2,18.2,Sri Lanka,England,S Samarawickrama,P Nissanka,LS Livingstone,1,0,,,,,,,,,
1384416,2023/24,2023-10-26,"M Chinnaswamy Stadium, Bengaluru",2,18.3,Sri Lanka,England,P Nissanka,S Samarawickrama,LS Livingstone,0,0,,,,,,,,,
1384416,2023/24,2023-10-26,"M Chinnaswamy Stadium, Bengaluru",2,18.4,Sri Lanka,England,P Nissanka,S Samarawickrama,LS Livingstone,0,0,,,,,,,,,
1384416,2023/24,2023-10-26,"M Chinnaswamy Stadium, Bengaluru",2,18.5,Sri Lanka,England,P Nissanka,S Samarawickrama,LS Livingstone,0,0,,,,,,,,,
1384416,2023/24,2023-10-26,"M Chinnaswamy Stadium, Bengaluru",2,18.6,Sri Lanka,England,P Nissanka,S Samarawickrama,LS Livingstone,1,0,,,,,,,,,
1384416,2023/24,2023-10-26,"M Chinnaswamy Stadium, Bengaluru",2,19.1,Sri Lanka,England,P Nissanka,S Samarawickrama,MM Ali,1,0,,,,,,,,,
1384416,2023/24,2023-10-26,"M Chinnaswamy Stadium, Bengaluru",2,19.2,Sri Lanka,England,S Samarawickrama,P Nissanka,MM Ali,1,0,,,,,,,,,
1384416,2023/24,2023-10-26,"M Chinnaswamy Stadium, Bengaluru",2,19.3,Sri Lanka,England,P Nissanka,S Samarawickrama,MM Ali,2,0,,,,,,,,,
1384416,2023/24,2023-10-26,"M Chinnaswamy Stadium, Bengaluru",2,19.4,Sri Lanka,England,P Nissanka,S Samarawickrama,MM Ali,1,0,,,,,,,,,
1384416,2023/24,2023-10-26,"M Chinnaswamy Stadium, Bengaluru",2,19.5,Sri Lanka,England,S Samarawickrama,P Nissanka,MM Ali,0,0,,,,,,,,,
1384416,2023/24,2023-10-26,"M Chinnaswamy Stadium, Bengaluru",2,19.6,Sri Lanka,England,S Samarawickrama,P Nissanka,MM Ali,0,0,,,,,,,,,
1384416,2023/24,2023-10-26,"M Chinnaswamy Stadium, Bengaluru",2,20.1,Sri Lanka,England,P Nissanka,S Samarawickrama,LS Livingstone,0,0,,,,,,,,,
1384416,2023/24,2023-10-26,"M Chinnaswamy Stadium, Bengaluru",2,20.2,Sri Lanka,England,P Nissanka,S Samarawickrama,LS Livingstone,0,0,,,,,,,,,
1384416,2023/24,2023-10-26,"M Chinnaswamy Stadium, Bengaluru",2,20.3,Sri Lanka,England,P Nissanka,S Samarawickrama,LS Livingstone,0,0,,,,,,,,,
1384416,2023/24,2023-10-26,"M Chinnaswamy Stadium, Bengaluru",2,20.4,Sri Lanka,England,P Nissanka,S Samarawickrama,LS Livingstone,1,0,,,,,,,,,
1384416,2023/24,2023-10-26,"M Chinnaswamy Stadium, Bengaluru",2,20.5,Sri Lanka,England,S Samarawickrama,P Nissanka,LS Livingstone,1,0,,,,,,,,,
1384416,2023/24,2023-10-26,"M Chinnaswamy Stadium, Bengaluru",2,20.6,Sri Lanka,England,P Nissanka,S Samarawickrama,LS Livingstone,4,0,,,,,,,,,
1384416,2023/24,2023-10-26,"M Chinnaswamy Stadium, Bengaluru",2,21.1,Sri Lanka,England,S Samarawickrama,P Nissanka,MM Ali,2,0,,,,,,,,,
1384416,2023/24,2023-10-26,"M Chinnaswamy Stadium, Bengaluru",2,21.2,Sri Lanka,England,S Samarawickrama,P Nissanka,MM Ali,1,0,,,,,,,,,
1384416,2023/24,2023-10-26,"M Chinnaswamy Stadium, Bengaluru",2,21.3,Sri Lanka,England,P Nissanka,S Samarawickrama,MM Ali,0,0,,,,,,,,,
1384416,2023/24,2023-10-26,"M Chinnaswamy Stadium, Bengaluru",2,21.4,Sri Lanka,England,P Nissanka,S Samarawickrama,MM Ali,1,0,,,,,,,,,
1384416,2023/24,2023-10-26,"M Chinnaswamy Stadium, Bengaluru",2,21.5,Sri Lanka,England,S Samarawickrama,P Nissanka,MM Ali,1,0,,,,,,,,,
1384416,2023/24,2023-10-26,"M Chinnaswamy Stadium, Bengaluru",2,21.6,Sri Lanka,England,P Nissanka,S Samarawickrama,MM Ali,0,0,,,,,,,,,
1384416,2023/24,2023-10-26,"M Chinnaswamy Stadium, Bengaluru",2,22.1,Sri Lanka,England,S Samarawickrama,P Nissanka,CR Woakes,1,0,,,,,,,,,
1384416,2023/24,2023-10-26,"M Chinnaswamy Stadium, Bengaluru",2,22.2,Sri Lanka,England,P Nissanka,S Samarawickrama,CR Woakes,1,0,,,,,,,,,
1384416,2023/24,2023-10-26,"M Chinnaswamy Stadium, Bengaluru",2,22.3,Sri Lanka,England,S Samarawickrama,P Nissanka,CR Woakes,0,0,,,,,,,,,
1384416,2023/24,2023-10-26,"M Chinnaswamy Stadium, Bengaluru",2,22.4,Sri Lanka,England,S Samarawickrama,P Nissanka,CR Woakes,0,0,,,,,,,,,
1384416,2023/24,2023-10-26,"M Chinnaswamy Stadium, Bengaluru",2,22.5,Sri Lanka,England,S Samarawickrama,P Nissanka,CR Woakes,4,0,,,,,,,,,
1384416,2023/24,2023-10-26,"M Chinnaswamy Stadium, Bengaluru",2,22.6,Sri Lanka,England,S Samarawickrama,P Nissanka,CR Woakes,0,0,,,,,,,,,
1384416,2023/24,2023-10-26,"M Chinnaswamy Stadium, Bengaluru",2,23.1,Sri Lanka,England,P Nissanka,S Samarawickrama,MM Ali,1,0,,,,,,,,,
1384416,2023/24,2023-10-26,"M Chinnaswamy Stadium, Bengaluru",2,23.2,Sri Lanka,England,S Samarawickrama,P Nissanka,MM Ali,1,0,,,,,,,,,
1384416,2023/24,2023-10-26,"M Chinnaswamy Stadium, Bengaluru",2,23.3,Sri Lanka,England,P Nissanka,S Samarawickrama,MM Ali,1,0,,,,,,,,,
1384416,2023/24,2023-10-26,"M Chinnaswamy Stadium, Bengaluru",2,23.4,Sri Lanka,England,S Samarawickrama,P Nissanka,MM Ali,4,0,,,,,,,,,
1384416,2023/24,2023-10-26,"M Chinnaswamy Stadium, Bengaluru",2,23.5,Sri Lanka,England,S Samarawickrama,P Nissanka,MM Ali,4,0,,,,,,,,,
1384416,2023/24,2023-10-26,"M Chinnaswamy Stadium, Bengaluru",2,23.6,Sri Lanka,England,S Samarawickrama,P Nissanka,MM Ali,0,0,,,,,,,,,
1384416,2023/24,2023-10-26,"M Chinnaswamy Stadium, Bengaluru",2,24.1,Sri Lanka,England,P Nissanka,S Samarawickrama,CR Woakes,1,0,,,,,,,,,
1384416,2023/24,2023-10-26,"M Chinnaswamy Stadium, Bengaluru",2,24.2,Sri Lanka,England,S Samarawickrama,P Nissanka,CR Woakes,1,0,,,,,,,,,
1384416,2023/24,2023-10-26,"M Chinnaswamy Stadium, Bengaluru",2,24.3,Sri Lanka,England,P Nissanka,S Samarawickrama,CR Woakes,0,0,,,,,,,,,
1384416,2023/24,2023-10-26,"M Chinnaswamy Stadium, Bengaluru",2,24.4,Sri Lanka,England,P Nissanka,S Samarawickrama,CR Woakes,1,0,,,,,,,,,
1384416,2023/24,2023-10-26,"M Chinnaswamy Stadium, Bengaluru",2,24.5,Sri Lanka,England,S Samarawickrama,P Nissanka,CR Woakes,0,1,1,,,,,,,,
1384416,2023/24,2023-10-26,"M Chinnaswamy Stadium, Bengaluru",2,24.6,Sri Lanka,England,S Samarawickrama,P Nissanka,CR Woakes,1,0,,,,,,,,,
1384416,2023/24,2023-10-26,"M Chinnaswamy Stadium, Bengaluru",2,24.7,Sri Lanka,England,P Nissanka,S Samarawickrama,CR Woakes,1,0,,,,,,,,,
1384416,2023/24,2023-10-26,"M Chinnaswamy Stadium, Bengaluru",2,25.1,Sri Lanka,England,P Nissanka,S Samarawickrama,AU Rashid,2,0,,,,,,,,,
1384416,2023/24,2023-10-26,"M Chinnaswamy Stadium, Bengaluru",2,25.2,Sri Lanka,England,P Nissanka,S Samarawickrama,AU Rashid,0,0,,,,,,,,,
1384416,2023/24,2023-10-26,"M Chinnaswamy Stadium, Bengaluru",2,25.3,Sri Lanka,England,P Nissanka,S Samarawickrama,AU Rashid,0,0,,,,,,,,,
1384416,2023/24,2023-10-26,"M Chinnaswamy Stadium, Bengaluru",2,25.4,Sri Lanka,England,P Nissanka,S Samarawickrama,AU Rashid,6,0,,,,,,,,,
