match_id,season,start_date,venue,innings,ball,batting_team,bowling_team,striker,non_striker,bowler,runs_off_bat,extras,wides,noballs,byes,legbyes,penalty,wicket_type,player_dismissed,other_wicket_type,other_player_dismissed
1384420,2023/24,2023-10-29,"Bharat Ratna Shri Atal Bihari Vajpayee Ekana Cricket Stadium, Lucknow",1,0.1,India,England,RG Sharma,Shubman Gill,DJ Willey,0,0,,,,,,,,,
1384420,2023/24,2023-10-29,"Bharat Ratna Shri Atal Bihari Vajpayee Ekana Cricket Stadium, Lucknow",1,0.2,India,England,RG Sharma,Shubman Gill,DJ Willey,0,0,,,,,,,,,
1384420,2023/24,2023-10-29,"Bharat Ratna Shri Atal Bihari Vajpayee Ekana Cricket Stadium, Lucknow",1,0.3,India,England,RG Sharma,Shubman Gill,DJ Willey,0,0,,,,,,,,,
1384420,2023/24,2023-10-29,"Bharat Ratna Shri Atal Bihari Vajpayee Ekana Cricket Stadium, Lucknow",1,0.4,India,England,RG Sharma,Shubman Gill,DJ Willey,0,0,,,,,,,,,
1384420,2023/24,2023-10-29,"Bharat Ratna Shri Atal Bihari Vajpayee Ekana Cricket Stadium, Lucknow",1,0.5,India,England,RG Sharma,Shubman Gill,DJ Willey,0,0,,,,,,,,,
1384420,2023/24,2023-10-29,"Bharat Ratna Shri Atal Bihari Vajpayee Ekana Cricket Stadium, Lucknow",1,0.6,India,England,RG Sharma,Shubman Gill,DJ Willey,0,0,,,,,,,,,
1384420,2023/24,2023-10-29,"Bharat Ratna Shri Atal Bihari Vajpayee Ekana Cricket Stadium, Lucknow",1,1.1,India,England,Shubman Gill,RG Sharma,CR Woakes,0,0,,,,,,,,,
1384420,2023/24,2023-10-29,"Bharat Ratna Shri Atal Bihari Vajpayee Ekana Cricket Stadium, Lucknow",1,1.2,India,England,Shubman Gill,RG Sharma,CR Woakes,0,0,,,,,,,,,
1384420,2023/24,2023-10-29,"Bharat Ratna Shri Atal Bihari Vajpayee Ekana Cricket Stadium, Lucknow",1,1.3,India,England,Shubman Gill,RG Sharma,CR Woakes,4,0,,,,,,,,,
1384420,2023/24,2023-10-29,"Bharat Ratna Shri Atal Bihari Vajpayee Ekana Cricket Stadium, Lucknow",1,1.4,India,England,Shubman Gill,RG Sharma,CR Woakes,0,0,,,,,,,,,
1384420,2023/24,2023-10-29,"Bharat Ratna Shri Atal Bihari Vajpayee Ekana Cricket Stadium, Lucknow",1,1.5,India,England,Shubman Gill,RG Sharma,CR Woakes,0,0,,,,,,,,,
1384420,2023/24,2023-10-29,"Bharat Ratna Shri Atal Bihari Vajpayee Ekana Cricket Stadium, Lucknow",1,1.6,India,England,Shubman Gill,RG Sharma,CR Woakes,0,0,,,,,,,,,
1384420,2023/24,2023-10-29,"Bharat Ratna Shri Atal Bihari Vajpayee Ekana Cricket Stadium, Lucknow",1,2.1,India,England,RG Sharma,Shubman Gill,DJ Willey,0,0,,,,,,,,,
1384420,2023/24,2023-10-29,"Bharat Ratna Shri Atal Bihari Vajpayee Ekana Cricket Stadium, Lucknow",1,2.2,India,England,RG Sharma,Shubman Gill,DJ Willey,4,0,,,,,,,,,
1384420,2023/24,2023-10-29,"Bharat Ratna Shri Atal Bihari Vajpayee Ekana Cricket Stadium, Lucknow",1,2.3,India,England,RG Sharma,Shubman Gill,DJ Willey,6,0,,,,,,,,,
1384420,2023/24,2023-10-29,"Bharat Ratna Shri Atal Bihari Vajpayee Ekana Cricket Stadium, Lucknow",1,2.4,India,England,RG Sharma,Shubman Gill,DJ Willey,1,0,,,,,,,,,
1384420,2023/24,2023-10-29,"Bharat Ratna Shri Atal Bihari Vajpayee Ekana Cricket Stadium, Lucknow",1,2.5,India,England,Shubman Gill,RG Sharma,DJ Willey,1,0,,,,,,,,,
1384420,2023/24,2023-10-29,"Bharat Ratna Shri Atal Bihari Vajpayee Ekana Cricket Stadium, Lucknow",1,2.6,India,England,RG Sharma,Shubman Gill,DJ Willey,6,0,,,,,,,,,
1384420,2023/24,2023-10-29,"Bharat Ratna Shri Atal Bihari Vajpayee Ekana Cricket Stadium, Lucknow",1,3.1,India,England,Shubman Gill,RG Sharma,CR Woakes,2,0,,,,,,,,,
1384420,2023/24,2023-10-29,"Bharat Ratna Shri Atal Bihari Vajpayee Ekana Cricket Stadium, Lucknow",1,3.2,India,England,Shubman Gill,RG Sharma,CR Woakes,0,0,,,,,,,,,
1384420,2023/24,2023-10-29,"Bharat Ratna Shri Atal Bihari Vajpayee Ekana Cricket Stadium, Lucknow",1,3.3,India,England,Shubman Gill,RG Sharma,CR Woakes,0,0,,,,,,,,,
1384420,2023/24,2023-10-29,"Bharat Ratna Shri Atal Bihari Vajpayee Ekana Cricket Stadium, Lucknow",1,3.4,India,England,Shubman Gill,RG Sharma,CR Woakes,0,0,,,,,,,,,
1384420,2023/24,2023-10-29,"Bharat Ratna Shri Atal Bihari Vajpayee Ekana Cricket Stadium, Lucknow",1,3.5,India,England,Shubman Gill,RG Sharma,CR Woakes,2,0,,,,,,,,,
1384420,2023/24,2023-10-29,"Bharat Ratna Shri Atal Bihari Vajpayee Ekana Cricket Stadium, Lucknow",1,3.6,India,England,Shubman Gill,RG Sharma,CR Woakes,0,0,,,,,,bowled,Shubman Gill,,
1384420,2023/24,2023-10-29,"Bharat Ratna Shri Atal Bihari Vajpayee Ekana Cricket Stadium, Lucknow",1,4.1,India,England,RG Sharma,V Kohli,DJ Willey,0,0,,,,,,,,,
1384420,2023/24,2023-10-29,"Bharat Ratna Shri Atal Bihari Vajpayee Ekana Cricket Stadium, Lucknow",1,4.2,India,England,RG Sharma,V Kohli,DJ Willey,1,0,,,,,,,,,
1384420,2023/24,2023-10-29,"Bharat Ratna Shri Atal Bihari Vajpayee Ekana Cricket Stadium, Lucknow",1,4.3,India,England,V Kohli,RG Sharma,DJ Willey,0,0,,,,,,,,,
1384420,2023/24,2023-10-29,"Bharat Ratna Shri Atal Bihari Vajpayee Ekana Cricket Stadium, Lucknow",1,4.4,India,England,V Kohli,RG Sharma,DJ Willey,0,0,,,,,,,,,
1384420,2023/24,2023-10-29,"Bharat Ratna Shri Atal Bihari Vajpayee Ekana Cricket Stadium, Lucknow",1,4.5,India,England,V Kohli,RG Sharma,DJ Willey,0,0,,,,,,,,,
1384420,2023/24,2023-10-29,"Bharat Ratna Shri Atal Bihari Vajpayee Ekana Cricket Stadium, Lucknow",1,4.6,India,England,V Kohli,RG Sharma,DJ Willey,0,0,,,,,,,,,
1384420,2023/24,2023-10-29,"Bharat Ratna Shri Atal Bihari Vajpayee Ekana Cricket Stadium, Lucknow",1,5.1,India,England,RG Sharma,V Kohli,CR Woakes,0,0,,,,,,,,,
1384420,2023/24,2023-10-29,"Bharat Ratna Shri Atal Bihari Vajpayee Ekana Cricket Stadium, Lucknow",1,5.2,India,England,RG Sharma,V Kohli,CR Woakes,0,0,,,,,,,,,
1384420,2023/24,2023-10-29,"Bharat Ratna Shri Atal Bihari Vajpayee Ekana Cricket Stadium, Lucknow",1,5.3,India,England,RG Sharma,V Kohli,CR Woakes,0,0,,,,,,,,,
1384420,2023/24,2023-10-29,"Bharat Ratna Shri Atal Bihari Vajpayee Ekana Cricket Stadium, Lucknow",1,5.4,India,England,RG Sharma,V Kohli,CR Woakes,0,0,,,,,,,,,
1384420,2023/24,2023-10-29,"Bharat Ratna Shri Atal Bihari Vajpayee Ekana Cricket Stadium, Lucknow",1,5.5,India,England,RG Sharma,V Kohli,CR Woakes,0,0,,,,,,,,,
1384420,2023/24,2023-10-29,"Bharat Ratna Shri Atal Bihari Vajpayee Ekana Cricket Stadium, Lucknow",1,5.6,India,England,RG Sharma,V Kohli,CR Woakes,0,0,,,,,,,,,
1384420,2023/24,2023-10-29,"Bharat Ratna Shri Atal Bihari Vajpayee Ekana Cricket Stadium, Lucknow",1,6.1,India,England,V Kohli,RG Sharma,DJ Willey,0,0,,,,,,,,,
1384420,2023/24,2023-10-29,"Bharat Ratna Shri Atal Bihari Vajpayee Ekana Cricket Stadium, Lucknow",1,6.2,India,England,V Kohli,RG Sharma,DJ Willey,0,0,,,,,,,,,
1384420,2023/24,2023-10-29,"Bharat Ratna Shri Atal Bihari Vajpayee Ekana Cricket Stadium, Lucknow",1,6.3,India,England,V Kohli,RG Sharma,DJ Willey,0,0,,,,,,,,,
1384420,2023/24,2023-10-29,"Bharat Ratna Shri Atal Bihari Vajpayee Ekana Cricket Stadium, Lucknow",1,6.4,India,England,V Kohli,RG Sharma,DJ Willey,0,0,,,,,,,,,
1384420,2023/24,2023-10-29,"Bharat Ratna Shri Atal Bihari Vajpayee Ekana Cricket Stadium, Lucknow",1,6.5,India,England,V Kohli,RG Sharma,DJ Willey,0,0,,,,,,caught,V Kohli,,
1384420,2023/24,2023-10-29,"Bharat Ratna Shri Atal Bihari Vajpayee Ekana Cricket Stadium, Lucknow",1,6.6,India,England,SS Iyer,RG Sharma,DJ Willey,1,0,,,,,,,,,
1384420,2023/24,2023-10-29,"Bharat Ratna Shri Atal Bihari Vajpayee Ekana Cricket Stadium, Lucknow",1,7.1,India,England,SS Iyer,RG Sharma,CR Woakes,1,0,,,,,,,,,
1384420,2023/24,2023-10-29,"Bharat Ratna Shri Atal Bihari Vajpayee Ekana Cricket Stadium, Lucknow",1,7.2,India,England,RG Sharma,SS Iyer,CR Woakes,0,0,,,,,,,,,
1384420,2023/24,2023-10-29,"Bharat Ratna Shri Atal Bihari Vajpayee Ekana Cricket Stadium, Lucknow",1,7.3,India,England,RG Sharma,SS Iyer,CR Woakes,0,0,,,,,,,,,
1384420,2023/24,2023-10-29,"Bharat Ratna Shri Atal Bihari Vajpayee Ekana Cricket Stadium, Lucknow",1,7.4,India,England,RG Sharma,SS Iyer,CR Woakes,0,0,,,,,,,,,
1384420,2023/24,2023-10-29,"Bharat Ratna Shri Atal Bihari Vajpayee Ekana Cricket Stadium, Lucknow",1,7.5,India,England,RG Sharma,SS Iyer,CR Woakes,2,0,,,,,,,,,
1384420,2023/24,2023-10-29,"Bharat Ratna Shri Atal Bihari Vajpayee Ekana Cricket Stadium, Lucknow",1,7.6,India,England,RG Sharma,SS Iyer,CR Woakes,0,0,,,,,,,,,
1384420,2023/24,2023-10-29,"Bharat Ratna Shri Atal Bihari Vajpayee Ekana Cricket Stadium, Lucknow",1,8.1,India,England,SS Iyer,RG Sharma,DJ Willey,0,0,,,,,,,,,
1384420,2023/24,2023-10-29,"Bharat Ratna Shri Atal Bihari Vajpayee Ekana Cricket Stadium, Lucknow",1,8.2,India,England,SS Iyer,RG Sharma,DJ Willey,0,0,,,,,,,,,
1384420,2023/24,2023-10-29,"Bharat Ratna Shri Atal Bihari Vajpayee Ekana Cricket Stadium, Lucknow",1,8.3,India,England,SS Iyer,RG Sharma,DJ Willey,0,0,,,,,,,,,
1384420,2023/24,2023-10-29,"Bharat Ratna Shri Atal Bihari Vajpayee Ekana Cricket Stadium, Lucknow",1,8.4,India,England,SS Iyer,RG Sharma,DJ Willey,0,0,,,,,,,,,
1384420,2023/24,2023-10-29,"Bharat Ratna Shri Atal Bihari Vajpayee Ekana Cricket Stadium, Lucknow",1,8.5,India,England,SS Iyer,RG Sharma,DJ Willey,0,0,,,,,,,,,
1384420,2023/24,2023-10-29,"Bharat Ratna Shri Atal Bihari Vajpayee Ekana Cricket Stadium, Lucknow",1,8.6,India,England,SS Iyer,RG Sharma,DJ Willey,0,0,,,,,,,,,
1384420,2023/24,2023-10-29,"Bharat Ratna Shri Atal Bihari Vajpayee Ekana Cricket Stadium, Lucknow",1,9.1,India,England,RG Sharma,SS Iyer,CR Woakes,0,0,,,,,,,,,
1384420,2023/24,2023-10-29,"Bharat Ratna Shri Atal Bihari Vajpayee Ekana Cricket Stadium, Lucknow",1,9.2,India,England,RG Sharma,SS Iyer,CR Woakes,4,0,,,,,,,,,
1384420,2023/24,2023-10-29,"Bharat Ratna Shri Atal Bihari Vajpayee Ekana Cricket Stadium, Lucknow",1,9.3,India,England,RG Sharma,SS Iyer,CR Woakes,0,0,,,,,,,,,
1384420,2023/24,2023-10-29,"Bharat Ratna Shri Atal Bihari Vajpayee Ekana Cricket Stadium, Lucknow",1,9.4,India,England,RG Sharma,SS Iyer,CR Woakes,0,0,,,,,,,,,
1384420,2023/24,2023-10-29,"Bharat Ratna Shri Atal Bihari Vajpayee Ekana Cricket Stadium, Lucknow",1,9.5,India,England,RG Sharma,SS Iyer,CR Woakes,0,0,,,,,,,,,
1384420,2023/24,2023-10-29,"Bharat Ratna Shri Atal Bihari Vajpayee Ekana Cricket Stadium, Lucknow",1,9.6,India,England,RG Sharma,SS Iyer,CR Woakes,0,0,,,,,,,,,
1384420,2023/24,2023-10-29,"Bharat Ratna Shri Atal Bihari Vajpayee Ekana Cricket Stadium, Lucknow",1,10.1,India,England,SS Iyer,RG Sharma,AU Rashid,1,0,,,,,,,,,
1384420,2023/24,2023-10-29,"Bharat Ratna Shri Atal Bihari Vajpayee Ekana Cricket Stadium, Lucknow",1,10.2,India,England,RG Sharma,SS Iyer,AU Rashid,1,0,,,,,,,,,
1384420,2023/24,2023-10-29,"Bharat Ratna Shri Atal Bihari Vajpayee Ekana Cricket Stadium, Lucknow",1,10.3,India,England,SS Iyer,RG Sharma,AU Rashid,0,0,,,,,,,,,
1384420,2023/24,2023-10-29,"Bharat Ratna Shri Atal Bihari Vajpayee Ekana Cricket Stadium, Lucknow",1,10.4,India,England,SS Iyer,RG Sharma,AU Rashid,1,0,,,,,,,,,
1384420,2023/24,2023-10-29,"Bharat Ratna Shri Atal Bihari Vajpayee Ekana Cricket Stadium, Lucknow",1,10.5,India,England,RG Sharma,SS Iyer,AU Rashid,1,0,,,,,,,,,
1384420,2023/24,2023-10-29,"Bharat Ratna Shri Atal Bihari Vajpayee Ekana Cricket Stadium, Lucknow",1,10.6,India,England,SS Iyer,RG Sharma,AU Rashid,0,0,,,,,,,,,
1384420,2023/24,2023-10-29,"Bharat Ratna Shri Atal Bihari Vajpayee Ekana Cricket Stadium, Lucknow",1,11.1,India,England,RG Sharma,SS Iyer,CR Woakes,1,0,,,,,,,,,
1384420,2023/24,2023-10-29,"Bharat Ratna Shri Atal Bihari Vajpayee Ekana Cricket Stadium, Lucknow",1,11.2,India,England,SS Iyer,RG Sharma,CR Woakes,0,0,,,,,,,,,
1384420,2023/24,2023-10-29,"Bharat Ratna Shri Atal Bihari Vajpayee Ekana Cricket Stadium, Lucknow",1,11.3,India,England,SS Iyer,RG Sharma,CR Woakes,0,0,,,,,,,,,
1384420,2023/24,2023-10-29,"Bharat Ratna Shri Atal Bihari Vajpayee Ekana Cricket Stadium, Lucknow",1,11.4,India,England,SS Iyer,RG Sharma,CR Woakes,0,0,,,,,,,,,
1384420,2023/24,2023-10-29,"Bharat Ratna Shri Atal Bihari Vajpayee Ekana Cricket Stadium, Lucknow",1,11.5,India,England,SS Iyer,RG Sharma,CR Woakes,0,0,,,,,,caught,SS Iyer,,
1384420,2023/24,2023-10-29,"Bharat Ratna Shri Atal Bihari Vajpayee Ekana Cricket Stadium, Lucknow",1,11.6,India,England,KL Rahul,RG Sharma,CR Woakes,0,0,,,,,,,,,
1384420,2023/24,2023-10-29,"Bharat Ratna Shri Atal Bihari Vajpayee Ekana Cricket Stadium, Lucknow",1,12.1,India,England,RG Sharma,KL Rahul,AU Rashid,0,0,,,,,,,,,
1384420,2023/24,2023-10-29,"Bharat Ratna Shri Atal Bihari Vajpayee Ekana Cricket Stadium, Lucknow",1,12.2,India,England,RG Sharma,KL Rahul,AU Rashid,0,0,,,,,,,,,
1384420,2023/24,2023-10-29,"Bharat Ratna Shri Atal Bihari Vajpayee Ekana Cricket Stadium, Lucknow",1,12.3,India,England,RG Sharma,KL Rahul,AU Rashid,1,0,,,,,,,,,
1384420,2023/24,2023-10-29,"Bharat Ratna Shri Atal Bihari Vajpayee Ekana Cricket Stadium, Lucknow",1,12.4,India,England,KL Rahul,RG Sharma,AU Rashid,0,0,,,,,,,,,
1384420,2023/24,2023-10-29,"Bharat Ratna Shri Atal Bihari Vajpayee Ekana Cricket Stadium, Lucknow",1,12.5,India,England,KL Rahul,RG Sharma,AU Rashid,1,0,,,,,,,,,
1384420,2023/24,2023-10-29,"Bharat Ratna Shri Atal Bihari Vajpayee Ekana Cricket Stadium, Lucknow",1,12.6,India,England,RG Sharma,KL Rahul,AU Rashid,0,0,,,,,,,,,
1384420,2023/24,2023-10-29,"Bharat Ratna Shri Atal Bihari Vajpayee Ekana Cricket Stadium, Lucknow",1,13.1,India,England,KL Rahul,RG Sharma,CR Woakes,1,0,,,,,,,,,
1384420,2023/24,2023-10-29,"Bharat Ratna Shri Atal Bihari Vajpayee Ekana Cricket Stadium, Lucknow",1,13.2,India,England,RG Sharma,KL Rahul,CR Woakes,0,0,,,,,,,,,
1384420,2023/24,2023-10-29,"Bharat Ratna Shri Atal Bihari Vajpayee Ekana Cricket Stadium, Lucknow",1,13.3,India,England,RG Sharma,KL Rahul,CR Woakes,1,0,,,,,,,,,
1384420,2023/24,2023-10-29,"Bharat Ratna Shri Atal Bihari Vajpayee Ekana Cricket Stadium, Lucknow",1,13.4,India,England,KL Rahul,RG Sharma,CR Woakes,1,0,,,,,,,,,
1384420,2023/24,2023-10-29,"Bharat Ratna Shri Atal Bihari Vajpayee Ekana Cricket Stadium, Lucknow",1,13.5,India,England,RG Sharma,KL Rahul,CR Woakes,0,0,,,,,,,,,
1384420,2023/24,2023-10-29,"Bharat Ratna Shri Atal Bihari Vajpayee Ekana Cricket Stadium, Lucknow",1,13.6,India,England,RG Sharma,KL Rahul,CR Woakes,4,0,,,,,,,,,
1384420,2023/24,2023-10-29,"Bharat Ratna Shri Atal Bihari Vajpayee Ekana Cricket Stadium, Lucknow",1,14.1,India,England,KL Rahul,RG Sharma,AU Rashid,0,0,,,,,,,,,
1384420,2023/24,2023-10-29,"Bharat Ratna Shri Atal Bihari Vajpayee Ekana Cricket Stadium, Lucknow",1,14.2,India,England,KL Rahul,RG Sharma,AU Rashid,1,0,,,,,,,,,
1384420,2023/24,2023-10-29,"Bharat Ratna Shri Atal Bihari Vajpayee Ekana Cricket Stadium, Lucknow",1,14.3,India,England,RG Sharma,KL Rahul,AU Rashid,0,0,,,,,,,,,
1384420,2023/24,2023-10-29,"Bharat Ratna Shri Atal Bihari Vajpayee Ekana Cricket Stadium, Lucknow",1,14.4,India,England,RG Sharma,KL Rahul,AU Rashid,0,0,,,,,,,,,
1384420,2023/24,2023-10-29,"Bharat Ratna Shri Atal Bihari Vajpayee Ekana Cricket Stadium, Lucknow",1,14.5,India,England,RG Sharma,KL Rahul,AU Rashid,0,0,,,,,,,,,
1384420,2023/24,2023-10-29,"Bharat Ratna Shri Atal Bihari Vajpayee Ekana Cricket Stadium, Lucknow",1,14.6,India,England,RG Sharma,KL Rahul,AU Rashid,0,0,,,,,,,,,
1384420,2023/24,2023-10-29,"Bharat Ratna Shri Atal Bihari Vajpayee Ekana Cricket Stadium, Lucknow",1,15.1,India,England,KL Rahul,RG Sharma,MA Wood,1,0,,,,,,,,,
1384420,2023/24,2023-10-29,"Bharat Ratna Shri Atal Bihari Vajpayee Ekana Cricket Stadium, Lucknow",1,15.2,India,England,RG Sharma,KL Rahul,MA Wood,0,0,,,,,,,,,
1384420,2023/24,2023-10-29,"Bharat Ratna Shri Atal Bihari Vajpayee Ekana Cricket Stadium, Lucknow",1,15.3,India,England,RG Sharma,KL Rahul,MA Wood,0,0,,,,,,,,,
1384420,2023/24,2023-10-29,"Bharat Ratna Shri Atal Bihari Vajpayee Ekana Cricket Stadium, Lucknow",1,15.4,India,England,RG Sharma,KL Rahul,MA Wood,0,0,,,,,,,,,
1384420,2023/24,2023-10-29,"Bharat Ratna Shri Atal Bihari Vajpayee Ekana Cricket Stadium, Lucknow",1,15.5,India,England,RG Sharma,KL Rahul,MA Wood,0,0,,,,,,,,,
1384420,2023/24,2023-10-29,"Bharat Ratna Shri Atal Bihari Vajpayee Ekana Cricket Stadium, Lucknow",1,15.6,India,England,RG Sharma,KL Rahul,MA Wood,4,0,,,,,,,,,
1384420,2023/24,2023-10-29,"Bharat Ratna Shri Atal Bihari Vajpayee Ekana Cricket Stadium, Lucknow",1,16.1,India,England,KL Rahul,RG Sharma,AU Rashid,0,0,,,,,,,,,
1384420,2023/24,2023-10-29,"Bharat Ratna Shri Atal Bihari Vajpayee Ekana Cricket Stadium, Lucknow",1,16.2,India,England,KL Rahul,RG Sharma,AU Rashid,1,0,,,,,,,,,
1384420,2023/24,2023-10-29,"Bharat Ratna Shri Atal Bihari Vajpayee Ekana Cricket Stadium, Lucknow",1,16.3,India,England,RG Sharma,KL Rahul,AU Rashid,4,0,,,,,,,,,
1384420,2023/24,2023-10-29,"Bharat Ratna Shri Atal Bihari Vajpayee Ekana Cricket Stadium, Lucknow",1,16.4,India,England,RG Sharma,KL Rahul,AU Rashid,0,0,,,,,,,,,
1384420,2023/24,2023-10-29,"Bharat Ratna Shri Atal Bihari Vajpayee Ekana Cricket Stadium, Lucknow",1,16.5,India,England,RG Sharma,KL Rahul,AU Rashid,1,0,,,,,,,,,
1384420,2023/24,2023-10-29,"Bharat Ratna Shri Atal Bihari Vajpayee Ekana Cricket Stadium, Lucknow",1,16.6,India,England,KL Rahul,RG Sharma,AU Rashid,1,0,,,,,,,,,
1384420,2023/24,2023-10-29,"Bharat Ratna Shri Atal Bihari Vajpayee Ekana Cricket Stadium, Lucknow",1,17.1,India,England,KL Rahul,RG Sharma,MA Wood,0,0,,,,,,,,,
1384420,2023/24,2023-10-29,"Bharat Ratna Shri Atal Bihari Vajpayee Ekana Cricket Stadium, Lucknow",1,17.2,India,England,KL Rahul,RG Sharma,MA Wood,0,0,,,,,,,,,
1384420,2023/24,2023-10-29,"Bharat Ratna Shri Atal Bihari Vajpayee Ekana Cricket Stadium, Lucknow",1,17.3,India,England,KL Rahul,RG Sharma,MA Wood,0,0,,,,,,,,,
1384420,2023/24,2023-10-29,"Bharat Ratna Shri Atal Bihari Vajpayee Ekana Cricket Stadium, Lucknow",1,17.4,India,England,KL Rahul,RG Sharma,MA Wood,4,0,,,,,,,,,
1384420,2023/24,2023-10-29,"Bharat Ratna Shri Atal Bihari Vajpayee Ekana Cricket Stadium, Lucknow",1,17.5,India,England,KL Rahul,RG Sharma,MA Wood,1,0,,,,,,,,,
1384420,2023/24,2023-10-29,"Bharat Ratna Shri Atal Bihari Vajpayee Ekana Cricket Stadium, Lucknow",1,17.6,India,England,RG Sharma,KL Rahul,MA Wood,0,0,,,,,,,,,
1384420,2023/24,2023-10-29,"Bharat Ratna Shri Atal Bihari Vajpayee Ekana Cricket Stadium, Lucknow",1,18.1,India,England,KL Rahul,RG Sharma,AU Rashid,0,0,,,,,,,,,
1384420,2023/24,2023-10-29,"Bharat Ratna Shri Atal Bihari Vajpayee Ekana Cricket Stadium, Lucknow",1,18.2,India,England,KL Rahul,RG Sharma,AU Rashid,0,0,,,,,,,,,
1384420,2023/24,2023-10-29,"Bharat Ratna Shri Atal Bihari Vajpayee Ekana Cricket Stadium, Lucknow",1,18.3,India,England,KL Rahul,RG Sharma,AU Rashid,1,0,,,,,,,,,
1384420,2023/24,2023-10-29,"Bharat Ratna Shri Atal Bihari Vajpayee Ekana Cricket Stadium, Lucknow",1,18.4,India,England,RG Sharma,KL Rahul,AU Rashid,1,0,,,,,,,,,
1384420,2023/24,2023-10-29,"Bharat Ratna Shri Atal Bihari Vajpayee Ekana Cricket Stadium, Lucknow",1,18.5,India,England,KL Rahul,RG Sharma,AU Rashid,0,0,,,,,,,,,
1384420,2023/24,2023-10-29,"Bharat Ratna Shri Atal Bihari Vajpayee Ekana Cricket Stadium, Lucknow",1,18.6,India,England,KL Rahul,RG Sharma,AU Rashid,1,0,,,,,,,,,
1384420,2023/24,2023-10-29,"Bharat Ratna Shri Atal Bihari Vajpayee Ekana Cricket Stadium, Lucknow",1,19.1,India,England,KL Rahul,RG Sharma,MA Wood,0,0,,,,,,,,,
1384420,2023/24,2023-10-29,"Bharat Ratna Shri Atal Bihari Vajpayee Ekana Cricket Stadium, Lucknow",1,19.2,India,England,KL Rahul,RG Sharma,MA Wood,1,0,,,,,,,,,
1384420,2023/24,2023-10-29,"Bharat Ratna Shri Atal Bihari Vajpayee Ekana Cricket Stadium, Lucknow",1,19.3,India,England,RG Sharma,KL Rahul,MA Wood,1,0,,,,,,,,,
1384420,2023/24,2023-10-29,"Bharat Ratna Shri Atal Bihari Vajpayee Ekana Cricket Stadium, Lucknow",1,19.4,India,England,KL Rahul,RG Sharma,MA Wood,0,0,,,,,,,,,
1384420,2023/24,2023-10-29,"Bharat Ratna Shri Atal Bihari Vajpayee Ekana Cricket Stadium, Lucknow",1,19.5,India,England,KL Rahul,RG Sharma,MA Wood,0,0,,,,,,,,,
1384420,2023/24,2023-10-29,"Bharat Ratna Shri Atal Bihari Vajpayee Ekana Cricket Stadium, Lucknow",1,19.6,India,England,KL Rahul,RG Sharma,MA Wood,1,0,,,,,,,,,
1384420,2023/24,2023-10-29,"Bharat Ratna Shri Atal Bihari Vajpayee Ekana Cricket Stadium, Lucknow",1,20.1,India,England,KL Rahul,RG Sharma,AU Rashid,1,0,,,,,,,,,
1384420,2023/24,2023-10-29,"Bharat Ratna Shri Atal Bihari Vajpayee Ekana Cricket Stadium, Lucknow",1,20.2,India,England,RG Sharma,KL Rahul,AU Rashid,0,0,,,,,,,,,
1384420,2023/24,2023-10-29,"Bharat Ratna Shri Atal Bihari Vajpayee Ekana Cricket Stadium, Lucknow",1,20.3,India,England,RG Sharma,KL Rahul,AU Rashid,4,0,,,,,,,,,
1384420,2023/24,2023-10-29,"Bharat Ratna Shri Atal Bihari Vajpayee Ekana Cricket Stadium, Lucknow",1,20.4,India,England,RG Sharma,KL Rahul,AU Rashid,0,0,,,,,,,,,
1384420,2023/24,2023-10-29,"Bharat Ratna Shri Atal Bihari Vajpayee Ekana Cricket Stadium, Lucknow",1,20.5,India,England,RG Sharma,KL Rahul,AU Rashid,0,0,,,,,,,,,
1384420,2023/24,2023-10-29,"Bharat Ratna Shri Atal Bihari Vajpayee Ekana Cricket Stadium, Lucknow",1,20.6,India,England,RG Sharma,KL Rahul,AU Rashid,0,0,,,,,,,,,
1384420,2023/24,2023-10-29,"Bharat Ratna Shri Atal Bihari Vajpayee Ekana Cricket Stadium, Lucknow",1,21.1,India,England,KL Rahul,RG Sharma,MA Wood,0,0,,,,,,,,,
1384420,2023/24,2023-10-29,"Bharat Ratna Shri Atal Bihari Vajpayee Ekana Cricket Stadium, Lucknow",1,21.2,India,England,KL Rahul,RG Sharma,MA Wood,1,0,,,,,,,,,
1384420,2023/24,2023-10-29,"Bharat Ratna Shri Atal Bihari Vajpayee Ekana Cricket Stadium, Lucknow",1,21.3,India,England,RG Sharma,KL Rahul,MA Wood,0,0,,,,,,,,,
1384420,2023/24,2023-10-29,"Bharat Ratna Shri Atal Bihari Vajpayee Ekana Cricket Stadium, Lucknow",1,21.4,India,England,RG Sharma,KL Rahul,MA Wood,1,0,,,,,,,,,
1384420,2023/24,2023-10-29,"Bharat Ratna Shri Atal Bihari Vajpayee Ekana Cricket Stadium, Lucknow",1,21.5,India,England,KL Rahul,RG Sharma,MA Wood,0,0,,,,,,,,,
1384420,2023/24,2023-10-29,"Bharat Ratna Shri Atal Bihari Vajpayee Ekana Cricket Stadium, Lucknow",1,21.6,India,England,KL Rahul,RG Sharma,MA Wood,1,0,,,,,,,,,
1384420,2023/24,2023-10-29,"Bharat Ratna Shri Atal Bihari Vajpayee Ekana Cricket Stadium, Lucknow",1,22.1,India,England,KL Rahul,RG Sharma,LS Livingstone,0,0,,,,,,,,,
1384420,2023/24,2023-10-29,"Bharat Ratna Shri Atal Bihari Vajpayee Ekana Cricket Stadium, Lucknow",1,22.2,India,England,KL Rahul,RG Sharma,LS Livingstone,0,0,,,,,,,,,
1384420,2023/24,2023-10-29,"Bharat Ratna Shri Atal Bihari Vajpayee Ekana Cricket Stadium, Lucknow",1,22.3,India,England,KL Rahul,RG Sharma,LS Livingstone,0,0,,,,,,,,,
1384420,2023/24,2023-10-29,"Bharat Ratna Shri Atal Bihari Vajpayee Ekana Cricket Stadium, Lucknow",1,22.4,India,England,KL Rahul,RG Sharma,LS Livingstone,0,0,,,,,,,,,
1384420,2023/24,2023-10-29,"Bharat Ratna Shri Atal Bihari Vajpayee Ekana Cricket Stadium, Lucknow",1,22.5,India,England,KL Rahul,RG Sharma,LS Livingstone,0,0,,,,,,,,,
1384420,2023/24,2023-10-29,"Bharat Ratna Shri Atal Bihari Vajpayee Ekana Cricket Stadium, Lucknow",1,22.6,India,England,KL Rahul,RG Sharma,LS Livingstone,0,0,,,,,,,,,
1384420,2023/24,2023-10-29,"Bharat Ratna Shri Atal Bihari Vajpayee Ekana Cricket Stadium, Lucknow",1,23.1,India,England,RG Sharma,KL Rahul,MA Wood,0,0,,,,,,,,,
1384420,2023/24,2023-10-29,"Bharat Ratna Shri Atal Bihari Vajpayee Ekana Cricket Stadium, Lucknow",1,23.2,India,England,RG Sharma,KL Rahul,MA Wood,0,0,,,,,,,,,
1384420,2023/24,2023-10-29,"Bharat Ratna Shri Atal Bihari Vajpayee Ekana Cricket Stadium, Lucknow",1,23.3,India,England,RG Sharma,KL Rahul,MA Wood,2,0,,,,,,,,,
1384420,2023/24,2023-10-29,"Bharat Ratna Shri Atal Bihari Vajpayee Ekana Cricket Stadium, Lucknow",1,23.4,India,England,RG Sharma,KL Rahul,MA Wood,6,0,,,,,,,,,
1384420,2023/24,2023-10-29,"Bharat Ratna Shri Atal Bihari Vajpayee Ekana Cricket Stadium, Lucknow",1,23.5,India,England,RG Sharma,KL Rahul,MA Wood,0,0,,,,,,,,,
1384420,2023/24,2023-10-29,"Bharat Ratna Shri Atal Bihari Vajpayee Ekana Cricket Stadium, Lucknow",1,23.6,India,England,RG Sharma,KL Rahul,MA Wood,0,0,,,,,,,,,
1384420,2023/24,2023-10-29,"Bharat Ratna Shri Atal Bihari Vajpayee Ekana Cricket Stadium, Lucknow",1,24.1,India,England,KL Rahul,RG Sharma,LS Livingstone,0,0,,,,,,,,,
1384420,2023/24,2023-10-29,"Bharat Ratna Shri Atal Bihari Vajpayee Ekana Cricket Stadium, Lucknow",1,24.2,India,England,KL Rahul,RG Sharma,LS Livingstone,4,0,,,,,,,,,
1384420,2023/24,2023-10-29,"Bharat Ratna Shri Atal Bihari Vajpayee Ekana Cricket Stadium, Lucknow",1,24.3,India,England,KL Rahul,RG Sharma,LS Livingstone,4,0,,,,,,,,,
1384420,2023/24,2023-10-29,"Bharat Ratna Shri Atal Bihari Vajpayee Ekana Cricket Stadium, Lucknow",1,24.4,India,England,KL Rahul,RG Sharma,LS Livingstone,2,0,,,,,,,,,
1384420,2023/24,2023-10-29,"Bharat Ratna Shri Atal Bihari Vajpayee Ekana Cricket Stadium, Lucknow",1,24.5,India,England,KL Rahul,RG Sharma,LS Livingstone,0,0,,,,,,,,,
1384420,2023/24,2023-10-29,"Bharat Ratna Shri Atal Bihari Vajpayee Ekana Cricket Stadium, Lucknow",1,24.6,India,England,KL Rahul,RG Sharma,LS Livingstone,1,0,,,,,,,,,
1384420,2023/24,2023-10-29,"Bharat Ratna Shri Atal Bihari Vajpayee Ekana Cricket Stadium, Lucknow",1,25.1,India,England,KL Rahul,RG Sharma,MM Ali,1,0,,,,,,,,,
1384420,2023/24,2023-10-29,"Bharat Ratna Shri Atal Bihari Vajpayee Ekana Cricket Stadium, Lucknow",1,25.2,India,England,RG Sharma,KL Rahul,MM Ali,0,0,,,,,,,,,
1384420,2023/24,2023-10-29,"Bharat Ratna Shri Atal Bihari Vajpayee Ekana Cricket Stadium, Lucknow",1,25.3,India,England,RG Sharma,KL Rahul,MM Ali,1,0,,,,,,,,,
1384420,2023/24,2023-10-29,"Bharat Ratna Shri Atal Bihari Vajpayee Ekana Cricket Stadium, Lucknow",1,25.4,India,England,KL Rahul,RG Sharma,MM Ali,2,0,,,,,,,,,
1384420,2023/24,2023-10-29,"Bharat Ratna Shri Atal Bihari Vajpayee Ekana Cricket Stadium, Lucknow",1,25.5,India,England,KL Rahul,RG Sharma,MM Ali,0,0,,,,,,,,,
1384420,2023/24,2023-10-29,"Bharat Ratna Shri Atal Bihari Vajpayee Ekana Cricket Stadium, Lucknow",1,25.6,India,England,KL Rahul,RG Sharma,MM Ali,1,0,,,,,,,,,
1384420,2023/24,2023-10-29,"Bharat Ratna Shri Atal Bihari Vajpayee Ekana Cricket Stadium, Lucknow",1,26.1,India,England,KL Rahul,RG Sharma,LS Livingstone,2,0,,,,,,,,,
1384420,2023/24,2023-10-29,"Bharat Ratna Shri Atal Bihari Vajpayee Ekana Cricket Stadium, Lucknow",1,26.2,India,England,KL Rahul,RG Sharma,LS Livingstone,0,0,,,,,,,,,
1384420,2023/24,2023-10-29,"Bharat Ratna Shri Atal Bihari Vajpayee Ekana Cricket Stadium, Lucknow",1,26.3,India,England,KL Rahul,RG Sharma,LS Livingstone,1,0,,,,,,,,,
1384420,2023/24,2023-10-29,"Bharat Ratna Shri Atal Bihari Vajpayee Ekana Cricket Stadium, Lucknow",1,26.4,India,England,RG Sharma,KL Rahul,LS Livingstone,4,0,,,,,,,,,
1384420,2023/24,2023-10-29,"Bharat Ratna Shri Atal Bihari Vajpayee Ekana Cricket Stadium, Lucknow",1,26.5,India,England,RG Sharma,KL Rahul,LS Livingstone,4,0,,,,,,,,,
1384420,2023/24,2023-10-29,"Bharat Ratna Shri Atal Bihari Vajpayee Ekana Cricket Stadium, Lucknow",1,26.6,India,England,RG Sharma,KL Rahul,LS Livingstone,0,0,,,,,,,,,
1384420,2023/24,2023-10-29,"Bharat Ratna Shri Atal Bihari Vajpayee Ekana Cricket Stadium, Lucknow",1,27.1,India,England,KL Rahul,RG Sharma,MM Ali,0,0,,,,,,,,,
1384420,2023/24,2023-10-29,"Bharat Ratna Shri Atal Bihari Vajpayee Ekana Cricket Stadium, Lucknow",1,27.2,India,England,KL Rahul,RG Sharma,MM Ali,0,0,,,,,,,,,
1384420,2023/24,2023-10-29,"Bharat Ratna Shri Atal Bihari Vajpayee Ekana Cricket Stadium, Lucknow",1,27.3,India,England,KL Rahul,RG Sharma,MM Ali,0,0,,,,,,,,,
1384420,2023/24,2023-10-29,"Bharat Ratna Shri Atal Bihari Vajpayee Ekana Cricket Stadium, Lucknow",1,27.4,India,England,KL Rahul,RG Sharma,MM Ali,1,0,,,,,,,,,
1384420,2023/24,2023-10-29,"Bharat Ratna Shri Atal Bihari Vajpayee Ekana Cricket Stadium, Lucknow",1,27.5,India,England,RG Sharma,KL Rahul,MM Ali,0,0,,,,,,,,,
1384420,2023/24,2023-10-29,"Bharat Ratna Shri Atal Bihari Vajpayee Ekana Cricket Stadium, Lucknow",1,27.6,India,England,RG Sharma,KL Rahul,MM Ali,1,0,,,,,,,,,
1384420,2023/24,2023-10-29,"Bharat Ratna Shri Atal Bihari Vajpayee Ekana Cricket Stadium, Lucknow",1,28.1,India,England,RG Sharma,KL Rahul,LS Livingstone,0,0,,,,,,,,,
1384420,2023/24,2023-10-29,"Bharat Ratna Shri Atal Bihari Vajpayee Ekana Cricket Stadium, Lucknow",1,28.2,India,England,RG Sharma,KL Rahul,LS Livingstone,0,0,,,,,,,,,
1384420,2023/24,2023-10-29,"Bharat Ratna Shri Atal Bihari Vajpayee Ekana Cricket Stadium, Lucknow",1,28.3,India,England,RG Sharma,KL Rahul,LS Livingstone,4,0,,,,,,,,,
1384420,2023/24,2023-10-29,"Bharat Ratna Shri Atal Bihari Vajpayee Ekana Cricket Stadium, Lucknow",1,28.4,India,England,RG Sharma,KL Rahul,LS Livingstone,2,0,,,,,,,,,
1384420,2023/24,2023-10-29,"Bharat Ratna Shri Atal Bihari Vajpayee Ekana Cricket Stadium, Lucknow",1,28.5,India,England,RG Sharma,KL Rahul,LS Livingstone,1,0,,,,,,,,,
1384420,2023/24,2023-10-29,"Bharat Ratna Shri Atal Bihari Vajpayee Ekana Cricket Stadium, Lucknow",1,28.6,India,England,KL Rahul,RG Sharma,LS Livingstone,0,0,,,,,,,,,
1384420,2023/24,2023-10-29,"Bharat Ratna Shri Atal Bihari Vajpayee Ekana Cricket Stadium, Lucknow",1,29.1,India,England,RG Sharma,KL Rahul,MM Ali,0,0,,,,,,,,,
1384420,2023/24,2023-10-29,"Bharat Ratna Shri Atal Bihari Vajpayee Ekana Cricket Stadium, Lucknow",1,29.2,India,England,RG Sharma,KL Rahul,MM Ali,0,0,,,,,,,,,
1384420,2023/24,2023-10-29,"Bharat Ratna Shri Atal Bihari Vajpayee Ekana Cricket Stadium, Lucknow",1,29.3,India,England,RG Sharma,KL Rahul,MM Ali,1,0,,,,,,,,,
1384420,2023/24,2023-10-29,"Bharat Ratna Shri Atal Bihari Vajpayee Ekana Cricket Stadium, Lucknow",1,29.4,India,England,KL Rahul,RG Sharma,MM Ali,1,0,,,,,,,,,
1384420,2023/24,2023-10-29,"Bharat Ratna Shri Atal Bihari Vajpayee Ekana Cricket Stadium, Lucknow",1,29.5,India,England,RG Sharma,KL Rahul,MM Ali,4,0,,,,,,,,,
1384420,2023/24,2023-10-29,"Bharat Ratna Shri Atal Bihari Vajpayee Ekana Cricket Stadium, Lucknow",1,29.6,India,England,RG Sharma,KL Rahul,MM Ali,0,0,,,,,,,,,
1384420,2023/24,2023-10-29,"Bharat Ratna Shri Atal Bihari Vajpayee Ekana Cricket Stadium, Lucknow",1,30.1,India,England,KL Rahul,RG Sharma,DJ Willey,0,0,,,,,,,,,
1384420,2023/24,2023-10-29,"Bharat Ratna Shri Atal Bihari Vajpayee Ekana Cricket Stadium, Lucknow",1,30.2,India,England,KL Rahul,RG Sharma,DJ Willey,0,0,,,,,,caught,KL Rahul,,
1384420,2023/24,2023-10-29,"Bharat Ratna Shri Atal Bihari Vajpayee Ekana Cricket Stadium, Lucknow",1,30.3,India,England,SA Yadav,RG Sharma,DJ Willey,0,0,,,,,,,,,
1384420,2023/24,2023-10-29,"Bharat Ratna Shri Atal Bihari Vajpayee Ekana Cricket Stadium, Lucknow",1,30.4,India,England,SA Yadav,RG Sharma,DJ Willey,4,0,,,,,,,,,
1384420,2023/24,2023-10-29,"Bharat Ratna Shri Atal Bihari Vajpayee Ekana Cricket Stadium, Lucknow",1,30.5,India,England,SA Yadav,RG Sharma,DJ Willey,1,0,,,,,,,,,
1384420,2023/24,2023-10-29,"Bharat Ratna Shri Atal Bihari Vajpayee Ekana Cricket Stadium, Lucknow",1,30.6,India,England,RG Sharma,SA Yadav,DJ Willey,1,0,,,,,,,,,
1384420,2023/24,2023-10-29,"Bharat Ratna Shri Atal Bihari Vajpayee Ekana Cricket Stadium, Lucknow",1,31.1,India,England,RG Sharma,SA Yadav,MM Ali,1,0,,,,,,,,,
1384420,2023/24,2023-10-29,"Bharat Ratna Shri Atal Bihari Vajpayee Ekana Cricket Stadium, Lucknow",1,31.2,India,England,SA Yadav,RG Sharma,MM Ali,0,0,,,,,,,,,
1384420,2023/24,2023-10-29,"Bharat Ratna Shri Atal Bihari Vajpayee Ekana Cricket Stadium, Lucknow",1,31.3,India,England,SA Yadav,RG Sharma,MM Ali,1,0,,,,,,,,,
1384420,2023/24,2023-10-29,"Bharat Ratna Shri Atal Bihari Vajpayee Ekana Cricket Stadium, Lucknow",1,31.4,India,England,RG Sharma,SA Yadav,MM Ali,1,0,,,,,,,,,
1384420,2023/24,2023-10-29,"Bharat Ratna Shri Atal Bihari Vajpayee Ekana Cricket Stadium, Lucknow",1,31.5,India,England,SA Yadav,RG Sharma,MM Ali,1,0,,,,,,,,,
1384420,2023/24,2023-10-29,"Bharat Ratna Shri Atal Bihari Vajpayee Ekana Cricket Stadium, Lucknow",1,31.6,India,England,RG Sharma,SA Yadav,MM Ali,0,0,,,,,,,,,
1384420,2023/24,2023-10-29,"Bharat Ratna Shri Atal Bihari Vajpayee Ekana Cricket Stadium, Lucknow",1,32.1,India,England,SA Yadav,RG Sharma,DJ Willey,0,0,,,,,,,,,
1384420,2023/24,2023-10-29,"Bharat Ratna Shri Atal Bihari Vajpayee Ekana Cricket Stadium, Lucknow",1,32.2,India,England,SA Yadav,RG Sharma,DJ Willey,1,0,,,,,,,,,
1384420,2023/24,2023-10-29,"Bharat Ratna Shri Atal Bihari Vajpayee Ekana Cricket Stadium, Lucknow",1,32.3,India,England,RG Sharma,SA Yadav,DJ Willey,1,0,,,,,,,,,
1384420,2023/24,2023-10-29,"Bharat Ratna Shri Atal Bihari Vajpayee Ekana Cricket Stadium, Lucknow",1,32.4,India,England,SA Yadav,RG Sharma,DJ Willey,0,0,,,,,,,,,
1384420,2023/24,2023-10-29,"Bharat Ratna Shri Atal Bihari Vajpayee Ekana Cricket Stadium, Lucknow",1,32.5,India,England,SA Yadav,RG Sharma,DJ Willey,1,0,,,,,,,,,
1384420,2023/24,2023-10-29,"Bharat Ratna Shri Atal Bihari Vajpayee Ekana Cricket Stadium, Lucknow",1,32.6,India,England,RG Sharma,SA Yadav,DJ Willey,1,0,,,,,,,,,
1384420,2023/24,2023-10-29,"Bharat Ratna Shri Atal Bihari Vajpayee Ekana Cricket Stadium, Lucknow",1,33.1,India,England,RG Sharma,SA Yadav,MM Ali,0,0,,,,,,,,,
1384420,2023/24,2023-10-29,"Bharat Ratna Shri Atal Bihari Vajpayee Ekana Cricket Stadium, Lucknow",1,33.2,India,England,RG Sharma,SA Yadav,MM Ali,1,0,,,,,,,,,
1384420,2023/24,2023-10-29,"Bharat Ratna Shri Atal Bihari Vajpayee Ekana Cricket Stadium, Lucknow",1,33.3,India,England,SA Yadav,RG Sharma,MM Ali,0,0,,,,,,,,,
1384420,2023/24,2023-10-29,"Bharat Ratna Shri Atal Bihari Vajpayee Ekana Cricket Stadium, Lucknow",1,33.4,India,England,SA Yadav,RG Sharma,MM Ali,1,0,,,,,,,,,
1384420,2023/24,2023-10-29,"Bharat Ratna Shri Atal Bihari Vajpayee Ekana Cricket Stadium, Lucknow",1,33.5,India,England,RG Sharma,SA Yadav,MM Ali,0,0,,,,,,,,,
1384420,2023/24,2023-10-29,"Bharat Ratna Shri Atal Bihari Vajpayee Ekana Cricket Stadium, Lucknow",1,33.6,India,England,RG Sharma,SA Yadav,MM Ali,0,0,,,,,,,,,
1384420,2023/24,2023-10-29,"Bharat Ratna Shri Atal Bihari Vajpayee Ekana Cricket Stadium, Lucknow",1,34.1,India,England,SA Yadav,RG Sharma,DJ Willey,4,0,,,,,,,,,
1384420,2023/24,2023-10-29,"Bharat Ratna Shri Atal Bihari Vajpayee Ekana Cricket Stadium, Lucknow",1,34.2,India,England,SA Yadav,RG Sharma,DJ Willey,0,0,,,,,,,,,
1384420,2023/24,2023-10-29,"Bharat Ratna Shri Atal Bihari Vajpayee Ekana Cricket Stadium, Lucknow",1,34.3,India,England,SA Yadav,RG Sharma,DJ Willey,2,0,,,,,,,,,
1384420,2023/24,2023-10-29,"Bharat Ratna Shri Atal Bihari Vajpayee Ekana Cricket Stadium, Lucknow",1,34.4,India,England,SA Yadav,RG Sharma,DJ Willey,2,0,,,,,,,,,
1384420,2023/24,2023-10-29,"Bharat Ratna Shri Atal Bihari Vajpayee Ekana Cricket Stadium, Lucknow",1,34.5,India,England,SA Yadav,RG Sharma,DJ Willey,0,0,,,,,,,,,
1384420,2023/24,2023-10-29,"Bharat Ratna Shri Atal Bihari Vajpayee Ekana Cricket Stadium, Lucknow",1,34.6,India,England,SA Yadav,RG Sharma,DJ Willey,0,0,,,,,,,,,
1384420,2023/24,2023-10-29,"Bharat Ratna Shri Atal Bihari Vajpayee Ekana Cricket Stadium, Lucknow",1,35.1,India,England,RG Sharma,SA Yadav,MM Ali,1,0,,,,,,,,,
1384420,2023/24,2023-10-29,"Bharat Ratna Shri Atal Bihari Vajpayee Ekana Cricket Stadium, Lucknow",1,35.2,India,England,SA Yadav,RG Sharma,MM Ali,1,0,,,,,,,,,
1384420,2023/24,2023-10-29,"Bharat Ratna Shri Atal Bihari Vajpayee Ekana Cricket Stadium, Lucknow",1,35.3,India,England,RG Sharma,SA Yadav,MM Ali,0,0,,,,,,,,,
1384420,2023/24,2023-10-29,"Bharat Ratna Shri Atal Bihari Vajpayee Ekana Cricket Stadium, Lucknow",1,35.4,India,England,RG Sharma,SA Yadav,MM Ali,1,0,,,,,,,,,
1384420,2023/24,2023-10-29,"Bharat Ratna Shri Atal Bihari Vajpayee Ekana Cricket Stadium, Lucknow",1,35.5,India,England,SA Yadav,RG Sharma,MM Ali,4,0,,,,,,,,,
1384420,2023/24,2023-10-29,"Bharat Ratna Shri Atal Bihari Vajpayee Ekana Cricket Stadium, Lucknow",1,35.6,India,England,SA Yadav,RG Sharma,MM Ali,1,0,,,,,,,,,
1384420,2023/24,2023-10-29,"Bharat Ratna Shri Atal Bihari Vajpayee Ekana Cricket Stadium, Lucknow",1,36.1,India,England,SA Yadav,RG Sharma,AU Rashid,0,0,,,,,,,,,
1384420,2023/24,2023-10-29,"Bharat Ratna Shri Atal Bihari Vajpayee Ekana Cricket Stadium, Lucknow",1,36.2,India,England,SA Yadav,RG Sharma,AU Rashid,0,0,,,,,,,,,
1384420,2023/24,2023-10-29,"Bharat Ratna Shri Atal Bihari Vajpayee Ekana Cricket Stadium, Lucknow",1,36.3,India,England,SA Yadav,RG Sharma,AU Rashid,1,0,,,,,,,,,
1384420,2023/24,2023-10-29,"Bharat Ratna Shri Atal Bihari Vajpayee Ekana Cricket Stadium, Lucknow",1,36.4,India,England,RG Sharma,SA Yadav,AU Rashid,0,0,,,,,,,,,
1384420,2023/24,2023-10-29,"Bharat Ratna Shri Atal Bihari Vajpayee Ekana Cricket Stadium, Lucknow",1,36.5,India,England,RG Sharma,SA Yadav,AU Rashid,0,0,,,,,,caught,RG Sharma,,
1384420,2023/24,2023-10-29,"Bharat Ratna Shri Atal Bihari Vajpayee Ekana Cricket Stadium, Lucknow",1,36.6,India,England,RA Jadeja,SA Yadav,AU Rashid,1,0,,,,,,,,,
1384420,2023/24,2023-10-29,"Bharat Ratna Shri Atal Bihari Vajpayee Ekana Cricket Stadium, Lucknow",1,37.1,India,England,RA Jadeja,SA Yadav,MM Ali,2,0,,,,,,,,,
1384420,2023/24,2023-10-29,"Bharat Ratna Shri Atal Bihari Vajpayee Ekana Cricket Stadium, Lucknow",1,37.2,India,England,RA Jadeja,SA Yadav,MM Ali,1,0,,,,,,,,,
1384420,2023/24,2023-10-29,"Bharat Ratna Shri Atal Bihari Vajpayee Ekana Cricket Stadium, Lucknow",1,37.3,India,England,SA Yadav,RA Jadeja,MM Ali,1,0,,,,,,,,,
1384420,2023/24,2023-10-29,"Bharat Ratna Shri Atal Bihari Vajpayee Ekana Cricket Stadium, Lucknow",1,37.4,India,England,RA Jadeja,SA Yadav,MM Ali,1,0,,,,,,,,,
1384420,2023/24,2023-10-29,"Bharat Ratna Shri Atal Bihari Vajpayee Ekana Cricket Stadium, Lucknow",1,37.5,India,England,SA Yadav,RA Jadeja,MM Ali,1,0,,,,,,,,,
1384420,2023/24,2023-10-29,"Bharat Ratna Shri Atal Bihari Vajpayee Ekana Cricket Stadium, Lucknow",1,37.6,India,England,RA Jadeja,SA Yadav,MM Ali,0,0,,,,,,,,,
1384420,2023/24,2023-10-29,"Bharat Ratna Shri Atal Bihari Vajpayee Ekana Cricket Stadium, Lucknow",1,38.1,India,England,SA Yadav,RA Jadeja,AU Rashid,0,0,,,,,,,,,
1384420,2023/24,2023-10-29,"Bharat Ratna Shri Atal Bihari Vajpayee Ekana Cricket Stadium, Lucknow",1,38.2,India,England,SA Yadav,RA Jadeja,AU Rashid,1,0,,,,,,,,,
1384420,2023/24,2023-10-29,"Bharat Ratna Shri Atal Bihari Vajpayee Ekana Cricket Stadium, Lucknow",1,38.3,India,England,RA Jadeja,SA Yadav,AU Rashid,0,0,,,,,,,,,
1384420,2023/24,2023-10-29,"Bharat Ratna Shri Atal Bihari Vajpayee Ekana Cricket Stadium, Lucknow",1,38.4,India,England,RA Jadeja,SA Yadav,AU Rashid,0,0,,,,,,,,,
1384420,2023/24,2023-10-29,"Bharat Ratna Shri Atal Bihari Vajpayee Ekana Cricket Stadium, Lucknow",1,38.5,India,England,RA Jadeja,SA Yadav,AU Rashid,0,0,,,,,,,,,
1384420,2023/24,2023-10-29,"Bharat Ratna Shri Atal Bihari Vajpayee Ekana Cricket Stadium, Lucknow",1,38.6,India,England,RA Jadeja,SA Yadav,AU Rashid,0,0,,,,,,,,,
1384420,2023/24,2023-10-29,"Bharat Ratna Shri Atal Bihari Vajpayee Ekana Cricket Stadium, Lucknow",1,39.1,India,England,SA Yadav,RA Jadeja,MM Ali,0,0,,,,,,,,,
1384420,2023/24,2023-10-29,"Bharat Ratna Shri Atal Bihari Vajpayee Ekana Cricket Stadium, Lucknow",1,39.2,India,England,SA Yadav,RA Jadeja,MM Ali,1,0,,,,,,,,,
1384420,2023/24,2023-10-29,"Bharat Ratna Shri Atal Bihari Vajpayee Ekana Cricket Stadium, Lucknow",1,39.3,India,England,RA Jadeja,SA Yadav,MM Ali,1,0,,,,,,,,,
1384420,2023/24,2023-10-29,"Bharat Ratna Shri Atal Bihari Vajpayee Ekana Cricket Stadium, Lucknow",1,39.4,India,England,SA Yadav,RA Jadeja,MM Ali,1,0,,,,,,,,,
1384420,2023/24,2023-10-29,"Bharat Ratna Shri Atal Bihari Vajpayee Ekana Cricket Stadium, Lucknow",1,39.5,India,England,RA Jadeja,SA Yadav,MM Ali,1,0,,,,,,,,,
1384420,2023/24,2023-10-29,"Bharat Ratna Shri Atal Bihari Vajpayee Ekana Cricket Stadium, Lucknow",1,39.6,India,England,SA Yadav,RA Jadeja,MM Ali,0,4,,,4,,,,,,
1384420,2023/24,2023-10-29,"Bharat Ratna Shri Atal Bihari Vajpayee Ekana Cricket Stadium, Lucknow",1,40.1,India,England,RA Jadeja,SA Yadav,AU Rashid,1,0,,,,,,,,,
1384420,2023/24,2023-10-29,"Bharat Ratna Shri Atal Bihari Vajpayee Ekana Cricket Stadium, Lucknow",1,40.2,India,England,SA Yadav,RA Jadeja,AU Rashid,1,0,,,,,,,,,
1384420,2023/24,2023-10-29,"Bharat Ratna Shri Atal Bihari Vajpayee Ekana Cricket Stadium, Lucknow",1,40.3,India,England,RA Jadeja,SA Yadav,AU Rashid,0,0,,,,,,lbw,RA Jadeja,,
1384420,2023/24,2023-10-29,"Bharat Ratna Shri Atal Bihari Vajpayee Ekana Cricket Stadium, Lucknow",1,40.4,India,England,Mohammed Shami,SA Yadav,AU Rashid,0,0,,,,,,,,,
1384420,2023/24,2023-10-29,"Bharat Ratna Shri Atal Bihari Vajpayee Ekana Cricket Stadium, Lucknow",1,40.5,India,England,Mohammed Shami,SA Yadav,AU Rashid,0,0,,,,,,,,,
1384420,2023/24,2023-10-29,"Bharat Ratna Shri Atal Bihari Vajpayee Ekana Cricket Stadium, Lucknow",1,40.6,India,England,Mohammed Shami,SA Yadav,AU Rashid,1,0,,,,,,,,,
1384420,2023/24,2023-10-29,"Bharat Ratna Shri Atal Bihari Vajpayee Ekana Cricket Stadium, Lucknow",1,41.1,India,England,Mohammed Shami,SA Yadav,MA Wood,0,0,,,,,,,,,
1384420,2023/24,2023-10-29,"Bharat Ratna Shri Atal Bihari Vajpayee Ekana Cricket Stadium, Lucknow",1,41.2,India,England,Mohammed Shami,SA Yadav,MA Wood,0,0,,,,,,caught,Mohammed Shami,,
1384420,2023/24,2023-10-29,"Bharat Ratna Shri Atal Bihari Vajpayee Ekana Cricket Stadium, Lucknow",1,41.3,India,England,JJ Bumrah,SA Yadav,MA Wood,0,0,,,,,,,,,
1384420,2023/24,2023-10-29,"Bharat Ratna Shri Atal Bihari Vajpayee Ekana Cricket Stadium, Lucknow",1,41.4,India,England,JJ Bumrah,SA Yadav,MA Wood,0,0,,,,,,,,,
1384420,2023/24,2023-10-29,"Bharat Ratna Shri Atal Bihari Vajpayee Ekana Cricket Stadium, Lucknow",1,41.5,India,England,JJ Bumrah,SA Yadav,MA Wood,0,0,,,,,,,,,
1384420,2023/24,2023-10-29,"Bharat Ratna Shri Atal Bihari Vajpayee Ekana Cricket Stadium, Lucknow",1,41.6,India,England,JJ Bumrah,SA Yadav,MA Wood,0,0,,,,,,,,,
1384420,2023/24,2023-10-29,"Bharat Ratna Shri Atal Bihari Vajpayee Ekana Cricket Stadium, Lucknow",1,42.1,India,England,SA Yadav,JJ Bumrah,AU Rashid,0,0,,,,,,,,,
1384420,2023/24,2023-10-29,"Bharat Ratna Shri Atal Bihari Vajpayee Ekana Cricket Stadium, Lucknow",1,42.2,India,England,SA Yadav,JJ Bumrah,AU Rashid,2,0,,,,,,,,,
1384420,2023/24,2023-10-29,"Bharat Ratna Shri Atal Bihari Vajpayee Ekana Cricket Stadium, Lucknow",1,42.3,India,England,SA Yadav,JJ Bumrah,AU Rashid,4,0,,,,,,,,,
1384420,2023/24,2023-10-29,"Bharat Ratna Shri Atal Bihari Vajpayee Ekana Cricket Stadium, Lucknow",1,42.4,India,England,SA Yadav,JJ Bumrah,AU Rashid,0,0,,,,,,,,,
1384420,2023/24,2023-10-29,"Bharat Ratna Shri Atal Bihari Vajpayee Ekana Cricket Stadium, Lucknow",1,42.5,India,England,SA Yadav,JJ Bumrah,AU Rashid,1,0,,,,,,,,,
1384420,2023/24,2023-10-29,"Bharat Ratna Shri Atal Bihari Vajpayee Ekana Cricket Stadium, Lucknow",1,42.6,India,England,JJ Bumrah,SA Yadav,AU Rashid,0,0,,,,,,,,,
1384420,2023/24,2023-10-29,"Bharat Ratna Shri Atal Bihari Vajpayee Ekana Cricket Stadium, Lucknow",1,43.1,India,England,SA Yadav,JJ Bumrah,MA Wood,2,0,,,,,,,,,
1384420,2023/24,2023-10-29,"Bharat Ratna Shri Atal Bihari Vajpayee Ekana Cricket Stadium, Lucknow",1,43.2,India,England,SA Yadav,JJ Bumrah,MA Wood,0,1,1,,,,,,,,
1384420,2023/24,2023-10-29,"Bharat Ratna Shri Atal Bihari Vajpayee Ekana Cricket Stadium, Lucknow",1,43.3,India,England,SA Yadav,JJ Bumrah,MA Wood,1,0,,,,,,,,,
1384420,2023/24,2023-10-29,"Bharat Ratna Shri Atal Bihari Vajpayee Ekana Cricket Stadium, Lucknow",1,43.4,India,England,JJ Bumrah,SA Yadav,MA Wood,0,0,,,,,,,,,
1384420,2023/24,2023-10-29,"Bharat Ratna Shri Atal Bihari Vajpayee Ekana Cricket Stadium, Lucknow",1,43.5,India,England,JJ Bumrah,SA Yadav,MA Wood,0,0,,,,,,,,,
1384420,2023/24,2023-10-29,"Bharat Ratna Shri Atal Bihari Vajpayee Ekana Cricket Stadium, Lucknow",1,43.6,India,England,JJ Bumrah,SA Yadav,MA Wood,0,0,,,,,,,,,
1384420,2023/24,2023-10-29,"Bharat Ratna Shri Atal Bihari Vajpayee Ekana Cricket Stadium, Lucknow",1,43.7,India,England,JJ Bumrah,SA Yadav,MA Wood,0,0,,,,,,,,,
1384420,2023/24,2023-10-29,"Bharat Ratna Shri Atal Bihari Vajpayee Ekana Cricket Stadium, Lucknow",1,44.1,India,England,SA Yadav,JJ Bumrah,DJ Willey,0,0,,,,,,,,,
1384420,2023/24,2023-10-29,"Bharat Ratna Shri Atal Bihari Vajpayee Ekana Cricket Stadium, Lucknow",1,44.2,India,England,SA Yadav,JJ Bumrah,DJ Willey,0,0,,,,,,,,,
1384420,2023/24,2023-10-29,"Bharat Ratna Shri Atal Bihari Vajpayee Ekana Cricket Stadium, Lucknow",1,44.3,India,England,SA Yadav,JJ Bumrah,DJ Willey,1,0,,,,,,,,,
1384420,2023/24,2023-10-29,"Bharat Ratna Shri Atal Bihari Vajpayee Ekana Cricket Stadium, Lucknow",1,44.4,India,England,JJ Bumrah,SA Yadav,DJ Willey,0,0,,,,,,,,,
1384420,2023/24,2023-10-29,"Bharat Ratna Shri Atal Bihari Vajpayee Ekana Cricket Stadium, Lucknow",1,44.5,India,England,JJ Bumrah,SA Yadav,DJ Willey,0,0,,,,,,,,,
1384420,2023/24,2023-10-29,"Bharat Ratna Shri Atal Bihari Vajpayee Ekana Cricket Stadium, Lucknow",1,44.6,India,England,JJ Bumrah,SA Yadav,DJ Willey,0,0,,,,,,,,,
1384420,2023/24,2023-10-29,"Bharat Ratna Shri Atal Bihari Vajpayee Ekana Cricket Stadium, Lucknow",1,45.1,India,England,SA Yadav,JJ Bumrah,MA Wood,6,0,,,,,,,,,
1384420,2023/24,2023-10-29,"Bharat Ratna Shri Atal Bihari Vajpayee Ekana Cricket Stadium, Lucknow",1,45.2,India,England,SA Yadav,JJ Bumrah,MA Wood,1,0,,,,,,,,,
1384420,2023/24,2023-10-29,"Bharat Ratna Shri Atal Bihari Vajpayee Ekana Cricket Stadium, Lucknow",1,45.3,India,England,JJ Bumrah,SA Yadav,MA Wood,4,0,,,,,,,,,
1384420,2023/24,2023-10-29,"Bharat Ratna Shri Atal Bihari Vajpayee Ekana Cricket Stadium, Lucknow",1,45.4,India,England,JJ Bumrah,SA Yadav,MA Wood,0,0,,,,,,,,,
1384420,2023/24,2023-10-29,"Bharat Ratna Shri Atal Bihari Vajpayee Ekana Cricket Stadium, Lucknow",1,45.5,India,England,JJ Bumrah,SA Yadav,MA Wood,2,0,,,,,,,,,
1384420,2023/24,2023-10-29,"Bharat Ratna Shri Atal Bihari Vajpayee Ekana Cricket Stadium, Lucknow",1,45.6,India,England,JJ Bumrah,SA Yadav,MA Wood,0,0,,,,,,,,,
1384420,2023/24,2023-10-29,"Bharat Ratna Shri Atal Bihari Vajpayee Ekana Cricket Stadium, Lucknow",1,46.1,India,England,SA Yadav,JJ Bumrah,DJ Willey,0,0,,,,,,,,,
1384420,2023/24,2023-10-29,"Bharat Ratna Shri Atal Bihari Vajpayee Ekana Cricket Stadium, Lucknow",1,46.2,India,England,SA Yadav,JJ Bumrah,DJ Willey,0,0,,,,,,caught,SA Yadav,,
1384420,2023/24,2023-10-29,"Bharat Ratna Shri Atal Bihari Vajpayee Ekana Cricket Stadium, Lucknow",1,46.3,India,England,Kuldeep Yadav,JJ Bumrah,DJ Willey,0,0,,,,,,,,,
1384420,2023/24,2023-10-29,"Bharat Ratna Shri Atal Bihari Vajpayee Ekana Cricket Stadium, Lucknow",1,46.4,India,England,Kuldeep Yadav,JJ Bumrah,DJ Willey,1,0,,,,,,,,,
1384420,2023/24,2023-10-29,"Bharat Ratna Shri Atal Bihari Vajpayee Ekana Cricket Stadium, Lucknow",1,46.5,India,England,JJ Bumrah,Kuldeep Yadav,DJ Willey,1,0,,,,,,,,,
1384420,2023/24,2023-10-29,"Bharat Ratna Shri Atal Bihari Vajpayee Ekana Cricket Stadium, Lucknow",1,46.6,India,England,Kuldeep Yadav,JJ Bumrah,DJ Willey,4,0,,,,,,,,,
1384420,2023/24,2023-10-29,"Bharat Ratna Shri Atal Bihari Vajpayee Ekana Cricket Stadium, Lucknow",1,47.1,India,England,JJ Bumrah,Kuldeep Yadav,CR Woakes,1,0,,,,,,,,,
1384420,2023/24,2023-10-29,"Bharat Ratna Shri Atal Bihari Vajpayee Ekana Cricket Stadium, Lucknow",1,47.2,India,England,Kuldeep Yadav,JJ Bumrah,CR Woakes,0,0,,,,,,,,,
1384420,2023/24,2023-10-29,"Bharat Ratna Shri Atal Bihari Vajpayee Ekana Cricket Stadium, Lucknow",1,47.3,India,England,Kuldeep Yadav,JJ Bumrah,CR Woakes,1,0,,,,,,,,,
1384420,2023/24,2023-10-29,"Bharat Ratna Shri Atal Bihari Vajpayee Ekana Cricket Stadium, Lucknow",1,47.4,India,England,JJ Bumrah,Kuldeep Yadav,CR Woakes,2,0,,,,,,,,,
1384420,2023/24,2023-10-29,"Bharat Ratna Shri Atal Bihari Vajpayee Ekana Cricket Stadium, Lucknow",1,47.5,India,England,JJ Bumrah,Kuldeep Yadav,CR Woakes,2,0,,,,,,,,,
1384420,2023/24,2023-10-29,"Bharat Ratna Shri Atal Bihari Vajpayee Ekana Cricket Stadium, Lucknow",1,47.6,India,England,JJ Bumrah,Kuldeep Yadav,CR Woakes,0,0,,,,,,,,,
1384420,2023/24,2023-10-29,"Bharat Ratna Shri Atal Bihari Vajpayee Ekana Cricket Stadium, Lucknow",1,48.1,India,England,Kuldeep Yadav,JJ Bumrah,MA Wood,1,0,,,,,,,,,
1384420,2023/24,2023-10-29,"Bharat Ratna Shri Atal Bihari Vajpayee Ekana Cricket Stadium, Lucknow",1,48.2,India,England,JJ Bumrah,Kuldeep Yadav,MA Wood,1,0,,,,,,,,,
1384420,2023/24,2023-10-29,"Bharat Ratna Shri Atal Bihari Vajpayee Ekana Cricket Stadium, Lucknow",1,48.3,India,England,Kuldeep Yadav,JJ Bumrah,MA Wood,0,1,1,,,,,,,,
1384420,2023/24,2023-10-29,"Bharat Ratna Shri Atal Bihari Vajpayee Ekana Cricket Stadium, Lucknow",1,48.4,India,England,Kuldeep Yadav,JJ Bumrah,MA Wood,0,0,,,,,,,,,
1384420,2023/24,2023-10-29,"Bharat Ratna Shri Atal Bihari Vajpayee Ekana Cricket Stadium, Lucknow",1,48.5,India,England,Kuldeep Yadav,JJ Bumrah,MA Wood,1,0,,,,,,,,,
1384420,2023/24,2023-10-29,"Bharat Ratna Shri Atal Bihari Vajpayee Ekana Cricket Stadium, Lucknow",1,48.6,India,England,JJ Bumrah,Kuldeep Yadav,MA Wood,1,0,,,,,,,,,
1384420,2023/24,2023-10-29,"Bharat Ratna Shri Atal Bihari Vajpayee Ekana Cricket Stadium, Lucknow",1,48.7,India,England,Kuldeep Yadav,JJ Bumrah,MA Wood,0,0,,,,,,,,,
1384420,2023/24,2023-10-29,"Bharat Ratna Shri Atal Bihari Vajpayee Ekana Cricket Stadium, Lucknow",1,49.1,India,England,JJ Bumrah,Kuldeep Yadav,CR Woakes,1,0,,,,,,,,,
1384420,2023/24,2023-10-29,"Bharat Ratna Shri Atal Bihari Vajpayee Ekana Cricket Stadium, Lucknow",1,49.2,India,England,Kuldeep Yadav,JJ Bumrah,CR Woakes,0,1,1,,,,,,,,
1384420,2023/24,2023-10-29,"Bharat Ratna Shri Atal Bihari Vajpayee Ekana Cricket Stadium, Lucknow",1,49.3,India,England,Kuldeep Yadav,JJ Bumrah,CR Woakes,0,0,,,,,,,,,
1384420,2023/24,2023-10-29,"Bharat Ratna Shri Atal Bihari Vajpayee Ekana Cricket Stadium, Lucknow",1,49.4,India,England,Kuldeep Yadav,JJ Bumrah,CR Woakes,1,0,,,,,,,,,
1384420,2023/24,2023-10-29,"Bharat Ratna Shri Atal Bihari Vajpayee Ekana Cricket Stadium, Lucknow",1,49.5,India,England,JJ Bumrah,Kuldeep Yadav,CR Woakes,1,0,,,,,,,,,
1384420,2023/24,2023-10-29,"Bharat Ratna Shri Atal Bihari Vajpayee Ekana Cricket Stadium, Lucknow",1,49.6,India,England,Kuldeep Yadav,JJ Bumrah,CR Woakes,0,0,,,,,,,,,
1384420,2023/24,2023-10-29,"Bharat Ratna Shri Atal Bihari Vajpayee Ekana Cricket Stadium, Lucknow",1,49.7,India,England,Kuldeep Yadav,JJ Bumrah,CR Woakes,0,0,,,,,,run out,JJ Bumrah,,
1384420,2023/24,2023-10-29,"Bharat Ratna Shri Atal Bihari Vajpayee Ekana Cricket Stadium, Lucknow",2,0.1,England,India,JM Bairstow,DJ Malan,JJ Bumrah,0,0,,,,,,,,,
1384420,2023/24,2023-10-29,"Bharat Ratna Shri Atal Bihari Vajpayee Ekana Cricket Stadium, Lucknow",2,0.2,England,India,JM Bairstow,DJ Malan,JJ Bumrah,0,0,,,,,,,,,
1384420,2023/24,2023-10-29,"Bharat Ratna Shri Atal Bihari Vajpayee Ekana Cricket Stadium, Lucknow",2,0.3,England,India,JM Bairstow,DJ Malan,JJ Bumrah,0,0,,,,,,,,,
1384420,2023/24,2023-10-29,"Bharat Ratna Shri Atal Bihari Vajpayee Ekana Cricket Stadium, Lucknow",2,0.4,England,India,JM Bairstow,DJ Malan,JJ Bumrah,0,0,,,,,,,,,
1384420,2023/24,2023-10-29,"Bharat Ratna Shri Atal Bihari Vajpayee Ekana Cricket Stadium, Lucknow",2,0.5,England,India,JM Bairstow,DJ Malan,JJ Bumrah,0,0,,,,,,,,,
1384420,2023/24,2023-10-29,"Bharat Ratna Shri Atal Bihari Vajpayee Ekana Cricket Stadium, Lucknow",2,0.6,England,India,JM Bairstow,DJ Malan,JJ Bumrah,4,0,,,,,,,,,
1384420,2023/24,2023-10-29,"Bharat Ratna Shri Atal Bihari Vajpayee Ekana Cricket Stadium, Lucknow",2,1.1,England,India,DJ Malan,JM Bairstow,Mohammed Siraj,0,1,1,,,,,,,,
1384420,2023/24,2023-10-29,"Bharat Ratna Shri Atal Bihari Vajpayee Ekana Cricket Stadium, Lucknow",2,1.2,England,India,DJ Malan,JM Bairstow,Mohammed Siraj,0,0,,,,,,,,,
1384420,2023/24,2023-10-29,"Bharat Ratna Shri Atal Bihari Vajpayee Ekana Cricket Stadium, Lucknow",2,1.3,England,India,DJ Malan,JM Bairstow,Mohammed Siraj,0,1,1,,,,,,,,
1384420,2023/24,2023-10-29,"Bharat Ratna Shri Atal Bihari Vajpayee Ekana Cricket Stadium, Lucknow",2,1.4,England,India,DJ Malan,JM Bairstow,Mohammed Siraj,0,0,,,,,,,,,
1384420,2023/24,2023-10-29,"Bharat Ratna Shri Atal Bihari Vajpayee Ekana Cricket Stadium, Lucknow",2,1.5,England,India,DJ Malan,JM Bairstow,Mohammed Siraj,0,0,,,,,,,,,
1384420,2023/24,2023-10-29,"Bharat Ratna Shri Atal Bihari Vajpayee Ekana Cricket Stadium, Lucknow",2,1.6,England,India,DJ Malan,JM Bairstow,Mohammed Siraj,6,0,,,,,,,,,
1384420,2023/24,2023-10-29,"Bharat Ratna Shri Atal Bihari Vajpayee Ekana Cricket Stadium, Lucknow",2,1.7,England,India,DJ Malan,JM Bairstow,Mohammed Siraj,4,0,,,,,,,,,
1384420,2023/24,2023-10-29,"Bharat Ratna Shri Atal Bihari Vajpayee Ekana Cricket Stadium, Lucknow",2,1.8,England,India,DJ Malan,JM Bairstow,Mohammed Siraj,0,1,,,,1,,,,,
1384420,2023/24,2023-10-29,"Bharat Ratna Shri Atal Bihari Vajpayee Ekana Cricket Stadium, Lucknow",2,2.1,England,India,DJ Malan,JM Bairstow,JJ Bumrah,0,0,,,,,,,,,
1384420,2023/24,2023-10-29,"Bharat Ratna Shri Atal Bihari Vajpayee Ekana Cricket Stadium, Lucknow",2,2.2,England,India,DJ Malan,JM Bairstow,JJ Bumrah,0,1,1,,,,,,,,
1384420,2023/24,2023-10-29,"Bharat Ratna Shri Atal Bihari Vajpayee Ekana Cricket Stadium, Lucknow",2,2.3,England,India,DJ Malan,JM Bairstow,JJ Bumrah,0,0,,,,,,,,,
1384420,2023/24,2023-10-29,"Bharat Ratna Shri Atal Bihari Vajpayee Ekana Cricket Stadium, Lucknow",2,2.4,England,India,DJ Malan,JM Bairstow,JJ Bumrah,0,0,,,,,,,,,
1384420,2023/24,2023-10-29,"Bharat Ratna Shri Atal Bihari Vajpayee Ekana Cricket Stadium, Lucknow",2,2.5,England,India,DJ Malan,JM Bairstow,JJ Bumrah,2,0,,,,,,,,,
1384420,2023/24,2023-10-29,"Bharat Ratna Shri Atal Bihari Vajpayee Ekana Cricket Stadium, Lucknow",2,2.6,England,India,DJ Malan,JM Bairstow,JJ Bumrah,0,0,,,,,,,,,
1384420,2023/24,2023-10-29,"Bharat Ratna Shri Atal Bihari Vajpayee Ekana Cricket Stadium, Lucknow",2,2.7,England,India,DJ Malan,JM Bairstow,JJ Bumrah,0,0,,,,,,,,,
1384420,2023/24,2023-10-29,"Bharat Ratna Shri Atal Bihari Vajpayee Ekana Cricket Stadium, Lucknow",2,3.1,England,India,JM Bairstow,DJ Malan,Mohammed Siraj,4,0,,,,,,,,,
1384420,2023/24,2023-10-29,"Bharat Ratna Shri Atal Bihari Vajpayee Ekana Cricket Stadium, Lucknow",2,3.2,England,India,JM Bairstow,DJ Malan,Mohammed Siraj,0,0,,,,,,,,,
1384420,2023/24,2023-10-29,"Bharat Ratna Shri Atal Bihari Vajpayee Ekana Cricket Stadium, Lucknow",2,3.3,England,India,JM Bairstow,DJ Malan,Mohammed Siraj,0,0,,,,,,,,,
1384420,2023/24,2023-10-29,"Bharat Ratna Shri Atal Bihari Vajpayee Ekana Cricket Stadium, Lucknow",2,3.4,England,India,JM Bairstow,DJ Malan,Mohammed Siraj,0,0,,,,,,,,,
1384420,2023/24,2023-10-29,"Bharat Ratna Shri Atal Bihari Vajpayee Ekana Cricket Stadium, Lucknow",2,3.5,England,India,JM Bairstow,DJ Malan,Mohammed Siraj,0,0,,,,,,,,,
1384420,2023/24,2023-10-29,"Bharat Ratna Shri Atal Bihari Vajpayee Ekana Cricket Stadium, Lucknow",2,3.6,England,India,JM Bairstow,DJ Malan,Mohammed Siraj,2,0,,,,,,,,,
1384420,2023/24,2023-10-29,"Bharat Ratna Shri Atal Bihari Vajpayee Ekana Cricket Stadium, Lucknow",2,4.1,England,India,DJ Malan,JM Bairstow,JJ Bumrah,0,0,,,,,,,,,
1384420,2023/24,2023-10-29,"Bharat Ratna Shri Atal Bihari Vajpayee Ekana Cricket Stadium, Lucknow",2,4.2,England,India,DJ Malan,JM Bairstow,JJ Bumrah,0,0,,,,,,,,,
1384420,2023/24,2023-10-29,"Bharat Ratna Shri Atal Bihari Vajpayee Ekana Cricket Stadium, Lucknow",2,4.3,England,India,DJ Malan,JM Bairstow,JJ Bumrah,4,0,,,,,,,,,
1384420,2023/24,2023-10-29,"Bharat Ratna Shri Atal Bihari Vajpayee Ekana Cricket Stadium, Lucknow",2,4.4,England,India,DJ Malan,JM Bairstow,JJ Bumrah,0,0,,,,,,,,,
1384420,2023/24,2023-10-29,"Bharat Ratna Shri Atal Bihari Vajpayee Ekana Cricket Stadium, Lucknow",2,4.5,England,India,DJ Malan,JM Bairstow,JJ Bumrah,0,0,,,,,,bowled,DJ Malan,,
1384420,2023/24,2023-10-29,"Bharat Ratna Shri Atal Bihari Vajpayee Ekana Cricket Stadium, Lucknow",2,4.6,England,India,JE Root,JM Bairstow,JJ Bumrah,0,0,,,,,,lbw,JE Root,,
1384420,2023/24,2023-10-29,"Bharat Ratna Shri Atal Bihari Vajpayee Ekana Cricket Stadium, Lucknow",2,5.1,England,India,JM Bairstow,BA Stokes,Mohammed Shami,2,0,,,,,,,,,
1384420,2023/24,2023-10-29,"Bharat Ratna Shri Atal Bihari Vajpayee Ekana Cricket Stadium, Lucknow",2,5.2,England,India,JM Bairstow,BA Stokes,Mohammed Shami,1,0,,,,,,,,,
1384420,2023/24,2023-10-29,"Bharat Ratna Shri Atal Bihari Vajpayee Ekana Cricket Stadium, Lucknow",2,5.3,England,India,BA Stokes,JM Bairstow,Mohammed Shami,0,0,,,,,,,,,
1384420,2023/24,2023-10-29,"Bharat Ratna Shri Atal Bihari Vajpayee Ekana Cricket Stadium, Lucknow",2,5.4,England,India,BA Stokes,JM Bairstow,Mohammed Shami,0,0,,,,,,,,,
1384420,2023/24,2023-10-29,"Bharat Ratna Shri Atal Bihari Vajpayee Ekana Cricket Stadium, Lucknow",2,5.5,England,India,BA Stokes,JM Bairstow,Mohammed Shami,0,0,,,,,,,,,
1384420,2023/24,2023-10-29,"Bharat Ratna Shri Atal Bihari Vajpayee Ekana Cricket Stadium, Lucknow",2,5.6,England,India,BA Stokes,JM Bairstow,Mohammed Shami,0,0,,,,,,,,,
1384420,2023/24,2023-10-29,"Bharat Ratna Shri Atal Bihari Vajpayee Ekana Cricket Stadium, Lucknow",2,6.1,England,India,JM Bairstow,BA Stokes,JJ Bumrah,0,0,,,,,,,,,
1384420,2023/24,2023-10-29,"Bharat Ratna Shri Atal Bihari Vajpayee Ekana Cricket Stadium, Lucknow",2,6.2,England,India,JM Bairstow,BA Stokes,JJ Bumrah,0,0,,,,,,,,,
1384420,2023/24,2023-10-29,"Bharat Ratna Shri Atal Bihari Vajpayee Ekana Cricket Stadium, Lucknow",2,6.3,England,India,JM Bairstow,BA Stokes,JJ Bumrah,0,0,,,,,,,,,
1384420,2023/24,2023-10-29,"Bharat Ratna Shri Atal Bihari Vajpayee Ekana Cricket Stadium, Lucknow",2,6.4,England,India,JM Bairstow,BA Stokes,JJ Bumrah,0,0,,,,,,,,,
1384420,2023/24,2023-10-29,"Bharat Ratna Shri Atal Bihari Vajpayee Ekana Cricket Stadium, Lucknow",2,6.5,England,India,JM Bairstow,BA Stokes,JJ Bumrah,0,0,,,,,,,,,
1384420,2023/24,2023-10-29,"Bharat Ratna Shri Atal Bihari Vajpayee Ekana Cricket Stadium, Lucknow",2,6.6,England,India,JM Bairstow,BA Stokes,JJ Bumrah,0,0,,,,,,,,,
1384420,2023/24,2023-10-29,"Bharat Ratna Shri Atal Bihari Vajpayee Ekana Cricket Stadium, Lucknow",2,7.1,England,India,BA Stokes,JM Bairstow,Mohammed Shami,0,0,,,,,,,,,
1384420,2023/24,2023-10-29,"Bharat Ratna Shri Atal Bihari Vajpayee Ekana Cricket Stadium, Lucknow",2,7.2,England,India,BA Stokes,JM Bairstow,Mohammed Shami,0,0,,,,,,,,,
1384420,2023/24,2023-10-29,"Bharat Ratna Shri Atal Bihari Vajpayee Ekana Cricket Stadium, Lucknow",2,7.3,England,India,BA Stokes,JM Bairstow,Mohammed Shami,0,0,,,,,,,,,
1384420,2023/24,2023-10-29,"Bharat Ratna Shri Atal Bihari Vajpayee Ekana Cricket Stadium, Lucknow",2,7.4,England,India,BA Stokes,JM Bairstow,Mohammed Shami,0,0,,,,,,,,,
1384420,2023/24,2023-10-29,"Bharat Ratna Shri Atal Bihari Vajpayee Ekana Cricket Stadium, Lucknow",2,7.5,England,India,BA Stokes,JM Bairstow,Mohammed Shami,0,0,,,,,,,,,
1384420,2023/24,2023-10-29,"Bharat Ratna Shri Atal Bihari Vajpayee Ekana Cricket Stadium, Lucknow",2,7.6,England,India,BA Stokes,JM Bairstow,Mohammed Shami,0,0,,,,,,bowled,BA Stokes,,
1384420,2023/24,2023-10-29,"Bharat Ratna Shri Atal Bihari Vajpayee Ekana Cricket Stadium, Lucknow",2,8.1,England,India,JM Bairstow,JC Buttler,JJ Bumrah,0,0,,,,,,,,,
1384420,2023/24,2023-10-29,"Bharat Ratna Shri Atal Bihari Vajpayee Ekana Cricket Stadium, Lucknow",2,8.2,England,India,JM Bairstow,JC Buttler,JJ Bumrah,1,0,,,,,,,,,
1384420,2023/24,2023-10-29,"Bharat Ratna Shri Atal Bihari Vajpayee Ekana Cricket Stadium, Lucknow",2,8.3,England,India,JC Buttler,JM Bairstow,JJ Bumrah,0,0,,,,,,,,,
1384420,2023/24,2023-10-29,"Bharat Ratna Shri Atal Bihari Vajpayee Ekana Cricket Stadium, Lucknow",2,8.4,England,India,JC Buttler,JM Bairstow,JJ Bumrah,0,0,,,,,,,,,
1384420,2023/24,2023-10-29,"Bharat Ratna Shri Atal Bihari Vajpayee Ekana Cricket Stadium, Lucknow",2,8.5,England,India,JC Buttler,JM Bairstow,JJ Bumrah,0,0,,,,,,,,,
1384420,2023/24,2023-10-29,"Bharat Ratna Shri Atal Bihari Vajpayee Ekana Cricket Stadium, Lucknow",2,8.6,England,India,JC Buttler,JM Bairstow,JJ Bumrah,0,1,1,,,,,,,,
1384420,2023/24,2023-10-29,"Bharat Ratna Shri Atal Bihari Vajpayee Ekana Cricket Stadium, Lucknow",2,8.7,England,India,JC Buttler,JM Bairstow,JJ Bumrah,4,0,,,,,,,,,
1384420,2023/24,2023-10-29,"Bharat Ratna Shri Atal Bihari Vajpayee Ekana Cricket Stadium, Lucknow",2,9.1,England,India,JM Bairstow,JC Buttler,Mohammed Shami,0,0,,,,,,bowled,JM Bairstow,,
1384420,2023/24,2023-10-29,"Bharat Ratna Shri Atal Bihari Vajpayee Ekana Cricket Stadium, Lucknow",2,9.2,England,India,MM Ali,JC Buttler,Mohammed Shami,0,0,,,,,,,,,
1384420,2023/24,2023-10-29,"Bharat Ratna Shri Atal Bihari Vajpayee Ekana Cricket Stadium, Lucknow",2,9.3,England,India,MM Ali,JC Buttler,Mohammed Shami,0,0,,,,,,,,,
1384420,2023/24,2023-10-29,"Bharat Ratna Shri Atal Bihari Vajpayee Ekana Cricket Stadium, Lucknow",2,9.4,England,India,MM Ali,JC Buttler,Mohammed Shami,1,0,,,,,,,,,
1384420,2023/24,2023-10-29,"Bharat Ratna Shri Atal Bihari Vajpayee Ekana Cricket Stadium, Lucknow",2,9.5,England,India,JC Buttler,MM Ali,Mohammed Shami,0,0,,,,,,,,,
1384420,2023/24,2023-10-29,"Bharat Ratna Shri Atal Bihari Vajpayee Ekana Cricket Stadium, Lucknow",2,9.6,England,India,JC Buttler,MM Ali,Mohammed Shami,0,0,,,,,,,,,
1384420,2023/24,2023-10-29,"Bharat Ratna Shri Atal Bihari Vajpayee Ekana Cricket Stadium, Lucknow",2,10.1,England,India,MM Ali,JC Buttler,Mohammed Siraj,0,0,,,,,,,,,
1384420,2023/24,2023-10-29,"Bharat Ratna Shri Atal Bihari Vajpayee Ekana Cricket Stadium, Lucknow",2,10.2,England,India,MM Ali,JC Buttler,Mohammed Siraj,0,0,,,,,,,,,
1384420,2023/24,2023-10-29,"Bharat Ratna Shri Atal Bihari Vajpayee Ekana Cricket Stadium, Lucknow",2,10.3,England,India,MM Ali,JC Buttler,Mohammed Siraj,0,0,,,,,,,,,
1384420,2023/24,2023-10-29,"Bharat Ratna Shri Atal Bihari Vajpayee Ekana Cricket Stadium, Lucknow",2,10.4,England,India,MM Ali,JC Buttler,Mohammed Siraj,1,0,,,,,,,,,
1384420,2023/24,2023-10-29,"Bharat Ratna Shri Atal Bihari Vajpayee Ekana Cricket Stadium, Lucknow",2,10.5,England,India,JC Buttler,MM Ali,Mohammed Siraj,0,0,,,,,,,,,
1384420,2023/24,2023-10-29,"Bharat Ratna Shri Atal Bihari Vajpayee Ekana Cricket Stadium, Lucknow",2,10.6,England,India,JC Buttler,MM Ali,Mohammed Siraj,0,0,,,,,,,,,
1384420,2023/24,2023-10-29,"Bharat Ratna Shri Atal Bihari Vajpayee Ekana Cricket Stadium, Lucknow",2,11.1,England,India,MM Ali,JC Buttler,Mohammed Shami,1,0,,,,,,,,,
1384420,2023/24,2023-10-29,"Bharat Ratna Shri Atal Bihari Vajpayee Ekana Cricket Stadium, Lucknow",2,11.2,England,India,JC Buttler,MM Ali,Mohammed Shami,0,0,,,,,,,,,
1384420,2023/24,2023-10-29,"Bharat Ratna Shri Atal Bihari Vajpayee Ekana Cricket Stadium, Lucknow",2,11.3,England,India,JC Buttler,MM Ali,Mohammed Shami,0,0,,,,,,,,,
1384420,2023/24,2023-10-29,"Bharat Ratna Shri Atal Bihari Vajpayee Ekana Cricket Stadium, Lucknow",2,11.4,England,India,JC Buttler,MM Ali,Mohammed Shami,0,0,,,,,,,,,
1384420,2023/24,2023-10-29,"Bharat Ratna Shri Atal Bihari Vajpayee Ekana Cricket Stadium, Lucknow",2,11.5,England,India,JC Buttler,MM Ali,Mohammed Shami,0,0,,,,,,,,,
1384420,2023/24,2023-10-29,"Bharat Ratna Shri Atal Bihari Vajpayee Ekana Cricket Stadium, Lucknow",2,11.6,England,India,JC Buttler,MM Ali,Mohammed Shami,0,0,,,,,,,,,
1384420,2023/24,2023-10-29,"Bharat Ratna Shri Atal Bihari Vajpayee Ekana Cricket Stadium, Lucknow",2,12.1,England,India,MM Ali,JC Buttler,Mohammed Siraj,0,1,,,,1,,,,,
1384420,2023/24,2023-10-29,"Bharat Ratna Shri Atal Bihari Vajpayee Ekana Cricket Stadium, Lucknow",2,12.2,England,India,JC Buttler,MM Ali,Mohammed Siraj,0,0,,,,,,,,,
1384420,2023/24,2023-10-29,"Bharat Ratna Shri Atal Bihari Vajpayee Ekana Cricket Stadium, Lucknow",2,12.3,England,India,JC Buttler,MM Ali,Mohammed Siraj,1,0,,,,,,,,,
1384420,2023/24,2023-10-29,"Bharat Ratna Shri Atal Bihari Vajpayee Ekana Cricket Stadium, Lucknow",2,12.4,England,India,MM Ali,JC Buttler,Mohammed Siraj,1,0,,,,,,,,,
1384420,2023/24,2023-10-29,"Bharat Ratna Shri Atal Bihari Vajpayee Ekana Cricket Stadium, Lucknow",2,12.5,England,India,JC Buttler,MM Ali,Mohammed Siraj,0,0,,,,,,,,,
1384420,2023/24,2023-10-29,"Bharat Ratna Shri Atal Bihari Vajpayee Ekana Cricket Stadium, Lucknow",2,12.6,England,India,JC Buttler,MM Ali,Mohammed Siraj,0,0,,,,,,,,,
1384420,2023/24,2023-10-29,"Bharat Ratna Shri Atal Bihari Vajpayee Ekana Cricket Stadium, Lucknow",2,13.1,England,India,MM Ali,JC Buttler,Kuldeep Yadav,0,0,,,,,,,,,
1384420,2023/24,2023-10-29,"Bharat Ratna Shri Atal Bihari Vajpayee Ekana Cricket Stadium, Lucknow",2,13.2,England,India,MM Ali,JC Buttler,Kuldeep Yadav,1,0,,,,,,,,,
1384420,2023/24,2023-10-29,"Bharat Ratna Shri Atal Bihari Vajpayee Ekana Cricket Stadium, Lucknow",2,13.3,England,India,JC Buttler,MM Ali,Kuldeep Yadav,1,0,,,,,,,,,
1384420,2023/24,2023-10-29,"Bharat Ratna Shri Atal Bihari Vajpayee Ekana Cricket Stadium, Lucknow",2,13.4,England,India,MM Ali,JC Buttler,Kuldeep Yadav,0,0,,,,,,,,,
1384420,2023/24,2023-10-29,"Bharat Ratna Shri Atal Bihari Vajpayee Ekana Cricket Stadium, Lucknow",2,13.5,England,India,MM Ali,JC Buttler,Kuldeep Yadav,0,0,,,,,,,,,
1384420,2023/24,2023-10-29,"Bharat Ratna Shri Atal Bihari Vajpayee Ekana Cricket Stadium, Lucknow",2,13.6,England,India,MM Ali,JC Buttler,Kuldeep Yadav,0,0,,,,,,,,,
1384420,2023/24,2023-10-29,"Bharat Ratna Shri Atal Bihari Vajpayee Ekana Cricket Stadium, Lucknow",2,14.1,England,India,JC Buttler,MM Ali,Mohammed Siraj,2,0,,,,,,,,,
1384420,2023/24,2023-10-29,"Bharat Ratna Shri Atal Bihari Vajpayee Ekana Cricket Stadium, Lucknow",2,14.2,England,India,JC Buttler,MM Ali,Mohammed Siraj,1,0,,,,,,,,,
1384420,2023/24,2023-10-29,"Bharat Ratna Shri Atal Bihari Vajpayee Ekana Cricket Stadium, Lucknow",2,14.3,England,India,MM Ali,JC Buttler,Mohammed Siraj,0,0,,,,,,,,,
1384420,2023/24,2023-10-29,"Bharat Ratna Shri Atal Bihari Vajpayee Ekana Cricket Stadium, Lucknow",2,14.4,England,India,MM Ali,JC Buttler,Mohammed Siraj,1,0,,,,,,,,,
1384420,2023/24,2023-10-29,"Bharat Ratna Shri Atal Bihari Vajpayee Ekana Cricket Stadium, Lucknow",2,14.5,England,India,JC Buttler,MM Ali,Mohammed Siraj,0,0,,,,,,,,,
1384420,2023/24,2023-10-29,"Bharat Ratna Shri Atal Bihari Vajpayee Ekana Cricket Stadium, Lucknow",2,14.6,England,India,JC Buttler,MM Ali,Mohammed Siraj,1,0,,,,,,,,,
1384420,2023/24,2023-10-29,"Bharat Ratna Shri Atal Bihari Vajpayee Ekana Cricket Stadium, Lucknow",2,15.1,England,India,JC Buttler,MM Ali,Kuldeep Yadav,0,0,,,,,,bowled,JC Buttler,,
1384420,2023/24,2023-10-29,"Bharat Ratna Shri Atal Bihari Vajpayee Ekana Cricket Stadium, Lucknow",2,15.2,England,India,LS Livingstone,MM Ali,Kuldeep Yadav,0,0,,,,,,,,,
1384420,2023/24,2023-10-29,"Bharat Ratna Shri Atal Bihari Vajpayee Ekana Cricket Stadium, Lucknow",2,15.3,England,India,LS Livingstone,MM Ali,Kuldeep Yadav,0,0,,,,,,,,,
1384420,2023/24,2023-10-29,"Bharat Ratna Shri Atal Bihari Vajpayee Ekana Cricket Stadium, Lucknow",2,15.4,England,India,LS Livingstone,MM Ali,Kuldeep Yadav,1,0,,,,,,,,,
1384420,2023/24,2023-10-29,"Bharat Ratna Shri Atal Bihari Vajpayee Ekana Cricket Stadium, Lucknow",2,15.5,England,India,MM Ali,LS Livingstone,Kuldeep Yadav,1,0,,,,,,,,,
1384420,2023/24,2023-10-29,"Bharat Ratna Shri Atal Bihari Vajpayee Ekana Cricket Stadium, Lucknow",2,15.6,England,India,LS Livingstone,MM Ali,Kuldeep Yadav,0,0,,,,,,,,,
1384420,2023/24,2023-10-29,"Bharat Ratna Shri Atal Bihari Vajpayee Ekana Cricket Stadium, Lucknow",2,16.1,England,India,MM Ali,LS Livingstone,Mohammed Siraj,0,0,,,,,,,,,
1384420,2023/24,2023-10-29,"Bharat Ratna Shri Atal Bihari Vajpayee Ekana Cricket Stadium, Lucknow",2,16.2,England,India,MM Ali,LS Livingstone,Mohammed Siraj,1,0,,,,,,,,,
1384420,2023/24,2023-10-29,"Bharat Ratna Shri Atal Bihari Vajpayee Ekana Cricket Stadium, Lucknow",2,16.3,England,India,LS Livingstone,MM Ali,Mohammed Siraj,0,0,,,,,,,,,
1384420,2023/24,2023-10-29,"Bharat Ratna Shri Atal Bihari Vajpayee Ekana Cricket Stadium, Lucknow",2,16.4,England,India,LS Livingstone,MM Ali,Mohammed Siraj,2,0,,,,,,,,,
1384420,2023/24,2023-10-29,"Bharat Ratna Shri Atal Bihari Vajpayee Ekana Cricket Stadium, Lucknow",2,16.5,England,India,LS Livingstone,MM Ali,Mohammed Siraj,0,0,,,,,,,,,
1384420,2023/24,2023-10-29,"Bharat Ratna Shri Atal Bihari Vajpayee Ekana Cricket Stadium, Lucknow",2,16.6,England,India,LS Livingstone,MM Ali,Mohammed Siraj,4,0,,,,,,,,,
1384420,2023/24,2023-10-29,"Bharat Ratna Shri Atal Bihari Vajpayee Ekana Cricket Stadium, Lucknow",2,17.1,England,India,MM Ali,LS Livingstone,Kuldeep Yadav,1,0,,,,,,,,,
1384420,2023/24,2023-10-29,"Bharat Ratna Shri Atal Bihari Vajpayee Ekana Cricket Stadium, Lucknow",2,17.2,England,India,LS Livingstone,MM Ali,Kuldeep Yadav,2,0,,,,,,,,,
1384420,2023/24,2023-10-29,"Bharat Ratna Shri Atal Bihari Vajpayee Ekana Cricket Stadium, Lucknow",2,17.3,England,India,LS Livingstone,MM Ali,Kuldeep Yadav,0,0,,,,,,,,,
1384420,2023/24,2023-10-29,"Bharat Ratna Shri Atal Bihari Vajpayee Ekana Cricket Stadium, Lucknow",2,17.4,England,India,LS Livingstone,MM Ali,Kuldeep Yadav,0,0,,,,,,,,,
1384420,2023/24,2023-10-29,"Bharat Ratna Shri Atal Bihari Vajpayee Ekana Cricket Stadium, Lucknow",2,17.5,England,India,LS Livingstone,MM Ali,Kuldeep Yadav,0,0,,,,,,,,,
1384420,2023/24,2023-10-29,"Bharat Ratna Shri Atal Bihari Vajpayee Ekana Cricket Stadium, Lucknow",2,17.6,England,India,LS Livingstone,MM Ali,Kuldeep Yadav,0,0,,,,,,,,,
1384420,2023/24,2023-10-29,"Bharat Ratna Shri Atal Bihari Vajpayee Ekana Cricket Stadium, Lucknow",2,18.1,England,India,MM Ali,LS Livingstone,RA Jadeja,0,0,,,,,,,,,
1384420,2023/24,2023-10-29,"Bharat Ratna Shri Atal Bihari Vajpayee Ekana Cricket Stadium, Lucknow",2,18.2,England,India,MM Ali,LS Livingstone,RA Jadeja,1,0,,,,,,,,,
1384420,2023/24,2023-10-29,"Bharat Ratna Shri Atal Bihari Vajpayee Ekana Cricket Stadium, Lucknow",2,18.3,England,India,LS Livingstone,MM Ali,RA Jadeja,0,0,,,,,,,,,
1384420,2023/24,2023-10-29,"Bharat Ratna Shri Atal Bihari Vajpayee Ekana Cricket Stadium, Lucknow",2,18.4,England,India,LS Livingstone,MM Ali,RA Jadeja,0,0,,,,,,,,,
1384420,2023/24,2023-10-29,"Bharat Ratna Shri Atal Bihari Vajpayee Ekana Cricket Stadium, Lucknow",2,18.5,England,India,LS Livingstone,MM Ali,RA Jadeja,2,0,,,,,,,,,
1384420,2023/24,2023-10-29,"Bharat Ratna Shri Atal Bihari Vajpayee Ekana Cricket Stadium, Lucknow",2,18.6,England,India,LS Livingstone,MM Ali,RA Jadeja,0,0,,,,,,,,,
1384420,2023/24,2023-10-29,"Bharat Ratna Shri Atal Bihari Vajpayee Ekana Cricket Stadium, Lucknow",2,19.1,England,India,MM Ali,LS Livingstone,Kuldeep Yadav,1,0,,,,,,,,,
1384420,2023/24,2023-10-29,"Bharat Ratna Shri Atal Bihari Vajpayee Ekana Cricket Stadium, Lucknow",2,19.2,England,India,LS Livingstone,MM Ali,Kuldeep Yadav,0,0,,,,,,,,,
1384420,2023/24,2023-10-29,"Bharat Ratna Shri Atal Bihari Vajpayee Ekana Cricket Stadium, Lucknow",2,19.3,England,India,LS Livingstone,MM Ali,Kuldeep Yadav,0,0,,,,,,,,,
1384420,2023/24,2023-10-29,"Bharat Ratna Shri Atal Bihari Vajpayee Ekana Cricket Stadium, Lucknow",2,19.4,England,India,LS Livingstone,MM Ali,Kuldeep Yadav,0,0,,,,,,,,,
1384420,2023/24,2023-10-29,"Bharat Ratna Shri Atal Bihari Vajpayee Ekana Cricket Stadium, Lucknow",2,19.5,England,India,LS Livingstone,MM Ali,Kuldeep Yadav,0,0,,,,,,,,,
1384420,2023/24,2023-10-29,"Bharat Ratna Shri Atal Bihari Vajpayee Ekana Cricket Stadium, Lucknow",2,19.6,England,India,LS Livingstone,MM Ali,Kuldeep Yadav,0,0,,,,,,,,,
1384420,2023/24,2023-10-29,"Bharat Ratna Shri Atal Bihari Vajpayee Ekana Cricket Stadium, Lucknow",2,20.1,England,India,MM Ali,LS Livingstone,RA Jadeja,0,0,,,,,,,,,
1384420,2023/24,2023-10-29,"Bharat Ratna Shri Atal Bihari Vajpayee Ekana Cricket Stadium, Lucknow",2,20.2,England,India,MM Ali,LS Livingstone,RA Jadeja,1,0,,,,,,,,,
1384420,2023/24,2023-10-29,"Bharat Ratna Shri Atal Bihari Vajpayee Ekana Cricket Stadium, Lucknow",2,20.3,England,India,LS Livingstone,MM Ali,RA Jadeja,1,0,,,,,,,,,
1384420,2023/24,2023-10-29,"Bharat Ratna Shri Atal Bihari Vajpayee Ekana Cricket Stadium, Lucknow",2,20.4,England,India,MM Ali,LS Livingstone,RA Jadeja,0,0,,,,,,,,,
1384420,2023/24,2023-10-29,"Bharat Ratna Shri Atal Bihari Vajpayee Ekana Cricket Stadium, Lucknow",2,20.5,England,India,MM Ali,LS Livingstone,RA Jadeja,1,0,,,,,,,,,
1384420,2023/24,2023-10-29,"Bharat Ratna Shri Atal Bihari Vajpayee Ekana Cricket Stadium, Lucknow",2,20.6,England,India,LS Livingstone,MM Ali,RA Jadeja,1,0,,,,,,,,,
1384420,2023/24,2023-10-29,"Bharat Ratna Shri Atal Bihari Vajpayee Ekana Cricket Stadium, Lucknow",2,21.1,England,India,LS Livingstone,MM Ali,Kuldeep Yadav,1,0,,,,,,,,,
1384420,2023/24,2023-10-29,"Bharat Ratna Shri Atal Bihari Vajpayee Ekana Cricket Stadium, Lucknow",2,21.2,England,India,MM Ali,LS Livingstone,Kuldeep Yadav,1,0,,,,,,,,,
1384420,2023/24,2023-10-29,"Bharat Ratna Shri Atal Bihari Vajpayee Ekana Cricket Stadium, Lucknow",2,21.3,England,India,LS Livingstone,MM Ali,Kuldeep Yadav,0,0,,,,,,,,,
1384420,2023/24,2023-10-29,"Bharat Ratna Shri Atal Bihari Vajpayee Ekana Cricket Stadium, Lucknow",2,21.4,England,India,LS Livingstone,MM Ali,Kuldeep Yadav,4,0,,,,,,,,,
1384420,2023/24,2023-10-29,"Bharat Ratna Shri Atal Bihari Vajpayee Ekana Cricket Stadium, Lucknow",2,21.5,England,India,LS Livingstone,MM Ali,Kuldeep Yadav,0,0,,,,,,,,,
1384420,2023/24,2023-10-29,"Bharat Ratna Shri Atal Bihari Vajpayee Ekana Cricket Stadium, Lucknow",2,21.6,England,India,LS Livingstone,MM Ali,Kuldeep Yadav,1,0,,,,,,,,,
1384420,2023/24,2023-10-29,"Bharat Ratna Shri Atal Bihari Vajpayee Ekana Cricket Stadium, Lucknow",2,22.1,England,India,LS Livingstone,MM Ali,RA Jadeja,0,0,,,,,,,,,
1384420,2023/24,2023-10-29,"Bharat Ratna Shri Atal Bihari Vajpayee Ekana Cricket Stadium, Lucknow",2,22.2,England,India,LS Livingstone,MM Ali,RA Jadeja,0,0,,,,,,,,,
1384420,2023/24,2023-10-29,"Bharat Ratna Shri Atal Bihari Vajpayee Ekana Cricket Stadium, Lucknow",2,22.3,England,India,LS Livingstone,MM Ali,RA Jadeja,0,0,,,,,,,,,
1384420,2023/24,2023-10-29,"Bharat Ratna Shri Atal Bihari Vajpayee Ekana Cricket Stadium, Lucknow",2,22.4,England,India,LS Livingstone,MM Ali,RA Jadeja,1,0,,,,,,,,,
1384420,2023/24,2023-10-29,"Bharat Ratna Shri Atal Bihari Vajpayee Ekana Cricket Stadium, Lucknow",2,22.5,England,India,MM Ali,LS Livingstone,RA Jadeja,1,0,,,,,,,,,
1384420,2023/24,2023-10-29,"Bharat Ratna Shri Atal Bihari Vajpayee Ekana Cricket Stadium, Lucknow",2,22.6,England,India,LS Livingstone,MM Ali,RA Jadeja,0,0,,,,,,,,,
1384420,2023/24,2023-10-29,"Bharat Ratna Shri Atal Bihari Vajpayee Ekana Cricket Stadium, Lucknow",2,23.1,England,India,MM Ali,LS Livingstone,Mohammed Shami,0,0,,,,,,caught,MM Ali,,
1384420,2023/24,2023-10-29,"Bharat Ratna Shri Atal Bihari Vajpayee Ekana Cricket Stadium, Lucknow",2,23.2,England,India,CR Woakes,LS Livingstone,Mohammed Shami,0,0,,,,,,,,,
1384420,2023/24,2023-10-29,"Bharat Ratna Shri Atal Bihari Vajpayee Ekana Cricket Stadium, Lucknow",2,23.3,England,India,CR Woakes,LS Livingstone,Mohammed Shami,0,0,,,,,,,,,
1384420,2023/24,2023-10-29,"Bharat Ratna Shri Atal Bihari Vajpayee Ekana Cricket Stadium, Lucknow",2,23.4,England,India,CR Woakes,LS Livingstone,Mohammed Shami,0,0,,,,,,,,,
1384420,2023/24,2023-10-29,"Bharat Ratna Shri Atal Bihari Vajpayee Ekana Cricket Stadium, Lucknow",2,23.5,England,India,CR Woakes,LS Livingstone,Mohammed Shami,0,0,,,,,,,,,
1384420,2023/24,2023-10-29,"Bharat Ratna Shri Atal Bihari Vajpayee Ekana Cricket Stadium, Lucknow",2,23.6,England,India,CR Woakes,LS Livingstone,Mohammed Shami,0,0,,,,,,,,,
1384420,2023/24,2023-10-29,"Bharat Ratna Shri Atal Bihari Vajpayee Ekana Cricket Stadium, Lucknow",2,24.1,England,India,LS Livingstone,CR Woakes,RA Jadeja,0,0,,,,,,,,,
1384420,2023/24,2023-10-29,"Bharat Ratna Shri Atal Bihari Vajpayee Ekana Cricket Stadium, Lucknow",2,24.2,England,India,LS Livingstone,CR Woakes,RA Jadeja,1,0,,,,,,,,,
1384420,2023/24,2023-10-29,"Bharat Ratna Shri Atal Bihari Vajpayee Ekana Cricket Stadium, Lucknow",2,24.3,England,India,CR Woakes,LS Livingstone,RA Jadeja,0,0,,,,,,,,,
1384420,2023/24,2023-10-29,"Bharat Ratna Shri Atal Bihari Vajpayee Ekana Cricket Stadium, Lucknow",2,24.4,England,India,CR Woakes,LS Livingstone,RA Jadeja,1,0,,,,,,,,,
1384420,2023/24,2023-10-29,"Bharat Ratna Shri Atal Bihari Vajpayee Ekana Cricket Stadium, Lucknow",2,24.5,England,India,LS Livingstone,CR Woakes,RA Jadeja,0,0,,,,,,,,,
1384420,2023/24,2023-10-29,"Bharat Ratna Shri Atal Bihari Vajpayee Ekana Cricket Stadium, Lucknow",2,24.6,England,India,LS Livingstone,CR Woakes,RA Jadeja,1,0,,,,,,,,,
1384420,2023/24,2023-10-29,"Bharat Ratna Shri Atal Bihari Vajpayee Ekana Cricket Stadium, Lucknow",2,25.1,England,India,LS Livingstone,CR Woakes,Mohammed Shami,1,0,,,,,,,,,
1384420,2023/24,2023-10-29,"Bharat Ratna Shri Atal Bihari Vajpayee Ekana Cricket Stadium, Lucknow",2,25.2,England,India,CR Woakes,LS Livingstone,Mohammed Shami,4,0,,,,,,,,,
1384420,2023/24,2023-10-29,"Bharat Ratna Shri Atal Bihari Vajpayee Ekana Cricket Stadium, Lucknow",2,25.3,England,India,CR Woakes,LS Livingstone,Mohammed Shami,0,0,,,,,,,,,
1384420,2023/24,2023-10-29,"Bharat Ratna Shri Atal Bihari Vajpayee Ekana Cricket Stadium, Lucknow",2,25.4,England,India,CR Woakes,LS Livingstone,Mohammed Shami,2,0,,,,,,,,,
1384420,2023/24,2023-10-29,"Bharat Ratna Shri Atal Bihari Vajpayee Ekana Cricket Stadium, Lucknow",2,25.5,England,India,CR Woakes,LS Livingstone,Mohammed Shami,0,0,,,,,,,,,
1384420,2023/24,2023-10-29,"Bharat Ratna Shri Atal Bihari Vajpayee Ekana Cricket Stadium, Lucknow",2,25.6,England,India,CR Woakes,LS Livingstone,Mohammed Shami,0,0,,,,,,,,,
1384420,2023/24,2023-10-29,"Bharat Ratna Shri Atal Bihari Vajpayee Ekana Cricket Stadium, Lucknow",2,26.1,England,India,LS Livingstone,CR Woakes,RA Jadeja,1,0,,,,,,,,,
1384420,2023/24,2023-10-29,"Bharat Ratna Shri Atal Bihari Vajpayee Ekana Cricket Stadium, Lucknow",2,26.2,England,India,CR Woakes,LS Livingstone,RA Jadeja,0,0,,,,,,,,,
1384420,2023/24,2023-10-29,"Bharat Ratna Shri Atal Bihari Vajpayee Ekana Cricket Stadium, Lucknow",2,26.3,England,India,CR Woakes,LS Livingstone,RA Jadeja,0,0,,,,,,,,,
1384420,2023/24,2023-10-29,"Bharat Ratna Shri Atal Bihari Vajpayee Ekana Cricket Stadium, Lucknow",2,26.4,England,India,CR Woakes,LS Livingstone,RA Jadeja,1,0,,,,,,,,,
1384420,2023/24,2023-10-29,"Bharat Ratna Shri Atal Bihari Vajpayee Ekana Cricket Stadium, Lucknow",2,26.5,England,India,LS Livingstone,CR Woakes,RA Jadeja,1,0,,,,,,,,,
1384420,2023/24,2023-10-29,"Bharat Ratna Shri Atal Bihari Vajpayee Ekana Cricket Stadium, Lucknow",2,26.6,England,India,CR Woakes,LS Livingstone,RA Jadeja,0,0,,,,,,,,,
1384420,2023/24,2023-10-29,"Bharat Ratna Shri Atal Bihari Vajpayee Ekana Cricket Stadium, Lucknow",2,27.1,England,India,LS Livingstone,CR Woakes,Kuldeep Yadav,1,0,,,,,,,,,
1384420,2023/24,2023-10-29,"Bharat Ratna Shri Atal Bihari Vajpayee Ekana Cricket Stadium, Lucknow",2,27.2,England,India,CR Woakes,LS Livingstone,Kuldeep Yadav,0,0,,,,,,,,,
1384420,2023/24,2023-10-29,"Bharat Ratna Shri Atal Bihari Vajpayee Ekana Cricket Stadium, Lucknow",2,27.3,England,India,CR Woakes,LS Livingstone,Kuldeep Yadav,1,0,,,,,,,,,
1384420,2023/24,2023-10-29,"Bharat Ratna Shri Atal Bihari Vajpayee Ekana Cricket Stadium, Lucknow",2,27.4,England,India,LS Livingstone,CR Woakes,Kuldeep Yadav,0,0,,,,,,,,,
1384420,2023/24,2023-10-29,"Bharat Ratna Shri Atal Bihari Vajpayee Ekana Cricket Stadium, Lucknow",2,27.5,England,India,LS Livingstone,CR Woakes,Kuldeep Yadav,1,0,,,,,,,,,
1384420,2023/24,2023-10-29,"Bharat Ratna Shri Atal Bihari Vajpayee Ekana Cricket Stadium, Lucknow",2,27.6,England,India,CR Woakes,LS Livingstone,Kuldeep Yadav,1,0,,,,,,,,,
1384420,2023/24,2023-10-29,"Bharat Ratna Shri Atal Bihari Vajpayee Ekana Cricket Stadium, Lucknow",2,28.1,England,India,CR Woakes,LS Livingstone,RA Jadeja,0,0,,,,,,stumped,CR Woakes,,
1384420,2023/24,2023-10-29,"Bharat Ratna Shri Atal Bihari Vajpayee Ekana Cricket Stadium, Lucknow",2,28.2,England,India,DJ Willey,LS Livingstone,RA Jadeja,0,0,,,,,,,,,
1384420,2023/24,2023-10-29,"Bharat Ratna Shri Atal Bihari Vajpayee Ekana Cricket Stadium, Lucknow",2,28.3,England,India,DJ Willey,LS Livingstone,RA Jadeja,0,0,,,,,,,,,
1384420,2023/24,2023-10-29,"Bharat Ratna Shri Atal Bihari Vajpayee Ekana Cricket Stadium, Lucknow",2,28.4,England,India,DJ Willey,LS Livingstone,RA Jadeja,0,0,,,,,,,,,
1384420,2023/24,2023-10-29,"Bharat Ratna Shri Atal Bihari Vajpayee Ekana Cricket Stadium, Lucknow",2,28.5,England,India,DJ Willey,LS Livingstone,RA Jadeja,0,0,,,,,,,,,
1384420,2023/24,2023-10-29,"Bharat Ratna Shri Atal Bihari Vajpayee Ekana Cricket Stadium, Lucknow",2,28.6,England,India,DJ Willey,LS Livingstone,RA Jadeja,0,0,,,,,,,,,
1384420,2023/24,2023-10-29,"Bharat Ratna Shri Atal Bihari Vajpayee Ekana Cricket Stadium, Lucknow",2,29.1,England,India,LS Livingstone,DJ Willey,Kuldeep Yadav,0,0,,,,,,,,,
1384420,2023/24,2023-10-29,"Bharat Ratna Shri Atal Bihari Vajpayee Ekana Cricket Stadium, Lucknow",2,29.2,England,India,LS Livingstone,DJ Willey,Kuldeep Yadav,0,0,,,,,,lbw,LS Livingstone,,
1384420,2023/24,2023-10-29,"Bharat Ratna Shri Atal Bihari Vajpayee Ekana Cricket Stadium, Lucknow",2,29.3,England,India,AU Rashid,DJ Willey,Kuldeep Yadav,1,0,,,,,,,,,
1384420,2023/24,2023-10-29,"Bharat Ratna Shri Atal Bihari Vajpayee Ekana Cricket Stadium, Lucknow",2,29.4,England,India,DJ Willey,AU Rashid,Kuldeep Yadav,1,0,,,,,,,,,
1384420,2023/24,2023-10-29,"Bharat Ratna Shri Atal Bihari Vajpayee Ekana Cricket Stadium, Lucknow",2,29.5,England,India,AU Rashid,DJ Willey,Kuldeep Yadav,0,0,,,,,,,,,
1384420,2023/24,2023-10-29,"Bharat Ratna Shri Atal Bihari Vajpayee Ekana Cricket Stadium, Lucknow",2,29.6,England,India,AU Rashid,DJ Willey,Kuldeep Yadav,1,0,,,,,,,,,
1384420,2023/24,2023-10-29,"Bharat Ratna Shri Atal Bihari Vajpayee Ekana Cricket Stadium, Lucknow",2,30.1,England,India,AU Rashid,DJ Willey,RA Jadeja,0,0,,,,,,,,,
1384420,2023/24,2023-10-29,"Bharat Ratna Shri Atal Bihari Vajpayee Ekana Cricket Stadium, Lucknow",2,30.2,England,India,AU Rashid,DJ Willey,RA Jadeja,0,0,,,,,,,,,
1384420,2023/24,2023-10-29,"Bharat Ratna Shri Atal Bihari Vajpayee Ekana Cricket Stadium, Lucknow",2,30.3,England,India,AU Rashid,DJ Willey,RA Jadeja,0,0,,,,,,,,,
1384420,2023/24,2023-10-29,"Bharat Ratna Shri Atal Bihari Vajpayee Ekana Cricket Stadium, Lucknow",2,30.4,England,India,AU Rashid,DJ Willey,RA Jadeja,0,0,,,,,,,,,
1384420,2023/24,2023-10-29,"Bharat Ratna Shri Atal Bihari Vajpayee Ekana Cricket Stadium, Lucknow",2,30.5,England,India,AU Rashid,DJ Willey,RA Jadeja,0,0,,,,,,,,,
1384420,2023/24,2023-10-29,"Bharat Ratna Shri Atal Bihari Vajpayee Ekana Cricket Stadium, Lucknow",2,30.6,England,India,AU Rashid,DJ Willey,RA Jadeja,1,0,,,,,,,,,
1384420,2023/24,2023-10-29,"Bharat Ratna Shri Atal Bihari Vajpayee Ekana Cricket Stadium, Lucknow",2,31.1,England,India,AU Rashid,DJ Willey,Kuldeep Yadav,0,0,,,,,,,,,
1384420,2023/24,2023-10-29,"Bharat Ratna Shri Atal Bihari Vajpayee Ekana Cricket Stadium, Lucknow",2,31.2,England,India,AU Rashid,DJ Willey,Kuldeep Yadav,1,0,,,,,,,,,
1384420,2023/24,2023-10-29,"Bharat Ratna Shri Atal Bihari Vajpayee Ekana Cricket Stadium, Lucknow",2,31.3,England,India,DJ Willey,AU Rashid,Kuldeep Yadav,0,0,,,,,,,,,
1384420,2023/24,2023-10-29,"Bharat Ratna Shri Atal Bihari Vajpayee Ekana Cricket Stadium, Lucknow",2,31.4,England,India,DJ Willey,AU Rashid,Kuldeep Yadav,0,0,,,,,,,,,
1384420,2023/24,2023-10-29,"Bharat Ratna Shri Atal Bihari Vajpayee Ekana Cricket Stadium, Lucknow",2,31.5,England,India,DJ Willey,AU Rashid,Kuldeep Yadav,1,0,,,,,,,,,
1384420,2023/24,2023-10-29,"Bharat Ratna Shri Atal Bihari Vajpayee Ekana Cricket Stadium, Lucknow",2,31.6,England,India,AU Rashid,DJ Willey,Kuldeep Yadav,0,0,,,,,,,,,
1384420,2023/24,2023-10-29,"Bharat Ratna Shri Atal Bihari Vajpayee Ekana Cricket Stadium, Lucknow",2,32.1,England,India,DJ Willey,AU Rashid,JJ Bumrah,6,0,,,,,,,,,
1384420,2023/24,2023-10-29,"Bharat Ratna Shri Atal Bihari Vajpayee Ekana Cricket Stadium, Lucknow",2,32.2,England,India,DJ Willey,AU Rashid,JJ Bumrah,0,0,,,,,,,,,
1384420,2023/24,2023-10-29,"Bharat Ratna Shri Atal Bihari Vajpayee Ekana Cricket Stadium, Lucknow",2,32.3,England,India,DJ Willey,AU Rashid,JJ Bumrah,0,0,,,,,,,,,
1384420,2023/24,2023-10-29,"Bharat Ratna Shri Atal Bihari Vajpayee Ekana Cricket Stadium, Lucknow",2,32.4,England,India,DJ Willey,AU Rashid,JJ Bumrah,1,0,,,,,,,,,
1384420,2023/24,2023-10-29,"Bharat Ratna Shri Atal Bihari Vajpayee Ekana Cricket Stadium, Lucknow",2,32.5,England,India,AU Rashid,DJ Willey,JJ Bumrah,0,0,,,,,,,,,
1384420,2023/24,2023-10-29,"Bharat Ratna Shri Atal Bihari Vajpayee Ekana Cricket Stadium, Lucknow",2,32.6,England,India,AU Rashid,DJ Willey,JJ Bumrah,1,0,,,,,,,,,
1384420,2023/24,2023-10-29,"Bharat Ratna Shri Atal Bihari Vajpayee Ekana Cricket Stadium, Lucknow",2,33.1,England,India,AU Rashid,DJ Willey,Mohammed Shami,0,0,,,,,,,,,
1384420,2023/24,2023-10-29,"Bharat Ratna Shri Atal Bihari Vajpayee Ekana Cricket Stadium, Lucknow",2,33.2,England,India,AU Rashid,DJ Willey,Mohammed Shami,4,0,,,,,,,,,
1384420,2023/24,2023-10-29,"Bharat Ratna Shri Atal Bihari Vajpayee Ekana Cricket Stadium, Lucknow",2,33.3,England,India,AU Rashid,DJ Willey,Mohammed Shami,0,0,,,,,,,,,
1384420,2023/24,2023-10-29,"Bharat Ratna Shri Atal Bihari Vajpayee Ekana Cricket Stadium, Lucknow",2,33.4,England,India,AU Rashid,DJ Willey,Mohammed Shami,0,0,,,,,,,,,
1384420,2023/24,2023-10-29,"Bharat Ratna Shri Atal Bihari Vajpayee Ekana Cricket Stadium, Lucknow",2,33.5,England,India,AU Rashid,DJ Willey,Mohammed Shami,0,1,1,,,,,,,,
1384420,2023/24,2023-10-29,"Bharat Ratna Shri Atal Bihari Vajpayee Ekana Cricket Stadium, Lucknow",2,33.6,England,India,AU Rashid,DJ Willey,Mohammed Shami,0,1,1,,,,,,,,
1384420,2023/24,2023-10-29,"Bharat Ratna Shri Atal Bihari Vajpayee Ekana Cricket Stadium, Lucknow",2,33.7,England,India,AU Rashid,DJ Willey,Mohammed Shami,4,0,,,,,,,,,
1384420,2023/24,2023-10-29,"Bharat Ratna Shri Atal Bihari Vajpayee Ekana Cricket Stadium, Lucknow",2,33.8,England,India,AU Rashid,DJ Willey,Mohammed Shami,0,0,,,,,,bowled,AU Rashid,,
1384420,2023/24,2023-10-29,"Bharat Ratna Shri Atal Bihari Vajpayee Ekana Cricket Stadium, Lucknow",2,34.1,England,India,DJ Willey,MA Wood,JJ Bumrah,0,0,,,,,,,,,
1384420,2023/24,2023-10-29,"Bharat Ratna Shri Atal Bihari Vajpayee Ekana Cricket Stadium, Lucknow",2,34.2,England,India,DJ Willey,MA Wood,JJ Bumrah,6,0,,,,,,,,,
1384420,2023/24,2023-10-29,"Bharat Ratna Shri Atal Bihari Vajpayee Ekana Cricket Stadium, Lucknow",2,34.3,England,India,DJ Willey,MA Wood,JJ Bumrah,0,0,,,,,,,,,
1384420,2023/24,2023-10-29,"Bharat Ratna Shri Atal Bihari Vajpayee Ekana Cricket Stadium, Lucknow",2,34.4,England,India,DJ Willey,MA Wood,JJ Bumrah,1,0,,,,,,,,,
1384420,2023/24,2023-10-29,"Bharat Ratna Shri Atal Bihari Vajpayee Ekana Cricket Stadium, Lucknow",2,34.5,England,India,MA Wood,DJ Willey,JJ Bumrah,0,0,,,,,,bowled,MA Wood,,
