version,2.2.0
info,balls_per_over,6
info,team,South Africa
info,team,Australia
info,gender,male
info,season,2023/24
info,date,2023/10/12
info,event,ICC Cricket World Cup
info,match_number,10
info,venue,"Bharat Ratna Shri Atal Bihari Vajpayee Ekana Cricket Stadium, Lucknow"
info,city,Lucknow
info,toss_winner,Australia
info,toss_decision,field
info,player_of_match,Q de Kock
info,umpire,JS Wilson
info,umpire,RK Illingworth
info,reserve_umpire,CM Brown
info,tv_umpire,RA Kettleborough
info,match_referee,J Srinath
info,winner,South Africa
info,winner_runs,134
info,player,South Africa,Q de Kock
info,player,South Africa,T Bavuma
info,player,South Africa,HE van der Dussen
info,player,South Africa,AK Markram
info,player,South Africa,H Klaasen
info,player,South Africa,DA Miller
info,player,South Africa,M Jansen
info,player,South Africa,K Rabada
info,player,South Africa,KA Maharaj
info,player,South Africa,L Ngidi
info,player,South Africa,T Shamsi
info,player,Australia,MR Marsh
info,player,Australia,DA Warner
info,player,Australia,SPD Smith
info,player,Australia,M Labuschagne
info,player,Australia,JP Inglis
info,player,Australia,GJ Maxwell
info,player,Australia,MP Stoinis
info,player,Australia,MA Starc
info,player,Australia,PJ Cummins
info,player,Australia,A Zampa
info,player,Australia,JR Hazlewood
info,registry,people,A Zampa,14f96089
info,registry,people,AK Markram,6a26221c
info,registry,people,CM Brown,448f4f1c
info,registry,people,DA Miller,d67d5f00
info,registry,people,DA Warner,dcce6f09
info,registry,people,GJ Maxwell,b681e71e
info,registry,people,H Klaasen,235c2bb6
info,registry,people,HE van der Dussen,9948e262
info,registry,people,J Srinath,bad31fac
info,registry,people,JP Inglis,989889ff
info,registry,people,JR Hazlewood,03806cf8
info,registry,people,JS Wilson,d7f3b72f
info,registry,people,K Rabada,e62dd25d
info,registry,people,KA Maharaj,0b60eb09
info,registry,people,L Ngidi,f834dcfc
info,registry,people,M Jansen,81c36ee9
info,registry,people,M Labuschagne,fa433be6
info,registry,people,MA Starc,3fb19989
info,registry,people,MP Stoinis,d9273ee7
info,registry,people,MR Marsh,3d8feaf8
info,registry,people,PJ Cummins,ded9240e
info,registry,people,Q de Kock,372455c4
info,registry,people,RA Kettleborough,4017868f
info,registry,people,RK Illingworth,20672246
info,registry,people,SA Abbott,1a2676c5
info,registry,people,SPD Smith,30a45b23
info,registry,people,T Bavuma,9ffd1ac1
info,registry,people,T Shamsi,a03bba42
