match_id,season,start_date,venue,innings,ball,batting_team,bowling_team,striker,non_striker,bowler,runs_off_bat,extras,wides,noballs,byes,legbyes,penalty,wicket_type,player_dismissed,other_wicket_type,other_player_dismissed
1384418,2023/24,2023-10-28,"Himachal Pradesh Cricket Association Stadium, Dharamsala",1,0.1,Australia,New Zealand,DA Warner,TM Head,MJ Henry,0,0,,,,,,,,,
1384418,2023/24,2023-10-28,"Himachal Pradesh Cricket Association Stadium, Dharamsala",1,0.2,Australia,New Zealand,DA Warner,TM Head,MJ Henry,0,0,,,,,,,,,
1384418,2023/24,2023-10-28,"Himachal Pradesh Cricket Association Stadium, Dharamsala",1,0.3,Australia,New Zealand,DA Warner,TM Head,MJ Henry,4,0,,,,,,,,,
1384418,2023/24,2023-10-28,"Himachal Pradesh Cricket Association Stadium, Dharamsala",1,0.4,Australia,New Zealand,DA Warner,TM Head,MJ Henry,0,0,,,,,,,,,
1384418,2023/24,2023-10-28,"Himachal Pradesh Cricket Association Stadium, Dharamsala",1,0.5,Australia,New Zealand,DA Warner,TM Head,MJ Henry,4,0,,,,,,,,,
1384418,2023/24,2023-10-28,"Himachal Pradesh Cricket Association Stadium, Dharamsala",1,0.6,Australia,New Zealand,DA Warner,TM Head,MJ Henry,0,0,,,,,,,,,
1384418,2023/24,2023-10-28,"Himachal Pradesh Cricket Association Stadium, Dharamsala",1,1.1,Australia,New Zealand,TM Head,DA Warner,TA Boult,0,0,,,,,,,,,
1384418,2023/24,2023-10-28,"Himachal Pradesh Cricket Association Stadium, Dharamsala",1,1.2,Australia,New Zealand,TM Head,DA Warner,TA Boult,1,0,,,,,,,,,
1384418,2023/24,2023-10-28,"Himachal Pradesh Cricket Association Stadium, Dharamsala",1,1.3,Australia,New Zealand,DA Warner,TM Head,TA Boult,0,0,,,,,,,,,
1384418,2023/24,2023-10-28,"Himachal Pradesh Cricket Association Stadium, Dharamsala",1,1.4,Australia,New Zealand,DA Warner,TM Head,TA Boult,0,0,,,,,,,,,
1384418,2023/24,2023-10-28,"Himachal Pradesh Cricket Association Stadium, Dharamsala",1,1.5,Australia,New Zealand,DA Warner,TM Head,TA Boult,1,0,,,,,,,,,
1384418,2023/24,2023-10-28,"Himachal Pradesh Cricket Association Stadium, Dharamsala",1,1.6,Australia,New Zealand,TM Head,DA Warner,TA Boult,4,0,,,,,,,,,
1384418,2023/24,2023-10-28,"Himachal Pradesh Cricket Association Stadium, Dharamsala",1,2.1,Australia,New Zealand,DA Warner,TM Head,MJ Henry,6,0,,,,,,,,,
1384418,2023/24,2023-10-28,"Himachal Pradesh Cricket Association Stadium, Dharamsala",1,2.2,Australia,New Zealand,DA Warner,TM Head,MJ Henry,1,1,,1,,,,,,,
1384418,2023/24,2023-10-28,"Himachal Pradesh Cricket Association Stadium, Dharamsala",1,2.3,Australia,New Zealand,TM Head,DA Warner,MJ Henry,6,1,,1,,,,,,,
1384418,2023/24,2023-10-28,"Himachal Pradesh Cricket Association Stadium, Dharamsala",1,2.4,Australia,New Zealand,TM Head,DA Warner,MJ Henry,6,0,,,,,,,,,
1384418,2023/24,2023-10-28,"Himachal Pradesh Cricket Association Stadium, Dharamsala",1,2.5,Australia,New Zealand,TM Head,DA Warner,MJ Henry,0,0,,,,,,,,,
1384418,2023/24,2023-10-28,"Himachal Pradesh Cricket Association Stadium, Dharamsala",1,2.6,Australia,New Zealand,TM Head,DA Warner,MJ Henry,0,0,,,,,,,,,
1384418,2023/24,2023-10-28,"Himachal Pradesh Cricket Association Stadium, Dharamsala",1,2.7,Australia,New Zealand,TM Head,DA Warner,MJ Henry,0,0,,,,,,,,,
1384418,2023/24,2023-10-28,"Himachal Pradesh Cricket Association Stadium, Dharamsala",1,2.8,Australia,New Zealand,TM Head,DA Warner,MJ Henry,0,1,1,,,,,,,,
1384418,2023/24,2023-10-28,"Himachal Pradesh Cricket Association Stadium, Dharamsala",1,2.9,Australia,New Zealand,TM Head,DA Warner,MJ Henry,0,0,,,,,,,,,
1384418,2023/24,2023-10-28,"Himachal Pradesh Cricket Association Stadium, Dharamsala",1,3.1,Australia,New Zealand,DA Warner,TM Head,TA Boult,4,0,,,,,,,,,
1384418,2023/24,2023-10-28,"Himachal Pradesh Cricket Association Stadium, Dharamsala",1,3.2,Australia,New Zealand,DA Warner,TM Head,TA Boult,0,0,,,,,,,,,
1384418,2023/24,2023-10-28,"Himachal Pradesh Cricket Association Stadium, Dharamsala",1,3.3,Australia,New Zealand,DA Warner,TM Head,TA Boult,0,0,,,,,,,,,
1384418,2023/24,2023-10-28,"Himachal Pradesh Cricket Association Stadium, Dharamsala",1,3.4,Australia,New Zealand,DA Warner,TM Head,TA Boult,0,0,,,,,,,,,
1384418,2023/24,2023-10-28,"Himachal Pradesh Cricket Association Stadium, Dharamsala",1,3.5,Australia,New Zealand,DA Warner,TM Head,TA Boult,6,0,,,,,,,,,
1384418,2023/24,2023-10-28,"Himachal Pradesh Cricket Association Stadium, Dharamsala",1,3.6,Australia,New Zealand,DA Warner,TM Head,TA Boult,0,0,,,,,,,,,
1384418,2023/24,2023-10-28,"Himachal Pradesh Cricket Association Stadium, Dharamsala",1,4.1,Australia,New Zealand,TM Head,DA Warner,MJ Henry,4,0,,,,,,,,,
1384418,2023/24,2023-10-28,"Himachal Pradesh Cricket Association Stadium, Dharamsala",1,4.2,Australia,New Zealand,TM Head,DA Warner,MJ Henry,4,0,,,,,,,,,
1384418,2023/24,2023-10-28,"Himachal Pradesh Cricket Association Stadium, Dharamsala",1,4.3,Australia,New Zealand,TM Head,DA Warner,MJ Henry,6,0,,,,,,,,,
1384418,2023/24,2023-10-28,"Himachal Pradesh Cricket Association Stadium, Dharamsala",1,4.4,Australia,New Zealand,TM Head,DA Warner,MJ Henry,0,0,,,,,,,,,
1384418,2023/24,2023-10-28,"Himachal Pradesh Cricket Association Stadium, Dharamsala",1,4.5,Australia,New Zealand,TM Head,DA Warner,MJ Henry,0,0,,,,,,,,,
1384418,2023/24,2023-10-28,"Himachal Pradesh Cricket Association Stadium, Dharamsala",1,4.6,Australia,New Zealand,TM Head,DA Warner,MJ Henry,0,0,,,,,,,,,
1384418,2023/24,2023-10-28,"Himachal Pradesh Cricket Association Stadium, Dharamsala",1,5.1,Australia,New Zealand,DA Warner,TM Head,TA Boult,1,0,,,,,,,,,
1384418,2023/24,2023-10-28,"Himachal Pradesh Cricket Association Stadium, Dharamsala",1,5.2,Australia,New Zealand,TM Head,DA Warner,TA Boult,0,0,,,,,,,,,
1384418,2023/24,2023-10-28,"Himachal Pradesh Cricket Association Stadium, Dharamsala",1,5.3,Australia,New Zealand,TM Head,DA Warner,TA Boult,1,0,,,,,,,,,
1384418,2023/24,2023-10-28,"Himachal Pradesh Cricket Association Stadium, Dharamsala",1,5.4,Australia,New Zealand,DA Warner,TM Head,TA Boult,1,0,,,,,,,,,
1384418,2023/24,2023-10-28,"Himachal Pradesh Cricket Association Stadium, Dharamsala",1,5.5,Australia,New Zealand,TM Head,DA Warner,TA Boult,4,0,,,,,,,,,
1384418,2023/24,2023-10-28,"Himachal Pradesh Cricket Association Stadium, Dharamsala",1,5.6,Australia,New Zealand,TM Head,DA Warner,TA Boult,0,0,,,,,,,,,
1384418,2023/24,2023-10-28,"Himachal Pradesh Cricket Association Stadium, Dharamsala",1,6.1,Australia,New Zealand,DA Warner,TM Head,LH Ferguson,6,0,,,,,,,,,
1384418,2023/24,2023-10-28,"Himachal Pradesh Cricket Association Stadium, Dharamsala",1,6.2,Australia,New Zealand,DA Warner,TM Head,LH Ferguson,0,0,,,,,,,,,
1384418,2023/24,2023-10-28,"Himachal Pradesh Cricket Association Stadium, Dharamsala",1,6.3,Australia,New Zealand,DA Warner,TM Head,LH Ferguson,2,0,,,,,,,,,
1384418,2023/24,2023-10-28,"Himachal Pradesh Cricket Association Stadium, Dharamsala",1,6.4,Australia,New Zealand,DA Warner,TM Head,LH Ferguson,6,0,,,,,,,,,
1384418,2023/24,2023-10-28,"Himachal Pradesh Cricket Association Stadium, Dharamsala",1,6.5,Australia,New Zealand,DA Warner,TM Head,LH Ferguson,1,0,,,,,,,,,
1384418,2023/24,2023-10-28,"Himachal Pradesh Cricket Association Stadium, Dharamsala",1,6.6,Australia,New Zealand,TM Head,DA Warner,LH Ferguson,4,0,,,,,,,,,
1384418,2023/24,2023-10-28,"Himachal Pradesh Cricket Association Stadium, Dharamsala",1,7.1,Australia,New Zealand,DA Warner,TM Head,TA Boult,0,0,,,,,,,,,
1384418,2023/24,2023-10-28,"Himachal Pradesh Cricket Association Stadium, Dharamsala",1,7.2,Australia,New Zealand,DA Warner,TM Head,TA Boult,0,0,,,,,,,,,
1384418,2023/24,2023-10-28,"Himachal Pradesh Cricket Association Stadium, Dharamsala",1,7.3,Australia,New Zealand,DA Warner,TM Head,TA Boult,6,0,,,,,,,,,
1384418,2023/24,2023-10-28,"Himachal Pradesh Cricket Association Stadium, Dharamsala",1,7.4,Australia,New Zealand,DA Warner,TM Head,TA Boult,1,0,,,,,,,,,
1384418,2023/24,2023-10-28,"Himachal Pradesh Cricket Association Stadium, Dharamsala",1,7.5,Australia,New Zealand,TM Head,DA Warner,TA Boult,0,0,,,,,,,,,
1384418,2023/24,2023-10-28,"Himachal Pradesh Cricket Association Stadium, Dharamsala",1,7.6,Australia,New Zealand,TM Head,DA Warner,TA Boult,0,0,,,,,,,,,
1384418,2023/24,2023-10-28,"Himachal Pradesh Cricket Association Stadium, Dharamsala",1,8.1,Australia,New Zealand,DA Warner,TM Head,MJ Santner,0,0,,,,,,,,,
1384418,2023/24,2023-10-28,"Himachal Pradesh Cricket Association Stadium, Dharamsala",1,8.2,Australia,New Zealand,DA Warner,TM Head,MJ Santner,4,0,,,,,,,,,
1384418,2023/24,2023-10-28,"Himachal Pradesh Cricket Association Stadium, Dharamsala",1,8.3,Australia,New Zealand,DA Warner,TM Head,MJ Santner,1,0,,,,,,,,,
1384418,2023/24,2023-10-28,"Himachal Pradesh Cricket Association Stadium, Dharamsala",1,8.4,Australia,New Zealand,TM Head,DA Warner,MJ Santner,0,0,,,,,,,,,
1384418,2023/24,2023-10-28,"Himachal Pradesh Cricket Association Stadium, Dharamsala",1,8.5,Australia,New Zealand,TM Head,DA Warner,MJ Santner,6,0,,,,,,,,,
1384418,2023/24,2023-10-28,"Himachal Pradesh Cricket Association Stadium, Dharamsala",1,8.6,Australia,New Zealand,TM Head,DA Warner,MJ Santner,4,0,,,,,,,,,
1384418,2023/24,2023-10-28,"Himachal Pradesh Cricket Association Stadium, Dharamsala",1,9.1,Australia,New Zealand,DA Warner,TM Head,LH Ferguson,0,0,,,,,,,,,
1384418,2023/24,2023-10-28,"Himachal Pradesh Cricket Association Stadium, Dharamsala",1,9.2,Australia,New Zealand,DA Warner,TM Head,LH Ferguson,0,0,,,,,,,,,
1384418,2023/24,2023-10-28,"Himachal Pradesh Cricket Association Stadium, Dharamsala",1,9.3,Australia,New Zealand,DA Warner,TM Head,LH Ferguson,4,0,,,,,,,,,
1384418,2023/24,2023-10-28,"Himachal Pradesh Cricket Association Stadium, Dharamsala",1,9.4,Australia,New Zealand,DA Warner,TM Head,LH Ferguson,0,0,,,,,,,,,
1384418,2023/24,2023-10-28,"Himachal Pradesh Cricket Association Stadium, Dharamsala",1,9.5,Australia,New Zealand,DA Warner,TM Head,LH Ferguson,6,0,,,,,,,,,
1384418,2023/24,2023-10-28,"Himachal Pradesh Cricket Association Stadium, Dharamsala",1,9.6,Australia,New Zealand,DA Warner,TM Head,LH Ferguson,0,0,,,,,,,,,
1384418,2023/24,2023-10-28,"Himachal Pradesh Cricket Association Stadium, Dharamsala",1,10.1,Australia,New Zealand,TM Head,DA Warner,MJ Santner,0,0,,,,,,,,,
1384418,2023/24,2023-10-28,"Himachal Pradesh Cricket Association Stadium, Dharamsala",1,10.2,Australia,New Zealand,TM Head,DA Warner,MJ Santner,4,0,,,,,,,,,
1384418,2023/24,2023-10-28,"Himachal Pradesh Cricket Association Stadium, Dharamsala",1,10.3,Australia,New Zealand,TM Head,DA Warner,MJ Santner,1,0,,,,,,,,,
1384418,2023/24,2023-10-28,"Himachal Pradesh Cricket Association Stadium, Dharamsala",1,10.4,Australia,New Zealand,DA Warner,TM Head,MJ Santner,0,0,,,,,,,,,
1384418,2023/24,2023-10-28,"Himachal Pradesh Cricket Association Stadium, Dharamsala",1,10.5,Australia,New Zealand,DA Warner,TM Head,MJ Santner,0,0,,,,,,,,,
1384418,2023/24,2023-10-28,"Himachal Pradesh Cricket Association Stadium, Dharamsala",1,10.6,Australia,New Zealand,DA Warner,TM Head,MJ Santner,1,0,,,,,,,,,
1384418,2023/24,2023-10-28,"Himachal Pradesh Cricket Association Stadium, Dharamsala",1,11.1,Australia,New Zealand,DA Warner,TM Head,LH Ferguson,1,0,,,,,,,,,
1384418,2023/24,2023-10-28,"Himachal Pradesh Cricket Association Stadium, Dharamsala",1,11.2,Australia,New Zealand,TM Head,DA Warner,LH Ferguson,2,0,,,,,,,,,
1384418,2023/24,2023-10-28,"Himachal Pradesh Cricket Association Stadium, Dharamsala",1,11.3,Australia,New Zealand,TM Head,DA Warner,LH Ferguson,4,0,,,,,,,,,
1384418,2023/24,2023-10-28,"Himachal Pradesh Cricket Association Stadium, Dharamsala",1,11.4,Australia,New Zealand,TM Head,DA Warner,LH Ferguson,1,0,,,,,,,,,
1384418,2023/24,2023-10-28,"Himachal Pradesh Cricket Association Stadium, Dharamsala",1,11.5,Australia,New Zealand,DA Warner,TM Head,LH Ferguson,1,0,,,,,,,,,
1384418,2023/24,2023-10-28,"Himachal Pradesh Cricket Association Stadium, Dharamsala",1,11.6,Australia,New Zealand,TM Head,DA Warner,LH Ferguson,0,0,,,,,,,,,
1384418,2023/24,2023-10-28,"Himachal Pradesh Cricket Association Stadium, Dharamsala",1,12.1,Australia,New Zealand,DA Warner,TM Head,MJ Santner,0,1,1,,,,,,,,
1384418,2023/24,2023-10-28,"Himachal Pradesh Cricket Association Stadium, Dharamsala",1,12.2,Australia,New Zealand,DA Warner,TM Head,MJ Santner,1,0,,,,,,,,,
1384418,2023/24,2023-10-28,"Himachal Pradesh Cricket Association Stadium, Dharamsala",1,12.3,Australia,New Zealand,TM Head,DA Warner,MJ Santner,0,0,,,,,,,,,
1384418,2023/24,2023-10-28,"Himachal Pradesh Cricket Association Stadium, Dharamsala",1,12.4,Australia,New Zealand,TM Head,DA Warner,MJ Santner,2,0,,,,,,,,,
1384418,2023/24,2023-10-28,"Himachal Pradesh Cricket Association Stadium, Dharamsala",1,12.5,Australia,New Zealand,TM Head,DA Warner,MJ Santner,6,0,,,,,,,,,
1384418,2023/24,2023-10-28,"Himachal Pradesh Cricket Association Stadium, Dharamsala",1,12.6,Australia,New Zealand,TM Head,DA Warner,MJ Santner,0,0,,,,,,,,,
1384418,2023/24,2023-10-28,"Himachal Pradesh Cricket Association Stadium, Dharamsala",1,12.7,Australia,New Zealand,TM Head,DA Warner,MJ Santner,1,0,,,,,,,,,
1384418,2023/24,2023-10-28,"Himachal Pradesh Cricket Association Stadium, Dharamsala",1,13.1,Australia,New Zealand,TM Head,DA Warner,GD Phillips,1,0,,,,,,,,,
1384418,2023/24,2023-10-28,"Himachal Pradesh Cricket Association Stadium, Dharamsala",1,13.2,Australia,New Zealand,DA Warner,TM Head,GD Phillips,0,0,,,,,,,,,
1384418,2023/24,2023-10-28,"Himachal Pradesh Cricket Association Stadium, Dharamsala",1,13.3,Australia,New Zealand,DA Warner,TM Head,GD Phillips,0,0,,,,,,,,,
1384418,2023/24,2023-10-28,"Himachal Pradesh Cricket Association Stadium, Dharamsala",1,13.4,Australia,New Zealand,DA Warner,TM Head,GD Phillips,0,0,,,,,,,,,
1384418,2023/24,2023-10-28,"Himachal Pradesh Cricket Association Stadium, Dharamsala",1,13.5,Australia,New Zealand,DA Warner,TM Head,GD Phillips,0,0,,,,,,,,,
1384418,2023/24,2023-10-28,"Himachal Pradesh Cricket Association Stadium, Dharamsala",1,13.6,Australia,New Zealand,DA Warner,TM Head,GD Phillips,1,0,,,,,,,,,
1384418,2023/24,2023-10-28,"Himachal Pradesh Cricket Association Stadium, Dharamsala",1,14.1,Australia,New Zealand,DA Warner,TM Head,MJ Santner,0,0,,,,,,,,,
1384418,2023/24,2023-10-28,"Himachal Pradesh Cricket Association Stadium, Dharamsala",1,14.2,Australia,New Zealand,DA Warner,TM Head,MJ Santner,2,0,,,,,,,,,
1384418,2023/24,2023-10-28,"Himachal Pradesh Cricket Association Stadium, Dharamsala",1,14.3,Australia,New Zealand,DA Warner,TM Head,MJ Santner,1,0,,,,,,,,,
1384418,2023/24,2023-10-28,"Himachal Pradesh Cricket Association Stadium, Dharamsala",1,14.4,Australia,New Zealand,TM Head,DA Warner,MJ Santner,0,0,,,,,,,,,
1384418,2023/24,2023-10-28,"Himachal Pradesh Cricket Association Stadium, Dharamsala",1,14.5,Australia,New Zealand,TM Head,DA Warner,MJ Santner,1,0,,,,,,,,,
1384418,2023/24,2023-10-28,"Himachal Pradesh Cricket Association Stadium, Dharamsala",1,14.6,Australia,New Zealand,DA Warner,TM Head,MJ Santner,1,0,,,,,,,,,
1384418,2023/24,2023-10-28,"Himachal Pradesh Cricket Association Stadium, Dharamsala",1,15.1,Australia,New Zealand,DA Warner,TM Head,GD Phillips,1,0,,,,,,,,,
1384418,2023/24,2023-10-28,"Himachal Pradesh Cricket Association Stadium, Dharamsala",1,15.2,Australia,New Zealand,TM Head,DA Warner,GD Phillips,1,0,,,,,,,,,
1384418,2023/24,2023-10-28,"Himachal Pradesh Cricket Association Stadium, Dharamsala",1,15.3,Australia,New Zealand,DA Warner,TM Head,GD Phillips,1,0,,,,,,,,,
1384418,2023/24,2023-10-28,"Himachal Pradesh Cricket Association Stadium, Dharamsala",1,15.4,Australia,New Zealand,TM Head,DA Warner,GD Phillips,1,0,,,,,,,,,
1384418,2023/24,2023-10-28,"Himachal Pradesh Cricket Association Stadium, Dharamsala",1,15.5,Australia,New Zealand,DA Warner,TM Head,GD Phillips,0,0,,,,,,,,,
1384418,2023/24,2023-10-28,"Himachal Pradesh Cricket Association Stadium, Dharamsala",1,15.6,Australia,New Zealand,DA Warner,TM Head,GD Phillips,0,0,,,,,,,,,
1384418,2023/24,2023-10-28,"Himachal Pradesh Cricket Association Stadium, Dharamsala",1,16.1,Australia,New Zealand,TM Head,DA Warner,R Ravindra,0,0,,,,,,,,,
1384418,2023/24,2023-10-28,"Himachal Pradesh Cricket Association Stadium, Dharamsala",1,16.2,Australia,New Zealand,TM Head,DA Warner,R Ravindra,1,0,,,,,,,,,
1384418,2023/24,2023-10-28,"Himachal Pradesh Cricket Association Stadium, Dharamsala",1,16.3,Australia,New Zealand,DA Warner,TM Head,R Ravindra,1,0,,,,,,,,,
1384418,2023/24,2023-10-28,"Himachal Pradesh Cricket Association Stadium, Dharamsala",1,16.4,Australia,New Zealand,TM Head,DA Warner,R Ravindra,1,0,,,,,,,,,
1384418,2023/24,2023-10-28,"Himachal Pradesh Cricket Association Stadium, Dharamsala",1,16.5,Australia,New Zealand,DA Warner,TM Head,R Ravindra,0,0,,,,,,,,,
1384418,2023/24,2023-10-28,"Himachal Pradesh Cricket Association Stadium, Dharamsala",1,16.6,Australia,New Zealand,DA Warner,TM Head,R Ravindra,0,0,,,,,,,,,
1384418,2023/24,2023-10-28,"Himachal Pradesh Cricket Association Stadium, Dharamsala",1,17.1,Australia,New Zealand,TM Head,DA Warner,GD Phillips,0,0,,,,,,,,,
1384418,2023/24,2023-10-28,"Himachal Pradesh Cricket Association Stadium, Dharamsala",1,17.2,Australia,New Zealand,TM Head,DA Warner,GD Phillips,4,0,,,,,,,,,
1384418,2023/24,2023-10-28,"Himachal Pradesh Cricket Association Stadium, Dharamsala",1,17.3,Australia,New Zealand,TM Head,DA Warner,GD Phillips,1,0,,,,,,,,,
1384418,2023/24,2023-10-28,"Himachal Pradesh Cricket Association Stadium, Dharamsala",1,17.4,Australia,New Zealand,DA Warner,TM Head,GD Phillips,2,0,,,,,,,,,
1384418,2023/24,2023-10-28,"Himachal Pradesh Cricket Association Stadium, Dharamsala",1,17.5,Australia,New Zealand,DA Warner,TM Head,GD Phillips,0,0,,,,,,,,,
1384418,2023/24,2023-10-28,"Himachal Pradesh Cricket Association Stadium, Dharamsala",1,17.6,Australia,New Zealand,DA Warner,TM Head,GD Phillips,0,0,,,,,,,,,
1384418,2023/24,2023-10-28,"Himachal Pradesh Cricket Association Stadium, Dharamsala",1,18.1,Australia,New Zealand,TM Head,DA Warner,R Ravindra,2,0,,,,,,,,,
1384418,2023/24,2023-10-28,"Himachal Pradesh Cricket Association Stadium, Dharamsala",1,18.2,Australia,New Zealand,TM Head,DA Warner,R Ravindra,4,0,,,,,,,,,
1384418,2023/24,2023-10-28,"Himachal Pradesh Cricket Association Stadium, Dharamsala",1,18.3,Australia,New Zealand,TM Head,DA Warner,R Ravindra,1,0,,,,,,,,,
1384418,2023/24,2023-10-28,"Himachal Pradesh Cricket Association Stadium, Dharamsala",1,18.4,Australia,New Zealand,DA Warner,TM Head,R Ravindra,1,0,,,,,,,,,
1384418,2023/24,2023-10-28,"Himachal Pradesh Cricket Association Stadium, Dharamsala",1,18.5,Australia,New Zealand,TM Head,DA Warner,R Ravindra,1,0,,,,,,,,,
1384418,2023/24,2023-10-28,"Himachal Pradesh Cricket Association Stadium, Dharamsala",1,18.6,Australia,New Zealand,DA Warner,TM Head,R Ravindra,1,0,,,,,,,,,
1384418,2023/24,2023-10-28,"Himachal Pradesh Cricket Association Stadium, Dharamsala",1,19.1,Australia,New Zealand,DA Warner,TM Head,GD Phillips,0,0,,,,,,caught and bowled,DA Warner,,
1384418,2023/24,2023-10-28,"Himachal Pradesh Cricket Association Stadium, Dharamsala",1,19.2,Australia,New Zealand,MR Marsh,TM Head,GD Phillips,0,0,,,,,,,,,
1384418,2023/24,2023-10-28,"Himachal Pradesh Cricket Association Stadium, Dharamsala",1,19.3,Australia,New Zealand,MR Marsh,TM Head,GD Phillips,0,0,,,,,,,,,
1384418,2023/24,2023-10-28,"Himachal Pradesh Cricket Association Stadium, Dharamsala",1,19.4,Australia,New Zealand,MR Marsh,TM Head,GD Phillips,1,0,,,,,,,,,
1384418,2023/24,2023-10-28,"Himachal Pradesh Cricket Association Stadium, Dharamsala",1,19.5,Australia,New Zealand,TM Head,MR Marsh,GD Phillips,1,0,,,,,,,,,
1384418,2023/24,2023-10-28,"Himachal Pradesh Cricket Association Stadium, Dharamsala",1,19.6,Australia,New Zealand,MR Marsh,TM Head,GD Phillips,0,0,,,,,,,,,
1384418,2023/24,2023-10-28,"Himachal Pradesh Cricket Association Stadium, Dharamsala",1,20.1,Australia,New Zealand,TM Head,MR Marsh,R Ravindra,1,0,,,,,,,,,
1384418,2023/24,2023-10-28,"Himachal Pradesh Cricket Association Stadium, Dharamsala",1,20.2,Australia,New Zealand,MR Marsh,TM Head,R Ravindra,1,0,,,,,,,,,
1384418,2023/24,2023-10-28,"Himachal Pradesh Cricket Association Stadium, Dharamsala",1,20.3,Australia,New Zealand,TM Head,MR Marsh,R Ravindra,6,0,,,,,,,,,
1384418,2023/24,2023-10-28,"Himachal Pradesh Cricket Association Stadium, Dharamsala",1,20.4,Australia,New Zealand,TM Head,MR Marsh,R Ravindra,0,0,,,,,,,,,
1384418,2023/24,2023-10-28,"Himachal Pradesh Cricket Association Stadium, Dharamsala",1,20.5,Australia,New Zealand,TM Head,MR Marsh,R Ravindra,1,0,,,,,,,,,
1384418,2023/24,2023-10-28,"Himachal Pradesh Cricket Association Stadium, Dharamsala",1,20.6,Australia,New Zealand,MR Marsh,TM Head,R Ravindra,1,0,,,,,,,,,
1384418,2023/24,2023-10-28,"Himachal Pradesh Cricket Association Stadium, Dharamsala",1,21.1,Australia,New Zealand,MR Marsh,TM Head,GD Phillips,1,0,,,,,,,,,
1384418,2023/24,2023-10-28,"Himachal Pradesh Cricket Association Stadium, Dharamsala",1,21.2,Australia,New Zealand,TM Head,MR Marsh,GD Phillips,0,0,,,,,,,,,
1384418,2023/24,2023-10-28,"Himachal Pradesh Cricket Association Stadium, Dharamsala",1,21.3,Australia,New Zealand,TM Head,MR Marsh,GD Phillips,1,0,,,,,,,,,
1384418,2023/24,2023-10-28,"Himachal Pradesh Cricket Association Stadium, Dharamsala",1,21.4,Australia,New Zealand,MR Marsh,TM Head,GD Phillips,1,0,,,,,,,,,
1384418,2023/24,2023-10-28,"Himachal Pradesh Cricket Association Stadium, Dharamsala",1,21.5,Australia,New Zealand,TM Head,MR Marsh,GD Phillips,1,0,,,,,,,,,
1384418,2023/24,2023-10-28,"Himachal Pradesh Cricket Association Stadium, Dharamsala",1,21.6,Australia,New Zealand,MR Marsh,TM Head,GD Phillips,0,0,,,,,,,,,
1384418,2023/24,2023-10-28,"Himachal Pradesh Cricket Association Stadium, Dharamsala",1,22.1,Australia,New Zealand,TM Head,MR Marsh,R Ravindra,0,0,,,,,,,,,
1384418,2023/24,2023-10-28,"Himachal Pradesh Cricket Association Stadium, Dharamsala",1,22.2,Australia,New Zealand,TM Head,MR Marsh,R Ravindra,6,0,,,,,,,,,
1384418,2023/24,2023-10-28,"Himachal Pradesh Cricket Association Stadium, Dharamsala",1,22.3,Australia,New Zealand,TM Head,MR Marsh,R Ravindra,0,0,,,,,,,,,
1384418,2023/24,2023-10-28,"Himachal Pradesh Cricket Association Stadium, Dharamsala",1,22.4,Australia,New Zealand,TM Head,MR Marsh,R Ravindra,1,0,,,,,,,,,
1384418,2023/24,2023-10-28,"Himachal Pradesh Cricket Association Stadium, Dharamsala",1,22.5,Australia,New Zealand,MR Marsh,TM Head,R Ravindra,1,0,,,,,,,,,
1384418,2023/24,2023-10-28,"Himachal Pradesh Cricket Association Stadium, Dharamsala",1,22.6,Australia,New Zealand,TM Head,MR Marsh,R Ravindra,1,0,,,,,,,,,
1384418,2023/24,2023-10-28,"Himachal Pradesh Cricket Association Stadium, Dharamsala",1,23.1,Australia,New Zealand,TM Head,MR Marsh,GD Phillips,0,0,,,,,,,,,
1384418,2023/24,2023-10-28,"Himachal Pradesh Cricket Association Stadium, Dharamsala",1,23.2,Australia,New Zealand,TM Head,MR Marsh,GD Phillips,0,0,,,,,,bowled,TM Head,,
1384418,2023/24,2023-10-28,"Himachal Pradesh Cricket Association Stadium, Dharamsala",1,23.3,Australia,New Zealand,SPD Smith,MR Marsh,GD Phillips,1,0,,,,,,,,,
1384418,2023/24,2023-10-28,"Himachal Pradesh Cricket Association Stadium, Dharamsala",1,23.4,Australia,New Zealand,MR Marsh,SPD Smith,GD Phillips,0,0,,,,,,,,,
1384418,2023/24,2023-10-28,"Himachal Pradesh Cricket Association Stadium, Dharamsala",1,23.5,Australia,New Zealand,MR Marsh,SPD Smith,GD Phillips,0,0,,,,,,,,,
1384418,2023/24,2023-10-28,"Himachal Pradesh Cricket Association Stadium, Dharamsala",1,23.6,Australia,New Zealand,MR Marsh,SPD Smith,GD Phillips,0,0,,,,,,,,,
1384418,2023/24,2023-10-28,"Himachal Pradesh Cricket Association Stadium, Dharamsala",1,24.1,Australia,New Zealand,SPD Smith,MR Marsh,R Ravindra,0,0,,,,,,,,,
1384418,2023/24,2023-10-28,"Himachal Pradesh Cricket Association Stadium, Dharamsala",1,24.2,Australia,New Zealand,SPD Smith,MR Marsh,R Ravindra,4,0,,,,,,,,,
1384418,2023/24,2023-10-28,"Himachal Pradesh Cricket Association Stadium, Dharamsala",1,24.3,Australia,New Zealand,SPD Smith,MR Marsh,R Ravindra,0,0,,,,,,,,,
1384418,2023/24,2023-10-28,"Himachal Pradesh Cricket Association Stadium, Dharamsala",1,24.4,Australia,New Zealand,SPD Smith,MR Marsh,R Ravindra,1,0,,,,,,,,,
1384418,2023/24,2023-10-28,"Himachal Pradesh Cricket Association Stadium, Dharamsala",1,24.5,Australia,New Zealand,MR Marsh,SPD Smith,R Ravindra,0,0,,,,,,,,,
1384418,2023/24,2023-10-28,"Himachal Pradesh Cricket Association Stadium, Dharamsala",1,24.6,Australia,New Zealand,MR Marsh,SPD Smith,R Ravindra,0,0,,,,,,,,,
1384418,2023/24,2023-10-28,"Himachal Pradesh Cricket Association Stadium, Dharamsala",1,25.1,Australia,New Zealand,SPD Smith,MR Marsh,GD Phillips,1,0,,,,,,,,,
1384418,2023/24,2023-10-28,"Himachal Pradesh Cricket Association Stadium, Dharamsala",1,25.2,Australia,New Zealand,MR Marsh,SPD Smith,GD Phillips,1,0,,,,,,,,,
1384418,2023/24,2023-10-28,"Himachal Pradesh Cricket Association Stadium, Dharamsala",1,25.3,Australia,New Zealand,SPD Smith,MR Marsh,GD Phillips,1,0,,,,,,,,,
1384418,2023/24,2023-10-28,"Himachal Pradesh Cricket Association Stadium, Dharamsala",1,25.4,Australia,New Zealand,MR Marsh,SPD Smith,GD Phillips,0,0,,,,,,,,,
1384418,2023/24,2023-10-28,"Himachal Pradesh Cricket Association Stadium, Dharamsala",1,25.5,Australia,New Zealand,MR Marsh,SPD Smith,GD Phillips,0,0,,,,,,,,,
1384418,2023/24,2023-10-28,"Himachal Pradesh Cricket Association Stadium, Dharamsala",1,25.6,Australia,New Zealand,MR Marsh,SPD Smith,GD Phillips,0,0,,,,,,,,,
1384418,2023/24,2023-10-28,"Himachal Pradesh Cricket Association Stadium, Dharamsala",1,26.1,Australia,New Zealand,SPD Smith,MR Marsh,MJ Santner,1,0,,,,,,,,,
1384418,2023/24,2023-10-28,"Himachal Pradesh Cricket Association Stadium, Dharamsala",1,26.2,Australia,New Zealand,MR Marsh,SPD Smith,MJ Santner,2,0,,,,,,,,,
1384418,2023/24,2023-10-28,"Himachal Pradesh Cricket Association Stadium, Dharamsala",1,26.3,Australia,New Zealand,MR Marsh,SPD Smith,MJ Santner,1,0,,,,,,,,,
1384418,2023/24,2023-10-28,"Himachal Pradesh Cricket Association Stadium, Dharamsala",1,26.4,Australia,New Zealand,SPD Smith,MR Marsh,MJ Santner,1,0,,,,,,,,,
1384418,2023/24,2023-10-28,"Himachal Pradesh Cricket Association Stadium, Dharamsala",1,26.5,Australia,New Zealand,MR Marsh,SPD Smith,MJ Santner,0,0,,,,,,,,,
1384418,2023/24,2023-10-28,"Himachal Pradesh Cricket Association Stadium, Dharamsala",1,26.6,Australia,New Zealand,MR Marsh,SPD Smith,MJ Santner,1,0,,,,,,,,,
1384418,2023/24,2023-10-28,"Himachal Pradesh Cricket Association Stadium, Dharamsala",1,27.1,Australia,New Zealand,MR Marsh,SPD Smith,GD Phillips,0,0,,,,,,,,,
1384418,2023/24,2023-10-28,"Himachal Pradesh Cricket Association Stadium, Dharamsala",1,27.2,Australia,New Zealand,MR Marsh,SPD Smith,GD Phillips,0,0,,,,,,,,,
1384418,2023/24,2023-10-28,"Himachal Pradesh Cricket Association Stadium, Dharamsala",1,27.3,Australia,New Zealand,MR Marsh,SPD Smith,GD Phillips,1,0,,,,,,,,,
1384418,2023/24,2023-10-28,"Himachal Pradesh Cricket Association Stadium, Dharamsala",1,27.4,Australia,New Zealand,SPD Smith,MR Marsh,GD Phillips,1,0,,,,,,,,,
1384418,2023/24,2023-10-28,"Himachal Pradesh Cricket Association Stadium, Dharamsala",1,27.5,Australia,New Zealand,MR Marsh,SPD Smith,GD Phillips,1,0,,,,,,,,,
1384418,2023/24,2023-10-28,"Himachal Pradesh Cricket Association Stadium, Dharamsala",1,27.6,Australia,New Zealand,SPD Smith,MR Marsh,GD Phillips,1,0,,,,,,,,,
1384418,2023/24,2023-10-28,"Himachal Pradesh Cricket Association Stadium, Dharamsala",1,28.1,Australia,New Zealand,SPD Smith,MR Marsh,MJ Santner,4,0,,,,,,,,,
1384418,2023/24,2023-10-28,"Himachal Pradesh Cricket Association Stadium, Dharamsala",1,28.2,Australia,New Zealand,SPD Smith,MR Marsh,MJ Santner,0,0,,,,,,,,,
1384418,2023/24,2023-10-28,"Himachal Pradesh Cricket Association Stadium, Dharamsala",1,28.3,Australia,New Zealand,SPD Smith,MR Marsh,MJ Santner,1,0,,,,,,,,,
1384418,2023/24,2023-10-28,"Himachal Pradesh Cricket Association Stadium, Dharamsala",1,28.4,Australia,New Zealand,MR Marsh,SPD Smith,MJ Santner,1,0,,,,,,,,,
1384418,2023/24,2023-10-28,"Himachal Pradesh Cricket Association Stadium, Dharamsala",1,28.5,Australia,New Zealand,SPD Smith,MR Marsh,MJ Santner,1,0,,,,,,,,,
1384418,2023/24,2023-10-28,"Himachal Pradesh Cricket Association Stadium, Dharamsala",1,28.6,Australia,New Zealand,MR Marsh,SPD Smith,MJ Santner,1,0,,,,,,,,,
1384418,2023/24,2023-10-28,"Himachal Pradesh Cricket Association Stadium, Dharamsala",1,29.1,Australia,New Zealand,MR Marsh,SPD Smith,GD Phillips,0,0,,,,,,,,,
1384418,2023/24,2023-10-28,"Himachal Pradesh Cricket Association Stadium, Dharamsala",1,29.2,Australia,New Zealand,MR Marsh,SPD Smith,GD Phillips,1,0,,,,,,,,,
1384418,2023/24,2023-10-28,"Himachal Pradesh Cricket Association Stadium, Dharamsala",1,29.3,Australia,New Zealand,SPD Smith,MR Marsh,GD Phillips,0,0,,,,,,,,,
1384418,2023/24,2023-10-28,"Himachal Pradesh Cricket Association Stadium, Dharamsala",1,29.4,Australia,New Zealand,SPD Smith,MR Marsh,GD Phillips,0,0,,,,,,caught,SPD Smith,,
1384418,2023/24,2023-10-28,"Himachal Pradesh Cricket Association Stadium, Dharamsala",1,29.5,Australia,New Zealand,M Labuschagne,MR Marsh,GD Phillips,1,0,,,,,,,,,
1384418,2023/24,2023-10-28,"Himachal Pradesh Cricket Association Stadium, Dharamsala",1,29.6,Australia,New Zealand,MR Marsh,M Labuschagne,GD Phillips,1,0,,,,,,,,,
1384418,2023/24,2023-10-28,"Himachal Pradesh Cricket Association Stadium, Dharamsala",1,30.1,Australia,New Zealand,MR Marsh,M Labuschagne,TA Boult,0,0,,,,,,,,,
1384418,2023/24,2023-10-28,"Himachal Pradesh Cricket Association Stadium, Dharamsala",1,30.2,Australia,New Zealand,MR Marsh,M Labuschagne,TA Boult,0,0,,,,,,,,,
1384418,2023/24,2023-10-28,"Himachal Pradesh Cricket Association Stadium, Dharamsala",1,30.3,Australia,New Zealand,MR Marsh,M Labuschagne,TA Boult,1,0,,,,,,,,,
1384418,2023/24,2023-10-28,"Himachal Pradesh Cricket Association Stadium, Dharamsala",1,30.4,Australia,New Zealand,M Labuschagne,MR Marsh,TA Boult,1,0,,,,,,,,,
1384418,2023/24,2023-10-28,"Himachal Pradesh Cricket Association Stadium, Dharamsala",1,30.5,Australia,New Zealand,MR Marsh,M Labuschagne,TA Boult,1,0,,,,,,,,,
1384418,2023/24,2023-10-28,"Himachal Pradesh Cricket Association Stadium, Dharamsala",1,30.6,Australia,New Zealand,M Labuschagne,MR Marsh,TA Boult,0,0,,,,,,,,,
1384418,2023/24,2023-10-28,"Himachal Pradesh Cricket Association Stadium, Dharamsala",1,31.1,Australia,New Zealand,MR Marsh,M Labuschagne,GD Phillips,1,0,,,,,,,,,
1384418,2023/24,2023-10-28,"Himachal Pradesh Cricket Association Stadium, Dharamsala",1,31.2,Australia,New Zealand,M Labuschagne,MR Marsh,GD Phillips,1,0,,,,,,,,,
1384418,2023/24,2023-10-28,"Himachal Pradesh Cricket Association Stadium, Dharamsala",1,31.3,Australia,New Zealand,MR Marsh,M Labuschagne,GD Phillips,1,0,,,,,,,,,
1384418,2023/24,2023-10-28,"Himachal Pradesh Cricket Association Stadium, Dharamsala",1,31.4,Australia,New Zealand,M Labuschagne,MR Marsh,GD Phillips,4,0,,,,,,,,,
1384418,2023/24,2023-10-28,"Himachal Pradesh Cricket Association Stadium, Dharamsala",1,31.5,Australia,New Zealand,M Labuschagne,MR Marsh,GD Phillips,0,0,,,,,,,,,
1384418,2023/24,2023-10-28,"Himachal Pradesh Cricket Association Stadium, Dharamsala",1,31.6,Australia,New Zealand,M Labuschagne,MR Marsh,GD Phillips,0,0,,,,,,,,,
1384418,2023/24,2023-10-28,"Himachal Pradesh Cricket Association Stadium, Dharamsala",1,32.1,Australia,New Zealand,MR Marsh,M Labuschagne,TA Boult,2,0,,,,,,,,,
1384418,2023/24,2023-10-28,"Himachal Pradesh Cricket Association Stadium, Dharamsala",1,32.2,Australia,New Zealand,MR Marsh,M Labuschagne,TA Boult,1,0,,,,,,,,,
1384418,2023/24,2023-10-28,"Himachal Pradesh Cricket Association Stadium, Dharamsala",1,32.3,Australia,New Zealand,M Labuschagne,MR Marsh,TA Boult,1,0,,,,,,,,,
1384418,2023/24,2023-10-28,"Himachal Pradesh Cricket Association Stadium, Dharamsala",1,32.4,Australia,New Zealand,MR Marsh,M Labuschagne,TA Boult,1,0,,,,,,,,,
1384418,2023/24,2023-10-28,"Himachal Pradesh Cricket Association Stadium, Dharamsala",1,32.5,Australia,New Zealand,M Labuschagne,MR Marsh,TA Boult,0,0,,,,,,,,,
1384418,2023/24,2023-10-28,"Himachal Pradesh Cricket Association Stadium, Dharamsala",1,32.6,Australia,New Zealand,M Labuschagne,MR Marsh,TA Boult,1,0,,,,,,,,,
1384418,2023/24,2023-10-28,"Himachal Pradesh Cricket Association Stadium, Dharamsala",1,33.1,Australia,New Zealand,M Labuschagne,MR Marsh,R Ravindra,0,0,,,,,,,,,
1384418,2023/24,2023-10-28,"Himachal Pradesh Cricket Association Stadium, Dharamsala",1,33.2,Australia,New Zealand,M Labuschagne,MR Marsh,R Ravindra,0,0,,,,,,,,,
1384418,2023/24,2023-10-28,"Himachal Pradesh Cricket Association Stadium, Dharamsala",1,33.3,Australia,New Zealand,M Labuschagne,MR Marsh,R Ravindra,0,0,,,,,,,,,
1384418,2023/24,2023-10-28,"Himachal Pradesh Cricket Association Stadium, Dharamsala",1,33.4,Australia,New Zealand,M Labuschagne,MR Marsh,R Ravindra,1,0,,,,,,,,,
1384418,2023/24,2023-10-28,"Himachal Pradesh Cricket Association Stadium, Dharamsala",1,33.5,Australia,New Zealand,MR Marsh,M Labuschagne,R Ravindra,1,0,,,,,,,,,
1384418,2023/24,2023-10-28,"Himachal Pradesh Cricket Association Stadium, Dharamsala",1,33.6,Australia,New Zealand,M Labuschagne,MR Marsh,R Ravindra,0,0,,,,,,,,,
1384418,2023/24,2023-10-28,"Himachal Pradesh Cricket Association Stadium, Dharamsala",1,34.1,Australia,New Zealand,MR Marsh,M Labuschagne,MJ Henry,1,0,,,,,,,,,
1384418,2023/24,2023-10-28,"Himachal Pradesh Cricket Association Stadium, Dharamsala",1,34.2,Australia,New Zealand,M Labuschagne,MR Marsh,MJ Henry,0,0,,,,,,,,,
1384418,2023/24,2023-10-28,"Himachal Pradesh Cricket Association Stadium, Dharamsala",1,34.3,Australia,New Zealand,M Labuschagne,MR Marsh,MJ Henry,0,0,,,,,,,,,
1384418,2023/24,2023-10-28,"Himachal Pradesh Cricket Association Stadium, Dharamsala",1,34.4,Australia,New Zealand,M Labuschagne,MR Marsh,MJ Henry,1,0,,,,,,,,,
1384418,2023/24,2023-10-28,"Himachal Pradesh Cricket Association Stadium, Dharamsala",1,34.5,Australia,New Zealand,MR Marsh,M Labuschagne,MJ Henry,4,0,,,,,,,,,
1384418,2023/24,2023-10-28,"Himachal Pradesh Cricket Association Stadium, Dharamsala",1,34.6,Australia,New Zealand,MR Marsh,M Labuschagne,MJ Henry,0,0,,,,,,,,,
1384418,2023/24,2023-10-28,"Himachal Pradesh Cricket Association Stadium, Dharamsala",1,35.1,Australia,New Zealand,M Labuschagne,MR Marsh,R Ravindra,1,0,,,,,,,,,
1384418,2023/24,2023-10-28,"Himachal Pradesh Cricket Association Stadium, Dharamsala",1,35.2,Australia,New Zealand,MR Marsh,M Labuschagne,R Ravindra,0,0,,,,,,,,,
1384418,2023/24,2023-10-28,"Himachal Pradesh Cricket Association Stadium, Dharamsala",1,35.3,Australia,New Zealand,MR Marsh,M Labuschagne,R Ravindra,0,0,,,,,,,,,
1384418,2023/24,2023-10-28,"Himachal Pradesh Cricket Association Stadium, Dharamsala",1,35.4,Australia,New Zealand,MR Marsh,M Labuschagne,R Ravindra,1,0,,,,,,,,,
1384418,2023/24,2023-10-28,"Himachal Pradesh Cricket Association Stadium, Dharamsala",1,35.5,Australia,New Zealand,M Labuschagne,MR Marsh,R Ravindra,0,0,,,,,,,,,
1384418,2023/24,2023-10-28,"Himachal Pradesh Cricket Association Stadium, Dharamsala",1,35.6,Australia,New Zealand,M Labuschagne,MR Marsh,R Ravindra,4,0,,,,,,,,,
1384418,2023/24,2023-10-28,"Himachal Pradesh Cricket Association Stadium, Dharamsala",1,36.1,Australia,New Zealand,MR Marsh,M Labuschagne,MJ Santner,0,0,,,,,,,,,
1384418,2023/24,2023-10-28,"Himachal Pradesh Cricket Association Stadium, Dharamsala",1,36.2,Australia,New Zealand,MR Marsh,M Labuschagne,MJ Santner,4,0,,,,,,,,,
1384418,2023/24,2023-10-28,"Himachal Pradesh Cricket Association Stadium, Dharamsala",1,36.3,Australia,New Zealand,MR Marsh,M Labuschagne,MJ Santner,0,0,,,,,,bowled,MR Marsh,,
1384418,2023/24,2023-10-28,"Himachal Pradesh Cricket Association Stadium, Dharamsala",1,36.4,Australia,New Zealand,GJ Maxwell,M Labuschagne,MJ Santner,0,1,,,1,,,,,,
1384418,2023/24,2023-10-28,"Himachal Pradesh Cricket Association Stadium, Dharamsala",1,36.5,Australia,New Zealand,M Labuschagne,GJ Maxwell,MJ Santner,0,0,,,,,,,,,
1384418,2023/24,2023-10-28,"Himachal Pradesh Cricket Association Stadium, Dharamsala",1,36.6,Australia,New Zealand,M Labuschagne,GJ Maxwell,MJ Santner,1,0,,,,,,,,,
1384418,2023/24,2023-10-28,"Himachal Pradesh Cricket Association Stadium, Dharamsala",1,37.1,Australia,New Zealand,M Labuschagne,GJ Maxwell,TA Boult,0,0,,,,,,,,,
1384418,2023/24,2023-10-28,"Himachal Pradesh Cricket Association Stadium, Dharamsala",1,37.2,Australia,New Zealand,M Labuschagne,GJ Maxwell,TA Boult,1,0,,,,,,,,,
1384418,2023/24,2023-10-28,"Himachal Pradesh Cricket Association Stadium, Dharamsala",1,37.3,Australia,New Zealand,GJ Maxwell,M Labuschagne,TA Boult,0,1,1,,,,,,,,
1384418,2023/24,2023-10-28,"Himachal Pradesh Cricket Association Stadium, Dharamsala",1,37.4,Australia,New Zealand,GJ Maxwell,M Labuschagne,TA Boult,2,0,,,,,,,,,
1384418,2023/24,2023-10-28,"Himachal Pradesh Cricket Association Stadium, Dharamsala",1,37.5,Australia,New Zealand,GJ Maxwell,M Labuschagne,TA Boult,4,0,,,,,,,,,
1384418,2023/24,2023-10-28,"Himachal Pradesh Cricket Association Stadium, Dharamsala",1,37.6,Australia,New Zealand,GJ Maxwell,M Labuschagne,TA Boult,0,0,,,,,,,,,
1384418,2023/24,2023-10-28,"Himachal Pradesh Cricket Association Stadium, Dharamsala",1,37.7,Australia,New Zealand,GJ Maxwell,M Labuschagne,TA Boult,0,0,,,,,,,,,
1384418,2023/24,2023-10-28,"Himachal Pradesh Cricket Association Stadium, Dharamsala",1,38.1,Australia,New Zealand,M Labuschagne,GJ Maxwell,MJ Santner,0,0,,,,,,caught,M Labuschagne,,
1384418,2023/24,2023-10-28,"Himachal Pradesh Cricket Association Stadium, Dharamsala",1,38.2,Australia,New Zealand,JP Inglis,GJ Maxwell,MJ Santner,0,0,,,,,,,,,
1384418,2023/24,2023-10-28,"Himachal Pradesh Cricket Association Stadium, Dharamsala",1,38.3,Australia,New Zealand,JP Inglis,GJ Maxwell,MJ Santner,0,0,,,,,,,,,
1384418,2023/24,2023-10-28,"Himachal Pradesh Cricket Association Stadium, Dharamsala",1,38.4,Australia,New Zealand,JP Inglis,GJ Maxwell,MJ Santner,0,0,,,,,,,,,
1384418,2023/24,2023-10-28,"Himachal Pradesh Cricket Association Stadium, Dharamsala",1,38.5,Australia,New Zealand,JP Inglis,GJ Maxwell,MJ Santner,1,0,,,,,,,,,
1384418,2023/24,2023-10-28,"Himachal Pradesh Cricket Association Stadium, Dharamsala",1,38.6,Australia,New Zealand,GJ Maxwell,JP Inglis,MJ Santner,4,0,,,,,,,,,
1384418,2023/24,2023-10-28,"Himachal Pradesh Cricket Association Stadium, Dharamsala",1,39.1,Australia,New Zealand,JP Inglis,GJ Maxwell,TA Boult,1,0,,,,,,,,,
1384418,2023/24,2023-10-28,"Himachal Pradesh Cricket Association Stadium, Dharamsala",1,39.2,Australia,New Zealand,GJ Maxwell,JP Inglis,TA Boult,2,0,,,,,,,,,
1384418,2023/24,2023-10-28,"Himachal Pradesh Cricket Association Stadium, Dharamsala",1,39.3,Australia,New Zealand,GJ Maxwell,JP Inglis,TA Boult,4,0,,,,,,,,,
1384418,2023/24,2023-10-28,"Himachal Pradesh Cricket Association Stadium, Dharamsala",1,39.4,Australia,New Zealand,GJ Maxwell,JP Inglis,TA Boult,1,0,,,,,,,,,
1384418,2023/24,2023-10-28,"Himachal Pradesh Cricket Association Stadium, Dharamsala",1,39.5,Australia,New Zealand,JP Inglis,GJ Maxwell,TA Boult,4,0,,,,,,,,,
1384418,2023/24,2023-10-28,"Himachal Pradesh Cricket Association Stadium, Dharamsala",1,39.6,Australia,New Zealand,JP Inglis,GJ Maxwell,TA Boult,1,0,,,,,,,,,
1384418,2023/24,2023-10-28,"Himachal Pradesh Cricket Association Stadium, Dharamsala",1,40.1,Australia,New Zealand,JP Inglis,GJ Maxwell,MJ Santner,0,0,,,,,,,,,
1384418,2023/24,2023-10-28,"Himachal Pradesh Cricket Association Stadium, Dharamsala",1,40.2,Australia,New Zealand,JP Inglis,GJ Maxwell,MJ Santner,1,0,,,,,,,,,
1384418,2023/24,2023-10-28,"Himachal Pradesh Cricket Association Stadium, Dharamsala",1,40.3,Australia,New Zealand,GJ Maxwell,JP Inglis,MJ Santner,0,0,,,,,,,,,
1384418,2023/24,2023-10-28,"Himachal Pradesh Cricket Association Stadium, Dharamsala",1,40.4,Australia,New Zealand,GJ Maxwell,JP Inglis,MJ Santner,1,0,,,,,,,,,
1384418,2023/24,2023-10-28,"Himachal Pradesh Cricket Association Stadium, Dharamsala",1,40.5,Australia,New Zealand,JP Inglis,GJ Maxwell,MJ Santner,0,0,,,,,,,,,
1384418,2023/24,2023-10-28,"Himachal Pradesh Cricket Association Stadium, Dharamsala",1,40.6,Australia,New Zealand,JP Inglis,GJ Maxwell,MJ Santner,1,0,,,,,,,,,
1384418,2023/24,2023-10-28,"Himachal Pradesh Cricket Association Stadium, Dharamsala",1,41.1,Australia,New Zealand,JP Inglis,GJ Maxwell,R Ravindra,1,0,,,,,,,,,
1384418,2023/24,2023-10-28,"Himachal Pradesh Cricket Association Stadium, Dharamsala",1,41.2,Australia,New Zealand,GJ Maxwell,JP Inglis,R Ravindra,4,0,,,,,,,,,
1384418,2023/24,2023-10-28,"Himachal Pradesh Cricket Association Stadium, Dharamsala",1,41.3,Australia,New Zealand,GJ Maxwell,JP Inglis,R Ravindra,4,0,,,,,,,,,
1384418,2023/24,2023-10-28,"Himachal Pradesh Cricket Association Stadium, Dharamsala",1,41.4,Australia,New Zealand,GJ Maxwell,JP Inglis,R Ravindra,0,0,,,,,,,,,
1384418,2023/24,2023-10-28,"Himachal Pradesh Cricket Association Stadium, Dharamsala",1,41.5,Australia,New Zealand,GJ Maxwell,JP Inglis,R Ravindra,1,0,,,,,,,,,
1384418,2023/24,2023-10-28,"Himachal Pradesh Cricket Association Stadium, Dharamsala",1,41.6,Australia,New Zealand,JP Inglis,GJ Maxwell,R Ravindra,1,0,,,,,,,,,
1384418,2023/24,2023-10-28,"Himachal Pradesh Cricket Association Stadium, Dharamsala",1,42.1,Australia,New Zealand,JP Inglis,GJ Maxwell,MJ Santner,0,0,,,,,,,,,
1384418,2023/24,2023-10-28,"Himachal Pradesh Cricket Association Stadium, Dharamsala",1,42.2,Australia,New Zealand,JP Inglis,GJ Maxwell,MJ Santner,1,0,,,,,,,,,
1384418,2023/24,2023-10-28,"Himachal Pradesh Cricket Association Stadium, Dharamsala",1,42.3,Australia,New Zealand,GJ Maxwell,JP Inglis,MJ Santner,6,0,,,,,,,,,
1384418,2023/24,2023-10-28,"Himachal Pradesh Cricket Association Stadium, Dharamsala",1,42.4,Australia,New Zealand,GJ Maxwell,JP Inglis,MJ Santner,6,0,,,,,,,,,
1384418,2023/24,2023-10-28,"Himachal Pradesh Cricket Association Stadium, Dharamsala",1,42.5,Australia,New Zealand,GJ Maxwell,JP Inglis,MJ Santner,1,0,,,,,,,,,
1384418,2023/24,2023-10-28,"Himachal Pradesh Cricket Association Stadium, Dharamsala",1,42.6,Australia,New Zealand,JP Inglis,GJ Maxwell,MJ Santner,2,0,,,,,,,,,
1384418,2023/24,2023-10-28,"Himachal Pradesh Cricket Association Stadium, Dharamsala",1,43.1,Australia,New Zealand,GJ Maxwell,JP Inglis,MJ Henry,0,0,,,,,,,,,
1384418,2023/24,2023-10-28,"Himachal Pradesh Cricket Association Stadium, Dharamsala",1,43.2,Australia,New Zealand,GJ Maxwell,JP Inglis,MJ Henry,0,0,,,,,,,,,
1384418,2023/24,2023-10-28,"Himachal Pradesh Cricket Association Stadium, Dharamsala",1,43.3,Australia,New Zealand,GJ Maxwell,JP Inglis,MJ Henry,0,0,,,,,,,,,
1384418,2023/24,2023-10-28,"Himachal Pradesh Cricket Association Stadium, Dharamsala",1,43.4,Australia,New Zealand,GJ Maxwell,JP Inglis,MJ Henry,1,0,,,,,,,,,
1384418,2023/24,2023-10-28,"Himachal Pradesh Cricket Association Stadium, Dharamsala",1,43.5,Australia,New Zealand,JP Inglis,GJ Maxwell,MJ Henry,1,0,,,,,,,,,
1384418,2023/24,2023-10-28,"Himachal Pradesh Cricket Association Stadium, Dharamsala",1,43.6,Australia,New Zealand,GJ Maxwell,JP Inglis,MJ Henry,0,0,,,,,,,,,
1384418,2023/24,2023-10-28,"Himachal Pradesh Cricket Association Stadium, Dharamsala",1,44.1,Australia,New Zealand,JP Inglis,GJ Maxwell,JDS Neesham,0,0,,,,,,,,,
1384418,2023/24,2023-10-28,"Himachal Pradesh Cricket Association Stadium, Dharamsala",1,44.2,Australia,New Zealand,JP Inglis,GJ Maxwell,JDS Neesham,1,0,,,,,,,,,
1384418,2023/24,2023-10-28,"Himachal Pradesh Cricket Association Stadium, Dharamsala",1,44.3,Australia,New Zealand,GJ Maxwell,JP Inglis,JDS Neesham,0,0,,,,,,caught,GJ Maxwell,,
1384418,2023/24,2023-10-28,"Himachal Pradesh Cricket Association Stadium, Dharamsala",1,44.4,Australia,New Zealand,PJ Cummins,JP Inglis,JDS Neesham,0,0,,,,,,,,,
1384418,2023/24,2023-10-28,"Himachal Pradesh Cricket Association Stadium, Dharamsala",1,44.5,Australia,New Zealand,PJ Cummins,JP Inglis,JDS Neesham,0,0,,,,,,,,,
1384418,2023/24,2023-10-28,"Himachal Pradesh Cricket Association Stadium, Dharamsala",1,44.6,Australia,New Zealand,PJ Cummins,JP Inglis,JDS Neesham,4,0,,,,,,,,,
1384418,2023/24,2023-10-28,"Himachal Pradesh Cricket Association Stadium, Dharamsala",1,45.1,Australia,New Zealand,JP Inglis,PJ Cummins,MJ Henry,4,0,,,,,,,,,
1384418,2023/24,2023-10-28,"Himachal Pradesh Cricket Association Stadium, Dharamsala",1,45.2,Australia,New Zealand,JP Inglis,PJ Cummins,MJ Henry,4,0,,,,,,,,,
1384418,2023/24,2023-10-28,"Himachal Pradesh Cricket Association Stadium, Dharamsala",1,45.3,Australia,New Zealand,JP Inglis,PJ Cummins,MJ Henry,1,0,,,,,,,,,
1384418,2023/24,2023-10-28,"Himachal Pradesh Cricket Association Stadium, Dharamsala",1,45.4,Australia,New Zealand,PJ Cummins,JP Inglis,MJ Henry,4,0,,,,,,,,,
1384418,2023/24,2023-10-28,"Himachal Pradesh Cricket Association Stadium, Dharamsala",1,45.5,Australia,New Zealand,PJ Cummins,JP Inglis,MJ Henry,0,1,1,,,,,,,,
1384418,2023/24,2023-10-28,"Himachal Pradesh Cricket Association Stadium, Dharamsala",1,45.6,Australia,New Zealand,PJ Cummins,JP Inglis,MJ Henry,0,0,,,,,,,,,
1384418,2023/24,2023-10-28,"Himachal Pradesh Cricket Association Stadium, Dharamsala",1,45.7,Australia,New Zealand,PJ Cummins,JP Inglis,MJ Henry,1,0,,,,,,,,,
1384418,2023/24,2023-10-28,"Himachal Pradesh Cricket Association Stadium, Dharamsala",1,46.1,Australia,New Zealand,PJ Cummins,JP Inglis,TA Boult,1,0,,,,,,,,,
1384418,2023/24,2023-10-28,"Himachal Pradesh Cricket Association Stadium, Dharamsala",1,46.2,Australia,New Zealand,JP Inglis,PJ Cummins,TA Boult,0,1,1,,,,,,,,
1384418,2023/24,2023-10-28,"Himachal Pradesh Cricket Association Stadium, Dharamsala",1,46.3,Australia,New Zealand,JP Inglis,PJ Cummins,TA Boult,0,1,1,,,,,,,,
1384418,2023/24,2023-10-28,"Himachal Pradesh Cricket Association Stadium, Dharamsala",1,46.4,Australia,New Zealand,JP Inglis,PJ Cummins,TA Boult,4,0,,,,,,,,,
1384418,2023/24,2023-10-28,"Himachal Pradesh Cricket Association Stadium, Dharamsala",1,46.5,Australia,New Zealand,JP Inglis,PJ Cummins,TA Boult,1,0,,,,,,,,,
1384418,2023/24,2023-10-28,"Himachal Pradesh Cricket Association Stadium, Dharamsala",1,46.6,Australia,New Zealand,PJ Cummins,JP Inglis,TA Boult,6,0,,,,,,,,,
1384418,2023/24,2023-10-28,"Himachal Pradesh Cricket Association Stadium, Dharamsala",1,46.7,Australia,New Zealand,PJ Cummins,JP Inglis,TA Boult,1,0,,,,,,,,,
1384418,2023/24,2023-10-28,"Himachal Pradesh Cricket Association Stadium, Dharamsala",1,46.8,Australia,New Zealand,JP Inglis,PJ Cummins,TA Boult,1,0,,,,,,,,,
1384418,2023/24,2023-10-28,"Himachal Pradesh Cricket Association Stadium, Dharamsala",1,47.1,Australia,New Zealand,JP Inglis,PJ Cummins,JDS Neesham,6,0,,,,,,,,,
1384418,2023/24,2023-10-28,"Himachal Pradesh Cricket Association Stadium, Dharamsala",1,47.2,Australia,New Zealand,JP Inglis,PJ Cummins,JDS Neesham,1,0,,,,,,,,,
1384418,2023/24,2023-10-28,"Himachal Pradesh Cricket Association Stadium, Dharamsala",1,47.3,Australia,New Zealand,PJ Cummins,JP Inglis,JDS Neesham,6,0,,,,,,,,,
1384418,2023/24,2023-10-28,"Himachal Pradesh Cricket Association Stadium, Dharamsala",1,47.4,Australia,New Zealand,PJ Cummins,JP Inglis,JDS Neesham,6,0,,,,,,,,,
1384418,2023/24,2023-10-28,"Himachal Pradesh Cricket Association Stadium, Dharamsala",1,47.5,Australia,New Zealand,PJ Cummins,JP Inglis,JDS Neesham,2,0,,,,,,,,,
1384418,2023/24,2023-10-28,"Himachal Pradesh Cricket Association Stadium, Dharamsala",1,47.6,Australia,New Zealand,PJ Cummins,JP Inglis,JDS Neesham,6,0,,,,,,,,,
1384418,2023/24,2023-10-28,"Himachal Pradesh Cricket Association Stadium, Dharamsala",1,48.1,Australia,New Zealand,JP Inglis,PJ Cummins,TA Boult,0,0,,,,,,caught,JP Inglis,,
1384418,2023/24,2023-10-28,"Himachal Pradesh Cricket Association Stadium, Dharamsala",1,48.2,Australia,New Zealand,MA Starc,PJ Cummins,TA Boult,1,0,,,,,,,,,
1384418,2023/24,2023-10-28,"Himachal Pradesh Cricket Association Stadium, Dharamsala",1,48.3,Australia,New Zealand,PJ Cummins,MA Starc,TA Boult,0,0,,,,,,lbw,PJ Cummins,,
1384418,2023/24,2023-10-28,"Himachal Pradesh Cricket Association Stadium, Dharamsala",1,48.4,Australia,New Zealand,A Zampa,MA Starc,TA Boult,0,0,,,,,,,,,
1384418,2023/24,2023-10-28,"Himachal Pradesh Cricket Association Stadium, Dharamsala",1,48.5,Australia,New Zealand,A Zampa,MA Starc,TA Boult,0,0,,,,,,,,,
1384418,2023/24,2023-10-28,"Himachal Pradesh Cricket Association Stadium, Dharamsala",1,48.6,Australia,New Zealand,A Zampa,MA Starc,TA Boult,0,0,,,,,,bowled,A Zampa,,
1384418,2023/24,2023-10-28,"Himachal Pradesh Cricket Association Stadium, Dharamsala",1,49.1,Australia,New Zealand,MA Starc,JR Hazlewood,MJ Henry,0,0,,,,,,,,,
1384418,2023/24,2023-10-28,"Himachal Pradesh Cricket Association Stadium, Dharamsala",1,49.2,Australia,New Zealand,MA Starc,JR Hazlewood,MJ Henry,0,0,,,,,,caught,MA Starc,,
1384418,2023/24,2023-10-28,"Himachal Pradesh Cricket Association Stadium, Dharamsala",2,0.1,New Zealand,Australia,DP Conway,WA Young,MA Starc,0,1,1,,,,,,,,
1384418,2023/24,2023-10-28,"Himachal Pradesh Cricket Association Stadium, Dharamsala",2,0.2,New Zealand,Australia,DP Conway,WA Young,MA Starc,0,0,,,,,,,,,
1384418,2023/24,2023-10-28,"Himachal Pradesh Cricket Association Stadium, Dharamsala",2,0.3,New Zealand,Australia,DP Conway,WA Young,MA Starc,0,1,1,,,,,,,,
1384418,2023/24,2023-10-28,"Himachal Pradesh Cricket Association Stadium, Dharamsala",2,0.4,New Zealand,Australia,DP Conway,WA Young,MA Starc,4,0,,,,,,,,,
1384418,2023/24,2023-10-28,"Himachal Pradesh Cricket Association Stadium, Dharamsala",2,0.5,New Zealand,Australia,DP Conway,WA Young,MA Starc,1,0,,,,,,,,,
1384418,2023/24,2023-10-28,"Himachal Pradesh Cricket Association Stadium, Dharamsala",2,0.6,New Zealand,Australia,WA Young,DP Conway,MA Starc,1,0,,,,,,,,,
1384418,2023/24,2023-10-28,"Himachal Pradesh Cricket Association Stadium, Dharamsala",2,0.7,New Zealand,Australia,DP Conway,WA Young,MA Starc,0,0,,,,,,,,,
1384418,2023/24,2023-10-28,"Himachal Pradesh Cricket Association Stadium, Dharamsala",2,0.8,New Zealand,Australia,DP Conway,WA Young,MA Starc,4,0,,,,,,,,,
1384418,2023/24,2023-10-28,"Himachal Pradesh Cricket Association Stadium, Dharamsala",2,1.1,New Zealand,Australia,WA Young,DP Conway,JR Hazlewood,0,0,,,,,,,,,
1384418,2023/24,2023-10-28,"Himachal Pradesh Cricket Association Stadium, Dharamsala",2,1.2,New Zealand,Australia,WA Young,DP Conway,JR Hazlewood,1,0,,,,,,,,,
1384418,2023/24,2023-10-28,"Himachal Pradesh Cricket Association Stadium, Dharamsala",2,1.3,New Zealand,Australia,DP Conway,WA Young,JR Hazlewood,0,0,,,,,,,,,
1384418,2023/24,2023-10-28,"Himachal Pradesh Cricket Association Stadium, Dharamsala",2,1.4,New Zealand,Australia,DP Conway,WA Young,JR Hazlewood,4,0,,,,,,,,,
1384418,2023/24,2023-10-28,"Himachal Pradesh Cricket Association Stadium, Dharamsala",2,1.5,New Zealand,Australia,DP Conway,WA Young,JR Hazlewood,4,0,,,,,,,,,
1384418,2023/24,2023-10-28,"Himachal Pradesh Cricket Association Stadium, Dharamsala",2,1.6,New Zealand,Australia,DP Conway,WA Young,JR Hazlewood,0,0,,,,,,,,,
1384418,2023/24,2023-10-28,"Himachal Pradesh Cricket Association Stadium, Dharamsala",2,2.1,New Zealand,Australia,WA Young,DP Conway,MA Starc,0,5,5,,,,,,,,
1384418,2023/24,2023-10-28,"Himachal Pradesh Cricket Association Stadium, Dharamsala",2,2.2,New Zealand,Australia,WA Young,DP Conway,MA Starc,0,0,,,,,,,,,
1384418,2023/24,2023-10-28,"Himachal Pradesh Cricket Association Stadium, Dharamsala",2,2.3,New Zealand,Australia,WA Young,DP Conway,MA Starc,0,0,,,,,,,,,
1384418,2023/24,2023-10-28,"Himachal Pradesh Cricket Association Stadium, Dharamsala",2,2.4,New Zealand,Australia,WA Young,DP Conway,MA Starc,0,2,,,,2,,,,,
1384418,2023/24,2023-10-28,"Himachal Pradesh Cricket Association Stadium, Dharamsala",2,2.5,New Zealand,Australia,WA Young,DP Conway,MA Starc,0,0,,,,,,,,,
1384418,2023/24,2023-10-28,"Himachal Pradesh Cricket Association Stadium, Dharamsala",2,2.6,New Zealand,Australia,WA Young,DP Conway,MA Starc,1,0,,,,,,,,,
1384418,2023/24,2023-10-28,"Himachal Pradesh Cricket Association Stadium, Dharamsala",2,2.7,New Zealand,Australia,DP Conway,WA Young,MA Starc,0,0,,,,,,,,,
1384418,2023/24,2023-10-28,"Himachal Pradesh Cricket Association Stadium, Dharamsala",2,3.1,New Zealand,Australia,WA Young,DP Conway,JR Hazlewood,0,0,,,,,,,,,
1384418,2023/24,2023-10-28,"Himachal Pradesh Cricket Association Stadium, Dharamsala",2,3.2,New Zealand,Australia,WA Young,DP Conway,JR Hazlewood,0,0,,,,,,,,,
1384418,2023/24,2023-10-28,"Himachal Pradesh Cricket Association Stadium, Dharamsala",2,3.3,New Zealand,Australia,WA Young,DP Conway,JR Hazlewood,0,0,,,,,,,,,
1384418,2023/24,2023-10-28,"Himachal Pradesh Cricket Association Stadium, Dharamsala",2,3.4,New Zealand,Australia,WA Young,DP Conway,JR Hazlewood,0,0,,,,,,,,,
1384418,2023/24,2023-10-28,"Himachal Pradesh Cricket Association Stadium, Dharamsala",2,3.5,New Zealand,Australia,WA Young,DP Conway,JR Hazlewood,6,0,,,,,,,,,
1384418,2023/24,2023-10-28,"Himachal Pradesh Cricket Association Stadium, Dharamsala",2,3.6,New Zealand,Australia,WA Young,DP Conway,JR Hazlewood,0,0,,,,,,,,,
1384418,2023/24,2023-10-28,"Himachal Pradesh Cricket Association Stadium, Dharamsala",2,4.1,New Zealand,Australia,DP Conway,WA Young,PJ Cummins,4,0,,,,,,,,,
1384418,2023/24,2023-10-28,"Himachal Pradesh Cricket Association Stadium, Dharamsala",2,4.2,New Zealand,Australia,DP Conway,WA Young,PJ Cummins,0,0,,,,,,,,,
1384418,2023/24,2023-10-28,"Himachal Pradesh Cricket Association Stadium, Dharamsala",2,4.3,New Zealand,Australia,DP Conway,WA Young,PJ Cummins,4,0,,,,,,,,,
1384418,2023/24,2023-10-28,"Himachal Pradesh Cricket Association Stadium, Dharamsala",2,4.4,New Zealand,Australia,DP Conway,WA Young,PJ Cummins,1,0,,,,,,,,,
1384418,2023/24,2023-10-28,"Himachal Pradesh Cricket Association Stadium, Dharamsala",2,4.5,New Zealand,Australia,WA Young,DP Conway,PJ Cummins,0,1,1,,,,,,,,
1384418,2023/24,2023-10-28,"Himachal Pradesh Cricket Association Stadium, Dharamsala",2,4.6,New Zealand,Australia,WA Young,DP Conway,PJ Cummins,0,0,,,,,,,,,
1384418,2023/24,2023-10-28,"Himachal Pradesh Cricket Association Stadium, Dharamsala",2,4.7,New Zealand,Australia,WA Young,DP Conway,PJ Cummins,1,0,,,,,,,,,
1384418,2023/24,2023-10-28,"Himachal Pradesh Cricket Association Stadium, Dharamsala",2,5.1,New Zealand,Australia,WA Young,DP Conway,JR Hazlewood,4,0,,,,,,,,,
1384418,2023/24,2023-10-28,"Himachal Pradesh Cricket Association Stadium, Dharamsala",2,5.2,New Zealand,Australia,WA Young,DP Conway,JR Hazlewood,0,0,,,,,,,,,
1384418,2023/24,2023-10-28,"Himachal Pradesh Cricket Association Stadium, Dharamsala",2,5.3,New Zealand,Australia,WA Young,DP Conway,JR Hazlewood,4,0,,,,,,,,,
1384418,2023/24,2023-10-28,"Himachal Pradesh Cricket Association Stadium, Dharamsala",2,5.4,New Zealand,Australia,WA Young,DP Conway,JR Hazlewood,0,0,,,,,,,,,
1384418,2023/24,2023-10-28,"Himachal Pradesh Cricket Association Stadium, Dharamsala",2,5.5,New Zealand,Australia,WA Young,DP Conway,JR Hazlewood,0,0,,,,,,,,,
1384418,2023/24,2023-10-28,"Himachal Pradesh Cricket Association Stadium, Dharamsala",2,5.6,New Zealand,Australia,WA Young,DP Conway,JR Hazlewood,1,0,,,,,,,,,
1384418,2023/24,2023-10-28,"Himachal Pradesh Cricket Association Stadium, Dharamsala",2,6.1,New Zealand,Australia,WA Young,DP Conway,GJ Maxwell,1,0,,,,,,,,,
1384418,2023/24,2023-10-28,"Himachal Pradesh Cricket Association Stadium, Dharamsala",2,6.2,New Zealand,Australia,DP Conway,WA Young,GJ Maxwell,1,0,,,,,,,,,
1384418,2023/24,2023-10-28,"Himachal Pradesh Cricket Association Stadium, Dharamsala",2,6.3,New Zealand,Australia,WA Young,DP Conway,GJ Maxwell,1,0,,,,,,,,,
1384418,2023/24,2023-10-28,"Himachal Pradesh Cricket Association Stadium, Dharamsala",2,6.4,New Zealand,Australia,DP Conway,WA Young,GJ Maxwell,1,0,,,,,,,,,
1384418,2023/24,2023-10-28,"Himachal Pradesh Cricket Association Stadium, Dharamsala",2,6.5,New Zealand,Australia,WA Young,DP Conway,GJ Maxwell,0,0,,,,,,,,,
1384418,2023/24,2023-10-28,"Himachal Pradesh Cricket Association Stadium, Dharamsala",2,6.6,New Zealand,Australia,WA Young,DP Conway,GJ Maxwell,1,0,,,,,,,,,
1384418,2023/24,2023-10-28,"Himachal Pradesh Cricket Association Stadium, Dharamsala",2,7.1,New Zealand,Australia,WA Young,DP Conway,JR Hazlewood,1,0,,,,,,,,,
1384418,2023/24,2023-10-28,"Himachal Pradesh Cricket Association Stadium, Dharamsala",2,7.2,New Zealand,Australia,DP Conway,WA Young,JR Hazlewood,0,0,,,,,,caught,DP Conway,,
1384418,2023/24,2023-10-28,"Himachal Pradesh Cricket Association Stadium, Dharamsala",2,7.3,New Zealand,Australia,R Ravindra,WA Young,JR Hazlewood,0,0,,,,,,,,,
1384418,2023/24,2023-10-28,"Himachal Pradesh Cricket Association Stadium, Dharamsala",2,7.4,New Zealand,Australia,R Ravindra,WA Young,JR Hazlewood,1,0,,,,,,,,,
1384418,2023/24,2023-10-28,"Himachal Pradesh Cricket Association Stadium, Dharamsala",2,7.5,New Zealand,Australia,WA Young,R Ravindra,JR Hazlewood,0,0,,,,,,,,,
1384418,2023/24,2023-10-28,"Himachal Pradesh Cricket Association Stadium, Dharamsala",2,7.6,New Zealand,Australia,WA Young,R Ravindra,JR Hazlewood,1,0,,,,,,,,,
1384418,2023/24,2023-10-28,"Himachal Pradesh Cricket Association Stadium, Dharamsala",2,8.1,New Zealand,Australia,WA Young,R Ravindra,GJ Maxwell,0,0,,,,,,,,,
1384418,2023/24,2023-10-28,"Himachal Pradesh Cricket Association Stadium, Dharamsala",2,8.2,New Zealand,Australia,WA Young,R Ravindra,GJ Maxwell,0,0,,,,,,,,,
1384418,2023/24,2023-10-28,"Himachal Pradesh Cricket Association Stadium, Dharamsala",2,8.3,New Zealand,Australia,WA Young,R Ravindra,GJ Maxwell,4,0,,,,,,,,,
1384418,2023/24,2023-10-28,"Himachal Pradesh Cricket Association Stadium, Dharamsala",2,8.4,New Zealand,Australia,WA Young,R Ravindra,GJ Maxwell,0,0,,,,,,,,,
1384418,2023/24,2023-10-28,"Himachal Pradesh Cricket Association Stadium, Dharamsala",2,8.5,New Zealand,Australia,WA Young,R Ravindra,GJ Maxwell,0,0,,,,,,,,,
1384418,2023/24,2023-10-28,"Himachal Pradesh Cricket Association Stadium, Dharamsala",2,8.6,New Zealand,Australia,WA Young,R Ravindra,GJ Maxwell,0,0,,,,,,,,,
1384418,2023/24,2023-10-28,"Himachal Pradesh Cricket Association Stadium, Dharamsala",2,9.1,New Zealand,Australia,R Ravindra,WA Young,JR Hazlewood,0,0,,,,,,,,,
1384418,2023/24,2023-10-28,"Himachal Pradesh Cricket Association Stadium, Dharamsala",2,9.2,New Zealand,Australia,R Ravindra,WA Young,JR Hazlewood,1,0,,,,,,,,,
1384418,2023/24,2023-10-28,"Himachal Pradesh Cricket Association Stadium, Dharamsala",2,9.3,New Zealand,Australia,WA Young,R Ravindra,JR Hazlewood,4,0,,,,,,,,,
1384418,2023/24,2023-10-28,"Himachal Pradesh Cricket Association Stadium, Dharamsala",2,9.4,New Zealand,Australia,WA Young,R Ravindra,JR Hazlewood,0,0,,,,,,caught,WA Young,,
1384418,2023/24,2023-10-28,"Himachal Pradesh Cricket Association Stadium, Dharamsala",2,9.5,New Zealand,Australia,DJ Mitchell,R Ravindra,JR Hazlewood,1,0,,,,,,,,,
1384418,2023/24,2023-10-28,"Himachal Pradesh Cricket Association Stadium, Dharamsala",2,9.6,New Zealand,Australia,R Ravindra,DJ Mitchell,JR Hazlewood,0,0,,,,,,,,,
1384418,2023/24,2023-10-28,"Himachal Pradesh Cricket Association Stadium, Dharamsala",2,10.1,New Zealand,Australia,DJ Mitchell,R Ravindra,GJ Maxwell,1,0,,,,,,,,,
1384418,2023/24,2023-10-28,"Himachal Pradesh Cricket Association Stadium, Dharamsala",2,10.2,New Zealand,Australia,R Ravindra,DJ Mitchell,GJ Maxwell,0,0,,,,,,,,,
1384418,2023/24,2023-10-28,"Himachal Pradesh Cricket Association Stadium, Dharamsala",2,10.3,New Zealand,Australia,R Ravindra,DJ Mitchell,GJ Maxwell,1,0,,,,,,,,,
1384418,2023/24,2023-10-28,"Himachal Pradesh Cricket Association Stadium, Dharamsala",2,10.4,New Zealand,Australia,DJ Mitchell,R Ravindra,GJ Maxwell,4,0,,,,,,,,,
1384418,2023/24,2023-10-28,"Himachal Pradesh Cricket Association Stadium, Dharamsala",2,10.5,New Zealand,Australia,DJ Mitchell,R Ravindra,GJ Maxwell,0,0,,,,,,,,,
1384418,2023/24,2023-10-28,"Himachal Pradesh Cricket Association Stadium, Dharamsala",2,10.6,New Zealand,Australia,DJ Mitchell,R Ravindra,GJ Maxwell,0,0,,,,,,,,,
1384418,2023/24,2023-10-28,"Himachal Pradesh Cricket Association Stadium, Dharamsala",2,11.1,New Zealand,Australia,R Ravindra,DJ Mitchell,JR Hazlewood,1,0,,,,,,,,,
1384418,2023/24,2023-10-28,"Himachal Pradesh Cricket Association Stadium, Dharamsala",2,11.2,New Zealand,Australia,DJ Mitchell,R Ravindra,JR Hazlewood,0,0,,,,,,,,,
1384418,2023/24,2023-10-28,"Himachal Pradesh Cricket Association Stadium, Dharamsala",2,11.3,New Zealand,Australia,DJ Mitchell,R Ravindra,JR Hazlewood,2,0,,,,,,,,,
1384418,2023/24,2023-10-28,"Himachal Pradesh Cricket Association Stadium, Dharamsala",2,11.4,New Zealand,Australia,DJ Mitchell,R Ravindra,JR Hazlewood,1,0,,,,,,,,,
1384418,2023/24,2023-10-28,"Himachal Pradesh Cricket Association Stadium, Dharamsala",2,11.5,New Zealand,Australia,R Ravindra,DJ Mitchell,JR Hazlewood,4,0,,,,,,,,,
1384418,2023/24,2023-10-28,"Himachal Pradesh Cricket Association Stadium, Dharamsala",2,11.6,New Zealand,Australia,R Ravindra,DJ Mitchell,JR Hazlewood,0,0,,,,,,,,,
1384418,2023/24,2023-10-28,"Himachal Pradesh Cricket Association Stadium, Dharamsala",2,12.1,New Zealand,Australia,DJ Mitchell,R Ravindra,GJ Maxwell,1,0,,,,,,,,,
1384418,2023/24,2023-10-28,"Himachal Pradesh Cricket Association Stadium, Dharamsala",2,12.2,New Zealand,Australia,R Ravindra,DJ Mitchell,GJ Maxwell,1,0,,,,,,,,,
1384418,2023/24,2023-10-28,"Himachal Pradesh Cricket Association Stadium, Dharamsala",2,12.3,New Zealand,Australia,DJ Mitchell,R Ravindra,GJ Maxwell,1,0,,,,,,,,,
1384418,2023/24,2023-10-28,"Himachal Pradesh Cricket Association Stadium, Dharamsala",2,12.4,New Zealand,Australia,R Ravindra,DJ Mitchell,GJ Maxwell,1,0,,,,,,,,,
1384418,2023/24,2023-10-28,"Himachal Pradesh Cricket Association Stadium, Dharamsala",2,12.5,New Zealand,Australia,DJ Mitchell,R Ravindra,GJ Maxwell,1,0,,,,,,,,,
1384418,2023/24,2023-10-28,"Himachal Pradesh Cricket Association Stadium, Dharamsala",2,12.6,New Zealand,Australia,R Ravindra,DJ Mitchell,GJ Maxwell,1,0,,,,,,,,,
1384418,2023/24,2023-10-28,"Himachal Pradesh Cricket Association Stadium, Dharamsala",2,13.1,New Zealand,Australia,R Ravindra,DJ Mitchell,PJ Cummins,1,0,,,,,,,,,
1384418,2023/24,2023-10-28,"Himachal Pradesh Cricket Association Stadium, Dharamsala",2,13.2,New Zealand,Australia,DJ Mitchell,R Ravindra,PJ Cummins,0,0,,,,,,,,,
1384418,2023/24,2023-10-28,"Himachal Pradesh Cricket Association Stadium, Dharamsala",2,13.3,New Zealand,Australia,DJ Mitchell,R Ravindra,PJ Cummins,2,0,,,,,,,,,
1384418,2023/24,2023-10-28,"Himachal Pradesh Cricket Association Stadium, Dharamsala",2,13.4,New Zealand,Australia,DJ Mitchell,R Ravindra,PJ Cummins,4,0,,,,,,,,,
1384418,2023/24,2023-10-28,"Himachal Pradesh Cricket Association Stadium, Dharamsala",2,13.5,New Zealand,Australia,DJ Mitchell,R Ravindra,PJ Cummins,0,0,,,,,,,,,
1384418,2023/24,2023-10-28,"Himachal Pradesh Cricket Association Stadium, Dharamsala",2,13.6,New Zealand,Australia,DJ Mitchell,R Ravindra,PJ Cummins,1,0,,,,,,,,,
1384418,2023/24,2023-10-28,"Himachal Pradesh Cricket Association Stadium, Dharamsala",2,14.1,New Zealand,Australia,DJ Mitchell,R Ravindra,GJ Maxwell,1,0,,,,,,,,,
1384418,2023/24,2023-10-28,"Himachal Pradesh Cricket Association Stadium, Dharamsala",2,14.2,New Zealand,Australia,R Ravindra,DJ Mitchell,GJ Maxwell,1,0,,,,,,,,,
1384418,2023/24,2023-10-28,"Himachal Pradesh Cricket Association Stadium, Dharamsala",2,14.3,New Zealand,Australia,DJ Mitchell,R Ravindra,GJ Maxwell,1,0,,,,,,,,,
1384418,2023/24,2023-10-28,"Himachal Pradesh Cricket Association Stadium, Dharamsala",2,14.4,New Zealand,Australia,R Ravindra,DJ Mitchell,GJ Maxwell,2,0,,,,,,,,,
1384418,2023/24,2023-10-28,"Himachal Pradesh Cricket Association Stadium, Dharamsala",2,14.5,New Zealand,Australia,R Ravindra,DJ Mitchell,GJ Maxwell,1,0,,,,,,,,,
1384418,2023/24,2023-10-28,"Himachal Pradesh Cricket Association Stadium, Dharamsala",2,14.6,New Zealand,Australia,DJ Mitchell,R Ravindra,GJ Maxwell,0,0,,,,,,,,,
1384418,2023/24,2023-10-28,"Himachal Pradesh Cricket Association Stadium, Dharamsala",2,15.1,New Zealand,Australia,R Ravindra,DJ Mitchell,PJ Cummins,0,0,,,,,,,,,
1384418,2023/24,2023-10-28,"Himachal Pradesh Cricket Association Stadium, Dharamsala",2,15.2,New Zealand,Australia,R Ravindra,DJ Mitchell,PJ Cummins,0,0,,,,,,,,,
1384418,2023/24,2023-10-28,"Himachal Pradesh Cricket Association Stadium, Dharamsala",2,15.3,New Zealand,Australia,R Ravindra,DJ Mitchell,PJ Cummins,2,0,,,,,,,,,
1384418,2023/24,2023-10-28,"Himachal Pradesh Cricket Association Stadium, Dharamsala",2,15.4,New Zealand,Australia,R Ravindra,DJ Mitchell,PJ Cummins,0,0,,,,,,,,,
1384418,2023/24,2023-10-28,"Himachal Pradesh Cricket Association Stadium, Dharamsala",2,15.5,New Zealand,Australia,R Ravindra,DJ Mitchell,PJ Cummins,0,0,,,,,,,,,
1384418,2023/24,2023-10-28,"Himachal Pradesh Cricket Association Stadium, Dharamsala",2,15.6,New Zealand,Australia,R Ravindra,DJ Mitchell,PJ Cummins,0,0,,,,,,,,,
1384418,2023/24,2023-10-28,"Himachal Pradesh Cricket Association Stadium, Dharamsala",2,16.1,New Zealand,Australia,DJ Mitchell,R Ravindra,A Zampa,0,0,,,,,,,,,
1384418,2023/24,2023-10-28,"Himachal Pradesh Cricket Association Stadium, Dharamsala",2,16.2,New Zealand,Australia,DJ Mitchell,R Ravindra,A Zampa,0,0,,,,,,,,,
1384418,2023/24,2023-10-28,"Himachal Pradesh Cricket Association Stadium, Dharamsala",2,16.3,New Zealand,Australia,DJ Mitchell,R Ravindra,A Zampa,0,0,,,,,,,,,
1384418,2023/24,2023-10-28,"Himachal Pradesh Cricket Association Stadium, Dharamsala",2,16.4,New Zealand,Australia,DJ Mitchell,R Ravindra,A Zampa,4,0,,,,,,,,,
1384418,2023/24,2023-10-28,"Himachal Pradesh Cricket Association Stadium, Dharamsala",2,16.5,New Zealand,Australia,DJ Mitchell,R Ravindra,A Zampa,6,0,,,,,,,,,
1384418,2023/24,2023-10-28,"Himachal Pradesh Cricket Association Stadium, Dharamsala",2,16.6,New Zealand,Australia,DJ Mitchell,R Ravindra,A Zampa,1,0,,,,,,,,,
1384418,2023/24,2023-10-28,"Himachal Pradesh Cricket Association Stadium, Dharamsala",2,17.1,New Zealand,Australia,DJ Mitchell,R Ravindra,PJ Cummins,0,0,,,,,,,,,
1384418,2023/24,2023-10-28,"Himachal Pradesh Cricket Association Stadium, Dharamsala",2,17.2,New Zealand,Australia,DJ Mitchell,R Ravindra,PJ Cummins,1,0,,,,,,,,,
1384418,2023/24,2023-10-28,"Himachal Pradesh Cricket Association Stadium, Dharamsala",2,17.3,New Zealand,Australia,R Ravindra,DJ Mitchell,PJ Cummins,0,1,1,,,,,,,,
1384418,2023/24,2023-10-28,"Himachal Pradesh Cricket Association Stadium, Dharamsala",2,17.4,New Zealand,Australia,R Ravindra,DJ Mitchell,PJ Cummins,0,0,,,,,,,,,
1384418,2023/24,2023-10-28,"Himachal Pradesh Cricket Association Stadium, Dharamsala",2,17.5,New Zealand,Australia,R Ravindra,DJ Mitchell,PJ Cummins,1,0,,,,,,,,,
1384418,2023/24,2023-10-28,"Himachal Pradesh Cricket Association Stadium, Dharamsala",2,17.6,New Zealand,Australia,DJ Mitchell,R Ravindra,PJ Cummins,1,0,,,,,,,,,
1384418,2023/24,2023-10-28,"Himachal Pradesh Cricket Association Stadium, Dharamsala",2,17.7,New Zealand,Australia,R Ravindra,DJ Mitchell,PJ Cummins,1,0,,,,,,,,,
1384418,2023/24,2023-10-28,"Himachal Pradesh Cricket Association Stadium, Dharamsala",2,18.1,New Zealand,Australia,R Ravindra,DJ Mitchell,A Zampa,1,0,,,,,,,,,
1384418,2023/24,2023-10-28,"Himachal Pradesh Cricket Association Stadium, Dharamsala",2,18.2,New Zealand,Australia,DJ Mitchell,R Ravindra,A Zampa,0,0,,,,,,,,,
1384418,2023/24,2023-10-28,"Himachal Pradesh Cricket Association Stadium, Dharamsala",2,18.3,New Zealand,Australia,DJ Mitchell,R Ravindra,A Zampa,1,0,,,,,,,,,
1384418,2023/24,2023-10-28,"Himachal Pradesh Cricket Association Stadium, Dharamsala",2,18.4,New Zealand,Australia,R Ravindra,DJ Mitchell,A Zampa,0,0,,,,,,,,,
1384418,2023/24,2023-10-28,"Himachal Pradesh Cricket Association Stadium, Dharamsala",2,18.5,New Zealand,Australia,R Ravindra,DJ Mitchell,A Zampa,1,0,,,,,,,,,
1384418,2023/24,2023-10-28,"Himachal Pradesh Cricket Association Stadium, Dharamsala",2,18.6,New Zealand,Australia,DJ Mitchell,R Ravindra,A Zampa,1,0,,,,,,,,,
1384418,2023/24,2023-10-28,"Himachal Pradesh Cricket Association Stadium, Dharamsala",2,19.1,New Zealand,Australia,DJ Mitchell,R Ravindra,MA Starc,4,0,,,,,,,,,
1384418,2023/24,2023-10-28,"Himachal Pradesh Cricket Association Stadium, Dharamsala",2,19.2,New Zealand,Australia,DJ Mitchell,R Ravindra,MA Starc,4,0,,,,,,,,,
1384418,2023/24,2023-10-28,"Himachal Pradesh Cricket Association Stadium, Dharamsala",2,19.3,New Zealand,Australia,DJ Mitchell,R Ravindra,MA Starc,0,0,,,,,,,,,
1384418,2023/24,2023-10-28,"Himachal Pradesh Cricket Association Stadium, Dharamsala",2,19.4,New Zealand,Australia,DJ Mitchell,R Ravindra,MA Starc,0,0,,,,,,,,,
1384418,2023/24,2023-10-28,"Himachal Pradesh Cricket Association Stadium, Dharamsala",2,19.5,New Zealand,Australia,DJ Mitchell,R Ravindra,MA Starc,0,1,1,,,,,,,,
1384418,2023/24,2023-10-28,"Himachal Pradesh Cricket Association Stadium, Dharamsala",2,19.6,New Zealand,Australia,DJ Mitchell,R Ravindra,MA Starc,0,1,1,,,,,,,,
1384418,2023/24,2023-10-28,"Himachal Pradesh Cricket Association Stadium, Dharamsala",2,19.7,New Zealand,Australia,DJ Mitchell,R Ravindra,MA Starc,1,0,,,,,,,,,
1384418,2023/24,2023-10-28,"Himachal Pradesh Cricket Association Stadium, Dharamsala",2,19.8,New Zealand,Australia,R Ravindra,DJ Mitchell,MA Starc,2,0,,,,,,,,,
1384418,2023/24,2023-10-28,"Himachal Pradesh Cricket Association Stadium, Dharamsala",2,20.1,New Zealand,Australia,DJ Mitchell,R Ravindra,A Zampa,1,0,,,,,,,,,
1384418,2023/24,2023-10-28,"Himachal Pradesh Cricket Association Stadium, Dharamsala",2,20.2,New Zealand,Australia,R Ravindra,DJ Mitchell,A Zampa,0,0,,,,,,,,,
1384418,2023/24,2023-10-28,"Himachal Pradesh Cricket Association Stadium, Dharamsala",2,20.3,New Zealand,Australia,R Ravindra,DJ Mitchell,A Zampa,4,0,,,,,,,,,
1384418,2023/24,2023-10-28,"Himachal Pradesh Cricket Association Stadium, Dharamsala",2,20.4,New Zealand,Australia,R Ravindra,DJ Mitchell,A Zampa,1,0,,,,,,,,,
1384418,2023/24,2023-10-28,"Himachal Pradesh Cricket Association Stadium, Dharamsala",2,20.5,New Zealand,Australia,DJ Mitchell,R Ravindra,A Zampa,0,0,,,,,,,,,
1384418,2023/24,2023-10-28,"Himachal Pradesh Cricket Association Stadium, Dharamsala",2,20.6,New Zealand,Australia,DJ Mitchell,R Ravindra,A Zampa,1,0,,,,,,,,,
1384418,2023/24,2023-10-28,"Himachal Pradesh Cricket Association Stadium, Dharamsala",2,21.1,New Zealand,Australia,DJ Mitchell,R Ravindra,MA Starc,0,0,,,,,,,,,
1384418,2023/24,2023-10-28,"Himachal Pradesh Cricket Association Stadium, Dharamsala",2,21.2,New Zealand,Australia,DJ Mitchell,R Ravindra,MA Starc,0,0,,,,,,,,,
1384418,2023/24,2023-10-28,"Himachal Pradesh Cricket Association Stadium, Dharamsala",2,21.3,New Zealand,Australia,DJ Mitchell,R Ravindra,MA Starc,4,0,,,,,,,,,
1384418,2023/24,2023-10-28,"Himachal Pradesh Cricket Association Stadium, Dharamsala",2,21.4,New Zealand,Australia,DJ Mitchell,R Ravindra,MA Starc,0,0,,,,,,,,,
1384418,2023/24,2023-10-28,"Himachal Pradesh Cricket Association Stadium, Dharamsala",2,21.5,New Zealand,Australia,DJ Mitchell,R Ravindra,MA Starc,0,0,,,,,,,,,
1384418,2023/24,2023-10-28,"Himachal Pradesh Cricket Association Stadium, Dharamsala",2,21.6,New Zealand,Australia,DJ Mitchell,R Ravindra,MA Starc,1,0,,,,,,,,,
1384418,2023/24,2023-10-28,"Himachal Pradesh Cricket Association Stadium, Dharamsala",2,22.1,New Zealand,Australia,DJ Mitchell,R Ravindra,MR Marsh,1,0,,,,,,,,,
1384418,2023/24,2023-10-28,"Himachal Pradesh Cricket Association Stadium, Dharamsala",2,22.2,New Zealand,Australia,R Ravindra,DJ Mitchell,MR Marsh,1,0,,,,,,,,,
1384418,2023/24,2023-10-28,"Himachal Pradesh Cricket Association Stadium, Dharamsala",2,22.3,New Zealand,Australia,DJ Mitchell,R Ravindra,MR Marsh,0,1,1,,,,,,,,
1384418,2023/24,2023-10-28,"Himachal Pradesh Cricket Association Stadium, Dharamsala",2,22.4,New Zealand,Australia,DJ Mitchell,R Ravindra,MR Marsh,0,0,,,,,,,,,
1384418,2023/24,2023-10-28,"Himachal Pradesh Cricket Association Stadium, Dharamsala",2,22.5,New Zealand,Australia,DJ Mitchell,R Ravindra,MR Marsh,0,0,,,,,,,,,
1384418,2023/24,2023-10-28,"Himachal Pradesh Cricket Association Stadium, Dharamsala",2,22.6,New Zealand,Australia,DJ Mitchell,R Ravindra,MR Marsh,1,0,,,,,,,,,
1384418,2023/24,2023-10-28,"Himachal Pradesh Cricket Association Stadium, Dharamsala",2,22.7,New Zealand,Australia,R Ravindra,DJ Mitchell,MR Marsh,1,0,,,,,,,,,
1384418,2023/24,2023-10-28,"Himachal Pradesh Cricket Association Stadium, Dharamsala",2,23.1,New Zealand,Australia,R Ravindra,DJ Mitchell,A Zampa,0,0,,,,,,,,,
1384418,2023/24,2023-10-28,"Himachal Pradesh Cricket Association Stadium, Dharamsala",2,23.2,New Zealand,Australia,R Ravindra,DJ Mitchell,A Zampa,4,0,,,,,,,,,
1384418,2023/24,2023-10-28,"Himachal Pradesh Cricket Association Stadium, Dharamsala",2,23.3,New Zealand,Australia,R Ravindra,DJ Mitchell,A Zampa,4,0,,,,,,,,,
1384418,2023/24,2023-10-28,"Himachal Pradesh Cricket Association Stadium, Dharamsala",2,23.4,New Zealand,Australia,R Ravindra,DJ Mitchell,A Zampa,1,0,,,,,,,,,
1384418,2023/24,2023-10-28,"Himachal Pradesh Cricket Association Stadium, Dharamsala",2,23.5,New Zealand,Australia,DJ Mitchell,R Ravindra,A Zampa,0,0,,,,,,,,,
1384418,2023/24,2023-10-28,"Himachal Pradesh Cricket Association Stadium, Dharamsala",2,23.6,New Zealand,Australia,DJ Mitchell,R Ravindra,A Zampa,0,0,,,,,,caught,DJ Mitchell,,
1384418,2023/24,2023-10-28,"Himachal Pradesh Cricket Association Stadium, Dharamsala",2,24.1,New Zealand,Australia,R Ravindra,TWM Latham,GJ Maxwell,0,0,,,,,,,,,
1384418,2023/24,2023-10-28,"Himachal Pradesh Cricket Association Stadium, Dharamsala",2,24.2,New Zealand,Australia,R Ravindra,TWM Latham,GJ Maxwell,0,0,,,,,,,,,
1384418,2023/24,2023-10-28,"Himachal Pradesh Cricket Association Stadium, Dharamsala",2,24.3,New Zealand,Australia,R Ravindra,TWM Latham,GJ Maxwell,1,0,,,,,,,,,
1384418,2023/24,2023-10-28,"Himachal Pradesh Cricket Association Stadium, Dharamsala",2,24.4,New Zealand,Australia,TWM Latham,R Ravindra,GJ Maxwell,1,0,,,,,,,,,
1384418,2023/24,2023-10-28,"Himachal Pradesh Cricket Association Stadium, Dharamsala",2,24.5,New Zealand,Australia,R Ravindra,TWM Latham,GJ Maxwell,1,0,,,,,,,,,
1384418,2023/24,2023-10-28,"Himachal Pradesh Cricket Association Stadium, Dharamsala",2,24.6,New Zealand,Australia,TWM Latham,R Ravindra,GJ Maxwell,0,0,,,,,,,,,
1384418,2023/24,2023-10-28,"Himachal Pradesh Cricket Association Stadium, Dharamsala",2,25.1,New Zealand,Australia,R Ravindra,TWM Latham,A Zampa,1,0,,,,,,,,,
1384418,2023/24,2023-10-28,"Himachal Pradesh Cricket Association Stadium, Dharamsala",2,25.2,New Zealand,Australia,TWM Latham,R Ravindra,A Zampa,1,0,,,,,,,,,
1384418,2023/24,2023-10-28,"Himachal Pradesh Cricket Association Stadium, Dharamsala",2,25.3,New Zealand,Australia,R Ravindra,TWM Latham,A Zampa,0,0,,,,,,,,,
1384418,2023/24,2023-10-28,"Himachal Pradesh Cricket Association Stadium, Dharamsala",2,25.4,New Zealand,Australia,R Ravindra,TWM Latham,A Zampa,0,0,,,,,,,,,
1384418,2023/24,2023-10-28,"Himachal Pradesh Cricket Association Stadium, Dharamsala",2,25.5,New Zealand,Australia,R Ravindra,TWM Latham,A Zampa,1,0,,,,,,,,,
1384418,2023/24,2023-10-28,"Himachal Pradesh Cricket Association Stadium, Dharamsala",2,25.6,New Zealand,Australia,TWM Latham,R Ravindra,A Zampa,1,0,,,,,,,,,
1384418,2023/24,2023-10-28,"Himachal Pradesh Cricket Association Stadium, Dharamsala",2,26.1,New Zealand,Australia,TWM Latham,R Ravindra,GJ Maxwell,0,0,,,,,,,,,
1384418,2023/24,2023-10-28,"Himachal Pradesh Cricket Association Stadium, Dharamsala",2,26.2,New Zealand,Australia,TWM Latham,R Ravindra,GJ Maxwell,0,0,,,,,,,,,
1384418,2023/24,2023-10-28,"Himachal Pradesh Cricket Association Stadium, Dharamsala",2,26.3,New Zealand,Australia,TWM Latham,R Ravindra,GJ Maxwell,1,0,,,,,,,,,
1384418,2023/24,2023-10-28,"Himachal Pradesh Cricket Association Stadium, Dharamsala",2,26.4,New Zealand,Australia,R Ravindra,TWM Latham,GJ Maxwell,1,0,,,,,,,,,
1384418,2023/24,2023-10-28,"Himachal Pradesh Cricket Association Stadium, Dharamsala",2,26.5,New Zealand,Australia,TWM Latham,R Ravindra,GJ Maxwell,0,0,,,,,,,,,
1384418,2023/24,2023-10-28,"Himachal Pradesh Cricket Association Stadium, Dharamsala",2,26.6,New Zealand,Australia,TWM Latham,R Ravindra,GJ Maxwell,0,0,,,,,,,,,
1384418,2023/24,2023-10-28,"Himachal Pradesh Cricket Association Stadium, Dharamsala",2,27.1,New Zealand,Australia,R Ravindra,TWM Latham,MA Starc,6,0,,,,,,,,,
1384418,2023/24,2023-10-28,"Himachal Pradesh Cricket Association Stadium, Dharamsala",2,27.2,New Zealand,Australia,R Ravindra,TWM Latham,MA Starc,1,0,,,,,,,,,
1384418,2023/24,2023-10-28,"Himachal Pradesh Cricket Association Stadium, Dharamsala",2,27.3,New Zealand,Australia,TWM Latham,R Ravindra,MA Starc,2,0,,,,,,,,,
1384418,2023/24,2023-10-28,"Himachal Pradesh Cricket Association Stadium, Dharamsala",2,27.4,New Zealand,Australia,TWM Latham,R Ravindra,MA Starc,0,0,,,,,,,,,
1384418,2023/24,2023-10-28,"Himachal Pradesh Cricket Association Stadium, Dharamsala",2,27.5,New Zealand,Australia,TWM Latham,R Ravindra,MA Starc,0,0,,,,,,,,,
1384418,2023/24,2023-10-28,"Himachal Pradesh Cricket Association Stadium, Dharamsala",2,27.6,New Zealand,Australia,TWM Latham,R Ravindra,MA Starc,1,0,,,,,,,,,
1384418,2023/24,2023-10-28,"Himachal Pradesh Cricket Association Stadium, Dharamsala",2,28.1,New Zealand,Australia,TWM Latham,R Ravindra,GJ Maxwell,4,0,,,,,,,,,
1384418,2023/24,2023-10-28,"Himachal Pradesh Cricket Association Stadium, Dharamsala",2,28.2,New Zealand,Australia,TWM Latham,R Ravindra,GJ Maxwell,1,0,,,,,,,,,
1384418,2023/24,2023-10-28,"Himachal Pradesh Cricket Association Stadium, Dharamsala",2,28.3,New Zealand,Australia,R Ravindra,TWM Latham,GJ Maxwell,4,0,,,,,,,,,
1384418,2023/24,2023-10-28,"Himachal Pradesh Cricket Association Stadium, Dharamsala",2,28.4,New Zealand,Australia,R Ravindra,TWM Latham,GJ Maxwell,0,0,,,,,,,,,
1384418,2023/24,2023-10-28,"Himachal Pradesh Cricket Association Stadium, Dharamsala",2,28.5,New Zealand,Australia,R Ravindra,TWM Latham,GJ Maxwell,1,0,,,,,,,,,
1384418,2023/24,2023-10-28,"Himachal Pradesh Cricket Association Stadium, Dharamsala",2,28.6,New Zealand,Australia,TWM Latham,R Ravindra,GJ Maxwell,1,0,,,,,,,,,
1384418,2023/24,2023-10-28,"Himachal Pradesh Cricket Association Stadium, Dharamsala",2,29.1,New Zealand,Australia,TWM Latham,R Ravindra,MA Starc,1,0,,,,,,,,,
1384418,2023/24,2023-10-28,"Himachal Pradesh Cricket Association Stadium, Dharamsala",2,29.2,New Zealand,Australia,R Ravindra,TWM Latham,MA Starc,4,0,,,,,,,,,
1384418,2023/24,2023-10-28,"Himachal Pradesh Cricket Association Stadium, Dharamsala",2,29.3,New Zealand,Australia,R Ravindra,TWM Latham,MA Starc,0,0,,,,,,,,,
1384418,2023/24,2023-10-28,"Himachal Pradesh Cricket Association Stadium, Dharamsala",2,29.4,New Zealand,Australia,R Ravindra,TWM Latham,MA Starc,0,1,1,,,,,,,,
1384418,2023/24,2023-10-28,"Himachal Pradesh Cricket Association Stadium, Dharamsala",2,29.5,New Zealand,Australia,R Ravindra,TWM Latham,MA Starc,1,0,,,,,,,,,
1384418,2023/24,2023-10-28,"Himachal Pradesh Cricket Association Stadium, Dharamsala",2,29.6,New Zealand,Australia,TWM Latham,R Ravindra,MA Starc,0,1,1,,,,,,,,
1384418,2023/24,2023-10-28,"Himachal Pradesh Cricket Association Stadium, Dharamsala",2,29.7,New Zealand,Australia,TWM Latham,R Ravindra,MA Starc,0,0,,,,,,,,,
1384418,2023/24,2023-10-28,"Himachal Pradesh Cricket Association Stadium, Dharamsala",2,29.8,New Zealand,Australia,TWM Latham,R Ravindra,MA Starc,2,0,,,,,,,,,
1384418,2023/24,2023-10-28,"Himachal Pradesh Cricket Association Stadium, Dharamsala",2,30.1,New Zealand,Australia,R Ravindra,TWM Latham,MR Marsh,6,0,,,,,,,,,
1384418,2023/24,2023-10-28,"Himachal Pradesh Cricket Association Stadium, Dharamsala",2,30.2,New Zealand,Australia,R Ravindra,TWM Latham,MR Marsh,1,0,,,,,,,,,
1384418,2023/24,2023-10-28,"Himachal Pradesh Cricket Association Stadium, Dharamsala",2,30.3,New Zealand,Australia,TWM Latham,R Ravindra,MR Marsh,1,0,,,,,,,,,
1384418,2023/24,2023-10-28,"Himachal Pradesh Cricket Association Stadium, Dharamsala",2,30.4,New Zealand,Australia,R Ravindra,TWM Latham,MR Marsh,0,0,,,,,,,,,
1384418,2023/24,2023-10-28,"Himachal Pradesh Cricket Association Stadium, Dharamsala",2,30.5,New Zealand,Australia,R Ravindra,TWM Latham,MR Marsh,1,0,,,,,,,,,
1384418,2023/24,2023-10-28,"Himachal Pradesh Cricket Association Stadium, Dharamsala",2,30.6,New Zealand,Australia,TWM Latham,R Ravindra,MR Marsh,4,0,,,,,,,,,
1384418,2023/24,2023-10-28,"Himachal Pradesh Cricket Association Stadium, Dharamsala",2,31.1,New Zealand,Australia,R Ravindra,TWM Latham,A Zampa,1,0,,,,,,,,,
1384418,2023/24,2023-10-28,"Himachal Pradesh Cricket Association Stadium, Dharamsala",2,31.2,New Zealand,Australia,TWM Latham,R Ravindra,A Zampa,0,0,,,,,,caught,TWM Latham,,
1384418,2023/24,2023-10-28,"Himachal Pradesh Cricket Association Stadium, Dharamsala",2,31.3,New Zealand,Australia,GD Phillips,R Ravindra,A Zampa,0,0,,,,,,,,,
1384418,2023/24,2023-10-28,"Himachal Pradesh Cricket Association Stadium, Dharamsala",2,31.4,New Zealand,Australia,GD Phillips,R Ravindra,A Zampa,1,0,,,,,,,,,
1384418,2023/24,2023-10-28,"Himachal Pradesh Cricket Association Stadium, Dharamsala",2,31.5,New Zealand,Australia,R Ravindra,GD Phillips,A Zampa,1,0,,,,,,,,,
1384418,2023/24,2023-10-28,"Himachal Pradesh Cricket Association Stadium, Dharamsala",2,31.6,New Zealand,Australia,GD Phillips,R Ravindra,A Zampa,0,0,,,,,,,,,
1384418,2023/24,2023-10-28,"Himachal Pradesh Cricket Association Stadium, Dharamsala",2,32.1,New Zealand,Australia,R Ravindra,GD Phillips,PJ Cummins,0,0,,,,,,,,,
1384418,2023/24,2023-10-28,"Himachal Pradesh Cricket Association Stadium, Dharamsala",2,32.2,New Zealand,Australia,R Ravindra,GD Phillips,PJ Cummins,6,0,,,,,,,,,
1384418,2023/24,2023-10-28,"Himachal Pradesh Cricket Association Stadium, Dharamsala",2,32.3,New Zealand,Australia,R Ravindra,GD Phillips,PJ Cummins,1,0,,,,,,,,,
1384418,2023/24,2023-10-28,"Himachal Pradesh Cricket Association Stadium, Dharamsala",2,32.4,New Zealand,Australia,GD Phillips,R Ravindra,PJ Cummins,1,0,,,,,,,,,
1384418,2023/24,2023-10-28,"Himachal Pradesh Cricket Association Stadium, Dharamsala",2,32.5,New Zealand,Australia,R Ravindra,GD Phillips,PJ Cummins,4,0,,,,,,,,,
1384418,2023/24,2023-10-28,"Himachal Pradesh Cricket Association Stadium, Dharamsala",2,32.6,New Zealand,Australia,R Ravindra,GD Phillips,PJ Cummins,0,0,,,,,,,,,
1384418,2023/24,2023-10-28,"Himachal Pradesh Cricket Association Stadium, Dharamsala",2,33.1,New Zealand,Australia,GD Phillips,R Ravindra,A Zampa,0,0,,,,,,,,,
1384418,2023/24,2023-10-28,"Himachal Pradesh Cricket Association Stadium, Dharamsala",2,33.2,New Zealand,Australia,GD Phillips,R Ravindra,A Zampa,1,0,,,,,,,,,
1384418,2023/24,2023-10-28,"Himachal Pradesh Cricket Association Stadium, Dharamsala",2,33.3,New Zealand,Australia,R Ravindra,GD Phillips,A Zampa,1,0,,,,,,,,,
1384418,2023/24,2023-10-28,"Himachal Pradesh Cricket Association Stadium, Dharamsala",2,33.4,New Zealand,Australia,GD Phillips,R Ravindra,A Zampa,1,0,,,,,,,,,
1384418,2023/24,2023-10-28,"Himachal Pradesh Cricket Association Stadium, Dharamsala",2,33.5,New Zealand,Australia,R Ravindra,GD Phillips,A Zampa,0,0,,,,,,,,,
1384418,2023/24,2023-10-28,"Himachal Pradesh Cricket Association Stadium, Dharamsala",2,33.6,New Zealand,Australia,R Ravindra,GD Phillips,A Zampa,1,0,,,,,,,,,
1384418,2023/24,2023-10-28,"Himachal Pradesh Cricket Association Stadium, Dharamsala",2,34.1,New Zealand,Australia,R Ravindra,GD Phillips,PJ Cummins,0,0,,,,,,,,,
1384418,2023/24,2023-10-28,"Himachal Pradesh Cricket Association Stadium, Dharamsala",2,34.2,New Zealand,Australia,R Ravindra,GD Phillips,PJ Cummins,1,0,,,,,,,,,
1384418,2023/24,2023-10-28,"Himachal Pradesh Cricket Association Stadium, Dharamsala",2,34.3,New Zealand,Australia,GD Phillips,R Ravindra,PJ Cummins,1,0,,,,,,,,,
1384418,2023/24,2023-10-28,"Himachal Pradesh Cricket Association Stadium, Dharamsala",2,34.4,New Zealand,Australia,R Ravindra,GD Phillips,PJ Cummins,0,0,,,,,,,,,
1384418,2023/24,2023-10-28,"Himachal Pradesh Cricket Association Stadium, Dharamsala",2,34.5,New Zealand,Australia,R Ravindra,GD Phillips,PJ Cummins,1,0,,,,,,,,,
1384418,2023/24,2023-10-28,"Himachal Pradesh Cricket Association Stadium, Dharamsala",2,34.6,New Zealand,Australia,GD Phillips,R Ravindra,PJ Cummins,1,0,,,,,,,,,
1384418,2023/24,2023-10-28,"Himachal Pradesh Cricket Association Stadium, Dharamsala",2,35.1,New Zealand,Australia,GD Phillips,R Ravindra,A Zampa,4,0,,,,,,,,,
1384418,2023/24,2023-10-28,"Himachal Pradesh Cricket Association Stadium, Dharamsala",2,35.2,New Zealand,Australia,GD Phillips,R Ravindra,A Zampa,0,0,,,,,,,,,
1384418,2023/24,2023-10-28,"Himachal Pradesh Cricket Association Stadium, Dharamsala",2,35.3,New Zealand,Australia,GD Phillips,R Ravindra,A Zampa,0,0,,,,,,,,,
1384418,2023/24,2023-10-28,"Himachal Pradesh Cricket Association Stadium, Dharamsala",2,35.4,New Zealand,Australia,GD Phillips,R Ravindra,A Zampa,1,0,,,,,,,,,
1384418,2023/24,2023-10-28,"Himachal Pradesh Cricket Association Stadium, Dharamsala",2,35.5,New Zealand,Australia,R Ravindra,GD Phillips,A Zampa,6,0,,,,,,,,,
1384418,2023/24,2023-10-28,"Himachal Pradesh Cricket Association Stadium, Dharamsala",2,35.6,New Zealand,Australia,R Ravindra,GD Phillips,A Zampa,1,0,,,,,,,,,
1384418,2023/24,2023-10-28,"Himachal Pradesh Cricket Association Stadium, Dharamsala",2,36.1,New Zealand,Australia,R Ravindra,GD Phillips,GJ Maxwell,6,0,,,,,,,,,
1384418,2023/24,2023-10-28,"Himachal Pradesh Cricket Association Stadium, Dharamsala",2,36.2,New Zealand,Australia,R Ravindra,GD Phillips,GJ Maxwell,1,0,,,,,,,,,
1384418,2023/24,2023-10-28,"Himachal Pradesh Cricket Association Stadium, Dharamsala",2,36.3,New Zealand,Australia,GD Phillips,R Ravindra,GJ Maxwell,0,0,,,,,,,,,
1384418,2023/24,2023-10-28,"Himachal Pradesh Cricket Association Stadium, Dharamsala",2,36.4,New Zealand,Australia,GD Phillips,R Ravindra,GJ Maxwell,1,0,,,,,,,,,
1384418,2023/24,2023-10-28,"Himachal Pradesh Cricket Association Stadium, Dharamsala",2,36.5,New Zealand,Australia,R Ravindra,GD Phillips,GJ Maxwell,1,0,,,,,,,,,
1384418,2023/24,2023-10-28,"Himachal Pradesh Cricket Association Stadium, Dharamsala",2,36.6,New Zealand,Australia,GD Phillips,R Ravindra,GJ Maxwell,0,0,,,,,,caught,GD Phillips,,
1384418,2023/24,2023-10-28,"Himachal Pradesh Cricket Association Stadium, Dharamsala",2,37.1,New Zealand,Australia,R Ravindra,JDS Neesham,JR Hazlewood,1,0,,,,,,,,,
1384418,2023/24,2023-10-28,"Himachal Pradesh Cricket Association Stadium, Dharamsala",2,37.2,New Zealand,Australia,JDS Neesham,R Ravindra,JR Hazlewood,1,0,,,,,,,,,
1384418,2023/24,2023-10-28,"Himachal Pradesh Cricket Association Stadium, Dharamsala",2,37.3,New Zealand,Australia,R Ravindra,JDS Neesham,JR Hazlewood,4,0,,,,,,,,,
1384418,2023/24,2023-10-28,"Himachal Pradesh Cricket Association Stadium, Dharamsala",2,37.4,New Zealand,Australia,R Ravindra,JDS Neesham,JR Hazlewood,1,0,,,,,,,,,
1384418,2023/24,2023-10-28,"Himachal Pradesh Cricket Association Stadium, Dharamsala",2,37.5,New Zealand,Australia,JDS Neesham,R Ravindra,JR Hazlewood,0,0,,,,,,,,,
1384418,2023/24,2023-10-28,"Himachal Pradesh Cricket Association Stadium, Dharamsala",2,37.6,New Zealand,Australia,JDS Neesham,R Ravindra,JR Hazlewood,1,0,,,,,,,,,
1384418,2023/24,2023-10-28,"Himachal Pradesh Cricket Association Stadium, Dharamsala",2,38.1,New Zealand,Australia,JDS Neesham,R Ravindra,GJ Maxwell,1,0,,,,,,,,,
1384418,2023/24,2023-10-28,"Himachal Pradesh Cricket Association Stadium, Dharamsala",2,38.2,New Zealand,Australia,R Ravindra,JDS Neesham,GJ Maxwell,2,0,,,,,,,,,
1384418,2023/24,2023-10-28,"Himachal Pradesh Cricket Association Stadium, Dharamsala",2,38.3,New Zealand,Australia,R Ravindra,JDS Neesham,GJ Maxwell,1,0,,,,,,,,,
1384418,2023/24,2023-10-28,"Himachal Pradesh Cricket Association Stadium, Dharamsala",2,38.4,New Zealand,Australia,JDS Neesham,R Ravindra,GJ Maxwell,0,0,,,,,,,,,
1384418,2023/24,2023-10-28,"Himachal Pradesh Cricket Association Stadium, Dharamsala",2,38.5,New Zealand,Australia,JDS Neesham,R Ravindra,GJ Maxwell,6,0,,,,,,,,,
1384418,2023/24,2023-10-28,"Himachal Pradesh Cricket Association Stadium, Dharamsala",2,38.6,New Zealand,Australia,JDS Neesham,R Ravindra,GJ Maxwell,0,0,,,,,,,,,
1384418,2023/24,2023-10-28,"Himachal Pradesh Cricket Association Stadium, Dharamsala",2,39.1,New Zealand,Australia,R Ravindra,JDS Neesham,JR Hazlewood,0,1,,,,1,,,,,
1384418,2023/24,2023-10-28,"Himachal Pradesh Cricket Association Stadium, Dharamsala",2,39.2,New Zealand,Australia,JDS Neesham,R Ravindra,JR Hazlewood,1,0,,,,,,,,,
1384418,2023/24,2023-10-28,"Himachal Pradesh Cricket Association Stadium, Dharamsala",2,39.3,New Zealand,Australia,R Ravindra,JDS Neesham,JR Hazlewood,0,0,,,,,,,,,
1384418,2023/24,2023-10-28,"Himachal Pradesh Cricket Association Stadium, Dharamsala",2,39.4,New Zealand,Australia,R Ravindra,JDS Neesham,JR Hazlewood,0,1,1,,,,,,,,
1384418,2023/24,2023-10-28,"Himachal Pradesh Cricket Association Stadium, Dharamsala",2,39.5,New Zealand,Australia,R Ravindra,JDS Neesham,JR Hazlewood,4,0,,,,,,,,,
1384418,2023/24,2023-10-28,"Himachal Pradesh Cricket Association Stadium, Dharamsala",2,39.6,New Zealand,Australia,R Ravindra,JDS Neesham,JR Hazlewood,1,0,,,,,,,,,
1384418,2023/24,2023-10-28,"Himachal Pradesh Cricket Association Stadium, Dharamsala",2,39.7,New Zealand,Australia,JDS Neesham,R Ravindra,JR Hazlewood,1,0,,,,,,,,,
1384418,2023/24,2023-10-28,"Himachal Pradesh Cricket Association Stadium, Dharamsala",2,40.1,New Zealand,Australia,JDS Neesham,R Ravindra,PJ Cummins,1,0,,,,,,,,,
1384418,2023/24,2023-10-28,"Himachal Pradesh Cricket Association Stadium, Dharamsala",2,40.2,New Zealand,Australia,R Ravindra,JDS Neesham,PJ Cummins,0,0,,,,,,caught,R Ravindra,,
1384418,2023/24,2023-10-28,"Himachal Pradesh Cricket Association Stadium, Dharamsala",2,40.3,New Zealand,Australia,MJ Santner,JDS Neesham,PJ Cummins,0,0,,,,,,,,,
1384418,2023/24,2023-10-28,"Himachal Pradesh Cricket Association Stadium, Dharamsala",2,40.4,New Zealand,Australia,MJ Santner,JDS Neesham,PJ Cummins,1,0,,,,,,,,,
1384418,2023/24,2023-10-28,"Himachal Pradesh Cricket Association Stadium, Dharamsala",2,40.5,New Zealand,Australia,JDS Neesham,MJ Santner,PJ Cummins,0,0,,,,,,,,,
1384418,2023/24,2023-10-28,"Himachal Pradesh Cricket Association Stadium, Dharamsala",2,40.6,New Zealand,Australia,JDS Neesham,MJ Santner,PJ Cummins,2,0,,,,,,,,,
1384418,2023/24,2023-10-28,"Himachal Pradesh Cricket Association Stadium, Dharamsala",2,41.1,New Zealand,Australia,MJ Santner,JDS Neesham,A Zampa,2,0,,,,,,,,,
1384418,2023/24,2023-10-28,"Himachal Pradesh Cricket Association Stadium, Dharamsala",2,41.2,New Zealand,Australia,MJ Santner,JDS Neesham,A Zampa,0,0,,,,,,,,,
1384418,2023/24,2023-10-28,"Himachal Pradesh Cricket Association Stadium, Dharamsala",2,41.3,New Zealand,Australia,MJ Santner,JDS Neesham,A Zampa,1,0,,,,,,,,,
1384418,2023/24,2023-10-28,"Himachal Pradesh Cricket Association Stadium, Dharamsala",2,41.4,New Zealand,Australia,JDS Neesham,MJ Santner,A Zampa,1,0,,,,,,,,,
1384418,2023/24,2023-10-28,"Himachal Pradesh Cricket Association Stadium, Dharamsala",2,41.5,New Zealand,Australia,MJ Santner,JDS Neesham,A Zampa,2,0,,,,,,,,,
1384418,2023/24,2023-10-28,"Himachal Pradesh Cricket Association Stadium, Dharamsala",2,41.6,New Zealand,Australia,MJ Santner,JDS Neesham,A Zampa,4,0,,,,,,,,,
1384418,2023/24,2023-10-28,"Himachal Pradesh Cricket Association Stadium, Dharamsala",2,42.1,New Zealand,Australia,JDS Neesham,MJ Santner,PJ Cummins,4,0,,,,,,,,,
1384418,2023/24,2023-10-28,"Himachal Pradesh Cricket Association Stadium, Dharamsala",2,42.2,New Zealand,Australia,JDS Neesham,MJ Santner,PJ Cummins,1,0,,,,,,,,,
1384418,2023/24,2023-10-28,"Himachal Pradesh Cricket Association Stadium, Dharamsala",2,42.3,New Zealand,Australia,MJ Santner,JDS Neesham,PJ Cummins,1,0,,,,,,,,,
1384418,2023/24,2023-10-28,"Himachal Pradesh Cricket Association Stadium, Dharamsala",2,42.4,New Zealand,Australia,JDS Neesham,MJ Santner,PJ Cummins,1,0,,,,,,,,,
1384418,2023/24,2023-10-28,"Himachal Pradesh Cricket Association Stadium, Dharamsala",2,42.5,New Zealand,Australia,MJ Santner,JDS Neesham,PJ Cummins,0,1,,,,1,,,,,
1384418,2023/24,2023-10-28,"Himachal Pradesh Cricket Association Stadium, Dharamsala",2,42.6,New Zealand,Australia,JDS Neesham,MJ Santner,PJ Cummins,0,0,,,,,,,,,
1384418,2023/24,2023-10-28,"Himachal Pradesh Cricket Association Stadium, Dharamsala",2,43.1,New Zealand,Australia,MJ Santner,JDS Neesham,A Zampa,6,0,,,,,,,,,
1384418,2023/24,2023-10-28,"Himachal Pradesh Cricket Association Stadium, Dharamsala",2,43.2,New Zealand,Australia,MJ Santner,JDS Neesham,A Zampa,0,0,,,,,,,,,
1384418,2023/24,2023-10-28,"Himachal Pradesh Cricket Association Stadium, Dharamsala",2,43.3,New Zealand,Australia,MJ Santner,JDS Neesham,A Zampa,0,0,,,,,,caught,MJ Santner,,
1384418,2023/24,2023-10-28,"Himachal Pradesh Cricket Association Stadium, Dharamsala",2,43.4,New Zealand,Australia,MJ Henry,JDS Neesham,A Zampa,2,0,,,,,,,,,
1384418,2023/24,2023-10-28,"Himachal Pradesh Cricket Association Stadium, Dharamsala",2,43.5,New Zealand,Australia,MJ Henry,JDS Neesham,A Zampa,1,0,,,,,,,,,
1384418,2023/24,2023-10-28,"Himachal Pradesh Cricket Association Stadium, Dharamsala",2,43.6,New Zealand,Australia,JDS Neesham,MJ Henry,A Zampa,1,0,,,,,,,,,
1384418,2023/24,2023-10-28,"Himachal Pradesh Cricket Association Stadium, Dharamsala",2,44.1,New Zealand,Australia,JDS Neesham,MJ Henry,PJ Cummins,1,0,,,,,,,,,
1384418,2023/24,2023-10-28,"Himachal Pradesh Cricket Association Stadium, Dharamsala",2,44.2,New Zealand,Australia,MJ Henry,JDS Neesham,PJ Cummins,1,0,,,,,,,,,
1384418,2023/24,2023-10-28,"Himachal Pradesh Cricket Association Stadium, Dharamsala",2,44.3,New Zealand,Australia,JDS Neesham,MJ Henry,PJ Cummins,0,0,,,,,,,,,
1384418,2023/24,2023-10-28,"Himachal Pradesh Cricket Association Stadium, Dharamsala",2,44.4,New Zealand,Australia,JDS Neesham,MJ Henry,PJ Cummins,4,0,,,,,,,,,
1384418,2023/24,2023-10-28,"Himachal Pradesh Cricket Association Stadium, Dharamsala",2,44.5,New Zealand,Australia,JDS Neesham,MJ Henry,PJ Cummins,1,0,,,,,,,,,
1384418,2023/24,2023-10-28,"Himachal Pradesh Cricket Association Stadium, Dharamsala",2,44.6,New Zealand,Australia,MJ Henry,JDS Neesham,PJ Cummins,0,0,,,,,,,,,
1384418,2023/24,2023-10-28,"Himachal Pradesh Cricket Association Stadium, Dharamsala",2,45.1,New Zealand,Australia,JDS Neesham,MJ Henry,MA Starc,0,0,,,,,,,,,
1384418,2023/24,2023-10-28,"Himachal Pradesh Cricket Association Stadium, Dharamsala",2,45.2,New Zealand,Australia,JDS Neesham,MJ Henry,MA Starc,6,0,,,,,,,,,
1384418,2023/24,2023-10-28,"Himachal Pradesh Cricket Association Stadium, Dharamsala",2,45.3,New Zealand,Australia,JDS Neesham,MJ Henry,MA Starc,1,0,,,,,,,,,
1384418,2023/24,2023-10-28,"Himachal Pradesh Cricket Association Stadium, Dharamsala",2,45.4,New Zealand,Australia,MJ Henry,JDS Neesham,MA Starc,1,0,,,,,,,,,
1384418,2023/24,2023-10-28,"Himachal Pradesh Cricket Association Stadium, Dharamsala",2,45.5,New Zealand,Australia,JDS Neesham,MJ Henry,MA Starc,0,0,,,,,,,,,
1384418,2023/24,2023-10-28,"Himachal Pradesh Cricket Association Stadium, Dharamsala",2,45.6,New Zealand,Australia,JDS Neesham,MJ Henry,MA Starc,1,0,,,,,,,,,
1384418,2023/24,2023-10-28,"Himachal Pradesh Cricket Association Stadium, Dharamsala",2,46.1,New Zealand,Australia,JDS Neesham,MJ Henry,PJ Cummins,0,1,1,,,,,,,,
1384418,2023/24,2023-10-28,"Himachal Pradesh Cricket Association Stadium, Dharamsala",2,46.2,New Zealand,Australia,JDS Neesham,MJ Henry,PJ Cummins,1,0,,,,,,,,,
1384418,2023/24,2023-10-28,"Himachal Pradesh Cricket Association Stadium, Dharamsala",2,46.3,New Zealand,Australia,MJ Henry,JDS Neesham,PJ Cummins,0,0,,,,,,,,,
1384418,2023/24,2023-10-28,"Himachal Pradesh Cricket Association Stadium, Dharamsala",2,46.4,New Zealand,Australia,MJ Henry,JDS Neesham,PJ Cummins,4,0,,,,,,,,,
1384418,2023/24,2023-10-28,"Himachal Pradesh Cricket Association Stadium, Dharamsala",2,46.5,New Zealand,Australia,MJ Henry,JDS Neesham,PJ Cummins,0,0,,,,,,caught,MJ Henry,,
1384418,2023/24,2023-10-28,"Himachal Pradesh Cricket Association Stadium, Dharamsala",2,46.6,New Zealand,Australia,TA Boult,JDS Neesham,PJ Cummins,0,0,,,,,,,,,
1384418,2023/24,2023-10-28,"Himachal Pradesh Cricket Association Stadium, Dharamsala",2,46.7,New Zealand,Australia,TA Boult,JDS Neesham,PJ Cummins,0,0,,,,,,,,,
1384418,2023/24,2023-10-28,"Himachal Pradesh Cricket Association Stadium, Dharamsala",2,47.1,New Zealand,Australia,JDS Neesham,TA Boult,MA Starc,6,0,,,,,,,,,
1384418,2023/24,2023-10-28,"Himachal Pradesh Cricket Association Stadium, Dharamsala",2,47.2,New Zealand,Australia,JDS Neesham,TA Boult,MA Starc,1,0,,,,,,,,,
1384418,2023/24,2023-10-28,"Himachal Pradesh Cricket Association Stadium, Dharamsala",2,47.3,New Zealand,Australia,TA Boult,JDS Neesham,MA Starc,0,0,,,,,,,,,
1384418,2023/24,2023-10-28,"Himachal Pradesh Cricket Association Stadium, Dharamsala",2,47.4,New Zealand,Australia,TA Boult,JDS Neesham,MA Starc,1,0,,,,,,,,,
1384418,2023/24,2023-10-28,"Himachal Pradesh Cricket Association Stadium, Dharamsala",2,47.5,New Zealand,Australia,JDS Neesham,TA Boult,MA Starc,0,1,1,,,,,,,,
1384418,2023/24,2023-10-28,"Himachal Pradesh Cricket Association Stadium, Dharamsala",2,47.6,New Zealand,Australia,JDS Neesham,TA Boult,MA Starc,1,0,,,,,,,,,
1384418,2023/24,2023-10-28,"Himachal Pradesh Cricket Association Stadium, Dharamsala",2,47.7,New Zealand,Australia,TA Boult,JDS Neesham,MA Starc,1,0,,,,,,,,,
1384418,2023/24,2023-10-28,"Himachal Pradesh Cricket Association Stadium, Dharamsala",2,48.1,New Zealand,Australia,TA Boult,JDS Neesham,JR Hazlewood,6,0,,,,,,,,,
1384418,2023/24,2023-10-28,"Himachal Pradesh Cricket Association Stadium, Dharamsala",2,48.2,New Zealand,Australia,TA Boult,JDS Neesham,JR Hazlewood,1,0,,,,,,,,,
1384418,2023/24,2023-10-28,"Himachal Pradesh Cricket Association Stadium, Dharamsala",2,48.3,New Zealand,Australia,JDS Neesham,TA Boult,JR Hazlewood,2,0,,,,,,,,,
1384418,2023/24,2023-10-28,"Himachal Pradesh Cricket Association Stadium, Dharamsala",2,48.4,New Zealand,Australia,JDS Neesham,TA Boult,JR Hazlewood,4,0,,,,,,,,,
1384418,2023/24,2023-10-28,"Himachal Pradesh Cricket Association Stadium, Dharamsala",2,48.5,New Zealand,Australia,JDS Neesham,TA Boult,JR Hazlewood,0,0,,,,,,,,,
1384418,2023/24,2023-10-28,"Himachal Pradesh Cricket Association Stadium, Dharamsala",2,48.6,New Zealand,Australia,JDS Neesham,TA Boult,JR Hazlewood,0,0,,,,,,,,,
1384418,2023/24,2023-10-28,"Himachal Pradesh Cricket Association Stadium, Dharamsala",2,49.1,New Zealand,Australia,TA Boult,JDS Neesham,MA Starc,1,0,,,,,,,,,
1384418,2023/24,2023-10-28,"Himachal Pradesh Cricket Association Stadium, Dharamsala",2,49.2,New Zealand,Australia,JDS Neesham,TA Boult,MA Starc,0,5,5,,,,,,,,
1384418,2023/24,2023-10-28,"Himachal Pradesh Cricket Association Stadium, Dharamsala",2,49.3,New Zealand,Australia,JDS Neesham,TA Boult,MA Starc,2,0,,,,,,,,,
1384418,2023/24,2023-10-28,"Himachal Pradesh Cricket Association Stadium, Dharamsala",2,49.4,New Zealand,Australia,JDS Neesham,TA Boult,MA Starc,2,0,,,,,,,,,
1384418,2023/24,2023-10-28,"Himachal Pradesh Cricket Association Stadium, Dharamsala",2,49.5,New Zealand,Australia,JDS Neesham,TA Boult,MA Starc,2,0,,,,,,,,,
1384418,2023/24,2023-10-28,"Himachal Pradesh Cricket Association Stadium, Dharamsala",2,49.6,New Zealand,Australia,JDS Neesham,TA Boult,MA Starc,1,0,,,,,,run out,JDS Neesham,,
1384418,2023/24,2023-10-28,"Himachal Pradesh Cricket Association Stadium, Dharamsala",2,49.7,New Zealand,Australia,LH Ferguson,TA Boult,MA Starc,0,0,,,,,,,,,
