match_id,season,start_date,venue,innings,ball,batting_team,bowling_team,striker,non_striker,bowler,runs_off_bat,extras,wides,noballs,byes,legbyes,penalty,wicket_type,player_dismissed,other_wicket_type,other_player_dismissed
1384430,2023/24,2023-11-07,"Wankhede Stadium, Mumbai",1,0.1,Afghanistan,Australia,Rahmanullah Gurbaz,Ibrahim Zadran,MA Starc,1,0,,,,,,,,,
1384430,2023/24,2023-11-07,"Wankhede Stadium, Mumbai",1,0.2,Afghanistan,Australia,Ibrahim Zadran,Rahmanullah Gurbaz,MA Starc,0,0,,,,,,,,,
1384430,2023/24,2023-11-07,"Wankhede Stadium, Mumbai",1,0.3,Afghanistan,Australia,Ibrahim Zadran,Rahmanullah Gurbaz,MA Starc,0,0,,,,,,,,,
1384430,2023/24,2023-11-07,"Wankhede Stadium, Mumbai",1,0.4,Afghanistan,Australia,Ibrahim Zadran,Rahmanullah Gurbaz,MA Starc,3,0,,,,,,,,,
1384430,2023/24,2023-11-07,"Wankhede Stadium, Mumbai",1,0.5,Afghanistan,Australia,Rahmanullah Gurbaz,Ibrahim Zadran,MA Starc,1,0,,,,,,,,,
1384430,2023/24,2023-11-07,"Wankhede Stadium, Mumbai",1,0.6,Afghanistan,Australia,Ibrahim Zadran,Rahmanullah Gurbaz,MA Starc,0,0,,,,,,,,,
1384430,2023/24,2023-11-07,"Wankhede Stadium, Mumbai",1,1.1,Afghanistan,Australia,Rahmanullah Gurbaz,Ibrahim Zadran,JR Hazlewood,0,0,,,,,,,,,
1384430,2023/24,2023-11-07,"Wankhede Stadium, Mumbai",1,1.2,Afghanistan,Australia,Rahmanullah Gurbaz,Ibrahim Zadran,JR Hazlewood,1,0,,,,,,,,,
1384430,2023/24,2023-11-07,"Wankhede Stadium, Mumbai",1,1.3,Afghanistan,Australia,Ibrahim Zadran,Rahmanullah Gurbaz,JR Hazlewood,0,0,,,,,,,,,
1384430,2023/24,2023-11-07,"Wankhede Stadium, Mumbai",1,1.4,Afghanistan,Australia,Ibrahim Zadran,Rahmanullah Gurbaz,JR Hazlewood,0,0,,,,,,,,,
1384430,2023/24,2023-11-07,"Wankhede Stadium, Mumbai",1,1.5,Afghanistan,Australia,Ibrahim Zadran,Rahmanullah Gurbaz,JR Hazlewood,0,0,,,,,,,,,
1384430,2023/24,2023-11-07,"Wankhede Stadium, Mumbai",1,1.6,Afghanistan,Australia,Ibrahim Zadran,Rahmanullah Gurbaz,JR Hazlewood,0,0,,,,,,,,,
1384430,2023/24,2023-11-07,"Wankhede Stadium, Mumbai",1,2.1,Afghanistan,Australia,Rahmanullah Gurbaz,Ibrahim Zadran,MA Starc,0,0,,,,,,,,,
1384430,2023/24,2023-11-07,"Wankhede Stadium, Mumbai",1,2.2,Afghanistan,Australia,Rahmanullah Gurbaz,Ibrahim Zadran,MA Starc,0,0,,,,,,,,,
1384430,2023/24,2023-11-07,"Wankhede Stadium, Mumbai",1,2.3,Afghanistan,Australia,Rahmanullah Gurbaz,Ibrahim Zadran,MA Starc,3,0,,,,,,,,,
1384430,2023/24,2023-11-07,"Wankhede Stadium, Mumbai",1,2.4,Afghanistan,Australia,Ibrahim Zadran,Rahmanullah Gurbaz,MA Starc,0,0,,,,,,,,,
1384430,2023/24,2023-11-07,"Wankhede Stadium, Mumbai",1,2.5,Afghanistan,Australia,Ibrahim Zadran,Rahmanullah Gurbaz,MA Starc,0,0,,,,,,,,,
1384430,2023/24,2023-11-07,"Wankhede Stadium, Mumbai",1,2.6,Afghanistan,Australia,Ibrahim Zadran,Rahmanullah Gurbaz,MA Starc,4,0,,,,,,,,,
1384430,2023/24,2023-11-07,"Wankhede Stadium, Mumbai",1,3.1,Afghanistan,Australia,Rahmanullah Gurbaz,Ibrahim Zadran,JR Hazlewood,0,0,,,,,,,,,
1384430,2023/24,2023-11-07,"Wankhede Stadium, Mumbai",1,3.2,Afghanistan,Australia,Rahmanullah Gurbaz,Ibrahim Zadran,JR Hazlewood,2,0,,,,,,,,,
1384430,2023/24,2023-11-07,"Wankhede Stadium, Mumbai",1,3.3,Afghanistan,Australia,Rahmanullah Gurbaz,Ibrahim Zadran,JR Hazlewood,0,0,,,,,,,,,
1384430,2023/24,2023-11-07,"Wankhede Stadium, Mumbai",1,3.4,Afghanistan,Australia,Rahmanullah Gurbaz,Ibrahim Zadran,JR Hazlewood,0,0,,,,,,,,,
1384430,2023/24,2023-11-07,"Wankhede Stadium, Mumbai",1,3.5,Afghanistan,Australia,Rahmanullah Gurbaz,Ibrahim Zadran,JR Hazlewood,4,0,,,,,,,,,
1384430,2023/24,2023-11-07,"Wankhede Stadium, Mumbai",1,3.6,Afghanistan,Australia,Rahmanullah Gurbaz,Ibrahim Zadran,JR Hazlewood,1,0,,,,,,,,,
1384430,2023/24,2023-11-07,"Wankhede Stadium, Mumbai",1,4.1,Afghanistan,Australia,Rahmanullah Gurbaz,Ibrahim Zadran,MA Starc,0,0,,,,,,,,,
1384430,2023/24,2023-11-07,"Wankhede Stadium, Mumbai",1,4.2,Afghanistan,Australia,Rahmanullah Gurbaz,Ibrahim Zadran,MA Starc,1,0,,,,,,,,,
1384430,2023/24,2023-11-07,"Wankhede Stadium, Mumbai",1,4.3,Afghanistan,Australia,Ibrahim Zadran,Rahmanullah Gurbaz,MA Starc,1,0,,,,,,,,,
1384430,2023/24,2023-11-07,"Wankhede Stadium, Mumbai",1,4.4,Afghanistan,Australia,Rahmanullah Gurbaz,Ibrahim Zadran,MA Starc,0,0,,,,,,,,,
1384430,2023/24,2023-11-07,"Wankhede Stadium, Mumbai",1,4.5,Afghanistan,Australia,Rahmanullah Gurbaz,Ibrahim Zadran,MA Starc,4,0,,,,,,,,,
1384430,2023/24,2023-11-07,"Wankhede Stadium, Mumbai",1,4.6,Afghanistan,Australia,Rahmanullah Gurbaz,Ibrahim Zadran,MA Starc,1,0,,,,,,,,,
1384430,2023/24,2023-11-07,"Wankhede Stadium, Mumbai",1,5.1,Afghanistan,Australia,Rahmanullah Gurbaz,Ibrahim Zadran,JR Hazlewood,0,0,,,,,,,,,
1384430,2023/24,2023-11-07,"Wankhede Stadium, Mumbai",1,5.2,Afghanistan,Australia,Rahmanullah Gurbaz,Ibrahim Zadran,JR Hazlewood,0,0,,,,,,,,,
1384430,2023/24,2023-11-07,"Wankhede Stadium, Mumbai",1,5.3,Afghanistan,Australia,Rahmanullah Gurbaz,Ibrahim Zadran,JR Hazlewood,1,0,,,,,,,,,
1384430,2023/24,2023-11-07,"Wankhede Stadium, Mumbai",1,5.4,Afghanistan,Australia,Ibrahim Zadran,Rahmanullah Gurbaz,JR Hazlewood,0,1,1,,,,,,,,
1384430,2023/24,2023-11-07,"Wankhede Stadium, Mumbai",1,5.5,Afghanistan,Australia,Ibrahim Zadran,Rahmanullah Gurbaz,JR Hazlewood,0,0,,,,,,,,,
1384430,2023/24,2023-11-07,"Wankhede Stadium, Mumbai",1,5.6,Afghanistan,Australia,Ibrahim Zadran,Rahmanullah Gurbaz,JR Hazlewood,1,0,,,,,,,,,
1384430,2023/24,2023-11-07,"Wankhede Stadium, Mumbai",1,5.7,Afghanistan,Australia,Rahmanullah Gurbaz,Ibrahim Zadran,JR Hazlewood,0,0,,,,,,,,,
1384430,2023/24,2023-11-07,"Wankhede Stadium, Mumbai",1,6.1,Afghanistan,Australia,Ibrahim Zadran,Rahmanullah Gurbaz,GJ Maxwell,0,0,,,,,,,,,
1384430,2023/24,2023-11-07,"Wankhede Stadium, Mumbai",1,6.2,Afghanistan,Australia,Ibrahim Zadran,Rahmanullah Gurbaz,GJ Maxwell,1,0,,,,,,,,,
1384430,2023/24,2023-11-07,"Wankhede Stadium, Mumbai",1,6.3,Afghanistan,Australia,Rahmanullah Gurbaz,Ibrahim Zadran,GJ Maxwell,1,0,,,,,,,,,
1384430,2023/24,2023-11-07,"Wankhede Stadium, Mumbai",1,6.4,Afghanistan,Australia,Ibrahim Zadran,Rahmanullah Gurbaz,GJ Maxwell,0,0,,,,,,,,,
1384430,2023/24,2023-11-07,"Wankhede Stadium, Mumbai",1,6.5,Afghanistan,Australia,Ibrahim Zadran,Rahmanullah Gurbaz,GJ Maxwell,1,0,,,,,,,,,
1384430,2023/24,2023-11-07,"Wankhede Stadium, Mumbai",1,6.6,Afghanistan,Australia,Rahmanullah Gurbaz,Ibrahim Zadran,GJ Maxwell,0,0,,,,,,,,,
1384430,2023/24,2023-11-07,"Wankhede Stadium, Mumbai",1,7.1,Afghanistan,Australia,Ibrahim Zadran,Rahmanullah Gurbaz,JR Hazlewood,0,0,,,,,,,,,
1384430,2023/24,2023-11-07,"Wankhede Stadium, Mumbai",1,7.2,Afghanistan,Australia,Ibrahim Zadran,Rahmanullah Gurbaz,JR Hazlewood,0,0,,,,,,,,,
1384430,2023/24,2023-11-07,"Wankhede Stadium, Mumbai",1,7.3,Afghanistan,Australia,Ibrahim Zadran,Rahmanullah Gurbaz,JR Hazlewood,4,0,,,,,,,,,
1384430,2023/24,2023-11-07,"Wankhede Stadium, Mumbai",1,7.4,Afghanistan,Australia,Ibrahim Zadran,Rahmanullah Gurbaz,JR Hazlewood,0,0,,,,,,,,,
1384430,2023/24,2023-11-07,"Wankhede Stadium, Mumbai",1,7.5,Afghanistan,Australia,Ibrahim Zadran,Rahmanullah Gurbaz,JR Hazlewood,1,0,,,,,,,,,
1384430,2023/24,2023-11-07,"Wankhede Stadium, Mumbai",1,7.6,Afghanistan,Australia,Rahmanullah Gurbaz,Ibrahim Zadran,JR Hazlewood,0,0,,,,,,caught,Rahmanullah Gurbaz,,
1384430,2023/24,2023-11-07,"Wankhede Stadium, Mumbai",1,8.1,Afghanistan,Australia,Ibrahim Zadran,Rahmat Shah,GJ Maxwell,0,0,,,,,,,,,
1384430,2023/24,2023-11-07,"Wankhede Stadium, Mumbai",1,8.2,Afghanistan,Australia,Ibrahim Zadran,Rahmat Shah,GJ Maxwell,0,0,,,,,,,,,
1384430,2023/24,2023-11-07,"Wankhede Stadium, Mumbai",1,8.3,Afghanistan,Australia,Ibrahim Zadran,Rahmat Shah,GJ Maxwell,2,0,,,,,,,,,
1384430,2023/24,2023-11-07,"Wankhede Stadium, Mumbai",1,8.4,Afghanistan,Australia,Ibrahim Zadran,Rahmat Shah,GJ Maxwell,1,0,,,,,,,,,
1384430,2023/24,2023-11-07,"Wankhede Stadium, Mumbai",1,8.5,Afghanistan,Australia,Rahmat Shah,Ibrahim Zadran,GJ Maxwell,0,0,,,,,,,,,
1384430,2023/24,2023-11-07,"Wankhede Stadium, Mumbai",1,8.6,Afghanistan,Australia,Rahmat Shah,Ibrahim Zadran,GJ Maxwell,0,0,,,,,,,,,
1384430,2023/24,2023-11-07,"Wankhede Stadium, Mumbai",1,9.1,Afghanistan,Australia,Ibrahim Zadran,Rahmat Shah,PJ Cummins,0,0,,,,,,,,,
1384430,2023/24,2023-11-07,"Wankhede Stadium, Mumbai",1,9.2,Afghanistan,Australia,Ibrahim Zadran,Rahmat Shah,PJ Cummins,4,0,,,,,,,,,
1384430,2023/24,2023-11-07,"Wankhede Stadium, Mumbai",1,9.3,Afghanistan,Australia,Ibrahim Zadran,Rahmat Shah,PJ Cummins,0,0,,,,,,,,,
1384430,2023/24,2023-11-07,"Wankhede Stadium, Mumbai",1,9.4,Afghanistan,Australia,Ibrahim Zadran,Rahmat Shah,PJ Cummins,0,0,,,,,,,,,
1384430,2023/24,2023-11-07,"Wankhede Stadium, Mumbai",1,9.5,Afghanistan,Australia,Ibrahim Zadran,Rahmat Shah,PJ Cummins,1,0,,,,,,,,,
1384430,2023/24,2023-11-07,"Wankhede Stadium, Mumbai",1,9.6,Afghanistan,Australia,Rahmat Shah,Ibrahim Zadran,PJ Cummins,0,0,,,,,,,,,
1384430,2023/24,2023-11-07,"Wankhede Stadium, Mumbai",1,10.1,Afghanistan,Australia,Ibrahim Zadran,Rahmat Shah,GJ Maxwell,1,0,,,,,,,,,
1384430,2023/24,2023-11-07,"Wankhede Stadium, Mumbai",1,10.2,Afghanistan,Australia,Rahmat Shah,Ibrahim Zadran,GJ Maxwell,1,0,,,,,,,,,
1384430,2023/24,2023-11-07,"Wankhede Stadium, Mumbai",1,10.3,Afghanistan,Australia,Ibrahim Zadran,Rahmat Shah,GJ Maxwell,4,0,,,,,,,,,
1384430,2023/24,2023-11-07,"Wankhede Stadium, Mumbai",1,10.4,Afghanistan,Australia,Ibrahim Zadran,Rahmat Shah,GJ Maxwell,0,0,,,,,,,,,
1384430,2023/24,2023-11-07,"Wankhede Stadium, Mumbai",1,10.5,Afghanistan,Australia,Ibrahim Zadran,Rahmat Shah,GJ Maxwell,1,0,,,,,,,,,
1384430,2023/24,2023-11-07,"Wankhede Stadium, Mumbai",1,10.6,Afghanistan,Australia,Rahmat Shah,Ibrahim Zadran,GJ Maxwell,2,0,,,,,,,,,
1384430,2023/24,2023-11-07,"Wankhede Stadium, Mumbai",1,11.1,Afghanistan,Australia,Ibrahim Zadran,Rahmat Shah,PJ Cummins,1,0,,,,,,,,,
1384430,2023/24,2023-11-07,"Wankhede Stadium, Mumbai",1,11.2,Afghanistan,Australia,Rahmat Shah,Ibrahim Zadran,PJ Cummins,0,0,,,,,,,,,
1384430,2023/24,2023-11-07,"Wankhede Stadium, Mumbai",1,11.3,Afghanistan,Australia,Rahmat Shah,Ibrahim Zadran,PJ Cummins,1,0,,,,,,,,,
1384430,2023/24,2023-11-07,"Wankhede Stadium, Mumbai",1,11.4,Afghanistan,Australia,Ibrahim Zadran,Rahmat Shah,PJ Cummins,0,0,,,,,,,,,
1384430,2023/24,2023-11-07,"Wankhede Stadium, Mumbai",1,11.5,Afghanistan,Australia,Ibrahim Zadran,Rahmat Shah,PJ Cummins,0,0,,,,,,,,,
1384430,2023/24,2023-11-07,"Wankhede Stadium, Mumbai",1,11.6,Afghanistan,Australia,Ibrahim Zadran,Rahmat Shah,PJ Cummins,0,0,,,,,,,,,
1384430,2023/24,2023-11-07,"Wankhede Stadium, Mumbai",1,12.1,Afghanistan,Australia,Rahmat Shah,Ibrahim Zadran,GJ Maxwell,0,0,,,,,,,,,
1384430,2023/24,2023-11-07,"Wankhede Stadium, Mumbai",1,12.2,Afghanistan,Australia,Rahmat Shah,Ibrahim Zadran,GJ Maxwell,1,0,,,,,,,,,
1384430,2023/24,2023-11-07,"Wankhede Stadium, Mumbai",1,12.3,Afghanistan,Australia,Ibrahim Zadran,Rahmat Shah,GJ Maxwell,1,0,,,,,,,,,
1384430,2023/24,2023-11-07,"Wankhede Stadium, Mumbai",1,12.4,Afghanistan,Australia,Rahmat Shah,Ibrahim Zadran,GJ Maxwell,1,0,,,,,,,,,
1384430,2023/24,2023-11-07,"Wankhede Stadium, Mumbai",1,12.5,Afghanistan,Australia,Ibrahim Zadran,Rahmat Shah,GJ Maxwell,1,0,,,,,,,,,
1384430,2023/24,2023-11-07,"Wankhede Stadium, Mumbai",1,12.6,Afghanistan,Australia,Rahmat Shah,Ibrahim Zadran,GJ Maxwell,0,0,,,,,,,,,
1384430,2023/24,2023-11-07,"Wankhede Stadium, Mumbai",1,13.1,Afghanistan,Australia,Ibrahim Zadran,Rahmat Shah,PJ Cummins,0,0,,,,,,,,,
1384430,2023/24,2023-11-07,"Wankhede Stadium, Mumbai",1,13.2,Afghanistan,Australia,Ibrahim Zadran,Rahmat Shah,PJ Cummins,4,0,,,,,,,,,
1384430,2023/24,2023-11-07,"Wankhede Stadium, Mumbai",1,13.3,Afghanistan,Australia,Ibrahim Zadran,Rahmat Shah,PJ Cummins,0,0,,,,,,,,,
1384430,2023/24,2023-11-07,"Wankhede Stadium, Mumbai",1,13.4,Afghanistan,Australia,Ibrahim Zadran,Rahmat Shah,PJ Cummins,2,0,,,,,,,,,
1384430,2023/24,2023-11-07,"Wankhede Stadium, Mumbai",1,13.5,Afghanistan,Australia,Ibrahim Zadran,Rahmat Shah,PJ Cummins,0,0,,,,,,,,,
1384430,2023/24,2023-11-07,"Wankhede Stadium, Mumbai",1,13.6,Afghanistan,Australia,Ibrahim Zadran,Rahmat Shah,PJ Cummins,1,0,,,,,,,,,
1384430,2023/24,2023-11-07,"Wankhede Stadium, Mumbai",1,14.1,Afghanistan,Australia,Ibrahim Zadran,Rahmat Shah,A Zampa,1,0,,,,,,,,,
1384430,2023/24,2023-11-07,"Wankhede Stadium, Mumbai",1,14.2,Afghanistan,Australia,Rahmat Shah,Ibrahim Zadran,A Zampa,1,0,,,,,,,,,
1384430,2023/24,2023-11-07,"Wankhede Stadium, Mumbai",1,14.3,Afghanistan,Australia,Ibrahim Zadran,Rahmat Shah,A Zampa,1,0,,,,,,,,,
1384430,2023/24,2023-11-07,"Wankhede Stadium, Mumbai",1,14.4,Afghanistan,Australia,Rahmat Shah,Ibrahim Zadran,A Zampa,1,0,,,,,,,,,
1384430,2023/24,2023-11-07,"Wankhede Stadium, Mumbai",1,14.5,Afghanistan,Australia,Ibrahim Zadran,Rahmat Shah,A Zampa,0,0,,,,,,,,,
1384430,2023/24,2023-11-07,"Wankhede Stadium, Mumbai",1,14.6,Afghanistan,Australia,Ibrahim Zadran,Rahmat Shah,A Zampa,1,0,,,,,,,,,
1384430,2023/24,2023-11-07,"Wankhede Stadium, Mumbai",1,15.1,Afghanistan,Australia,Ibrahim Zadran,Rahmat Shah,MA Starc,1,0,,,,,,,,,
1384430,2023/24,2023-11-07,"Wankhede Stadium, Mumbai",1,15.2,Afghanistan,Australia,Rahmat Shah,Ibrahim Zadran,MA Starc,0,0,,,,,,,,,
1384430,2023/24,2023-11-07,"Wankhede Stadium, Mumbai",1,15.3,Afghanistan,Australia,Rahmat Shah,Ibrahim Zadran,MA Starc,1,0,,,,,,,,,
1384430,2023/24,2023-11-07,"Wankhede Stadium, Mumbai",1,15.4,Afghanistan,Australia,Ibrahim Zadran,Rahmat Shah,MA Starc,0,0,,,,,,,,,
1384430,2023/24,2023-11-07,"Wankhede Stadium, Mumbai",1,15.5,Afghanistan,Australia,Ibrahim Zadran,Rahmat Shah,MA Starc,0,0,,,,,,,,,
1384430,2023/24,2023-11-07,"Wankhede Stadium, Mumbai",1,15.6,Afghanistan,Australia,Ibrahim Zadran,Rahmat Shah,MA Starc,1,0,,,,,,,,,
1384430,2023/24,2023-11-07,"Wankhede Stadium, Mumbai",1,16.1,Afghanistan,Australia,Ibrahim Zadran,Rahmat Shah,A Zampa,1,0,,,,,,,,,
1384430,2023/24,2023-11-07,"Wankhede Stadium, Mumbai",1,16.2,Afghanistan,Australia,Rahmat Shah,Ibrahim Zadran,A Zampa,1,0,,,,,,,,,
1384430,2023/24,2023-11-07,"Wankhede Stadium, Mumbai",1,16.3,Afghanistan,Australia,Ibrahim Zadran,Rahmat Shah,A Zampa,1,0,,,,,,,,,
1384430,2023/24,2023-11-07,"Wankhede Stadium, Mumbai",1,16.4,Afghanistan,Australia,Rahmat Shah,Ibrahim Zadran,A Zampa,1,0,,,,,,,,,
1384430,2023/24,2023-11-07,"Wankhede Stadium, Mumbai",1,16.5,Afghanistan,Australia,Ibrahim Zadran,Rahmat Shah,A Zampa,0,0,,,,,,,,,
1384430,2023/24,2023-11-07,"Wankhede Stadium, Mumbai",1,16.6,Afghanistan,Australia,Ibrahim Zadran,Rahmat Shah,A Zampa,0,0,,,,,,,,,
1384430,2023/24,2023-11-07,"Wankhede Stadium, Mumbai",1,17.1,Afghanistan,Australia,Rahmat Shah,Ibrahim Zadran,MA Starc,1,0,,,,,,,,,
1384430,2023/24,2023-11-07,"Wankhede Stadium, Mumbai",1,17.2,Afghanistan,Australia,Ibrahim Zadran,Rahmat Shah,MA Starc,1,0,,,,,,,,,
1384430,2023/24,2023-11-07,"Wankhede Stadium, Mumbai",1,17.3,Afghanistan,Australia,Rahmat Shah,Ibrahim Zadran,MA Starc,0,1,1,,,,,,,,
1384430,2023/24,2023-11-07,"Wankhede Stadium, Mumbai",1,17.4,Afghanistan,Australia,Rahmat Shah,Ibrahim Zadran,MA Starc,0,0,,,,,,,,,
1384430,2023/24,2023-11-07,"Wankhede Stadium, Mumbai",1,17.5,Afghanistan,Australia,Rahmat Shah,Ibrahim Zadran,MA Starc,1,0,,,,,,,,,
1384430,2023/24,2023-11-07,"Wankhede Stadium, Mumbai",1,17.6,Afghanistan,Australia,Ibrahim Zadran,Rahmat Shah,MA Starc,0,1,1,,,,,,,,
1384430,2023/24,2023-11-07,"Wankhede Stadium, Mumbai",1,17.7,Afghanistan,Australia,Ibrahim Zadran,Rahmat Shah,MA Starc,4,0,,,,,,,,,
1384430,2023/24,2023-11-07,"Wankhede Stadium, Mumbai",1,17.8,Afghanistan,Australia,Ibrahim Zadran,Rahmat Shah,MA Starc,0,1,1,,,,,,,,
1384430,2023/24,2023-11-07,"Wankhede Stadium, Mumbai",1,17.9,Afghanistan,Australia,Ibrahim Zadran,Rahmat Shah,MA Starc,0,1,1,,,,,,,,
1384430,2023/24,2023-11-07,"Wankhede Stadium, Mumbai",1,17.10,Afghanistan,Australia,Ibrahim Zadran,Rahmat Shah,MA Starc,2,0,,,,,,,,,
1384430,2023/24,2023-11-07,"Wankhede Stadium, Mumbai",1,18.1,Afghanistan,Australia,Rahmat Shah,Ibrahim Zadran,A Zampa,0,0,,,,,,,,,
1384430,2023/24,2023-11-07,"Wankhede Stadium, Mumbai",1,18.2,Afghanistan,Australia,Rahmat Shah,Ibrahim Zadran,A Zampa,0,0,,,,,,,,,
1384430,2023/24,2023-11-07,"Wankhede Stadium, Mumbai",1,18.3,Afghanistan,Australia,Rahmat Shah,Ibrahim Zadran,A Zampa,1,0,,,,,,,,,
1384430,2023/24,2023-11-07,"Wankhede Stadium, Mumbai",1,18.4,Afghanistan,Australia,Ibrahim Zadran,Rahmat Shah,A Zampa,1,0,,,,,,,,,
1384430,2023/24,2023-11-07,"Wankhede Stadium, Mumbai",1,18.5,Afghanistan,Australia,Rahmat Shah,Ibrahim Zadran,A Zampa,0,0,,,,,,,,,
1384430,2023/24,2023-11-07,"Wankhede Stadium, Mumbai",1,18.6,Afghanistan,Australia,Rahmat Shah,Ibrahim Zadran,A Zampa,1,0,,,,,,,,,
1384430,2023/24,2023-11-07,"Wankhede Stadium, Mumbai",1,19.1,Afghanistan,Australia,Rahmat Shah,Ibrahim Zadran,TM Head,1,0,,,,,,,,,
1384430,2023/24,2023-11-07,"Wankhede Stadium, Mumbai",1,19.2,Afghanistan,Australia,Ibrahim Zadran,Rahmat Shah,TM Head,1,0,,,,,,,,,
1384430,2023/24,2023-11-07,"Wankhede Stadium, Mumbai",1,19.3,Afghanistan,Australia,Rahmat Shah,Ibrahim Zadran,TM Head,1,0,,,,,,,,,
1384430,2023/24,2023-11-07,"Wankhede Stadium, Mumbai",1,19.4,Afghanistan,Australia,Ibrahim Zadran,Rahmat Shah,TM Head,0,0,,,,,,,,,
1384430,2023/24,2023-11-07,"Wankhede Stadium, Mumbai",1,19.5,Afghanistan,Australia,Ibrahim Zadran,Rahmat Shah,TM Head,0,0,,,,,,,,,
1384430,2023/24,2023-11-07,"Wankhede Stadium, Mumbai",1,19.6,Afghanistan,Australia,Ibrahim Zadran,Rahmat Shah,TM Head,0,0,,,,,,,,,
1384430,2023/24,2023-11-07,"Wankhede Stadium, Mumbai",1,20.1,Afghanistan,Australia,Rahmat Shah,Ibrahim Zadran,A Zampa,0,0,,,,,,,,,
1384430,2023/24,2023-11-07,"Wankhede Stadium, Mumbai",1,20.2,Afghanistan,Australia,Rahmat Shah,Ibrahim Zadran,A Zampa,1,0,,,,,,,,,
1384430,2023/24,2023-11-07,"Wankhede Stadium, Mumbai",1,20.3,Afghanistan,Australia,Ibrahim Zadran,Rahmat Shah,A Zampa,1,0,,,,,,,,,
1384430,2023/24,2023-11-07,"Wankhede Stadium, Mumbai",1,20.4,Afghanistan,Australia,Rahmat Shah,Ibrahim Zadran,A Zampa,1,0,,,,,,,,,
1384430,2023/24,2023-11-07,"Wankhede Stadium, Mumbai",1,20.5,Afghanistan,Australia,Ibrahim Zadran,Rahmat Shah,A Zampa,0,0,,,,,,,,,
1384430,2023/24,2023-11-07,"Wankhede Stadium, Mumbai",1,20.6,Afghanistan,Australia,Ibrahim Zadran,Rahmat Shah,A Zampa,1,0,,,,,,,,,
1384430,2023/24,2023-11-07,"Wankhede Stadium, Mumbai",1,21.1,Afghanistan,Australia,Ibrahim Zadran,Rahmat Shah,TM Head,1,0,,,,,,,,,
1384430,2023/24,2023-11-07,"Wankhede Stadium, Mumbai",1,21.2,Afghanistan,Australia,Rahmat Shah,Ibrahim Zadran,TM Head,0,0,,,,,,,,,
1384430,2023/24,2023-11-07,"Wankhede Stadium, Mumbai",1,21.3,Afghanistan,Australia,Rahmat Shah,Ibrahim Zadran,TM Head,4,0,,,,,,,,,
1384430,2023/24,2023-11-07,"Wankhede Stadium, Mumbai",1,21.4,Afghanistan,Australia,Rahmat Shah,Ibrahim Zadran,TM Head,2,0,,,,,,,,,
1384430,2023/24,2023-11-07,"Wankhede Stadium, Mumbai",1,21.5,Afghanistan,Australia,Rahmat Shah,Ibrahim Zadran,TM Head,0,0,,,,,,,,,
1384430,2023/24,2023-11-07,"Wankhede Stadium, Mumbai",1,21.6,Afghanistan,Australia,Rahmat Shah,Ibrahim Zadran,TM Head,1,0,,,,,,,,,
1384430,2023/24,2023-11-07,"Wankhede Stadium, Mumbai",1,22.1,Afghanistan,Australia,Rahmat Shah,Ibrahim Zadran,GJ Maxwell,0,0,,,,,,,,,
1384430,2023/24,2023-11-07,"Wankhede Stadium, Mumbai",1,22.2,Afghanistan,Australia,Rahmat Shah,Ibrahim Zadran,GJ Maxwell,1,0,,,,,,,,,
1384430,2023/24,2023-11-07,"Wankhede Stadium, Mumbai",1,22.3,Afghanistan,Australia,Ibrahim Zadran,Rahmat Shah,GJ Maxwell,1,0,,,,,,,,,
1384430,2023/24,2023-11-07,"Wankhede Stadium, Mumbai",1,22.4,Afghanistan,Australia,Rahmat Shah,Ibrahim Zadran,GJ Maxwell,1,0,,,,,,,,,
1384430,2023/24,2023-11-07,"Wankhede Stadium, Mumbai",1,22.5,Afghanistan,Australia,Ibrahim Zadran,Rahmat Shah,GJ Maxwell,0,0,,,,,,,,,
1384430,2023/24,2023-11-07,"Wankhede Stadium, Mumbai",1,22.6,Afghanistan,Australia,Ibrahim Zadran,Rahmat Shah,GJ Maxwell,1,0,,,,,,,,,
1384430,2023/24,2023-11-07,"Wankhede Stadium, Mumbai",1,23.1,Afghanistan,Australia,Ibrahim Zadran,Rahmat Shah,MP Stoinis,0,0,,,,,,,,,
1384430,2023/24,2023-11-07,"Wankhede Stadium, Mumbai",1,23.2,Afghanistan,Australia,Ibrahim Zadran,Rahmat Shah,MP Stoinis,1,0,,,,,,,,,
1384430,2023/24,2023-11-07,"Wankhede Stadium, Mumbai",1,23.3,Afghanistan,Australia,Rahmat Shah,Ibrahim Zadran,MP Stoinis,0,0,,,,,,,,,
1384430,2023/24,2023-11-07,"Wankhede Stadium, Mumbai",1,23.4,Afghanistan,Australia,Rahmat Shah,Ibrahim Zadran,MP Stoinis,0,0,,,,,,,,,
1384430,2023/24,2023-11-07,"Wankhede Stadium, Mumbai",1,23.5,Afghanistan,Australia,Rahmat Shah,Ibrahim Zadran,MP Stoinis,0,0,,,,,,,,,
1384430,2023/24,2023-11-07,"Wankhede Stadium, Mumbai",1,23.6,Afghanistan,Australia,Rahmat Shah,Ibrahim Zadran,MP Stoinis,1,0,,,,,,,,,
1384430,2023/24,2023-11-07,"Wankhede Stadium, Mumbai",1,24.1,Afghanistan,Australia,Rahmat Shah,Ibrahim Zadran,GJ Maxwell,1,0,,,,,,,,,
1384430,2023/24,2023-11-07,"Wankhede Stadium, Mumbai",1,24.2,Afghanistan,Australia,Ibrahim Zadran,Rahmat Shah,GJ Maxwell,2,0,,,,,,,,,
1384430,2023/24,2023-11-07,"Wankhede Stadium, Mumbai",1,24.3,Afghanistan,Australia,Ibrahim Zadran,Rahmat Shah,GJ Maxwell,1,0,,,,,,,,,
1384430,2023/24,2023-11-07,"Wankhede Stadium, Mumbai",1,24.4,Afghanistan,Australia,Rahmat Shah,Ibrahim Zadran,GJ Maxwell,0,0,,,,,,caught,Rahmat Shah,,
1384430,2023/24,2023-11-07,"Wankhede Stadium, Mumbai",1,24.5,Afghanistan,Australia,Hashmatullah Shahidi,Ibrahim Zadran,GJ Maxwell,0,0,,,,,,,,,
1384430,2023/24,2023-11-07,"Wankhede Stadium, Mumbai",1,24.6,Afghanistan,Australia,Hashmatullah Shahidi,Ibrahim Zadran,GJ Maxwell,1,0,,,,,,,,,
1384430,2023/24,2023-11-07,"Wankhede Stadium, Mumbai",1,25.1,Afghanistan,Australia,Hashmatullah Shahidi,Ibrahim Zadran,PJ Cummins,0,0,,,,,,,,,
1384430,2023/24,2023-11-07,"Wankhede Stadium, Mumbai",1,25.2,Afghanistan,Australia,Hashmatullah Shahidi,Ibrahim Zadran,PJ Cummins,1,0,,,,,,,,,
1384430,2023/24,2023-11-07,"Wankhede Stadium, Mumbai",1,25.3,Afghanistan,Australia,Ibrahim Zadran,Hashmatullah Shahidi,PJ Cummins,0,0,,,,,,,,,
1384430,2023/24,2023-11-07,"Wankhede Stadium, Mumbai",1,25.4,Afghanistan,Australia,Ibrahim Zadran,Hashmatullah Shahidi,PJ Cummins,1,0,,,,,,,,,
1384430,2023/24,2023-11-07,"Wankhede Stadium, Mumbai",1,25.5,Afghanistan,Australia,Hashmatullah Shahidi,Ibrahim Zadran,PJ Cummins,0,0,,,,,,,,,
1384430,2023/24,2023-11-07,"Wankhede Stadium, Mumbai",1,25.6,Afghanistan,Australia,Hashmatullah Shahidi,Ibrahim Zadran,PJ Cummins,0,0,,,,,,,,,
1384430,2023/24,2023-11-07,"Wankhede Stadium, Mumbai",1,26.1,Afghanistan,Australia,Ibrahim Zadran,Hashmatullah Shahidi,GJ Maxwell,1,0,,,,,,,,,
1384430,2023/24,2023-11-07,"Wankhede Stadium, Mumbai",1,26.2,Afghanistan,Australia,Hashmatullah Shahidi,Ibrahim Zadran,GJ Maxwell,1,0,,,,,,,,,
1384430,2023/24,2023-11-07,"Wankhede Stadium, Mumbai",1,26.3,Afghanistan,Australia,Ibrahim Zadran,Hashmatullah Shahidi,GJ Maxwell,0,0,,,,,,,,,
1384430,2023/24,2023-11-07,"Wankhede Stadium, Mumbai",1,26.4,Afghanistan,Australia,Ibrahim Zadran,Hashmatullah Shahidi,GJ Maxwell,0,0,,,,,,,,,
1384430,2023/24,2023-11-07,"Wankhede Stadium, Mumbai",1,26.5,Afghanistan,Australia,Ibrahim Zadran,Hashmatullah Shahidi,GJ Maxwell,0,0,,,,,,,,,
1384430,2023/24,2023-11-07,"Wankhede Stadium, Mumbai",1,26.6,Afghanistan,Australia,Ibrahim Zadran,Hashmatullah Shahidi,GJ Maxwell,2,0,,,,,,,,,
1384430,2023/24,2023-11-07,"Wankhede Stadium, Mumbai",1,27.1,Afghanistan,Australia,Hashmatullah Shahidi,Ibrahim Zadran,PJ Cummins,0,0,,,,,,,,,
1384430,2023/24,2023-11-07,"Wankhede Stadium, Mumbai",1,27.2,Afghanistan,Australia,Hashmatullah Shahidi,Ibrahim Zadran,PJ Cummins,4,0,,,,,,,,,
1384430,2023/24,2023-11-07,"Wankhede Stadium, Mumbai",1,27.3,Afghanistan,Australia,Hashmatullah Shahidi,Ibrahim Zadran,PJ Cummins,0,0,,,,,,,,,
1384430,2023/24,2023-11-07,"Wankhede Stadium, Mumbai",1,27.4,Afghanistan,Australia,Hashmatullah Shahidi,Ibrahim Zadran,PJ Cummins,0,0,,,,,,,,,
1384430,2023/24,2023-11-07,"Wankhede Stadium, Mumbai",1,27.5,Afghanistan,Australia,Hashmatullah Shahidi,Ibrahim Zadran,PJ Cummins,0,0,,,,,,,,,
1384430,2023/24,2023-11-07,"Wankhede Stadium, Mumbai",1,27.6,Afghanistan,Australia,Hashmatullah Shahidi,Ibrahim Zadran,PJ Cummins,1,0,,,,,,,,,
1384430,2023/24,2023-11-07,"Wankhede Stadium, Mumbai",1,28.1,Afghanistan,Australia,Hashmatullah Shahidi,Ibrahim Zadran,GJ Maxwell,0,0,,,,,,,,,
1384430,2023/24,2023-11-07,"Wankhede Stadium, Mumbai",1,28.2,Afghanistan,Australia,Hashmatullah Shahidi,Ibrahim Zadran,GJ Maxwell,1,0,,,,,,,,,
1384430,2023/24,2023-11-07,"Wankhede Stadium, Mumbai",1,28.3,Afghanistan,Australia,Ibrahim Zadran,Hashmatullah Shahidi,GJ Maxwell,1,0,,,,,,,,,
1384430,2023/24,2023-11-07,"Wankhede Stadium, Mumbai",1,28.4,Afghanistan,Australia,Hashmatullah Shahidi,Ibrahim Zadran,GJ Maxwell,0,0,,,,,,,,,
1384430,2023/24,2023-11-07,"Wankhede Stadium, Mumbai",1,28.5,Afghanistan,Australia,Hashmatullah Shahidi,Ibrahim Zadran,GJ Maxwell,0,1,,,,1,,,,,
1384430,2023/24,2023-11-07,"Wankhede Stadium, Mumbai",1,28.6,Afghanistan,Australia,Ibrahim Zadran,Hashmatullah Shahidi,GJ Maxwell,0,0,,,,,,,,,
1384430,2023/24,2023-11-07,"Wankhede Stadium, Mumbai",1,29.1,Afghanistan,Australia,Hashmatullah Shahidi,Ibrahim Zadran,JR Hazlewood,0,0,,,,,,,,,
1384430,2023/24,2023-11-07,"Wankhede Stadium, Mumbai",1,29.2,Afghanistan,Australia,Hashmatullah Shahidi,Ibrahim Zadran,JR Hazlewood,2,0,,,,,,,,,
1384430,2023/24,2023-11-07,"Wankhede Stadium, Mumbai",1,29.3,Afghanistan,Australia,Hashmatullah Shahidi,Ibrahim Zadran,JR Hazlewood,1,0,,,,,,,,,
1384430,2023/24,2023-11-07,"Wankhede Stadium, Mumbai",1,29.4,Afghanistan,Australia,Ibrahim Zadran,Hashmatullah Shahidi,JR Hazlewood,1,0,,,,,,,,,
1384430,2023/24,2023-11-07,"Wankhede Stadium, Mumbai",1,29.5,Afghanistan,Australia,Hashmatullah Shahidi,Ibrahim Zadran,JR Hazlewood,1,0,,,,,,,,,
1384430,2023/24,2023-11-07,"Wankhede Stadium, Mumbai",1,29.6,Afghanistan,Australia,Ibrahim Zadran,Hashmatullah Shahidi,JR Hazlewood,1,0,,,,,,,,,
1384430,2023/24,2023-11-07,"Wankhede Stadium, Mumbai",1,30.1,Afghanistan,Australia,Ibrahim Zadran,Hashmatullah Shahidi,A Zampa,4,0,,,,,,,,,
1384430,2023/24,2023-11-07,"Wankhede Stadium, Mumbai",1,30.2,Afghanistan,Australia,Ibrahim Zadran,Hashmatullah Shahidi,A Zampa,0,0,,,,,,,,,
1384430,2023/24,2023-11-07,"Wankhede Stadium, Mumbai",1,30.3,Afghanistan,Australia,Ibrahim Zadran,Hashmatullah Shahidi,A Zampa,1,0,,,,,,,,,
1384430,2023/24,2023-11-07,"Wankhede Stadium, Mumbai",1,30.4,Afghanistan,Australia,Hashmatullah Shahidi,Ibrahim Zadran,A Zampa,0,0,,,,,,,,,
1384430,2023/24,2023-11-07,"Wankhede Stadium, Mumbai",1,30.5,Afghanistan,Australia,Hashmatullah Shahidi,Ibrahim Zadran,A Zampa,0,1,1,,,,,,,,
1384430,2023/24,2023-11-07,"Wankhede Stadium, Mumbai",1,30.6,Afghanistan,Australia,Hashmatullah Shahidi,Ibrahim Zadran,A Zampa,4,0,,,,,,,,,
1384430,2023/24,2023-11-07,"Wankhede Stadium, Mumbai",1,30.7,Afghanistan,Australia,Hashmatullah Shahidi,Ibrahim Zadran,A Zampa,1,0,,,,,,,,,
1384430,2023/24,2023-11-07,"Wankhede Stadium, Mumbai",1,31.1,Afghanistan,Australia,Hashmatullah Shahidi,Ibrahim Zadran,JR Hazlewood,1,0,,,,,,,,,
1384430,2023/24,2023-11-07,"Wankhede Stadium, Mumbai",1,31.2,Afghanistan,Australia,Ibrahim Zadran,Hashmatullah Shahidi,JR Hazlewood,0,0,,,,,,,,,
1384430,2023/24,2023-11-07,"Wankhede Stadium, Mumbai",1,31.3,Afghanistan,Australia,Ibrahim Zadran,Hashmatullah Shahidi,JR Hazlewood,0,0,,,,,,,,,
1384430,2023/24,2023-11-07,"Wankhede Stadium, Mumbai",1,31.4,Afghanistan,Australia,Ibrahim Zadran,Hashmatullah Shahidi,JR Hazlewood,1,0,,,,,,,,,
1384430,2023/24,2023-11-07,"Wankhede Stadium, Mumbai",1,31.5,Afghanistan,Australia,Hashmatullah Shahidi,Ibrahim Zadran,JR Hazlewood,0,0,,,,,,,,,
1384430,2023/24,2023-11-07,"Wankhede Stadium, Mumbai",1,31.6,Afghanistan,Australia,Hashmatullah Shahidi,Ibrahim Zadran,JR Hazlewood,0,0,,,,,,,,,
1384430,2023/24,2023-11-07,"Wankhede Stadium, Mumbai",1,32.1,Afghanistan,Australia,Ibrahim Zadran,Hashmatullah Shahidi,A Zampa,0,0,,,,,,,,,
1384430,2023/24,2023-11-07,"Wankhede Stadium, Mumbai",1,32.2,Afghanistan,Australia,Ibrahim Zadran,Hashmatullah Shahidi,A Zampa,0,0,,,,,,,,,
1384430,2023/24,2023-11-07,"Wankhede Stadium, Mumbai",1,32.3,Afghanistan,Australia,Ibrahim Zadran,Hashmatullah Shahidi,A Zampa,0,0,,,,,,,,,
1384430,2023/24,2023-11-07,"Wankhede Stadium, Mumbai",1,32.4,Afghanistan,Australia,Ibrahim Zadran,Hashmatullah Shahidi,A Zampa,1,0,,,,,,,,,
1384430,2023/24,2023-11-07,"Wankhede Stadium, Mumbai",1,32.5,Afghanistan,Australia,Hashmatullah Shahidi,Ibrahim Zadran,A Zampa,1,0,,,,,,,,,
1384430,2023/24,2023-11-07,"Wankhede Stadium, Mumbai",1,32.6,Afghanistan,Australia,Ibrahim Zadran,Hashmatullah Shahidi,A Zampa,0,0,,,,,,,,,
1384430,2023/24,2023-11-07,"Wankhede Stadium, Mumbai",1,33.1,Afghanistan,Australia,Hashmatullah Shahidi,Ibrahim Zadran,JR Hazlewood,0,0,,,,,,,,,
1384430,2023/24,2023-11-07,"Wankhede Stadium, Mumbai",1,33.2,Afghanistan,Australia,Hashmatullah Shahidi,Ibrahim Zadran,JR Hazlewood,0,0,,,,,,,,,
1384430,2023/24,2023-11-07,"Wankhede Stadium, Mumbai",1,33.3,Afghanistan,Australia,Hashmatullah Shahidi,Ibrahim Zadran,JR Hazlewood,1,0,,,,,,,,,
1384430,2023/24,2023-11-07,"Wankhede Stadium, Mumbai",1,33.4,Afghanistan,Australia,Ibrahim Zadran,Hashmatullah Shahidi,JR Hazlewood,0,0,,,,,,,,,
1384430,2023/24,2023-11-07,"Wankhede Stadium, Mumbai",1,33.5,Afghanistan,Australia,Ibrahim Zadran,Hashmatullah Shahidi,JR Hazlewood,0,0,,,,,,,,,
1384430,2023/24,2023-11-07,"Wankhede Stadium, Mumbai",1,33.6,Afghanistan,Australia,Ibrahim Zadran,Hashmatullah Shahidi,JR Hazlewood,1,0,,,,,,,,,
1384430,2023/24,2023-11-07,"Wankhede Stadium, Mumbai",1,34.1,Afghanistan,Australia,Ibrahim Zadran,Hashmatullah Shahidi,A Zampa,0,2,2,,,,,,,,
1384430,2023/24,2023-11-07,"Wankhede Stadium, Mumbai",1,34.2,Afghanistan,Australia,Hashmatullah Shahidi,Ibrahim Zadran,A Zampa,0,0,,,,,,,,,
1384430,2023/24,2023-11-07,"Wankhede Stadium, Mumbai",1,34.3,Afghanistan,Australia,Hashmatullah Shahidi,Ibrahim Zadran,A Zampa,1,0,,,,,,,,,
1384430,2023/24,2023-11-07,"Wankhede Stadium, Mumbai",1,34.4,Afghanistan,Australia,Ibrahim Zadran,Hashmatullah Shahidi,A Zampa,1,0,,,,,,,,,
1384430,2023/24,2023-11-07,"Wankhede Stadium, Mumbai",1,34.5,Afghanistan,Australia,Hashmatullah Shahidi,Ibrahim Zadran,A Zampa,0,0,,,,,,,,,
1384430,2023/24,2023-11-07,"Wankhede Stadium, Mumbai",1,34.6,Afghanistan,Australia,Hashmatullah Shahidi,Ibrahim Zadran,A Zampa,1,0,,,,,,,,,
1384430,2023/24,2023-11-07,"Wankhede Stadium, Mumbai",1,34.7,Afghanistan,Australia,Ibrahim Zadran,Hashmatullah Shahidi,A Zampa,1,0,,,,,,,,,
1384430,2023/24,2023-11-07,"Wankhede Stadium, Mumbai",1,35.1,Afghanistan,Australia,Ibrahim Zadran,Hashmatullah Shahidi,MA Starc,1,0,,,,,,,,,
1384430,2023/24,2023-11-07,"Wankhede Stadium, Mumbai",1,35.2,Afghanistan,Australia,Hashmatullah Shahidi,Ibrahim Zadran,MA Starc,0,1,1,,,,,,,,
1384430,2023/24,2023-11-07,"Wankhede Stadium, Mumbai",1,35.3,Afghanistan,Australia,Hashmatullah Shahidi,Ibrahim Zadran,MA Starc,1,0,,,,,,,,,
1384430,2023/24,2023-11-07,"Wankhede Stadium, Mumbai",1,35.4,Afghanistan,Australia,Ibrahim Zadran,Hashmatullah Shahidi,MA Starc,1,0,,,,,,,,,
1384430,2023/24,2023-11-07,"Wankhede Stadium, Mumbai",1,35.5,Afghanistan,Australia,Hashmatullah Shahidi,Ibrahim Zadran,MA Starc,0,0,,,,,,,,,
1384430,2023/24,2023-11-07,"Wankhede Stadium, Mumbai",1,35.6,Afghanistan,Australia,Hashmatullah Shahidi,Ibrahim Zadran,MA Starc,0,0,,,,,,,,,
1384430,2023/24,2023-11-07,"Wankhede Stadium, Mumbai",1,35.7,Afghanistan,Australia,Hashmatullah Shahidi,Ibrahim Zadran,MA Starc,0,0,,,,,,,,,
1384430,2023/24,2023-11-07,"Wankhede Stadium, Mumbai",1,36.1,Afghanistan,Australia,Ibrahim Zadran,Hashmatullah Shahidi,TM Head,1,0,,,,,,,,,
1384430,2023/24,2023-11-07,"Wankhede Stadium, Mumbai",1,36.2,Afghanistan,Australia,Hashmatullah Shahidi,Ibrahim Zadran,TM Head,1,0,,,,,,,,,
1384430,2023/24,2023-11-07,"Wankhede Stadium, Mumbai",1,36.3,Afghanistan,Australia,Ibrahim Zadran,Hashmatullah Shahidi,TM Head,0,0,,,,,,,,,
1384430,2023/24,2023-11-07,"Wankhede Stadium, Mumbai",1,36.4,Afghanistan,Australia,Ibrahim Zadran,Hashmatullah Shahidi,TM Head,0,0,,,,,,,,,
1384430,2023/24,2023-11-07,"Wankhede Stadium, Mumbai",1,36.5,Afghanistan,Australia,Ibrahim Zadran,Hashmatullah Shahidi,TM Head,1,0,,,,,,,,,
1384430,2023/24,2023-11-07,"Wankhede Stadium, Mumbai",1,36.6,Afghanistan,Australia,Hashmatullah Shahidi,Ibrahim Zadran,TM Head,1,0,,,,,,,,,
1384430,2023/24,2023-11-07,"Wankhede Stadium, Mumbai",1,37.1,Afghanistan,Australia,Hashmatullah Shahidi,Ibrahim Zadran,MA Starc,0,0,,,,,,,,,
1384430,2023/24,2023-11-07,"Wankhede Stadium, Mumbai",1,37.2,Afghanistan,Australia,Hashmatullah Shahidi,Ibrahim Zadran,MA Starc,0,0,,,,,,bowled,Hashmatullah Shahidi,,
1384430,2023/24,2023-11-07,"Wankhede Stadium, Mumbai",1,37.3,Afghanistan,Australia,Azmatullah Omarzai,Ibrahim Zadran,MA Starc,0,0,,,,,,,,,
1384430,2023/24,2023-11-07,"Wankhede Stadium, Mumbai",1,37.4,Afghanistan,Australia,Azmatullah Omarzai,Ibrahim Zadran,MA Starc,0,0,,,,,,,,,
1384430,2023/24,2023-11-07,"Wankhede Stadium, Mumbai",1,37.5,Afghanistan,Australia,Azmatullah Omarzai,Ibrahim Zadran,MA Starc,6,0,,,,,,,,,
1384430,2023/24,2023-11-07,"Wankhede Stadium, Mumbai",1,37.6,Afghanistan,Australia,Azmatullah Omarzai,Ibrahim Zadran,MA Starc,0,0,,,,,,,,,
1384430,2023/24,2023-11-07,"Wankhede Stadium, Mumbai",1,38.1,Afghanistan,Australia,Ibrahim Zadran,Azmatullah Omarzai,GJ Maxwell,1,0,,,,,,,,,
1384430,2023/24,2023-11-07,"Wankhede Stadium, Mumbai",1,38.2,Afghanistan,Australia,Azmatullah Omarzai,Ibrahim Zadran,GJ Maxwell,0,0,,,,,,,,,
1384430,2023/24,2023-11-07,"Wankhede Stadium, Mumbai",1,38.3,Afghanistan,Australia,Azmatullah Omarzai,Ibrahim Zadran,GJ Maxwell,1,0,,,,,,,,,
1384430,2023/24,2023-11-07,"Wankhede Stadium, Mumbai",1,38.4,Afghanistan,Australia,Ibrahim Zadran,Azmatullah Omarzai,GJ Maxwell,1,0,,,,,,,,,
1384430,2023/24,2023-11-07,"Wankhede Stadium, Mumbai",1,38.5,Afghanistan,Australia,Azmatullah Omarzai,Ibrahim Zadran,GJ Maxwell,2,0,,,,,,,,,
1384430,2023/24,2023-11-07,"Wankhede Stadium, Mumbai",1,38.6,Afghanistan,Australia,Azmatullah Omarzai,Ibrahim Zadran,GJ Maxwell,0,0,,,,,,,,,
1384430,2023/24,2023-11-07,"Wankhede Stadium, Mumbai",1,39.1,Afghanistan,Australia,Ibrahim Zadran,Azmatullah Omarzai,PJ Cummins,0,0,,,,,,,,,
1384430,2023/24,2023-11-07,"Wankhede Stadium, Mumbai",1,39.2,Afghanistan,Australia,Ibrahim Zadran,Azmatullah Omarzai,PJ Cummins,1,0,,,,,,,,,
1384430,2023/24,2023-11-07,"Wankhede Stadium, Mumbai",1,39.3,Afghanistan,Australia,Azmatullah Omarzai,Ibrahim Zadran,PJ Cummins,0,4,,,,4,,,,,
1384430,2023/24,2023-11-07,"Wankhede Stadium, Mumbai",1,39.4,Afghanistan,Australia,Azmatullah Omarzai,Ibrahim Zadran,PJ Cummins,4,0,,,,,,,,,
1384430,2023/24,2023-11-07,"Wankhede Stadium, Mumbai",1,39.5,Afghanistan,Australia,Azmatullah Omarzai,Ibrahim Zadran,PJ Cummins,1,0,,,,,,,,,
1384430,2023/24,2023-11-07,"Wankhede Stadium, Mumbai",1,39.6,Afghanistan,Australia,Ibrahim Zadran,Azmatullah Omarzai,PJ Cummins,1,0,,,,,,,,,
1384430,2023/24,2023-11-07,"Wankhede Stadium, Mumbai",1,40.1,Afghanistan,Australia,Ibrahim Zadran,Azmatullah Omarzai,A Zampa,1,0,,,,,,,,,
1384430,2023/24,2023-11-07,"Wankhede Stadium, Mumbai",1,40.2,Afghanistan,Australia,Azmatullah Omarzai,Ibrahim Zadran,A Zampa,0,0,,,,,,,,,
1384430,2023/24,2023-11-07,"Wankhede Stadium, Mumbai",1,40.3,Afghanistan,Australia,Azmatullah Omarzai,Ibrahim Zadran,A Zampa,1,0,,,,,,,,,
1384430,2023/24,2023-11-07,"Wankhede Stadium, Mumbai",1,40.4,Afghanistan,Australia,Ibrahim Zadran,Azmatullah Omarzai,A Zampa,1,0,,,,,,,,,
1384430,2023/24,2023-11-07,"Wankhede Stadium, Mumbai",1,40.5,Afghanistan,Australia,Azmatullah Omarzai,Ibrahim Zadran,A Zampa,6,0,,,,,,,,,
1384430,2023/24,2023-11-07,"Wankhede Stadium, Mumbai",1,40.6,Afghanistan,Australia,Azmatullah Omarzai,Ibrahim Zadran,A Zampa,0,0,,,,,,,,,
1384430,2023/24,2023-11-07,"Wankhede Stadium, Mumbai",1,41.1,Afghanistan,Australia,Ibrahim Zadran,Azmatullah Omarzai,PJ Cummins,0,0,,,,,,,,,
1384430,2023/24,2023-11-07,"Wankhede Stadium, Mumbai",1,41.2,Afghanistan,Australia,Ibrahim Zadran,Azmatullah Omarzai,PJ Cummins,0,0,,,,,,,,,
1384430,2023/24,2023-11-07,"Wankhede Stadium, Mumbai",1,41.3,Afghanistan,Australia,Ibrahim Zadran,Azmatullah Omarzai,PJ Cummins,2,0,,,,,,,,,
1384430,2023/24,2023-11-07,"Wankhede Stadium, Mumbai",1,41.4,Afghanistan,Australia,Ibrahim Zadran,Azmatullah Omarzai,PJ Cummins,1,0,,,,,,,,,
1384430,2023/24,2023-11-07,"Wankhede Stadium, Mumbai",1,41.5,Afghanistan,Australia,Azmatullah Omarzai,Ibrahim Zadran,PJ Cummins,1,0,,,,,,,,,
1384430,2023/24,2023-11-07,"Wankhede Stadium, Mumbai",1,41.6,Afghanistan,Australia,Ibrahim Zadran,Azmatullah Omarzai,PJ Cummins,1,0,,,,,,,,,
1384430,2023/24,2023-11-07,"Wankhede Stadium, Mumbai",1,42.1,Afghanistan,Australia,Ibrahim Zadran,Azmatullah Omarzai,A Zampa,1,0,,,,,,,,,
1384430,2023/24,2023-11-07,"Wankhede Stadium, Mumbai",1,42.2,Afghanistan,Australia,Azmatullah Omarzai,Ibrahim Zadran,A Zampa,0,0,,,,,,,,,
1384430,2023/24,2023-11-07,"Wankhede Stadium, Mumbai",1,42.3,Afghanistan,Australia,Azmatullah Omarzai,Ibrahim Zadran,A Zampa,0,0,,,,,,caught,Azmatullah Omarzai,,
1384430,2023/24,2023-11-07,"Wankhede Stadium, Mumbai",1,42.4,Afghanistan,Australia,Mohammad Nabi,Ibrahim Zadran,A Zampa,1,0,,,,,,,,,
1384430,2023/24,2023-11-07,"Wankhede Stadium, Mumbai",1,42.5,Afghanistan,Australia,Ibrahim Zadran,Mohammad Nabi,A Zampa,0,0,,,,,,,,,
1384430,2023/24,2023-11-07,"Wankhede Stadium, Mumbai",1,42.6,Afghanistan,Australia,Ibrahim Zadran,Mohammad Nabi,A Zampa,1,0,,,,,,,,,
1384430,2023/24,2023-11-07,"Wankhede Stadium, Mumbai",1,43.1,Afghanistan,Australia,Ibrahim Zadran,Mohammad Nabi,JR Hazlewood,1,0,,,,,,,,,
1384430,2023/24,2023-11-07,"Wankhede Stadium, Mumbai",1,43.2,Afghanistan,Australia,Mohammad Nabi,Ibrahim Zadran,JR Hazlewood,0,0,,,,,,,,,
1384430,2023/24,2023-11-07,"Wankhede Stadium, Mumbai",1,43.3,Afghanistan,Australia,Mohammad Nabi,Ibrahim Zadran,JR Hazlewood,1,0,,,,,,,,,
1384430,2023/24,2023-11-07,"Wankhede Stadium, Mumbai",1,43.4,Afghanistan,Australia,Ibrahim Zadran,Mohammad Nabi,JR Hazlewood,0,0,,,,,,,,,
1384430,2023/24,2023-11-07,"Wankhede Stadium, Mumbai",1,43.5,Afghanistan,Australia,Ibrahim Zadran,Mohammad Nabi,JR Hazlewood,0,0,,,,,,,,,
1384430,2023/24,2023-11-07,"Wankhede Stadium, Mumbai",1,43.6,Afghanistan,Australia,Ibrahim Zadran,Mohammad Nabi,JR Hazlewood,2,0,,,,,,,,,
1384430,2023/24,2023-11-07,"Wankhede Stadium, Mumbai",1,44.1,Afghanistan,Australia,Mohammad Nabi,Ibrahim Zadran,A Zampa,0,0,,,,,,,,,
1384430,2023/24,2023-11-07,"Wankhede Stadium, Mumbai",1,44.2,Afghanistan,Australia,Mohammad Nabi,Ibrahim Zadran,A Zampa,1,0,,,,,,,,,
1384430,2023/24,2023-11-07,"Wankhede Stadium, Mumbai",1,44.3,Afghanistan,Australia,Ibrahim Zadran,Mohammad Nabi,A Zampa,6,0,,,,,,,,,
1384430,2023/24,2023-11-07,"Wankhede Stadium, Mumbai",1,44.4,Afghanistan,Australia,Ibrahim Zadran,Mohammad Nabi,A Zampa,1,0,,,,,,,,,
1384430,2023/24,2023-11-07,"Wankhede Stadium, Mumbai",1,44.5,Afghanistan,Australia,Mohammad Nabi,Ibrahim Zadran,A Zampa,2,0,,,,,,,,,
1384430,2023/24,2023-11-07,"Wankhede Stadium, Mumbai",1,44.6,Afghanistan,Australia,Mohammad Nabi,Ibrahim Zadran,A Zampa,1,0,,,,,,,,,
1384430,2023/24,2023-11-07,"Wankhede Stadium, Mumbai",1,45.1,Afghanistan,Australia,Mohammad Nabi,Ibrahim Zadran,JR Hazlewood,6,0,,,,,,,,,
1384430,2023/24,2023-11-07,"Wankhede Stadium, Mumbai",1,45.2,Afghanistan,Australia,Mohammad Nabi,Ibrahim Zadran,JR Hazlewood,0,0,,,,,,,,,
1384430,2023/24,2023-11-07,"Wankhede Stadium, Mumbai",1,45.3,Afghanistan,Australia,Mohammad Nabi,Ibrahim Zadran,JR Hazlewood,0,0,,,,,,bowled,Mohammad Nabi,,
1384430,2023/24,2023-11-07,"Wankhede Stadium, Mumbai",1,45.4,Afghanistan,Australia,Rashid Khan,Ibrahim Zadran,JR Hazlewood,1,0,,,,,,,,,
1384430,2023/24,2023-11-07,"Wankhede Stadium, Mumbai",1,45.5,Afghanistan,Australia,Ibrahim Zadran,Rashid Khan,JR Hazlewood,1,0,,,,,,,,,
1384430,2023/24,2023-11-07,"Wankhede Stadium, Mumbai",1,45.6,Afghanistan,Australia,Rashid Khan,Ibrahim Zadran,JR Hazlewood,1,0,,,,,,,,,
1384430,2023/24,2023-11-07,"Wankhede Stadium, Mumbai",1,46.1,Afghanistan,Australia,Rashid Khan,Ibrahim Zadran,GJ Maxwell,6,0,,,,,,,,,
1384430,2023/24,2023-11-07,"Wankhede Stadium, Mumbai",1,46.2,Afghanistan,Australia,Rashid Khan,Ibrahim Zadran,GJ Maxwell,1,0,,,,,,,,,
1384430,2023/24,2023-11-07,"Wankhede Stadium, Mumbai",1,46.3,Afghanistan,Australia,Ibrahim Zadran,Rashid Khan,GJ Maxwell,0,0,,,,,,,,,
1384430,2023/24,2023-11-07,"Wankhede Stadium, Mumbai",1,46.4,Afghanistan,Australia,Ibrahim Zadran,Rashid Khan,GJ Maxwell,1,0,,,,,,,,,
1384430,2023/24,2023-11-07,"Wankhede Stadium, Mumbai",1,46.5,Afghanistan,Australia,Rashid Khan,Ibrahim Zadran,GJ Maxwell,4,0,,,,,,,,,
1384430,2023/24,2023-11-07,"Wankhede Stadium, Mumbai",1,46.6,Afghanistan,Australia,Rashid Khan,Ibrahim Zadran,GJ Maxwell,2,1,,1,,,,,,,
1384430,2023/24,2023-11-07,"Wankhede Stadium, Mumbai",1,46.7,Afghanistan,Australia,Rashid Khan,Ibrahim Zadran,GJ Maxwell,1,0,,,,,,,,,
1384430,2023/24,2023-11-07,"Wankhede Stadium, Mumbai",1,47.1,Afghanistan,Australia,Rashid Khan,Ibrahim Zadran,MA Starc,1,0,,,,,,,,,
1384430,2023/24,2023-11-07,"Wankhede Stadium, Mumbai",1,47.2,Afghanistan,Australia,Ibrahim Zadran,Rashid Khan,MA Starc,6,0,,,,,,,,,
1384430,2023/24,2023-11-07,"Wankhede Stadium, Mumbai",1,47.3,Afghanistan,Australia,Ibrahim Zadran,Rashid Khan,MA Starc,1,0,,,,,,,,,
1384430,2023/24,2023-11-07,"Wankhede Stadium, Mumbai",1,47.4,Afghanistan,Australia,Rashid Khan,Ibrahim Zadran,MA Starc,0,0,,,,,,,,,
1384430,2023/24,2023-11-07,"Wankhede Stadium, Mumbai",1,47.5,Afghanistan,Australia,Rashid Khan,Ibrahim Zadran,MA Starc,1,0,,,,,,,,,
1384430,2023/24,2023-11-07,"Wankhede Stadium, Mumbai",1,47.6,Afghanistan,Australia,Ibrahim Zadran,Rashid Khan,MA Starc,0,0,,,,,,,,,
1384430,2023/24,2023-11-07,"Wankhede Stadium, Mumbai",1,48.1,Afghanistan,Australia,Rashid Khan,Ibrahim Zadran,PJ Cummins,0,0,,,,,,,,,
1384430,2023/24,2023-11-07,"Wankhede Stadium, Mumbai",1,48.2,Afghanistan,Australia,Rashid Khan,Ibrahim Zadran,PJ Cummins,1,0,,,,,,,,,
1384430,2023/24,2023-11-07,"Wankhede Stadium, Mumbai",1,48.3,Afghanistan,Australia,Ibrahim Zadran,Rashid Khan,PJ Cummins,0,0,,,,,,,,,
1384430,2023/24,2023-11-07,"Wankhede Stadium, Mumbai",1,48.4,Afghanistan,Australia,Ibrahim Zadran,Rashid Khan,PJ Cummins,6,0,,,,,,,,,
1384430,2023/24,2023-11-07,"Wankhede Stadium, Mumbai",1,48.5,Afghanistan,Australia,Ibrahim Zadran,Rashid Khan,PJ Cummins,4,0,,,,,,,,,
1384430,2023/24,2023-11-07,"Wankhede Stadium, Mumbai",1,48.6,Afghanistan,Australia,Ibrahim Zadran,Rashid Khan,PJ Cummins,0,1,1,,,,,,,,
1384430,2023/24,2023-11-07,"Wankhede Stadium, Mumbai",1,48.7,Afghanistan,Australia,Ibrahim Zadran,Rashid Khan,PJ Cummins,2,0,,,,,,,,,
1384430,2023/24,2023-11-07,"Wankhede Stadium, Mumbai",1,49.1,Afghanistan,Australia,Rashid Khan,Ibrahim Zadran,MA Starc,4,0,,,,,,,,,
1384430,2023/24,2023-11-07,"Wankhede Stadium, Mumbai",1,49.2,Afghanistan,Australia,Rashid Khan,Ibrahim Zadran,MA Starc,0,0,,,,,,,,,
1384430,2023/24,2023-11-07,"Wankhede Stadium, Mumbai",1,49.3,Afghanistan,Australia,Rashid Khan,Ibrahim Zadran,MA Starc,6,0,,,,,,,,,
1384430,2023/24,2023-11-07,"Wankhede Stadium, Mumbai",1,49.4,Afghanistan,Australia,Rashid Khan,Ibrahim Zadran,MA Starc,0,0,,,,,,,,,
1384430,2023/24,2023-11-07,"Wankhede Stadium, Mumbai",1,49.5,Afghanistan,Australia,Rashid Khan,Ibrahim Zadran,MA Starc,6,0,,,,,,,,,
1384430,2023/24,2023-11-07,"Wankhede Stadium, Mumbai",1,49.6,Afghanistan,Australia,Rashid Khan,Ibrahim Zadran,MA Starc,0,0,,,,,,,,,
1384430,2023/24,2023-11-07,"Wankhede Stadium, Mumbai",2,0.1,Australia,Afghanistan,DA Warner,TM Head,Mujeeb Ur Rahman,4,0,,,,,,,,,
1384430,2023/24,2023-11-07,"Wankhede Stadium, Mumbai",2,0.2,Australia,Afghanistan,DA Warner,TM Head,Mujeeb Ur Rahman,0,0,,,,,,,,,
1384430,2023/24,2023-11-07,"Wankhede Stadium, Mumbai",2,0.3,Australia,Afghanistan,DA Warner,TM Head,Mujeeb Ur Rahman,0,0,,,,,,,,,
1384430,2023/24,2023-11-07,"Wankhede Stadium, Mumbai",2,0.4,Australia,Afghanistan,DA Warner,TM Head,Mujeeb Ur Rahman,0,0,,,,,,,,,
1384430,2023/24,2023-11-07,"Wankhede Stadium, Mumbai",2,0.5,Australia,Afghanistan,DA Warner,TM Head,Mujeeb Ur Rahman,0,0,,,,,,,,,
1384430,2023/24,2023-11-07,"Wankhede Stadium, Mumbai",2,0.6,Australia,Afghanistan,DA Warner,TM Head,Mujeeb Ur Rahman,0,0,,,,,,,,,
1384430,2023/24,2023-11-07,"Wankhede Stadium, Mumbai",2,1.1,Australia,Afghanistan,TM Head,DA Warner,Naveen-ul-Haq,0,0,,,,,,,,,
1384430,2023/24,2023-11-07,"Wankhede Stadium, Mumbai",2,1.2,Australia,Afghanistan,TM Head,DA Warner,Naveen-ul-Haq,0,0,,,,,,caught,TM Head,,
1384430,2023/24,2023-11-07,"Wankhede Stadium, Mumbai",2,1.3,Australia,Afghanistan,MR Marsh,DA Warner,Naveen-ul-Haq,1,0,,,,,,,,,
1384430,2023/24,2023-11-07,"Wankhede Stadium, Mumbai",2,1.4,Australia,Afghanistan,DA Warner,MR Marsh,Naveen-ul-Haq,0,0,,,,,,,,,
1384430,2023/24,2023-11-07,"Wankhede Stadium, Mumbai",2,1.5,Australia,Afghanistan,DA Warner,MR Marsh,Naveen-ul-Haq,0,0,,,,,,,,,
1384430,2023/24,2023-11-07,"Wankhede Stadium, Mumbai",2,1.6,Australia,Afghanistan,DA Warner,MR Marsh,Naveen-ul-Haq,4,0,,,,,,,,,
1384430,2023/24,2023-11-07,"Wankhede Stadium, Mumbai",2,2.1,Australia,Afghanistan,MR Marsh,DA Warner,Mujeeb Ur Rahman,1,0,,,,,,,,,
1384430,2023/24,2023-11-07,"Wankhede Stadium, Mumbai",2,2.2,Australia,Afghanistan,DA Warner,MR Marsh,Mujeeb Ur Rahman,1,0,,,,,,,,,
1384430,2023/24,2023-11-07,"Wankhede Stadium, Mumbai",2,2.3,Australia,Afghanistan,MR Marsh,DA Warner,Mujeeb Ur Rahman,1,0,,,,,,,,,
1384430,2023/24,2023-11-07,"Wankhede Stadium, Mumbai",2,2.4,Australia,Afghanistan,DA Warner,MR Marsh,Mujeeb Ur Rahman,4,0,,,,,,,,,
1384430,2023/24,2023-11-07,"Wankhede Stadium, Mumbai",2,2.5,Australia,Afghanistan,DA Warner,MR Marsh,Mujeeb Ur Rahman,0,0,,,,,,,,,
1384430,2023/24,2023-11-07,"Wankhede Stadium, Mumbai",2,2.6,Australia,Afghanistan,DA Warner,MR Marsh,Mujeeb Ur Rahman,0,0,,,,,,,,,
1384430,2023/24,2023-11-07,"Wankhede Stadium, Mumbai",2,3.1,Australia,Afghanistan,MR Marsh,DA Warner,Naveen-ul-Haq,0,1,,,,1,,,,,
1384430,2023/24,2023-11-07,"Wankhede Stadium, Mumbai",2,3.2,Australia,Afghanistan,DA Warner,MR Marsh,Naveen-ul-Haq,2,0,,,,,,,,,
1384430,2023/24,2023-11-07,"Wankhede Stadium, Mumbai",2,3.3,Australia,Afghanistan,DA Warner,MR Marsh,Naveen-ul-Haq,0,0,,,,,,,,,
1384430,2023/24,2023-11-07,"Wankhede Stadium, Mumbai",2,3.4,Australia,Afghanistan,DA Warner,MR Marsh,Naveen-ul-Haq,0,0,,,,,,,,,
1384430,2023/24,2023-11-07,"Wankhede Stadium, Mumbai",2,3.5,Australia,Afghanistan,DA Warner,MR Marsh,Naveen-ul-Haq,0,0,,,,,,,,,
1384430,2023/24,2023-11-07,"Wankhede Stadium, Mumbai",2,3.6,Australia,Afghanistan,DA Warner,MR Marsh,Naveen-ul-Haq,0,0,,,,,,,,,
1384430,2023/24,2023-11-07,"Wankhede Stadium, Mumbai",2,4.1,Australia,Afghanistan,MR Marsh,DA Warner,Azmatullah Omarzai,4,0,,,,,,,,,
1384430,2023/24,2023-11-07,"Wankhede Stadium, Mumbai",2,4.2,Australia,Afghanistan,MR Marsh,DA Warner,Azmatullah Omarzai,6,0,,,,,,,,,
1384430,2023/24,2023-11-07,"Wankhede Stadium, Mumbai",2,4.3,Australia,Afghanistan,MR Marsh,DA Warner,Azmatullah Omarzai,1,0,,,,,,,,,
1384430,2023/24,2023-11-07,"Wankhede Stadium, Mumbai",2,4.4,Australia,Afghanistan,DA Warner,MR Marsh,Azmatullah Omarzai,2,0,,,,,,,,,
1384430,2023/24,2023-11-07,"Wankhede Stadium, Mumbai",2,4.5,Australia,Afghanistan,DA Warner,MR Marsh,Azmatullah Omarzai,0,0,,,,,,,,,
1384430,2023/24,2023-11-07,"Wankhede Stadium, Mumbai",2,4.6,Australia,Afghanistan,DA Warner,MR Marsh,Azmatullah Omarzai,0,1,1,,,,,,,,
1384430,2023/24,2023-11-07,"Wankhede Stadium, Mumbai",2,4.7,Australia,Afghanistan,DA Warner,MR Marsh,Azmatullah Omarzai,0,0,,,,,,,,,
1384430,2023/24,2023-11-07,"Wankhede Stadium, Mumbai",2,5.1,Australia,Afghanistan,MR Marsh,DA Warner,Naveen-ul-Haq,4,0,,,,,,,,,
1384430,2023/24,2023-11-07,"Wankhede Stadium, Mumbai",2,5.2,Australia,Afghanistan,MR Marsh,DA Warner,Naveen-ul-Haq,0,0,,,,,,,,,
1384430,2023/24,2023-11-07,"Wankhede Stadium, Mumbai",2,5.3,Australia,Afghanistan,MR Marsh,DA Warner,Naveen-ul-Haq,6,0,,,,,,,,,
1384430,2023/24,2023-11-07,"Wankhede Stadium, Mumbai",2,5.4,Australia,Afghanistan,MR Marsh,DA Warner,Naveen-ul-Haq,0,0,,,,,,lbw,MR Marsh,,
1384430,2023/24,2023-11-07,"Wankhede Stadium, Mumbai",2,5.5,Australia,Afghanistan,M Labuschagne,DA Warner,Naveen-ul-Haq,0,0,,,,,,,,,
1384430,2023/24,2023-11-07,"Wankhede Stadium, Mumbai",2,5.6,Australia,Afghanistan,M Labuschagne,DA Warner,Naveen-ul-Haq,0,0,,,,,,,,,
1384430,2023/24,2023-11-07,"Wankhede Stadium, Mumbai",2,6.1,Australia,Afghanistan,DA Warner,M Labuschagne,Azmatullah Omarzai,0,0,,,,,,,,,
1384430,2023/24,2023-11-07,"Wankhede Stadium, Mumbai",2,6.2,Australia,Afghanistan,DA Warner,M Labuschagne,Azmatullah Omarzai,0,0,,,,,,,,,
1384430,2023/24,2023-11-07,"Wankhede Stadium, Mumbai",2,6.3,Australia,Afghanistan,DA Warner,M Labuschagne,Azmatullah Omarzai,0,0,,,,,,,,,
1384430,2023/24,2023-11-07,"Wankhede Stadium, Mumbai",2,6.4,Australia,Afghanistan,DA Warner,M Labuschagne,Azmatullah Omarzai,0,0,,,,,,,,,
1384430,2023/24,2023-11-07,"Wankhede Stadium, Mumbai",2,6.5,Australia,Afghanistan,DA Warner,M Labuschagne,Azmatullah Omarzai,0,0,,,,,,,,,
1384430,2023/24,2023-11-07,"Wankhede Stadium, Mumbai",2,6.6,Australia,Afghanistan,DA Warner,M Labuschagne,Azmatullah Omarzai,0,0,,,,,,,,,
1384430,2023/24,2023-11-07,"Wankhede Stadium, Mumbai",2,7.1,Australia,Afghanistan,M Labuschagne,DA Warner,Naveen-ul-Haq,1,0,,,,,,,,,
1384430,2023/24,2023-11-07,"Wankhede Stadium, Mumbai",2,7.2,Australia,Afghanistan,DA Warner,M Labuschagne,Naveen-ul-Haq,1,0,,,,,,,,,
1384430,2023/24,2023-11-07,"Wankhede Stadium, Mumbai",2,7.3,Australia,Afghanistan,M Labuschagne,DA Warner,Naveen-ul-Haq,0,0,,,,,,,,,
1384430,2023/24,2023-11-07,"Wankhede Stadium, Mumbai",2,7.4,Australia,Afghanistan,M Labuschagne,DA Warner,Naveen-ul-Haq,0,0,,,,,,,,,
1384430,2023/24,2023-11-07,"Wankhede Stadium, Mumbai",2,7.5,Australia,Afghanistan,M Labuschagne,DA Warner,Naveen-ul-Haq,4,0,,,,,,,,,
1384430,2023/24,2023-11-07,"Wankhede Stadium, Mumbai",2,7.6,Australia,Afghanistan,M Labuschagne,DA Warner,Naveen-ul-Haq,0,0,,,,,,,,,
1384430,2023/24,2023-11-07,"Wankhede Stadium, Mumbai",2,8.1,Australia,Afghanistan,DA Warner,M Labuschagne,Azmatullah Omarzai,0,0,,,,,,bowled,DA Warner,,
1384430,2023/24,2023-11-07,"Wankhede Stadium, Mumbai",2,8.2,Australia,Afghanistan,JP Inglis,M Labuschagne,Azmatullah Omarzai,0,0,,,,,,caught,JP Inglis,,
1384430,2023/24,2023-11-07,"Wankhede Stadium, Mumbai",2,8.3,Australia,Afghanistan,GJ Maxwell,M Labuschagne,Azmatullah Omarzai,0,0,,,,,,,,,
1384430,2023/24,2023-11-07,"Wankhede Stadium, Mumbai",2,8.4,Australia,Afghanistan,GJ Maxwell,M Labuschagne,Azmatullah Omarzai,0,0,,,,,,,,,
1384430,2023/24,2023-11-07,"Wankhede Stadium, Mumbai",2,8.5,Australia,Afghanistan,GJ Maxwell,M Labuschagne,Azmatullah Omarzai,2,0,,,,,,,,,
1384430,2023/24,2023-11-07,"Wankhede Stadium, Mumbai",2,8.6,Australia,Afghanistan,GJ Maxwell,M Labuschagne,Azmatullah Omarzai,0,0,,,,,,,,,
1384430,2023/24,2023-11-07,"Wankhede Stadium, Mumbai",2,9.1,Australia,Afghanistan,M Labuschagne,GJ Maxwell,Naveen-ul-Haq,0,0,,,,,,,,,
1384430,2023/24,2023-11-07,"Wankhede Stadium, Mumbai",2,9.2,Australia,Afghanistan,M Labuschagne,GJ Maxwell,Naveen-ul-Haq,0,0,,,,,,,,,
1384430,2023/24,2023-11-07,"Wankhede Stadium, Mumbai",2,9.3,Australia,Afghanistan,M Labuschagne,GJ Maxwell,Naveen-ul-Haq,0,0,,,,,,,,,
1384430,2023/24,2023-11-07,"Wankhede Stadium, Mumbai",2,9.4,Australia,Afghanistan,M Labuschagne,GJ Maxwell,Naveen-ul-Haq,0,0,,,,,,,,,
1384430,2023/24,2023-11-07,"Wankhede Stadium, Mumbai",2,9.5,Australia,Afghanistan,M Labuschagne,GJ Maxwell,Naveen-ul-Haq,1,0,,,,,,,,,
1384430,2023/24,2023-11-07,"Wankhede Stadium, Mumbai",2,9.6,Australia,Afghanistan,GJ Maxwell,M Labuschagne,Naveen-ul-Haq,0,0,,,,,,,,,
1384430,2023/24,2023-11-07,"Wankhede Stadium, Mumbai",2,10.1,Australia,Afghanistan,M Labuschagne,GJ Maxwell,Azmatullah Omarzai,0,0,,,,,,,,,
1384430,2023/24,2023-11-07,"Wankhede Stadium, Mumbai",2,10.2,Australia,Afghanistan,M Labuschagne,GJ Maxwell,Azmatullah Omarzai,0,0,,,,,,,,,
1384430,2023/24,2023-11-07,"Wankhede Stadium, Mumbai",2,10.3,Australia,Afghanistan,M Labuschagne,GJ Maxwell,Azmatullah Omarzai,0,0,,,,,,,,,
1384430,2023/24,2023-11-07,"Wankhede Stadium, Mumbai",2,10.4,Australia,Afghanistan,M Labuschagne,GJ Maxwell,Azmatullah Omarzai,0,0,,,,,,,,,
1384430,2023/24,2023-11-07,"Wankhede Stadium, Mumbai",2,10.5,Australia,Afghanistan,M Labuschagne,GJ Maxwell,Azmatullah Omarzai,4,0,,,,,,,,,
1384430,2023/24,2023-11-07,"Wankhede Stadium, Mumbai",2,10.6,Australia,Afghanistan,M Labuschagne,GJ Maxwell,Azmatullah Omarzai,1,0,,,,,,,,,
1384430,2023/24,2023-11-07,"Wankhede Stadium, Mumbai",2,11.1,Australia,Afghanistan,M Labuschagne,GJ Maxwell,Mujeeb Ur Rahman,0,0,,,,,,,,,
1384430,2023/24,2023-11-07,"Wankhede Stadium, Mumbai",2,11.2,Australia,Afghanistan,M Labuschagne,GJ Maxwell,Mujeeb Ur Rahman,1,0,,,,,,,,,
1384430,2023/24,2023-11-07,"Wankhede Stadium, Mumbai",2,11.3,Australia,Afghanistan,GJ Maxwell,M Labuschagne,Mujeeb Ur Rahman,0,0,,,,,,,,,
1384430,2023/24,2023-11-07,"Wankhede Stadium, Mumbai",2,11.4,Australia,Afghanistan,GJ Maxwell,M Labuschagne,Mujeeb Ur Rahman,1,0,,,,,,,,,
1384430,2023/24,2023-11-07,"Wankhede Stadium, Mumbai",2,11.5,Australia,Afghanistan,M Labuschagne,GJ Maxwell,Mujeeb Ur Rahman,1,0,,,,,,,,,
1384430,2023/24,2023-11-07,"Wankhede Stadium, Mumbai",2,11.6,Australia,Afghanistan,GJ Maxwell,M Labuschagne,Mujeeb Ur Rahman,1,0,,,,,,,,,
1384430,2023/24,2023-11-07,"Wankhede Stadium, Mumbai",2,12.1,Australia,Afghanistan,GJ Maxwell,M Labuschagne,Azmatullah Omarzai,2,0,,,,,,,,,
1384430,2023/24,2023-11-07,"Wankhede Stadium, Mumbai",2,12.2,Australia,Afghanistan,GJ Maxwell,M Labuschagne,Azmatullah Omarzai,0,0,,,,,,,,,
1384430,2023/24,2023-11-07,"Wankhede Stadium, Mumbai",2,12.3,Australia,Afghanistan,GJ Maxwell,M Labuschagne,Azmatullah Omarzai,4,0,,,,,,,,,
1384430,2023/24,2023-11-07,"Wankhede Stadium, Mumbai",2,12.4,Australia,Afghanistan,GJ Maxwell,M Labuschagne,Azmatullah Omarzai,1,0,,,,,,,,,
1384430,2023/24,2023-11-07,"Wankhede Stadium, Mumbai",2,12.5,Australia,Afghanistan,M Labuschagne,GJ Maxwell,Azmatullah Omarzai,1,0,,,,,,,,,
1384430,2023/24,2023-11-07,"Wankhede Stadium, Mumbai",2,12.6,Australia,Afghanistan,GJ Maxwell,M Labuschagne,Azmatullah Omarzai,0,0,,,,,,,,,
1384430,2023/24,2023-11-07,"Wankhede Stadium, Mumbai",2,13.1,Australia,Afghanistan,M Labuschagne,GJ Maxwell,Mujeeb Ur Rahman,0,0,,,,,,,,,
1384430,2023/24,2023-11-07,"Wankhede Stadium, Mumbai",2,13.2,Australia,Afghanistan,M Labuschagne,GJ Maxwell,Mujeeb Ur Rahman,0,0,,,,,,,,,
1384430,2023/24,2023-11-07,"Wankhede Stadium, Mumbai",2,13.3,Australia,Afghanistan,M Labuschagne,GJ Maxwell,Mujeeb Ur Rahman,0,0,,,,,,,,,
1384430,2023/24,2023-11-07,"Wankhede Stadium, Mumbai",2,13.4,Australia,Afghanistan,M Labuschagne,GJ Maxwell,Mujeeb Ur Rahman,0,0,,,,,,,,,
1384430,2023/24,2023-11-07,"Wankhede Stadium, Mumbai",2,13.5,Australia,Afghanistan,M Labuschagne,GJ Maxwell,Mujeeb Ur Rahman,0,0,,,,,,,,,
1384430,2023/24,2023-11-07,"Wankhede Stadium, Mumbai",2,13.6,Australia,Afghanistan,M Labuschagne,GJ Maxwell,Mujeeb Ur Rahman,0,0,,,,,,,,,
1384430,2023/24,2023-11-07,"Wankhede Stadium, Mumbai",2,14.1,Australia,Afghanistan,GJ Maxwell,M Labuschagne,Rashid Khan,0,0,,,,,,run out,M Labuschagne,,
1384430,2023/24,2023-11-07,"Wankhede Stadium, Mumbai",2,14.2,Australia,Afghanistan,MP Stoinis,GJ Maxwell,Rashid Khan,1,0,,,,,,,,,
1384430,2023/24,2023-11-07,"Wankhede Stadium, Mumbai",2,14.3,Australia,Afghanistan,GJ Maxwell,MP Stoinis,Rashid Khan,0,1,1,,,,,,,,
1384430,2023/24,2023-11-07,"Wankhede Stadium, Mumbai",2,14.4,Australia,Afghanistan,GJ Maxwell,MP Stoinis,Rashid Khan,1,0,,,,,,,,,
1384430,2023/24,2023-11-07,"Wankhede Stadium, Mumbai",2,14.5,Australia,Afghanistan,MP Stoinis,GJ Maxwell,Rashid Khan,0,0,,,,,,,,,
1384430,2023/24,2023-11-07,"Wankhede Stadium, Mumbai",2,14.6,Australia,Afghanistan,MP Stoinis,GJ Maxwell,Rashid Khan,0,1,1,,,,,,,,
1384430,2023/24,2023-11-07,"Wankhede Stadium, Mumbai",2,14.7,Australia,Afghanistan,MP Stoinis,GJ Maxwell,Rashid Khan,0,0,,,,,,,,,
1384430,2023/24,2023-11-07,"Wankhede Stadium, Mumbai",2,14.8,Australia,Afghanistan,MP Stoinis,GJ Maxwell,Rashid Khan,0,0,,,,,,,,,
1384430,2023/24,2023-11-07,"Wankhede Stadium, Mumbai",2,15.1,Australia,Afghanistan,GJ Maxwell,MP Stoinis,Mujeeb Ur Rahman,0,0,,,,,,,,,
1384430,2023/24,2023-11-07,"Wankhede Stadium, Mumbai",2,15.2,Australia,Afghanistan,GJ Maxwell,MP Stoinis,Mujeeb Ur Rahman,0,0,,,,,,,,,
1384430,2023/24,2023-11-07,"Wankhede Stadium, Mumbai",2,15.3,Australia,Afghanistan,GJ Maxwell,MP Stoinis,Mujeeb Ur Rahman,0,0,,,,,,,,,
1384430,2023/24,2023-11-07,"Wankhede Stadium, Mumbai",2,15.4,Australia,Afghanistan,GJ Maxwell,MP Stoinis,Mujeeb Ur Rahman,4,0,,,,,,,,,
1384430,2023/24,2023-11-07,"Wankhede Stadium, Mumbai",2,15.5,Australia,Afghanistan,GJ Maxwell,MP Stoinis,Mujeeb Ur Rahman,4,0,,,,,,,,,
1384430,2023/24,2023-11-07,"Wankhede Stadium, Mumbai",2,15.6,Australia,Afghanistan,GJ Maxwell,MP Stoinis,Mujeeb Ur Rahman,0,0,,,,,,,,,
1384430,2023/24,2023-11-07,"Wankhede Stadium, Mumbai",2,16.1,Australia,Afghanistan,MP Stoinis,GJ Maxwell,Rashid Khan,4,0,,,,,,,,,
1384430,2023/24,2023-11-07,"Wankhede Stadium, Mumbai",2,16.2,Australia,Afghanistan,MP Stoinis,GJ Maxwell,Rashid Khan,1,0,,,,,,,,,
1384430,2023/24,2023-11-07,"Wankhede Stadium, Mumbai",2,16.3,Australia,Afghanistan,GJ Maxwell,MP Stoinis,Rashid Khan,1,0,,,,,,,,,
1384430,2023/24,2023-11-07,"Wankhede Stadium, Mumbai",2,16.4,Australia,Afghanistan,MP Stoinis,GJ Maxwell,Rashid Khan,0,0,,,,,,lbw,MP Stoinis,,
1384430,2023/24,2023-11-07,"Wankhede Stadium, Mumbai",2,16.5,Australia,Afghanistan,MA Starc,GJ Maxwell,Rashid Khan,0,0,,,,,,,,,
1384430,2023/24,2023-11-07,"Wankhede Stadium, Mumbai",2,16.6,Australia,Afghanistan,MA Starc,GJ Maxwell,Rashid Khan,2,0,,,,,,,,,
1384430,2023/24,2023-11-07,"Wankhede Stadium, Mumbai",2,17.1,Australia,Afghanistan,GJ Maxwell,MA Starc,Noor Ahmad,0,0,,,,,,,,,
1384430,2023/24,2023-11-07,"Wankhede Stadium, Mumbai",2,17.2,Australia,Afghanistan,GJ Maxwell,MA Starc,Noor Ahmad,1,0,,,,,,,,,
1384430,2023/24,2023-11-07,"Wankhede Stadium, Mumbai",2,17.3,Australia,Afghanistan,MA Starc,GJ Maxwell,Noor Ahmad,0,0,,,,,,,,,
1384430,2023/24,2023-11-07,"Wankhede Stadium, Mumbai",2,17.4,Australia,Afghanistan,MA Starc,GJ Maxwell,Noor Ahmad,1,0,,,,,,,,,
1384430,2023/24,2023-11-07,"Wankhede Stadium, Mumbai",2,17.5,Australia,Afghanistan,GJ Maxwell,MA Starc,Noor Ahmad,0,0,,,,,,,,,
1384430,2023/24,2023-11-07,"Wankhede Stadium, Mumbai",2,17.6,Australia,Afghanistan,GJ Maxwell,MA Starc,Noor Ahmad,0,0,,,,,,,,,
1384430,2023/24,2023-11-07,"Wankhede Stadium, Mumbai",2,18.1,Australia,Afghanistan,MA Starc,GJ Maxwell,Rashid Khan,0,0,,,,,,,,,
1384430,2023/24,2023-11-07,"Wankhede Stadium, Mumbai",2,18.2,Australia,Afghanistan,MA Starc,GJ Maxwell,Rashid Khan,0,0,,,,,,,,,
1384430,2023/24,2023-11-07,"Wankhede Stadium, Mumbai",2,18.3,Australia,Afghanistan,MA Starc,GJ Maxwell,Rashid Khan,0,0,,,,,,caught,MA Starc,,
1384430,2023/24,2023-11-07,"Wankhede Stadium, Mumbai",2,18.4,Australia,Afghanistan,PJ Cummins,GJ Maxwell,Rashid Khan,0,0,,,,,,,,,
1384430,2023/24,2023-11-07,"Wankhede Stadium, Mumbai",2,18.5,Australia,Afghanistan,PJ Cummins,GJ Maxwell,Rashid Khan,0,0,,,,,,,,,
1384430,2023/24,2023-11-07,"Wankhede Stadium, Mumbai",2,18.6,Australia,Afghanistan,PJ Cummins,GJ Maxwell,Rashid Khan,4,0,,,,,,,,,
1384430,2023/24,2023-11-07,"Wankhede Stadium, Mumbai",2,19.1,Australia,Afghanistan,GJ Maxwell,PJ Cummins,Noor Ahmad,1,0,,,,,,,,,
1384430,2023/24,2023-11-07,"Wankhede Stadium, Mumbai",2,19.2,Australia,Afghanistan,PJ Cummins,GJ Maxwell,Noor Ahmad,0,0,,,,,,,,,
1384430,2023/24,2023-11-07,"Wankhede Stadium, Mumbai",2,19.3,Australia,Afghanistan,PJ Cummins,GJ Maxwell,Noor Ahmad,0,0,,,,,,,,,
1384430,2023/24,2023-11-07,"Wankhede Stadium, Mumbai",2,19.4,Australia,Afghanistan,PJ Cummins,GJ Maxwell,Noor Ahmad,0,0,,,,,,,,,
1384430,2023/24,2023-11-07,"Wankhede Stadium, Mumbai",2,19.5,Australia,Afghanistan,PJ Cummins,GJ Maxwell,Noor Ahmad,1,0,,,,,,,,,
1384430,2023/24,2023-11-07,"Wankhede Stadium, Mumbai",2,19.6,Australia,Afghanistan,GJ Maxwell,PJ Cummins,Noor Ahmad,1,0,,,,,,,,,
1384430,2023/24,2023-11-07,"Wankhede Stadium, Mumbai",2,20.1,Australia,Afghanistan,GJ Maxwell,PJ Cummins,Rashid Khan,2,0,,,,,,,,,
1384430,2023/24,2023-11-07,"Wankhede Stadium, Mumbai",2,20.2,Australia,Afghanistan,GJ Maxwell,PJ Cummins,Rashid Khan,0,0,,,,,,,,,
1384430,2023/24,2023-11-07,"Wankhede Stadium, Mumbai",2,20.3,Australia,Afghanistan,GJ Maxwell,PJ Cummins,Rashid Khan,0,0,,,,,,,,,
1384430,2023/24,2023-11-07,"Wankhede Stadium, Mumbai",2,20.4,Australia,Afghanistan,GJ Maxwell,PJ Cummins,Rashid Khan,0,0,,,,,,,,,
1384430,2023/24,2023-11-07,"Wankhede Stadium, Mumbai",2,20.5,Australia,Afghanistan,GJ Maxwell,PJ Cummins,Rashid Khan,0,0,,,,,,,,,
1384430,2023/24,2023-11-07,"Wankhede Stadium, Mumbai",2,20.6,Australia,Afghanistan,GJ Maxwell,PJ Cummins,Rashid Khan,1,0,,,,,,,,,
1384430,2023/24,2023-11-07,"Wankhede Stadium, Mumbai",2,21.1,Australia,Afghanistan,GJ Maxwell,PJ Cummins,Noor Ahmad,0,0,,,,,,,,,
1384430,2023/24,2023-11-07,"Wankhede Stadium, Mumbai",2,21.2,Australia,Afghanistan,GJ Maxwell,PJ Cummins,Noor Ahmad,0,0,,,,,,,,,
1384430,2023/24,2023-11-07,"Wankhede Stadium, Mumbai",2,21.3,Australia,Afghanistan,GJ Maxwell,PJ Cummins,Noor Ahmad,0,5,5,,,,,,,,
1384430,2023/24,2023-11-07,"Wankhede Stadium, Mumbai",2,21.4,Australia,Afghanistan,GJ Maxwell,PJ Cummins,Noor Ahmad,2,0,,,,,,,,,
1384430,2023/24,2023-11-07,"Wankhede Stadium, Mumbai",2,21.5,Australia,Afghanistan,GJ Maxwell,PJ Cummins,Noor Ahmad,4,0,,,,,,,,,
1384430,2023/24,2023-11-07,"Wankhede Stadium, Mumbai",2,21.6,Australia,Afghanistan,GJ Maxwell,PJ Cummins,Noor Ahmad,0,0,,,,,,,,,
1384430,2023/24,2023-11-07,"Wankhede Stadium, Mumbai",2,21.7,Australia,Afghanistan,GJ Maxwell,PJ Cummins,Noor Ahmad,1,0,,,,,,,,,
1384430,2023/24,2023-11-07,"Wankhede Stadium, Mumbai",2,22.1,Australia,Afghanistan,GJ Maxwell,PJ Cummins,Rashid Khan,4,0,,,,,,,,,
1384430,2023/24,2023-11-07,"Wankhede Stadium, Mumbai",2,22.2,Australia,Afghanistan,GJ Maxwell,PJ Cummins,Rashid Khan,0,0,,,,,,,,,
1384430,2023/24,2023-11-07,"Wankhede Stadium, Mumbai",2,22.3,Australia,Afghanistan,GJ Maxwell,PJ Cummins,Rashid Khan,0,0,,,,,,,,,
1384430,2023/24,2023-11-07,"Wankhede Stadium, Mumbai",2,22.4,Australia,Afghanistan,GJ Maxwell,PJ Cummins,Rashid Khan,1,0,,,,,,,,,
1384430,2023/24,2023-11-07,"Wankhede Stadium, Mumbai",2,22.5,Australia,Afghanistan,PJ Cummins,GJ Maxwell,Rashid Khan,0,0,,,,,,,,,
1384430,2023/24,2023-11-07,"Wankhede Stadium, Mumbai",2,22.6,Australia,Afghanistan,PJ Cummins,GJ Maxwell,Rashid Khan,0,0,,,,,,,,,
1384430,2023/24,2023-11-07,"Wankhede Stadium, Mumbai",2,23.1,Australia,Afghanistan,GJ Maxwell,PJ Cummins,Noor Ahmad,4,0,,,,,,,,,
1384430,2023/24,2023-11-07,"Wankhede Stadium, Mumbai",2,23.2,Australia,Afghanistan,GJ Maxwell,PJ Cummins,Noor Ahmad,1,0,,,,,,,,,
1384430,2023/24,2023-11-07,"Wankhede Stadium, Mumbai",2,23.3,Australia,Afghanistan,PJ Cummins,GJ Maxwell,Noor Ahmad,0,0,,,,,,,,,
1384430,2023/24,2023-11-07,"Wankhede Stadium, Mumbai",2,23.4,Australia,Afghanistan,PJ Cummins,GJ Maxwell,Noor Ahmad,1,0,,,,,,,,,
1384430,2023/24,2023-11-07,"Wankhede Stadium, Mumbai",2,23.5,Australia,Afghanistan,GJ Maxwell,PJ Cummins,Noor Ahmad,1,0,,,,,,,,,
1384430,2023/24,2023-11-07,"Wankhede Stadium, Mumbai",2,23.6,Australia,Afghanistan,PJ Cummins,GJ Maxwell,Noor Ahmad,0,0,,,,,,,,,
1384430,2023/24,2023-11-07,"Wankhede Stadium, Mumbai",2,24.1,Australia,Afghanistan,GJ Maxwell,PJ Cummins,Rashid Khan,0,0,,,,,,,,,
1384430,2023/24,2023-11-07,"Wankhede Stadium, Mumbai",2,24.2,Australia,Afghanistan,GJ Maxwell,PJ Cummins,Rashid Khan,1,0,,,,,,,,,
1384430,2023/24,2023-11-07,"Wankhede Stadium, Mumbai",2,24.3,Australia,Afghanistan,PJ Cummins,GJ Maxwell,Rashid Khan,0,0,,,,,,,,,
1384430,2023/24,2023-11-07,"Wankhede Stadium, Mumbai",2,24.4,Australia,Afghanistan,PJ Cummins,GJ Maxwell,Rashid Khan,0,0,,,,,,,,,
1384430,2023/24,2023-11-07,"Wankhede Stadium, Mumbai",2,24.5,Australia,Afghanistan,PJ Cummins,GJ Maxwell,Rashid Khan,0,0,,,,,,,,,
1384430,2023/24,2023-11-07,"Wankhede Stadium, Mumbai",2,24.6,Australia,Afghanistan,PJ Cummins,GJ Maxwell,Rashid Khan,0,0,,,,,,,,,
1384430,2023/24,2023-11-07,"Wankhede Stadium, Mumbai",2,25.1,Australia,Afghanistan,GJ Maxwell,PJ Cummins,Noor Ahmad,0,0,,,,,,,,,
1384430,2023/24,2023-11-07,"Wankhede Stadium, Mumbai",2,25.2,Australia,Afghanistan,GJ Maxwell,PJ Cummins,Noor Ahmad,4,0,,,,,,,,,
1384430,2023/24,2023-11-07,"Wankhede Stadium, Mumbai",2,25.3,Australia,Afghanistan,GJ Maxwell,PJ Cummins,Noor Ahmad,0,0,,,,,,,,,
1384430,2023/24,2023-11-07,"Wankhede Stadium, Mumbai",2,25.4,Australia,Afghanistan,GJ Maxwell,PJ Cummins,Noor Ahmad,1,0,,,,,,,,,
1384430,2023/24,2023-11-07,"Wankhede Stadium, Mumbai",2,25.5,Australia,Afghanistan,PJ Cummins,GJ Maxwell,Noor Ahmad,0,0,,,,,,,,,
1384430,2023/24,2023-11-07,"Wankhede Stadium, Mumbai",2,25.6,Australia,Afghanistan,PJ Cummins,GJ Maxwell,Noor Ahmad,0,0,,,,,,,,,
1384430,2023/24,2023-11-07,"Wankhede Stadium, Mumbai",2,26.1,Australia,Afghanistan,GJ Maxwell,PJ Cummins,Rashid Khan,1,0,,,,,,,,,
1384430,2023/24,2023-11-07,"Wankhede Stadium, Mumbai",2,26.2,Australia,Afghanistan,PJ Cummins,GJ Maxwell,Rashid Khan,1,0,,,,,,,,,
1384430,2023/24,2023-11-07,"Wankhede Stadium, Mumbai",2,26.3,Australia,Afghanistan,GJ Maxwell,PJ Cummins,Rashid Khan,2,0,,,,,,,,,
1384430,2023/24,2023-11-07,"Wankhede Stadium, Mumbai",2,26.4,Australia,Afghanistan,GJ Maxwell,PJ Cummins,Rashid Khan,1,0,,,,,,,,,
1384430,2023/24,2023-11-07,"Wankhede Stadium, Mumbai",2,26.5,Australia,Afghanistan,PJ Cummins,GJ Maxwell,Rashid Khan,0,0,,,,,,,,,
1384430,2023/24,2023-11-07,"Wankhede Stadium, Mumbai",2,26.6,Australia,Afghanistan,PJ Cummins,GJ Maxwell,Rashid Khan,0,4,,,4,,,,,,
1384430,2023/24,2023-11-07,"Wankhede Stadium, Mumbai",2,27.1,Australia,Afghanistan,GJ Maxwell,PJ Cummins,Mujeeb Ur Rahman,4,0,,,,,,,,,
1384430,2023/24,2023-11-07,"Wankhede Stadium, Mumbai",2,27.2,Australia,Afghanistan,GJ Maxwell,PJ Cummins,Mujeeb Ur Rahman,1,0,,,,,,,,,
1384430,2023/24,2023-11-07,"Wankhede Stadium, Mumbai",2,27.3,Australia,Afghanistan,PJ Cummins,GJ Maxwell,Mujeeb Ur Rahman,0,0,,,,,,,,,
1384430,2023/24,2023-11-07,"Wankhede Stadium, Mumbai",2,27.4,Australia,Afghanistan,PJ Cummins,GJ Maxwell,Mujeeb Ur Rahman,0,0,,,,,,,,,
1384430,2023/24,2023-11-07,"Wankhede Stadium, Mumbai",2,27.5,Australia,Afghanistan,PJ Cummins,GJ Maxwell,Mujeeb Ur Rahman,0,0,,,,,,,,,
1384430,2023/24,2023-11-07,"Wankhede Stadium, Mumbai",2,27.6,Australia,Afghanistan,PJ Cummins,GJ Maxwell,Mujeeb Ur Rahman,0,0,,,,,,,,,
1384430,2023/24,2023-11-07,"Wankhede Stadium, Mumbai",2,28.1,Australia,Afghanistan,GJ Maxwell,PJ Cummins,Noor Ahmad,6,0,,,,,,,,,
1384430,2023/24,2023-11-07,"Wankhede Stadium, Mumbai",2,28.2,Australia,Afghanistan,GJ Maxwell,PJ Cummins,Noor Ahmad,6,0,,,,,,,,,
1384430,2023/24,2023-11-07,"Wankhede Stadium, Mumbai",2,28.3,Australia,Afghanistan,GJ Maxwell,PJ Cummins,Noor Ahmad,1,0,,,,,,,,,
1384430,2023/24,2023-11-07,"Wankhede Stadium, Mumbai",2,28.4,Australia,Afghanistan,PJ Cummins,GJ Maxwell,Noor Ahmad,0,0,,,,,,,,,
1384430,2023/24,2023-11-07,"Wankhede Stadium, Mumbai",2,28.5,Australia,Afghanistan,PJ Cummins,GJ Maxwell,Noor Ahmad,0,0,,,,,,,,,
1384430,2023/24,2023-11-07,"Wankhede Stadium, Mumbai",2,28.6,Australia,Afghanistan,PJ Cummins,GJ Maxwell,Noor Ahmad,0,0,,,,,,,,,
1384430,2023/24,2023-11-07,"Wankhede Stadium, Mumbai",2,29.1,Australia,Afghanistan,GJ Maxwell,PJ Cummins,Mujeeb Ur Rahman,4,0,,,,,,,,,
1384430,2023/24,2023-11-07,"Wankhede Stadium, Mumbai",2,29.2,Australia,Afghanistan,GJ Maxwell,PJ Cummins,Mujeeb Ur Rahman,0,0,,,,,,,,,
1384430,2023/24,2023-11-07,"Wankhede Stadium, Mumbai",2,29.3,Australia,Afghanistan,GJ Maxwell,PJ Cummins,Mujeeb Ur Rahman,2,0,,,,,,,,,
1384430,2023/24,2023-11-07,"Wankhede Stadium, Mumbai",2,29.4,Australia,Afghanistan,GJ Maxwell,PJ Cummins,Mujeeb Ur Rahman,2,0,,,,,,,,,
1384430,2023/24,2023-11-07,"Wankhede Stadium, Mumbai",2,29.5,Australia,Afghanistan,GJ Maxwell,PJ Cummins,Mujeeb Ur Rahman,2,0,,,,,,,,,
1384430,2023/24,2023-11-07,"Wankhede Stadium, Mumbai",2,29.6,Australia,Afghanistan,GJ Maxwell,PJ Cummins,Mujeeb Ur Rahman,1,0,,,,,,,,,
1384430,2023/24,2023-11-07,"Wankhede Stadium, Mumbai",2,30.1,Australia,Afghanistan,GJ Maxwell,PJ Cummins,Noor Ahmad,1,0,,,,,,,,,
1384430,2023/24,2023-11-07,"Wankhede Stadium, Mumbai",2,30.2,Australia,Afghanistan,PJ Cummins,GJ Maxwell,Noor Ahmad,0,0,,,,,,,,,
1384430,2023/24,2023-11-07,"Wankhede Stadium, Mumbai",2,30.3,Australia,Afghanistan,PJ Cummins,GJ Maxwell,Noor Ahmad,1,0,,,,,,,,,
1384430,2023/24,2023-11-07,"Wankhede Stadium, Mumbai",2,30.4,Australia,Afghanistan,GJ Maxwell,PJ Cummins,Noor Ahmad,1,0,,,,,,,,,
1384430,2023/24,2023-11-07,"Wankhede Stadium, Mumbai",2,30.5,Australia,Afghanistan,PJ Cummins,GJ Maxwell,Noor Ahmad,0,0,,,,,,,,,
1384430,2023/24,2023-11-07,"Wankhede Stadium, Mumbai",2,30.6,Australia,Afghanistan,PJ Cummins,GJ Maxwell,Noor Ahmad,0,0,,,,,,,,,
1384430,2023/24,2023-11-07,"Wankhede Stadium, Mumbai",2,31.1,Australia,Afghanistan,GJ Maxwell,PJ Cummins,Mujeeb Ur Rahman,0,0,,,,,,,,,
1384430,2023/24,2023-11-07,"Wankhede Stadium, Mumbai",2,31.2,Australia,Afghanistan,GJ Maxwell,PJ Cummins,Mujeeb Ur Rahman,0,0,,,,,,,,,
1384430,2023/24,2023-11-07,"Wankhede Stadium, Mumbai",2,31.3,Australia,Afghanistan,GJ Maxwell,PJ Cummins,Mujeeb Ur Rahman,4,0,,,,,,,,,
1384430,2023/24,2023-11-07,"Wankhede Stadium, Mumbai",2,31.4,Australia,Afghanistan,GJ Maxwell,PJ Cummins,Mujeeb Ur Rahman,6,0,,,,,,,,,
1384430,2023/24,2023-11-07,"Wankhede Stadium, Mumbai",2,31.5,Australia,Afghanistan,GJ Maxwell,PJ Cummins,Mujeeb Ur Rahman,1,0,,,,,,,,,
1384430,2023/24,2023-11-07,"Wankhede Stadium, Mumbai",2,31.6,Australia,Afghanistan,PJ Cummins,GJ Maxwell,Mujeeb Ur Rahman,0,0,,,,,,,,,
1384430,2023/24,2023-11-07,"Wankhede Stadium, Mumbai",2,32.1,Australia,Afghanistan,GJ Maxwell,PJ Cummins,Noor Ahmad,2,0,,,,,,,,,
1384430,2023/24,2023-11-07,"Wankhede Stadium, Mumbai",2,32.2,Australia,Afghanistan,GJ Maxwell,PJ Cummins,Noor Ahmad,1,0,,,,,,,,,
1384430,2023/24,2023-11-07,"Wankhede Stadium, Mumbai",2,32.3,Australia,Afghanistan,PJ Cummins,GJ Maxwell,Noor Ahmad,0,0,,,,,,,,,
1384430,2023/24,2023-11-07,"Wankhede Stadium, Mumbai",2,32.4,Australia,Afghanistan,PJ Cummins,GJ Maxwell,Noor Ahmad,0,0,,,,,,,,,
1384430,2023/24,2023-11-07,"Wankhede Stadium, Mumbai",2,32.5,Australia,Afghanistan,PJ Cummins,GJ Maxwell,Noor Ahmad,0,0,,,,,,,,,
1384430,2023/24,2023-11-07,"Wankhede Stadium, Mumbai",2,32.6,Australia,Afghanistan,PJ Cummins,GJ Maxwell,Noor Ahmad,0,0,,,,,,,,,
1384430,2023/24,2023-11-07,"Wankhede Stadium, Mumbai",2,33.1,Australia,Afghanistan,GJ Maxwell,PJ Cummins,Mohammad Nabi,4,0,,,,,,,,,
1384430,2023/24,2023-11-07,"Wankhede Stadium, Mumbai",2,33.2,Australia,Afghanistan,GJ Maxwell,PJ Cummins,Mohammad Nabi,4,0,,,,,,,,,
1384430,2023/24,2023-11-07,"Wankhede Stadium, Mumbai",2,33.3,Australia,Afghanistan,GJ Maxwell,PJ Cummins,Mohammad Nabi,0,0,,,,,,,,,
1384430,2023/24,2023-11-07,"Wankhede Stadium, Mumbai",2,33.4,Australia,Afghanistan,GJ Maxwell,PJ Cummins,Mohammad Nabi,0,0,,,,,,,,,
1384430,2023/24,2023-11-07,"Wankhede Stadium, Mumbai",2,33.5,Australia,Afghanistan,GJ Maxwell,PJ Cummins,Mohammad Nabi,1,0,,,,,,,,,
1384430,2023/24,2023-11-07,"Wankhede Stadium, Mumbai",2,33.6,Australia,Afghanistan,PJ Cummins,GJ Maxwell,Mohammad Nabi,0,0,,,,,,,,,
1384430,2023/24,2023-11-07,"Wankhede Stadium, Mumbai",2,34.1,Australia,Afghanistan,GJ Maxwell,PJ Cummins,Naveen-ul-Haq,0,0,,,,,,,,,
1384430,2023/24,2023-11-07,"Wankhede Stadium, Mumbai",2,34.2,Australia,Afghanistan,GJ Maxwell,PJ Cummins,Naveen-ul-Haq,1,0,,,,,,,,,
1384430,2023/24,2023-11-07,"Wankhede Stadium, Mumbai",2,34.3,Australia,Afghanistan,PJ Cummins,GJ Maxwell,Naveen-ul-Haq,1,0,,,,,,,,,
1384430,2023/24,2023-11-07,"Wankhede Stadium, Mumbai",2,34.4,Australia,Afghanistan,GJ Maxwell,PJ Cummins,Naveen-ul-Haq,1,0,,,,,,,,,
1384430,2023/24,2023-11-07,"Wankhede Stadium, Mumbai",2,34.5,Australia,Afghanistan,PJ Cummins,GJ Maxwell,Naveen-ul-Haq,1,0,,,,,,,,,
1384430,2023/24,2023-11-07,"Wankhede Stadium, Mumbai",2,34.6,Australia,Afghanistan,GJ Maxwell,PJ Cummins,Naveen-ul-Haq,1,0,,,,,,,,,
1384430,2023/24,2023-11-07,"Wankhede Stadium, Mumbai",2,35.1,Australia,Afghanistan,GJ Maxwell,PJ Cummins,Mohammad Nabi,0,0,,,,,,,,,
1384430,2023/24,2023-11-07,"Wankhede Stadium, Mumbai",2,35.2,Australia,Afghanistan,GJ Maxwell,PJ Cummins,Mohammad Nabi,4,0,,,,,,,,,
1384430,2023/24,2023-11-07,"Wankhede Stadium, Mumbai",2,35.3,Australia,Afghanistan,GJ Maxwell,PJ Cummins,Mohammad Nabi,6,0,,,,,,,,,
1384430,2023/24,2023-11-07,"Wankhede Stadium, Mumbai",2,35.4,Australia,Afghanistan,GJ Maxwell,PJ Cummins,Mohammad Nabi,1,0,,,,,,,,,
1384430,2023/24,2023-11-07,"Wankhede Stadium, Mumbai",2,35.5,Australia,Afghanistan,PJ Cummins,GJ Maxwell,Mohammad Nabi,0,0,,,,,,,,,
1384430,2023/24,2023-11-07,"Wankhede Stadium, Mumbai",2,35.6,Australia,Afghanistan,PJ Cummins,GJ Maxwell,Mohammad Nabi,0,0,,,,,,,,,
1384430,2023/24,2023-11-07,"Wankhede Stadium, Mumbai",2,36.1,Australia,Afghanistan,GJ Maxwell,PJ Cummins,Rashid Khan,1,0,,,,,,,,,
1384430,2023/24,2023-11-07,"Wankhede Stadium, Mumbai",2,36.2,Australia,Afghanistan,PJ Cummins,GJ Maxwell,Rashid Khan,0,0,,,,,,,,,
1384430,2023/24,2023-11-07,"Wankhede Stadium, Mumbai",2,36.3,Australia,Afghanistan,PJ Cummins,GJ Maxwell,Rashid Khan,0,0,,,,,,,,,
1384430,2023/24,2023-11-07,"Wankhede Stadium, Mumbai",2,36.4,Australia,Afghanistan,PJ Cummins,GJ Maxwell,Rashid Khan,0,0,,,,,,,,,
1384430,2023/24,2023-11-07,"Wankhede Stadium, Mumbai",2,36.5,Australia,Afghanistan,PJ Cummins,GJ Maxwell,Rashid Khan,1,0,,,,,,,,,
1384430,2023/24,2023-11-07,"Wankhede Stadium, Mumbai",2,36.6,Australia,Afghanistan,GJ Maxwell,PJ Cummins,Rashid Khan,1,0,,,,,,,,,
1384430,2023/24,2023-11-07,"Wankhede Stadium, Mumbai",2,37.1,Australia,Afghanistan,GJ Maxwell,PJ Cummins,Naveen-ul-Haq,0,0,,,,,,,,,
1384430,2023/24,2023-11-07,"Wankhede Stadium, Mumbai",2,37.2,Australia,Afghanistan,GJ Maxwell,PJ Cummins,Naveen-ul-Haq,1,0,,,,,,,,,
1384430,2023/24,2023-11-07,"Wankhede Stadium, Mumbai",2,37.3,Australia,Afghanistan,PJ Cummins,GJ Maxwell,Naveen-ul-Haq,0,0,,,,,,,,,
1384430,2023/24,2023-11-07,"Wankhede Stadium, Mumbai",2,37.4,Australia,Afghanistan,PJ Cummins,GJ Maxwell,Naveen-ul-Haq,0,0,,,,,,,,,
1384430,2023/24,2023-11-07,"Wankhede Stadium, Mumbai",2,37.5,Australia,Afghanistan,PJ Cummins,GJ Maxwell,Naveen-ul-Haq,0,1,1,,,,,,,,
1384430,2023/24,2023-11-07,"Wankhede Stadium, Mumbai",2,37.6,Australia,Afghanistan,PJ Cummins,GJ Maxwell,Naveen-ul-Haq,0,0,,,,,,,,,
1384430,2023/24,2023-11-07,"Wankhede Stadium, Mumbai",2,37.7,Australia,Afghanistan,PJ Cummins,GJ Maxwell,Naveen-ul-Haq,0,0,,,,,,,,,
1384430,2023/24,2023-11-07,"Wankhede Stadium, Mumbai",2,38.1,Australia,Afghanistan,GJ Maxwell,PJ Cummins,Rashid Khan,6,0,,,,,,,,,
1384430,2023/24,2023-11-07,"Wankhede Stadium, Mumbai",2,38.2,Australia,Afghanistan,GJ Maxwell,PJ Cummins,Rashid Khan,1,0,,,,,,,,,
1384430,2023/24,2023-11-07,"Wankhede Stadium, Mumbai",2,38.3,Australia,Afghanistan,PJ Cummins,GJ Maxwell,Rashid Khan,0,0,,,,,,,,,
1384430,2023/24,2023-11-07,"Wankhede Stadium, Mumbai",2,38.4,Australia,Afghanistan,PJ Cummins,GJ Maxwell,Rashid Khan,0,0,,,,,,,,,
1384430,2023/24,2023-11-07,"Wankhede Stadium, Mumbai",2,38.5,Australia,Afghanistan,PJ Cummins,GJ Maxwell,Rashid Khan,0,0,,,,,,,,,
1384430,2023/24,2023-11-07,"Wankhede Stadium, Mumbai",2,38.6,Australia,Afghanistan,PJ Cummins,GJ Maxwell,Rashid Khan,0,0,,,,,,,,,
1384430,2023/24,2023-11-07,"Wankhede Stadium, Mumbai",2,39.1,Australia,Afghanistan,GJ Maxwell,PJ Cummins,Naveen-ul-Haq,0,0,,,,,,,,,
1384430,2023/24,2023-11-07,"Wankhede Stadium, Mumbai",2,39.2,Australia,Afghanistan,GJ Maxwell,PJ Cummins,Naveen-ul-Haq,4,0,,,,,,,,,
1384430,2023/24,2023-11-07,"Wankhede Stadium, Mumbai",2,39.3,Australia,Afghanistan,GJ Maxwell,PJ Cummins,Naveen-ul-Haq,4,0,,,,,,,,,
1384430,2023/24,2023-11-07,"Wankhede Stadium, Mumbai",2,39.4,Australia,Afghanistan,GJ Maxwell,PJ Cummins,Naveen-ul-Haq,1,0,,,,,,,,,
1384430,2023/24,2023-11-07,"Wankhede Stadium, Mumbai",2,39.5,Australia,Afghanistan,PJ Cummins,GJ Maxwell,Naveen-ul-Haq,0,0,,,,,,,,,
1384430,2023/24,2023-11-07,"Wankhede Stadium, Mumbai",2,39.6,Australia,Afghanistan,PJ Cummins,GJ Maxwell,Naveen-ul-Haq,0,0,,,,,,,,,
1384430,2023/24,2023-11-07,"Wankhede Stadium, Mumbai",2,40.1,Australia,Afghanistan,GJ Maxwell,PJ Cummins,Noor Ahmad,4,0,,,,,,,,,
1384430,2023/24,2023-11-07,"Wankhede Stadium, Mumbai",2,40.2,Australia,Afghanistan,GJ Maxwell,PJ Cummins,Noor Ahmad,1,0,,,,,,,,,
1384430,2023/24,2023-11-07,"Wankhede Stadium, Mumbai",2,40.3,Australia,Afghanistan,PJ Cummins,GJ Maxwell,Noor Ahmad,0,0,,,,,,,,,
1384430,2023/24,2023-11-07,"Wankhede Stadium, Mumbai",2,40.4,Australia,Afghanistan,PJ Cummins,GJ Maxwell,Noor Ahmad,0,0,,,,,,,,,
1384430,2023/24,2023-11-07,"Wankhede Stadium, Mumbai",2,40.5,Australia,Afghanistan,PJ Cummins,GJ Maxwell,Noor Ahmad,0,0,,,,,,,,,
1384430,2023/24,2023-11-07,"Wankhede Stadium, Mumbai",2,40.6,Australia,Afghanistan,PJ Cummins,GJ Maxwell,Noor Ahmad,0,0,,,,,,,,,
1384430,2023/24,2023-11-07,"Wankhede Stadium, Mumbai",2,41.1,Australia,Afghanistan,GJ Maxwell,PJ Cummins,Azmatullah Omarzai,0,0,,,,,,,,,
1384430,2023/24,2023-11-07,"Wankhede Stadium, Mumbai",2,41.2,Australia,Afghanistan,GJ Maxwell,PJ Cummins,Azmatullah Omarzai,0,0,,,,,,,,,
1384430,2023/24,2023-11-07,"Wankhede Stadium, Mumbai",2,41.3,Australia,Afghanistan,GJ Maxwell,PJ Cummins,Azmatullah Omarzai,4,0,,,,,,,,,
1384430,2023/24,2023-11-07,"Wankhede Stadium, Mumbai",2,41.4,Australia,Afghanistan,GJ Maxwell,PJ Cummins,Azmatullah Omarzai,0,0,,,,,,,,,
1384430,2023/24,2023-11-07,"Wankhede Stadium, Mumbai",2,41.5,Australia,Afghanistan,GJ Maxwell,PJ Cummins,Azmatullah Omarzai,4,0,,,,,,,,,
1384430,2023/24,2023-11-07,"Wankhede Stadium, Mumbai",2,41.6,Australia,Afghanistan,GJ Maxwell,PJ Cummins,Azmatullah Omarzai,0,0,,,,,,,,,
1384430,2023/24,2023-11-07,"Wankhede Stadium, Mumbai",2,42.1,Australia,Afghanistan,PJ Cummins,GJ Maxwell,Noor Ahmad,0,0,,,,,,,,,
1384430,2023/24,2023-11-07,"Wankhede Stadium, Mumbai",2,42.2,Australia,Afghanistan,PJ Cummins,GJ Maxwell,Noor Ahmad,0,0,,,,,,,,,
1384430,2023/24,2023-11-07,"Wankhede Stadium, Mumbai",2,42.3,Australia,Afghanistan,PJ Cummins,GJ Maxwell,Noor Ahmad,0,0,,,,,,,,,
1384430,2023/24,2023-11-07,"Wankhede Stadium, Mumbai",2,42.4,Australia,Afghanistan,PJ Cummins,GJ Maxwell,Noor Ahmad,0,0,,,,,,,,,
1384430,2023/24,2023-11-07,"Wankhede Stadium, Mumbai",2,42.5,Australia,Afghanistan,PJ Cummins,GJ Maxwell,Noor Ahmad,0,0,,,,,,,,,
1384430,2023/24,2023-11-07,"Wankhede Stadium, Mumbai",2,42.6,Australia,Afghanistan,PJ Cummins,GJ Maxwell,Noor Ahmad,0,0,,,,,,,,,
1384430,2023/24,2023-11-07,"Wankhede Stadium, Mumbai",2,43.1,Australia,Afghanistan,GJ Maxwell,PJ Cummins,Azmatullah Omarzai,4,0,,,,,,,,,
1384430,2023/24,2023-11-07,"Wankhede Stadium, Mumbai",2,43.2,Australia,Afghanistan,GJ Maxwell,PJ Cummins,Azmatullah Omarzai,0,0,,,,,,,,,
1384430,2023/24,2023-11-07,"Wankhede Stadium, Mumbai",2,43.3,Australia,Afghanistan,GJ Maxwell,PJ Cummins,Azmatullah Omarzai,6,0,,,,,,,,,
1384430,2023/24,2023-11-07,"Wankhede Stadium, Mumbai",2,43.4,Australia,Afghanistan,GJ Maxwell,PJ Cummins,Azmatullah Omarzai,4,0,,,,,,,,,
1384430,2023/24,2023-11-07,"Wankhede Stadium, Mumbai",2,43.5,Australia,Afghanistan,GJ Maxwell,PJ Cummins,Azmatullah Omarzai,0,0,,,,,,,,,
1384430,2023/24,2023-11-07,"Wankhede Stadium, Mumbai",2,43.6,Australia,Afghanistan,GJ Maxwell,PJ Cummins,Azmatullah Omarzai,1,0,,,,,,,,,
1384430,2023/24,2023-11-07,"Wankhede Stadium, Mumbai",2,44.1,Australia,Afghanistan,GJ Maxwell,PJ Cummins,Naveen-ul-Haq,6,0,,,,,,,,,
1384430,2023/24,2023-11-07,"Wankhede Stadium, Mumbai",2,44.2,Australia,Afghanistan,GJ Maxwell,PJ Cummins,Naveen-ul-Haq,0,0,,,,,,,,,
1384430,2023/24,2023-11-07,"Wankhede Stadium, Mumbai",2,44.3,Australia,Afghanistan,GJ Maxwell,PJ Cummins,Naveen-ul-Haq,0,0,,,,,,,,,
1384430,2023/24,2023-11-07,"Wankhede Stadium, Mumbai",2,44.4,Australia,Afghanistan,GJ Maxwell,PJ Cummins,Naveen-ul-Haq,0,0,,,,,,,,,
1384430,2023/24,2023-11-07,"Wankhede Stadium, Mumbai",2,44.5,Australia,Afghanistan,GJ Maxwell,PJ Cummins,Naveen-ul-Haq,0,0,,,,,,,,,
1384430,2023/24,2023-11-07,"Wankhede Stadium, Mumbai",2,44.6,Australia,Afghanistan,GJ Maxwell,PJ Cummins,Naveen-ul-Haq,1,0,,,,,,,,,
1384430,2023/24,2023-11-07,"Wankhede Stadium, Mumbai",2,45.1,Australia,Afghanistan,GJ Maxwell,PJ Cummins,Rashid Khan,1,0,,,,,,,,,
1384430,2023/24,2023-11-07,"Wankhede Stadium, Mumbai",2,45.2,Australia,Afghanistan,PJ Cummins,GJ Maxwell,Rashid Khan,0,1,1,,,,,,,,
1384430,2023/24,2023-11-07,"Wankhede Stadium, Mumbai",2,45.3,Australia,Afghanistan,PJ Cummins,GJ Maxwell,Rashid Khan,0,0,,,,,,,,,
1384430,2023/24,2023-11-07,"Wankhede Stadium, Mumbai",2,45.4,Australia,Afghanistan,PJ Cummins,GJ Maxwell,Rashid Khan,1,0,,,,,,,,,
1384430,2023/24,2023-11-07,"Wankhede Stadium, Mumbai",2,45.5,Australia,Afghanistan,GJ Maxwell,PJ Cummins,Rashid Khan,0,0,,,,,,,,,
1384430,2023/24,2023-11-07,"Wankhede Stadium, Mumbai",2,45.6,Australia,Afghanistan,GJ Maxwell,PJ Cummins,Rashid Khan,0,0,,,,,,,,,
1384430,2023/24,2023-11-07,"Wankhede Stadium, Mumbai",2,45.7,Australia,Afghanistan,GJ Maxwell,PJ Cummins,Rashid Khan,1,0,,,,,,,,,
1384430,2023/24,2023-11-07,"Wankhede Stadium, Mumbai",2,46.1,Australia,Afghanistan,GJ Maxwell,PJ Cummins,Mujeeb Ur Rahman,0,0,,,,,,,,,
1384430,2023/24,2023-11-07,"Wankhede Stadium, Mumbai",2,46.2,Australia,Afghanistan,GJ Maxwell,PJ Cummins,Mujeeb Ur Rahman,6,0,,,,,,,,,
1384430,2023/24,2023-11-07,"Wankhede Stadium, Mumbai",2,46.3,Australia,Afghanistan,GJ Maxwell,PJ Cummins,Mujeeb Ur Rahman,6,0,,,,,,,,,
1384430,2023/24,2023-11-07,"Wankhede Stadium, Mumbai",2,46.4,Australia,Afghanistan,GJ Maxwell,PJ Cummins,Mujeeb Ur Rahman,4,0,,,,,,,,,
1384430,2023/24,2023-11-07,"Wankhede Stadium, Mumbai",2,46.5,Australia,Afghanistan,GJ Maxwell,PJ Cummins,Mujeeb Ur Rahman,6,0,,,,,,,,,
