version,2.2.0
info,balls_per_over,6
info,team,Queensland
info,team,Tasmania
info,gender,male
info,season,2023/24
info,date,2023/10/26
info,date,2023/10/27
info,date,2023/10/28
info,date,2023/10/29
info,event,Sheffield Shield
info,match_number,8
info,venue,"Bellerive Oval, Hobart"
info,city,Hobart
info,toss_winner,Tasmania
info,toss_decision,field
info,player_of_match,MS Wade
info,umpire,BC Treloar
info,umpire,MW Graham-Smith
info,match_referee,David Johnston
info,winner,Tasmania
info,winner_wickets,3
info,player,Queensland,BE Street
info,player,Queensland,MT Renshaw
info,player,Queensland,JA Burns
info,player,Queensland,J Clayton
info,player,Queensland,MG Neser
info,player,Queensland,BR McDermott
info,player,Queensland,JJ Peirson
info,player,Queensland,JD Wildermuth
info,player,Queensland,GS Sandhu
info,player,Queensland,MT Steketee
info,player,Queensland,MJ Swepson
info,player,Tasmania,TP Ward
info,player,Tasmania,CP Jewell
info,player,Tasmania,CA Wakim
info,player,Tasmania,JC Silk
info,player,Tasmania,MS Wade
info,player,Tasmania,BJ Webster
info,player,Tasmania,BM Hope
info,player,Tasmania,MJ Owen
info,player,Tasmania,JA Freeman
info,player,Tasmania,L Neil-Smith
info,player,Tasmania,GT Bell
info,registry,people,BC Treloar,f7e8ee52
info,registry,people,BE Street,3d4ad40e
info,registry,people,BJ Webster,56b93d46
info,registry,people,BM Hope,526a3073
info,registry,people,BR McDermott,c41043e6
info,registry,people,CA Wakim,c5e415aa
info,registry,people,CP Jewell,806c4e58
info,registry,people,David Johnston,92cef862
info,registry,people,GS Sandhu,1558d83b
info,registry,people,GT Bell,770ae773
info,registry,people,J Clayton,c56fc66d
info,registry,people,JA Burns,7a5f232a
info,registry,people,JA Freeman,912f472c
info,registry,people,JC Silk,7a6dc294
info,registry,people,JD Wildermuth,f1c61793
info,registry,people,JJ Peirson,2b55c3b4
info,registry,people,L Neil-Smith,72075ec1
info,registry,people,MG Neser,0164b064
info,registry,people,MJ Owen,f2c936d7
info,registry,people,MJ Swepson,86b4bf88
info,registry,people,MS Wade,afa7e784
info,registry,people,MT Renshaw,218d4d78
info,registry,people,MT Steketee,903560ed
info,registry,people,MW Graham-Smith,18aca3ce
info,registry,people,TP Ward,fdd837ba
