match_id,season,start_date,venue,innings,ball,batting_team,bowling_team,striker,non_striker,bowler,runs_off_bat,extras,wides,noballs,byes,legbyes,penalty,wicket_type,player_dismissed,other_wicket_type,other_player_dismissed
1400056,2023/24,2023-10-15,Europa Sports Complex,1,0.1,Luxembourg,Gibraltar,A Halbhavi,J Pant,L Bruce,0,0,,,,,,,,,
1400056,2023/24,2023-10-15,Europa Sports Complex,1,0.2,Luxembourg,Gibraltar,A Halbhavi,J Pant,L Bruce,0,0,,,,,,,,,
1400056,2023/24,2023-10-15,Europa Sports Complex,1,0.3,Luxembourg,Gibraltar,A Halbhavi,J Pant,L Bruce,1,0,,,,,,,,,
1400056,2023/24,2023-10-15,Europa Sports Complex,1,0.4,Luxembourg,Gibraltar,J Pant,A Halbhavi,L Bruce,0,1,,,1,,,,,,
1400056,2023/24,2023-10-15,Europa Sports Complex,1,0.5,Luxembourg,Gibraltar,A Halbhavi,J Pant,L Bruce,4,0,,,,,,,,,
1400056,2023/24,2023-10-15,Europa Sports Complex,1,0.6,Luxembourg,Gibraltar,A Halbhavi,J Pant,L Bruce,1,0,,,,,,,,,
1400056,2023/24,2023-10-15,Europa Sports Complex,1,1.1,Luxembourg,Gibraltar,A Halbhavi,J Pant,K Mirpuri,0,2,,,2,,,,,,
1400056,2023/24,2023-10-15,Europa Sports Complex,1,1.2,Luxembourg,Gibraltar,A Halbhavi,J Pant,K Mirpuri,0,0,,,,,,bowled,A Halbhavi,,
1400056,2023/24,2023-10-15,Europa Sports Complex,1,1.3,Luxembourg,Gibraltar,Anoop Orsu,J Pant,K Mirpuri,0,0,,,,,,,,,
1400056,2023/24,2023-10-15,Europa Sports Complex,1,1.4,Luxembourg,Gibraltar,Anoop Orsu,J Pant,K Mirpuri,0,0,,,,,,,,,
1400056,2023/24,2023-10-15,Europa Sports Complex,1,1.5,Luxembourg,Gibraltar,Anoop Orsu,J Pant,K Mirpuri,0,0,,,,,,bowled,Anoop Orsu,,
1400056,2023/24,2023-10-15,Europa Sports Complex,1,1.6,Luxembourg,Gibraltar,J Barker,J Pant,K Mirpuri,1,0,,,,,,,,,
1400056,2023/24,2023-10-15,Europa Sports Complex,1,2.1,Luxembourg,Gibraltar,J Barker,J Pant,L Bruce,1,0,,,,,,,,,
1400056,2023/24,2023-10-15,Europa Sports Complex,1,2.2,Luxembourg,Gibraltar,J Pant,J Barker,L Bruce,0,1,1,,,,,,,,
1400056,2023/24,2023-10-15,Europa Sports Complex,1,2.3,Luxembourg,Gibraltar,J Pant,J Barker,L Bruce,0,0,,,,,,,,,
1400056,2023/24,2023-10-15,Europa Sports Complex,1,2.4,Luxembourg,Gibraltar,J Pant,J Barker,L Bruce,0,0,,,,,,,,,
1400056,2023/24,2023-10-15,Europa Sports Complex,1,2.5,Luxembourg,Gibraltar,J Pant,J Barker,L Bruce,1,0,,,,,,,,,
1400056,2023/24,2023-10-15,Europa Sports Complex,1,2.6,Luxembourg,Gibraltar,J Barker,J Pant,L Bruce,1,0,,,,,,,,,
1400056,2023/24,2023-10-15,Europa Sports Complex,1,2.7,Luxembourg,Gibraltar,J Pant,J Barker,L Bruce,1,0,,,,,,,,,
1400056,2023/24,2023-10-15,Europa Sports Complex,1,3.1,Luxembourg,Gibraltar,J Pant,J Barker,K Mirpuri,2,0,,,,,,,,,
1400056,2023/24,2023-10-15,Europa Sports Complex,1,3.2,Luxembourg,Gibraltar,J Pant,J Barker,K Mirpuri,4,0,,,,,,,,,
1400056,2023/24,2023-10-15,Europa Sports Complex,1,3.3,Luxembourg,Gibraltar,J Pant,J Barker,K Mirpuri,0,0,,,,,,,,,
1400056,2023/24,2023-10-15,Europa Sports Complex,1,3.4,Luxembourg,Gibraltar,J Pant,J Barker,K Mirpuri,1,0,,,,,,,,,
1400056,2023/24,2023-10-15,Europa Sports Complex,1,3.5,Luxembourg,Gibraltar,J Barker,J Pant,K Mirpuri,1,0,,,,,,,,,
1400056,2023/24,2023-10-15,Europa Sports Complex,1,3.6,Luxembourg,Gibraltar,J Pant,J Barker,K Mirpuri,4,0,,,,,,,,,
1400056,2023/24,2023-10-15,Europa Sports Complex,1,4.1,Luxembourg,Gibraltar,J Barker,J Pant,S Bodha,0,1,1,,,,,,,,
1400056,2023/24,2023-10-15,Europa Sports Complex,1,4.2,Luxembourg,Gibraltar,J Barker,J Pant,S Bodha,1,0,,,,,,,,,
1400056,2023/24,2023-10-15,Europa Sports Complex,1,4.3,Luxembourg,Gibraltar,J Pant,J Barker,S Bodha,4,0,,,,,,,,,
1400056,2023/24,2023-10-15,Europa Sports Complex,1,4.4,Luxembourg,Gibraltar,J Pant,J Barker,S Bodha,1,0,,,,,,,,,
1400056,2023/24,2023-10-15,Europa Sports Complex,1,4.5,Luxembourg,Gibraltar,J Barker,J Pant,S Bodha,1,0,,,,,,,,,
1400056,2023/24,2023-10-15,Europa Sports Complex,1,4.6,Luxembourg,Gibraltar,J Pant,J Barker,S Bodha,1,0,,,,,,,,,
1400056,2023/24,2023-10-15,Europa Sports Complex,1,4.7,Luxembourg,Gibraltar,J Barker,J Pant,S Bodha,1,0,,,,,,,,,
1400056,2023/24,2023-10-15,Europa Sports Complex,1,5.1,Luxembourg,Gibraltar,J Barker,J Pant,J Horrocks,0,0,,,,,,,,,
1400056,2023/24,2023-10-15,Europa Sports Complex,1,5.2,Luxembourg,Gibraltar,J Barker,J Pant,J Horrocks,0,0,,,,,,,,,
1400056,2023/24,2023-10-15,Europa Sports Complex,1,5.3,Luxembourg,Gibraltar,J Barker,J Pant,J Horrocks,0,0,,,,,,,,,
1400056,2023/24,2023-10-15,Europa Sports Complex,1,5.4,Luxembourg,Gibraltar,J Barker,J Pant,J Horrocks,0,0,,,,,,,,,
1400056,2023/24,2023-10-15,Europa Sports Complex,1,5.5,Luxembourg,Gibraltar,J Barker,J Pant,J Horrocks,1,0,,,,,,,,,
1400056,2023/24,2023-10-15,Europa Sports Complex,1,5.6,Luxembourg,Gibraltar,J Pant,J Barker,J Horrocks,6,0,,,,,,,,,
1400056,2023/24,2023-10-15,Europa Sports Complex,1,6.1,Luxembourg,Gibraltar,J Barker,J Pant,S Bodha,2,0,,,,,,,,,
1400056,2023/24,2023-10-15,Europa Sports Complex,1,6.2,Luxembourg,Gibraltar,J Barker,J Pant,S Bodha,4,0,,,,,,,,,
1400056,2023/24,2023-10-15,Europa Sports Complex,1,6.3,Luxembourg,Gibraltar,J Barker,J Pant,S Bodha,1,0,,,,,,,,,
1400056,2023/24,2023-10-15,Europa Sports Complex,1,6.4,Luxembourg,Gibraltar,J Pant,J Barker,S Bodha,1,0,,,,,,,,,
1400056,2023/24,2023-10-15,Europa Sports Complex,1,6.5,Luxembourg,Gibraltar,J Barker,J Pant,S Bodha,1,0,,,,,,,,,
1400056,2023/24,2023-10-15,Europa Sports Complex,1,6.6,Luxembourg,Gibraltar,J Pant,J Barker,S Bodha,1,0,,,,,,,,,
1400056,2023/24,2023-10-15,Europa Sports Complex,1,7.1,Luxembourg,Gibraltar,J Pant,J Barker,J Horrocks,1,0,,,,,,,,,
1400056,2023/24,2023-10-15,Europa Sports Complex,1,7.2,Luxembourg,Gibraltar,J Barker,J Pant,J Horrocks,0,0,,,,,,,,,
1400056,2023/24,2023-10-15,Europa Sports Complex,1,7.3,Luxembourg,Gibraltar,J Barker,J Pant,J Horrocks,1,0,,,,,,,,,
1400056,2023/24,2023-10-15,Europa Sports Complex,1,7.4,Luxembourg,Gibraltar,J Pant,J Barker,J Horrocks,1,0,,,,,,,,,
1400056,2023/24,2023-10-15,Europa Sports Complex,1,7.5,Luxembourg,Gibraltar,J Barker,J Pant,J Horrocks,1,0,,,,,,,,,
1400056,2023/24,2023-10-15,Europa Sports Complex,1,7.6,Luxembourg,Gibraltar,J Pant,J Barker,J Horrocks,1,0,,,,,,,,,
1400056,2023/24,2023-10-15,Europa Sports Complex,1,8.1,Luxembourg,Gibraltar,J Pant,J Barker,S Bodha,0,0,,,,,,,,,
1400056,2023/24,2023-10-15,Europa Sports Complex,1,8.2,Luxembourg,Gibraltar,J Pant,J Barker,S Bodha,0,0,,,,,,,,,
1400056,2023/24,2023-10-15,Europa Sports Complex,1,8.3,Luxembourg,Gibraltar,J Pant,J Barker,S Bodha,4,0,,,,,,,,,
1400056,2023/24,2023-10-15,Europa Sports Complex,1,8.4,Luxembourg,Gibraltar,J Pant,J Barker,S Bodha,1,0,,,,,,,,,
1400056,2023/24,2023-10-15,Europa Sports Complex,1,8.5,Luxembourg,Gibraltar,J Barker,J Pant,S Bodha,1,0,,,,,,,,,
1400056,2023/24,2023-10-15,Europa Sports Complex,1,8.6,Luxembourg,Gibraltar,J Pant,J Barker,S Bodha,1,0,,,,,,,,,
1400056,2023/24,2023-10-15,Europa Sports Complex,1,9.1,Luxembourg,Gibraltar,J Pant,J Barker,J Horrocks,1,1,,1,,,,,,,
1400056,2023/24,2023-10-15,Europa Sports Complex,1,9.2,Luxembourg,Gibraltar,J Barker,J Pant,J Horrocks,1,0,,,,,,,,,
1400056,2023/24,2023-10-15,Europa Sports Complex,1,9.3,Luxembourg,Gibraltar,J Pant,J Barker,J Horrocks,1,0,,,,,,,,,
1400056,2023/24,2023-10-15,Europa Sports Complex,1,9.4,Luxembourg,Gibraltar,J Barker,J Pant,J Horrocks,0,0,,,,,,,,,
1400056,2023/24,2023-10-15,Europa Sports Complex,1,9.5,Luxembourg,Gibraltar,J Barker,J Pant,J Horrocks,4,0,,,,,,,,,
1400056,2023/24,2023-10-15,Europa Sports Complex,1,9.6,Luxembourg,Gibraltar,J Barker,J Pant,J Horrocks,1,0,,,,,,,,,
1400056,2023/24,2023-10-15,Europa Sports Complex,1,9.7,Luxembourg,Gibraltar,J Pant,J Barker,J Horrocks,2,0,,,,,,,,,
1400056,2023/24,2023-10-15,Europa Sports Complex,1,10.1,Luxembourg,Gibraltar,J Barker,J Pant,S Bodha,0,0,,,,,,,,,
1400056,2023/24,2023-10-15,Europa Sports Complex,1,10.2,Luxembourg,Gibraltar,J Barker,J Pant,S Bodha,4,0,,,,,,,,,
1400056,2023/24,2023-10-15,Europa Sports Complex,1,10.3,Luxembourg,Gibraltar,J Barker,J Pant,S Bodha,1,0,,,,,,,,,
1400056,2023/24,2023-10-15,Europa Sports Complex,1,10.4,Luxembourg,Gibraltar,J Pant,J Barker,S Bodha,0,0,,,,,,,,,
1400056,2023/24,2023-10-15,Europa Sports Complex,1,10.5,Luxembourg,Gibraltar,J Pant,J Barker,S Bodha,0,0,,,,,,bowled,J Pant,,
1400056,2023/24,2023-10-15,Europa Sports Complex,1,10.6,Luxembourg,Gibraltar,T Martin,J Barker,S Bodha,4,0,,,,,,,,,
1400056,2023/24,2023-10-15,Europa Sports Complex,1,11.1,Luxembourg,Gibraltar,J Barker,T Martin,K Mirpuri,1,0,,,,,,,,,
1400056,2023/24,2023-10-15,Europa Sports Complex,1,11.2,Luxembourg,Gibraltar,T Martin,J Barker,K Mirpuri,0,0,,,,,,,,,
1400056,2023/24,2023-10-15,Europa Sports Complex,1,11.3,Luxembourg,Gibraltar,T Martin,J Barker,K Mirpuri,1,0,,,,,,,,,
1400056,2023/24,2023-10-15,Europa Sports Complex,1,11.4,Luxembourg,Gibraltar,J Barker,T Martin,K Mirpuri,1,0,,,,,,,,,
1400056,2023/24,2023-10-15,Europa Sports Complex,1,11.5,Luxembourg,Gibraltar,T Martin,J Barker,K Mirpuri,1,0,,,,,,,,,
1400056,2023/24,2023-10-15,Europa Sports Complex,1,11.6,Luxembourg,Gibraltar,J Barker,T Martin,K Mirpuri,2,0,,,,,,,,,
1400056,2023/24,2023-10-15,Europa Sports Complex,1,12.1,Luxembourg,Gibraltar,T Martin,J Barker,L Bruce,4,0,,,,,,,,,
1400056,2023/24,2023-10-15,Europa Sports Complex,1,12.2,Luxembourg,Gibraltar,T Martin,J Barker,L Bruce,1,0,,,,,,,,,
1400056,2023/24,2023-10-15,Europa Sports Complex,1,12.3,Luxembourg,Gibraltar,J Barker,T Martin,L Bruce,1,0,,,,,,,,,
1400056,2023/24,2023-10-15,Europa Sports Complex,1,12.4,Luxembourg,Gibraltar,T Martin,J Barker,L Bruce,0,0,,,,,,,,,
1400056,2023/24,2023-10-15,Europa Sports Complex,1,12.5,Luxembourg,Gibraltar,T Martin,J Barker,L Bruce,0,0,,,,,,,,,
1400056,2023/24,2023-10-15,Europa Sports Complex,1,12.6,Luxembourg,Gibraltar,T Martin,J Barker,L Bruce,0,1,,,,1,,,,,
1400056,2023/24,2023-10-15,Europa Sports Complex,1,13.1,Luxembourg,Gibraltar,T Martin,J Barker,K Mirpuri,0,0,,,,,,,,,
1400056,2023/24,2023-10-15,Europa Sports Complex,1,13.2,Luxembourg,Gibraltar,T Martin,J Barker,K Mirpuri,4,0,,,,,,,,,
1400056,2023/24,2023-10-15,Europa Sports Complex,1,13.3,Luxembourg,Gibraltar,T Martin,J Barker,K Mirpuri,0,0,,,,,,,,,
1400056,2023/24,2023-10-15,Europa Sports Complex,1,13.4,Luxembourg,Gibraltar,T Martin,J Barker,K Mirpuri,4,0,,,,,,,,,
1400056,2023/24,2023-10-15,Europa Sports Complex,1,13.5,Luxembourg,Gibraltar,T Martin,J Barker,K Mirpuri,1,0,,,,,,,,,
1400056,2023/24,2023-10-15,Europa Sports Complex,1,13.6,Luxembourg,Gibraltar,J Barker,T Martin,K Mirpuri,0,0,,,,,,,,,
1400056,2023/24,2023-10-15,Europa Sports Complex,1,14.1,Luxembourg,Gibraltar,T Martin,J Barker,JA Fitzgerald,4,0,,,,,,,,,
1400056,2023/24,2023-10-15,Europa Sports Complex,1,14.2,Luxembourg,Gibraltar,T Martin,J Barker,JA Fitzgerald,1,0,,,,,,,,,
1400056,2023/24,2023-10-15,Europa Sports Complex,1,14.3,Luxembourg,Gibraltar,J Barker,T Martin,JA Fitzgerald,1,0,,,,,,,,,
1400056,2023/24,2023-10-15,Europa Sports Complex,1,14.4,Luxembourg,Gibraltar,T Martin,J Barker,JA Fitzgerald,1,0,,,,,,,,,
1400056,2023/24,2023-10-15,Europa Sports Complex,1,14.5,Luxembourg,Gibraltar,J Barker,T Martin,JA Fitzgerald,4,0,,,,,,,,,
1400056,2023/24,2023-10-15,Europa Sports Complex,1,14.6,Luxembourg,Gibraltar,J Barker,T Martin,JA Fitzgerald,1,0,,,,,,,,,
1400056,2023/24,2023-10-15,Europa Sports Complex,1,15.1,Luxembourg,Gibraltar,J Barker,T Martin,A Sawyer,2,0,,,,,,,,,
1400056,2023/24,2023-10-15,Europa Sports Complex,1,15.2,Luxembourg,Gibraltar,J Barker,T Martin,A Sawyer,1,0,,,,,,,,,
1400056,2023/24,2023-10-15,Europa Sports Complex,1,15.3,Luxembourg,Gibraltar,T Martin,J Barker,A Sawyer,6,0,,,,,,,,,
1400056,2023/24,2023-10-15,Europa Sports Complex,1,15.4,Luxembourg,Gibraltar,T Martin,J Barker,A Sawyer,2,0,,,,,,,,,
1400056,2023/24,2023-10-15,Europa Sports Complex,1,15.5,Luxembourg,Gibraltar,T Martin,J Barker,A Sawyer,0,0,,,,,,,,,
1400056,2023/24,2023-10-15,Europa Sports Complex,1,15.6,Luxembourg,Gibraltar,T Martin,J Barker,A Sawyer,1,0,,,,,,,,,
1400056,2023/24,2023-10-15,Europa Sports Complex,1,16.1,Luxembourg,Gibraltar,T Martin,J Barker,JA Fitzgerald,0,0,,,,,,caught,T Martin,,
1400056,2023/24,2023-10-15,Europa Sports Complex,1,16.2,Luxembourg,Gibraltar,V Vijh,J Barker,JA Fitzgerald,1,1,,1,,,,,,,
1400056,2023/24,2023-10-15,Europa Sports Complex,1,16.3,Luxembourg,Gibraltar,J Barker,V Vijh,JA Fitzgerald,2,0,,,,,,,,,
1400056,2023/24,2023-10-15,Europa Sports Complex,1,16.4,Luxembourg,Gibraltar,J Barker,V Vijh,JA Fitzgerald,0,0,,,,,,,,,
1400056,2023/24,2023-10-15,Europa Sports Complex,1,16.5,Luxembourg,Gibraltar,J Barker,V Vijh,JA Fitzgerald,1,0,,,,,,,,,
1400056,2023/24,2023-10-15,Europa Sports Complex,1,16.6,Luxembourg,Gibraltar,V Vijh,J Barker,JA Fitzgerald,4,0,,,,,,,,,
1400056,2023/24,2023-10-15,Europa Sports Complex,1,16.7,Luxembourg,Gibraltar,V Vijh,J Barker,JA Fitzgerald,4,0,,,,,,,,,
1400056,2023/24,2023-10-15,Europa Sports Complex,1,17.1,Luxembourg,Gibraltar,J Barker,V Vijh,J Horrocks,1,0,,,,,,,,,
1400056,2023/24,2023-10-15,Europa Sports Complex,1,17.2,Luxembourg,Gibraltar,V Vijh,J Barker,J Horrocks,1,0,,,,,,,,,
1400056,2023/24,2023-10-15,Europa Sports Complex,1,17.3,Luxembourg,Gibraltar,J Barker,V Vijh,J Horrocks,0,0,,,,,,,,,
1400056,2023/24,2023-10-15,Europa Sports Complex,1,17.4,Luxembourg,Gibraltar,J Barker,V Vijh,J Horrocks,0,0,,,,,,caught,J Barker,,
1400056,2023/24,2023-10-15,Europa Sports Complex,1,17.5,Luxembourg,Gibraltar,SKS Gill,V Vijh,J Horrocks,1,0,,,,,,,,,
1400056,2023/24,2023-10-15,Europa Sports Complex,1,17.6,Luxembourg,Gibraltar,V Vijh,SKS Gill,J Horrocks,4,0,,,,,,,,,
1400056,2023/24,2023-10-15,Europa Sports Complex,1,18.1,Luxembourg,Gibraltar,SKS Gill,V Vijh,L Bruce,0,1,1,,,,,,,,
1400056,2023/24,2023-10-15,Europa Sports Complex,1,18.2,Luxembourg,Gibraltar,SKS Gill,V Vijh,L Bruce,6,0,,,,,,,,,
1400056,2023/24,2023-10-15,Europa Sports Complex,1,18.3,Luxembourg,Gibraltar,SKS Gill,V Vijh,L Bruce,1,0,,,,,,,,,
1400056,2023/24,2023-10-15,Europa Sports Complex,1,18.4,Luxembourg,Gibraltar,V Vijh,SKS Gill,L Bruce,1,0,,,,,,,,,
1400056,2023/24,2023-10-15,Europa Sports Complex,1,18.5,Luxembourg,Gibraltar,SKS Gill,V Vijh,L Bruce,0,0,,,,,,caught,SKS Gill,,
1400056,2023/24,2023-10-15,Europa Sports Complex,1,18.6,Luxembourg,Gibraltar,M Dixit,V Vijh,L Bruce,1,0,,,,,,,,,
1400056,2023/24,2023-10-15,Europa Sports Complex,1,18.7,Luxembourg,Gibraltar,V Vijh,M Dixit,L Bruce,0,0,,,,,,run out,V Vijh,,
1400056,2023/24,2023-10-15,Europa Sports Complex,1,19.1,Luxembourg,Gibraltar,M Dixit,J Mees,A Reyes,0,0,,,,,,caught,M Dixit,,
1400056,2023/24,2023-10-15,Europa Sports Complex,1,19.2,Luxembourg,Gibraltar,A Nanda,J Mees,A Reyes,0,0,,,,,,,,,
1400056,2023/24,2023-10-15,Europa Sports Complex,1,19.3,Luxembourg,Gibraltar,A Nanda,J Mees,A Reyes,0,1,1,,,,,,,,
1400056,2023/24,2023-10-15,Europa Sports Complex,1,19.4,Luxembourg,Gibraltar,A Nanda,J Mees,A Reyes,1,0,,,,,,,,,
1400056,2023/24,2023-10-15,Europa Sports Complex,1,19.5,Luxembourg,Gibraltar,J Mees,A Nanda,A Reyes,0,0,,,,,,bowled,J Mees,,
1400056,2023/24,2023-10-15,Europa Sports Complex,1,19.6,Luxembourg,Gibraltar,A Dhingra,A Nanda,A Reyes,0,0,,,,,,,,,
1400056,2023/24,2023-10-15,Europa Sports Complex,1,19.7,Luxembourg,Gibraltar,A Dhingra,A Nanda,A Reyes,1,0,,,,,,run out,A Dhingra,,
1400056,2023/24,2023-10-15,Europa Sports Complex,2,0.1,Gibraltar,Luxembourg,L Bruce,K Mirpuri,A Nanda,0,0,,,,,,caught and bowled,L Bruce,,
1400056,2023/24,2023-10-15,Europa Sports Complex,2,0.2,Gibraltar,Luxembourg,KJ Stagno,K Mirpuri,A Nanda,1,0,,,,,,,,,
1400056,2023/24,2023-10-15,Europa Sports Complex,2,0.3,Gibraltar,Luxembourg,K Mirpuri,KJ Stagno,A Nanda,0,0,,,,,,,,,
1400056,2023/24,2023-10-15,Europa Sports Complex,2,0.4,Gibraltar,Luxembourg,K Mirpuri,KJ Stagno,A Nanda,1,0,,,,,,,,,
1400056,2023/24,2023-10-15,Europa Sports Complex,2,0.5,Gibraltar,Luxembourg,KJ Stagno,K Mirpuri,A Nanda,6,0,,,,,,,,,
1400056,2023/24,2023-10-15,Europa Sports Complex,2,0.6,Gibraltar,Luxembourg,KJ Stagno,K Mirpuri,A Nanda,1,0,,,,,,,,,
1400056,2023/24,2023-10-15,Europa Sports Complex,2,1.1,Gibraltar,Luxembourg,KJ Stagno,K Mirpuri,M Dixit,0,1,1,,,,,,,,
1400056,2023/24,2023-10-15,Europa Sports Complex,2,1.2,Gibraltar,Luxembourg,KJ Stagno,K Mirpuri,M Dixit,0,0,,,,,,,,,
1400056,2023/24,2023-10-15,Europa Sports Complex,2,1.3,Gibraltar,Luxembourg,KJ Stagno,K Mirpuri,M Dixit,1,0,,,,,,,,,
1400056,2023/24,2023-10-15,Europa Sports Complex,2,1.4,Gibraltar,Luxembourg,K Mirpuri,KJ Stagno,M Dixit,1,0,,,,,,,,,
1400056,2023/24,2023-10-15,Europa Sports Complex,2,1.5,Gibraltar,Luxembourg,KJ Stagno,K Mirpuri,M Dixit,6,0,,,,,,,,,
1400056,2023/24,2023-10-15,Europa Sports Complex,2,1.6,Gibraltar,Luxembourg,KJ Stagno,K Mirpuri,M Dixit,4,0,,,,,,,,,
1400056,2023/24,2023-10-15,Europa Sports Complex,2,1.7,Gibraltar,Luxembourg,KJ Stagno,K Mirpuri,M Dixit,0,0,,,,,,,,,
1400056,2023/24,2023-10-15,Europa Sports Complex,2,2.1,Gibraltar,Luxembourg,K Mirpuri,KJ Stagno,A Nanda,0,0,,,,,,,,,
1400056,2023/24,2023-10-15,Europa Sports Complex,2,2.2,Gibraltar,Luxembourg,K Mirpuri,KJ Stagno,A Nanda,1,0,,,,,,,,,
1400056,2023/24,2023-10-15,Europa Sports Complex,2,2.3,Gibraltar,Luxembourg,KJ Stagno,K Mirpuri,A Nanda,4,0,,,,,,,,,
1400056,2023/24,2023-10-15,Europa Sports Complex,2,2.4,Gibraltar,Luxembourg,KJ Stagno,K Mirpuri,A Nanda,0,0,,,,,,,,,
1400056,2023/24,2023-10-15,Europa Sports Complex,2,2.5,Gibraltar,Luxembourg,KJ Stagno,K Mirpuri,A Nanda,0,0,,,,,,,,,
1400056,2023/24,2023-10-15,Europa Sports Complex,2,2.6,Gibraltar,Luxembourg,KJ Stagno,K Mirpuri,A Nanda,4,0,,,,,,,,,
1400056,2023/24,2023-10-15,Europa Sports Complex,2,3.1,Gibraltar,Luxembourg,K Mirpuri,KJ Stagno,M Dixit,1,0,,,,,,,,,
1400056,2023/24,2023-10-15,Europa Sports Complex,2,3.2,Gibraltar,Luxembourg,KJ Stagno,K Mirpuri,M Dixit,2,0,,,,,,,,,
1400056,2023/24,2023-10-15,Europa Sports Complex,2,3.3,Gibraltar,Luxembourg,KJ Stagno,K Mirpuri,M Dixit,0,0,,,,,,,,,
1400056,2023/24,2023-10-15,Europa Sports Complex,2,3.4,Gibraltar,Luxembourg,KJ Stagno,K Mirpuri,M Dixit,2,0,,,,,,,,,
1400056,2023/24,2023-10-15,Europa Sports Complex,2,3.5,Gibraltar,Luxembourg,KJ Stagno,K Mirpuri,M Dixit,0,0,,,,,,,,,
1400056,2023/24,2023-10-15,Europa Sports Complex,2,3.6,Gibraltar,Luxembourg,KJ Stagno,K Mirpuri,M Dixit,2,0,,,,,,,,,
1400056,2023/24,2023-10-15,Europa Sports Complex,2,4.1,Gibraltar,Luxembourg,K Mirpuri,KJ Stagno,A Nanda,0,0,,,,,,,,,
1400056,2023/24,2023-10-15,Europa Sports Complex,2,4.2,Gibraltar,Luxembourg,K Mirpuri,KJ Stagno,A Nanda,0,0,,,,,,,,,
1400056,2023/24,2023-10-15,Europa Sports Complex,2,4.3,Gibraltar,Luxembourg,K Mirpuri,KJ Stagno,A Nanda,1,0,,,,,,,,,
1400056,2023/24,2023-10-15,Europa Sports Complex,2,4.4,Gibraltar,Luxembourg,KJ Stagno,K Mirpuri,A Nanda,0,0,,,,,,,,,
1400056,2023/24,2023-10-15,Europa Sports Complex,2,4.5,Gibraltar,Luxembourg,KJ Stagno,K Mirpuri,A Nanda,1,0,,,,,,,,,
1400056,2023/24,2023-10-15,Europa Sports Complex,2,4.6,Gibraltar,Luxembourg,K Mirpuri,KJ Stagno,A Nanda,1,0,,,,,,,,,
1400056,2023/24,2023-10-15,Europa Sports Complex,2,5.1,Gibraltar,Luxembourg,K Mirpuri,KJ Stagno,A Dhingra,0,1,1,,,,,,,,
1400056,2023/24,2023-10-15,Europa Sports Complex,2,5.2,Gibraltar,Luxembourg,K Mirpuri,KJ Stagno,A Dhingra,4,0,,,,,,,,,
1400056,2023/24,2023-10-15,Europa Sports Complex,2,5.3,Gibraltar,Luxembourg,K Mirpuri,KJ Stagno,A Dhingra,0,0,,,,,,,,,
1400056,2023/24,2023-10-15,Europa Sports Complex,2,5.4,Gibraltar,Luxembourg,K Mirpuri,KJ Stagno,A Dhingra,1,0,,,,,,,,,
1400056,2023/24,2023-10-15,Europa Sports Complex,2,5.5,Gibraltar,Luxembourg,KJ Stagno,K Mirpuri,A Dhingra,0,1,1,,,,,,,,
1400056,2023/24,2023-10-15,Europa Sports Complex,2,5.6,Gibraltar,Luxembourg,KJ Stagno,K Mirpuri,A Dhingra,0,0,,,,,,,,,
1400056,2023/24,2023-10-15,Europa Sports Complex,2,5.7,Gibraltar,Luxembourg,KJ Stagno,K Mirpuri,A Dhingra,1,0,,,,,,,,,
1400056,2023/24,2023-10-15,Europa Sports Complex,2,5.8,Gibraltar,Luxembourg,K Mirpuri,KJ Stagno,A Dhingra,0,0,,,,,,,,,
1400056,2023/24,2023-10-15,Europa Sports Complex,2,6.1,Gibraltar,Luxembourg,KJ Stagno,K Mirpuri,T Martin,6,0,,,,,,,,,
1400056,2023/24,2023-10-15,Europa Sports Complex,2,6.2,Gibraltar,Luxembourg,KJ Stagno,K Mirpuri,T Martin,0,1,1,,,,,,,,
1400056,2023/24,2023-10-15,Europa Sports Complex,2,6.3,Gibraltar,Luxembourg,KJ Stagno,K Mirpuri,T Martin,1,0,,,,,,,,,
1400056,2023/24,2023-10-15,Europa Sports Complex,2,6.4,Gibraltar,Luxembourg,K Mirpuri,KJ Stagno,T Martin,1,0,,,,,,,,,
1400056,2023/24,2023-10-15,Europa Sports Complex,2,6.5,Gibraltar,Luxembourg,KJ Stagno,K Mirpuri,T Martin,0,1,,1,,,,,,,
1400056,2023/24,2023-10-15,Europa Sports Complex,2,6.6,Gibraltar,Luxembourg,KJ Stagno,K Mirpuri,T Martin,0,0,,,,,,,,,
1400056,2023/24,2023-10-15,Europa Sports Complex,2,6.7,Gibraltar,Luxembourg,KJ Stagno,K Mirpuri,T Martin,1,0,,,,,,,,,
1400056,2023/24,2023-10-15,Europa Sports Complex,2,6.8,Gibraltar,Luxembourg,K Mirpuri,KJ Stagno,T Martin,1,0,,,,,,,,,
1400056,2023/24,2023-10-15,Europa Sports Complex,2,7.1,Gibraltar,Luxembourg,K Mirpuri,KJ Stagno,A Dhingra,0,0,,,,,,bowled,K Mirpuri,,
1400056,2023/24,2023-10-15,Europa Sports Complex,2,7.2,Gibraltar,Luxembourg,P Hatchman,KJ Stagno,A Dhingra,1,0,,,,,,,,,
1400056,2023/24,2023-10-15,Europa Sports Complex,2,7.3,Gibraltar,Luxembourg,KJ Stagno,P Hatchman,A Dhingra,0,0,,,,,,,,,
1400056,2023/24,2023-10-15,Europa Sports Complex,2,7.4,Gibraltar,Luxembourg,KJ Stagno,P Hatchman,A Dhingra,1,0,,,,,,,,,
1400056,2023/24,2023-10-15,Europa Sports Complex,2,7.5,Gibraltar,Luxembourg,P Hatchman,KJ Stagno,A Dhingra,1,0,,,,,,,,,
1400056,2023/24,2023-10-15,Europa Sports Complex,2,7.6,Gibraltar,Luxembourg,KJ Stagno,P Hatchman,A Dhingra,1,0,,,,,,,,,
1400056,2023/24,2023-10-15,Europa Sports Complex,2,8.1,Gibraltar,Luxembourg,KJ Stagno,P Hatchman,T Martin,1,0,,,,,,,,,
1400056,2023/24,2023-10-15,Europa Sports Complex,2,8.2,Gibraltar,Luxembourg,P Hatchman,KJ Stagno,T Martin,0,0,,,,,,bowled,P Hatchman,,
1400056,2023/24,2023-10-15,Europa Sports Complex,2,8.3,Gibraltar,Luxembourg,K Nestor,KJ Stagno,T Martin,0,0,,,,,,,,,
1400056,2023/24,2023-10-15,Europa Sports Complex,2,8.4,Gibraltar,Luxembourg,K Nestor,KJ Stagno,T Martin,0,2,,1,1,,,,,,
1400056,2023/24,2023-10-15,Europa Sports Complex,2,8.5,Gibraltar,Luxembourg,KJ Stagno,K Nestor,T Martin,0,0,,,,,,,,,
1400056,2023/24,2023-10-15,Europa Sports Complex,2,8.6,Gibraltar,Luxembourg,KJ Stagno,K Nestor,T Martin,2,0,,,,,,,,,
1400056,2023/24,2023-10-15,Europa Sports Complex,2,8.7,Gibraltar,Luxembourg,KJ Stagno,K Nestor,T Martin,0,1,1,,,,,,,,
1400056,2023/24,2023-10-15,Europa Sports Complex,2,8.8,Gibraltar,Luxembourg,KJ Stagno,K Nestor,T Martin,6,0,,,,,,,,,
1400056,2023/24,2023-10-15,Europa Sports Complex,2,9.1,Gibraltar,Luxembourg,K Nestor,KJ Stagno,SKS Gill,0,0,,,,,,,,,
1400056,2023/24,2023-10-15,Europa Sports Complex,2,9.2,Gibraltar,Luxembourg,K Nestor,KJ Stagno,SKS Gill,0,0,,,,,,,,,
1400056,2023/24,2023-10-15,Europa Sports Complex,2,9.3,Gibraltar,Luxembourg,K Nestor,KJ Stagno,SKS Gill,0,1,,,1,,,,,,
1400056,2023/24,2023-10-15,Europa Sports Complex,2,9.4,Gibraltar,Luxembourg,KJ Stagno,K Nestor,SKS Gill,1,0,,,,,,,,,
1400056,2023/24,2023-10-15,Europa Sports Complex,2,9.5,Gibraltar,Luxembourg,K Nestor,KJ Stagno,SKS Gill,0,0,,,,,,lbw,K Nestor,,
1400056,2023/24,2023-10-15,Europa Sports Complex,2,9.6,Gibraltar,Luxembourg,S Bodha,KJ Stagno,SKS Gill,1,0,,,,,,,,,
1400056,2023/24,2023-10-15,Europa Sports Complex,2,10.1,Gibraltar,Luxembourg,S Bodha,KJ Stagno,V Vijh,0,1,1,,,,,,,,
1400056,2023/24,2023-10-15,Europa Sports Complex,2,10.2,Gibraltar,Luxembourg,S Bodha,KJ Stagno,V Vijh,1,0,,,,,,,,,
1400056,2023/24,2023-10-15,Europa Sports Complex,2,10.3,Gibraltar,Luxembourg,KJ Stagno,S Bodha,V Vijh,1,0,,,,,,,,,
1400056,2023/24,2023-10-15,Europa Sports Complex,2,10.4,Gibraltar,Luxembourg,S Bodha,KJ Stagno,V Vijh,1,0,,,,,,,,,
1400056,2023/24,2023-10-15,Europa Sports Complex,2,10.5,Gibraltar,Luxembourg,KJ Stagno,S Bodha,V Vijh,1,0,,,,,,,,,
1400056,2023/24,2023-10-15,Europa Sports Complex,2,10.6,Gibraltar,Luxembourg,S Bodha,KJ Stagno,V Vijh,0,0,,,,,,,,,
1400056,2023/24,2023-10-15,Europa Sports Complex,2,10.7,Gibraltar,Luxembourg,S Bodha,KJ Stagno,V Vijh,0,0,,,,,,bowled,S Bodha,,
1400056,2023/24,2023-10-15,Europa Sports Complex,2,11.1,Gibraltar,Luxembourg,KJ Stagno,JA Fitzgerald,SKS Gill,0,0,,,,,,,,,
1400056,2023/24,2023-10-15,Europa Sports Complex,2,11.2,Gibraltar,Luxembourg,KJ Stagno,JA Fitzgerald,SKS Gill,1,0,,,,,,,,,
1400056,2023/24,2023-10-15,Europa Sports Complex,2,11.3,Gibraltar,Luxembourg,JA Fitzgerald,KJ Stagno,SKS Gill,0,0,,,,,,,,,
1400056,2023/24,2023-10-15,Europa Sports Complex,2,11.4,Gibraltar,Luxembourg,JA Fitzgerald,KJ Stagno,SKS Gill,2,0,,,,,,,,,
1400056,2023/24,2023-10-15,Europa Sports Complex,2,11.5,Gibraltar,Luxembourg,JA Fitzgerald,KJ Stagno,SKS Gill,1,0,,,,,,,,,
1400056,2023/24,2023-10-15,Europa Sports Complex,2,11.6,Gibraltar,Luxembourg,KJ Stagno,JA Fitzgerald,SKS Gill,0,0,,,,,,,,,
1400056,2023/24,2023-10-15,Europa Sports Complex,2,12.1,Gibraltar,Luxembourg,JA Fitzgerald,KJ Stagno,V Vijh,0,0,,,,,,,,,
1400056,2023/24,2023-10-15,Europa Sports Complex,2,12.2,Gibraltar,Luxembourg,JA Fitzgerald,KJ Stagno,V Vijh,0,0,,,,,,,,,
1400056,2023/24,2023-10-15,Europa Sports Complex,2,12.3,Gibraltar,Luxembourg,JA Fitzgerald,KJ Stagno,V Vijh,2,0,,,,,,,,,
1400056,2023/24,2023-10-15,Europa Sports Complex,2,12.4,Gibraltar,Luxembourg,JA Fitzgerald,KJ Stagno,V Vijh,1,0,,,,,,,,,
1400056,2023/24,2023-10-15,Europa Sports Complex,2,12.5,Gibraltar,Luxembourg,KJ Stagno,JA Fitzgerald,V Vijh,1,0,,,,,,,,,
1400056,2023/24,2023-10-15,Europa Sports Complex,2,12.6,Gibraltar,Luxembourg,JA Fitzgerald,KJ Stagno,V Vijh,0,1,1,,,,,,,,
1400056,2023/24,2023-10-15,Europa Sports Complex,2,12.7,Gibraltar,Luxembourg,JA Fitzgerald,KJ Stagno,V Vijh,1,0,,,,,,,,,
1400056,2023/24,2023-10-15,Europa Sports Complex,2,13.1,Gibraltar,Luxembourg,JA Fitzgerald,KJ Stagno,SKS Gill,1,0,,,,,,,,,
1400056,2023/24,2023-10-15,Europa Sports Complex,2,13.2,Gibraltar,Luxembourg,KJ Stagno,JA Fitzgerald,SKS Gill,6,0,,,,,,,,,
1400056,2023/24,2023-10-15,Europa Sports Complex,2,13.3,Gibraltar,Luxembourg,KJ Stagno,JA Fitzgerald,SKS Gill,1,0,,,,,,,,,
1400056,2023/24,2023-10-15,Europa Sports Complex,2,13.4,Gibraltar,Luxembourg,JA Fitzgerald,KJ Stagno,SKS Gill,2,0,,,,,,,,,
1400056,2023/24,2023-10-15,Europa Sports Complex,2,13.5,Gibraltar,Luxembourg,JA Fitzgerald,KJ Stagno,SKS Gill,1,0,,,,,,,,,
1400056,2023/24,2023-10-15,Europa Sports Complex,2,13.6,Gibraltar,Luxembourg,KJ Stagno,JA Fitzgerald,SKS Gill,1,0,,,,,,,,,
1400056,2023/24,2023-10-15,Europa Sports Complex,2,14.1,Gibraltar,Luxembourg,KJ Stagno,JA Fitzgerald,A Nanda,0,2,,,,2,,,,,
1400056,2023/24,2023-10-15,Europa Sports Complex,2,14.2,Gibraltar,Luxembourg,KJ Stagno,JA Fitzgerald,A Nanda,1,0,,,,,,,,,
1400056,2023/24,2023-10-15,Europa Sports Complex,2,14.3,Gibraltar,Luxembourg,JA Fitzgerald,KJ Stagno,A Nanda,0,0,,,,,,,,,
1400056,2023/24,2023-10-15,Europa Sports Complex,2,14.4,Gibraltar,Luxembourg,JA Fitzgerald,KJ Stagno,A Nanda,1,0,,,,,,,,,
1400056,2023/24,2023-10-15,Europa Sports Complex,2,14.5,Gibraltar,Luxembourg,KJ Stagno,JA Fitzgerald,A Nanda,0,0,,,,,,caught,KJ Stagno,,
1400056,2023/24,2023-10-15,Europa Sports Complex,2,14.6,Gibraltar,Luxembourg,A Reyes,JA Fitzgerald,A Nanda,1,0,,,,,,,,,
1400056,2023/24,2023-10-15,Europa Sports Complex,2,15.1,Gibraltar,Luxembourg,A Reyes,JA Fitzgerald,A Dhingra,1,0,,,,,,,,,
1400056,2023/24,2023-10-15,Europa Sports Complex,2,15.2,Gibraltar,Luxembourg,JA Fitzgerald,A Reyes,A Dhingra,0,0,,,,,,caught,JA Fitzgerald,,
1400056,2023/24,2023-10-15,Europa Sports Complex,2,15.3,Gibraltar,Luxembourg,J Horrocks,A Reyes,A Dhingra,1,0,,,,,,,,,
1400056,2023/24,2023-10-15,Europa Sports Complex,2,15.4,Gibraltar,Luxembourg,A Reyes,J Horrocks,A Dhingra,4,0,,,,,,,,,
1400056,2023/24,2023-10-15,Europa Sports Complex,2,15.5,Gibraltar,Luxembourg,A Reyes,J Horrocks,A Dhingra,0,1,1,,,,,,,,
1400056,2023/24,2023-10-15,Europa Sports Complex,2,15.6,Gibraltar,Luxembourg,A Reyes,J Horrocks,A Dhingra,0,0,,,,,,,,,
1400056,2023/24,2023-10-15,Europa Sports Complex,2,15.7,Gibraltar,Luxembourg,A Reyes,J Horrocks,A Dhingra,1,0,,,,,,,,,
1400056,2023/24,2023-10-15,Europa Sports Complex,2,16.1,Gibraltar,Luxembourg,A Reyes,J Horrocks,V Vijh,1,0,,,,,,,,,
1400056,2023/24,2023-10-15,Europa Sports Complex,2,16.2,Gibraltar,Luxembourg,J Horrocks,A Reyes,V Vijh,1,0,,,,,,,,,
1400056,2023/24,2023-10-15,Europa Sports Complex,2,16.3,Gibraltar,Luxembourg,A Reyes,J Horrocks,V Vijh,2,0,,,,,,,,,
1400056,2023/24,2023-10-15,Europa Sports Complex,2,16.4,Gibraltar,Luxembourg,A Reyes,J Horrocks,V Vijh,1,0,,,,,,,,,
1400056,2023/24,2023-10-15,Europa Sports Complex,2,16.5,Gibraltar,Luxembourg,J Horrocks,A Reyes,V Vijh,6,0,,,,,,,,,
1400056,2023/24,2023-10-15,Europa Sports Complex,2,16.6,Gibraltar,Luxembourg,J Horrocks,A Reyes,V Vijh,2,0,,,,,,,,,
1400056,2023/24,2023-10-15,Europa Sports Complex,2,17.1,Gibraltar,Luxembourg,A Reyes,J Horrocks,M Dixit,1,0,,,,,,,,,
1400056,2023/24,2023-10-15,Europa Sports Complex,2,17.2,Gibraltar,Luxembourg,J Horrocks,A Reyes,M Dixit,1,0,,,,,,,,,
1400056,2023/24,2023-10-15,Europa Sports Complex,2,17.3,Gibraltar,Luxembourg,A Reyes,J Horrocks,M Dixit,4,0,,,,,,,,,
1400056,2023/24,2023-10-15,Europa Sports Complex,2,17.4,Gibraltar,Luxembourg,A Reyes,J Horrocks,M Dixit,0,1,,,,1,,,,,
1400056,2023/24,2023-10-15,Europa Sports Complex,2,17.5,Gibraltar,Luxembourg,J Horrocks,A Reyes,M Dixit,0,1,,,1,,,,,,
1400056,2023/24,2023-10-15,Europa Sports Complex,2,17.6,Gibraltar,Luxembourg,A Reyes,J Horrocks,M Dixit,1,0,,,,,,,,,
1400056,2023/24,2023-10-15,Europa Sports Complex,2,18.1,Gibraltar,Luxembourg,A Reyes,J Horrocks,V Vijh,1,0,,,,,,,,,
1400056,2023/24,2023-10-15,Europa Sports Complex,2,18.2,Gibraltar,Luxembourg,J Horrocks,A Reyes,V Vijh,1,0,,,,,,,,,
1400056,2023/24,2023-10-15,Europa Sports Complex,2,18.3,Gibraltar,Luxembourg,A Reyes,J Horrocks,V Vijh,0,0,,,,,,,,,
1400056,2023/24,2023-10-15,Europa Sports Complex,2,18.4,Gibraltar,Luxembourg,A Reyes,J Horrocks,V Vijh,0,0,,,,,,caught,A Reyes,,
1400056,2023/24,2023-10-15,Europa Sports Complex,2,18.5,Gibraltar,Luxembourg,N Advani,J Horrocks,V Vijh,1,0,,,,,,,,,
1400056,2023/24,2023-10-15,Europa Sports Complex,2,18.6,Gibraltar,Luxembourg,J Horrocks,N Advani,V Vijh,1,0,,,,,,,,,
1400056,2023/24,2023-10-15,Europa Sports Complex,2,19.1,Gibraltar,Luxembourg,J Horrocks,N Advani,A Dhingra,2,0,,,,,,,,,
1400056,2023/24,2023-10-15,Europa Sports Complex,2,19.2,Gibraltar,Luxembourg,J Horrocks,N Advani,A Dhingra,1,0,,,,,,,,,
1400056,2023/24,2023-10-15,Europa Sports Complex,2,19.3,Gibraltar,Luxembourg,N Advani,J Horrocks,A Dhingra,0,0,,,,,,,,,
1400056,2023/24,2023-10-15,Europa Sports Complex,2,19.4,Gibraltar,Luxembourg,N Advani,J Horrocks,A Dhingra,1,0,,,,,,,,,
1400056,2023/24,2023-10-15,Europa Sports Complex,2,19.5,Gibraltar,Luxembourg,J Horrocks,N Advani,A Dhingra,2,0,,,,,,,,,
1400056,2023/24,2023-10-15,Europa Sports Complex,2,19.6,Gibraltar,Luxembourg,J Horrocks,N Advani,A Dhingra,2,0,,,,,,,,,
