match_id,season,start_date,venue,innings,ball,batting_team,bowling_team,striker,non_striker,bowler,runs_off_bat,extras,wides,noballs,byes,legbyes,penalty,wicket_type,player_dismissed,other_wicket_type,other_player_dismissed
1403294,2023/24,2023-10-27,"Tribhuvan University International Cricket Ground, Kirtipur",1,0.1,Nepal,United Arab Emirates,K Bhurtel,Aasif Sheikh,Muhammad Jawadullah,0,1,1,,,,,,,,
1403294,2023/24,2023-10-27,"Tribhuvan University International Cricket Ground, Kirtipur",1,0.2,Nepal,United Arab Emirates,K Bhurtel,Aasif Sheikh,Muhammad Jawadullah,0,0,,,,,,,,,
1403294,2023/24,2023-10-27,"Tribhuvan University International Cricket Ground, Kirtipur",1,0.3,Nepal,United Arab Emirates,K Bhurtel,Aasif Sheikh,Muhammad Jawadullah,4,0,,,,,,,,,
1403294,2023/24,2023-10-27,"Tribhuvan University International Cricket Ground, Kirtipur",1,0.4,Nepal,United Arab Emirates,K Bhurtel,Aasif Sheikh,Muhammad Jawadullah,0,0,,,,,,,,,
1403294,2023/24,2023-10-27,"Tribhuvan University International Cricket Ground, Kirtipur",1,0.5,Nepal,United Arab Emirates,K Bhurtel,Aasif Sheikh,Muhammad Jawadullah,0,0,,,,,,,,,
1403294,2023/24,2023-10-27,"Tribhuvan University International Cricket Ground, Kirtipur",1,0.6,Nepal,United Arab Emirates,K Bhurtel,Aasif Sheikh,Muhammad Jawadullah,1,0,,,,,,,,,
1403294,2023/24,2023-10-27,"Tribhuvan University International Cricket Ground, Kirtipur",1,0.7,Nepal,United Arab Emirates,Aasif Sheikh,K Bhurtel,Muhammad Jawadullah,0,0,,,,,,,,,
1403294,2023/24,2023-10-27,"Tribhuvan University International Cricket Ground, Kirtipur",1,1.1,Nepal,United Arab Emirates,K Bhurtel,Aasif Sheikh,Junaid Siddique,0,0,,,,,,,,,
1403294,2023/24,2023-10-27,"Tribhuvan University International Cricket Ground, Kirtipur",1,1.2,Nepal,United Arab Emirates,K Bhurtel,Aasif Sheikh,Junaid Siddique,1,0,,,,,,,,,
1403294,2023/24,2023-10-27,"Tribhuvan University International Cricket Ground, Kirtipur",1,1.3,Nepal,United Arab Emirates,Aasif Sheikh,K Bhurtel,Junaid Siddique,0,0,,,,,,,,,
1403294,2023/24,2023-10-27,"Tribhuvan University International Cricket Ground, Kirtipur",1,1.4,Nepal,United Arab Emirates,Aasif Sheikh,K Bhurtel,Junaid Siddique,4,0,,,,,,,,,
1403294,2023/24,2023-10-27,"Tribhuvan University International Cricket Ground, Kirtipur",1,1.5,Nepal,United Arab Emirates,Aasif Sheikh,K Bhurtel,Junaid Siddique,1,0,,,,,,,,,
1403294,2023/24,2023-10-27,"Tribhuvan University International Cricket Ground, Kirtipur",1,1.6,Nepal,United Arab Emirates,K Bhurtel,Aasif Sheikh,Junaid Siddique,1,0,,,,,,,,,
1403294,2023/24,2023-10-27,"Tribhuvan University International Cricket Ground, Kirtipur",1,2.1,Nepal,United Arab Emirates,K Bhurtel,Aasif Sheikh,Muhammad Jawadullah,4,0,,,,,,,,,
1403294,2023/24,2023-10-27,"Tribhuvan University International Cricket Ground, Kirtipur",1,2.2,Nepal,United Arab Emirates,K Bhurtel,Aasif Sheikh,Muhammad Jawadullah,4,0,,,,,,,,,
1403294,2023/24,2023-10-27,"Tribhuvan University International Cricket Ground, Kirtipur",1,2.3,Nepal,United Arab Emirates,K Bhurtel,Aasif Sheikh,Muhammad Jawadullah,4,0,,,,,,,,,
1403294,2023/24,2023-10-27,"Tribhuvan University International Cricket Ground, Kirtipur",1,2.4,Nepal,United Arab Emirates,K Bhurtel,Aasif Sheikh,Muhammad Jawadullah,1,0,,,,,,,,,
1403294,2023/24,2023-10-27,"Tribhuvan University International Cricket Ground, Kirtipur",1,2.5,Nepal,United Arab Emirates,Aasif Sheikh,K Bhurtel,Muhammad Jawadullah,0,0,,,,,,,,,
1403294,2023/24,2023-10-27,"Tribhuvan University International Cricket Ground, Kirtipur",1,2.6,Nepal,United Arab Emirates,Aasif Sheikh,K Bhurtel,Muhammad Jawadullah,0,0,,,,,,,,,
1403294,2023/24,2023-10-27,"Tribhuvan University International Cricket Ground, Kirtipur",1,3.1,Nepal,United Arab Emirates,K Bhurtel,Aasif Sheikh,Junaid Siddique,0,0,,,,,,,,,
1403294,2023/24,2023-10-27,"Tribhuvan University International Cricket Ground, Kirtipur",1,3.2,Nepal,United Arab Emirates,K Bhurtel,Aasif Sheikh,Junaid Siddique,4,0,,,,,,,,,
1403294,2023/24,2023-10-27,"Tribhuvan University International Cricket Ground, Kirtipur",1,3.3,Nepal,United Arab Emirates,K Bhurtel,Aasif Sheikh,Junaid Siddique,4,0,,,,,,,,,
1403294,2023/24,2023-10-27,"Tribhuvan University International Cricket Ground, Kirtipur",1,3.4,Nepal,United Arab Emirates,K Bhurtel,Aasif Sheikh,Junaid Siddique,0,4,,,,4,,,,,
1403294,2023/24,2023-10-27,"Tribhuvan University International Cricket Ground, Kirtipur",1,3.5,Nepal,United Arab Emirates,K Bhurtel,Aasif Sheikh,Junaid Siddique,0,1,1,,,,,,,,
1403294,2023/24,2023-10-27,"Tribhuvan University International Cricket Ground, Kirtipur",1,3.6,Nepal,United Arab Emirates,K Bhurtel,Aasif Sheikh,Junaid Siddique,1,0,,,,,,,,,
1403294,2023/24,2023-10-27,"Tribhuvan University International Cricket Ground, Kirtipur",1,3.7,Nepal,United Arab Emirates,Aasif Sheikh,K Bhurtel,Junaid Siddique,1,0,,,,,,,,,
1403294,2023/24,2023-10-27,"Tribhuvan University International Cricket Ground, Kirtipur",1,4.1,Nepal,United Arab Emirates,Aasif Sheikh,K Bhurtel,Aayan Afzal Khan,0,0,,,,,,,,,
1403294,2023/24,2023-10-27,"Tribhuvan University International Cricket Ground, Kirtipur",1,4.2,Nepal,United Arab Emirates,Aasif Sheikh,K Bhurtel,Aayan Afzal Khan,1,0,,,,,,,,,
1403294,2023/24,2023-10-27,"Tribhuvan University International Cricket Ground, Kirtipur",1,4.3,Nepal,United Arab Emirates,K Bhurtel,Aasif Sheikh,Aayan Afzal Khan,1,0,,,,,,,,,
1403294,2023/24,2023-10-27,"Tribhuvan University International Cricket Ground, Kirtipur",1,4.4,Nepal,United Arab Emirates,Aasif Sheikh,K Bhurtel,Aayan Afzal Khan,0,0,,,,,,,,,
1403294,2023/24,2023-10-27,"Tribhuvan University International Cricket Ground, Kirtipur",1,4.5,Nepal,United Arab Emirates,Aasif Sheikh,K Bhurtel,Aayan Afzal Khan,0,0,,,,,,,,,
1403294,2023/24,2023-10-27,"Tribhuvan University International Cricket Ground, Kirtipur",1,4.6,Nepal,United Arab Emirates,Aasif Sheikh,K Bhurtel,Aayan Afzal Khan,0,0,,,,,,bowled,Aasif Sheikh,,
1403294,2023/24,2023-10-27,"Tribhuvan University International Cricket Ground, Kirtipur",1,5.1,Nepal,United Arab Emirates,K Bhurtel,Kushal Malla,Ali Naseer,0,0,,,,,,,,,
1403294,2023/24,2023-10-27,"Tribhuvan University International Cricket Ground, Kirtipur",1,5.2,Nepal,United Arab Emirates,K Bhurtel,Kushal Malla,Ali Naseer,6,0,,,,,,,,,
1403294,2023/24,2023-10-27,"Tribhuvan University International Cricket Ground, Kirtipur",1,5.3,Nepal,United Arab Emirates,K Bhurtel,Kushal Malla,Ali Naseer,6,0,,,,,,,,,
1403294,2023/24,2023-10-27,"Tribhuvan University International Cricket Ground, Kirtipur",1,5.4,Nepal,United Arab Emirates,K Bhurtel,Kushal Malla,Ali Naseer,0,0,,,,,,,,,
1403294,2023/24,2023-10-27,"Tribhuvan University International Cricket Ground, Kirtipur",1,5.5,Nepal,United Arab Emirates,K Bhurtel,Kushal Malla,Ali Naseer,0,0,,,,,,,,,
1403294,2023/24,2023-10-27,"Tribhuvan University International Cricket Ground, Kirtipur",1,5.6,Nepal,United Arab Emirates,K Bhurtel,Kushal Malla,Ali Naseer,6,0,,,,,,,,,
1403294,2023/24,2023-10-27,"Tribhuvan University International Cricket Ground, Kirtipur",1,6.1,Nepal,United Arab Emirates,Kushal Malla,K Bhurtel,Aayan Afzal Khan,1,0,,,,,,,,,
1403294,2023/24,2023-10-27,"Tribhuvan University International Cricket Ground, Kirtipur",1,6.2,Nepal,United Arab Emirates,K Bhurtel,Kushal Malla,Aayan Afzal Khan,0,0,,,,,,,,,
1403294,2023/24,2023-10-27,"Tribhuvan University International Cricket Ground, Kirtipur",1,6.3,Nepal,United Arab Emirates,K Bhurtel,Kushal Malla,Aayan Afzal Khan,0,1,,,,1,,,,,
1403294,2023/24,2023-10-27,"Tribhuvan University International Cricket Ground, Kirtipur",1,6.4,Nepal,United Arab Emirates,Kushal Malla,K Bhurtel,Aayan Afzal Khan,0,0,,,,,,bowled,Kushal Malla,,
1403294,2023/24,2023-10-27,"Tribhuvan University International Cricket Ground, Kirtipur",1,6.5,Nepal,United Arab Emirates,RK Paudel,K Bhurtel,Aayan Afzal Khan,1,0,,,,,,,,,
1403294,2023/24,2023-10-27,"Tribhuvan University International Cricket Ground, Kirtipur",1,6.6,Nepal,United Arab Emirates,K Bhurtel,RK Paudel,Aayan Afzal Khan,1,0,,,,,,,,,
1403294,2023/24,2023-10-27,"Tribhuvan University International Cricket Ground, Kirtipur",1,7.1,Nepal,United Arab Emirates,K Bhurtel,RK Paudel,Zahoor Khan,0,1,1,,,,,,,,
1403294,2023/24,2023-10-27,"Tribhuvan University International Cricket Ground, Kirtipur",1,7.2,Nepal,United Arab Emirates,K Bhurtel,RK Paudel,Zahoor Khan,1,0,,,,,,,,,
1403294,2023/24,2023-10-27,"Tribhuvan University International Cricket Ground, Kirtipur",1,7.3,Nepal,United Arab Emirates,RK Paudel,K Bhurtel,Zahoor Khan,1,0,,,,,,,,,
1403294,2023/24,2023-10-27,"Tribhuvan University International Cricket Ground, Kirtipur",1,7.4,Nepal,United Arab Emirates,K Bhurtel,RK Paudel,Zahoor Khan,0,0,,,,,,bowled,K Bhurtel,,
1403294,2023/24,2023-10-27,"Tribhuvan University International Cricket Ground, Kirtipur",1,7.5,Nepal,United Arab Emirates,DS Airee,RK Paudel,Zahoor Khan,1,0,,,,,,,,,
1403294,2023/24,2023-10-27,"Tribhuvan University International Cricket Ground, Kirtipur",1,7.6,Nepal,United Arab Emirates,RK Paudel,DS Airee,Zahoor Khan,0,1,1,,,,,,,,
1403294,2023/24,2023-10-27,"Tribhuvan University International Cricket Ground, Kirtipur",1,7.7,Nepal,United Arab Emirates,RK Paudel,DS Airee,Zahoor Khan,0,1,1,,,,,,,,
1403294,2023/24,2023-10-27,"Tribhuvan University International Cricket Ground, Kirtipur",1,7.8,Nepal,United Arab Emirates,RK Paudel,DS Airee,Zahoor Khan,0,1,1,,,,,,,,
1403294,2023/24,2023-10-27,"Tribhuvan University International Cricket Ground, Kirtipur",1,7.9,Nepal,United Arab Emirates,RK Paudel,DS Airee,Zahoor Khan,4,0,,,,,,,,,
1403294,2023/24,2023-10-27,"Tribhuvan University International Cricket Ground, Kirtipur",1,7.10,Nepal,United Arab Emirates,RK Paudel,DS Airee,Zahoor Khan,1,0,,,,,,,,,
1403294,2023/24,2023-10-27,"Tribhuvan University International Cricket Ground, Kirtipur",1,8.1,Nepal,United Arab Emirates,RK Paudel,DS Airee,Aayan Afzal Khan,1,0,,,,,,,,,
1403294,2023/24,2023-10-27,"Tribhuvan University International Cricket Ground, Kirtipur",1,8.2,Nepal,United Arab Emirates,DS Airee,RK Paudel,Aayan Afzal Khan,1,0,,,,,,,,,
1403294,2023/24,2023-10-27,"Tribhuvan University International Cricket Ground, Kirtipur",1,8.3,Nepal,United Arab Emirates,RK Paudel,DS Airee,Aayan Afzal Khan,0,0,,,,,,,,,
1403294,2023/24,2023-10-27,"Tribhuvan University International Cricket Ground, Kirtipur",1,8.4,Nepal,United Arab Emirates,RK Paudel,DS Airee,Aayan Afzal Khan,1,0,,,,,,,,,
1403294,2023/24,2023-10-27,"Tribhuvan University International Cricket Ground, Kirtipur",1,8.5,Nepal,United Arab Emirates,DS Airee,RK Paudel,Aayan Afzal Khan,2,0,,,,,,,,,
1403294,2023/24,2023-10-27,"Tribhuvan University International Cricket Ground, Kirtipur",1,8.6,Nepal,United Arab Emirates,DS Airee,RK Paudel,Aayan Afzal Khan,6,0,,,,,,,,,
1403294,2023/24,2023-10-27,"Tribhuvan University International Cricket Ground, Kirtipur",1,9.1,Nepal,United Arab Emirates,RK Paudel,DS Airee,Ali Naseer,1,0,,,,,,,,,
1403294,2023/24,2023-10-27,"Tribhuvan University International Cricket Ground, Kirtipur",1,9.2,Nepal,United Arab Emirates,DS Airee,RK Paudel,Ali Naseer,0,0,,,,,,,,,
1403294,2023/24,2023-10-27,"Tribhuvan University International Cricket Ground, Kirtipur",1,9.3,Nepal,United Arab Emirates,DS Airee,RK Paudel,Ali Naseer,2,0,,,,,,,,,
1403294,2023/24,2023-10-27,"Tribhuvan University International Cricket Ground, Kirtipur",1,9.4,Nepal,United Arab Emirates,DS Airee,RK Paudel,Ali Naseer,0,0,,,,,,,,,
1403294,2023/24,2023-10-27,"Tribhuvan University International Cricket Ground, Kirtipur",1,9.5,Nepal,United Arab Emirates,DS Airee,RK Paudel,Ali Naseer,0,0,,,,,,,,,
1403294,2023/24,2023-10-27,"Tribhuvan University International Cricket Ground, Kirtipur",1,9.6,Nepal,United Arab Emirates,DS Airee,RK Paudel,Ali Naseer,4,0,,,,,,,,,
1403294,2023/24,2023-10-27,"Tribhuvan University International Cricket Ground, Kirtipur",1,10.1,Nepal,United Arab Emirates,RK Paudel,DS Airee,Zahoor Khan,2,0,,,,,,,,,
1403294,2023/24,2023-10-27,"Tribhuvan University International Cricket Ground, Kirtipur",1,10.2,Nepal,United Arab Emirates,RK Paudel,DS Airee,Zahoor Khan,0,0,,,,,,,,,
1403294,2023/24,2023-10-27,"Tribhuvan University International Cricket Ground, Kirtipur",1,10.3,Nepal,United Arab Emirates,RK Paudel,DS Airee,Zahoor Khan,0,0,,,,,,,,,
1403294,2023/24,2023-10-27,"Tribhuvan University International Cricket Ground, Kirtipur",1,10.4,Nepal,United Arab Emirates,RK Paudel,DS Airee,Zahoor Khan,1,0,,,,,,,,,
1403294,2023/24,2023-10-27,"Tribhuvan University International Cricket Ground, Kirtipur",1,10.5,Nepal,United Arab Emirates,DS Airee,RK Paudel,Zahoor Khan,0,0,,,,,,,,,
1403294,2023/24,2023-10-27,"Tribhuvan University International Cricket Ground, Kirtipur",1,10.6,Nepal,United Arab Emirates,DS Airee,RK Paudel,Zahoor Khan,1,0,,,,,,,,,
1403294,2023/24,2023-10-27,"Tribhuvan University International Cricket Ground, Kirtipur",1,11.1,Nepal,United Arab Emirates,DS Airee,RK Paudel,Muhammad Jawadullah,1,0,,,,,,,,,
1403294,2023/24,2023-10-27,"Tribhuvan University International Cricket Ground, Kirtipur",1,11.2,Nepal,United Arab Emirates,RK Paudel,DS Airee,Muhammad Jawadullah,0,0,,,,,,,,,
1403294,2023/24,2023-10-27,"Tribhuvan University International Cricket Ground, Kirtipur",1,11.3,Nepal,United Arab Emirates,RK Paudel,DS Airee,Muhammad Jawadullah,2,0,,,,,,,,,
1403294,2023/24,2023-10-27,"Tribhuvan University International Cricket Ground, Kirtipur",1,11.4,Nepal,United Arab Emirates,RK Paudel,DS Airee,Muhammad Jawadullah,2,0,,,,,,,,,
1403294,2023/24,2023-10-27,"Tribhuvan University International Cricket Ground, Kirtipur",1,11.5,Nepal,United Arab Emirates,RK Paudel,DS Airee,Muhammad Jawadullah,0,1,1,,,,,,,,
1403294,2023/24,2023-10-27,"Tribhuvan University International Cricket Ground, Kirtipur",1,11.6,Nepal,United Arab Emirates,RK Paudel,DS Airee,Muhammad Jawadullah,1,0,,,,,,,,,
1403294,2023/24,2023-10-27,"Tribhuvan University International Cricket Ground, Kirtipur",1,11.7,Nepal,United Arab Emirates,DS Airee,RK Paudel,Muhammad Jawadullah,2,0,,,,,,,,,
1403294,2023/24,2023-10-27,"Tribhuvan University International Cricket Ground, Kirtipur",1,12.1,Nepal,United Arab Emirates,RK Paudel,DS Airee,Ali Naseer,0,0,,,,,,caught,RK Paudel,,
1403294,2023/24,2023-10-27,"Tribhuvan University International Cricket Ground, Kirtipur",1,12.2,Nepal,United Arab Emirates,S Jora,DS Airee,Ali Naseer,1,0,,,,,,,,,
1403294,2023/24,2023-10-27,"Tribhuvan University International Cricket Ground, Kirtipur",1,12.3,Nepal,United Arab Emirates,DS Airee,S Jora,Ali Naseer,0,0,,,,,,,,,
1403294,2023/24,2023-10-27,"Tribhuvan University International Cricket Ground, Kirtipur",1,12.4,Nepal,United Arab Emirates,DS Airee,S Jora,Ali Naseer,0,0,,,,,,bowled,DS Airee,,
1403294,2023/24,2023-10-27,"Tribhuvan University International Cricket Ground, Kirtipur",1,12.5,Nepal,United Arab Emirates,Gulsan Jha,S Jora,Ali Naseer,1,0,,,,,,,,,
1403294,2023/24,2023-10-27,"Tribhuvan University International Cricket Ground, Kirtipur",1,12.6,Nepal,United Arab Emirates,S Jora,Gulsan Jha,Ali Naseer,1,0,,,,,,,,,
1403294,2023/24,2023-10-27,"Tribhuvan University International Cricket Ground, Kirtipur",1,13.1,Nepal,United Arab Emirates,S Jora,Gulsan Jha,Muhammad Jawadullah,1,0,,,,,,,,,
1403294,2023/24,2023-10-27,"Tribhuvan University International Cricket Ground, Kirtipur",1,13.2,Nepal,United Arab Emirates,Gulsan Jha,S Jora,Muhammad Jawadullah,0,0,,,,,,,,,
1403294,2023/24,2023-10-27,"Tribhuvan University International Cricket Ground, Kirtipur",1,13.3,Nepal,United Arab Emirates,Gulsan Jha,S Jora,Muhammad Jawadullah,1,0,,,,,,,,,
1403294,2023/24,2023-10-27,"Tribhuvan University International Cricket Ground, Kirtipur",1,13.4,Nepal,United Arab Emirates,S Jora,Gulsan Jha,Muhammad Jawadullah,0,0,,,,,,,,,
1403294,2023/24,2023-10-27,"Tribhuvan University International Cricket Ground, Kirtipur",1,13.5,Nepal,United Arab Emirates,S Jora,Gulsan Jha,Muhammad Jawadullah,1,0,,,,,,,,,
1403294,2023/24,2023-10-27,"Tribhuvan University International Cricket Ground, Kirtipur",1,13.6,Nepal,United Arab Emirates,Gulsan Jha,S Jora,Muhammad Jawadullah,0,0,,,,,,,,,
1403294,2023/24,2023-10-27,"Tribhuvan University International Cricket Ground, Kirtipur",1,14.1,Nepal,United Arab Emirates,S Jora,Gulsan Jha,Ali Naseer,4,0,,,,,,,,,
1403294,2023/24,2023-10-27,"Tribhuvan University International Cricket Ground, Kirtipur",1,14.2,Nepal,United Arab Emirates,S Jora,Gulsan Jha,Ali Naseer,1,0,,,,,,,,,
1403294,2023/24,2023-10-27,"Tribhuvan University International Cricket Ground, Kirtipur",1,14.3,Nepal,United Arab Emirates,Gulsan Jha,S Jora,Ali Naseer,1,0,,,,,,,,,
1403294,2023/24,2023-10-27,"Tribhuvan University International Cricket Ground, Kirtipur",1,14.4,Nepal,United Arab Emirates,S Jora,Gulsan Jha,Ali Naseer,0,1,,,,1,,,,,
1403294,2023/24,2023-10-27,"Tribhuvan University International Cricket Ground, Kirtipur",1,14.5,Nepal,United Arab Emirates,Gulsan Jha,S Jora,Ali Naseer,1,0,,,,,,,,,
1403294,2023/24,2023-10-27,"Tribhuvan University International Cricket Ground, Kirtipur",1,14.6,Nepal,United Arab Emirates,S Jora,Gulsan Jha,Ali Naseer,1,0,,,,,,,,,
1403294,2023/24,2023-10-27,"Tribhuvan University International Cricket Ground, Kirtipur",1,15.1,Nepal,United Arab Emirates,S Jora,Gulsan Jha,Zahoor Khan,0,0,,,,,,caught,S Jora,,
1403294,2023/24,2023-10-27,"Tribhuvan University International Cricket Ground, Kirtipur",1,15.2,Nepal,United Arab Emirates,Sompal Kami,Gulsan Jha,Zahoor Khan,4,0,,,,,,,,,
1403294,2023/24,2023-10-27,"Tribhuvan University International Cricket Ground, Kirtipur",1,15.3,Nepal,United Arab Emirates,Sompal Kami,Gulsan Jha,Zahoor Khan,1,0,,,,,,,,,
1403294,2023/24,2023-10-27,"Tribhuvan University International Cricket Ground, Kirtipur",1,15.4,Nepal,United Arab Emirates,Gulsan Jha,Sompal Kami,Zahoor Khan,1,0,,,,,,,,,
1403294,2023/24,2023-10-27,"Tribhuvan University International Cricket Ground, Kirtipur",1,15.5,Nepal,United Arab Emirates,Sompal Kami,Gulsan Jha,Zahoor Khan,2,0,,,,,,,,,
1403294,2023/24,2023-10-27,"Tribhuvan University International Cricket Ground, Kirtipur",1,15.6,Nepal,United Arab Emirates,Sompal Kami,Gulsan Jha,Zahoor Khan,0,0,,,,,,,,,
1403294,2023/24,2023-10-27,"Tribhuvan University International Cricket Ground, Kirtipur",1,16.1,Nepal,United Arab Emirates,Gulsan Jha,Sompal Kami,Junaid Siddique,0,0,,,,,,caught,Gulsan Jha,,
1403294,2023/24,2023-10-27,"Tribhuvan University International Cricket Ground, Kirtipur",1,16.2,Nepal,United Arab Emirates,Karan KC,Sompal Kami,Junaid Siddique,1,0,,,,,,,,,
1403294,2023/24,2023-10-27,"Tribhuvan University International Cricket Ground, Kirtipur",1,16.3,Nepal,United Arab Emirates,Sompal Kami,Karan KC,Junaid Siddique,0,1,1,,,,,,,,
1403294,2023/24,2023-10-27,"Tribhuvan University International Cricket Ground, Kirtipur",1,16.4,Nepal,United Arab Emirates,Sompal Kami,Karan KC,Junaid Siddique,4,0,,,,,,,,,
1403294,2023/24,2023-10-27,"Tribhuvan University International Cricket Ground, Kirtipur",1,16.5,Nepal,United Arab Emirates,Sompal Kami,Karan KC,Junaid Siddique,0,1,1,,,,,,,,
1403294,2023/24,2023-10-27,"Tribhuvan University International Cricket Ground, Kirtipur",1,16.6,Nepal,United Arab Emirates,Sompal Kami,Karan KC,Junaid Siddique,1,0,,,,,,,,,
1403294,2023/24,2023-10-27,"Tribhuvan University International Cricket Ground, Kirtipur",1,16.7,Nepal,United Arab Emirates,Karan KC,Sompal Kami,Junaid Siddique,0,0,,,,,,,,,
1403294,2023/24,2023-10-27,"Tribhuvan University International Cricket Ground, Kirtipur",1,16.8,Nepal,United Arab Emirates,Karan KC,Sompal Kami,Junaid Siddique,1,0,,,,,,,,,
1403294,2023/24,2023-10-27,"Tribhuvan University International Cricket Ground, Kirtipur",1,17.1,Nepal,United Arab Emirates,Karan KC,Sompal Kami,Aayan Afzal Khan,1,0,,,,,,,,,
1403294,2023/24,2023-10-27,"Tribhuvan University International Cricket Ground, Kirtipur",1,17.2,Nepal,United Arab Emirates,Sompal Kami,Karan KC,Aayan Afzal Khan,1,0,,,,,,,,,
1403294,2023/24,2023-10-27,"Tribhuvan University International Cricket Ground, Kirtipur",1,17.3,Nepal,United Arab Emirates,Karan KC,Sompal Kami,Aayan Afzal Khan,1,0,,,,,,,,,
1403294,2023/24,2023-10-27,"Tribhuvan University International Cricket Ground, Kirtipur",1,17.4,Nepal,United Arab Emirates,Sompal Kami,Karan KC,Aayan Afzal Khan,0,0,,,,,,bowled,Sompal Kami,,
1403294,2023/24,2023-10-27,"Tribhuvan University International Cricket Ground, Kirtipur",1,17.5,Nepal,United Arab Emirates,A Bohara,Karan KC,Aayan Afzal Khan,0,0,,,,,,,,,
1403294,2023/24,2023-10-27,"Tribhuvan University International Cricket Ground, Kirtipur",1,17.6,Nepal,United Arab Emirates,A Bohara,Karan KC,Aayan Afzal Khan,0,0,,,,,,,,,
1403294,2023/24,2023-10-27,"Tribhuvan University International Cricket Ground, Kirtipur",1,18.1,Nepal,United Arab Emirates,Karan KC,A Bohara,Junaid Siddique,4,0,,,,,,,,,
1403294,2023/24,2023-10-27,"Tribhuvan University International Cricket Ground, Kirtipur",1,18.2,Nepal,United Arab Emirates,Karan KC,A Bohara,Junaid Siddique,4,0,,,,,,,,,
1403294,2023/24,2023-10-27,"Tribhuvan University International Cricket Ground, Kirtipur",1,18.3,Nepal,United Arab Emirates,Karan KC,A Bohara,Junaid Siddique,0,0,,,,,,,,,
1403294,2023/24,2023-10-27,"Tribhuvan University International Cricket Ground, Kirtipur",1,18.4,Nepal,United Arab Emirates,Karan KC,A Bohara,Junaid Siddique,2,0,,,,,,,,,
1403294,2023/24,2023-10-27,"Tribhuvan University International Cricket Ground, Kirtipur",1,18.5,Nepal,United Arab Emirates,Karan KC,A Bohara,Junaid Siddique,6,0,,,,,,,,,
1403294,2023/24,2023-10-27,"Tribhuvan University International Cricket Ground, Kirtipur",1,18.6,Nepal,United Arab Emirates,Karan KC,A Bohara,Junaid Siddique,1,0,,,,,,,,,
1403294,2023/24,2023-10-27,"Tribhuvan University International Cricket Ground, Kirtipur",1,19.1,Nepal,United Arab Emirates,Karan KC,A Bohara,Zahoor Khan,0,0,,,,,,,,,
1403294,2023/24,2023-10-27,"Tribhuvan University International Cricket Ground, Kirtipur",1,19.2,Nepal,United Arab Emirates,Karan KC,A Bohara,Zahoor Khan,0,0,,,,,,,,,
1403294,2023/24,2023-10-27,"Tribhuvan University International Cricket Ground, Kirtipur",1,19.3,Nepal,United Arab Emirates,Karan KC,A Bohara,Zahoor Khan,0,0,,,,,,,,,
1403294,2023/24,2023-10-27,"Tribhuvan University International Cricket Ground, Kirtipur",1,19.4,Nepal,United Arab Emirates,Karan KC,A Bohara,Zahoor Khan,0,0,,,,,,,,,
1403294,2023/24,2023-10-27,"Tribhuvan University International Cricket Ground, Kirtipur",1,19.5,Nepal,United Arab Emirates,Karan KC,A Bohara,Zahoor Khan,0,0,,,,,,,,,
1403294,2023/24,2023-10-27,"Tribhuvan University International Cricket Ground, Kirtipur",1,19.6,Nepal,United Arab Emirates,Karan KC,A Bohara,Zahoor Khan,2,0,,,,,,,,,
1403294,2023/24,2023-10-27,"Tribhuvan University International Cricket Ground, Kirtipur",2,0.1,United Arab Emirates,Nepal,Waseem Muhammad,A Sharma,Sompal Kami,0,1,,1,,,,,,,
1403294,2023/24,2023-10-27,"Tribhuvan University International Cricket Ground, Kirtipur",2,0.2,United Arab Emirates,Nepal,Waseem Muhammad,A Sharma,Sompal Kami,6,0,,,,,,,,,
1403294,2023/24,2023-10-27,"Tribhuvan University International Cricket Ground, Kirtipur",2,0.3,United Arab Emirates,Nepal,Waseem Muhammad,A Sharma,Sompal Kami,4,0,,,,,,,,,
1403294,2023/24,2023-10-27,"Tribhuvan University International Cricket Ground, Kirtipur",2,0.4,United Arab Emirates,Nepal,Waseem Muhammad,A Sharma,Sompal Kami,4,0,,,,,,,,,
1403294,2023/24,2023-10-27,"Tribhuvan University International Cricket Ground, Kirtipur",2,0.5,United Arab Emirates,Nepal,Waseem Muhammad,A Sharma,Sompal Kami,1,0,,,,,,,,,
1403294,2023/24,2023-10-27,"Tribhuvan University International Cricket Ground, Kirtipur",2,0.6,United Arab Emirates,Nepal,A Sharma,Waseem Muhammad,Sompal Kami,0,0,,,,,,,,,
1403294,2023/24,2023-10-27,"Tribhuvan University International Cricket Ground, Kirtipur",2,0.7,United Arab Emirates,Nepal,A Sharma,Waseem Muhammad,Sompal Kami,1,0,,,,,,,,,
1403294,2023/24,2023-10-27,"Tribhuvan University International Cricket Ground, Kirtipur",2,1.1,United Arab Emirates,Nepal,A Sharma,Waseem Muhammad,LN Rajbanshi,0,0,,,,,,,,,
1403294,2023/24,2023-10-27,"Tribhuvan University International Cricket Ground, Kirtipur",2,1.2,United Arab Emirates,Nepal,A Sharma,Waseem Muhammad,LN Rajbanshi,1,0,,,,,,,,,
1403294,2023/24,2023-10-27,"Tribhuvan University International Cricket Ground, Kirtipur",2,1.3,United Arab Emirates,Nepal,Waseem Muhammad,A Sharma,LN Rajbanshi,0,0,,,,,,,,,
1403294,2023/24,2023-10-27,"Tribhuvan University International Cricket Ground, Kirtipur",2,1.4,United Arab Emirates,Nepal,Waseem Muhammad,A Sharma,LN Rajbanshi,4,0,,,,,,,,,
1403294,2023/24,2023-10-27,"Tribhuvan University International Cricket Ground, Kirtipur",2,1.5,United Arab Emirates,Nepal,Waseem Muhammad,A Sharma,LN Rajbanshi,0,5,5,,,,,,,,
1403294,2023/24,2023-10-27,"Tribhuvan University International Cricket Ground, Kirtipur",2,1.6,United Arab Emirates,Nepal,Waseem Muhammad,A Sharma,LN Rajbanshi,0,0,,,,,,,,,
1403294,2023/24,2023-10-27,"Tribhuvan University International Cricket Ground, Kirtipur",2,1.7,United Arab Emirates,Nepal,Waseem Muhammad,A Sharma,LN Rajbanshi,0,0,,,,,,,,,
1403294,2023/24,2023-10-27,"Tribhuvan University International Cricket Ground, Kirtipur",2,2.1,United Arab Emirates,Nepal,A Sharma,Waseem Muhammad,Karan KC,4,0,,,,,,,,,
1403294,2023/24,2023-10-27,"Tribhuvan University International Cricket Ground, Kirtipur",2,2.2,United Arab Emirates,Nepal,A Sharma,Waseem Muhammad,Karan KC,1,0,,,,,,,,,
1403294,2023/24,2023-10-27,"Tribhuvan University International Cricket Ground, Kirtipur",2,2.3,United Arab Emirates,Nepal,Waseem Muhammad,A Sharma,Karan KC,4,0,,,,,,,,,
1403294,2023/24,2023-10-27,"Tribhuvan University International Cricket Ground, Kirtipur",2,2.4,United Arab Emirates,Nepal,Waseem Muhammad,A Sharma,Karan KC,1,0,,,,,,,,,
1403294,2023/24,2023-10-27,"Tribhuvan University International Cricket Ground, Kirtipur",2,2.5,United Arab Emirates,Nepal,A Sharma,Waseem Muhammad,Karan KC,0,0,,,,,,,,,
1403294,2023/24,2023-10-27,"Tribhuvan University International Cricket Ground, Kirtipur",2,2.6,United Arab Emirates,Nepal,A Sharma,Waseem Muhammad,Karan KC,1,0,,,,,,,,,
1403294,2023/24,2023-10-27,"Tribhuvan University International Cricket Ground, Kirtipur",2,3.1,United Arab Emirates,Nepal,A Sharma,Waseem Muhammad,LN Rajbanshi,1,0,,,,,,,,,
1403294,2023/24,2023-10-27,"Tribhuvan University International Cricket Ground, Kirtipur",2,3.2,United Arab Emirates,Nepal,Waseem Muhammad,A Sharma,LN Rajbanshi,0,0,,,,,,,,,
1403294,2023/24,2023-10-27,"Tribhuvan University International Cricket Ground, Kirtipur",2,3.3,United Arab Emirates,Nepal,Waseem Muhammad,A Sharma,LN Rajbanshi,4,0,,,,,,,,,
1403294,2023/24,2023-10-27,"Tribhuvan University International Cricket Ground, Kirtipur",2,3.4,United Arab Emirates,Nepal,Waseem Muhammad,A Sharma,LN Rajbanshi,6,0,,,,,,,,,
1403294,2023/24,2023-10-27,"Tribhuvan University International Cricket Ground, Kirtipur",2,3.5,United Arab Emirates,Nepal,Waseem Muhammad,A Sharma,LN Rajbanshi,0,0,,,,,,,,,
1403294,2023/24,2023-10-27,"Tribhuvan University International Cricket Ground, Kirtipur",2,3.6,United Arab Emirates,Nepal,Waseem Muhammad,A Sharma,LN Rajbanshi,0,0,,,,,,,,,
1403294,2023/24,2023-10-27,"Tribhuvan University International Cricket Ground, Kirtipur",2,4.1,United Arab Emirates,Nepal,A Sharma,Waseem Muhammad,Karan KC,0,0,,,,,,,,,
1403294,2023/24,2023-10-27,"Tribhuvan University International Cricket Ground, Kirtipur",2,4.2,United Arab Emirates,Nepal,A Sharma,Waseem Muhammad,Karan KC,2,0,,,,,,,,,
1403294,2023/24,2023-10-27,"Tribhuvan University International Cricket Ground, Kirtipur",2,4.3,United Arab Emirates,Nepal,A Sharma,Waseem Muhammad,Karan KC,0,0,,,,,,,,,
1403294,2023/24,2023-10-27,"Tribhuvan University International Cricket Ground, Kirtipur",2,4.4,United Arab Emirates,Nepal,A Sharma,Waseem Muhammad,Karan KC,4,0,,,,,,,,,
1403294,2023/24,2023-10-27,"Tribhuvan University International Cricket Ground, Kirtipur",2,4.5,United Arab Emirates,Nepal,A Sharma,Waseem Muhammad,Karan KC,1,0,,,,,,,,,
1403294,2023/24,2023-10-27,"Tribhuvan University International Cricket Ground, Kirtipur",2,4.6,United Arab Emirates,Nepal,Waseem Muhammad,A Sharma,Karan KC,4,0,,,,,,,,,
1403294,2023/24,2023-10-27,"Tribhuvan University International Cricket Ground, Kirtipur",2,5.1,United Arab Emirates,Nepal,A Sharma,Waseem Muhammad,LN Rajbanshi,0,0,,,,,,,,,
1403294,2023/24,2023-10-27,"Tribhuvan University International Cricket Ground, Kirtipur",2,5.2,United Arab Emirates,Nepal,A Sharma,Waseem Muhammad,LN Rajbanshi,0,0,,,,,,,,,
1403294,2023/24,2023-10-27,"Tribhuvan University International Cricket Ground, Kirtipur",2,5.3,United Arab Emirates,Nepal,A Sharma,Waseem Muhammad,LN Rajbanshi,1,0,,,,,,,,,
1403294,2023/24,2023-10-27,"Tribhuvan University International Cricket Ground, Kirtipur",2,5.4,United Arab Emirates,Nepal,Waseem Muhammad,A Sharma,LN Rajbanshi,1,0,,,,,,,,,
1403294,2023/24,2023-10-27,"Tribhuvan University International Cricket Ground, Kirtipur",2,5.5,United Arab Emirates,Nepal,A Sharma,Waseem Muhammad,LN Rajbanshi,1,0,,,,,,,,,
1403294,2023/24,2023-10-27,"Tribhuvan University International Cricket Ground, Kirtipur",2,5.6,United Arab Emirates,Nepal,Waseem Muhammad,A Sharma,LN Rajbanshi,4,0,,,,,,,,,
1403294,2023/24,2023-10-27,"Tribhuvan University International Cricket Ground, Kirtipur",2,6.1,United Arab Emirates,Nepal,A Sharma,Waseem Muhammad,Gulsan Jha,1,0,,,,,,,,,
1403294,2023/24,2023-10-27,"Tribhuvan University International Cricket Ground, Kirtipur",2,6.2,United Arab Emirates,Nepal,Waseem Muhammad,A Sharma,Gulsan Jha,2,0,,,,,,,,,
1403294,2023/24,2023-10-27,"Tribhuvan University International Cricket Ground, Kirtipur",2,6.3,United Arab Emirates,Nepal,Waseem Muhammad,A Sharma,Gulsan Jha,0,0,,,,,,,,,
1403294,2023/24,2023-10-27,"Tribhuvan University International Cricket Ground, Kirtipur",2,6.4,United Arab Emirates,Nepal,Waseem Muhammad,A Sharma,Gulsan Jha,0,1,1,,,,,,,,
1403294,2023/24,2023-10-27,"Tribhuvan University International Cricket Ground, Kirtipur",2,6.5,United Arab Emirates,Nepal,Waseem Muhammad,A Sharma,Gulsan Jha,0,0,,,,,,bowled,Waseem Muhammad,,
1403294,2023/24,2023-10-27,"Tribhuvan University International Cricket Ground, Kirtipur",2,6.6,United Arab Emirates,Nepal,V Aravind,A Sharma,Gulsan Jha,0,0,,,,,,,,,
1403294,2023/24,2023-10-27,"Tribhuvan University International Cricket Ground, Kirtipur",2,6.7,United Arab Emirates,Nepal,V Aravind,A Sharma,Gulsan Jha,1,0,,,,,,,,,
1403294,2023/24,2023-10-27,"Tribhuvan University International Cricket Ground, Kirtipur",2,7.1,United Arab Emirates,Nepal,V Aravind,A Sharma,Kushal Malla,1,0,,,,,,,,,
1403294,2023/24,2023-10-27,"Tribhuvan University International Cricket Ground, Kirtipur",2,7.2,United Arab Emirates,Nepal,A Sharma,V Aravind,Kushal Malla,1,0,,,,,,,,,
1403294,2023/24,2023-10-27,"Tribhuvan University International Cricket Ground, Kirtipur",2,7.3,United Arab Emirates,Nepal,V Aravind,A Sharma,Kushal Malla,1,0,,,,,,,,,
1403294,2023/24,2023-10-27,"Tribhuvan University International Cricket Ground, Kirtipur",2,7.4,United Arab Emirates,Nepal,A Sharma,V Aravind,Kushal Malla,1,0,,,,,,,,,
1403294,2023/24,2023-10-27,"Tribhuvan University International Cricket Ground, Kirtipur",2,7.5,United Arab Emirates,Nepal,V Aravind,A Sharma,Kushal Malla,1,0,,,,,,,,,
1403294,2023/24,2023-10-27,"Tribhuvan University International Cricket Ground, Kirtipur",2,7.6,United Arab Emirates,Nepal,A Sharma,V Aravind,Kushal Malla,1,0,,,,,,,,,
1403294,2023/24,2023-10-27,"Tribhuvan University International Cricket Ground, Kirtipur",2,8.1,United Arab Emirates,Nepal,A Sharma,V Aravind,Gulsan Jha,0,1,1,,,,,,,,
1403294,2023/24,2023-10-27,"Tribhuvan University International Cricket Ground, Kirtipur",2,8.2,United Arab Emirates,Nepal,A Sharma,V Aravind,Gulsan Jha,0,0,,,,,,,,,
1403294,2023/24,2023-10-27,"Tribhuvan University International Cricket Ground, Kirtipur",2,8.3,United Arab Emirates,Nepal,A Sharma,V Aravind,Gulsan Jha,1,0,,,,,,,,,
1403294,2023/24,2023-10-27,"Tribhuvan University International Cricket Ground, Kirtipur",2,8.4,United Arab Emirates,Nepal,V Aravind,A Sharma,Gulsan Jha,0,0,,,,,,,,,
1403294,2023/24,2023-10-27,"Tribhuvan University International Cricket Ground, Kirtipur",2,8.5,United Arab Emirates,Nepal,V Aravind,A Sharma,Gulsan Jha,0,0,,,,,,,,,
1403294,2023/24,2023-10-27,"Tribhuvan University International Cricket Ground, Kirtipur",2,8.6,United Arab Emirates,Nepal,V Aravind,A Sharma,Gulsan Jha,1,0,,,,,,,,,
1403294,2023/24,2023-10-27,"Tribhuvan University International Cricket Ground, Kirtipur",2,8.7,United Arab Emirates,Nepal,A Sharma,V Aravind,Gulsan Jha,2,0,,,,,,,,,
1403294,2023/24,2023-10-27,"Tribhuvan University International Cricket Ground, Kirtipur",2,9.1,United Arab Emirates,Nepal,V Aravind,A Sharma,Kushal Malla,0,0,,,,,,,,,
1403294,2023/24,2023-10-27,"Tribhuvan University International Cricket Ground, Kirtipur",2,9.2,United Arab Emirates,Nepal,V Aravind,A Sharma,Kushal Malla,1,0,,,,,,,,,
1403294,2023/24,2023-10-27,"Tribhuvan University International Cricket Ground, Kirtipur",2,9.3,United Arab Emirates,Nepal,A Sharma,V Aravind,Kushal Malla,0,1,1,,,,,,,,
1403294,2023/24,2023-10-27,"Tribhuvan University International Cricket Ground, Kirtipur",2,9.4,United Arab Emirates,Nepal,A Sharma,V Aravind,Kushal Malla,0,0,,,,,,caught,A Sharma,,
1403294,2023/24,2023-10-27,"Tribhuvan University International Cricket Ground, Kirtipur",2,9.5,United Arab Emirates,Nepal,Asif Khan,V Aravind,Kushal Malla,0,0,,,,,,,,,
1403294,2023/24,2023-10-27,"Tribhuvan University International Cricket Ground, Kirtipur",2,9.6,United Arab Emirates,Nepal,Asif Khan,V Aravind,Kushal Malla,0,0,,,,,,,,,
1403294,2023/24,2023-10-27,"Tribhuvan University International Cricket Ground, Kirtipur",2,9.7,United Arab Emirates,Nepal,Asif Khan,V Aravind,Kushal Malla,0,0,,,,,,,,,
1403294,2023/24,2023-10-27,"Tribhuvan University International Cricket Ground, Kirtipur",2,10.1,United Arab Emirates,Nepal,V Aravind,Asif Khan,Gulsan Jha,1,0,,,,,,,,,
1403294,2023/24,2023-10-27,"Tribhuvan University International Cricket Ground, Kirtipur",2,10.2,United Arab Emirates,Nepal,Asif Khan,V Aravind,Gulsan Jha,1,0,,,,,,,,,
1403294,2023/24,2023-10-27,"Tribhuvan University International Cricket Ground, Kirtipur",2,10.3,United Arab Emirates,Nepal,V Aravind,Asif Khan,Gulsan Jha,1,0,,,,,,,,,
1403294,2023/24,2023-10-27,"Tribhuvan University International Cricket Ground, Kirtipur",2,10.4,United Arab Emirates,Nepal,Asif Khan,V Aravind,Gulsan Jha,6,0,,,,,,,,,
1403294,2023/24,2023-10-27,"Tribhuvan University International Cricket Ground, Kirtipur",2,10.5,United Arab Emirates,Nepal,Asif Khan,V Aravind,Gulsan Jha,0,0,,,,,,caught,Asif Khan,,
1403294,2023/24,2023-10-27,"Tribhuvan University International Cricket Ground, Kirtipur",2,10.6,United Arab Emirates,Nepal,A Sharafu,V Aravind,Gulsan Jha,0,0,,,,,,,,,
1403294,2023/24,2023-10-27,"Tribhuvan University International Cricket Ground, Kirtipur",2,11.1,United Arab Emirates,Nepal,V Aravind,A Sharafu,Kushal Malla,4,0,,,,,,,,,
1403294,2023/24,2023-10-27,"Tribhuvan University International Cricket Ground, Kirtipur",2,11.2,United Arab Emirates,Nepal,V Aravind,A Sharafu,Kushal Malla,1,0,,,,,,,,,
1403294,2023/24,2023-10-27,"Tribhuvan University International Cricket Ground, Kirtipur",2,11.3,United Arab Emirates,Nepal,A Sharafu,V Aravind,Kushal Malla,0,1,,,,1,,,,,
1403294,2023/24,2023-10-27,"Tribhuvan University International Cricket Ground, Kirtipur",2,11.4,United Arab Emirates,Nepal,V Aravind,A Sharafu,Kushal Malla,0,0,,,,,,,,,
1403294,2023/24,2023-10-27,"Tribhuvan University International Cricket Ground, Kirtipur",2,11.5,United Arab Emirates,Nepal,V Aravind,A Sharafu,Kushal Malla,1,0,,,,,,,,,
1403294,2023/24,2023-10-27,"Tribhuvan University International Cricket Ground, Kirtipur",2,11.6,United Arab Emirates,Nepal,A Sharafu,V Aravind,Kushal Malla,2,0,,,,,,,,,
1403294,2023/24,2023-10-27,"Tribhuvan University International Cricket Ground, Kirtipur",2,12.1,United Arab Emirates,Nepal,V Aravind,A Sharafu,A Bohara,1,0,,,,,,,,,
1403294,2023/24,2023-10-27,"Tribhuvan University International Cricket Ground, Kirtipur",2,12.2,United Arab Emirates,Nepal,A Sharafu,V Aravind,A Bohara,1,0,,,,,,,,,
1403294,2023/24,2023-10-27,"Tribhuvan University International Cricket Ground, Kirtipur",2,12.3,United Arab Emirates,Nepal,V Aravind,A Sharafu,A Bohara,1,0,,,,,,,,,
1403294,2023/24,2023-10-27,"Tribhuvan University International Cricket Ground, Kirtipur",2,12.4,United Arab Emirates,Nepal,A Sharafu,V Aravind,A Bohara,0,0,,,,,,,,,
1403294,2023/24,2023-10-27,"Tribhuvan University International Cricket Ground, Kirtipur",2,12.5,United Arab Emirates,Nepal,A Sharafu,V Aravind,A Bohara,0,0,,,,,,,,,
1403294,2023/24,2023-10-27,"Tribhuvan University International Cricket Ground, Kirtipur",2,12.6,United Arab Emirates,Nepal,A Sharafu,V Aravind,A Bohara,1,0,,,,,,,,,
1403294,2023/24,2023-10-27,"Tribhuvan University International Cricket Ground, Kirtipur",2,13.1,United Arab Emirates,Nepal,A Sharafu,V Aravind,LN Rajbanshi,0,0,,,,,,,,,
1403294,2023/24,2023-10-27,"Tribhuvan University International Cricket Ground, Kirtipur",2,13.2,United Arab Emirates,Nepal,A Sharafu,V Aravind,LN Rajbanshi,0,0,,,,,,,,,
1403294,2023/24,2023-10-27,"Tribhuvan University International Cricket Ground, Kirtipur",2,13.3,United Arab Emirates,Nepal,A Sharafu,V Aravind,LN Rajbanshi,1,0,,,,,,,,,
1403294,2023/24,2023-10-27,"Tribhuvan University International Cricket Ground, Kirtipur",2,13.4,United Arab Emirates,Nepal,V Aravind,A Sharafu,LN Rajbanshi,4,0,,,,,,,,,
1403294,2023/24,2023-10-27,"Tribhuvan University International Cricket Ground, Kirtipur",2,13.5,United Arab Emirates,Nepal,V Aravind,A Sharafu,LN Rajbanshi,0,0,,,,,,,,,
1403294,2023/24,2023-10-27,"Tribhuvan University International Cricket Ground, Kirtipur",2,13.6,United Arab Emirates,Nepal,V Aravind,A Sharafu,LN Rajbanshi,0,0,,,,,,,,,
1403294,2023/24,2023-10-27,"Tribhuvan University International Cricket Ground, Kirtipur",2,14.1,United Arab Emirates,Nepal,A Sharafu,V Aravind,A Bohara,4,0,,,,,,,,,
1403294,2023/24,2023-10-27,"Tribhuvan University International Cricket Ground, Kirtipur",2,14.2,United Arab Emirates,Nepal,A Sharafu,V Aravind,A Bohara,4,0,,,,,,,,,
1403294,2023/24,2023-10-27,"Tribhuvan University International Cricket Ground, Kirtipur",2,14.3,United Arab Emirates,Nepal,A Sharafu,V Aravind,A Bohara,0,0,,,,,,caught,A Sharafu,,
1403294,2023/24,2023-10-27,"Tribhuvan University International Cricket Ground, Kirtipur",2,14.4,United Arab Emirates,Nepal,Basil Hameed,V Aravind,A Bohara,1,0,,,,,,,,,
1403294,2023/24,2023-10-27,"Tribhuvan University International Cricket Ground, Kirtipur",2,14.5,United Arab Emirates,Nepal,V Aravind,Basil Hameed,A Bohara,1,0,,,,,,,,,
1403294,2023/24,2023-10-27,"Tribhuvan University International Cricket Ground, Kirtipur",2,14.6,United Arab Emirates,Nepal,Basil Hameed,V Aravind,A Bohara,0,0,,,,,,,,,
1403294,2023/24,2023-10-27,"Tribhuvan University International Cricket Ground, Kirtipur",2,15.1,United Arab Emirates,Nepal,V Aravind,Basil Hameed,Sompal Kami,4,0,,,,,,,,,
1403294,2023/24,2023-10-27,"Tribhuvan University International Cricket Ground, Kirtipur",2,15.2,United Arab Emirates,Nepal,V Aravind,Basil Hameed,Sompal Kami,0,0,,,,,,,,,
1403294,2023/24,2023-10-27,"Tribhuvan University International Cricket Ground, Kirtipur",2,15.3,United Arab Emirates,Nepal,V Aravind,Basil Hameed,Sompal Kami,1,0,,,,,,,,,
1403294,2023/24,2023-10-27,"Tribhuvan University International Cricket Ground, Kirtipur",2,15.4,United Arab Emirates,Nepal,Basil Hameed,V Aravind,Sompal Kami,0,0,,,,,,run out,V Aravind,,
1403294,2023/24,2023-10-27,"Tribhuvan University International Cricket Ground, Kirtipur",2,15.5,United Arab Emirates,Nepal,Basil Hameed,Ali Naseer,Sompal Kami,1,0,,,,,,,,,
1403294,2023/24,2023-10-27,"Tribhuvan University International Cricket Ground, Kirtipur",2,15.6,United Arab Emirates,Nepal,Ali Naseer,Basil Hameed,Sompal Kami,0,1,1,,,,,,,,
1403294,2023/24,2023-10-27,"Tribhuvan University International Cricket Ground, Kirtipur",2,15.7,United Arab Emirates,Nepal,Ali Naseer,Basil Hameed,Sompal Kami,4,0,,,,,,,,,
1403294,2023/24,2023-10-27,"Tribhuvan University International Cricket Ground, Kirtipur",2,16.1,United Arab Emirates,Nepal,Basil Hameed,Ali Naseer,A Bohara,1,0,,,,,,,,,
1403294,2023/24,2023-10-27,"Tribhuvan University International Cricket Ground, Kirtipur",2,16.2,United Arab Emirates,Nepal,Ali Naseer,Basil Hameed,A Bohara,1,0,,,,,,,,,
1403294,2023/24,2023-10-27,"Tribhuvan University International Cricket Ground, Kirtipur",2,16.3,United Arab Emirates,Nepal,Basil Hameed,Ali Naseer,A Bohara,1,0,,,,,,,,,
1403294,2023/24,2023-10-27,"Tribhuvan University International Cricket Ground, Kirtipur",2,16.4,United Arab Emirates,Nepal,Ali Naseer,Basil Hameed,A Bohara,1,0,,,,,,,,,
1403294,2023/24,2023-10-27,"Tribhuvan University International Cricket Ground, Kirtipur",2,16.5,United Arab Emirates,Nepal,Basil Hameed,Ali Naseer,A Bohara,1,0,,,,,,,,,
1403294,2023/24,2023-10-27,"Tribhuvan University International Cricket Ground, Kirtipur",2,16.6,United Arab Emirates,Nepal,Ali Naseer,Basil Hameed,A Bohara,1,0,,,,,,,,,
1403294,2023/24,2023-10-27,"Tribhuvan University International Cricket Ground, Kirtipur",2,17.1,United Arab Emirates,Nepal,Ali Naseer,Basil Hameed,Karan KC,0,0,,,,,,,,,
1403294,2023/24,2023-10-27,"Tribhuvan University International Cricket Ground, Kirtipur",2,17.2,United Arab Emirates,Nepal,Ali Naseer,Basil Hameed,Karan KC,1,0,,,,,,,,,
1403294,2023/24,2023-10-27,"Tribhuvan University International Cricket Ground, Kirtipur",2,17.3,United Arab Emirates,Nepal,Basil Hameed,Ali Naseer,Karan KC,0,0,,,,,,,,,
1403294,2023/24,2023-10-27,"Tribhuvan University International Cricket Ground, Kirtipur",2,17.4,United Arab Emirates,Nepal,Basil Hameed,Ali Naseer,Karan KC,6,0,,,,,,,,,
1403294,2023/24,2023-10-27,"Tribhuvan University International Cricket Ground, Kirtipur",2,17.5,United Arab Emirates,Nepal,Basil Hameed,Ali Naseer,Karan KC,0,1,,,,1,,,,,
1403294,2023/24,2023-10-27,"Tribhuvan University International Cricket Ground, Kirtipur",2,17.6,United Arab Emirates,Nepal,Ali Naseer,Basil Hameed,Karan KC,2,0,,,,,,,,,
1403294,2023/24,2023-10-27,"Tribhuvan University International Cricket Ground, Kirtipur",2,18.1,United Arab Emirates,Nepal,Basil Hameed,Ali Naseer,A Bohara,1,0,,,,,,,,,
1403294,2023/24,2023-10-27,"Tribhuvan University International Cricket Ground, Kirtipur",2,18.2,United Arab Emirates,Nepal,Ali Naseer,Basil Hameed,A Bohara,1,0,,,,,,,,,
1403294,2023/24,2023-10-27,"Tribhuvan University International Cricket Ground, Kirtipur",2,18.3,United Arab Emirates,Nepal,Basil Hameed,Ali Naseer,A Bohara,1,0,,,,,,,,,
1403294,2023/24,2023-10-27,"Tribhuvan University International Cricket Ground, Kirtipur",2,18.4,United Arab Emirates,Nepal,Ali Naseer,Basil Hameed,A Bohara,0,0,,,,,,bowled,Ali Naseer,,
1403294,2023/24,2023-10-27,"Tribhuvan University International Cricket Ground, Kirtipur",2,18.5,United Arab Emirates,Nepal,Aayan Afzal Khan,Basil Hameed,A Bohara,0,0,,,,,,,,,
1403294,2023/24,2023-10-27,"Tribhuvan University International Cricket Ground, Kirtipur",2,18.6,United Arab Emirates,Nepal,Aayan Afzal Khan,Basil Hameed,A Bohara,4,0,,,,,,,,,
1403294,2023/24,2023-10-27,"Tribhuvan University International Cricket Ground, Kirtipur",2,19.1,United Arab Emirates,Nepal,Basil Hameed,Aayan Afzal Khan,Karan KC,2,0,,,,,,,,,
1403294,2023/24,2023-10-27,"Tribhuvan University International Cricket Ground, Kirtipur",2,19.2,United Arab Emirates,Nepal,Basil Hameed,Aayan Afzal Khan,Karan KC,0,0,,,,,,,,,
1403294,2023/24,2023-10-27,"Tribhuvan University International Cricket Ground, Kirtipur",2,19.3,United Arab Emirates,Nepal,Basil Hameed,Aayan Afzal Khan,Karan KC,1,0,,,,,,,,,
1403294,2023/24,2023-10-27,"Tribhuvan University International Cricket Ground, Kirtipur",2,19.4,United Arab Emirates,Nepal,Aayan Afzal Khan,Basil Hameed,Karan KC,0,1,1,,,,,,,,
1403294,2023/24,2023-10-27,"Tribhuvan University International Cricket Ground, Kirtipur",2,19.5,United Arab Emirates,Nepal,Aayan Afzal Khan,Basil Hameed,Karan KC,1,0,,,,,,,,,
1403294,2023/24,2023-10-27,"Tribhuvan University International Cricket Ground, Kirtipur",2,19.6,United Arab Emirates,Nepal,Basil Hameed,Aayan Afzal Khan,Karan KC,6,0,,,,,,,,,
