match_id,season,start_date,venue,innings,ball,batting_team,bowling_team,striker,non_striker,bowler,runs_off_bat,extras,wides,noballs,byes,legbyes,penalty,wicket_type,player_dismissed,other_wicket_type,other_player_dismissed
1403291,2023/24,2023-10-22,Mulpani Cricket Ground,1,0.1,Hong Kong,United Arab Emirates,M Coetzee,Nizakat Khan,Akif Raja,0,0,,,,,,,,,
1403291,2023/24,2023-10-22,Mulpani Cricket Ground,1,0.2,Hong Kong,United Arab Emirates,M Coetzee,Nizakat Khan,Akif Raja,1,0,,,,,,,,,
1403291,2023/24,2023-10-22,Mulpani Cricket Ground,1,0.3,Hong Kong,United Arab Emirates,Nizakat Khan,M Coetzee,Akif Raja,0,0,,,,,,,,,
1403291,2023/24,2023-10-22,Mulpani Cricket Ground,1,0.4,Hong Kong,United Arab Emirates,Nizakat Khan,M Coetzee,Akif Raja,0,0,,,,,,,,,
1403291,2023/24,2023-10-22,Mulpani Cricket Ground,1,0.5,Hong Kong,United Arab Emirates,Nizakat Khan,M Coetzee,Akif Raja,0,0,,,,,,,,,
1403291,2023/24,2023-10-22,Mulpani Cricket Ground,1,0.6,Hong Kong,United Arab Emirates,Nizakat Khan,M Coetzee,Akif Raja,4,0,,,,,,,,,
1403291,2023/24,2023-10-22,Mulpani Cricket Ground,1,1.1,Hong Kong,United Arab Emirates,M Coetzee,Nizakat Khan,Nilansh Keswani,0,0,,,,,,,,,
1403291,2023/24,2023-10-22,Mulpani Cricket Ground,1,1.2,Hong Kong,United Arab Emirates,M Coetzee,Nizakat Khan,Nilansh Keswani,0,0,,,,,,,,,
1403291,2023/24,2023-10-22,Mulpani Cricket Ground,1,1.3,Hong Kong,United Arab Emirates,M Coetzee,Nizakat Khan,Nilansh Keswani,0,1,1,,,,,stumped,M Coetzee,,
1403291,2023/24,2023-10-22,Mulpani Cricket Ground,1,1.4,Hong Kong,United Arab Emirates,Anshuman Rath,Nizakat Khan,Nilansh Keswani,0,0,,,,,,,,,
1403291,2023/24,2023-10-22,Mulpani Cricket Ground,1,1.5,Hong Kong,United Arab Emirates,Anshuman Rath,Nizakat Khan,Nilansh Keswani,2,0,,,,,,,,,
1403291,2023/24,2023-10-22,Mulpani Cricket Ground,1,1.6,Hong Kong,United Arab Emirates,Anshuman Rath,Nizakat Khan,Nilansh Keswani,0,0,,,,,,,,,
1403291,2023/24,2023-10-22,Mulpani Cricket Ground,1,1.7,Hong Kong,United Arab Emirates,Anshuman Rath,Nizakat Khan,Nilansh Keswani,0,0,,,,,,,,,
1403291,2023/24,2023-10-22,Mulpani Cricket Ground,1,2.1,Hong Kong,United Arab Emirates,Nizakat Khan,Anshuman Rath,Akif Raja,0,0,,,,,,,,,
1403291,2023/24,2023-10-22,Mulpani Cricket Ground,1,2.2,Hong Kong,United Arab Emirates,Nizakat Khan,Anshuman Rath,Akif Raja,1,0,,,,,,,,,
1403291,2023/24,2023-10-22,Mulpani Cricket Ground,1,2.3,Hong Kong,United Arab Emirates,Anshuman Rath,Nizakat Khan,Akif Raja,0,0,,,,,,,,,
1403291,2023/24,2023-10-22,Mulpani Cricket Ground,1,2.4,Hong Kong,United Arab Emirates,Anshuman Rath,Nizakat Khan,Akif Raja,4,0,,,,,,,,,
1403291,2023/24,2023-10-22,Mulpani Cricket Ground,1,2.5,Hong Kong,United Arab Emirates,Anshuman Rath,Nizakat Khan,Akif Raja,1,0,,,,,,,,,
1403291,2023/24,2023-10-22,Mulpani Cricket Ground,1,2.6,Hong Kong,United Arab Emirates,Nizakat Khan,Anshuman Rath,Akif Raja,1,0,,,,,,,,,
1403291,2023/24,2023-10-22,Mulpani Cricket Ground,1,3.1,Hong Kong,United Arab Emirates,Nizakat Khan,Anshuman Rath,Nilansh Keswani,0,1,1,,,,,stumped,Nizakat Khan,,
1403291,2023/24,2023-10-22,Mulpani Cricket Ground,1,3.2,Hong Kong,United Arab Emirates,Babar Hayat,Anshuman Rath,Nilansh Keswani,0,0,,,,,,,,,
1403291,2023/24,2023-10-22,Mulpani Cricket Ground,1,3.3,Hong Kong,United Arab Emirates,Babar Hayat,Anshuman Rath,Nilansh Keswani,0,0,,,,,,,,,
1403291,2023/24,2023-10-22,Mulpani Cricket Ground,1,3.4,Hong Kong,United Arab Emirates,Babar Hayat,Anshuman Rath,Nilansh Keswani,0,0,,,,,,,,,
1403291,2023/24,2023-10-22,Mulpani Cricket Ground,1,3.5,Hong Kong,United Arab Emirates,Babar Hayat,Anshuman Rath,Nilansh Keswani,0,0,,,,,,,,,
1403291,2023/24,2023-10-22,Mulpani Cricket Ground,1,3.6,Hong Kong,United Arab Emirates,Babar Hayat,Anshuman Rath,Nilansh Keswani,0,0,,,,,,,,,
1403291,2023/24,2023-10-22,Mulpani Cricket Ground,1,3.7,Hong Kong,United Arab Emirates,Babar Hayat,Anshuman Rath,Nilansh Keswani,0,0,,,,,,,,,
1403291,2023/24,2023-10-22,Mulpani Cricket Ground,1,4.1,Hong Kong,United Arab Emirates,Anshuman Rath,Babar Hayat,Ali Naseer,0,0,,,,,,,,,
1403291,2023/24,2023-10-22,Mulpani Cricket Ground,1,4.2,Hong Kong,United Arab Emirates,Anshuman Rath,Babar Hayat,Ali Naseer,1,0,,,,,,,,,
1403291,2023/24,2023-10-22,Mulpani Cricket Ground,1,4.3,Hong Kong,United Arab Emirates,Babar Hayat,Anshuman Rath,Ali Naseer,1,0,,,,,,,,,
1403291,2023/24,2023-10-22,Mulpani Cricket Ground,1,4.4,Hong Kong,United Arab Emirates,Anshuman Rath,Babar Hayat,Ali Naseer,2,0,,,,,,,,,
1403291,2023/24,2023-10-22,Mulpani Cricket Ground,1,4.5,Hong Kong,United Arab Emirates,Anshuman Rath,Babar Hayat,Ali Naseer,0,0,,,,,,,,,
1403291,2023/24,2023-10-22,Mulpani Cricket Ground,1,4.6,Hong Kong,United Arab Emirates,Anshuman Rath,Babar Hayat,Ali Naseer,0,0,,,,,,,,,
1403291,2023/24,2023-10-22,Mulpani Cricket Ground,1,5.1,Hong Kong,United Arab Emirates,Babar Hayat,Anshuman Rath,Zahoor Khan,1,0,,,,,,,,,
1403291,2023/24,2023-10-22,Mulpani Cricket Ground,1,5.2,Hong Kong,United Arab Emirates,Anshuman Rath,Babar Hayat,Zahoor Khan,0,0,,,,,,,,,
1403291,2023/24,2023-10-22,Mulpani Cricket Ground,1,5.3,Hong Kong,United Arab Emirates,Anshuman Rath,Babar Hayat,Zahoor Khan,4,0,,,,,,,,,
1403291,2023/24,2023-10-22,Mulpani Cricket Ground,1,5.4,Hong Kong,United Arab Emirates,Anshuman Rath,Babar Hayat,Zahoor Khan,0,0,,,,,,caught,Anshuman Rath,,
1403291,2023/24,2023-10-22,Mulpani Cricket Ground,1,5.5,Hong Kong,United Arab Emirates,Aizaz Khan,Babar Hayat,Zahoor Khan,0,0,,,,,,,,,
1403291,2023/24,2023-10-22,Mulpani Cricket Ground,1,5.6,Hong Kong,United Arab Emirates,Aizaz Khan,Babar Hayat,Zahoor Khan,0,0,,,,,,,,,
1403291,2023/24,2023-10-22,Mulpani Cricket Ground,1,6.1,Hong Kong,United Arab Emirates,Babar Hayat,Aizaz Khan,Ali Naseer,0,0,,,,,,,,,
1403291,2023/24,2023-10-22,Mulpani Cricket Ground,1,6.2,Hong Kong,United Arab Emirates,Babar Hayat,Aizaz Khan,Ali Naseer,1,0,,,,,,,,,
1403291,2023/24,2023-10-22,Mulpani Cricket Ground,1,6.3,Hong Kong,United Arab Emirates,Aizaz Khan,Babar Hayat,Ali Naseer,2,0,,,,,,,,,
1403291,2023/24,2023-10-22,Mulpani Cricket Ground,1,6.4,Hong Kong,United Arab Emirates,Aizaz Khan,Babar Hayat,Ali Naseer,0,0,,,,,,,,,
1403291,2023/24,2023-10-22,Mulpani Cricket Ground,1,6.5,Hong Kong,United Arab Emirates,Aizaz Khan,Babar Hayat,Ali Naseer,0,0,,,,,,,,,
1403291,2023/24,2023-10-22,Mulpani Cricket Ground,1,6.6,Hong Kong,United Arab Emirates,Aizaz Khan,Babar Hayat,Ali Naseer,1,0,,,,,,,,,
1403291,2023/24,2023-10-22,Mulpani Cricket Ground,1,7.1,Hong Kong,United Arab Emirates,Aizaz Khan,Babar Hayat,J Giyanani,1,0,,,,,,,,,
1403291,2023/24,2023-10-22,Mulpani Cricket Ground,1,7.2,Hong Kong,United Arab Emirates,Babar Hayat,Aizaz Khan,J Giyanani,1,0,,,,,,,,,
1403291,2023/24,2023-10-22,Mulpani Cricket Ground,1,7.3,Hong Kong,United Arab Emirates,Aizaz Khan,Babar Hayat,J Giyanani,0,0,,,,,,,,,
1403291,2023/24,2023-10-22,Mulpani Cricket Ground,1,7.4,Hong Kong,United Arab Emirates,Aizaz Khan,Babar Hayat,J Giyanani,1,0,,,,,,,,,
1403291,2023/24,2023-10-22,Mulpani Cricket Ground,1,7.5,Hong Kong,United Arab Emirates,Babar Hayat,Aizaz Khan,J Giyanani,1,0,,,,,,,,,
1403291,2023/24,2023-10-22,Mulpani Cricket Ground,1,7.6,Hong Kong,United Arab Emirates,Aizaz Khan,Babar Hayat,J Giyanani,0,1,1,,,,,,,,
1403291,2023/24,2023-10-22,Mulpani Cricket Ground,1,7.7,Hong Kong,United Arab Emirates,Aizaz Khan,Babar Hayat,J Giyanani,0,0,,,,,,,,,
1403291,2023/24,2023-10-22,Mulpani Cricket Ground,1,8.1,Hong Kong,United Arab Emirates,Babar Hayat,Aizaz Khan,Zahoor Khan,0,1,,,,1,,,,,
1403291,2023/24,2023-10-22,Mulpani Cricket Ground,1,8.2,Hong Kong,United Arab Emirates,Aizaz Khan,Babar Hayat,Zahoor Khan,0,0,,,,,,,,,
1403291,2023/24,2023-10-22,Mulpani Cricket Ground,1,8.3,Hong Kong,United Arab Emirates,Aizaz Khan,Babar Hayat,Zahoor Khan,0,1,,,,1,,,,,
1403291,2023/24,2023-10-22,Mulpani Cricket Ground,1,8.4,Hong Kong,United Arab Emirates,Babar Hayat,Aizaz Khan,Zahoor Khan,1,0,,,,,,,,,
1403291,2023/24,2023-10-22,Mulpani Cricket Ground,1,8.5,Hong Kong,United Arab Emirates,Aizaz Khan,Babar Hayat,Zahoor Khan,1,0,,,,,,,,,
1403291,2023/24,2023-10-22,Mulpani Cricket Ground,1,8.6,Hong Kong,United Arab Emirates,Babar Hayat,Aizaz Khan,Zahoor Khan,0,1,1,,,,,,,,
1403291,2023/24,2023-10-22,Mulpani Cricket Ground,1,8.7,Hong Kong,United Arab Emirates,Babar Hayat,Aizaz Khan,Zahoor Khan,1,0,,,,,,,,,
1403291,2023/24,2023-10-22,Mulpani Cricket Ground,1,9.1,Hong Kong,United Arab Emirates,Aizaz Khan,Babar Hayat,J Giyanani,0,0,,,,,,,,,
1403291,2023/24,2023-10-22,Mulpani Cricket Ground,1,9.2,Hong Kong,United Arab Emirates,Aizaz Khan,Babar Hayat,J Giyanani,1,0,,,,,,,,,
1403291,2023/24,2023-10-22,Mulpani Cricket Ground,1,9.3,Hong Kong,United Arab Emirates,Babar Hayat,Aizaz Khan,J Giyanani,2,0,,,,,,,,,
1403291,2023/24,2023-10-22,Mulpani Cricket Ground,1,9.4,Hong Kong,United Arab Emirates,Babar Hayat,Aizaz Khan,J Giyanani,0,0,,,,,,,,,
1403291,2023/24,2023-10-22,Mulpani Cricket Ground,1,9.5,Hong Kong,United Arab Emirates,Babar Hayat,Aizaz Khan,J Giyanani,0,0,,,,,,,,,
1403291,2023/24,2023-10-22,Mulpani Cricket Ground,1,9.6,Hong Kong,United Arab Emirates,Babar Hayat,Aizaz Khan,J Giyanani,0,1,1,,,,,,,,
1403291,2023/24,2023-10-22,Mulpani Cricket Ground,1,9.7,Hong Kong,United Arab Emirates,Babar Hayat,Aizaz Khan,J Giyanani,6,0,,,,,,,,,
1403291,2023/24,2023-10-22,Mulpani Cricket Ground,1,10.1,Hong Kong,United Arab Emirates,Aizaz Khan,Babar Hayat,Ali Naseer,4,0,,,,,,,,,
1403291,2023/24,2023-10-22,Mulpani Cricket Ground,1,10.2,Hong Kong,United Arab Emirates,Aizaz Khan,Babar Hayat,Ali Naseer,0,0,,,,,,,,,
1403291,2023/24,2023-10-22,Mulpani Cricket Ground,1,10.3,Hong Kong,United Arab Emirates,Aizaz Khan,Babar Hayat,Ali Naseer,1,0,,,,,,,,,
1403291,2023/24,2023-10-22,Mulpani Cricket Ground,1,10.4,Hong Kong,United Arab Emirates,Babar Hayat,Aizaz Khan,Ali Naseer,4,0,,,,,,,,,
1403291,2023/24,2023-10-22,Mulpani Cricket Ground,1,10.5,Hong Kong,United Arab Emirates,Babar Hayat,Aizaz Khan,Ali Naseer,4,0,,,,,,,,,
1403291,2023/24,2023-10-22,Mulpani Cricket Ground,1,10.6,Hong Kong,United Arab Emirates,Babar Hayat,Aizaz Khan,Ali Naseer,1,0,,,,,,,,,
1403291,2023/24,2023-10-22,Mulpani Cricket Ground,1,11.1,Hong Kong,United Arab Emirates,Babar Hayat,Aizaz Khan,Nilansh Keswani,4,0,,,,,,,,,
1403291,2023/24,2023-10-22,Mulpani Cricket Ground,1,11.2,Hong Kong,United Arab Emirates,Babar Hayat,Aizaz Khan,Nilansh Keswani,1,0,,,,,,,,,
1403291,2023/24,2023-10-22,Mulpani Cricket Ground,1,11.3,Hong Kong,United Arab Emirates,Aizaz Khan,Babar Hayat,Nilansh Keswani,1,0,,,,,,,,,
1403291,2023/24,2023-10-22,Mulpani Cricket Ground,1,11.4,Hong Kong,United Arab Emirates,Babar Hayat,Aizaz Khan,Nilansh Keswani,1,0,,,,,,,,,
1403291,2023/24,2023-10-22,Mulpani Cricket Ground,1,11.5,Hong Kong,United Arab Emirates,Aizaz Khan,Babar Hayat,Nilansh Keswani,1,0,,,,,,,,,
1403291,2023/24,2023-10-22,Mulpani Cricket Ground,1,11.6,Hong Kong,United Arab Emirates,Babar Hayat,Aizaz Khan,Nilansh Keswani,1,0,,,,,,,,,
1403291,2023/24,2023-10-22,Mulpani Cricket Ground,1,12.1,Hong Kong,United Arab Emirates,Babar Hayat,Aizaz Khan,Akif Raja,1,0,,,,,,,,,
1403291,2023/24,2023-10-22,Mulpani Cricket Ground,1,12.2,Hong Kong,United Arab Emirates,Aizaz Khan,Babar Hayat,Akif Raja,1,0,,,,,,,,,
1403291,2023/24,2023-10-22,Mulpani Cricket Ground,1,12.3,Hong Kong,United Arab Emirates,Babar Hayat,Aizaz Khan,Akif Raja,2,0,,,,,,,,,
1403291,2023/24,2023-10-22,Mulpani Cricket Ground,1,12.4,Hong Kong,United Arab Emirates,Babar Hayat,Aizaz Khan,Akif Raja,1,0,,,,,,,,,
1403291,2023/24,2023-10-22,Mulpani Cricket Ground,1,12.5,Hong Kong,United Arab Emirates,Aizaz Khan,Babar Hayat,Akif Raja,2,0,,,,,,,,,
1403291,2023/24,2023-10-22,Mulpani Cricket Ground,1,12.6,Hong Kong,United Arab Emirates,Aizaz Khan,Babar Hayat,Akif Raja,1,0,,,,,,,,,
1403291,2023/24,2023-10-22,Mulpani Cricket Ground,1,13.1,Hong Kong,United Arab Emirates,Aizaz Khan,Babar Hayat,Nilansh Keswani,6,0,,,,,,,,,
1403291,2023/24,2023-10-22,Mulpani Cricket Ground,1,13.2,Hong Kong,United Arab Emirates,Aizaz Khan,Babar Hayat,Nilansh Keswani,4,0,,,,,,,,,
1403291,2023/24,2023-10-22,Mulpani Cricket Ground,1,13.3,Hong Kong,United Arab Emirates,Aizaz Khan,Babar Hayat,Nilansh Keswani,1,0,,,,,,,,,
1403291,2023/24,2023-10-22,Mulpani Cricket Ground,1,13.4,Hong Kong,United Arab Emirates,Babar Hayat,Aizaz Khan,Nilansh Keswani,0,0,,,,,,,,,
1403291,2023/24,2023-10-22,Mulpani Cricket Ground,1,13.5,Hong Kong,United Arab Emirates,Babar Hayat,Aizaz Khan,Nilansh Keswani,1,0,,,,,,,,,
1403291,2023/24,2023-10-22,Mulpani Cricket Ground,1,13.6,Hong Kong,United Arab Emirates,Aizaz Khan,Babar Hayat,Nilansh Keswani,3,0,,,,,,,,,
1403291,2023/24,2023-10-22,Mulpani Cricket Ground,1,14.1,Hong Kong,United Arab Emirates,Aizaz Khan,Babar Hayat,J Giyanani,1,0,,,,,,,,,
1403291,2023/24,2023-10-22,Mulpani Cricket Ground,1,14.2,Hong Kong,United Arab Emirates,Babar Hayat,Aizaz Khan,J Giyanani,1,0,,,,,,,,,
1403291,2023/24,2023-10-22,Mulpani Cricket Ground,1,14.3,Hong Kong,United Arab Emirates,Aizaz Khan,Babar Hayat,J Giyanani,1,0,,,,,,,,,
1403291,2023/24,2023-10-22,Mulpani Cricket Ground,1,14.4,Hong Kong,United Arab Emirates,Babar Hayat,Aizaz Khan,J Giyanani,2,0,,,,,,,,,
1403291,2023/24,2023-10-22,Mulpani Cricket Ground,1,14.5,Hong Kong,United Arab Emirates,Babar Hayat,Aizaz Khan,J Giyanani,0,0,,,,,,,,,
1403291,2023/24,2023-10-22,Mulpani Cricket Ground,1,14.6,Hong Kong,United Arab Emirates,Babar Hayat,Aizaz Khan,J Giyanani,0,0,,,,,,,,,
1403291,2023/24,2023-10-22,Mulpani Cricket Ground,1,15.1,Hong Kong,United Arab Emirates,Aizaz Khan,Babar Hayat,Ali Naseer,4,0,,,,,,,,,
1403291,2023/24,2023-10-22,Mulpani Cricket Ground,1,15.2,Hong Kong,United Arab Emirates,Aizaz Khan,Babar Hayat,Ali Naseer,2,0,,,,,,,,,
1403291,2023/24,2023-10-22,Mulpani Cricket Ground,1,15.3,Hong Kong,United Arab Emirates,Aizaz Khan,Babar Hayat,Ali Naseer,1,0,,,,,,,,,
1403291,2023/24,2023-10-22,Mulpani Cricket Ground,1,15.4,Hong Kong,United Arab Emirates,Babar Hayat,Aizaz Khan,Ali Naseer,6,0,,,,,,,,,
1403291,2023/24,2023-10-22,Mulpani Cricket Ground,1,15.5,Hong Kong,United Arab Emirates,Babar Hayat,Aizaz Khan,Ali Naseer,1,0,,,,,,,,,
1403291,2023/24,2023-10-22,Mulpani Cricket Ground,1,15.6,Hong Kong,United Arab Emirates,Aizaz Khan,Babar Hayat,Ali Naseer,1,0,,,,,,,,,
1403291,2023/24,2023-10-22,Mulpani Cricket Ground,1,16.1,Hong Kong,United Arab Emirates,Aizaz Khan,Babar Hayat,J Giyanani,1,0,,,,,,,,,
1403291,2023/24,2023-10-22,Mulpani Cricket Ground,1,16.2,Hong Kong,United Arab Emirates,Babar Hayat,Aizaz Khan,J Giyanani,0,0,,,,,,,,,
1403291,2023/24,2023-10-22,Mulpani Cricket Ground,1,16.3,Hong Kong,United Arab Emirates,Babar Hayat,Aizaz Khan,J Giyanani,0,1,1,,,,,,,,
1403291,2023/24,2023-10-22,Mulpani Cricket Ground,1,16.4,Hong Kong,United Arab Emirates,Babar Hayat,Aizaz Khan,J Giyanani,0,0,,,,,,,,,
1403291,2023/24,2023-10-22,Mulpani Cricket Ground,1,16.5,Hong Kong,United Arab Emirates,Babar Hayat,Aizaz Khan,J Giyanani,6,0,,,,,,,,,
1403291,2023/24,2023-10-22,Mulpani Cricket Ground,1,16.6,Hong Kong,United Arab Emirates,Babar Hayat,Aizaz Khan,J Giyanani,6,0,,,,,,,,,
1403291,2023/24,2023-10-22,Mulpani Cricket Ground,1,16.7,Hong Kong,United Arab Emirates,Babar Hayat,Aizaz Khan,J Giyanani,1,0,,,,,,,,,
1403291,2023/24,2023-10-22,Mulpani Cricket Ground,1,17.1,Hong Kong,United Arab Emirates,Babar Hayat,Aizaz Khan,Zahoor Khan,1,0,,,,,,,,,
1403291,2023/24,2023-10-22,Mulpani Cricket Ground,1,17.2,Hong Kong,United Arab Emirates,Aizaz Khan,Babar Hayat,Zahoor Khan,1,0,,,,,,,,,
1403291,2023/24,2023-10-22,Mulpani Cricket Ground,1,17.3,Hong Kong,United Arab Emirates,Babar Hayat,Aizaz Khan,Zahoor Khan,6,0,,,,,,,,,
1403291,2023/24,2023-10-22,Mulpani Cricket Ground,1,17.4,Hong Kong,United Arab Emirates,Babar Hayat,Aizaz Khan,Zahoor Khan,0,0,,,,,,caught,Babar Hayat,,
1403291,2023/24,2023-10-22,Mulpani Cricket Ground,1,17.5,Hong Kong,United Arab Emirates,Yasim Murtaza,Aizaz Khan,Zahoor Khan,1,0,,,,,,,,,
1403291,2023/24,2023-10-22,Mulpani Cricket Ground,1,17.6,Hong Kong,United Arab Emirates,Aizaz Khan,Yasim Murtaza,Zahoor Khan,1,0,,,,,,,,,
1403291,2023/24,2023-10-22,Mulpani Cricket Ground,1,18.1,Hong Kong,United Arab Emirates,Aizaz Khan,Yasim Murtaza,Akif Raja,0,0,,,,,,,,,
1403291,2023/24,2023-10-22,Mulpani Cricket Ground,1,18.2,Hong Kong,United Arab Emirates,Aizaz Khan,Yasim Murtaza,Akif Raja,1,0,,,,,,,,,
1403291,2023/24,2023-10-22,Mulpani Cricket Ground,1,18.3,Hong Kong,United Arab Emirates,Yasim Murtaza,Aizaz Khan,Akif Raja,1,0,,,,,,,,,
1403291,2023/24,2023-10-22,Mulpani Cricket Ground,1,18.4,Hong Kong,United Arab Emirates,Aizaz Khan,Yasim Murtaza,Akif Raja,0,0,,,,,,,,,
1403291,2023/24,2023-10-22,Mulpani Cricket Ground,1,18.5,Hong Kong,United Arab Emirates,Aizaz Khan,Yasim Murtaza,Akif Raja,1,0,,,,,,,,,
1403291,2023/24,2023-10-22,Mulpani Cricket Ground,1,18.6,Hong Kong,United Arab Emirates,Yasim Murtaza,Aizaz Khan,Akif Raja,0,0,,,,,,,,,
1403291,2023/24,2023-10-22,Mulpani Cricket Ground,1,19.1,Hong Kong,United Arab Emirates,Aizaz Khan,Yasim Murtaza,Zahoor Khan,0,1,,,,1,,,,,
1403291,2023/24,2023-10-22,Mulpani Cricket Ground,1,19.2,Hong Kong,United Arab Emirates,Yasim Murtaza,Aizaz Khan,Zahoor Khan,0,1,,,,1,,,,,
1403291,2023/24,2023-10-22,Mulpani Cricket Ground,1,19.3,Hong Kong,United Arab Emirates,Aizaz Khan,Yasim Murtaza,Zahoor Khan,1,0,,,,,,,,,
1403291,2023/24,2023-10-22,Mulpani Cricket Ground,1,19.4,Hong Kong,United Arab Emirates,Yasim Murtaza,Aizaz Khan,Zahoor Khan,0,0,,,,,,caught,Yasim Murtaza,,
1403291,2023/24,2023-10-22,Mulpani Cricket Ground,1,19.5,Hong Kong,United Arab Emirates,Zeeshan Ali,Aizaz Khan,Zahoor Khan,1,0,,,,,,,,,
1403291,2023/24,2023-10-22,Mulpani Cricket Ground,1,19.6,Hong Kong,United Arab Emirates,Aizaz Khan,Zeeshan Ali,Zahoor Khan,0,1,,,,1,,,,,
1403291,2023/24,2023-10-22,Mulpani Cricket Ground,2,0.1,United Arab Emirates,Hong Kong,Waseem Muhammad,Khalid Shah,A Shukla,0,0,,,,,,,,,
1403291,2023/24,2023-10-22,Mulpani Cricket Ground,2,0.2,United Arab Emirates,Hong Kong,Waseem Muhammad,Khalid Shah,A Shukla,2,0,,,,,,,,,
1403291,2023/24,2023-10-22,Mulpani Cricket Ground,2,0.3,United Arab Emirates,Hong Kong,Waseem Muhammad,Khalid Shah,A Shukla,1,0,,,,,,,,,
1403291,2023/24,2023-10-22,Mulpani Cricket Ground,2,0.4,United Arab Emirates,Hong Kong,Khalid Shah,Waseem Muhammad,A Shukla,0,0,,,,,,,,,
1403291,2023/24,2023-10-22,Mulpani Cricket Ground,2,0.5,United Arab Emirates,Hong Kong,Khalid Shah,Waseem Muhammad,A Shukla,1,0,,,,,,,,,
1403291,2023/24,2023-10-22,Mulpani Cricket Ground,2,0.6,United Arab Emirates,Hong Kong,Waseem Muhammad,Khalid Shah,A Shukla,4,0,,,,,,,,,
1403291,2023/24,2023-10-22,Mulpani Cricket Ground,2,1.1,United Arab Emirates,Hong Kong,Khalid Shah,Waseem Muhammad,Haroon Arshad,6,0,,,,,,,,,
1403291,2023/24,2023-10-22,Mulpani Cricket Ground,2,1.2,United Arab Emirates,Hong Kong,Khalid Shah,Waseem Muhammad,Haroon Arshad,2,0,,,,,,,,,
1403291,2023/24,2023-10-22,Mulpani Cricket Ground,2,1.3,United Arab Emirates,Hong Kong,Khalid Shah,Waseem Muhammad,Haroon Arshad,4,0,,,,,,,,,
1403291,2023/24,2023-10-22,Mulpani Cricket Ground,2,1.4,United Arab Emirates,Hong Kong,Khalid Shah,Waseem Muhammad,Haroon Arshad,1,1,,1,,,,,,,
1403291,2023/24,2023-10-22,Mulpani Cricket Ground,2,1.5,United Arab Emirates,Hong Kong,Waseem Muhammad,Khalid Shah,Haroon Arshad,6,0,,,,,,,,,
1403291,2023/24,2023-10-22,Mulpani Cricket Ground,2,1.6,United Arab Emirates,Hong Kong,Waseem Muhammad,Khalid Shah,Haroon Arshad,0,0,,,,,,,,,
1403291,2023/24,2023-10-22,Mulpani Cricket Ground,2,1.7,United Arab Emirates,Hong Kong,Waseem Muhammad,Khalid Shah,Haroon Arshad,4,0,,,,,,,,,
1403291,2023/24,2023-10-22,Mulpani Cricket Ground,2,2.1,United Arab Emirates,Hong Kong,Khalid Shah,Waseem Muhammad,A Shukla,0,0,,,,,,,,,
1403291,2023/24,2023-10-22,Mulpani Cricket Ground,2,2.2,United Arab Emirates,Hong Kong,Khalid Shah,Waseem Muhammad,A Shukla,0,1,1,,,,,,,,
1403291,2023/24,2023-10-22,Mulpani Cricket Ground,2,2.3,United Arab Emirates,Hong Kong,Khalid Shah,Waseem Muhammad,A Shukla,0,0,,,,,,,,,
1403291,2023/24,2023-10-22,Mulpani Cricket Ground,2,2.4,United Arab Emirates,Hong Kong,Khalid Shah,Waseem Muhammad,A Shukla,0,0,,,,,,,,,
1403291,2023/24,2023-10-22,Mulpani Cricket Ground,2,2.5,United Arab Emirates,Hong Kong,Khalid Shah,Waseem Muhammad,A Shukla,6,0,,,,,,,,,
1403291,2023/24,2023-10-22,Mulpani Cricket Ground,2,2.6,United Arab Emirates,Hong Kong,Khalid Shah,Waseem Muhammad,A Shukla,0,0,,,,,,,,,
1403291,2023/24,2023-10-22,Mulpani Cricket Ground,2,2.7,United Arab Emirates,Hong Kong,Khalid Shah,Waseem Muhammad,A Shukla,0,0,,,,,,,,,
1403291,2023/24,2023-10-22,Mulpani Cricket Ground,2,3.1,United Arab Emirates,Hong Kong,Waseem Muhammad,Khalid Shah,Ehsan Khan,0,0,,,,,,,,,
1403291,2023/24,2023-10-22,Mulpani Cricket Ground,2,3.2,United Arab Emirates,Hong Kong,Waseem Muhammad,Khalid Shah,Ehsan Khan,1,0,,,,,,,,,
1403291,2023/24,2023-10-22,Mulpani Cricket Ground,2,3.3,United Arab Emirates,Hong Kong,Khalid Shah,Waseem Muhammad,Ehsan Khan,0,0,,,,,,,,,
1403291,2023/24,2023-10-22,Mulpani Cricket Ground,2,3.4,United Arab Emirates,Hong Kong,Khalid Shah,Waseem Muhammad,Ehsan Khan,1,0,,,,,,,,,
1403291,2023/24,2023-10-22,Mulpani Cricket Ground,2,3.5,United Arab Emirates,Hong Kong,Waseem Muhammad,Khalid Shah,Ehsan Khan,6,0,,,,,,,,,
1403291,2023/24,2023-10-22,Mulpani Cricket Ground,2,3.6,United Arab Emirates,Hong Kong,Waseem Muhammad,Khalid Shah,Ehsan Khan,0,0,,,,,,,,,
1403291,2023/24,2023-10-22,Mulpani Cricket Ground,2,4.1,United Arab Emirates,Hong Kong,Khalid Shah,Waseem Muhammad,Aizaz Khan,1,0,,,,,,,,,
1403291,2023/24,2023-10-22,Mulpani Cricket Ground,2,4.2,United Arab Emirates,Hong Kong,Waseem Muhammad,Khalid Shah,Aizaz Khan,4,0,,,,,,,,,
1403291,2023/24,2023-10-22,Mulpani Cricket Ground,2,4.3,United Arab Emirates,Hong Kong,Waseem Muhammad,Khalid Shah,Aizaz Khan,6,0,,,,,,,,,
1403291,2023/24,2023-10-22,Mulpani Cricket Ground,2,4.4,United Arab Emirates,Hong Kong,Waseem Muhammad,Khalid Shah,Aizaz Khan,2,0,,,,,,,,,
1403291,2023/24,2023-10-22,Mulpani Cricket Ground,2,4.5,United Arab Emirates,Hong Kong,Waseem Muhammad,Khalid Shah,Aizaz Khan,4,0,,,,,,,,,
1403291,2023/24,2023-10-22,Mulpani Cricket Ground,2,4.6,United Arab Emirates,Hong Kong,Waseem Muhammad,Khalid Shah,Aizaz Khan,0,0,,,,,,,,,
1403291,2023/24,2023-10-22,Mulpani Cricket Ground,2,5.1,United Arab Emirates,Hong Kong,Khalid Shah,Waseem Muhammad,Yasim Murtaza,1,0,,,,,,,,,
1403291,2023/24,2023-10-22,Mulpani Cricket Ground,2,5.2,United Arab Emirates,Hong Kong,Waseem Muhammad,Khalid Shah,Yasim Murtaza,0,0,,,,,,lbw,Waseem Muhammad,,
1403291,2023/24,2023-10-22,Mulpani Cricket Ground,2,5.3,United Arab Emirates,Hong Kong,V Aravind,Khalid Shah,Yasim Murtaza,1,0,,,,,,,,,
1403291,2023/24,2023-10-22,Mulpani Cricket Ground,2,5.4,United Arab Emirates,Hong Kong,Khalid Shah,V Aravind,Yasim Murtaza,0,0,,,,,,,,,
1403291,2023/24,2023-10-22,Mulpani Cricket Ground,2,5.5,United Arab Emirates,Hong Kong,Khalid Shah,V Aravind,Yasim Murtaza,2,0,,,,,,,,,
1403291,2023/24,2023-10-22,Mulpani Cricket Ground,2,5.6,United Arab Emirates,Hong Kong,Khalid Shah,V Aravind,Yasim Murtaza,0,0,,,,,,,,,
1403291,2023/24,2023-10-22,Mulpani Cricket Ground,2,6.1,United Arab Emirates,Hong Kong,V Aravind,Khalid Shah,Mohammad Ghazanfar,0,0,,,,,,,,,
1403291,2023/24,2023-10-22,Mulpani Cricket Ground,2,6.2,United Arab Emirates,Hong Kong,V Aravind,Khalid Shah,Mohammad Ghazanfar,1,0,,,,,,,,,
1403291,2023/24,2023-10-22,Mulpani Cricket Ground,2,6.3,United Arab Emirates,Hong Kong,Khalid Shah,V Aravind,Mohammad Ghazanfar,0,0,,,,,,,,,
1403291,2023/24,2023-10-22,Mulpani Cricket Ground,2,6.4,United Arab Emirates,Hong Kong,Khalid Shah,V Aravind,Mohammad Ghazanfar,1,0,,,,,,,,,
1403291,2023/24,2023-10-22,Mulpani Cricket Ground,2,6.5,United Arab Emirates,Hong Kong,V Aravind,Khalid Shah,Mohammad Ghazanfar,0,0,,,,,,,,,
1403291,2023/24,2023-10-22,Mulpani Cricket Ground,2,6.6,United Arab Emirates,Hong Kong,V Aravind,Khalid Shah,Mohammad Ghazanfar,0,0,,,,,,,,,
1403291,2023/24,2023-10-22,Mulpani Cricket Ground,2,7.1,United Arab Emirates,Hong Kong,Khalid Shah,V Aravind,Yasim Murtaza,1,0,,,,,,,,,
1403291,2023/24,2023-10-22,Mulpani Cricket Ground,2,7.2,United Arab Emirates,Hong Kong,V Aravind,Khalid Shah,Yasim Murtaza,1,0,,,,,,,,,
1403291,2023/24,2023-10-22,Mulpani Cricket Ground,2,7.3,United Arab Emirates,Hong Kong,Khalid Shah,V Aravind,Yasim Murtaza,1,0,,,,,,,,,
1403291,2023/24,2023-10-22,Mulpani Cricket Ground,2,7.4,United Arab Emirates,Hong Kong,V Aravind,Khalid Shah,Yasim Murtaza,0,0,,,,,,,,,
1403291,2023/24,2023-10-22,Mulpani Cricket Ground,2,7.5,United Arab Emirates,Hong Kong,V Aravind,Khalid Shah,Yasim Murtaza,1,0,,,,,,,,,
1403291,2023/24,2023-10-22,Mulpani Cricket Ground,2,7.6,United Arab Emirates,Hong Kong,Khalid Shah,V Aravind,Yasim Murtaza,0,0,,,,,,,,,
1403291,2023/24,2023-10-22,Mulpani Cricket Ground,2,8.1,United Arab Emirates,Hong Kong,V Aravind,Khalid Shah,Mohammad Ghazanfar,6,0,,,,,,,,,
1403291,2023/24,2023-10-22,Mulpani Cricket Ground,2,8.2,United Arab Emirates,Hong Kong,V Aravind,Khalid Shah,Mohammad Ghazanfar,1,1,,1,,,,,,,
1403291,2023/24,2023-10-22,Mulpani Cricket Ground,2,8.3,United Arab Emirates,Hong Kong,Khalid Shah,V Aravind,Mohammad Ghazanfar,6,0,,,,,,,,,
1403291,2023/24,2023-10-22,Mulpani Cricket Ground,2,8.4,United Arab Emirates,Hong Kong,Khalid Shah,V Aravind,Mohammad Ghazanfar,1,0,,,,,,,,,
1403291,2023/24,2023-10-22,Mulpani Cricket Ground,2,8.5,United Arab Emirates,Hong Kong,V Aravind,Khalid Shah,Mohammad Ghazanfar,1,0,,,,,,,,,
1403291,2023/24,2023-10-22,Mulpani Cricket Ground,2,8.6,United Arab Emirates,Hong Kong,Khalid Shah,V Aravind,Mohammad Ghazanfar,0,0,,,,,,,,,
1403291,2023/24,2023-10-22,Mulpani Cricket Ground,2,8.7,United Arab Emirates,Hong Kong,Khalid Shah,V Aravind,Mohammad Ghazanfar,0,0,,,,,,,,,
1403291,2023/24,2023-10-22,Mulpani Cricket Ground,2,9.1,United Arab Emirates,Hong Kong,V Aravind,Khalid Shah,Yasim Murtaza,1,0,,,,,,,,,
1403291,2023/24,2023-10-22,Mulpani Cricket Ground,2,9.2,United Arab Emirates,Hong Kong,Khalid Shah,V Aravind,Yasim Murtaza,2,0,,,,,,,,,
1403291,2023/24,2023-10-22,Mulpani Cricket Ground,2,9.3,United Arab Emirates,Hong Kong,Khalid Shah,V Aravind,Yasim Murtaza,0,0,,,,,,,,,
1403291,2023/24,2023-10-22,Mulpani Cricket Ground,2,9.4,United Arab Emirates,Hong Kong,Khalid Shah,V Aravind,Yasim Murtaza,0,0,,,,,,,,,
1403291,2023/24,2023-10-22,Mulpani Cricket Ground,2,9.5,United Arab Emirates,Hong Kong,Khalid Shah,V Aravind,Yasim Murtaza,0,0,,,,,,caught,Khalid Shah,,
1403291,2023/24,2023-10-22,Mulpani Cricket Ground,2,9.6,United Arab Emirates,Hong Kong,Asif Khan,V Aravind,Yasim Murtaza,0,0,,,,,,,,,
1403291,2023/24,2023-10-22,Mulpani Cricket Ground,2,10.1,United Arab Emirates,Hong Kong,V Aravind,Asif Khan,Ehsan Khan,0,0,,,,,,,,,
1403291,2023/24,2023-10-22,Mulpani Cricket Ground,2,10.2,United Arab Emirates,Hong Kong,V Aravind,Asif Khan,Ehsan Khan,1,0,,,,,,,,,
1403291,2023/24,2023-10-22,Mulpani Cricket Ground,2,10.3,United Arab Emirates,Hong Kong,Asif Khan,V Aravind,Ehsan Khan,0,0,,,,,,,,,
1403291,2023/24,2023-10-22,Mulpani Cricket Ground,2,10.4,United Arab Emirates,Hong Kong,Asif Khan,V Aravind,Ehsan Khan,4,0,,,,,,,,,
1403291,2023/24,2023-10-22,Mulpani Cricket Ground,2,10.5,United Arab Emirates,Hong Kong,Asif Khan,V Aravind,Ehsan Khan,0,0,,,,,,,,,
1403291,2023/24,2023-10-22,Mulpani Cricket Ground,2,10.6,United Arab Emirates,Hong Kong,Asif Khan,V Aravind,Ehsan Khan,0,0,,,,,,,,,
1403291,2023/24,2023-10-22,Mulpani Cricket Ground,2,11.1,United Arab Emirates,Hong Kong,V Aravind,Asif Khan,Yasim Murtaza,1,0,,,,,,,,,
1403291,2023/24,2023-10-22,Mulpani Cricket Ground,2,11.2,United Arab Emirates,Hong Kong,Asif Khan,V Aravind,Yasim Murtaza,1,0,,,,,,,,,
1403291,2023/24,2023-10-22,Mulpani Cricket Ground,2,11.3,United Arab Emirates,Hong Kong,V Aravind,Asif Khan,Yasim Murtaza,4,0,,,,,,,,,
1403291,2023/24,2023-10-22,Mulpani Cricket Ground,2,11.4,United Arab Emirates,Hong Kong,V Aravind,Asif Khan,Yasim Murtaza,0,0,,,,,,,,,
1403291,2023/24,2023-10-22,Mulpani Cricket Ground,2,11.5,United Arab Emirates,Hong Kong,V Aravind,Asif Khan,Yasim Murtaza,2,0,,,,,,,,,
1403291,2023/24,2023-10-22,Mulpani Cricket Ground,2,11.6,United Arab Emirates,Hong Kong,V Aravind,Asif Khan,Yasim Murtaza,1,0,,,,,,,,,
1403291,2023/24,2023-10-22,Mulpani Cricket Ground,2,12.1,United Arab Emirates,Hong Kong,V Aravind,Asif Khan,Ehsan Khan,0,0,,,,,,,,,
1403291,2023/24,2023-10-22,Mulpani Cricket Ground,2,12.2,United Arab Emirates,Hong Kong,V Aravind,Asif Khan,Ehsan Khan,1,0,,,,,,,,,
1403291,2023/24,2023-10-22,Mulpani Cricket Ground,2,12.3,United Arab Emirates,Hong Kong,Asif Khan,V Aravind,Ehsan Khan,0,0,,,,,,,,,
1403291,2023/24,2023-10-22,Mulpani Cricket Ground,2,12.4,United Arab Emirates,Hong Kong,Asif Khan,V Aravind,Ehsan Khan,0,0,,,,,,,,,
1403291,2023/24,2023-10-22,Mulpani Cricket Ground,2,12.5,United Arab Emirates,Hong Kong,Asif Khan,V Aravind,Ehsan Khan,1,0,,,,,,,,,
1403291,2023/24,2023-10-22,Mulpani Cricket Ground,2,12.6,United Arab Emirates,Hong Kong,V Aravind,Asif Khan,Ehsan Khan,1,0,,,,,,,,,
1403291,2023/24,2023-10-22,Mulpani Cricket Ground,2,13.1,United Arab Emirates,Hong Kong,V Aravind,Asif Khan,Nizakat Khan,4,0,,,,,,,,,
1403291,2023/24,2023-10-22,Mulpani Cricket Ground,2,13.2,United Arab Emirates,Hong Kong,V Aravind,Asif Khan,Nizakat Khan,1,0,,,,,,,,,
1403291,2023/24,2023-10-22,Mulpani Cricket Ground,2,13.3,United Arab Emirates,Hong Kong,Asif Khan,V Aravind,Nizakat Khan,0,0,,,,,,,,,
1403291,2023/24,2023-10-22,Mulpani Cricket Ground,2,13.4,United Arab Emirates,Hong Kong,Asif Khan,V Aravind,Nizakat Khan,6,0,,,,,,,,,
1403291,2023/24,2023-10-22,Mulpani Cricket Ground,2,13.5,United Arab Emirates,Hong Kong,Asif Khan,V Aravind,Nizakat Khan,0,0,,,,,,bowled,Asif Khan,,
1403291,2023/24,2023-10-22,Mulpani Cricket Ground,2,13.6,United Arab Emirates,Hong Kong,A Sharafu,V Aravind,Nizakat Khan,0,0,,,,,,,,,
1403291,2023/24,2023-10-22,Mulpani Cricket Ground,2,14.1,United Arab Emirates,Hong Kong,V Aravind,A Sharafu,Ehsan Khan,0,0,,,,,,lbw,V Aravind,,
1403291,2023/24,2023-10-22,Mulpani Cricket Ground,2,14.2,United Arab Emirates,Hong Kong,Basil Hameed,A Sharafu,Ehsan Khan,0,0,,,,,,,,,
1403291,2023/24,2023-10-22,Mulpani Cricket Ground,2,14.3,United Arab Emirates,Hong Kong,Basil Hameed,A Sharafu,Ehsan Khan,6,0,,,,,,,,,
1403291,2023/24,2023-10-22,Mulpani Cricket Ground,2,14.4,United Arab Emirates,Hong Kong,Basil Hameed,A Sharafu,Ehsan Khan,0,0,,,,,,,,,
1403291,2023/24,2023-10-22,Mulpani Cricket Ground,2,14.5,United Arab Emirates,Hong Kong,Basil Hameed,A Sharafu,Ehsan Khan,0,0,,,,,,,,,
1403291,2023/24,2023-10-22,Mulpani Cricket Ground,2,14.6,United Arab Emirates,Hong Kong,Basil Hameed,A Sharafu,Ehsan Khan,0,1,,,,1,,,,,
1403291,2023/24,2023-10-22,Mulpani Cricket Ground,2,15.1,United Arab Emirates,Hong Kong,Basil Hameed,A Sharafu,Nizakat Khan,1,0,,,,,,,,,
1403291,2023/24,2023-10-22,Mulpani Cricket Ground,2,15.2,United Arab Emirates,Hong Kong,A Sharafu,Basil Hameed,Nizakat Khan,2,0,,,,,,,,,
1403291,2023/24,2023-10-22,Mulpani Cricket Ground,2,15.3,United Arab Emirates,Hong Kong,A Sharafu,Basil Hameed,Nizakat Khan,0,0,,,,,,,,,
1403291,2023/24,2023-10-22,Mulpani Cricket Ground,2,15.4,United Arab Emirates,Hong Kong,A Sharafu,Basil Hameed,Nizakat Khan,6,0,,,,,,,,,
1403291,2023/24,2023-10-22,Mulpani Cricket Ground,2,15.5,United Arab Emirates,Hong Kong,A Sharafu,Basil Hameed,Nizakat Khan,2,0,,,,,,,,,
1403291,2023/24,2023-10-22,Mulpani Cricket Ground,2,15.6,United Arab Emirates,Hong Kong,A Sharafu,Basil Hameed,Nizakat Khan,1,0,,,,,,,,,
1403291,2023/24,2023-10-22,Mulpani Cricket Ground,2,16.1,United Arab Emirates,Hong Kong,A Sharafu,Basil Hameed,Mohammad Ghazanfar,0,0,,,,,,,,,
1403291,2023/24,2023-10-22,Mulpani Cricket Ground,2,16.2,United Arab Emirates,Hong Kong,A Sharafu,Basil Hameed,Mohammad Ghazanfar,1,0,,,,,,,,,
1403291,2023/24,2023-10-22,Mulpani Cricket Ground,2,16.3,United Arab Emirates,Hong Kong,Basil Hameed,A Sharafu,Mohammad Ghazanfar,1,0,,,,,,,,,
1403291,2023/24,2023-10-22,Mulpani Cricket Ground,2,16.4,United Arab Emirates,Hong Kong,A Sharafu,Basil Hameed,Mohammad Ghazanfar,0,0,,,,,,,,,
1403291,2023/24,2023-10-22,Mulpani Cricket Ground,2,16.5,United Arab Emirates,Hong Kong,A Sharafu,Basil Hameed,Mohammad Ghazanfar,1,0,,,,,,,,,
1403291,2023/24,2023-10-22,Mulpani Cricket Ground,2,16.6,United Arab Emirates,Hong Kong,Basil Hameed,A Sharafu,Mohammad Ghazanfar,0,0,,,,,,,,,
1403291,2023/24,2023-10-22,Mulpani Cricket Ground,2,17.1,United Arab Emirates,Hong Kong,A Sharafu,Basil Hameed,Nizakat Khan,1,0,,,,,,,,,
1403291,2023/24,2023-10-22,Mulpani Cricket Ground,2,17.2,United Arab Emirates,Hong Kong,Basil Hameed,A Sharafu,Nizakat Khan,2,0,,,,,,,,,
1403291,2023/24,2023-10-22,Mulpani Cricket Ground,2,17.3,United Arab Emirates,Hong Kong,Basil Hameed,A Sharafu,Nizakat Khan,1,0,,,,,,,,,
1403291,2023/24,2023-10-22,Mulpani Cricket Ground,2,17.4,United Arab Emirates,Hong Kong,A Sharafu,Basil Hameed,Nizakat Khan,0,0,,,,,,,,,
1403291,2023/24,2023-10-22,Mulpani Cricket Ground,2,17.5,United Arab Emirates,Hong Kong,A Sharafu,Basil Hameed,Nizakat Khan,0,0,,,,,,,,,
1403291,2023/24,2023-10-22,Mulpani Cricket Ground,2,17.6,United Arab Emirates,Hong Kong,A Sharafu,Basil Hameed,Nizakat Khan,6,0,,,,,,,,,
