match_id,season,start_date,venue,innings,ball,batting_team,bowling_team,striker,non_striker,bowler,runs_off_bat,extras,wides,noballs,byes,legbyes,penalty,wicket_type,player_dismissed,other_wicket_type,other_player_dismissed
1405319,2023/24,2023-10-31,"Tribhuvan University International Cricket Ground, Kirtipur",1,0.1,Malaysia,Nepal,Syed Aziz,Zubaidi Zulkifle,Karan KC,0,1,1,,,,,,,,
1405319,2023/24,2023-10-31,"Tribhuvan University International Cricket Ground, Kirtipur",1,0.2,Malaysia,Nepal,Syed Aziz,Zubaidi Zulkifle,Karan KC,0,0,,,,,,,,,
1405319,2023/24,2023-10-31,"Tribhuvan University International Cricket Ground, Kirtipur",1,0.3,Malaysia,Nepal,Syed Aziz,Zubaidi Zulkifle,Karan KC,1,0,,,,,,,,,
1405319,2023/24,2023-10-31,"Tribhuvan University International Cricket Ground, Kirtipur",1,0.4,Malaysia,Nepal,Zubaidi Zulkifle,Syed Aziz,Karan KC,0,0,,,,,,,,,
1405319,2023/24,2023-10-31,"Tribhuvan University International Cricket Ground, Kirtipur",1,0.5,Malaysia,Nepal,Zubaidi Zulkifle,Syed Aziz,Karan KC,0,0,,,,,,,,,
1405319,2023/24,2023-10-31,"Tribhuvan University International Cricket Ground, Kirtipur",1,0.6,Malaysia,Nepal,Zubaidi Zulkifle,Syed Aziz,Karan KC,4,0,,,,,,,,,
1405319,2023/24,2023-10-31,"Tribhuvan University International Cricket Ground, Kirtipur",1,0.7,Malaysia,Nepal,Zubaidi Zulkifle,Syed Aziz,Karan KC,3,0,,,,,,,,,
1405319,2023/24,2023-10-31,"Tribhuvan University International Cricket Ground, Kirtipur",1,1.1,Malaysia,Nepal,Zubaidi Zulkifle,Syed Aziz,Sompal Kami,1,0,,,,,,,,,
1405319,2023/24,2023-10-31,"Tribhuvan University International Cricket Ground, Kirtipur",1,1.2,Malaysia,Nepal,Syed Aziz,Zubaidi Zulkifle,Sompal Kami,0,2,2,,,,,,,,
1405319,2023/24,2023-10-31,"Tribhuvan University International Cricket Ground, Kirtipur",1,1.3,Malaysia,Nepal,Zubaidi Zulkifle,Syed Aziz,Sompal Kami,1,0,,,,,,,,,
1405319,2023/24,2023-10-31,"Tribhuvan University International Cricket Ground, Kirtipur",1,1.4,Malaysia,Nepal,Syed Aziz,Zubaidi Zulkifle,Sompal Kami,4,0,,,,,,,,,
1405319,2023/24,2023-10-31,"Tribhuvan University International Cricket Ground, Kirtipur",1,1.5,Malaysia,Nepal,Syed Aziz,Zubaidi Zulkifle,Sompal Kami,0,4,,,,4,,,,,
1405319,2023/24,2023-10-31,"Tribhuvan University International Cricket Ground, Kirtipur",1,1.6,Malaysia,Nepal,Syed Aziz,Zubaidi Zulkifle,Sompal Kami,0,1,,,,1,,,,,
1405319,2023/24,2023-10-31,"Tribhuvan University International Cricket Ground, Kirtipur",1,1.7,Malaysia,Nepal,Zubaidi Zulkifle,Syed Aziz,Sompal Kami,4,0,,,,,,,,,
1405319,2023/24,2023-10-31,"Tribhuvan University International Cricket Ground, Kirtipur",1,2.1,Malaysia,Nepal,Syed Aziz,Zubaidi Zulkifle,Kushal Malla,0,0,,,,,,,,,
1405319,2023/24,2023-10-31,"Tribhuvan University International Cricket Ground, Kirtipur",1,2.2,Malaysia,Nepal,Syed Aziz,Zubaidi Zulkifle,Kushal Malla,0,0,,,,,,,,,
1405319,2023/24,2023-10-31,"Tribhuvan University International Cricket Ground, Kirtipur",1,2.3,Malaysia,Nepal,Syed Aziz,Zubaidi Zulkifle,Kushal Malla,6,0,,,,,,,,,
1405319,2023/24,2023-10-31,"Tribhuvan University International Cricket Ground, Kirtipur",1,2.4,Malaysia,Nepal,Syed Aziz,Zubaidi Zulkifle,Kushal Malla,0,0,,,,,,,,,
1405319,2023/24,2023-10-31,"Tribhuvan University International Cricket Ground, Kirtipur",1,2.5,Malaysia,Nepal,Syed Aziz,Zubaidi Zulkifle,Kushal Malla,0,0,,,,,,,,,
1405319,2023/24,2023-10-31,"Tribhuvan University International Cricket Ground, Kirtipur",1,2.6,Malaysia,Nepal,Syed Aziz,Zubaidi Zulkifle,Kushal Malla,4,0,,,,,,,,,
1405319,2023/24,2023-10-31,"Tribhuvan University International Cricket Ground, Kirtipur",1,3.1,Malaysia,Nepal,Zubaidi Zulkifle,Syed Aziz,Karan KC,1,0,,,,,,,,,
1405319,2023/24,2023-10-31,"Tribhuvan University International Cricket Ground, Kirtipur",1,3.2,Malaysia,Nepal,Syed Aziz,Zubaidi Zulkifle,Karan KC,4,0,,,,,,,,,
1405319,2023/24,2023-10-31,"Tribhuvan University International Cricket Ground, Kirtipur",1,3.3,Malaysia,Nepal,Syed Aziz,Zubaidi Zulkifle,Karan KC,0,1,,,,1,,,,,
1405319,2023/24,2023-10-31,"Tribhuvan University International Cricket Ground, Kirtipur",1,3.4,Malaysia,Nepal,Zubaidi Zulkifle,Syed Aziz,Karan KC,0,0,,,,,,,,,
1405319,2023/24,2023-10-31,"Tribhuvan University International Cricket Ground, Kirtipur",1,3.5,Malaysia,Nepal,Zubaidi Zulkifle,Syed Aziz,Karan KC,2,0,,,,,,,,,
1405319,2023/24,2023-10-31,"Tribhuvan University International Cricket Ground, Kirtipur",1,3.6,Malaysia,Nepal,Zubaidi Zulkifle,Syed Aziz,Karan KC,4,0,,,,,,,,,
1405319,2023/24,2023-10-31,"Tribhuvan University International Cricket Ground, Kirtipur",1,4.1,Malaysia,Nepal,Syed Aziz,Zubaidi Zulkifle,Sompal Kami,0,1,,1,,,,,,,
1405319,2023/24,2023-10-31,"Tribhuvan University International Cricket Ground, Kirtipur",1,4.2,Malaysia,Nepal,Syed Aziz,Zubaidi Zulkifle,Sompal Kami,1,0,,,,,,,,,
1405319,2023/24,2023-10-31,"Tribhuvan University International Cricket Ground, Kirtipur",1,4.3,Malaysia,Nepal,Zubaidi Zulkifle,Syed Aziz,Sompal Kami,0,0,,,,,,,,,
1405319,2023/24,2023-10-31,"Tribhuvan University International Cricket Ground, Kirtipur",1,4.4,Malaysia,Nepal,Zubaidi Zulkifle,Syed Aziz,Sompal Kami,2,0,,,,,,,,,
1405319,2023/24,2023-10-31,"Tribhuvan University International Cricket Ground, Kirtipur",1,4.5,Malaysia,Nepal,Zubaidi Zulkifle,Syed Aziz,Sompal Kami,1,0,,,,,,,,,
1405319,2023/24,2023-10-31,"Tribhuvan University International Cricket Ground, Kirtipur",1,4.6,Malaysia,Nepal,Syed Aziz,Zubaidi Zulkifle,Sompal Kami,0,0,,,,,,,,,
1405319,2023/24,2023-10-31,"Tribhuvan University International Cricket Ground, Kirtipur",1,4.7,Malaysia,Nepal,Syed Aziz,Zubaidi Zulkifle,Sompal Kami,1,0,,,,,,,,,
1405319,2023/24,2023-10-31,"Tribhuvan University International Cricket Ground, Kirtipur",1,5.1,Malaysia,Nepal,Syed Aziz,Zubaidi Zulkifle,A Bohara,1,0,,,,,,,,,
1405319,2023/24,2023-10-31,"Tribhuvan University International Cricket Ground, Kirtipur",1,5.2,Malaysia,Nepal,Zubaidi Zulkifle,Syed Aziz,A Bohara,1,0,,,,,,,,,
1405319,2023/24,2023-10-31,"Tribhuvan University International Cricket Ground, Kirtipur",1,5.3,Malaysia,Nepal,Syed Aziz,Zubaidi Zulkifle,A Bohara,0,0,,,,,,,,,
1405319,2023/24,2023-10-31,"Tribhuvan University International Cricket Ground, Kirtipur",1,5.4,Malaysia,Nepal,Syed Aziz,Zubaidi Zulkifle,A Bohara,1,0,,,,,,,,,
1405319,2023/24,2023-10-31,"Tribhuvan University International Cricket Ground, Kirtipur",1,5.5,Malaysia,Nepal,Zubaidi Zulkifle,Syed Aziz,A Bohara,0,1,1,,,,,,,,
1405319,2023/24,2023-10-31,"Tribhuvan University International Cricket Ground, Kirtipur",1,5.6,Malaysia,Nepal,Zubaidi Zulkifle,Syed Aziz,A Bohara,0,0,,,,,,caught,Zubaidi Zulkifle,,
1405319,2023/24,2023-10-31,"Tribhuvan University International Cricket Ground, Kirtipur",1,5.7,Malaysia,Nepal,Ahmed Faiz,Syed Aziz,A Bohara,2,0,,,,,,,,,
1405319,2023/24,2023-10-31,"Tribhuvan University International Cricket Ground, Kirtipur",1,6.1,Malaysia,Nepal,Syed Aziz,Ahmed Faiz,S Lamichhane,2,0,,,,,,,,,
1405319,2023/24,2023-10-31,"Tribhuvan University International Cricket Ground, Kirtipur",1,6.2,Malaysia,Nepal,Syed Aziz,Ahmed Faiz,S Lamichhane,1,0,,,,,,,,,
1405319,2023/24,2023-10-31,"Tribhuvan University International Cricket Ground, Kirtipur",1,6.3,Malaysia,Nepal,Ahmed Faiz,Syed Aziz,S Lamichhane,0,0,,,,,,,,,
1405319,2023/24,2023-10-31,"Tribhuvan University International Cricket Ground, Kirtipur",1,6.4,Malaysia,Nepal,Ahmed Faiz,Syed Aziz,S Lamichhane,0,0,,,,,,,,,
1405319,2023/24,2023-10-31,"Tribhuvan University International Cricket Ground, Kirtipur",1,6.5,Malaysia,Nepal,Ahmed Faiz,Syed Aziz,S Lamichhane,1,0,,,,,,,,,
1405319,2023/24,2023-10-31,"Tribhuvan University International Cricket Ground, Kirtipur",1,6.6,Malaysia,Nepal,Syed Aziz,Ahmed Faiz,S Lamichhane,1,0,,,,,,run out,Ahmed Faiz,,
1405319,2023/24,2023-10-31,"Tribhuvan University International Cricket Ground, Kirtipur",1,7.1,Malaysia,Nepal,Syed Aziz,Virandeep Singh,Gulsan Jha,1,0,,,,,,,,,
1405319,2023/24,2023-10-31,"Tribhuvan University International Cricket Ground, Kirtipur",1,7.2,Malaysia,Nepal,Virandeep Singh,Syed Aziz,Gulsan Jha,1,0,,,,,,,,,
1405319,2023/24,2023-10-31,"Tribhuvan University International Cricket Ground, Kirtipur",1,7.3,Malaysia,Nepal,Syed Aziz,Virandeep Singh,Gulsan Jha,1,0,,,,,,,,,
1405319,2023/24,2023-10-31,"Tribhuvan University International Cricket Ground, Kirtipur",1,7.4,Malaysia,Nepal,Virandeep Singh,Syed Aziz,Gulsan Jha,1,0,,,,,,,,,
1405319,2023/24,2023-10-31,"Tribhuvan University International Cricket Ground, Kirtipur",1,7.5,Malaysia,Nepal,Syed Aziz,Virandeep Singh,Gulsan Jha,1,0,,,,,,,,,
1405319,2023/24,2023-10-31,"Tribhuvan University International Cricket Ground, Kirtipur",1,7.6,Malaysia,Nepal,Virandeep Singh,Syed Aziz,Gulsan Jha,0,0,,,,,,,,,
1405319,2023/24,2023-10-31,"Tribhuvan University International Cricket Ground, Kirtipur",1,8.1,Malaysia,Nepal,Syed Aziz,Virandeep Singh,S Lamichhane,4,0,,,,,,,,,
1405319,2023/24,2023-10-31,"Tribhuvan University International Cricket Ground, Kirtipur",1,8.2,Malaysia,Nepal,Syed Aziz,Virandeep Singh,S Lamichhane,0,0,,,,,,,,,
1405319,2023/24,2023-10-31,"Tribhuvan University International Cricket Ground, Kirtipur",1,8.3,Malaysia,Nepal,Syed Aziz,Virandeep Singh,S Lamichhane,2,0,,,,,,,,,
1405319,2023/24,2023-10-31,"Tribhuvan University International Cricket Ground, Kirtipur",1,8.4,Malaysia,Nepal,Syed Aziz,Virandeep Singh,S Lamichhane,1,0,,,,,,,,,
1405319,2023/24,2023-10-31,"Tribhuvan University International Cricket Ground, Kirtipur",1,8.5,Malaysia,Nepal,Virandeep Singh,Syed Aziz,S Lamichhane,0,1,,,,1,,,,,
1405319,2023/24,2023-10-31,"Tribhuvan University International Cricket Ground, Kirtipur",1,8.6,Malaysia,Nepal,Syed Aziz,Virandeep Singh,S Lamichhane,0,0,,,,,,,,,
1405319,2023/24,2023-10-31,"Tribhuvan University International Cricket Ground, Kirtipur",1,9.1,Malaysia,Nepal,Virandeep Singh,Syed Aziz,Gulsan Jha,1,0,,,,,,,,,
1405319,2023/24,2023-10-31,"Tribhuvan University International Cricket Ground, Kirtipur",1,9.2,Malaysia,Nepal,Syed Aziz,Virandeep Singh,Gulsan Jha,4,0,,,,,,,,,
1405319,2023/24,2023-10-31,"Tribhuvan University International Cricket Ground, Kirtipur",1,9.3,Malaysia,Nepal,Syed Aziz,Virandeep Singh,Gulsan Jha,0,0,,,,,,,,,
1405319,2023/24,2023-10-31,"Tribhuvan University International Cricket Ground, Kirtipur",1,9.4,Malaysia,Nepal,Syed Aziz,Virandeep Singh,Gulsan Jha,1,0,,,,,,,,,
1405319,2023/24,2023-10-31,"Tribhuvan University International Cricket Ground, Kirtipur",1,9.5,Malaysia,Nepal,Virandeep Singh,Syed Aziz,Gulsan Jha,0,0,,,,,,,,,
1405319,2023/24,2023-10-31,"Tribhuvan University International Cricket Ground, Kirtipur",1,9.6,Malaysia,Nepal,Virandeep Singh,Syed Aziz,Gulsan Jha,1,0,,,,,,,,,
1405319,2023/24,2023-10-31,"Tribhuvan University International Cricket Ground, Kirtipur",1,10.1,Malaysia,Nepal,Virandeep Singh,Syed Aziz,S Lamichhane,0,0,,,,,,lbw,Virandeep Singh,,
1405319,2023/24,2023-10-31,"Tribhuvan University International Cricket Ground, Kirtipur",1,10.2,Malaysia,Nepal,S Muniandy,Syed Aziz,S Lamichhane,4,0,,,,,,,,,
1405319,2023/24,2023-10-31,"Tribhuvan University International Cricket Ground, Kirtipur",1,10.3,Malaysia,Nepal,S Muniandy,Syed Aziz,S Lamichhane,0,0,,,,,,,,,
1405319,2023/24,2023-10-31,"Tribhuvan University International Cricket Ground, Kirtipur",1,10.4,Malaysia,Nepal,S Muniandy,Syed Aziz,S Lamichhane,0,0,,,,,,,,,
1405319,2023/24,2023-10-31,"Tribhuvan University International Cricket Ground, Kirtipur",1,10.5,Malaysia,Nepal,S Muniandy,Syed Aziz,S Lamichhane,0,0,,,,,,,,,
1405319,2023/24,2023-10-31,"Tribhuvan University International Cricket Ground, Kirtipur",1,10.6,Malaysia,Nepal,S Muniandy,Syed Aziz,S Lamichhane,1,0,,,,,,,,,
1405319,2023/24,2023-10-31,"Tribhuvan University International Cricket Ground, Kirtipur",1,11.1,Malaysia,Nepal,S Muniandy,Syed Aziz,RK Paudel,1,0,,,,,,,,,
1405319,2023/24,2023-10-31,"Tribhuvan University International Cricket Ground, Kirtipur",1,11.2,Malaysia,Nepal,Syed Aziz,S Muniandy,RK Paudel,0,0,,,,,,,,,
1405319,2023/24,2023-10-31,"Tribhuvan University International Cricket Ground, Kirtipur",1,11.3,Malaysia,Nepal,Syed Aziz,S Muniandy,RK Paudel,0,0,,,,,,,,,
1405319,2023/24,2023-10-31,"Tribhuvan University International Cricket Ground, Kirtipur",1,11.4,Malaysia,Nepal,Syed Aziz,S Muniandy,RK Paudel,0,0,,,,,,,,,
1405319,2023/24,2023-10-31,"Tribhuvan University International Cricket Ground, Kirtipur",1,11.5,Malaysia,Nepal,Syed Aziz,S Muniandy,RK Paudel,1,0,,,,,,,,,
1405319,2023/24,2023-10-31,"Tribhuvan University International Cricket Ground, Kirtipur",1,11.6,Malaysia,Nepal,S Muniandy,Syed Aziz,RK Paudel,1,0,,,,,,,,,
1405319,2023/24,2023-10-31,"Tribhuvan University International Cricket Ground, Kirtipur",1,12.1,Malaysia,Nepal,S Muniandy,Syed Aziz,A Bohara,1,0,,,,,,,,,
1405319,2023/24,2023-10-31,"Tribhuvan University International Cricket Ground, Kirtipur",1,12.2,Malaysia,Nepal,Syed Aziz,S Muniandy,A Bohara,2,0,,,,,,,,,
1405319,2023/24,2023-10-31,"Tribhuvan University International Cricket Ground, Kirtipur",1,12.3,Malaysia,Nepal,Syed Aziz,S Muniandy,A Bohara,1,0,,,,,,,,,
1405319,2023/24,2023-10-31,"Tribhuvan University International Cricket Ground, Kirtipur",1,12.4,Malaysia,Nepal,S Muniandy,Syed Aziz,A Bohara,4,0,,,,,,,,,
1405319,2023/24,2023-10-31,"Tribhuvan University International Cricket Ground, Kirtipur",1,12.5,Malaysia,Nepal,S Muniandy,Syed Aziz,A Bohara,0,1,1,,,,,,,,
1405319,2023/24,2023-10-31,"Tribhuvan University International Cricket Ground, Kirtipur",1,12.6,Malaysia,Nepal,S Muniandy,Syed Aziz,A Bohara,1,0,,,,,,,,,
1405319,2023/24,2023-10-31,"Tribhuvan University International Cricket Ground, Kirtipur",1,12.7,Malaysia,Nepal,Syed Aziz,S Muniandy,A Bohara,1,0,,,,,,,,,
1405319,2023/24,2023-10-31,"Tribhuvan University International Cricket Ground, Kirtipur",1,13.1,Malaysia,Nepal,Syed Aziz,S Muniandy,RK Paudel,6,0,,,,,,,,,
1405319,2023/24,2023-10-31,"Tribhuvan University International Cricket Ground, Kirtipur",1,13.2,Malaysia,Nepal,Syed Aziz,S Muniandy,RK Paudel,4,0,,,,,,,,,
1405319,2023/24,2023-10-31,"Tribhuvan University International Cricket Ground, Kirtipur",1,13.3,Malaysia,Nepal,Syed Aziz,S Muniandy,RK Paudel,4,0,,,,,,,,,
1405319,2023/24,2023-10-31,"Tribhuvan University International Cricket Ground, Kirtipur",1,13.4,Malaysia,Nepal,Syed Aziz,S Muniandy,RK Paudel,1,0,,,,,,,,,
1405319,2023/24,2023-10-31,"Tribhuvan University International Cricket Ground, Kirtipur",1,13.5,Malaysia,Nepal,S Muniandy,Syed Aziz,RK Paudel,0,0,,,,,,,,,
1405319,2023/24,2023-10-31,"Tribhuvan University International Cricket Ground, Kirtipur",1,13.6,Malaysia,Nepal,S Muniandy,Syed Aziz,RK Paudel,0,0,,,,,,caught and bowled,S Muniandy,,
1405319,2023/24,2023-10-31,"Tribhuvan University International Cricket Ground, Kirtipur",1,14.1,Malaysia,Nepal,Syed Aziz,Muhammad Amir,Gulsan Jha,0,0,,,,,,,,,
1405319,2023/24,2023-10-31,"Tribhuvan University International Cricket Ground, Kirtipur",1,14.2,Malaysia,Nepal,Syed Aziz,Muhammad Amir,Gulsan Jha,2,0,,,,,,,,,
1405319,2023/24,2023-10-31,"Tribhuvan University International Cricket Ground, Kirtipur",1,14.3,Malaysia,Nepal,Syed Aziz,Muhammad Amir,Gulsan Jha,4,0,,,,,,,,,
1405319,2023/24,2023-10-31,"Tribhuvan University International Cricket Ground, Kirtipur",1,14.4,Malaysia,Nepal,Syed Aziz,Muhammad Amir,Gulsan Jha,0,0,,,,,,caught,Syed Aziz,,
1405319,2023/24,2023-10-31,"Tribhuvan University International Cricket Ground, Kirtipur",1,14.5,Malaysia,Nepal,Ainool Hafizs,Muhammad Amir,Gulsan Jha,0,0,,,,,,,,,
1405319,2023/24,2023-10-31,"Tribhuvan University International Cricket Ground, Kirtipur",1,14.6,Malaysia,Nepal,Ainool Hafizs,Muhammad Amir,Gulsan Jha,0,0,,,,,,,,,
1405319,2023/24,2023-10-31,"Tribhuvan University International Cricket Ground, Kirtipur",1,15.1,Malaysia,Nepal,Muhammad Amir,Ainool Hafizs,Karan KC,1,0,,,,,,,,,
1405319,2023/24,2023-10-31,"Tribhuvan University International Cricket Ground, Kirtipur",1,15.2,Malaysia,Nepal,Ainool Hafizs,Muhammad Amir,Karan KC,1,0,,,,,,,,,
1405319,2023/24,2023-10-31,"Tribhuvan University International Cricket Ground, Kirtipur",1,15.3,Malaysia,Nepal,Muhammad Amir,Ainool Hafizs,Karan KC,1,0,,,,,,,,,
1405319,2023/24,2023-10-31,"Tribhuvan University International Cricket Ground, Kirtipur",1,15.4,Malaysia,Nepal,Ainool Hafizs,Muhammad Amir,Karan KC,2,0,,,,,,run out,Ainool Hafizs,,
1405319,2023/24,2023-10-31,"Tribhuvan University International Cricket Ground, Kirtipur",1,15.5,Malaysia,Nepal,S Vijay Unni,Muhammad Amir,Karan KC,1,0,,,,,,,,,
1405319,2023/24,2023-10-31,"Tribhuvan University International Cricket Ground, Kirtipur",1,15.6,Malaysia,Nepal,Muhammad Amir,S Vijay Unni,Karan KC,4,0,,,,,,,,,
1405319,2023/24,2023-10-31,"Tribhuvan University International Cricket Ground, Kirtipur",1,16.1,Malaysia,Nepal,S Vijay Unni,Muhammad Amir,S Lamichhane,1,0,,,,,,,,,
1405319,2023/24,2023-10-31,"Tribhuvan University International Cricket Ground, Kirtipur",1,16.2,Malaysia,Nepal,Muhammad Amir,S Vijay Unni,S Lamichhane,1,0,,,,,,,,,
1405319,2023/24,2023-10-31,"Tribhuvan University International Cricket Ground, Kirtipur",1,16.3,Malaysia,Nepal,S Vijay Unni,Muhammad Amir,S Lamichhane,1,0,,,,,,,,,
1405319,2023/24,2023-10-31,"Tribhuvan University International Cricket Ground, Kirtipur",1,16.4,Malaysia,Nepal,Muhammad Amir,S Vijay Unni,S Lamichhane,1,0,,,,,,,,,
1405319,2023/24,2023-10-31,"Tribhuvan University International Cricket Ground, Kirtipur",1,16.5,Malaysia,Nepal,S Vijay Unni,Muhammad Amir,S Lamichhane,1,0,,,,,,,,,
1405319,2023/24,2023-10-31,"Tribhuvan University International Cricket Ground, Kirtipur",1,16.6,Malaysia,Nepal,Muhammad Amir,S Vijay Unni,S Lamichhane,0,0,,,,,,,,,
1405319,2023/24,2023-10-31,"Tribhuvan University International Cricket Ground, Kirtipur",1,17.1,Malaysia,Nepal,S Vijay Unni,Muhammad Amir,A Bohara,0,1,,,1,,,,,,
1405319,2023/24,2023-10-31,"Tribhuvan University International Cricket Ground, Kirtipur",1,17.2,Malaysia,Nepal,Muhammad Amir,S Vijay Unni,A Bohara,0,0,,,,,,bowled,Muhammad Amir,,
1405319,2023/24,2023-10-31,"Tribhuvan University International Cricket Ground, Kirtipur",1,17.3,Malaysia,Nepal,Syazrul Idrus,S Vijay Unni,A Bohara,1,0,,,,,,,,,
1405319,2023/24,2023-10-31,"Tribhuvan University International Cricket Ground, Kirtipur",1,17.4,Malaysia,Nepal,S Vijay Unni,Syazrul Idrus,A Bohara,0,0,,,,,,,,,
1405319,2023/24,2023-10-31,"Tribhuvan University International Cricket Ground, Kirtipur",1,17.5,Malaysia,Nepal,S Vijay Unni,Syazrul Idrus,A Bohara,1,0,,,,,,,,,
1405319,2023/24,2023-10-31,"Tribhuvan University International Cricket Ground, Kirtipur",1,17.6,Malaysia,Nepal,Syazrul Idrus,S Vijay Unni,A Bohara,0,0,,,,,,,,,
1405319,2023/24,2023-10-31,"Tribhuvan University International Cricket Ground, Kirtipur",1,18.1,Malaysia,Nepal,S Vijay Unni,Syazrul Idrus,Karan KC,0,0,,,,,,,,,
1405319,2023/24,2023-10-31,"Tribhuvan University International Cricket Ground, Kirtipur",1,18.2,Malaysia,Nepal,S Vijay Unni,Syazrul Idrus,Karan KC,4,0,,,,,,,,,
1405319,2023/24,2023-10-31,"Tribhuvan University International Cricket Ground, Kirtipur",1,18.3,Malaysia,Nepal,S Vijay Unni,Syazrul Idrus,Karan KC,1,0,,,,,,,,,
1405319,2023/24,2023-10-31,"Tribhuvan University International Cricket Ground, Kirtipur",1,18.4,Malaysia,Nepal,Syazrul Idrus,S Vijay Unni,Karan KC,6,0,,,,,,,,,
1405319,2023/24,2023-10-31,"Tribhuvan University International Cricket Ground, Kirtipur",1,18.5,Malaysia,Nepal,Syazrul Idrus,S Vijay Unni,Karan KC,0,1,,,,1,,,,,
1405319,2023/24,2023-10-31,"Tribhuvan University International Cricket Ground, Kirtipur",1,18.6,Malaysia,Nepal,S Vijay Unni,Syazrul Idrus,Karan KC,1,0,,,,,,,,,
1405319,2023/24,2023-10-31,"Tribhuvan University International Cricket Ground, Kirtipur",1,19.1,Malaysia,Nepal,S Vijay Unni,Syazrul Idrus,A Bohara,1,0,,,,,,,,,
1405319,2023/24,2023-10-31,"Tribhuvan University International Cricket Ground, Kirtipur",1,19.2,Malaysia,Nepal,Syazrul Idrus,S Vijay Unni,A Bohara,0,0,,,,,,caught,Syazrul Idrus,,
1405319,2023/24,2023-10-31,"Tribhuvan University International Cricket Ground, Kirtipur",1,19.3,Malaysia,Nepal,Fitri Sham,S Vijay Unni,A Bohara,0,1,,,,1,,,,,
1405319,2023/24,2023-10-31,"Tribhuvan University International Cricket Ground, Kirtipur",1,19.4,Malaysia,Nepal,S Vijay Unni,Fitri Sham,A Bohara,1,0,,,,,,,,,
1405319,2023/24,2023-10-31,"Tribhuvan University International Cricket Ground, Kirtipur",1,19.5,Malaysia,Nepal,Fitri Sham,S Vijay Unni,A Bohara,6,0,,,,,,,,,
1405319,2023/24,2023-10-31,"Tribhuvan University International Cricket Ground, Kirtipur",1,19.6,Malaysia,Nepal,Fitri Sham,S Vijay Unni,A Bohara,0,0,,,,,,bowled,Fitri Sham,,
1405319,2023/24,2023-10-31,"Tribhuvan University International Cricket Ground, Kirtipur",2,0.1,Nepal,Malaysia,K Bhurtel,Aasif Sheikh,Syazrul Idrus,0,0,,,,,,,,,
1405319,2023/24,2023-10-31,"Tribhuvan University International Cricket Ground, Kirtipur",2,0.2,Nepal,Malaysia,K Bhurtel,Aasif Sheikh,Syazrul Idrus,0,0,,,,,,,,,
1405319,2023/24,2023-10-31,"Tribhuvan University International Cricket Ground, Kirtipur",2,0.3,Nepal,Malaysia,K Bhurtel,Aasif Sheikh,Syazrul Idrus,6,0,,,,,,,,,
1405319,2023/24,2023-10-31,"Tribhuvan University International Cricket Ground, Kirtipur",2,0.4,Nepal,Malaysia,K Bhurtel,Aasif Sheikh,Syazrul Idrus,1,0,,,,,,,,,
1405319,2023/24,2023-10-31,"Tribhuvan University International Cricket Ground, Kirtipur",2,0.5,Nepal,Malaysia,Aasif Sheikh,K Bhurtel,Syazrul Idrus,2,0,,,,,,,,,
1405319,2023/24,2023-10-31,"Tribhuvan University International Cricket Ground, Kirtipur",2,0.6,Nepal,Malaysia,Aasif Sheikh,K Bhurtel,Syazrul Idrus,1,0,,,,,,,,,
1405319,2023/24,2023-10-31,"Tribhuvan University International Cricket Ground, Kirtipur",2,1.1,Nepal,Malaysia,Aasif Sheikh,K Bhurtel,Pavandeep Singh,1,0,,,,,,,,,
1405319,2023/24,2023-10-31,"Tribhuvan University International Cricket Ground, Kirtipur",2,1.2,Nepal,Malaysia,K Bhurtel,Aasif Sheikh,Pavandeep Singh,4,0,,,,,,,,,
1405319,2023/24,2023-10-31,"Tribhuvan University International Cricket Ground, Kirtipur",2,1.3,Nepal,Malaysia,K Bhurtel,Aasif Sheikh,Pavandeep Singh,0,0,,,,,,,,,
1405319,2023/24,2023-10-31,"Tribhuvan University International Cricket Ground, Kirtipur",2,1.4,Nepal,Malaysia,K Bhurtel,Aasif Sheikh,Pavandeep Singh,0,0,,,,,,,,,
1405319,2023/24,2023-10-31,"Tribhuvan University International Cricket Ground, Kirtipur",2,1.5,Nepal,Malaysia,K Bhurtel,Aasif Sheikh,Pavandeep Singh,0,0,,,,,,,,,
1405319,2023/24,2023-10-31,"Tribhuvan University International Cricket Ground, Kirtipur",2,1.6,Nepal,Malaysia,K Bhurtel,Aasif Sheikh,Pavandeep Singh,1,0,,,,,,,,,
1405319,2023/24,2023-10-31,"Tribhuvan University International Cricket Ground, Kirtipur",2,2.1,Nepal,Malaysia,K Bhurtel,Aasif Sheikh,Syazrul Idrus,6,0,,,,,,,,,
1405319,2023/24,2023-10-31,"Tribhuvan University International Cricket Ground, Kirtipur",2,2.2,Nepal,Malaysia,K Bhurtel,Aasif Sheikh,Syazrul Idrus,6,0,,,,,,,,,
1405319,2023/24,2023-10-31,"Tribhuvan University International Cricket Ground, Kirtipur",2,2.3,Nepal,Malaysia,K Bhurtel,Aasif Sheikh,Syazrul Idrus,0,0,,,,,,,,,
1405319,2023/24,2023-10-31,"Tribhuvan University International Cricket Ground, Kirtipur",2,2.4,Nepal,Malaysia,K Bhurtel,Aasif Sheikh,Syazrul Idrus,0,0,,,,,,,,,
1405319,2023/24,2023-10-31,"Tribhuvan University International Cricket Ground, Kirtipur",2,2.5,Nepal,Malaysia,K Bhurtel,Aasif Sheikh,Syazrul Idrus,0,0,,,,,,,,,
1405319,2023/24,2023-10-31,"Tribhuvan University International Cricket Ground, Kirtipur",2,2.6,Nepal,Malaysia,K Bhurtel,Aasif Sheikh,Syazrul Idrus,4,0,,,,,,,,,
1405319,2023/24,2023-10-31,"Tribhuvan University International Cricket Ground, Kirtipur",2,3.1,Nepal,Malaysia,Aasif Sheikh,K Bhurtel,Pavandeep Singh,0,0,,,,,,,,,
1405319,2023/24,2023-10-31,"Tribhuvan University International Cricket Ground, Kirtipur",2,3.2,Nepal,Malaysia,Aasif Sheikh,K Bhurtel,Pavandeep Singh,0,0,,,,,,,,,
1405319,2023/24,2023-10-31,"Tribhuvan University International Cricket Ground, Kirtipur",2,3.3,Nepal,Malaysia,Aasif Sheikh,K Bhurtel,Pavandeep Singh,1,0,,,,,,,,,
1405319,2023/24,2023-10-31,"Tribhuvan University International Cricket Ground, Kirtipur",2,3.4,Nepal,Malaysia,K Bhurtel,Aasif Sheikh,Pavandeep Singh,0,0,,,,,,,,,
1405319,2023/24,2023-10-31,"Tribhuvan University International Cricket Ground, Kirtipur",2,3.5,Nepal,Malaysia,K Bhurtel,Aasif Sheikh,Pavandeep Singh,4,0,,,,,,,,,
1405319,2023/24,2023-10-31,"Tribhuvan University International Cricket Ground, Kirtipur",2,3.6,Nepal,Malaysia,K Bhurtel,Aasif Sheikh,Pavandeep Singh,0,0,,,,,,,,,
1405319,2023/24,2023-10-31,"Tribhuvan University International Cricket Ground, Kirtipur",2,4.1,Nepal,Malaysia,Aasif Sheikh,K Bhurtel,Fitri Sham,1,0,,,,,,,,,
1405319,2023/24,2023-10-31,"Tribhuvan University International Cricket Ground, Kirtipur",2,4.2,Nepal,Malaysia,K Bhurtel,Aasif Sheikh,Fitri Sham,4,0,,,,,,,,,
1405319,2023/24,2023-10-31,"Tribhuvan University International Cricket Ground, Kirtipur",2,4.3,Nepal,Malaysia,K Bhurtel,Aasif Sheikh,Fitri Sham,6,0,,,,,,,,,
1405319,2023/24,2023-10-31,"Tribhuvan University International Cricket Ground, Kirtipur",2,4.4,Nepal,Malaysia,K Bhurtel,Aasif Sheikh,Fitri Sham,0,0,,,,,,,,,
1405319,2023/24,2023-10-31,"Tribhuvan University International Cricket Ground, Kirtipur",2,4.5,Nepal,Malaysia,K Bhurtel,Aasif Sheikh,Fitri Sham,0,0,,,,,,,,,
1405319,2023/24,2023-10-31,"Tribhuvan University International Cricket Ground, Kirtipur",2,4.6,Nepal,Malaysia,K Bhurtel,Aasif Sheikh,Fitri Sham,1,0,,,,,,,,,
1405319,2023/24,2023-10-31,"Tribhuvan University International Cricket Ground, Kirtipur",2,5.1,Nepal,Malaysia,K Bhurtel,Aasif Sheikh,Pavandeep Singh,0,0,,,,,,,,,
1405319,2023/24,2023-10-31,"Tribhuvan University International Cricket Ground, Kirtipur",2,5.2,Nepal,Malaysia,K Bhurtel,Aasif Sheikh,Pavandeep Singh,0,0,,,,,,caught,K Bhurtel,,
1405319,2023/24,2023-10-31,"Tribhuvan University International Cricket Ground, Kirtipur",2,5.3,Nepal,Malaysia,Kushal Malla,Aasif Sheikh,Pavandeep Singh,0,0,,,,,,,,,
1405319,2023/24,2023-10-31,"Tribhuvan University International Cricket Ground, Kirtipur",2,5.4,Nepal,Malaysia,Kushal Malla,Aasif Sheikh,Pavandeep Singh,0,0,,,,,,,,,
1405319,2023/24,2023-10-31,"Tribhuvan University International Cricket Ground, Kirtipur",2,5.5,Nepal,Malaysia,Kushal Malla,Aasif Sheikh,Pavandeep Singh,4,0,,,,,,,,,
1405319,2023/24,2023-10-31,"Tribhuvan University International Cricket Ground, Kirtipur",2,5.6,Nepal,Malaysia,Kushal Malla,Aasif Sheikh,Pavandeep Singh,6,0,,,,,,,,,
1405319,2023/24,2023-10-31,"Tribhuvan University International Cricket Ground, Kirtipur",2,6.1,Nepal,Malaysia,Aasif Sheikh,Kushal Malla,S Vijay Unni,1,0,,,,,,,,,
1405319,2023/24,2023-10-31,"Tribhuvan University International Cricket Ground, Kirtipur",2,6.2,Nepal,Malaysia,Kushal Malla,Aasif Sheikh,S Vijay Unni,0,1,1,,,,,,,,
1405319,2023/24,2023-10-31,"Tribhuvan University International Cricket Ground, Kirtipur",2,6.3,Nepal,Malaysia,Kushal Malla,Aasif Sheikh,S Vijay Unni,1,0,,,,,,,,,
1405319,2023/24,2023-10-31,"Tribhuvan University International Cricket Ground, Kirtipur",2,6.4,Nepal,Malaysia,Aasif Sheikh,Kushal Malla,S Vijay Unni,0,0,,,,,,,,,
1405319,2023/24,2023-10-31,"Tribhuvan University International Cricket Ground, Kirtipur",2,6.5,Nepal,Malaysia,Aasif Sheikh,Kushal Malla,S Vijay Unni,1,0,,,,,,,,,
1405319,2023/24,2023-10-31,"Tribhuvan University International Cricket Ground, Kirtipur",2,6.6,Nepal,Malaysia,Kushal Malla,Aasif Sheikh,S Vijay Unni,0,0,,,,,,,,,
1405319,2023/24,2023-10-31,"Tribhuvan University International Cricket Ground, Kirtipur",2,6.7,Nepal,Malaysia,Kushal Malla,Aasif Sheikh,S Vijay Unni,1,0,,,,,,,,,
1405319,2023/24,2023-10-31,"Tribhuvan University International Cricket Ground, Kirtipur",2,7.1,Nepal,Malaysia,Kushal Malla,Aasif Sheikh,Pavandeep Singh,0,0,,,,,,,,,
1405319,2023/24,2023-10-31,"Tribhuvan University International Cricket Ground, Kirtipur",2,7.2,Nepal,Malaysia,Kushal Malla,Aasif Sheikh,Pavandeep Singh,0,1,1,,,,,,,,
1405319,2023/24,2023-10-31,"Tribhuvan University International Cricket Ground, Kirtipur",2,7.3,Nepal,Malaysia,Kushal Malla,Aasif Sheikh,Pavandeep Singh,1,0,,,,,,,,,
1405319,2023/24,2023-10-31,"Tribhuvan University International Cricket Ground, Kirtipur",2,7.4,Nepal,Malaysia,Aasif Sheikh,Kushal Malla,Pavandeep Singh,1,0,,,,,,,,,
1405319,2023/24,2023-10-31,"Tribhuvan University International Cricket Ground, Kirtipur",2,7.5,Nepal,Malaysia,Kushal Malla,Aasif Sheikh,Pavandeep Singh,1,0,,,,,,,,,
1405319,2023/24,2023-10-31,"Tribhuvan University International Cricket Ground, Kirtipur",2,7.6,Nepal,Malaysia,Aasif Sheikh,Kushal Malla,Pavandeep Singh,1,0,,,,,,,,,
1405319,2023/24,2023-10-31,"Tribhuvan University International Cricket Ground, Kirtipur",2,7.7,Nepal,Malaysia,Kushal Malla,Aasif Sheikh,Pavandeep Singh,6,0,,,,,,,,,
1405319,2023/24,2023-10-31,"Tribhuvan University International Cricket Ground, Kirtipur",2,8.1,Nepal,Malaysia,Aasif Sheikh,Kushal Malla,S Vijay Unni,1,0,,,,,,,,,
1405319,2023/24,2023-10-31,"Tribhuvan University International Cricket Ground, Kirtipur",2,8.2,Nepal,Malaysia,Kushal Malla,Aasif Sheikh,S Vijay Unni,1,0,,,,,,,,,
1405319,2023/24,2023-10-31,"Tribhuvan University International Cricket Ground, Kirtipur",2,8.3,Nepal,Malaysia,Aasif Sheikh,Kushal Malla,S Vijay Unni,1,0,,,,,,,,,
1405319,2023/24,2023-10-31,"Tribhuvan University International Cricket Ground, Kirtipur",2,8.4,Nepal,Malaysia,Kushal Malla,Aasif Sheikh,S Vijay Unni,1,0,,,,,,,,,
1405319,2023/24,2023-10-31,"Tribhuvan University International Cricket Ground, Kirtipur",2,8.5,Nepal,Malaysia,Aasif Sheikh,Kushal Malla,S Vijay Unni,0,0,,,,,,,,,
1405319,2023/24,2023-10-31,"Tribhuvan University International Cricket Ground, Kirtipur",2,8.6,Nepal,Malaysia,Aasif Sheikh,Kushal Malla,S Vijay Unni,0,0,,,,,,,,,
1405319,2023/24,2023-10-31,"Tribhuvan University International Cricket Ground, Kirtipur",2,9.1,Nepal,Malaysia,Kushal Malla,Aasif Sheikh,Virandeep Singh,1,0,,,,,,,,,
1405319,2023/24,2023-10-31,"Tribhuvan University International Cricket Ground, Kirtipur",2,9.2,Nepal,Malaysia,Aasif Sheikh,Kushal Malla,Virandeep Singh,1,0,,,,,,,,,
1405319,2023/24,2023-10-31,"Tribhuvan University International Cricket Ground, Kirtipur",2,9.3,Nepal,Malaysia,Kushal Malla,Aasif Sheikh,Virandeep Singh,2,0,,,,,,,,,
1405319,2023/24,2023-10-31,"Tribhuvan University International Cricket Ground, Kirtipur",2,9.4,Nepal,Malaysia,Kushal Malla,Aasif Sheikh,Virandeep Singh,6,0,,,,,,,,,
1405319,2023/24,2023-10-31,"Tribhuvan University International Cricket Ground, Kirtipur",2,9.5,Nepal,Malaysia,Kushal Malla,Aasif Sheikh,Virandeep Singh,6,0,,,,,,,,,
1405319,2023/24,2023-10-31,"Tribhuvan University International Cricket Ground, Kirtipur",2,9.6,Nepal,Malaysia,Kushal Malla,Aasif Sheikh,Virandeep Singh,0,0,,,,,,,,,
1405319,2023/24,2023-10-31,"Tribhuvan University International Cricket Ground, Kirtipur",2,10.1,Nepal,Malaysia,Aasif Sheikh,Kushal Malla,S Vijay Unni,1,0,,,,,,,,,
1405319,2023/24,2023-10-31,"Tribhuvan University International Cricket Ground, Kirtipur",2,10.2,Nepal,Malaysia,Kushal Malla,Aasif Sheikh,S Vijay Unni,1,0,,,,,,,,,
1405319,2023/24,2023-10-31,"Tribhuvan University International Cricket Ground, Kirtipur",2,10.3,Nepal,Malaysia,Aasif Sheikh,Kushal Malla,S Vijay Unni,6,0,,,,,,,,,
1405319,2023/24,2023-10-31,"Tribhuvan University International Cricket Ground, Kirtipur",2,10.4,Nepal,Malaysia,Aasif Sheikh,Kushal Malla,S Vijay Unni,2,0,,,,,,,,,
1405319,2023/24,2023-10-31,"Tribhuvan University International Cricket Ground, Kirtipur",2,10.5,Nepal,Malaysia,Aasif Sheikh,Kushal Malla,S Vijay Unni,6,0,,,,,,,,,
1405319,2023/24,2023-10-31,"Tribhuvan University International Cricket Ground, Kirtipur",2,10.6,Nepal,Malaysia,Aasif Sheikh,Kushal Malla,S Vijay Unni,4,0,,,,,,,,,
1405319,2023/24,2023-10-31,"Tribhuvan University International Cricket Ground, Kirtipur",2,11.1,Nepal,Malaysia,Kushal Malla,Aasif Sheikh,Muhammad Amir,0,0,,,,,,,,,
1405319,2023/24,2023-10-31,"Tribhuvan University International Cricket Ground, Kirtipur",2,11.2,Nepal,Malaysia,Kushal Malla,Aasif Sheikh,Muhammad Amir,0,0,,,,,,,,,
1405319,2023/24,2023-10-31,"Tribhuvan University International Cricket Ground, Kirtipur",2,11.3,Nepal,Malaysia,Kushal Malla,Aasif Sheikh,Muhammad Amir,1,0,,,,,,,,,
1405319,2023/24,2023-10-31,"Tribhuvan University International Cricket Ground, Kirtipur",2,11.4,Nepal,Malaysia,Aasif Sheikh,Kushal Malla,Muhammad Amir,0,0,,,,,,caught and bowled,Aasif Sheikh,,
1405319,2023/24,2023-10-31,"Tribhuvan University International Cricket Ground, Kirtipur",2,11.5,Nepal,Malaysia,RK Paudel,Kushal Malla,Muhammad Amir,1,0,,,,,,,,,
1405319,2023/24,2023-10-31,"Tribhuvan University International Cricket Ground, Kirtipur",2,11.6,Nepal,Malaysia,Kushal Malla,RK Paudel,Muhammad Amir,6,0,,,,,,,,,
1405319,2023/24,2023-10-31,"Tribhuvan University International Cricket Ground, Kirtipur",2,12.1,Nepal,Malaysia,RK Paudel,Kushal Malla,Virandeep Singh,0,0,,,,,,,,,
1405319,2023/24,2023-10-31,"Tribhuvan University International Cricket Ground, Kirtipur",2,12.2,Nepal,Malaysia,RK Paudel,Kushal Malla,Virandeep Singh,0,0,,,,,,,,,
1405319,2023/24,2023-10-31,"Tribhuvan University International Cricket Ground, Kirtipur",2,12.3,Nepal,Malaysia,RK Paudel,Kushal Malla,Virandeep Singh,0,0,,,,,,,,,
1405319,2023/24,2023-10-31,"Tribhuvan University International Cricket Ground, Kirtipur",2,12.4,Nepal,Malaysia,RK Paudel,Kushal Malla,Virandeep Singh,1,0,,,,,,,,,
1405319,2023/24,2023-10-31,"Tribhuvan University International Cricket Ground, Kirtipur",2,12.5,Nepal,Malaysia,Kushal Malla,RK Paudel,Virandeep Singh,0,1,1,,,,,,,,
1405319,2023/24,2023-10-31,"Tribhuvan University International Cricket Ground, Kirtipur",2,12.6,Nepal,Malaysia,Kushal Malla,RK Paudel,Virandeep Singh,1,0,,,,,,,,,
1405319,2023/24,2023-10-31,"Tribhuvan University International Cricket Ground, Kirtipur",2,12.7,Nepal,Malaysia,RK Paudel,Kushal Malla,Virandeep Singh,0,0,,,,,,,,,
1405319,2023/24,2023-10-31,"Tribhuvan University International Cricket Ground, Kirtipur",2,13.1,Nepal,Malaysia,Kushal Malla,RK Paudel,Muhammad Amir,6,0,,,,,,,,,
1405319,2023/24,2023-10-31,"Tribhuvan University International Cricket Ground, Kirtipur",2,13.2,Nepal,Malaysia,Kushal Malla,RK Paudel,Muhammad Amir,0,0,,,,,,,,,
1405319,2023/24,2023-10-31,"Tribhuvan University International Cricket Ground, Kirtipur",2,13.3,Nepal,Malaysia,Kushal Malla,RK Paudel,Muhammad Amir,1,0,,,,,,,,,
1405319,2023/24,2023-10-31,"Tribhuvan University International Cricket Ground, Kirtipur",2,13.4,Nepal,Malaysia,RK Paudel,Kushal Malla,Muhammad Amir,0,0,,,,,,,,,
1405319,2023/24,2023-10-31,"Tribhuvan University International Cricket Ground, Kirtipur",2,13.5,Nepal,Malaysia,RK Paudel,Kushal Malla,Muhammad Amir,0,0,,,,,,caught,RK Paudel,,
1405319,2023/24,2023-10-31,"Tribhuvan University International Cricket Ground, Kirtipur",2,13.6,Nepal,Malaysia,S Jora,Kushal Malla,Muhammad Amir,1,0,,,,,,,,,
1405319,2023/24,2023-10-31,"Tribhuvan University International Cricket Ground, Kirtipur",2,14.1,Nepal,Malaysia,S Jora,Kushal Malla,Virandeep Singh,0,0,,,,,,,,,
1405319,2023/24,2023-10-31,"Tribhuvan University International Cricket Ground, Kirtipur",2,14.2,Nepal,Malaysia,S Jora,Kushal Malla,Virandeep Singh,4,0,,,,,,,,,
1405319,2023/24,2023-10-31,"Tribhuvan University International Cricket Ground, Kirtipur",2,14.3,Nepal,Malaysia,S Jora,Kushal Malla,Virandeep Singh,1,0,,,,,,,,,
1405319,2023/24,2023-10-31,"Tribhuvan University International Cricket Ground, Kirtipur",2,14.4,Nepal,Malaysia,Kushal Malla,S Jora,Virandeep Singh,1,0,,,,,,,,,
1405319,2023/24,2023-10-31,"Tribhuvan University International Cricket Ground, Kirtipur",2,14.5,Nepal,Malaysia,S Jora,Kushal Malla,Virandeep Singh,1,0,,,,,,,,,
1405319,2023/24,2023-10-31,"Tribhuvan University International Cricket Ground, Kirtipur",2,14.6,Nepal,Malaysia,Kushal Malla,S Jora,Virandeep Singh,0,1,,,1,,,,,,
1405319,2023/24,2023-10-31,"Tribhuvan University International Cricket Ground, Kirtipur",2,15.1,Nepal,Malaysia,Kushal Malla,S Jora,Ahmed Faiz,1,0,,,,,,,,,
1405319,2023/24,2023-10-31,"Tribhuvan University International Cricket Ground, Kirtipur",2,15.2,Nepal,Malaysia,S Jora,Kushal Malla,Ahmed Faiz,2,0,,,,,,,,,
1405319,2023/24,2023-10-31,"Tribhuvan University International Cricket Ground, Kirtipur",2,15.3,Nepal,Malaysia,S Jora,Kushal Malla,Ahmed Faiz,1,0,,,,,,,,,
1405319,2023/24,2023-10-31,"Tribhuvan University International Cricket Ground, Kirtipur",2,15.4,Nepal,Malaysia,Kushal Malla,S Jora,Ahmed Faiz,0,0,,,,,,,,,
1405319,2023/24,2023-10-31,"Tribhuvan University International Cricket Ground, Kirtipur",2,15.5,Nepal,Malaysia,Kushal Malla,S Jora,Ahmed Faiz,4,0,,,,,,,,,
1405319,2023/24,2023-10-31,"Tribhuvan University International Cricket Ground, Kirtipur",2,15.6,Nepal,Malaysia,Kushal Malla,S Jora,Ahmed Faiz,6,0,,,,,,,,,
1405319,2023/24,2023-10-31,"Tribhuvan University International Cricket Ground, Kirtipur",2,16.1,Nepal,Malaysia,S Jora,Kushal Malla,Muhammad Amir,0,0,,,,,,,,,
1405319,2023/24,2023-10-31,"Tribhuvan University International Cricket Ground, Kirtipur",2,16.2,Nepal,Malaysia,S Jora,Kushal Malla,Muhammad Amir,0,0,,,,,,,,,
1405319,2023/24,2023-10-31,"Tribhuvan University International Cricket Ground, Kirtipur",2,16.3,Nepal,Malaysia,S Jora,Kushal Malla,Muhammad Amir,0,0,,,,,,,,,
1405319,2023/24,2023-10-31,"Tribhuvan University International Cricket Ground, Kirtipur",2,16.4,Nepal,Malaysia,S Jora,Kushal Malla,Muhammad Amir,1,0,,,,,,,,,
1405319,2023/24,2023-10-31,"Tribhuvan University International Cricket Ground, Kirtipur",2,16.5,Nepal,Malaysia,Kushal Malla,S Jora,Muhammad Amir,0,0,,,,,,caught and bowled,Kushal Malla,,
1405319,2023/24,2023-10-31,"Tribhuvan University International Cricket Ground, Kirtipur",2,16.6,Nepal,Malaysia,B Yadav,S Jora,Muhammad Amir,1,0,,,,,,,,,
1405319,2023/24,2023-10-31,"Tribhuvan University International Cricket Ground, Kirtipur",2,17.1,Nepal,Malaysia,B Yadav,S Jora,Virandeep Singh,1,0,,,,,,,,,
1405319,2023/24,2023-10-31,"Tribhuvan University International Cricket Ground, Kirtipur",2,17.2,Nepal,Malaysia,S Jora,B Yadav,Virandeep Singh,2,0,,,,,,,,,
1405319,2023/24,2023-10-31,"Tribhuvan University International Cricket Ground, Kirtipur",2,17.3,Nepal,Malaysia,S Jora,B Yadav,Virandeep Singh,4,0,,,,,,,,,
1405319,2023/24,2023-10-31,"Tribhuvan University International Cricket Ground, Kirtipur",2,17.4,Nepal,Malaysia,S Jora,B Yadav,Virandeep Singh,0,0,,,,,,,,,
1405319,2023/24,2023-10-31,"Tribhuvan University International Cricket Ground, Kirtipur",2,17.5,Nepal,Malaysia,S Jora,B Yadav,Virandeep Singh,0,0,,,,,,,,,
1405319,2023/24,2023-10-31,"Tribhuvan University International Cricket Ground, Kirtipur",2,17.6,Nepal,Malaysia,S Jora,B Yadav,Virandeep Singh,1,0,,,,,,,,,
