match_id,season,start_date,venue,innings,ball,batting_team,bowling_team,striker,non_striker,bowler,runs_off_bat,extras,wides,noballs,byes,legbyes,penalty,wicket_type,player_dismissed,other_wicket_type,other_player_dismissed
1405323,2023/24,2023-11-02,"Tribhuvan University International Cricket Ground, Kirtipur",1,0.1,Malaysia,Singapore,Syed Aziz,Zubaidi Zulkifle,Janak Prakash,0,0,,,,,,,,,
1405323,2023/24,2023-11-02,"Tribhuvan University International Cricket Ground, Kirtipur",1,0.2,Malaysia,Singapore,Syed Aziz,Zubaidi Zulkifle,Janak Prakash,1,0,,,,,,,,,
1405323,2023/24,2023-11-02,"Tribhuvan University International Cricket Ground, Kirtipur",1,0.3,Malaysia,Singapore,Zubaidi Zulkifle,Syed Aziz,Janak Prakash,1,0,,,,,,,,,
1405323,2023/24,2023-11-02,"Tribhuvan University International Cricket Ground, Kirtipur",1,0.4,Malaysia,Singapore,Syed Aziz,Zubaidi Zulkifle,Janak Prakash,0,0,,,,,,,,,
1405323,2023/24,2023-11-02,"Tribhuvan University International Cricket Ground, Kirtipur",1,0.5,Malaysia,Singapore,Syed Aziz,Zubaidi Zulkifle,Janak Prakash,4,0,,,,,,,,,
1405323,2023/24,2023-11-02,"Tribhuvan University International Cricket Ground, Kirtipur",1,0.6,Malaysia,Singapore,Syed Aziz,Zubaidi Zulkifle,Janak Prakash,1,0,,,,,,,,,
1405323,2023/24,2023-11-02,"Tribhuvan University International Cricket Ground, Kirtipur",1,1.1,Malaysia,Singapore,Syed Aziz,Zubaidi Zulkifle,R Kalimuthu,0,0,,,,,,,,,
1405323,2023/24,2023-11-02,"Tribhuvan University International Cricket Ground, Kirtipur",1,1.2,Malaysia,Singapore,Syed Aziz,Zubaidi Zulkifle,R Kalimuthu,2,0,,,,,,,,,
1405323,2023/24,2023-11-02,"Tribhuvan University International Cricket Ground, Kirtipur",1,1.3,Malaysia,Singapore,Syed Aziz,Zubaidi Zulkifle,R Kalimuthu,0,0,,,,,,caught,Syed Aziz,,
1405323,2023/24,2023-11-02,"Tribhuvan University International Cricket Ground, Kirtipur",1,1.4,Malaysia,Singapore,S Muniandy,Zubaidi Zulkifle,R Kalimuthu,0,0,,,,,,,,,
1405323,2023/24,2023-11-02,"Tribhuvan University International Cricket Ground, Kirtipur",1,1.5,Malaysia,Singapore,S Muniandy,Zubaidi Zulkifle,R Kalimuthu,1,0,,,,,,,,,
1405323,2023/24,2023-11-02,"Tribhuvan University International Cricket Ground, Kirtipur",1,1.6,Malaysia,Singapore,Zubaidi Zulkifle,S Muniandy,R Kalimuthu,2,0,,,,,,,,,
1405323,2023/24,2023-11-02,"Tribhuvan University International Cricket Ground, Kirtipur",1,2.1,Malaysia,Singapore,S Muniandy,Zubaidi Zulkifle,Janak Prakash,1,0,,,,,,,,,
1405323,2023/24,2023-11-02,"Tribhuvan University International Cricket Ground, Kirtipur",1,2.2,Malaysia,Singapore,Zubaidi Zulkifle,S Muniandy,Janak Prakash,4,0,,,,,,,,,
1405323,2023/24,2023-11-02,"Tribhuvan University International Cricket Ground, Kirtipur",1,2.3,Malaysia,Singapore,Zubaidi Zulkifle,S Muniandy,Janak Prakash,1,0,,,,,,,,,
1405323,2023/24,2023-11-02,"Tribhuvan University International Cricket Ground, Kirtipur",1,2.4,Malaysia,Singapore,S Muniandy,Zubaidi Zulkifle,Janak Prakash,0,1,1,,,,,,,,
1405323,2023/24,2023-11-02,"Tribhuvan University International Cricket Ground, Kirtipur",1,2.5,Malaysia,Singapore,S Muniandy,Zubaidi Zulkifle,Janak Prakash,0,0,,,,,,,,,
1405323,2023/24,2023-11-02,"Tribhuvan University International Cricket Ground, Kirtipur",1,2.6,Malaysia,Singapore,S Muniandy,Zubaidi Zulkifle,Janak Prakash,1,0,,,,,,,,,
1405323,2023/24,2023-11-02,"Tribhuvan University International Cricket Ground, Kirtipur",1,2.7,Malaysia,Singapore,Zubaidi Zulkifle,S Muniandy,Janak Prakash,2,0,,,,,,,,,
1405323,2023/24,2023-11-02,"Tribhuvan University International Cricket Ground, Kirtipur",1,3.1,Malaysia,Singapore,S Muniandy,Zubaidi Zulkifle,R Kalimuthu,4,0,,,,,,,,,
1405323,2023/24,2023-11-02,"Tribhuvan University International Cricket Ground, Kirtipur",1,3.2,Malaysia,Singapore,S Muniandy,Zubaidi Zulkifle,R Kalimuthu,1,0,,,,,,,,,
1405323,2023/24,2023-11-02,"Tribhuvan University International Cricket Ground, Kirtipur",1,3.3,Malaysia,Singapore,Zubaidi Zulkifle,S Muniandy,R Kalimuthu,4,0,,,,,,,,,
1405323,2023/24,2023-11-02,"Tribhuvan University International Cricket Ground, Kirtipur",1,3.4,Malaysia,Singapore,Zubaidi Zulkifle,S Muniandy,R Kalimuthu,6,0,,,,,,,,,
1405323,2023/24,2023-11-02,"Tribhuvan University International Cricket Ground, Kirtipur",1,3.5,Malaysia,Singapore,Zubaidi Zulkifle,S Muniandy,R Kalimuthu,0,1,1,,,,,,,,
1405323,2023/24,2023-11-02,"Tribhuvan University International Cricket Ground, Kirtipur",1,3.6,Malaysia,Singapore,Zubaidi Zulkifle,S Muniandy,R Kalimuthu,0,1,1,,,,,,,,
1405323,2023/24,2023-11-02,"Tribhuvan University International Cricket Ground, Kirtipur",1,3.7,Malaysia,Singapore,Zubaidi Zulkifle,S Muniandy,R Kalimuthu,2,0,,,,,,,,,
1405323,2023/24,2023-11-02,"Tribhuvan University International Cricket Ground, Kirtipur",1,3.8,Malaysia,Singapore,Zubaidi Zulkifle,S Muniandy,R Kalimuthu,0,0,,,,,,,,,
1405323,2023/24,2023-11-02,"Tribhuvan University International Cricket Ground, Kirtipur",1,4.1,Malaysia,Singapore,S Muniandy,Zubaidi Zulkifle,AE Paraam,4,0,,,,,,,,,
1405323,2023/24,2023-11-02,"Tribhuvan University International Cricket Ground, Kirtipur",1,4.2,Malaysia,Singapore,S Muniandy,Zubaidi Zulkifle,AE Paraam,0,0,,,,,,,,,
1405323,2023/24,2023-11-02,"Tribhuvan University International Cricket Ground, Kirtipur",1,4.3,Malaysia,Singapore,S Muniandy,Zubaidi Zulkifle,AE Paraam,4,0,,,,,,,,,
1405323,2023/24,2023-11-02,"Tribhuvan University International Cricket Ground, Kirtipur",1,4.4,Malaysia,Singapore,S Muniandy,Zubaidi Zulkifle,AE Paraam,0,0,,,,,,,,,
1405323,2023/24,2023-11-02,"Tribhuvan University International Cricket Ground, Kirtipur",1,4.5,Malaysia,Singapore,S Muniandy,Zubaidi Zulkifle,AE Paraam,0,0,,,,,,,,,
1405323,2023/24,2023-11-02,"Tribhuvan University International Cricket Ground, Kirtipur",1,4.6,Malaysia,Singapore,S Muniandy,Zubaidi Zulkifle,AE Paraam,0,0,,,,,,,,,
1405323,2023/24,2023-11-02,"Tribhuvan University International Cricket Ground, Kirtipur",1,5.1,Malaysia,Singapore,Zubaidi Zulkifle,S Muniandy,AR Menon,1,0,,,,,,,,,
1405323,2023/24,2023-11-02,"Tribhuvan University International Cricket Ground, Kirtipur",1,5.2,Malaysia,Singapore,S Muniandy,Zubaidi Zulkifle,AR Menon,4,0,,,,,,,,,
1405323,2023/24,2023-11-02,"Tribhuvan University International Cricket Ground, Kirtipur",1,5.3,Malaysia,Singapore,S Muniandy,Zubaidi Zulkifle,AR Menon,4,0,,,,,,,,,
1405323,2023/24,2023-11-02,"Tribhuvan University International Cricket Ground, Kirtipur",1,5.4,Malaysia,Singapore,S Muniandy,Zubaidi Zulkifle,AR Menon,1,0,,,,,,,,,
1405323,2023/24,2023-11-02,"Tribhuvan University International Cricket Ground, Kirtipur",1,5.5,Malaysia,Singapore,Zubaidi Zulkifle,S Muniandy,AR Menon,2,0,,,,,,,,,
1405323,2023/24,2023-11-02,"Tribhuvan University International Cricket Ground, Kirtipur",1,5.6,Malaysia,Singapore,Zubaidi Zulkifle,S Muniandy,AR Menon,0,0,,,,,,,,,
1405323,2023/24,2023-11-02,"Tribhuvan University International Cricket Ground, Kirtipur",1,6.1,Malaysia,Singapore,S Muniandy,Zubaidi Zulkifle,H Bharadwaj,1,0,,,,,,,,,
1405323,2023/24,2023-11-02,"Tribhuvan University International Cricket Ground, Kirtipur",1,6.2,Malaysia,Singapore,Zubaidi Zulkifle,S Muniandy,H Bharadwaj,1,0,,,,,,,,,
1405323,2023/24,2023-11-02,"Tribhuvan University International Cricket Ground, Kirtipur",1,6.3,Malaysia,Singapore,S Muniandy,Zubaidi Zulkifle,H Bharadwaj,1,0,,,,,,,,,
1405323,2023/24,2023-11-02,"Tribhuvan University International Cricket Ground, Kirtipur",1,6.4,Malaysia,Singapore,Zubaidi Zulkifle,S Muniandy,H Bharadwaj,1,0,,,,,,,,,
1405323,2023/24,2023-11-02,"Tribhuvan University International Cricket Ground, Kirtipur",1,6.5,Malaysia,Singapore,S Muniandy,Zubaidi Zulkifle,H Bharadwaj,0,0,,,,,,,,,
1405323,2023/24,2023-11-02,"Tribhuvan University International Cricket Ground, Kirtipur",1,6.6,Malaysia,Singapore,S Muniandy,Zubaidi Zulkifle,H Bharadwaj,0,0,,,,,,,,,
1405323,2023/24,2023-11-02,"Tribhuvan University International Cricket Ground, Kirtipur",1,7.1,Malaysia,Singapore,Zubaidi Zulkifle,S Muniandy,TO Thilappan,0,0,,,,,,,,,
1405323,2023/24,2023-11-02,"Tribhuvan University International Cricket Ground, Kirtipur",1,7.2,Malaysia,Singapore,Zubaidi Zulkifle,S Muniandy,TO Thilappan,4,0,,,,,,,,,
1405323,2023/24,2023-11-02,"Tribhuvan University International Cricket Ground, Kirtipur",1,7.3,Malaysia,Singapore,Zubaidi Zulkifle,S Muniandy,TO Thilappan,1,0,,,,,,,,,
1405323,2023/24,2023-11-02,"Tribhuvan University International Cricket Ground, Kirtipur",1,7.4,Malaysia,Singapore,S Muniandy,Zubaidi Zulkifle,TO Thilappan,1,0,,,,,,,,,
1405323,2023/24,2023-11-02,"Tribhuvan University International Cricket Ground, Kirtipur",1,7.5,Malaysia,Singapore,Zubaidi Zulkifle,S Muniandy,TO Thilappan,6,0,,,,,,,,,
1405323,2023/24,2023-11-02,"Tribhuvan University International Cricket Ground, Kirtipur",1,7.6,Malaysia,Singapore,Zubaidi Zulkifle,S Muniandy,TO Thilappan,0,0,,,,,,bowled,Zubaidi Zulkifle,,
1405323,2023/24,2023-11-02,"Tribhuvan University International Cricket Ground, Kirtipur",1,8.1,Malaysia,Singapore,S Muniandy,Ahmed Faiz,H Bharadwaj,1,0,,,,,,,,,
1405323,2023/24,2023-11-02,"Tribhuvan University International Cricket Ground, Kirtipur",1,8.2,Malaysia,Singapore,Ahmed Faiz,S Muniandy,H Bharadwaj,0,0,,,,,,,,,
1405323,2023/24,2023-11-02,"Tribhuvan University International Cricket Ground, Kirtipur",1,8.3,Malaysia,Singapore,Ahmed Faiz,S Muniandy,H Bharadwaj,0,0,,,,,,,,,
1405323,2023/24,2023-11-02,"Tribhuvan University International Cricket Ground, Kirtipur",1,8.4,Malaysia,Singapore,Ahmed Faiz,S Muniandy,H Bharadwaj,4,0,,,,,,,,,
1405323,2023/24,2023-11-02,"Tribhuvan University International Cricket Ground, Kirtipur",1,8.5,Malaysia,Singapore,Ahmed Faiz,S Muniandy,H Bharadwaj,1,0,,,,,,,,,
1405323,2023/24,2023-11-02,"Tribhuvan University International Cricket Ground, Kirtipur",1,8.6,Malaysia,Singapore,S Muniandy,Ahmed Faiz,H Bharadwaj,1,0,,,,,,,,,
1405323,2023/24,2023-11-02,"Tribhuvan University International Cricket Ground, Kirtipur",1,9.1,Malaysia,Singapore,S Muniandy,Ahmed Faiz,TO Thilappan,4,0,,,,,,,,,
1405323,2023/24,2023-11-02,"Tribhuvan University International Cricket Ground, Kirtipur",1,9.2,Malaysia,Singapore,S Muniandy,Ahmed Faiz,TO Thilappan,1,0,,,,,,,,,
1405323,2023/24,2023-11-02,"Tribhuvan University International Cricket Ground, Kirtipur",1,9.3,Malaysia,Singapore,Ahmed Faiz,S Muniandy,TO Thilappan,1,0,,,,,,,,,
1405323,2023/24,2023-11-02,"Tribhuvan University International Cricket Ground, Kirtipur",1,9.4,Malaysia,Singapore,S Muniandy,Ahmed Faiz,TO Thilappan,1,0,,,,,,,,,
1405323,2023/24,2023-11-02,"Tribhuvan University International Cricket Ground, Kirtipur",1,9.5,Malaysia,Singapore,Ahmed Faiz,S Muniandy,TO Thilappan,1,0,,,,,,,,,
1405323,2023/24,2023-11-02,"Tribhuvan University International Cricket Ground, Kirtipur",1,9.6,Malaysia,Singapore,S Muniandy,Ahmed Faiz,TO Thilappan,1,0,,,,,,,,,
1405323,2023/24,2023-11-02,"Tribhuvan University International Cricket Ground, Kirtipur",1,10.1,Malaysia,Singapore,S Muniandy,Ahmed Faiz,AE Paraam,1,0,,,,,,,,,
1405323,2023/24,2023-11-02,"Tribhuvan University International Cricket Ground, Kirtipur",1,10.2,Malaysia,Singapore,Ahmed Faiz,S Muniandy,AE Paraam,1,0,,,,,,,,,
1405323,2023/24,2023-11-02,"Tribhuvan University International Cricket Ground, Kirtipur",1,10.3,Malaysia,Singapore,S Muniandy,Ahmed Faiz,AE Paraam,1,0,,,,,,,,,
1405323,2023/24,2023-11-02,"Tribhuvan University International Cricket Ground, Kirtipur",1,10.4,Malaysia,Singapore,Ahmed Faiz,S Muniandy,AE Paraam,0,0,,,,,,,,,
1405323,2023/24,2023-11-02,"Tribhuvan University International Cricket Ground, Kirtipur",1,10.5,Malaysia,Singapore,Ahmed Faiz,S Muniandy,AE Paraam,1,0,,,,,,,,,
1405323,2023/24,2023-11-02,"Tribhuvan University International Cricket Ground, Kirtipur",1,10.6,Malaysia,Singapore,S Muniandy,Ahmed Faiz,AE Paraam,1,0,,,,,,,,,
1405323,2023/24,2023-11-02,"Tribhuvan University International Cricket Ground, Kirtipur",1,11.1,Malaysia,Singapore,S Muniandy,Ahmed Faiz,TO Thilappan,1,0,,,,,,,,,
1405323,2023/24,2023-11-02,"Tribhuvan University International Cricket Ground, Kirtipur",1,11.2,Malaysia,Singapore,Ahmed Faiz,S Muniandy,TO Thilappan,1,0,,,,,,,,,
1405323,2023/24,2023-11-02,"Tribhuvan University International Cricket Ground, Kirtipur",1,11.3,Malaysia,Singapore,S Muniandy,Ahmed Faiz,TO Thilappan,4,0,,,,,,,,,
1405323,2023/24,2023-11-02,"Tribhuvan University International Cricket Ground, Kirtipur",1,11.4,Malaysia,Singapore,S Muniandy,Ahmed Faiz,TO Thilappan,1,0,,,,,,,,,
1405323,2023/24,2023-11-02,"Tribhuvan University International Cricket Ground, Kirtipur",1,11.5,Malaysia,Singapore,Ahmed Faiz,S Muniandy,TO Thilappan,1,0,,,,,,,,,
1405323,2023/24,2023-11-02,"Tribhuvan University International Cricket Ground, Kirtipur",1,11.6,Malaysia,Singapore,S Muniandy,Ahmed Faiz,TO Thilappan,0,0,,,,,,,,,
1405323,2023/24,2023-11-02,"Tribhuvan University International Cricket Ground, Kirtipur",1,12.1,Malaysia,Singapore,Ahmed Faiz,S Muniandy,AE Paraam,0,0,,,,,,,,,
1405323,2023/24,2023-11-02,"Tribhuvan University International Cricket Ground, Kirtipur",1,12.2,Malaysia,Singapore,Ahmed Faiz,S Muniandy,AE Paraam,2,0,,,,,,,,,
1405323,2023/24,2023-11-02,"Tribhuvan University International Cricket Ground, Kirtipur",1,12.3,Malaysia,Singapore,Ahmed Faiz,S Muniandy,AE Paraam,1,0,,,,,,,,,
1405323,2023/24,2023-11-02,"Tribhuvan University International Cricket Ground, Kirtipur",1,12.4,Malaysia,Singapore,S Muniandy,Ahmed Faiz,AE Paraam,1,0,,,,,,,,,
1405323,2023/24,2023-11-02,"Tribhuvan University International Cricket Ground, Kirtipur",1,12.5,Malaysia,Singapore,Ahmed Faiz,S Muniandy,AE Paraam,2,0,,,,,,,,,
1405323,2023/24,2023-11-02,"Tribhuvan University International Cricket Ground, Kirtipur",1,12.6,Malaysia,Singapore,Ahmed Faiz,S Muniandy,AE Paraam,6,0,,,,,,,,,
1405323,2023/24,2023-11-02,"Tribhuvan University International Cricket Ground, Kirtipur",1,13.1,Malaysia,Singapore,S Muniandy,Ahmed Faiz,TO Thilappan,0,0,,,,,,,,,
1405323,2023/24,2023-11-02,"Tribhuvan University International Cricket Ground, Kirtipur",1,13.2,Malaysia,Singapore,S Muniandy,Ahmed Faiz,TO Thilappan,1,0,,,,,,,,,
1405323,2023/24,2023-11-02,"Tribhuvan University International Cricket Ground, Kirtipur",1,13.3,Malaysia,Singapore,Ahmed Faiz,S Muniandy,TO Thilappan,0,2,2,,,,,,,,
1405323,2023/24,2023-11-02,"Tribhuvan University International Cricket Ground, Kirtipur",1,13.4,Malaysia,Singapore,S Muniandy,Ahmed Faiz,TO Thilappan,0,1,,,,1,,,,,
1405323,2023/24,2023-11-02,"Tribhuvan University International Cricket Ground, Kirtipur",1,13.5,Malaysia,Singapore,Ahmed Faiz,S Muniandy,TO Thilappan,6,0,,,,,,,,,
1405323,2023/24,2023-11-02,"Tribhuvan University International Cricket Ground, Kirtipur",1,13.6,Malaysia,Singapore,Ahmed Faiz,S Muniandy,TO Thilappan,6,0,,,,,,,,,
1405323,2023/24,2023-11-02,"Tribhuvan University International Cricket Ground, Kirtipur",1,13.7,Malaysia,Singapore,Ahmed Faiz,S Muniandy,TO Thilappan,1,0,,,,,,,,,
1405323,2023/24,2023-11-02,"Tribhuvan University International Cricket Ground, Kirtipur",1,14.1,Malaysia,Singapore,Ahmed Faiz,S Muniandy,H Bharadwaj,1,0,,,,,,,,,
1405323,2023/24,2023-11-02,"Tribhuvan University International Cricket Ground, Kirtipur",1,14.2,Malaysia,Singapore,S Muniandy,Ahmed Faiz,H Bharadwaj,0,0,,,,,,,,,
1405323,2023/24,2023-11-02,"Tribhuvan University International Cricket Ground, Kirtipur",1,14.3,Malaysia,Singapore,S Muniandy,Ahmed Faiz,H Bharadwaj,1,0,,,,,,,,,
1405323,2023/24,2023-11-02,"Tribhuvan University International Cricket Ground, Kirtipur",1,14.4,Malaysia,Singapore,Ahmed Faiz,S Muniandy,H Bharadwaj,0,0,,,,,,,,,
1405323,2023/24,2023-11-02,"Tribhuvan University International Cricket Ground, Kirtipur",1,14.5,Malaysia,Singapore,Ahmed Faiz,S Muniandy,H Bharadwaj,6,0,,,,,,,,,
1405323,2023/24,2023-11-02,"Tribhuvan University International Cricket Ground, Kirtipur",1,14.6,Malaysia,Singapore,Ahmed Faiz,S Muniandy,H Bharadwaj,1,0,,,,,,,,,
1405323,2023/24,2023-11-02,"Tribhuvan University International Cricket Ground, Kirtipur",1,15.1,Malaysia,Singapore,Ahmed Faiz,S Muniandy,A Chaudhary,1,0,,,,,,,,,
1405323,2023/24,2023-11-02,"Tribhuvan University International Cricket Ground, Kirtipur",1,15.2,Malaysia,Singapore,S Muniandy,Ahmed Faiz,A Chaudhary,0,0,,,,,,,,,
1405323,2023/24,2023-11-02,"Tribhuvan University International Cricket Ground, Kirtipur",1,15.3,Malaysia,Singapore,S Muniandy,Ahmed Faiz,A Chaudhary,1,0,,,,,,,,,
1405323,2023/24,2023-11-02,"Tribhuvan University International Cricket Ground, Kirtipur",1,15.4,Malaysia,Singapore,Ahmed Faiz,S Muniandy,A Chaudhary,1,0,,,,,,,,,
1405323,2023/24,2023-11-02,"Tribhuvan University International Cricket Ground, Kirtipur",1,15.5,Malaysia,Singapore,S Muniandy,Ahmed Faiz,A Chaudhary,1,0,,,,,,,,,
1405323,2023/24,2023-11-02,"Tribhuvan University International Cricket Ground, Kirtipur",1,15.6,Malaysia,Singapore,Ahmed Faiz,S Muniandy,A Chaudhary,0,5,,1,4,,,,,,
1405323,2023/24,2023-11-02,"Tribhuvan University International Cricket Ground, Kirtipur",1,15.7,Malaysia,Singapore,Ahmed Faiz,S Muniandy,A Chaudhary,2,0,,,,,,,,,
1405323,2023/24,2023-11-02,"Tribhuvan University International Cricket Ground, Kirtipur",1,16.1,Malaysia,Singapore,S Muniandy,Ahmed Faiz,Janak Prakash,0,2,2,,,,,,,,
1405323,2023/24,2023-11-02,"Tribhuvan University International Cricket Ground, Kirtipur",1,16.2,Malaysia,Singapore,Ahmed Faiz,S Muniandy,Janak Prakash,0,0,,,,,,,,,
1405323,2023/24,2023-11-02,"Tribhuvan University International Cricket Ground, Kirtipur",1,16.3,Malaysia,Singapore,Ahmed Faiz,S Muniandy,Janak Prakash,2,0,,,,,,,,,
1405323,2023/24,2023-11-02,"Tribhuvan University International Cricket Ground, Kirtipur",1,16.4,Malaysia,Singapore,Ahmed Faiz,S Muniandy,Janak Prakash,1,0,,,,,,,,,
1405323,2023/24,2023-11-02,"Tribhuvan University International Cricket Ground, Kirtipur",1,16.5,Malaysia,Singapore,S Muniandy,Ahmed Faiz,Janak Prakash,2,0,,,,,,,,,
1405323,2023/24,2023-11-02,"Tribhuvan University International Cricket Ground, Kirtipur",1,16.6,Malaysia,Singapore,S Muniandy,Ahmed Faiz,Janak Prakash,1,0,,,,,,,,,
1405323,2023/24,2023-11-02,"Tribhuvan University International Cricket Ground, Kirtipur",1,16.7,Malaysia,Singapore,Ahmed Faiz,S Muniandy,Janak Prakash,1,0,,,,,,,,,
1405323,2023/24,2023-11-02,"Tribhuvan University International Cricket Ground, Kirtipur",1,17.1,Malaysia,Singapore,Ahmed Faiz,S Muniandy,R Kalimuthu,1,0,,,,,,,,,
1405323,2023/24,2023-11-02,"Tribhuvan University International Cricket Ground, Kirtipur",1,17.2,Malaysia,Singapore,S Muniandy,Ahmed Faiz,R Kalimuthu,1,0,,,,,,,,,
1405323,2023/24,2023-11-02,"Tribhuvan University International Cricket Ground, Kirtipur",1,17.3,Malaysia,Singapore,Ahmed Faiz,S Muniandy,R Kalimuthu,0,0,,,,,,,,,
1405323,2023/24,2023-11-02,"Tribhuvan University International Cricket Ground, Kirtipur",1,17.4,Malaysia,Singapore,Ahmed Faiz,S Muniandy,R Kalimuthu,4,0,,,,,,,,,
1405323,2023/24,2023-11-02,"Tribhuvan University International Cricket Ground, Kirtipur",1,17.5,Malaysia,Singapore,Ahmed Faiz,S Muniandy,R Kalimuthu,6,0,,,,,,,,,
1405323,2023/24,2023-11-02,"Tribhuvan University International Cricket Ground, Kirtipur",1,17.6,Malaysia,Singapore,Ahmed Faiz,S Muniandy,R Kalimuthu,1,0,,,,,,,,,
1405323,2023/24,2023-11-02,"Tribhuvan University International Cricket Ground, Kirtipur",1,18.1,Malaysia,Singapore,Ahmed Faiz,S Muniandy,Janak Prakash,6,0,,,,,,,,,
1405323,2023/24,2023-11-02,"Tribhuvan University International Cricket Ground, Kirtipur",1,18.2,Malaysia,Singapore,Ahmed Faiz,S Muniandy,Janak Prakash,0,0,,,,,,,,,
1405323,2023/24,2023-11-02,"Tribhuvan University International Cricket Ground, Kirtipur",1,18.3,Malaysia,Singapore,Ahmed Faiz,S Muniandy,Janak Prakash,2,0,,,,,,,,,
1405323,2023/24,2023-11-02,"Tribhuvan University International Cricket Ground, Kirtipur",1,18.4,Malaysia,Singapore,Ahmed Faiz,S Muniandy,Janak Prakash,0,0,,,,,,,,,
1405323,2023/24,2023-11-02,"Tribhuvan University International Cricket Ground, Kirtipur",1,18.5,Malaysia,Singapore,Ahmed Faiz,S Muniandy,Janak Prakash,0,0,,,,,,caught,Ahmed Faiz,,
1405323,2023/24,2023-11-02,"Tribhuvan University International Cricket Ground, Kirtipur",1,18.6,Malaysia,Singapore,Virandeep Singh,S Muniandy,Janak Prakash,2,0,,,,,,,,,
1405323,2023/24,2023-11-02,"Tribhuvan University International Cricket Ground, Kirtipur",1,19.1,Malaysia,Singapore,S Muniandy,Virandeep Singh,R Kalimuthu,4,0,,,,,,,,,
1405323,2023/24,2023-11-02,"Tribhuvan University International Cricket Ground, Kirtipur",1,19.2,Malaysia,Singapore,S Muniandy,Virandeep Singh,R Kalimuthu,1,0,,,,,,,,,
1405323,2023/24,2023-11-02,"Tribhuvan University International Cricket Ground, Kirtipur",1,19.3,Malaysia,Singapore,Virandeep Singh,S Muniandy,R Kalimuthu,0,0,,,,,,,,,
1405323,2023/24,2023-11-02,"Tribhuvan University International Cricket Ground, Kirtipur",1,19.4,Malaysia,Singapore,Virandeep Singh,S Muniandy,R Kalimuthu,0,0,,,,,,,,,
1405323,2023/24,2023-11-02,"Tribhuvan University International Cricket Ground, Kirtipur",1,19.5,Malaysia,Singapore,Virandeep Singh,S Muniandy,R Kalimuthu,6,0,,,,,,,,,
1405323,2023/24,2023-11-02,"Tribhuvan University International Cricket Ground, Kirtipur",1,19.6,Malaysia,Singapore,Virandeep Singh,S Muniandy,R Kalimuthu,0,0,,,,,,caught,Virandeep Singh,,
1405323,2023/24,2023-11-02,"Tribhuvan University International Cricket Ground, Kirtipur",2,0.1,Singapore,Malaysia,Aritra Dutta,R Rohan,Pavandeep Singh,0,0,,,,,,,,,
1405323,2023/24,2023-11-02,"Tribhuvan University International Cricket Ground, Kirtipur",2,0.2,Singapore,Malaysia,Aritra Dutta,R Rohan,Pavandeep Singh,1,0,,,,,,,,,
1405323,2023/24,2023-11-02,"Tribhuvan University International Cricket Ground, Kirtipur",2,0.3,Singapore,Malaysia,R Rohan,Aritra Dutta,Pavandeep Singh,0,0,,,,,,,,,
1405323,2023/24,2023-11-02,"Tribhuvan University International Cricket Ground, Kirtipur",2,0.4,Singapore,Malaysia,R Rohan,Aritra Dutta,Pavandeep Singh,0,0,,,,,,,,,
1405323,2023/24,2023-11-02,"Tribhuvan University International Cricket Ground, Kirtipur",2,0.5,Singapore,Malaysia,R Rohan,Aritra Dutta,Pavandeep Singh,1,0,,,,,,,,,
1405323,2023/24,2023-11-02,"Tribhuvan University International Cricket Ground, Kirtipur",2,0.6,Singapore,Malaysia,Aritra Dutta,R Rohan,Pavandeep Singh,1,0,,,,,,,,,
1405323,2023/24,2023-11-02,"Tribhuvan University International Cricket Ground, Kirtipur",2,1.1,Singapore,Malaysia,Aritra Dutta,R Rohan,Virandeep Singh,0,0,,,,,,,,,
1405323,2023/24,2023-11-02,"Tribhuvan University International Cricket Ground, Kirtipur",2,1.2,Singapore,Malaysia,Aritra Dutta,R Rohan,Virandeep Singh,1,0,,,,,,,,,
1405323,2023/24,2023-11-02,"Tribhuvan University International Cricket Ground, Kirtipur",2,1.3,Singapore,Malaysia,R Rohan,Aritra Dutta,Virandeep Singh,0,0,,,,,,,,,
1405323,2023/24,2023-11-02,"Tribhuvan University International Cricket Ground, Kirtipur",2,1.4,Singapore,Malaysia,R Rohan,Aritra Dutta,Virandeep Singh,1,0,,,,,,,,,
1405323,2023/24,2023-11-02,"Tribhuvan University International Cricket Ground, Kirtipur",2,1.5,Singapore,Malaysia,Aritra Dutta,R Rohan,Virandeep Singh,1,0,,,,,,,,,
1405323,2023/24,2023-11-02,"Tribhuvan University International Cricket Ground, Kirtipur",2,1.6,Singapore,Malaysia,R Rohan,Aritra Dutta,Virandeep Singh,1,0,,,,,,,,,
1405323,2023/24,2023-11-02,"Tribhuvan University International Cricket Ground, Kirtipur",2,2.1,Singapore,Malaysia,R Rohan,Aritra Dutta,Pavandeep Singh,0,0,,,,,,,,,
1405323,2023/24,2023-11-02,"Tribhuvan University International Cricket Ground, Kirtipur",2,2.2,Singapore,Malaysia,R Rohan,Aritra Dutta,Pavandeep Singh,1,0,,,,,,,,,
1405323,2023/24,2023-11-02,"Tribhuvan University International Cricket Ground, Kirtipur",2,2.3,Singapore,Malaysia,Aritra Dutta,R Rohan,Pavandeep Singh,4,0,,,,,,,,,
1405323,2023/24,2023-11-02,"Tribhuvan University International Cricket Ground, Kirtipur",2,2.4,Singapore,Malaysia,Aritra Dutta,R Rohan,Pavandeep Singh,0,0,,,,,,,,,
1405323,2023/24,2023-11-02,"Tribhuvan University International Cricket Ground, Kirtipur",2,2.5,Singapore,Malaysia,Aritra Dutta,R Rohan,Pavandeep Singh,1,0,,,,,,,,,
1405323,2023/24,2023-11-02,"Tribhuvan University International Cricket Ground, Kirtipur",2,2.6,Singapore,Malaysia,R Rohan,Aritra Dutta,Pavandeep Singh,0,1,1,,,,,,,,
1405323,2023/24,2023-11-02,"Tribhuvan University International Cricket Ground, Kirtipur",2,2.7,Singapore,Malaysia,R Rohan,Aritra Dutta,Pavandeep Singh,1,0,,,,,,,,,
1405323,2023/24,2023-11-02,"Tribhuvan University International Cricket Ground, Kirtipur",2,3.1,Singapore,Malaysia,R Rohan,Aritra Dutta,Virandeep Singh,1,0,,,,,,,,,
1405323,2023/24,2023-11-02,"Tribhuvan University International Cricket Ground, Kirtipur",2,3.2,Singapore,Malaysia,Aritra Dutta,R Rohan,Virandeep Singh,2,0,,,,,,,,,
1405323,2023/24,2023-11-02,"Tribhuvan University International Cricket Ground, Kirtipur",2,3.3,Singapore,Malaysia,Aritra Dutta,R Rohan,Virandeep Singh,0,1,,,,1,,,,,
1405323,2023/24,2023-11-02,"Tribhuvan University International Cricket Ground, Kirtipur",2,3.4,Singapore,Malaysia,R Rohan,Aritra Dutta,Virandeep Singh,0,0,,,,,,,,,
1405323,2023/24,2023-11-02,"Tribhuvan University International Cricket Ground, Kirtipur",2,3.5,Singapore,Malaysia,R Rohan,Aritra Dutta,Virandeep Singh,1,0,,,,,,,,,
1405323,2023/24,2023-11-02,"Tribhuvan University International Cricket Ground, Kirtipur",2,3.6,Singapore,Malaysia,Aritra Dutta,R Rohan,Virandeep Singh,4,0,,,,,,,,,
1405323,2023/24,2023-11-02,"Tribhuvan University International Cricket Ground, Kirtipur",2,4.1,Singapore,Malaysia,R Rohan,Aritra Dutta,Pavandeep Singh,4,0,,,,,,,,,
1405323,2023/24,2023-11-02,"Tribhuvan University International Cricket Ground, Kirtipur",2,4.2,Singapore,Malaysia,R Rohan,Aritra Dutta,Pavandeep Singh,6,0,,,,,,,,,
1405323,2023/24,2023-11-02,"Tribhuvan University International Cricket Ground, Kirtipur",2,4.3,Singapore,Malaysia,R Rohan,Aritra Dutta,Pavandeep Singh,1,0,,,,,,,,,
1405323,2023/24,2023-11-02,"Tribhuvan University International Cricket Ground, Kirtipur",2,4.4,Singapore,Malaysia,Aritra Dutta,R Rohan,Pavandeep Singh,0,0,,,,,,,,,
1405323,2023/24,2023-11-02,"Tribhuvan University International Cricket Ground, Kirtipur",2,4.5,Singapore,Malaysia,Aritra Dutta,R Rohan,Pavandeep Singh,4,0,,,,,,,,,
1405323,2023/24,2023-11-02,"Tribhuvan University International Cricket Ground, Kirtipur",2,4.6,Singapore,Malaysia,Aritra Dutta,R Rohan,Pavandeep Singh,0,1,1,,,,,,,,
1405323,2023/24,2023-11-02,"Tribhuvan University International Cricket Ground, Kirtipur",2,4.7,Singapore,Malaysia,Aritra Dutta,R Rohan,Pavandeep Singh,1,0,,,,,,,,,
1405323,2023/24,2023-11-02,"Tribhuvan University International Cricket Ground, Kirtipur",2,5.1,Singapore,Malaysia,Aritra Dutta,R Rohan,Rizwan Haider,1,0,,,,,,,,,
1405323,2023/24,2023-11-02,"Tribhuvan University International Cricket Ground, Kirtipur",2,5.2,Singapore,Malaysia,R Rohan,Aritra Dutta,Rizwan Haider,1,0,,,,,,,,,
1405323,2023/24,2023-11-02,"Tribhuvan University International Cricket Ground, Kirtipur",2,5.3,Singapore,Malaysia,Aritra Dutta,R Rohan,Rizwan Haider,0,0,,,,,,,,,
1405323,2023/24,2023-11-02,"Tribhuvan University International Cricket Ground, Kirtipur",2,5.4,Singapore,Malaysia,Aritra Dutta,R Rohan,Rizwan Haider,0,0,,,,,,,,,
1405323,2023/24,2023-11-02,"Tribhuvan University International Cricket Ground, Kirtipur",2,5.5,Singapore,Malaysia,Aritra Dutta,R Rohan,Rizwan Haider,0,0,,,,,,,,,
1405323,2023/24,2023-11-02,"Tribhuvan University International Cricket Ground, Kirtipur",2,5.6,Singapore,Malaysia,Aritra Dutta,R Rohan,Rizwan Haider,0,0,,,,,,,,,
1405323,2023/24,2023-11-02,"Tribhuvan University International Cricket Ground, Kirtipur",2,6.1,Singapore,Malaysia,R Rohan,Aritra Dutta,S Vijay Unni,1,0,,,,,,,,,
1405323,2023/24,2023-11-02,"Tribhuvan University International Cricket Ground, Kirtipur",2,6.2,Singapore,Malaysia,Aritra Dutta,R Rohan,S Vijay Unni,6,0,,,,,,,,,
1405323,2023/24,2023-11-02,"Tribhuvan University International Cricket Ground, Kirtipur",2,6.3,Singapore,Malaysia,Aritra Dutta,R Rohan,S Vijay Unni,4,0,,,,,,,,,
1405323,2023/24,2023-11-02,"Tribhuvan University International Cricket Ground, Kirtipur",2,6.4,Singapore,Malaysia,Aritra Dutta,R Rohan,S Vijay Unni,4,0,,,,,,,,,
1405323,2023/24,2023-11-02,"Tribhuvan University International Cricket Ground, Kirtipur",2,6.5,Singapore,Malaysia,Aritra Dutta,R Rohan,S Vijay Unni,1,0,,,,,,,,,
1405323,2023/24,2023-11-02,"Tribhuvan University International Cricket Ground, Kirtipur",2,6.6,Singapore,Malaysia,R Rohan,Aritra Dutta,S Vijay Unni,1,0,,,,,,,,,
1405323,2023/24,2023-11-02,"Tribhuvan University International Cricket Ground, Kirtipur",2,7.1,Singapore,Malaysia,R Rohan,Aritra Dutta,Khizar Hayat,1,0,,,,,,,,,
1405323,2023/24,2023-11-02,"Tribhuvan University International Cricket Ground, Kirtipur",2,7.2,Singapore,Malaysia,Aritra Dutta,R Rohan,Khizar Hayat,4,0,,,,,,,,,
1405323,2023/24,2023-11-02,"Tribhuvan University International Cricket Ground, Kirtipur",2,7.3,Singapore,Malaysia,Aritra Dutta,R Rohan,Khizar Hayat,1,0,,,,,,,,,
1405323,2023/24,2023-11-02,"Tribhuvan University International Cricket Ground, Kirtipur",2,7.4,Singapore,Malaysia,R Rohan,Aritra Dutta,Khizar Hayat,0,0,,,,,,,,,
1405323,2023/24,2023-11-02,"Tribhuvan University International Cricket Ground, Kirtipur",2,7.5,Singapore,Malaysia,R Rohan,Aritra Dutta,Khizar Hayat,1,0,,,,,,,,,
1405323,2023/24,2023-11-02,"Tribhuvan University International Cricket Ground, Kirtipur",2,7.6,Singapore,Malaysia,Aritra Dutta,R Rohan,Khizar Hayat,0,0,,,,,,,,,
1405323,2023/24,2023-11-02,"Tribhuvan University International Cricket Ground, Kirtipur",2,8.1,Singapore,Malaysia,R Rohan,Aritra Dutta,Rizwan Haider,1,0,,,,,,,,,
1405323,2023/24,2023-11-02,"Tribhuvan University International Cricket Ground, Kirtipur",2,8.2,Singapore,Malaysia,Aritra Dutta,R Rohan,Rizwan Haider,4,0,,,,,,,,,
1405323,2023/24,2023-11-02,"Tribhuvan University International Cricket Ground, Kirtipur",2,8.3,Singapore,Malaysia,Aritra Dutta,R Rohan,Rizwan Haider,0,1,1,,,,,,,,
1405323,2023/24,2023-11-02,"Tribhuvan University International Cricket Ground, Kirtipur",2,8.4,Singapore,Malaysia,Aritra Dutta,R Rohan,Rizwan Haider,6,0,,,,,,,,,
1405323,2023/24,2023-11-02,"Tribhuvan University International Cricket Ground, Kirtipur",2,8.5,Singapore,Malaysia,Aritra Dutta,R Rohan,Rizwan Haider,2,0,,,,,,,,,
1405323,2023/24,2023-11-02,"Tribhuvan University International Cricket Ground, Kirtipur",2,8.6,Singapore,Malaysia,Aritra Dutta,R Rohan,Rizwan Haider,0,0,,,,,,caught,Aritra Dutta,,
1405323,2023/24,2023-11-02,"Tribhuvan University International Cricket Ground, Kirtipur",2,8.7,Singapore,Malaysia,AE Paraam,R Rohan,Rizwan Haider,4,0,,,,,,,,,
1405323,2023/24,2023-11-02,"Tribhuvan University International Cricket Ground, Kirtipur",2,9.1,Singapore,Malaysia,R Rohan,AE Paraam,Khizar Hayat,1,0,,,,,,,,,
1405323,2023/24,2023-11-02,"Tribhuvan University International Cricket Ground, Kirtipur",2,9.2,Singapore,Malaysia,AE Paraam,R Rohan,Khizar Hayat,0,1,,,,1,,,,,
1405323,2023/24,2023-11-02,"Tribhuvan University International Cricket Ground, Kirtipur",2,9.3,Singapore,Malaysia,R Rohan,AE Paraam,Khizar Hayat,1,0,,,,,,,,,
1405323,2023/24,2023-11-02,"Tribhuvan University International Cricket Ground, Kirtipur",2,9.4,Singapore,Malaysia,AE Paraam,R Rohan,Khizar Hayat,4,0,,,,,,,,,
1405323,2023/24,2023-11-02,"Tribhuvan University International Cricket Ground, Kirtipur",2,9.5,Singapore,Malaysia,AE Paraam,R Rohan,Khizar Hayat,1,0,,,,,,,,,
1405323,2023/24,2023-11-02,"Tribhuvan University International Cricket Ground, Kirtipur",2,9.6,Singapore,Malaysia,R Rohan,AE Paraam,Khizar Hayat,0,0,,,,,,,,,
1405323,2023/24,2023-11-02,"Tribhuvan University International Cricket Ground, Kirtipur",2,10.1,Singapore,Malaysia,AE Paraam,R Rohan,Rizwan Haider,1,0,,,,,,,,,
1405323,2023/24,2023-11-02,"Tribhuvan University International Cricket Ground, Kirtipur",2,10.2,Singapore,Malaysia,R Rohan,AE Paraam,Rizwan Haider,6,0,,,,,,,,,
1405323,2023/24,2023-11-02,"Tribhuvan University International Cricket Ground, Kirtipur",2,10.3,Singapore,Malaysia,R Rohan,AE Paraam,Rizwan Haider,1,0,,,,,,,,,
1405323,2023/24,2023-11-02,"Tribhuvan University International Cricket Ground, Kirtipur",2,10.4,Singapore,Malaysia,AE Paraam,R Rohan,Rizwan Haider,1,0,,,,,,,,,
1405323,2023/24,2023-11-02,"Tribhuvan University International Cricket Ground, Kirtipur",2,10.5,Singapore,Malaysia,R Rohan,AE Paraam,Rizwan Haider,2,0,,,,,,,,,
1405323,2023/24,2023-11-02,"Tribhuvan University International Cricket Ground, Kirtipur",2,10.6,Singapore,Malaysia,R Rohan,AE Paraam,Rizwan Haider,1,0,,,,,,,,,
1405323,2023/24,2023-11-02,"Tribhuvan University International Cricket Ground, Kirtipur",2,11.1,Singapore,Malaysia,R Rohan,AE Paraam,Khizar Hayat,0,0,,,,,,,,,
1405323,2023/24,2023-11-02,"Tribhuvan University International Cricket Ground, Kirtipur",2,11.2,Singapore,Malaysia,R Rohan,AE Paraam,Khizar Hayat,0,0,,,,,,stumped,R Rohan,,
1405323,2023/24,2023-11-02,"Tribhuvan University International Cricket Ground, Kirtipur",2,11.3,Singapore,Malaysia,TO Thilappan,AE Paraam,Khizar Hayat,1,0,,,,,,,,,
1405323,2023/24,2023-11-02,"Tribhuvan University International Cricket Ground, Kirtipur",2,11.4,Singapore,Malaysia,AE Paraam,TO Thilappan,Khizar Hayat,0,0,,,,,,,,,
1405323,2023/24,2023-11-02,"Tribhuvan University International Cricket Ground, Kirtipur",2,11.5,Singapore,Malaysia,AE Paraam,TO Thilappan,Khizar Hayat,4,0,,,,,,,,,
1405323,2023/24,2023-11-02,"Tribhuvan University International Cricket Ground, Kirtipur",2,11.6,Singapore,Malaysia,AE Paraam,TO Thilappan,Khizar Hayat,1,0,,,,,,,,,
1405323,2023/24,2023-11-02,"Tribhuvan University International Cricket Ground, Kirtipur",2,12.1,Singapore,Malaysia,AE Paraam,TO Thilappan,Muhammad Amir,1,0,,,,,,,,,
1405323,2023/24,2023-11-02,"Tribhuvan University International Cricket Ground, Kirtipur",2,12.2,Singapore,Malaysia,TO Thilappan,AE Paraam,Muhammad Amir,0,0,,,,,,caught,TO Thilappan,,
1405323,2023/24,2023-11-02,"Tribhuvan University International Cricket Ground, Kirtipur",2,12.3,Singapore,Malaysia,S Chandramohan,AE Paraam,Muhammad Amir,1,0,,,,,,,,,
1405323,2023/24,2023-11-02,"Tribhuvan University International Cricket Ground, Kirtipur",2,12.4,Singapore,Malaysia,AE Paraam,S Chandramohan,Muhammad Amir,4,0,,,,,,,,,
1405323,2023/24,2023-11-02,"Tribhuvan University International Cricket Ground, Kirtipur",2,12.5,Singapore,Malaysia,AE Paraam,S Chandramohan,Muhammad Amir,1,0,,,,,,,,,
1405323,2023/24,2023-11-02,"Tribhuvan University International Cricket Ground, Kirtipur",2,12.6,Singapore,Malaysia,S Chandramohan,AE Paraam,Muhammad Amir,1,0,,,,,,,,,
1405323,2023/24,2023-11-02,"Tribhuvan University International Cricket Ground, Kirtipur",2,13.1,Singapore,Malaysia,S Chandramohan,AE Paraam,Virandeep Singh,1,0,,,,,,,,,
1405323,2023/24,2023-11-02,"Tribhuvan University International Cricket Ground, Kirtipur",2,13.2,Singapore,Malaysia,AE Paraam,S Chandramohan,Virandeep Singh,1,0,,,,,,,,,
1405323,2023/24,2023-11-02,"Tribhuvan University International Cricket Ground, Kirtipur",2,13.3,Singapore,Malaysia,S Chandramohan,AE Paraam,Virandeep Singh,0,0,,,,,,,,,
1405323,2023/24,2023-11-02,"Tribhuvan University International Cricket Ground, Kirtipur",2,13.4,Singapore,Malaysia,S Chandramohan,AE Paraam,Virandeep Singh,0,0,,,,,,,,,
1405323,2023/24,2023-11-02,"Tribhuvan University International Cricket Ground, Kirtipur",2,13.5,Singapore,Malaysia,S Chandramohan,AE Paraam,Virandeep Singh,1,0,,,,,,,,,
1405323,2023/24,2023-11-02,"Tribhuvan University International Cricket Ground, Kirtipur",2,13.6,Singapore,Malaysia,AE Paraam,S Chandramohan,Virandeep Singh,1,0,,,,,,,,,
1405323,2023/24,2023-11-02,"Tribhuvan University International Cricket Ground, Kirtipur",2,14.1,Singapore,Malaysia,AE Paraam,S Chandramohan,Muhammad Amir,1,0,,,,,,,,,
1405323,2023/24,2023-11-02,"Tribhuvan University International Cricket Ground, Kirtipur",2,14.2,Singapore,Malaysia,S Chandramohan,AE Paraam,Muhammad Amir,0,0,,,,,,caught,S Chandramohan,,
1405323,2023/24,2023-11-02,"Tribhuvan University International Cricket Ground, Kirtipur",2,14.3,Singapore,Malaysia,Manpreet Singh,AE Paraam,Muhammad Amir,0,0,,,,,,caught,Manpreet Singh,,
1405323,2023/24,2023-11-02,"Tribhuvan University International Cricket Ground, Kirtipur",2,14.4,Singapore,Malaysia,Janak Prakash,AE Paraam,Muhammad Amir,1,0,,,,,,,,,
1405323,2023/24,2023-11-02,"Tribhuvan University International Cricket Ground, Kirtipur",2,14.5,Singapore,Malaysia,AE Paraam,Janak Prakash,Muhammad Amir,1,0,,,,,,,,,
1405323,2023/24,2023-11-02,"Tribhuvan University International Cricket Ground, Kirtipur",2,14.6,Singapore,Malaysia,Janak Prakash,AE Paraam,Muhammad Amir,0,0,,,,,,,,,
1405323,2023/24,2023-11-02,"Tribhuvan University International Cricket Ground, Kirtipur",2,15.1,Singapore,Malaysia,AE Paraam,Janak Prakash,Virandeep Singh,0,0,,,,,,,,,
1405323,2023/24,2023-11-02,"Tribhuvan University International Cricket Ground, Kirtipur",2,15.2,Singapore,Malaysia,AE Paraam,Janak Prakash,Virandeep Singh,4,0,,,,,,,,,
1405323,2023/24,2023-11-02,"Tribhuvan University International Cricket Ground, Kirtipur",2,15.3,Singapore,Malaysia,AE Paraam,Janak Prakash,Virandeep Singh,1,0,,,,,,,,,
1405323,2023/24,2023-11-02,"Tribhuvan University International Cricket Ground, Kirtipur",2,15.4,Singapore,Malaysia,Janak Prakash,AE Paraam,Virandeep Singh,0,0,,,,,,caught,Janak Prakash,,
1405323,2023/24,2023-11-02,"Tribhuvan University International Cricket Ground, Kirtipur",2,15.5,Singapore,Malaysia,A Chaudhary,AE Paraam,Virandeep Singh,1,0,,,,,,,,,
1405323,2023/24,2023-11-02,"Tribhuvan University International Cricket Ground, Kirtipur",2,15.6,Singapore,Malaysia,AE Paraam,A Chaudhary,Virandeep Singh,0,0,,,,,,,,,
1405323,2023/24,2023-11-02,"Tribhuvan University International Cricket Ground, Kirtipur",2,16.1,Singapore,Malaysia,A Chaudhary,AE Paraam,Muhammad Amir,1,0,,,,,,,,,
1405323,2023/24,2023-11-02,"Tribhuvan University International Cricket Ground, Kirtipur",2,16.2,Singapore,Malaysia,AE Paraam,A Chaudhary,Muhammad Amir,0,1,1,,,,,stumped,AE Paraam,,
1405323,2023/24,2023-11-02,"Tribhuvan University International Cricket Ground, Kirtipur",2,16.3,Singapore,Malaysia,H Bharadwaj,A Chaudhary,Muhammad Amir,0,0,,,,,,caught,H Bharadwaj,,
1405323,2023/24,2023-11-02,"Tribhuvan University International Cricket Ground, Kirtipur",2,16.4,Singapore,Malaysia,AR Menon,A Chaudhary,Muhammad Amir,0,0,,,,,,,,,
1405323,2023/24,2023-11-02,"Tribhuvan University International Cricket Ground, Kirtipur",2,16.5,Singapore,Malaysia,AR Menon,A Chaudhary,Muhammad Amir,1,0,,,,,,,,,
1405323,2023/24,2023-11-02,"Tribhuvan University International Cricket Ground, Kirtipur",2,16.6,Singapore,Malaysia,A Chaudhary,AR Menon,Muhammad Amir,1,0,,,,,,,,,
1405323,2023/24,2023-11-02,"Tribhuvan University International Cricket Ground, Kirtipur",2,16.7,Singapore,Malaysia,AR Menon,A Chaudhary,Muhammad Amir,1,0,,,,,,,,,
1405323,2023/24,2023-11-02,"Tribhuvan University International Cricket Ground, Kirtipur",2,17.1,Singapore,Malaysia,AR Menon,A Chaudhary,Pavandeep Singh,0,0,,,,,,,,,
1405323,2023/24,2023-11-02,"Tribhuvan University International Cricket Ground, Kirtipur",2,17.2,Singapore,Malaysia,AR Menon,A Chaudhary,Pavandeep Singh,0,0,,,,,,bowled,AR Menon,,
1405323,2023/24,2023-11-02,"Tribhuvan University International Cricket Ground, Kirtipur",2,17.3,Singapore,Malaysia,R Kalimuthu,A Chaudhary,Pavandeep Singh,0,0,,,,,,,,,
1405323,2023/24,2023-11-02,"Tribhuvan University International Cricket Ground, Kirtipur",2,17.4,Singapore,Malaysia,R Kalimuthu,A Chaudhary,Pavandeep Singh,1,0,,,,,,,,,
1405323,2023/24,2023-11-02,"Tribhuvan University International Cricket Ground, Kirtipur",2,17.5,Singapore,Malaysia,A Chaudhary,R Kalimuthu,Pavandeep Singh,0,0,,,,,,bowled,A Chaudhary,,
