match_id,season,start_date,venue,innings,ball,batting_team,bowling_team,striker,non_striker,bowler,runs_off_bat,extras,wides,noballs,byes,legbyes,penalty,wicket_type,player_dismissed,other_wicket_type,other_player_dismissed
1405317,2023/24,2023-10-31,"Tribhuvan University International Cricket Ground, Kirtipur",1,0.1,Oman,Singapore,KH Prajapati,PS Athavale,Janak Prakash,0,0,,,,,,,,,
1405317,2023/24,2023-10-31,"Tribhuvan University International Cricket Ground, Kirtipur",1,0.2,Oman,Singapore,KH Prajapati,PS Athavale,Janak Prakash,0,2,,,,2,,,,,
1405317,2023/24,2023-10-31,"Tribhuvan University International Cricket Ground, Kirtipur",1,0.3,Oman,Singapore,KH Prajapati,PS Athavale,Janak Prakash,0,0,,,,,,,,,
1405317,2023/24,2023-10-31,"Tribhuvan University International Cricket Ground, Kirtipur",1,0.4,Oman,Singapore,KH Prajapati,PS Athavale,Janak Prakash,0,0,,,,,,,,,
1405317,2023/24,2023-10-31,"Tribhuvan University International Cricket Ground, Kirtipur",1,0.5,Oman,Singapore,KH Prajapati,PS Athavale,Janak Prakash,0,0,,,,,,,,,
1405317,2023/24,2023-10-31,"Tribhuvan University International Cricket Ground, Kirtipur",1,0.6,Oman,Singapore,KH Prajapati,PS Athavale,Janak Prakash,4,0,,,,,,,,,
1405317,2023/24,2023-10-31,"Tribhuvan University International Cricket Ground, Kirtipur",1,1.1,Oman,Singapore,PS Athavale,KH Prajapati,R Kalimuthu,0,0,,,,,,,,,
1405317,2023/24,2023-10-31,"Tribhuvan University International Cricket Ground, Kirtipur",1,1.2,Oman,Singapore,PS Athavale,KH Prajapati,R Kalimuthu,0,0,,,,,,,,,
1405317,2023/24,2023-10-31,"Tribhuvan University International Cricket Ground, Kirtipur",1,1.3,Oman,Singapore,PS Athavale,KH Prajapati,R Kalimuthu,4,0,,,,,,,,,
1405317,2023/24,2023-10-31,"Tribhuvan University International Cricket Ground, Kirtipur",1,1.4,Oman,Singapore,PS Athavale,KH Prajapati,R Kalimuthu,0,0,,,,,,,,,
1405317,2023/24,2023-10-31,"Tribhuvan University International Cricket Ground, Kirtipur",1,1.5,Oman,Singapore,PS Athavale,KH Prajapati,R Kalimuthu,1,0,,,,,,,,,
1405317,2023/24,2023-10-31,"Tribhuvan University International Cricket Ground, Kirtipur",1,1.6,Oman,Singapore,KH Prajapati,PS Athavale,R Kalimuthu,1,0,,,,,,,,,
1405317,2023/24,2023-10-31,"Tribhuvan University International Cricket Ground, Kirtipur",1,2.1,Oman,Singapore,KH Prajapati,PS Athavale,Janak Prakash,0,0,,,,,,,,,
1405317,2023/24,2023-10-31,"Tribhuvan University International Cricket Ground, Kirtipur",1,2.2,Oman,Singapore,KH Prajapati,PS Athavale,Janak Prakash,0,0,,,,,,,,,
1405317,2023/24,2023-10-31,"Tribhuvan University International Cricket Ground, Kirtipur",1,2.3,Oman,Singapore,KH Prajapati,PS Athavale,Janak Prakash,0,0,,,,,,,,,
1405317,2023/24,2023-10-31,"Tribhuvan University International Cricket Ground, Kirtipur",1,2.4,Oman,Singapore,KH Prajapati,PS Athavale,Janak Prakash,1,0,,,,,,,,,
1405317,2023/24,2023-10-31,"Tribhuvan University International Cricket Ground, Kirtipur",1,2.5,Oman,Singapore,PS Athavale,KH Prajapati,Janak Prakash,0,0,,,,,,,,,
1405317,2023/24,2023-10-31,"Tribhuvan University International Cricket Ground, Kirtipur",1,2.6,Oman,Singapore,PS Athavale,KH Prajapati,Janak Prakash,4,0,,,,,,,,,
1405317,2023/24,2023-10-31,"Tribhuvan University International Cricket Ground, Kirtipur",1,3.1,Oman,Singapore,KH Prajapati,PS Athavale,R Kalimuthu,4,0,,,,,,,,,
1405317,2023/24,2023-10-31,"Tribhuvan University International Cricket Ground, Kirtipur",1,3.2,Oman,Singapore,KH Prajapati,PS Athavale,R Kalimuthu,0,0,,,,,,,,,
1405317,2023/24,2023-10-31,"Tribhuvan University International Cricket Ground, Kirtipur",1,3.3,Oman,Singapore,KH Prajapati,PS Athavale,R Kalimuthu,0,0,,,,,,,,,
1405317,2023/24,2023-10-31,"Tribhuvan University International Cricket Ground, Kirtipur",1,3.4,Oman,Singapore,KH Prajapati,PS Athavale,R Kalimuthu,0,0,,,,,,,,,
1405317,2023/24,2023-10-31,"Tribhuvan University International Cricket Ground, Kirtipur",1,3.5,Oman,Singapore,KH Prajapati,PS Athavale,R Kalimuthu,1,0,,,,,,,,,
1405317,2023/24,2023-10-31,"Tribhuvan University International Cricket Ground, Kirtipur",1,3.6,Oman,Singapore,PS Athavale,KH Prajapati,R Kalimuthu,0,0,,,,,,,,,
1405317,2023/24,2023-10-31,"Tribhuvan University International Cricket Ground, Kirtipur",1,4.1,Oman,Singapore,KH Prajapati,PS Athavale,AE Paraam,1,0,,,,,,,,,
1405317,2023/24,2023-10-31,"Tribhuvan University International Cricket Ground, Kirtipur",1,4.2,Oman,Singapore,PS Athavale,KH Prajapati,AE Paraam,0,0,,,,,,,,,
1405317,2023/24,2023-10-31,"Tribhuvan University International Cricket Ground, Kirtipur",1,4.3,Oman,Singapore,PS Athavale,KH Prajapati,AE Paraam,4,0,,,,,,,,,
1405317,2023/24,2023-10-31,"Tribhuvan University International Cricket Ground, Kirtipur",1,4.4,Oman,Singapore,PS Athavale,KH Prajapati,AE Paraam,1,0,,,,,,,,,
1405317,2023/24,2023-10-31,"Tribhuvan University International Cricket Ground, Kirtipur",1,4.5,Oman,Singapore,KH Prajapati,PS Athavale,AE Paraam,0,0,,,,,,,,,
1405317,2023/24,2023-10-31,"Tribhuvan University International Cricket Ground, Kirtipur",1,4.6,Oman,Singapore,KH Prajapati,PS Athavale,AE Paraam,0,0,,,,,,caught,KH Prajapati,,
1405317,2023/24,2023-10-31,"Tribhuvan University International Cricket Ground, Kirtipur",1,5.1,Oman,Singapore,PS Athavale,Aqib Ilyas,A Chaudhary,4,0,,,,,,,,,
1405317,2023/24,2023-10-31,"Tribhuvan University International Cricket Ground, Kirtipur",1,5.2,Oman,Singapore,PS Athavale,Aqib Ilyas,A Chaudhary,4,0,,,,,,,,,
1405317,2023/24,2023-10-31,"Tribhuvan University International Cricket Ground, Kirtipur",1,5.3,Oman,Singapore,PS Athavale,Aqib Ilyas,A Chaudhary,4,0,,,,,,,,,
1405317,2023/24,2023-10-31,"Tribhuvan University International Cricket Ground, Kirtipur",1,5.4,Oman,Singapore,PS Athavale,Aqib Ilyas,A Chaudhary,0,0,,,,,,,,,
1405317,2023/24,2023-10-31,"Tribhuvan University International Cricket Ground, Kirtipur",1,5.5,Oman,Singapore,PS Athavale,Aqib Ilyas,A Chaudhary,0,0,,,,,,,,,
1405317,2023/24,2023-10-31,"Tribhuvan University International Cricket Ground, Kirtipur",1,5.6,Oman,Singapore,PS Athavale,Aqib Ilyas,A Chaudhary,1,0,,,,,,,,,
1405317,2023/24,2023-10-31,"Tribhuvan University International Cricket Ground, Kirtipur",1,6.1,Oman,Singapore,PS Athavale,Aqib Ilyas,AE Paraam,1,0,,,,,,,,,
1405317,2023/24,2023-10-31,"Tribhuvan University International Cricket Ground, Kirtipur",1,6.2,Oman,Singapore,Aqib Ilyas,PS Athavale,AE Paraam,0,0,,,,,,,,,
1405317,2023/24,2023-10-31,"Tribhuvan University International Cricket Ground, Kirtipur",1,6.3,Oman,Singapore,Aqib Ilyas,PS Athavale,AE Paraam,1,0,,,,,,,,,
1405317,2023/24,2023-10-31,"Tribhuvan University International Cricket Ground, Kirtipur",1,6.4,Oman,Singapore,PS Athavale,Aqib Ilyas,AE Paraam,1,0,,,,,,,,,
1405317,2023/24,2023-10-31,"Tribhuvan University International Cricket Ground, Kirtipur",1,6.5,Oman,Singapore,Aqib Ilyas,PS Athavale,AE Paraam,1,0,,,,,,,,,
1405317,2023/24,2023-10-31,"Tribhuvan University International Cricket Ground, Kirtipur",1,6.6,Oman,Singapore,PS Athavale,Aqib Ilyas,AE Paraam,1,0,,,,,,,,,
1405317,2023/24,2023-10-31,"Tribhuvan University International Cricket Ground, Kirtipur",1,7.1,Oman,Singapore,PS Athavale,Aqib Ilyas,A Krishna,1,0,,,,,,,,,
1405317,2023/24,2023-10-31,"Tribhuvan University International Cricket Ground, Kirtipur",1,7.2,Oman,Singapore,Aqib Ilyas,PS Athavale,A Krishna,6,0,,,,,,,,,
1405317,2023/24,2023-10-31,"Tribhuvan University International Cricket Ground, Kirtipur",1,7.3,Oman,Singapore,Aqib Ilyas,PS Athavale,A Krishna,1,0,,,,,,,,,
1405317,2023/24,2023-10-31,"Tribhuvan University International Cricket Ground, Kirtipur",1,7.4,Oman,Singapore,PS Athavale,Aqib Ilyas,A Krishna,1,0,,,,,,,,,
1405317,2023/24,2023-10-31,"Tribhuvan University International Cricket Ground, Kirtipur",1,7.5,Oman,Singapore,Aqib Ilyas,PS Athavale,A Krishna,0,0,,,,,,,,,
1405317,2023/24,2023-10-31,"Tribhuvan University International Cricket Ground, Kirtipur",1,7.6,Oman,Singapore,Aqib Ilyas,PS Athavale,A Krishna,6,0,,,,,,,,,
1405317,2023/24,2023-10-31,"Tribhuvan University International Cricket Ground, Kirtipur",1,8.1,Oman,Singapore,PS Athavale,Aqib Ilyas,AR Puri,4,0,,,,,,,,,
1405317,2023/24,2023-10-31,"Tribhuvan University International Cricket Ground, Kirtipur",1,8.2,Oman,Singapore,PS Athavale,Aqib Ilyas,AR Puri,0,0,,,,,,,,,
1405317,2023/24,2023-10-31,"Tribhuvan University International Cricket Ground, Kirtipur",1,8.3,Oman,Singapore,PS Athavale,Aqib Ilyas,AR Puri,1,0,,,,,,,,,
1405317,2023/24,2023-10-31,"Tribhuvan University International Cricket Ground, Kirtipur",1,8.4,Oman,Singapore,Aqib Ilyas,PS Athavale,AR Puri,1,0,,,,,,,,,
1405317,2023/24,2023-10-31,"Tribhuvan University International Cricket Ground, Kirtipur",1,8.5,Oman,Singapore,PS Athavale,Aqib Ilyas,AR Puri,0,0,,,,,,,,,
1405317,2023/24,2023-10-31,"Tribhuvan University International Cricket Ground, Kirtipur",1,8.6,Oman,Singapore,PS Athavale,Aqib Ilyas,AR Puri,1,0,,,,,,,,,
1405317,2023/24,2023-10-31,"Tribhuvan University International Cricket Ground, Kirtipur",1,9.1,Oman,Singapore,PS Athavale,Aqib Ilyas,TO Thilappan,1,0,,,,,,,,,
1405317,2023/24,2023-10-31,"Tribhuvan University International Cricket Ground, Kirtipur",1,9.2,Oman,Singapore,Aqib Ilyas,PS Athavale,TO Thilappan,0,1,1,,,,,,,,
1405317,2023/24,2023-10-31,"Tribhuvan University International Cricket Ground, Kirtipur",1,9.3,Oman,Singapore,Aqib Ilyas,PS Athavale,TO Thilappan,1,0,,,,,,,,,
1405317,2023/24,2023-10-31,"Tribhuvan University International Cricket Ground, Kirtipur",1,9.4,Oman,Singapore,PS Athavale,Aqib Ilyas,TO Thilappan,1,0,,,,,,,,,
1405317,2023/24,2023-10-31,"Tribhuvan University International Cricket Ground, Kirtipur",1,9.5,Oman,Singapore,Aqib Ilyas,PS Athavale,TO Thilappan,1,0,,,,,,,,,
1405317,2023/24,2023-10-31,"Tribhuvan University International Cricket Ground, Kirtipur",1,9.6,Oman,Singapore,PS Athavale,Aqib Ilyas,TO Thilappan,1,0,,,,,,,,,
1405317,2023/24,2023-10-31,"Tribhuvan University International Cricket Ground, Kirtipur",1,9.7,Oman,Singapore,Aqib Ilyas,PS Athavale,TO Thilappan,1,0,,,,,,,,,
1405317,2023/24,2023-10-31,"Tribhuvan University International Cricket Ground, Kirtipur",1,10.1,Oman,Singapore,Aqib Ilyas,PS Athavale,AE Paraam,0,0,,,,,,,,,
1405317,2023/24,2023-10-31,"Tribhuvan University International Cricket Ground, Kirtipur",1,10.2,Oman,Singapore,Aqib Ilyas,PS Athavale,AE Paraam,1,0,,,,,,,,,
1405317,2023/24,2023-10-31,"Tribhuvan University International Cricket Ground, Kirtipur",1,10.3,Oman,Singapore,PS Athavale,Aqib Ilyas,AE Paraam,1,0,,,,,,,,,
1405317,2023/24,2023-10-31,"Tribhuvan University International Cricket Ground, Kirtipur",1,10.4,Oman,Singapore,Aqib Ilyas,PS Athavale,AE Paraam,1,0,,,,,,,,,
1405317,2023/24,2023-10-31,"Tribhuvan University International Cricket Ground, Kirtipur",1,10.5,Oman,Singapore,PS Athavale,Aqib Ilyas,AE Paraam,0,0,,,,,,caught,PS Athavale,,
1405317,2023/24,2023-10-31,"Tribhuvan University International Cricket Ground, Kirtipur",1,10.6,Oman,Singapore,Zeeshan Maqsood,Aqib Ilyas,AE Paraam,1,0,,,,,,,,,
1405317,2023/24,2023-10-31,"Tribhuvan University International Cricket Ground, Kirtipur",1,11.1,Oman,Singapore,Zeeshan Maqsood,Aqib Ilyas,TO Thilappan,4,0,,,,,,,,,
1405317,2023/24,2023-10-31,"Tribhuvan University International Cricket Ground, Kirtipur",1,11.2,Oman,Singapore,Zeeshan Maqsood,Aqib Ilyas,TO Thilappan,1,0,,,,,,,,,
1405317,2023/24,2023-10-31,"Tribhuvan University International Cricket Ground, Kirtipur",1,11.3,Oman,Singapore,Aqib Ilyas,Zeeshan Maqsood,TO Thilappan,0,1,1,,,,,,,,
1405317,2023/24,2023-10-31,"Tribhuvan University International Cricket Ground, Kirtipur",1,11.4,Oman,Singapore,Aqib Ilyas,Zeeshan Maqsood,TO Thilappan,1,0,,,,,,,,,
1405317,2023/24,2023-10-31,"Tribhuvan University International Cricket Ground, Kirtipur",1,11.5,Oman,Singapore,Zeeshan Maqsood,Aqib Ilyas,TO Thilappan,4,0,,,,,,,,,
1405317,2023/24,2023-10-31,"Tribhuvan University International Cricket Ground, Kirtipur",1,11.6,Oman,Singapore,Zeeshan Maqsood,Aqib Ilyas,TO Thilappan,0,0,,,,,,,,,
1405317,2023/24,2023-10-31,"Tribhuvan University International Cricket Ground, Kirtipur",1,11.7,Oman,Singapore,Zeeshan Maqsood,Aqib Ilyas,TO Thilappan,4,0,,,,,,,,,
1405317,2023/24,2023-10-31,"Tribhuvan University International Cricket Ground, Kirtipur",1,12.1,Oman,Singapore,Aqib Ilyas,Zeeshan Maqsood,AR Puri,1,0,,,,,,,,,
1405317,2023/24,2023-10-31,"Tribhuvan University International Cricket Ground, Kirtipur",1,12.2,Oman,Singapore,Zeeshan Maqsood,Aqib Ilyas,AR Puri,6,0,,,,,,,,,
1405317,2023/24,2023-10-31,"Tribhuvan University International Cricket Ground, Kirtipur",1,12.3,Oman,Singapore,Zeeshan Maqsood,Aqib Ilyas,AR Puri,1,0,,,,,,,,,
1405317,2023/24,2023-10-31,"Tribhuvan University International Cricket Ground, Kirtipur",1,12.4,Oman,Singapore,Aqib Ilyas,Zeeshan Maqsood,AR Puri,1,0,,,,,,,,,
1405317,2023/24,2023-10-31,"Tribhuvan University International Cricket Ground, Kirtipur",1,12.5,Oman,Singapore,Zeeshan Maqsood,Aqib Ilyas,AR Puri,1,0,,,,,,,,,
1405317,2023/24,2023-10-31,"Tribhuvan University International Cricket Ground, Kirtipur",1,12.6,Oman,Singapore,Aqib Ilyas,Zeeshan Maqsood,AR Puri,1,0,,,,,,,,,
1405317,2023/24,2023-10-31,"Tribhuvan University International Cricket Ground, Kirtipur",1,13.1,Oman,Singapore,Aqib Ilyas,Zeeshan Maqsood,AE Paraam,4,0,,,,,,,,,
1405317,2023/24,2023-10-31,"Tribhuvan University International Cricket Ground, Kirtipur",1,13.2,Oman,Singapore,Aqib Ilyas,Zeeshan Maqsood,AE Paraam,6,0,,,,,,,,,
1405317,2023/24,2023-10-31,"Tribhuvan University International Cricket Ground, Kirtipur",1,13.3,Oman,Singapore,Aqib Ilyas,Zeeshan Maqsood,AE Paraam,6,0,,,,,,,,,
1405317,2023/24,2023-10-31,"Tribhuvan University International Cricket Ground, Kirtipur",1,13.4,Oman,Singapore,Aqib Ilyas,Zeeshan Maqsood,AE Paraam,4,0,,,,,,,,,
1405317,2023/24,2023-10-31,"Tribhuvan University International Cricket Ground, Kirtipur",1,13.5,Oman,Singapore,Aqib Ilyas,Zeeshan Maqsood,AE Paraam,0,5,5,,,,,,,,
1405317,2023/24,2023-10-31,"Tribhuvan University International Cricket Ground, Kirtipur",1,13.6,Oman,Singapore,Aqib Ilyas,Zeeshan Maqsood,AE Paraam,4,0,,,,,,,,,
1405317,2023/24,2023-10-31,"Tribhuvan University International Cricket Ground, Kirtipur",1,13.7,Oman,Singapore,Aqib Ilyas,Zeeshan Maqsood,AE Paraam,1,0,,,,,,,,,
1405317,2023/24,2023-10-31,"Tribhuvan University International Cricket Ground, Kirtipur",1,14.1,Oman,Singapore,Aqib Ilyas,Zeeshan Maqsood,TO Thilappan,1,0,,,,,,,,,
1405317,2023/24,2023-10-31,"Tribhuvan University International Cricket Ground, Kirtipur",1,14.2,Oman,Singapore,Zeeshan Maqsood,Aqib Ilyas,TO Thilappan,0,0,,,,,,,,,
1405317,2023/24,2023-10-31,"Tribhuvan University International Cricket Ground, Kirtipur",1,14.3,Oman,Singapore,Zeeshan Maqsood,Aqib Ilyas,TO Thilappan,0,0,,,,,,,,,
1405317,2023/24,2023-10-31,"Tribhuvan University International Cricket Ground, Kirtipur",1,14.4,Oman,Singapore,Zeeshan Maqsood,Aqib Ilyas,TO Thilappan,1,0,,,,,,,,,
1405317,2023/24,2023-10-31,"Tribhuvan University International Cricket Ground, Kirtipur",1,14.5,Oman,Singapore,Aqib Ilyas,Zeeshan Maqsood,TO Thilappan,1,0,,,,,,,,,
1405317,2023/24,2023-10-31,"Tribhuvan University International Cricket Ground, Kirtipur",1,14.6,Oman,Singapore,Zeeshan Maqsood,Aqib Ilyas,TO Thilappan,1,0,,,,,,,,,
1405317,2023/24,2023-10-31,"Tribhuvan University International Cricket Ground, Kirtipur",1,15.1,Oman,Singapore,Zeeshan Maqsood,Aqib Ilyas,A Chaudhary,0,0,,,,,,,,,
1405317,2023/24,2023-10-31,"Tribhuvan University International Cricket Ground, Kirtipur",1,15.2,Oman,Singapore,Zeeshan Maqsood,Aqib Ilyas,A Chaudhary,1,0,,,,,,,,,
1405317,2023/24,2023-10-31,"Tribhuvan University International Cricket Ground, Kirtipur",1,15.3,Oman,Singapore,Aqib Ilyas,Zeeshan Maqsood,A Chaudhary,4,0,,,,,,,,,
1405317,2023/24,2023-10-31,"Tribhuvan University International Cricket Ground, Kirtipur",1,15.4,Oman,Singapore,Aqib Ilyas,Zeeshan Maqsood,A Chaudhary,1,0,,,,,,,,,
1405317,2023/24,2023-10-31,"Tribhuvan University International Cricket Ground, Kirtipur",1,15.5,Oman,Singapore,Zeeshan Maqsood,Aqib Ilyas,A Chaudhary,1,0,,,,,,,,,
1405317,2023/24,2023-10-31,"Tribhuvan University International Cricket Ground, Kirtipur",1,15.6,Oman,Singapore,Aqib Ilyas,Zeeshan Maqsood,A Chaudhary,0,0,,,,,,,,,
1405317,2023/24,2023-10-31,"Tribhuvan University International Cricket Ground, Kirtipur",1,16.1,Oman,Singapore,Zeeshan Maqsood,Aqib Ilyas,Janak Prakash,0,1,1,,,,,,,,
1405317,2023/24,2023-10-31,"Tribhuvan University International Cricket Ground, Kirtipur",1,16.2,Oman,Singapore,Zeeshan Maqsood,Aqib Ilyas,Janak Prakash,0,0,,,,,,caught and bowled,Zeeshan Maqsood,,
1405317,2023/24,2023-10-31,"Tribhuvan University International Cricket Ground, Kirtipur",1,16.3,Oman,Singapore,Ayan Khan,Aqib Ilyas,Janak Prakash,1,0,,,,,,,,,
1405317,2023/24,2023-10-31,"Tribhuvan University International Cricket Ground, Kirtipur",1,16.4,Oman,Singapore,Aqib Ilyas,Ayan Khan,Janak Prakash,0,0,,,,,,,,,
1405317,2023/24,2023-10-31,"Tribhuvan University International Cricket Ground, Kirtipur",1,16.5,Oman,Singapore,Aqib Ilyas,Ayan Khan,Janak Prakash,2,0,,,,,,,,,
1405317,2023/24,2023-10-31,"Tribhuvan University International Cricket Ground, Kirtipur",1,16.6,Oman,Singapore,Aqib Ilyas,Ayan Khan,Janak Prakash,1,0,,,,,,,,,
1405317,2023/24,2023-10-31,"Tribhuvan University International Cricket Ground, Kirtipur",1,16.7,Oman,Singapore,Ayan Khan,Aqib Ilyas,Janak Prakash,1,0,,,,,,,,,
1405317,2023/24,2023-10-31,"Tribhuvan University International Cricket Ground, Kirtipur",1,17.1,Oman,Singapore,Ayan Khan,Aqib Ilyas,R Kalimuthu,1,0,,,,,,,,,
1405317,2023/24,2023-10-31,"Tribhuvan University International Cricket Ground, Kirtipur",1,17.2,Oman,Singapore,Aqib Ilyas,Ayan Khan,R Kalimuthu,1,0,,,,,,,,,
1405317,2023/24,2023-10-31,"Tribhuvan University International Cricket Ground, Kirtipur",1,17.3,Oman,Singapore,Ayan Khan,Aqib Ilyas,R Kalimuthu,4,0,,,,,,,,,
1405317,2023/24,2023-10-31,"Tribhuvan University International Cricket Ground, Kirtipur",1,17.4,Oman,Singapore,Ayan Khan,Aqib Ilyas,R Kalimuthu,2,0,,,,,,,,,
1405317,2023/24,2023-10-31,"Tribhuvan University International Cricket Ground, Kirtipur",1,17.5,Oman,Singapore,Ayan Khan,Aqib Ilyas,R Kalimuthu,0,0,,,,,,caught,Ayan Khan,,
1405317,2023/24,2023-10-31,"Tribhuvan University International Cricket Ground, Kirtipur",1,17.6,Oman,Singapore,Mehran Khan,Aqib Ilyas,R Kalimuthu,1,0,,,,,,,,,
1405317,2023/24,2023-10-31,"Tribhuvan University International Cricket Ground, Kirtipur",1,18.1,Oman,Singapore,Mehran Khan,Aqib Ilyas,Janak Prakash,0,1,,,,1,,,,,
1405317,2023/24,2023-10-31,"Tribhuvan University International Cricket Ground, Kirtipur",1,18.2,Oman,Singapore,Aqib Ilyas,Mehran Khan,Janak Prakash,2,0,,,,,,,,,
1405317,2023/24,2023-10-31,"Tribhuvan University International Cricket Ground, Kirtipur",1,18.3,Oman,Singapore,Aqib Ilyas,Mehran Khan,Janak Prakash,0,0,,,,,,caught,Aqib Ilyas,,
1405317,2023/24,2023-10-31,"Tribhuvan University International Cricket Ground, Kirtipur",1,18.4,Oman,Singapore,Mohammad Nadeem,Mehran Khan,Janak Prakash,0,0,,,,,,,,,
1405317,2023/24,2023-10-31,"Tribhuvan University International Cricket Ground, Kirtipur",1,18.5,Oman,Singapore,Mohammad Nadeem,Mehran Khan,Janak Prakash,1,0,,,,,,,,,
1405317,2023/24,2023-10-31,"Tribhuvan University International Cricket Ground, Kirtipur",1,18.6,Oman,Singapore,Mehran Khan,Mohammad Nadeem,Janak Prakash,4,0,,,,,,,,,
1405317,2023/24,2023-10-31,"Tribhuvan University International Cricket Ground, Kirtipur",1,19.1,Oman,Singapore,Mohammad Nadeem,Mehran Khan,R Kalimuthu,0,0,,,,,,,,,
1405317,2023/24,2023-10-31,"Tribhuvan University International Cricket Ground, Kirtipur",1,19.2,Oman,Singapore,Mohammad Nadeem,Mehran Khan,R Kalimuthu,1,0,,,,,,,,,
1405317,2023/24,2023-10-31,"Tribhuvan University International Cricket Ground, Kirtipur",1,19.3,Oman,Singapore,Mehran Khan,Mohammad Nadeem,R Kalimuthu,1,0,,,,,,,,,
1405317,2023/24,2023-10-31,"Tribhuvan University International Cricket Ground, Kirtipur",1,19.4,Oman,Singapore,Mohammad Nadeem,Mehran Khan,R Kalimuthu,0,0,,,,,,bowled,Mohammad Nadeem,,
1405317,2023/24,2023-10-31,"Tribhuvan University International Cricket Ground, Kirtipur",1,19.5,Oman,Singapore,Shoaib Khan,Mehran Khan,R Kalimuthu,1,0,,,,,,,,,
1405317,2023/24,2023-10-31,"Tribhuvan University International Cricket Ground, Kirtipur",1,19.6,Oman,Singapore,Mehran Khan,Shoaib Khan,R Kalimuthu,2,0,,,,,,,,,
1405317,2023/24,2023-10-31,"Tribhuvan University International Cricket Ground, Kirtipur",2,0.1,Singapore,Oman,Aritra Dutta,R Rohan,Bilal Khan,1,0,,,,,,,,,
1405317,2023/24,2023-10-31,"Tribhuvan University International Cricket Ground, Kirtipur",2,0.2,Singapore,Oman,R Rohan,Aritra Dutta,Bilal Khan,1,0,,,,,,,,,
1405317,2023/24,2023-10-31,"Tribhuvan University International Cricket Ground, Kirtipur",2,0.3,Singapore,Oman,Aritra Dutta,R Rohan,Bilal Khan,0,1,1,,,,,,,,
1405317,2023/24,2023-10-31,"Tribhuvan University International Cricket Ground, Kirtipur",2,0.4,Singapore,Oman,Aritra Dutta,R Rohan,Bilal Khan,1,0,,,,,,,,,
1405317,2023/24,2023-10-31,"Tribhuvan University International Cricket Ground, Kirtipur",2,0.5,Singapore,Oman,R Rohan,Aritra Dutta,Bilal Khan,0,0,,,,,,,,,
1405317,2023/24,2023-10-31,"Tribhuvan University International Cricket Ground, Kirtipur",2,0.6,Singapore,Oman,R Rohan,Aritra Dutta,Bilal Khan,0,0,,,,,,,,,
1405317,2023/24,2023-10-31,"Tribhuvan University International Cricket Ground, Kirtipur",2,0.7,Singapore,Oman,R Rohan,Aritra Dutta,Bilal Khan,0,0,,,,,,,,,
1405317,2023/24,2023-10-31,"Tribhuvan University International Cricket Ground, Kirtipur",2,1.1,Singapore,Oman,Aritra Dutta,R Rohan,Fayyaz Butt,1,0,,,,,,,,,
1405317,2023/24,2023-10-31,"Tribhuvan University International Cricket Ground, Kirtipur",2,1.2,Singapore,Oman,R Rohan,Aritra Dutta,Fayyaz Butt,2,0,,,,,,,,,
1405317,2023/24,2023-10-31,"Tribhuvan University International Cricket Ground, Kirtipur",2,1.3,Singapore,Oman,R Rohan,Aritra Dutta,Fayyaz Butt,0,0,,,,,,,,,
1405317,2023/24,2023-10-31,"Tribhuvan University International Cricket Ground, Kirtipur",2,1.4,Singapore,Oman,R Rohan,Aritra Dutta,Fayyaz Butt,0,0,,,,,,,,,
1405317,2023/24,2023-10-31,"Tribhuvan University International Cricket Ground, Kirtipur",2,1.5,Singapore,Oman,R Rohan,Aritra Dutta,Fayyaz Butt,1,0,,,,,,,,,
1405317,2023/24,2023-10-31,"Tribhuvan University International Cricket Ground, Kirtipur",2,1.6,Singapore,Oman,Aritra Dutta,R Rohan,Fayyaz Butt,0,0,,,,,,,,,
1405317,2023/24,2023-10-31,"Tribhuvan University International Cricket Ground, Kirtipur",2,2.1,Singapore,Oman,R Rohan,Aritra Dutta,Bilal Khan,0,0,,,,,,,,,
1405317,2023/24,2023-10-31,"Tribhuvan University International Cricket Ground, Kirtipur",2,2.2,Singapore,Oman,R Rohan,Aritra Dutta,Bilal Khan,0,0,,,,,,,,,
1405317,2023/24,2023-10-31,"Tribhuvan University International Cricket Ground, Kirtipur",2,2.3,Singapore,Oman,R Rohan,Aritra Dutta,Bilal Khan,1,0,,,,,,,,,
1405317,2023/24,2023-10-31,"Tribhuvan University International Cricket Ground, Kirtipur",2,2.4,Singapore,Oman,Aritra Dutta,R Rohan,Bilal Khan,4,0,,,,,,,,,
1405317,2023/24,2023-10-31,"Tribhuvan University International Cricket Ground, Kirtipur",2,2.5,Singapore,Oman,Aritra Dutta,R Rohan,Bilal Khan,0,0,,,,,,,,,
1405317,2023/24,2023-10-31,"Tribhuvan University International Cricket Ground, Kirtipur",2,2.6,Singapore,Oman,Aritra Dutta,R Rohan,Bilal Khan,6,0,,,,,,,,,
1405317,2023/24,2023-10-31,"Tribhuvan University International Cricket Ground, Kirtipur",2,3.1,Singapore,Oman,R Rohan,Aritra Dutta,Shakeel Ahmed,1,0,,,,,,,,,
1405317,2023/24,2023-10-31,"Tribhuvan University International Cricket Ground, Kirtipur",2,3.2,Singapore,Oman,Aritra Dutta,R Rohan,Shakeel Ahmed,0,4,,,,4,,,,,
1405317,2023/24,2023-10-31,"Tribhuvan University International Cricket Ground, Kirtipur",2,3.3,Singapore,Oman,Aritra Dutta,R Rohan,Shakeel Ahmed,0,0,,,,,,bowled,Aritra Dutta,,
1405317,2023/24,2023-10-31,"Tribhuvan University International Cricket Ground, Kirtipur",2,3.4,Singapore,Oman,AE Paraam,R Rohan,Shakeel Ahmed,0,0,,,,,,,,,
1405317,2023/24,2023-10-31,"Tribhuvan University International Cricket Ground, Kirtipur",2,3.5,Singapore,Oman,AE Paraam,R Rohan,Shakeel Ahmed,0,0,,,,,,,,,
1405317,2023/24,2023-10-31,"Tribhuvan University International Cricket Ground, Kirtipur",2,3.6,Singapore,Oman,AE Paraam,R Rohan,Shakeel Ahmed,0,0,,,,,,,,,
1405317,2023/24,2023-10-31,"Tribhuvan University International Cricket Ground, Kirtipur",2,4.1,Singapore,Oman,R Rohan,AE Paraam,Fayyaz Butt,1,0,,,,,,,,,
1405317,2023/24,2023-10-31,"Tribhuvan University International Cricket Ground, Kirtipur",2,4.2,Singapore,Oman,AE Paraam,R Rohan,Fayyaz Butt,0,0,,,,,,,,,
1405317,2023/24,2023-10-31,"Tribhuvan University International Cricket Ground, Kirtipur",2,4.3,Singapore,Oman,AE Paraam,R Rohan,Fayyaz Butt,1,0,,,,,,,,,
1405317,2023/24,2023-10-31,"Tribhuvan University International Cricket Ground, Kirtipur",2,4.4,Singapore,Oman,R Rohan,AE Paraam,Fayyaz Butt,4,0,,,,,,,,,
1405317,2023/24,2023-10-31,"Tribhuvan University International Cricket Ground, Kirtipur",2,4.5,Singapore,Oman,R Rohan,AE Paraam,Fayyaz Butt,1,0,,,,,,,,,
1405317,2023/24,2023-10-31,"Tribhuvan University International Cricket Ground, Kirtipur",2,4.6,Singapore,Oman,AE Paraam,R Rohan,Fayyaz Butt,1,0,,,,,,,,,
1405317,2023/24,2023-10-31,"Tribhuvan University International Cricket Ground, Kirtipur",2,5.1,Singapore,Oman,AE Paraam,R Rohan,Shakeel Ahmed,0,0,,,,,,,,,
1405317,2023/24,2023-10-31,"Tribhuvan University International Cricket Ground, Kirtipur",2,5.2,Singapore,Oman,AE Paraam,R Rohan,Shakeel Ahmed,4,0,,,,,,,,,
1405317,2023/24,2023-10-31,"Tribhuvan University International Cricket Ground, Kirtipur",2,5.3,Singapore,Oman,AE Paraam,R Rohan,Shakeel Ahmed,4,0,,,,,,,,,
1405317,2023/24,2023-10-31,"Tribhuvan University International Cricket Ground, Kirtipur",2,5.4,Singapore,Oman,AE Paraam,R Rohan,Shakeel Ahmed,1,0,,,,,,,,,
1405317,2023/24,2023-10-31,"Tribhuvan University International Cricket Ground, Kirtipur",2,5.5,Singapore,Oman,R Rohan,AE Paraam,Shakeel Ahmed,0,0,,,,,,,,,
1405317,2023/24,2023-10-31,"Tribhuvan University International Cricket Ground, Kirtipur",2,5.6,Singapore,Oman,R Rohan,AE Paraam,Shakeel Ahmed,0,0,,,,,,,,,
1405317,2023/24,2023-10-31,"Tribhuvan University International Cricket Ground, Kirtipur",2,6.1,Singapore,Oman,AE Paraam,R Rohan,Zeeshan Maqsood,1,0,,,,,,,,,
1405317,2023/24,2023-10-31,"Tribhuvan University International Cricket Ground, Kirtipur",2,6.2,Singapore,Oman,R Rohan,AE Paraam,Zeeshan Maqsood,0,0,,,,,,stumped,R Rohan,,
1405317,2023/24,2023-10-31,"Tribhuvan University International Cricket Ground, Kirtipur",2,6.3,Singapore,Oman,S Chandramohan,AE Paraam,Zeeshan Maqsood,0,0,,,,,,,,,
1405317,2023/24,2023-10-31,"Tribhuvan University International Cricket Ground, Kirtipur",2,6.4,Singapore,Oman,S Chandramohan,AE Paraam,Zeeshan Maqsood,0,0,,,,,,,,,
1405317,2023/24,2023-10-31,"Tribhuvan University International Cricket Ground, Kirtipur",2,6.5,Singapore,Oman,S Chandramohan,AE Paraam,Zeeshan Maqsood,0,0,,,,,,,,,
1405317,2023/24,2023-10-31,"Tribhuvan University International Cricket Ground, Kirtipur",2,6.6,Singapore,Oman,S Chandramohan,AE Paraam,Zeeshan Maqsood,1,0,,,,,,,,,
1405317,2023/24,2023-10-31,"Tribhuvan University International Cricket Ground, Kirtipur",2,7.1,Singapore,Oman,S Chandramohan,AE Paraam,Shakeel Ahmed,0,0,,,,,,,,,
1405317,2023/24,2023-10-31,"Tribhuvan University International Cricket Ground, Kirtipur",2,7.2,Singapore,Oman,S Chandramohan,AE Paraam,Shakeel Ahmed,0,0,,,,,,,,,
1405317,2023/24,2023-10-31,"Tribhuvan University International Cricket Ground, Kirtipur",2,7.3,Singapore,Oman,S Chandramohan,AE Paraam,Shakeel Ahmed,0,0,,,,,,,,,
1405317,2023/24,2023-10-31,"Tribhuvan University International Cricket Ground, Kirtipur",2,7.4,Singapore,Oman,S Chandramohan,AE Paraam,Shakeel Ahmed,0,0,,,,,,,,,
1405317,2023/24,2023-10-31,"Tribhuvan University International Cricket Ground, Kirtipur",2,7.5,Singapore,Oman,S Chandramohan,AE Paraam,Shakeel Ahmed,0,2,,,,2,,,,,
1405317,2023/24,2023-10-31,"Tribhuvan University International Cricket Ground, Kirtipur",2,7.6,Singapore,Oman,S Chandramohan,AE Paraam,Shakeel Ahmed,1,0,,,,,,,,,
1405317,2023/24,2023-10-31,"Tribhuvan University International Cricket Ground, Kirtipur",2,8.1,Singapore,Oman,S Chandramohan,AE Paraam,Zeeshan Maqsood,6,0,,,,,,,,,
1405317,2023/24,2023-10-31,"Tribhuvan University International Cricket Ground, Kirtipur",2,8.2,Singapore,Oman,S Chandramohan,AE Paraam,Zeeshan Maqsood,1,0,,,,,,,,,
1405317,2023/24,2023-10-31,"Tribhuvan University International Cricket Ground, Kirtipur",2,8.3,Singapore,Oman,AE Paraam,S Chandramohan,Zeeshan Maqsood,1,0,,,,,,,,,
1405317,2023/24,2023-10-31,"Tribhuvan University International Cricket Ground, Kirtipur",2,8.4,Singapore,Oman,S Chandramohan,AE Paraam,Zeeshan Maqsood,4,0,,,,,,,,,
1405317,2023/24,2023-10-31,"Tribhuvan University International Cricket Ground, Kirtipur",2,8.5,Singapore,Oman,S Chandramohan,AE Paraam,Zeeshan Maqsood,0,0,,,,,,,,,
1405317,2023/24,2023-10-31,"Tribhuvan University International Cricket Ground, Kirtipur",2,8.6,Singapore,Oman,S Chandramohan,AE Paraam,Zeeshan Maqsood,4,0,,,,,,,,,
1405317,2023/24,2023-10-31,"Tribhuvan University International Cricket Ground, Kirtipur",2,9.1,Singapore,Oman,AE Paraam,S Chandramohan,Shakeel Ahmed,2,0,,,,,,,,,
1405317,2023/24,2023-10-31,"Tribhuvan University International Cricket Ground, Kirtipur",2,9.2,Singapore,Oman,AE Paraam,S Chandramohan,Shakeel Ahmed,4,0,,,,,,,,,
1405317,2023/24,2023-10-31,"Tribhuvan University International Cricket Ground, Kirtipur",2,9.3,Singapore,Oman,AE Paraam,S Chandramohan,Shakeel Ahmed,1,0,,,,,,,,,
1405317,2023/24,2023-10-31,"Tribhuvan University International Cricket Ground, Kirtipur",2,9.4,Singapore,Oman,S Chandramohan,AE Paraam,Shakeel Ahmed,1,0,,,,,,,,,
1405317,2023/24,2023-10-31,"Tribhuvan University International Cricket Ground, Kirtipur",2,9.5,Singapore,Oman,AE Paraam,S Chandramohan,Shakeel Ahmed,1,0,,,,,,,,,
1405317,2023/24,2023-10-31,"Tribhuvan University International Cricket Ground, Kirtipur",2,9.6,Singapore,Oman,S Chandramohan,AE Paraam,Shakeel Ahmed,0,1,1,,,,,,,,
1405317,2023/24,2023-10-31,"Tribhuvan University International Cricket Ground, Kirtipur",2,9.7,Singapore,Oman,S Chandramohan,AE Paraam,Shakeel Ahmed,0,0,,,,,,,,,
1405317,2023/24,2023-10-31,"Tribhuvan University International Cricket Ground, Kirtipur",2,10.1,Singapore,Oman,AE Paraam,S Chandramohan,Aqib Ilyas,0,0,,,,,,,,,
1405317,2023/24,2023-10-31,"Tribhuvan University International Cricket Ground, Kirtipur",2,10.2,Singapore,Oman,AE Paraam,S Chandramohan,Aqib Ilyas,0,0,,,,,,,,,
1405317,2023/24,2023-10-31,"Tribhuvan University International Cricket Ground, Kirtipur",2,10.3,Singapore,Oman,AE Paraam,S Chandramohan,Aqib Ilyas,0,0,,,,,,,,,
1405317,2023/24,2023-10-31,"Tribhuvan University International Cricket Ground, Kirtipur",2,10.4,Singapore,Oman,AE Paraam,S Chandramohan,Aqib Ilyas,0,0,,,,,,,,,
1405317,2023/24,2023-10-31,"Tribhuvan University International Cricket Ground, Kirtipur",2,10.5,Singapore,Oman,AE Paraam,S Chandramohan,Aqib Ilyas,1,0,,,,,,,,,
1405317,2023/24,2023-10-31,"Tribhuvan University International Cricket Ground, Kirtipur",2,10.6,Singapore,Oman,S Chandramohan,AE Paraam,Aqib Ilyas,0,0,,,,,,,,,
1405317,2023/24,2023-10-31,"Tribhuvan University International Cricket Ground, Kirtipur",2,11.1,Singapore,Oman,AE Paraam,S Chandramohan,Mohammad Nadeem,4,0,,,,,,,,,
1405317,2023/24,2023-10-31,"Tribhuvan University International Cricket Ground, Kirtipur",2,11.2,Singapore,Oman,AE Paraam,S Chandramohan,Mohammad Nadeem,0,0,,,,,,caught,AE Paraam,,
1405317,2023/24,2023-10-31,"Tribhuvan University International Cricket Ground, Kirtipur",2,11.3,Singapore,Oman,Manpreet Singh,S Chandramohan,Mohammad Nadeem,0,0,,,,,,,,,
1405317,2023/24,2023-10-31,"Tribhuvan University International Cricket Ground, Kirtipur",2,11.4,Singapore,Oman,Manpreet Singh,S Chandramohan,Mohammad Nadeem,1,0,,,,,,,,,
1405317,2023/24,2023-10-31,"Tribhuvan University International Cricket Ground, Kirtipur",2,11.5,Singapore,Oman,S Chandramohan,Manpreet Singh,Mohammad Nadeem,0,0,,,,,,,,,
1405317,2023/24,2023-10-31,"Tribhuvan University International Cricket Ground, Kirtipur",2,11.6,Singapore,Oman,S Chandramohan,Manpreet Singh,Mohammad Nadeem,4,0,,,,,,,,,
1405317,2023/24,2023-10-31,"Tribhuvan University International Cricket Ground, Kirtipur",2,12.1,Singapore,Oman,Manpreet Singh,S Chandramohan,Aqib Ilyas,1,0,,,,,,,,,
1405317,2023/24,2023-10-31,"Tribhuvan University International Cricket Ground, Kirtipur",2,12.2,Singapore,Oman,S Chandramohan,Manpreet Singh,Aqib Ilyas,2,0,,,,,,,,,
1405317,2023/24,2023-10-31,"Tribhuvan University International Cricket Ground, Kirtipur",2,12.3,Singapore,Oman,S Chandramohan,Manpreet Singh,Aqib Ilyas,0,0,,,,,,,,,
1405317,2023/24,2023-10-31,"Tribhuvan University International Cricket Ground, Kirtipur",2,12.4,Singapore,Oman,S Chandramohan,Manpreet Singh,Aqib Ilyas,0,0,,,,,,,,,
1405317,2023/24,2023-10-31,"Tribhuvan University International Cricket Ground, Kirtipur",2,12.5,Singapore,Oman,S Chandramohan,Manpreet Singh,Aqib Ilyas,1,0,,,,,,,,,
1405317,2023/24,2023-10-31,"Tribhuvan University International Cricket Ground, Kirtipur",2,12.6,Singapore,Oman,Manpreet Singh,S Chandramohan,Aqib Ilyas,1,0,,,,,,,,,
1405317,2023/24,2023-10-31,"Tribhuvan University International Cricket Ground, Kirtipur",2,13.1,Singapore,Oman,Manpreet Singh,S Chandramohan,Mohammad Nadeem,1,0,,,,,,,,,
1405317,2023/24,2023-10-31,"Tribhuvan University International Cricket Ground, Kirtipur",2,13.2,Singapore,Oman,S Chandramohan,Manpreet Singh,Mohammad Nadeem,6,0,,,,,,,,,
1405317,2023/24,2023-10-31,"Tribhuvan University International Cricket Ground, Kirtipur",2,13.3,Singapore,Oman,S Chandramohan,Manpreet Singh,Mohammad Nadeem,4,0,,,,,,,,,
1405317,2023/24,2023-10-31,"Tribhuvan University International Cricket Ground, Kirtipur",2,13.4,Singapore,Oman,S Chandramohan,Manpreet Singh,Mohammad Nadeem,0,0,,,,,,,,,
1405317,2023/24,2023-10-31,"Tribhuvan University International Cricket Ground, Kirtipur",2,13.5,Singapore,Oman,S Chandramohan,Manpreet Singh,Mohammad Nadeem,0,1,1,,,,,,,,
1405317,2023/24,2023-10-31,"Tribhuvan University International Cricket Ground, Kirtipur",2,13.6,Singapore,Oman,S Chandramohan,Manpreet Singh,Mohammad Nadeem,0,0,,,,,,,,,
1405317,2023/24,2023-10-31,"Tribhuvan University International Cricket Ground, Kirtipur",2,13.7,Singapore,Oman,S Chandramohan,Manpreet Singh,Mohammad Nadeem,0,0,,,,,,,,,
1405317,2023/24,2023-10-31,"Tribhuvan University International Cricket Ground, Kirtipur",2,14.1,Singapore,Oman,Manpreet Singh,S Chandramohan,Aqib Ilyas,1,0,,,,,,,,,
1405317,2023/24,2023-10-31,"Tribhuvan University International Cricket Ground, Kirtipur",2,14.2,Singapore,Oman,S Chandramohan,Manpreet Singh,Aqib Ilyas,6,0,,,,,,,,,
1405317,2023/24,2023-10-31,"Tribhuvan University International Cricket Ground, Kirtipur",2,14.3,Singapore,Oman,S Chandramohan,Manpreet Singh,Aqib Ilyas,0,0,,,,,,hit wicket,S Chandramohan,,
1405317,2023/24,2023-10-31,"Tribhuvan University International Cricket Ground, Kirtipur",2,14.4,Singapore,Oman,Janak Prakash,Manpreet Singh,Aqib Ilyas,0,0,,,,,,,,,
1405317,2023/24,2023-10-31,"Tribhuvan University International Cricket Ground, Kirtipur",2,14.5,Singapore,Oman,Janak Prakash,Manpreet Singh,Aqib Ilyas,1,0,,,,,,,,,
1405317,2023/24,2023-10-31,"Tribhuvan University International Cricket Ground, Kirtipur",2,14.6,Singapore,Oman,Manpreet Singh,Janak Prakash,Aqib Ilyas,2,0,,,,,,,,,
1405317,2023/24,2023-10-31,"Tribhuvan University International Cricket Ground, Kirtipur",2,15.1,Singapore,Oman,Janak Prakash,Manpreet Singh,Fayyaz Butt,0,0,,,,,,caught,Janak Prakash,,
1405317,2023/24,2023-10-31,"Tribhuvan University International Cricket Ground, Kirtipur",2,15.2,Singapore,Oman,TO Thilappan,Manpreet Singh,Fayyaz Butt,0,0,,,,,,,,,
1405317,2023/24,2023-10-31,"Tribhuvan University International Cricket Ground, Kirtipur",2,15.3,Singapore,Oman,TO Thilappan,Manpreet Singh,Fayyaz Butt,0,0,,,,,,,,,
1405317,2023/24,2023-10-31,"Tribhuvan University International Cricket Ground, Kirtipur",2,15.4,Singapore,Oman,TO Thilappan,Manpreet Singh,Fayyaz Butt,0,0,,,,,,bowled,TO Thilappan,,
1405317,2023/24,2023-10-31,"Tribhuvan University International Cricket Ground, Kirtipur",2,15.5,Singapore,Oman,A Chaudhary,Manpreet Singh,Fayyaz Butt,0,0,,,,,,,,,
1405317,2023/24,2023-10-31,"Tribhuvan University International Cricket Ground, Kirtipur",2,15.6,Singapore,Oman,A Chaudhary,Manpreet Singh,Fayyaz Butt,1,0,,,,,,,,,
1405317,2023/24,2023-10-31,"Tribhuvan University International Cricket Ground, Kirtipur",2,16.1,Singapore,Oman,A Chaudhary,Manpreet Singh,Aqib Ilyas,0,0,,,,,,,,,
1405317,2023/24,2023-10-31,"Tribhuvan University International Cricket Ground, Kirtipur",2,16.2,Singapore,Oman,A Chaudhary,Manpreet Singh,Aqib Ilyas,1,0,,,,,,,,,
1405317,2023/24,2023-10-31,"Tribhuvan University International Cricket Ground, Kirtipur",2,16.3,Singapore,Oman,Manpreet Singh,A Chaudhary,Aqib Ilyas,6,0,,,,,,,,,
1405317,2023/24,2023-10-31,"Tribhuvan University International Cricket Ground, Kirtipur",2,16.4,Singapore,Oman,Manpreet Singh,A Chaudhary,Aqib Ilyas,2,0,,,,,,,,,
1405317,2023/24,2023-10-31,"Tribhuvan University International Cricket Ground, Kirtipur",2,16.5,Singapore,Oman,Manpreet Singh,A Chaudhary,Aqib Ilyas,6,0,,,,,,,,,
1405317,2023/24,2023-10-31,"Tribhuvan University International Cricket Ground, Kirtipur",2,16.6,Singapore,Oman,Manpreet Singh,A Chaudhary,Aqib Ilyas,1,0,,,,,,,,,
1405317,2023/24,2023-10-31,"Tribhuvan University International Cricket Ground, Kirtipur",2,17.1,Singapore,Oman,Manpreet Singh,A Chaudhary,Bilal Khan,1,0,,,,,,,,,
1405317,2023/24,2023-10-31,"Tribhuvan University International Cricket Ground, Kirtipur",2,17.2,Singapore,Oman,A Chaudhary,Manpreet Singh,Bilal Khan,0,5,,1,4,,,,,,
1405317,2023/24,2023-10-31,"Tribhuvan University International Cricket Ground, Kirtipur",2,17.3,Singapore,Oman,A Chaudhary,Manpreet Singh,Bilal Khan,0,1,,,1,,,,,,
1405317,2023/24,2023-10-31,"Tribhuvan University International Cricket Ground, Kirtipur",2,17.4,Singapore,Oman,Manpreet Singh,A Chaudhary,Bilal Khan,2,0,,,,,,,,,
1405317,2023/24,2023-10-31,"Tribhuvan University International Cricket Ground, Kirtipur",2,17.5,Singapore,Oman,Manpreet Singh,A Chaudhary,Bilal Khan,1,0,,,,,,,,,
1405317,2023/24,2023-10-31,"Tribhuvan University International Cricket Ground, Kirtipur",2,17.6,Singapore,Oman,A Chaudhary,Manpreet Singh,Bilal Khan,0,0,,,,,,,,,
1405317,2023/24,2023-10-31,"Tribhuvan University International Cricket Ground, Kirtipur",2,17.7,Singapore,Oman,A Chaudhary,Manpreet Singh,Bilal Khan,0,1,,,,1,,,,,
1405317,2023/24,2023-10-31,"Tribhuvan University International Cricket Ground, Kirtipur",2,18.1,Singapore,Oman,A Chaudhary,Manpreet Singh,Fayyaz Butt,0,1,,,1,,,,,,
1405317,2023/24,2023-10-31,"Tribhuvan University International Cricket Ground, Kirtipur",2,18.2,Singapore,Oman,Manpreet Singh,A Chaudhary,Fayyaz Butt,0,1,1,,,,,,,,
1405317,2023/24,2023-10-31,"Tribhuvan University International Cricket Ground, Kirtipur",2,18.3,Singapore,Oman,Manpreet Singh,A Chaudhary,Fayyaz Butt,0,1,1,,,,,,,,
1405317,2023/24,2023-10-31,"Tribhuvan University International Cricket Ground, Kirtipur",2,18.4,Singapore,Oman,Manpreet Singh,A Chaudhary,Fayyaz Butt,0,0,,,,,,,,,
1405317,2023/24,2023-10-31,"Tribhuvan University International Cricket Ground, Kirtipur",2,18.5,Singapore,Oman,Manpreet Singh,A Chaudhary,Fayyaz Butt,0,1,1,,,,,,,,
1405317,2023/24,2023-10-31,"Tribhuvan University International Cricket Ground, Kirtipur",2,18.6,Singapore,Oman,Manpreet Singh,A Chaudhary,Fayyaz Butt,2,0,,,,,,,,,
1405317,2023/24,2023-10-31,"Tribhuvan University International Cricket Ground, Kirtipur",2,18.7,Singapore,Oman,Manpreet Singh,A Chaudhary,Fayyaz Butt,2,0,,,,,,,,,
1405317,2023/24,2023-10-31,"Tribhuvan University International Cricket Ground, Kirtipur",2,18.8,Singapore,Oman,Manpreet Singh,A Chaudhary,Fayyaz Butt,0,0,,,,,,,,,
1405317,2023/24,2023-10-31,"Tribhuvan University International Cricket Ground, Kirtipur",2,18.9,Singapore,Oman,Manpreet Singh,A Chaudhary,Fayyaz Butt,1,0,,,,,,,,,
1405317,2023/24,2023-10-31,"Tribhuvan University International Cricket Ground, Kirtipur",2,19.1,Singapore,Oman,Manpreet Singh,A Chaudhary,Bilal Khan,0,0,,,,,,bowled,Manpreet Singh,,
1405317,2023/24,2023-10-31,"Tribhuvan University International Cricket Ground, Kirtipur",2,19.2,Singapore,Oman,A Krishna,A Chaudhary,Bilal Khan,1,0,,,,,,,,,
1405317,2023/24,2023-10-31,"Tribhuvan University International Cricket Ground, Kirtipur",2,19.3,Singapore,Oman,A Chaudhary,A Krishna,Bilal Khan,0,0,,,,,,,,,
1405317,2023/24,2023-10-31,"Tribhuvan University International Cricket Ground, Kirtipur",2,19.4,Singapore,Oman,A Chaudhary,A Krishna,Bilal Khan,0,0,,,,,,bowled,A Chaudhary,,
1405317,2023/24,2023-10-31,"Tribhuvan University International Cricket Ground, Kirtipur",2,19.5,Singapore,Oman,R Kalimuthu,A Krishna,Bilal Khan,1,0,,,,,,,,,
1405317,2023/24,2023-10-31,"Tribhuvan University International Cricket Ground, Kirtipur",2,19.6,Singapore,Oman,A Krishna,R Kalimuthu,Bilal Khan,4,0,,,,,,,,,
