match_id,season,start_date,venue,innings,ball,batting_team,bowling_team,striker,non_striker,bowler,runs_off_bat,extras,wides,noballs,byes,legbyes,penalty,wicket_type,player_dismissed,other_wicket_type,other_player_dismissed
1405314,2023/24,2023-10-30,"Tribhuvan University International Cricket Ground, Kirtipur",1,0.1,Singapore,Nepal,Aritra Dutta,R Rohan,Karan KC,0,0,,,,,,,,,
1405314,2023/24,2023-10-30,"Tribhuvan University International Cricket Ground, Kirtipur",1,0.2,Singapore,Nepal,Aritra Dutta,R Rohan,Karan KC,0,0,,,,,,caught,Aritra Dutta,,
1405314,2023/24,2023-10-30,"Tribhuvan University International Cricket Ground, Kirtipur",1,0.3,Singapore,Nepal,S Chandramohan,R Rohan,Karan KC,3,0,,,,,,,,,
1405314,2023/24,2023-10-30,"Tribhuvan University International Cricket Ground, Kirtipur",1,0.4,Singapore,Nepal,R Rohan,S Chandramohan,Karan KC,4,0,,,,,,,,,
1405314,2023/24,2023-10-30,"Tribhuvan University International Cricket Ground, Kirtipur",1,0.5,Singapore,Nepal,R Rohan,S Chandramohan,Karan KC,0,0,,,,,,,,,
1405314,2023/24,2023-10-30,"Tribhuvan University International Cricket Ground, Kirtipur",1,0.6,Singapore,Nepal,R Rohan,S Chandramohan,Karan KC,4,0,,,,,,,,,
1405314,2023/24,2023-10-30,"Tribhuvan University International Cricket Ground, Kirtipur",1,1.1,Singapore,Nepal,S Chandramohan,R Rohan,Sompal Kami,0,0,,,,,,,,,
1405314,2023/24,2023-10-30,"Tribhuvan University International Cricket Ground, Kirtipur",1,1.2,Singapore,Nepal,S Chandramohan,R Rohan,Sompal Kami,1,0,,,,,,,,,
1405314,2023/24,2023-10-30,"Tribhuvan University International Cricket Ground, Kirtipur",1,1.3,Singapore,Nepal,R Rohan,S Chandramohan,Sompal Kami,0,0,,,,,,,,,
1405314,2023/24,2023-10-30,"Tribhuvan University International Cricket Ground, Kirtipur",1,1.4,Singapore,Nepal,R Rohan,S Chandramohan,Sompal Kami,0,0,,,,,,,,,
1405314,2023/24,2023-10-30,"Tribhuvan University International Cricket Ground, Kirtipur",1,1.5,Singapore,Nepal,R Rohan,S Chandramohan,Sompal Kami,0,0,,,,,,,,,
1405314,2023/24,2023-10-30,"Tribhuvan University International Cricket Ground, Kirtipur",1,1.6,Singapore,Nepal,R Rohan,S Chandramohan,Sompal Kami,1,0,,,,,,,,,
1405314,2023/24,2023-10-30,"Tribhuvan University International Cricket Ground, Kirtipur",1,2.1,Singapore,Nepal,R Rohan,S Chandramohan,Karan KC,4,0,,,,,,,,,
1405314,2023/24,2023-10-30,"Tribhuvan University International Cricket Ground, Kirtipur",1,2.2,Singapore,Nepal,R Rohan,S Chandramohan,Karan KC,0,0,,,,,,,,,
1405314,2023/24,2023-10-30,"Tribhuvan University International Cricket Ground, Kirtipur",1,2.3,Singapore,Nepal,R Rohan,S Chandramohan,Karan KC,4,0,,,,,,,,,
1405314,2023/24,2023-10-30,"Tribhuvan University International Cricket Ground, Kirtipur",1,2.4,Singapore,Nepal,R Rohan,S Chandramohan,Karan KC,0,0,,,,,,,,,
1405314,2023/24,2023-10-30,"Tribhuvan University International Cricket Ground, Kirtipur",1,2.5,Singapore,Nepal,R Rohan,S Chandramohan,Karan KC,0,0,,,,,,,,,
1405314,2023/24,2023-10-30,"Tribhuvan University International Cricket Ground, Kirtipur",1,2.6,Singapore,Nepal,R Rohan,S Chandramohan,Karan KC,0,0,,,,,,,,,
1405314,2023/24,2023-10-30,"Tribhuvan University International Cricket Ground, Kirtipur",1,3.1,Singapore,Nepal,S Chandramohan,R Rohan,Sompal Kami,0,0,,,,,,,,,
1405314,2023/24,2023-10-30,"Tribhuvan University International Cricket Ground, Kirtipur",1,3.2,Singapore,Nepal,S Chandramohan,R Rohan,Sompal Kami,0,0,,,,,,,,,
1405314,2023/24,2023-10-30,"Tribhuvan University International Cricket Ground, Kirtipur",1,3.3,Singapore,Nepal,S Chandramohan,R Rohan,Sompal Kami,0,0,,,,,,,,,
1405314,2023/24,2023-10-30,"Tribhuvan University International Cricket Ground, Kirtipur",1,3.4,Singapore,Nepal,S Chandramohan,R Rohan,Sompal Kami,1,0,,,,,,,,,
1405314,2023/24,2023-10-30,"Tribhuvan University International Cricket Ground, Kirtipur",1,3.5,Singapore,Nepal,R Rohan,S Chandramohan,Sompal Kami,0,0,,,,,,,,,
1405314,2023/24,2023-10-30,"Tribhuvan University International Cricket Ground, Kirtipur",1,3.6,Singapore,Nepal,R Rohan,S Chandramohan,Sompal Kami,1,0,,,,,,,,,
1405314,2023/24,2023-10-30,"Tribhuvan University International Cricket Ground, Kirtipur",1,4.1,Singapore,Nepal,R Rohan,S Chandramohan,A Bohara,4,0,,,,,,,,,
1405314,2023/24,2023-10-30,"Tribhuvan University International Cricket Ground, Kirtipur",1,4.2,Singapore,Nepal,R Rohan,S Chandramohan,A Bohara,6,0,,,,,,,,,
1405314,2023/24,2023-10-30,"Tribhuvan University International Cricket Ground, Kirtipur",1,4.3,Singapore,Nepal,R Rohan,S Chandramohan,A Bohara,4,0,,,,,,,,,
1405314,2023/24,2023-10-30,"Tribhuvan University International Cricket Ground, Kirtipur",1,4.4,Singapore,Nepal,R Rohan,S Chandramohan,A Bohara,4,0,,,,,,,,,
1405314,2023/24,2023-10-30,"Tribhuvan University International Cricket Ground, Kirtipur",1,4.5,Singapore,Nepal,R Rohan,S Chandramohan,A Bohara,0,0,,,,,,,,,
1405314,2023/24,2023-10-30,"Tribhuvan University International Cricket Ground, Kirtipur",1,4.6,Singapore,Nepal,R Rohan,S Chandramohan,A Bohara,4,0,,,,,,,,,
1405314,2023/24,2023-10-30,"Tribhuvan University International Cricket Ground, Kirtipur",1,5.1,Singapore,Nepal,S Chandramohan,R Rohan,Sompal Kami,0,0,,,,,,,,,
1405314,2023/24,2023-10-30,"Tribhuvan University International Cricket Ground, Kirtipur",1,5.2,Singapore,Nepal,S Chandramohan,R Rohan,Sompal Kami,1,0,,,,,,,,,
1405314,2023/24,2023-10-30,"Tribhuvan University International Cricket Ground, Kirtipur",1,5.3,Singapore,Nepal,R Rohan,S Chandramohan,Sompal Kami,4,0,,,,,,,,,
1405314,2023/24,2023-10-30,"Tribhuvan University International Cricket Ground, Kirtipur",1,5.4,Singapore,Nepal,R Rohan,S Chandramohan,Sompal Kami,0,0,,,,,,,,,
1405314,2023/24,2023-10-30,"Tribhuvan University International Cricket Ground, Kirtipur",1,5.5,Singapore,Nepal,R Rohan,S Chandramohan,Sompal Kami,0,0,,,,,,,,,
1405314,2023/24,2023-10-30,"Tribhuvan University International Cricket Ground, Kirtipur",1,5.6,Singapore,Nepal,R Rohan,S Chandramohan,Sompal Kami,1,0,,,,,,,,,
1405314,2023/24,2023-10-30,"Tribhuvan University International Cricket Ground, Kirtipur",1,6.1,Singapore,Nepal,R Rohan,S Chandramohan,S Lamichhane,0,0,,,,,,,,,
1405314,2023/24,2023-10-30,"Tribhuvan University International Cricket Ground, Kirtipur",1,6.2,Singapore,Nepal,R Rohan,S Chandramohan,S Lamichhane,0,0,,,,,,,,,
1405314,2023/24,2023-10-30,"Tribhuvan University International Cricket Ground, Kirtipur",1,6.3,Singapore,Nepal,R Rohan,S Chandramohan,S Lamichhane,0,0,,,,,,,,,
1405314,2023/24,2023-10-30,"Tribhuvan University International Cricket Ground, Kirtipur",1,6.4,Singapore,Nepal,R Rohan,S Chandramohan,S Lamichhane,1,0,,,,,,,,,
1405314,2023/24,2023-10-30,"Tribhuvan University International Cricket Ground, Kirtipur",1,6.5,Singapore,Nepal,S Chandramohan,R Rohan,S Lamichhane,0,0,,,,,,bowled,S Chandramohan,,
1405314,2023/24,2023-10-30,"Tribhuvan University International Cricket Ground, Kirtipur",1,6.6,Singapore,Nepal,A Kaul,R Rohan,S Lamichhane,0,0,,,,,,,,,
1405314,2023/24,2023-10-30,"Tribhuvan University International Cricket Ground, Kirtipur",1,7.1,Singapore,Nepal,R Rohan,A Kaul,Gulsan Jha,0,1,1,,,,,,,,
1405314,2023/24,2023-10-30,"Tribhuvan University International Cricket Ground, Kirtipur",1,7.2,Singapore,Nepal,R Rohan,A Kaul,Gulsan Jha,0,0,,,,,,caught,R Rohan,,
1405314,2023/24,2023-10-30,"Tribhuvan University International Cricket Ground, Kirtipur",1,7.3,Singapore,Nepal,Manpreet Singh,A Kaul,Gulsan Jha,1,0,,,,,,,,,
1405314,2023/24,2023-10-30,"Tribhuvan University International Cricket Ground, Kirtipur",1,7.4,Singapore,Nepal,A Kaul,Manpreet Singh,Gulsan Jha,0,0,,,,,,,,,
1405314,2023/24,2023-10-30,"Tribhuvan University International Cricket Ground, Kirtipur",1,7.5,Singapore,Nepal,A Kaul,Manpreet Singh,Gulsan Jha,0,0,,,,,,,,,
1405314,2023/24,2023-10-30,"Tribhuvan University International Cricket Ground, Kirtipur",1,7.6,Singapore,Nepal,A Kaul,Manpreet Singh,Gulsan Jha,0,0,,,,,,caught and bowled,A Kaul,,
1405314,2023/24,2023-10-30,"Tribhuvan University International Cricket Ground, Kirtipur",1,7.7,Singapore,Nepal,Janak Prakash,Manpreet Singh,Gulsan Jha,0,1,,,,1,,,,,
1405314,2023/24,2023-10-30,"Tribhuvan University International Cricket Ground, Kirtipur",1,8.1,Singapore,Nepal,Janak Prakash,Manpreet Singh,S Lamichhane,1,0,,,,,,,,,
1405314,2023/24,2023-10-30,"Tribhuvan University International Cricket Ground, Kirtipur",1,8.2,Singapore,Nepal,Manpreet Singh,Janak Prakash,S Lamichhane,0,0,,,,,,,,,
1405314,2023/24,2023-10-30,"Tribhuvan University International Cricket Ground, Kirtipur",1,8.3,Singapore,Nepal,Manpreet Singh,Janak Prakash,S Lamichhane,0,1,1,,,,,,,,
1405314,2023/24,2023-10-30,"Tribhuvan University International Cricket Ground, Kirtipur",1,8.4,Singapore,Nepal,Manpreet Singh,Janak Prakash,S Lamichhane,0,0,,,,,,,,,
1405314,2023/24,2023-10-30,"Tribhuvan University International Cricket Ground, Kirtipur",1,8.5,Singapore,Nepal,Manpreet Singh,Janak Prakash,S Lamichhane,1,0,,,,,,,,,
1405314,2023/24,2023-10-30,"Tribhuvan University International Cricket Ground, Kirtipur",1,8.6,Singapore,Nepal,Janak Prakash,Manpreet Singh,S Lamichhane,1,0,,,,,,,,,
1405314,2023/24,2023-10-30,"Tribhuvan University International Cricket Ground, Kirtipur",1,8.7,Singapore,Nepal,Manpreet Singh,Janak Prakash,S Lamichhane,0,4,,,4,,,,,,
1405314,2023/24,2023-10-30,"Tribhuvan University International Cricket Ground, Kirtipur",1,9.1,Singapore,Nepal,Janak Prakash,Manpreet Singh,Gulsan Jha,0,0,,,,,,,,,
1405314,2023/24,2023-10-30,"Tribhuvan University International Cricket Ground, Kirtipur",1,9.2,Singapore,Nepal,Janak Prakash,Manpreet Singh,Gulsan Jha,4,0,,,,,,,,,
1405314,2023/24,2023-10-30,"Tribhuvan University International Cricket Ground, Kirtipur",1,9.3,Singapore,Nepal,Janak Prakash,Manpreet Singh,Gulsan Jha,1,0,,,,,,,,,
1405314,2023/24,2023-10-30,"Tribhuvan University International Cricket Ground, Kirtipur",1,9.4,Singapore,Nepal,Manpreet Singh,Janak Prakash,Gulsan Jha,0,0,,,,,,,,,
1405314,2023/24,2023-10-30,"Tribhuvan University International Cricket Ground, Kirtipur",1,9.5,Singapore,Nepal,Manpreet Singh,Janak Prakash,Gulsan Jha,0,0,,,,,,,,,
1405314,2023/24,2023-10-30,"Tribhuvan University International Cricket Ground, Kirtipur",1,9.6,Singapore,Nepal,Manpreet Singh,Janak Prakash,Gulsan Jha,1,0,,,,,,,,,
1405314,2023/24,2023-10-30,"Tribhuvan University International Cricket Ground, Kirtipur",1,10.1,Singapore,Nepal,Manpreet Singh,Janak Prakash,S Lamichhane,1,0,,,,,,,,,
1405314,2023/24,2023-10-30,"Tribhuvan University International Cricket Ground, Kirtipur",1,10.2,Singapore,Nepal,Janak Prakash,Manpreet Singh,S Lamichhane,0,0,,,,,,lbw,Janak Prakash,,
1405314,2023/24,2023-10-30,"Tribhuvan University International Cricket Ground, Kirtipur",1,10.3,Singapore,Nepal,A Chaudhary,Manpreet Singh,S Lamichhane,0,0,,,,,,,,,
1405314,2023/24,2023-10-30,"Tribhuvan University International Cricket Ground, Kirtipur",1,10.4,Singapore,Nepal,A Chaudhary,Manpreet Singh,S Lamichhane,1,0,,,,,,,,,
1405314,2023/24,2023-10-30,"Tribhuvan University International Cricket Ground, Kirtipur",1,10.5,Singapore,Nepal,Manpreet Singh,A Chaudhary,S Lamichhane,4,0,,,,,,,,,
1405314,2023/24,2023-10-30,"Tribhuvan University International Cricket Ground, Kirtipur",1,10.6,Singapore,Nepal,Manpreet Singh,A Chaudhary,S Lamichhane,0,0,,,,,,,,,
1405314,2023/24,2023-10-30,"Tribhuvan University International Cricket Ground, Kirtipur",1,11.1,Singapore,Nepal,A Chaudhary,Manpreet Singh,Gulsan Jha,0,0,,,,,,,,,
1405314,2023/24,2023-10-30,"Tribhuvan University International Cricket Ground, Kirtipur",1,11.2,Singapore,Nepal,A Chaudhary,Manpreet Singh,Gulsan Jha,0,0,,,,,,,,,
1405314,2023/24,2023-10-30,"Tribhuvan University International Cricket Ground, Kirtipur",1,11.3,Singapore,Nepal,A Chaudhary,Manpreet Singh,Gulsan Jha,4,0,,,,,,,,,
1405314,2023/24,2023-10-30,"Tribhuvan University International Cricket Ground, Kirtipur",1,11.4,Singapore,Nepal,A Chaudhary,Manpreet Singh,Gulsan Jha,0,0,,,,,,,,,
1405314,2023/24,2023-10-30,"Tribhuvan University International Cricket Ground, Kirtipur",1,11.5,Singapore,Nepal,A Chaudhary,Manpreet Singh,Gulsan Jha,1,0,,,,,,,,,
1405314,2023/24,2023-10-30,"Tribhuvan University International Cricket Ground, Kirtipur",1,11.6,Singapore,Nepal,Manpreet Singh,A Chaudhary,Gulsan Jha,0,0,,,,,,,,,
1405314,2023/24,2023-10-30,"Tribhuvan University International Cricket Ground, Kirtipur",1,12.1,Singapore,Nepal,A Chaudhary,Manpreet Singh,A Bohara,1,0,,,,,,,,,
1405314,2023/24,2023-10-30,"Tribhuvan University International Cricket Ground, Kirtipur",1,12.2,Singapore,Nepal,Manpreet Singh,A Chaudhary,A Bohara,1,0,,,,,,,,,
1405314,2023/24,2023-10-30,"Tribhuvan University International Cricket Ground, Kirtipur",1,12.3,Singapore,Nepal,A Chaudhary,Manpreet Singh,A Bohara,4,0,,,,,,,,,
1405314,2023/24,2023-10-30,"Tribhuvan University International Cricket Ground, Kirtipur",1,12.4,Singapore,Nepal,A Chaudhary,Manpreet Singh,A Bohara,2,0,,,,,,,,,
1405314,2023/24,2023-10-30,"Tribhuvan University International Cricket Ground, Kirtipur",1,12.5,Singapore,Nepal,A Chaudhary,Manpreet Singh,A Bohara,1,0,,,,,,,,,
1405314,2023/24,2023-10-30,"Tribhuvan University International Cricket Ground, Kirtipur",1,12.6,Singapore,Nepal,Manpreet Singh,A Chaudhary,A Bohara,1,0,,,,,,,,,
1405314,2023/24,2023-10-30,"Tribhuvan University International Cricket Ground, Kirtipur",1,13.1,Singapore,Nepal,Manpreet Singh,A Chaudhary,Gulsan Jha,1,0,,,,,,,,,
1405314,2023/24,2023-10-30,"Tribhuvan University International Cricket Ground, Kirtipur",1,13.2,Singapore,Nepal,A Chaudhary,Manpreet Singh,Gulsan Jha,1,0,,,,,,,,,
1405314,2023/24,2023-10-30,"Tribhuvan University International Cricket Ground, Kirtipur",1,13.3,Singapore,Nepal,Manpreet Singh,A Chaudhary,Gulsan Jha,1,0,,,,,,,,,
1405314,2023/24,2023-10-30,"Tribhuvan University International Cricket Ground, Kirtipur",1,13.4,Singapore,Nepal,A Chaudhary,Manpreet Singh,Gulsan Jha,1,0,,,,,,,,,
1405314,2023/24,2023-10-30,"Tribhuvan University International Cricket Ground, Kirtipur",1,13.5,Singapore,Nepal,Manpreet Singh,A Chaudhary,Gulsan Jha,0,0,,,,,,,,,
1405314,2023/24,2023-10-30,"Tribhuvan University International Cricket Ground, Kirtipur",1,13.6,Singapore,Nepal,Manpreet Singh,A Chaudhary,Gulsan Jha,4,0,,,,,,,,,
1405314,2023/24,2023-10-30,"Tribhuvan University International Cricket Ground, Kirtipur",1,14.1,Singapore,Nepal,A Chaudhary,Manpreet Singh,S Lamichhane,1,0,,,,,,,,,
1405314,2023/24,2023-10-30,"Tribhuvan University International Cricket Ground, Kirtipur",1,14.2,Singapore,Nepal,Manpreet Singh,A Chaudhary,S Lamichhane,4,0,,,,,,,,,
1405314,2023/24,2023-10-30,"Tribhuvan University International Cricket Ground, Kirtipur",1,14.3,Singapore,Nepal,Manpreet Singh,A Chaudhary,S Lamichhane,0,0,,,,,,,,,
1405314,2023/24,2023-10-30,"Tribhuvan University International Cricket Ground, Kirtipur",1,14.4,Singapore,Nepal,Manpreet Singh,A Chaudhary,S Lamichhane,0,0,,,,,,,,,
1405314,2023/24,2023-10-30,"Tribhuvan University International Cricket Ground, Kirtipur",1,14.5,Singapore,Nepal,Manpreet Singh,A Chaudhary,S Lamichhane,1,0,,,,,,,,,
1405314,2023/24,2023-10-30,"Tribhuvan University International Cricket Ground, Kirtipur",1,14.6,Singapore,Nepal,A Chaudhary,Manpreet Singh,S Lamichhane,1,0,,,,,,,,,
1405314,2023/24,2023-10-30,"Tribhuvan University International Cricket Ground, Kirtipur",1,15.1,Singapore,Nepal,A Chaudhary,Manpreet Singh,Sompal Kami,4,0,,,,,,,,,
1405314,2023/24,2023-10-30,"Tribhuvan University International Cricket Ground, Kirtipur",1,15.2,Singapore,Nepal,A Chaudhary,Manpreet Singh,Sompal Kami,0,0,,,,,,,,,
1405314,2023/24,2023-10-30,"Tribhuvan University International Cricket Ground, Kirtipur",1,15.3,Singapore,Nepal,A Chaudhary,Manpreet Singh,Sompal Kami,0,1,1,,,,,,,,
1405314,2023/24,2023-10-30,"Tribhuvan University International Cricket Ground, Kirtipur",1,15.4,Singapore,Nepal,A Chaudhary,Manpreet Singh,Sompal Kami,4,0,,,,,,,,,
1405314,2023/24,2023-10-30,"Tribhuvan University International Cricket Ground, Kirtipur",1,15.5,Singapore,Nepal,A Chaudhary,Manpreet Singh,Sompal Kami,0,0,,,,,,,,,
1405314,2023/24,2023-10-30,"Tribhuvan University International Cricket Ground, Kirtipur",1,15.6,Singapore,Nepal,A Chaudhary,Manpreet Singh,Sompal Kami,1,0,,,,,,,,,
1405314,2023/24,2023-10-30,"Tribhuvan University International Cricket Ground, Kirtipur",1,15.7,Singapore,Nepal,Manpreet Singh,A Chaudhary,Sompal Kami,1,0,,,,,,,,,
1405314,2023/24,2023-10-30,"Tribhuvan University International Cricket Ground, Kirtipur",1,16.1,Singapore,Nepal,Manpreet Singh,A Chaudhary,Karan KC,2,0,,,,,,,,,
1405314,2023/24,2023-10-30,"Tribhuvan University International Cricket Ground, Kirtipur",1,16.2,Singapore,Nepal,Manpreet Singh,A Chaudhary,Karan KC,0,0,,,,,,,,,
1405314,2023/24,2023-10-30,"Tribhuvan University International Cricket Ground, Kirtipur",1,16.3,Singapore,Nepal,Manpreet Singh,A Chaudhary,Karan KC,0,0,,,,,,caught,Manpreet Singh,,
1405314,2023/24,2023-10-30,"Tribhuvan University International Cricket Ground, Kirtipur",1,16.4,Singapore,Nepal,TO Thilappan,A Chaudhary,Karan KC,0,1,1,,,,,,,,
1405314,2023/24,2023-10-30,"Tribhuvan University International Cricket Ground, Kirtipur",1,16.5,Singapore,Nepal,TO Thilappan,A Chaudhary,Karan KC,0,0,,,,,,,,,
1405314,2023/24,2023-10-30,"Tribhuvan University International Cricket Ground, Kirtipur",1,16.6,Singapore,Nepal,TO Thilappan,A Chaudhary,Karan KC,1,0,,,,,,,,,
1405314,2023/24,2023-10-30,"Tribhuvan University International Cricket Ground, Kirtipur",1,16.7,Singapore,Nepal,A Chaudhary,TO Thilappan,Karan KC,4,0,,,,,,,,,
1405314,2023/24,2023-10-30,"Tribhuvan University International Cricket Ground, Kirtipur",1,17.1,Singapore,Nepal,TO Thilappan,A Chaudhary,A Bohara,0,0,,,,,,,,,
1405314,2023/24,2023-10-30,"Tribhuvan University International Cricket Ground, Kirtipur",1,17.2,Singapore,Nepal,TO Thilappan,A Chaudhary,A Bohara,0,0,,,,,,caught,TO Thilappan,,
1405314,2023/24,2023-10-30,"Tribhuvan University International Cricket Ground, Kirtipur",1,17.3,Singapore,Nepal,A Krishna,A Chaudhary,A Bohara,0,0,,,,,,,,,
1405314,2023/24,2023-10-30,"Tribhuvan University International Cricket Ground, Kirtipur",1,17.4,Singapore,Nepal,A Krishna,A Chaudhary,A Bohara,0,0,,,,,,caught,A Krishna,,
1405314,2023/24,2023-10-30,"Tribhuvan University International Cricket Ground, Kirtipur",1,17.5,Singapore,Nepal,AR Puri,A Chaudhary,A Bohara,0,0,,,,,,,,,
1405314,2023/24,2023-10-30,"Tribhuvan University International Cricket Ground, Kirtipur",1,17.6,Singapore,Nepal,AR Puri,A Chaudhary,A Bohara,0,0,,,,,,,,,
1405314,2023/24,2023-10-30,"Tribhuvan University International Cricket Ground, Kirtipur",1,18.1,Singapore,Nepal,A Chaudhary,AR Puri,Karan KC,1,0,,,,,,,,,
1405314,2023/24,2023-10-30,"Tribhuvan University International Cricket Ground, Kirtipur",1,18.2,Singapore,Nepal,AR Puri,A Chaudhary,Karan KC,4,0,,,,,,,,,
1405314,2023/24,2023-10-30,"Tribhuvan University International Cricket Ground, Kirtipur",1,18.3,Singapore,Nepal,AR Puri,A Chaudhary,Karan KC,2,0,,,,,,,,,
1405314,2023/24,2023-10-30,"Tribhuvan University International Cricket Ground, Kirtipur",1,18.4,Singapore,Nepal,AR Puri,A Chaudhary,Karan KC,0,0,,,,,,,,,
1405314,2023/24,2023-10-30,"Tribhuvan University International Cricket Ground, Kirtipur",1,18.5,Singapore,Nepal,AR Puri,A Chaudhary,Karan KC,1,0,,,,,,,,,
1405314,2023/24,2023-10-30,"Tribhuvan University International Cricket Ground, Kirtipur",1,18.6,Singapore,Nepal,A Chaudhary,AR Puri,Karan KC,1,0,,,,,,,,,
1405314,2023/24,2023-10-30,"Tribhuvan University International Cricket Ground, Kirtipur",1,19.1,Singapore,Nepal,A Chaudhary,AR Puri,A Bohara,2,0,,,,,,,,,
1405314,2023/24,2023-10-30,"Tribhuvan University International Cricket Ground, Kirtipur",1,19.2,Singapore,Nepal,A Chaudhary,AR Puri,A Bohara,2,0,,,,,,,,,
1405314,2023/24,2023-10-30,"Tribhuvan University International Cricket Ground, Kirtipur",1,19.3,Singapore,Nepal,A Chaudhary,AR Puri,A Bohara,0,0,,,,,,caught,A Chaudhary,,
1405314,2023/24,2023-10-30,"Tribhuvan University International Cricket Ground, Kirtipur",1,19.4,Singapore,Nepal,R Kalimuthu,AR Puri,A Bohara,1,0,,,,,,,,,
1405314,2023/24,2023-10-30,"Tribhuvan University International Cricket Ground, Kirtipur",1,19.5,Singapore,Nepal,AR Puri,R Kalimuthu,A Bohara,6,0,,,,,,,,,
1405314,2023/24,2023-10-30,"Tribhuvan University International Cricket Ground, Kirtipur",1,19.6,Singapore,Nepal,AR Puri,R Kalimuthu,A Bohara,0,1,,,1,,,,,,
1405314,2023/24,2023-10-30,"Tribhuvan University International Cricket Ground, Kirtipur",2,0.1,Nepal,Singapore,K Bhurtel,Aasif Sheikh,Janak Prakash,4,0,,,,,,,,,
1405314,2023/24,2023-10-30,"Tribhuvan University International Cricket Ground, Kirtipur",2,0.2,Nepal,Singapore,K Bhurtel,Aasif Sheikh,Janak Prakash,0,0,,,,,,,,,
1405314,2023/24,2023-10-30,"Tribhuvan University International Cricket Ground, Kirtipur",2,0.3,Nepal,Singapore,K Bhurtel,Aasif Sheikh,Janak Prakash,0,0,,,,,,,,,
1405314,2023/24,2023-10-30,"Tribhuvan University International Cricket Ground, Kirtipur",2,0.4,Nepal,Singapore,K Bhurtel,Aasif Sheikh,Janak Prakash,0,1,1,,,,,,,,
1405314,2023/24,2023-10-30,"Tribhuvan University International Cricket Ground, Kirtipur",2,0.5,Nepal,Singapore,K Bhurtel,Aasif Sheikh,Janak Prakash,4,0,,,,,,,,,
1405314,2023/24,2023-10-30,"Tribhuvan University International Cricket Ground, Kirtipur",2,0.6,Nepal,Singapore,K Bhurtel,Aasif Sheikh,Janak Prakash,1,0,,,,,,,,,
1405314,2023/24,2023-10-30,"Tribhuvan University International Cricket Ground, Kirtipur",2,0.7,Nepal,Singapore,Aasif Sheikh,K Bhurtel,Janak Prakash,4,0,,,,,,,,,
1405314,2023/24,2023-10-30,"Tribhuvan University International Cricket Ground, Kirtipur",2,1.1,Nepal,Singapore,K Bhurtel,Aasif Sheikh,R Kalimuthu,2,0,,,,,,,,,
1405314,2023/24,2023-10-30,"Tribhuvan University International Cricket Ground, Kirtipur",2,1.2,Nepal,Singapore,K Bhurtel,Aasif Sheikh,R Kalimuthu,1,0,,,,,,,,,
1405314,2023/24,2023-10-30,"Tribhuvan University International Cricket Ground, Kirtipur",2,1.3,Nepal,Singapore,Aasif Sheikh,K Bhurtel,R Kalimuthu,0,0,,,,,,,,,
1405314,2023/24,2023-10-30,"Tribhuvan University International Cricket Ground, Kirtipur",2,1.4,Nepal,Singapore,Aasif Sheikh,K Bhurtel,R Kalimuthu,0,0,,,,,,,,,
1405314,2023/24,2023-10-30,"Tribhuvan University International Cricket Ground, Kirtipur",2,1.5,Nepal,Singapore,Aasif Sheikh,K Bhurtel,R Kalimuthu,0,0,,,,,,,,,
1405314,2023/24,2023-10-30,"Tribhuvan University International Cricket Ground, Kirtipur",2,1.6,Nepal,Singapore,Aasif Sheikh,K Bhurtel,R Kalimuthu,1,0,,,,,,,,,
1405314,2023/24,2023-10-30,"Tribhuvan University International Cricket Ground, Kirtipur",2,2.1,Nepal,Singapore,Aasif Sheikh,K Bhurtel,A Chaudhary,1,0,,,,,,,,,
1405314,2023/24,2023-10-30,"Tribhuvan University International Cricket Ground, Kirtipur",2,2.2,Nepal,Singapore,K Bhurtel,Aasif Sheikh,A Chaudhary,2,0,,,,,,,,,
1405314,2023/24,2023-10-30,"Tribhuvan University International Cricket Ground, Kirtipur",2,2.3,Nepal,Singapore,K Bhurtel,Aasif Sheikh,A Chaudhary,0,0,,,,,,,,,
1405314,2023/24,2023-10-30,"Tribhuvan University International Cricket Ground, Kirtipur",2,2.4,Nepal,Singapore,K Bhurtel,Aasif Sheikh,A Chaudhary,6,0,,,,,,,,,
1405314,2023/24,2023-10-30,"Tribhuvan University International Cricket Ground, Kirtipur",2,2.5,Nepal,Singapore,K Bhurtel,Aasif Sheikh,A Chaudhary,4,0,,,,,,,,,
1405314,2023/24,2023-10-30,"Tribhuvan University International Cricket Ground, Kirtipur",2,2.6,Nepal,Singapore,K Bhurtel,Aasif Sheikh,A Chaudhary,0,0,,,,,,,,,
1405314,2023/24,2023-10-30,"Tribhuvan University International Cricket Ground, Kirtipur",2,3.1,Nepal,Singapore,Aasif Sheikh,K Bhurtel,R Kalimuthu,1,0,,,,,,,,,
1405314,2023/24,2023-10-30,"Tribhuvan University International Cricket Ground, Kirtipur",2,3.2,Nepal,Singapore,K Bhurtel,Aasif Sheikh,R Kalimuthu,0,0,,,,,,,,,
1405314,2023/24,2023-10-30,"Tribhuvan University International Cricket Ground, Kirtipur",2,3.3,Nepal,Singapore,K Bhurtel,Aasif Sheikh,R Kalimuthu,0,0,,,,,,,,,
1405314,2023/24,2023-10-30,"Tribhuvan University International Cricket Ground, Kirtipur",2,3.4,Nepal,Singapore,K Bhurtel,Aasif Sheikh,R Kalimuthu,6,0,,,,,,,,,
1405314,2023/24,2023-10-30,"Tribhuvan University International Cricket Ground, Kirtipur",2,3.5,Nepal,Singapore,K Bhurtel,Aasif Sheikh,R Kalimuthu,1,0,,,,,,,,,
1405314,2023/24,2023-10-30,"Tribhuvan University International Cricket Ground, Kirtipur",2,3.6,Nepal,Singapore,Aasif Sheikh,K Bhurtel,R Kalimuthu,4,0,,,,,,,,,
1405314,2023/24,2023-10-30,"Tribhuvan University International Cricket Ground, Kirtipur",2,4.1,Nepal,Singapore,K Bhurtel,Aasif Sheikh,A Chaudhary,4,0,,,,,,,,,
1405314,2023/24,2023-10-30,"Tribhuvan University International Cricket Ground, Kirtipur",2,4.2,Nepal,Singapore,K Bhurtel,Aasif Sheikh,A Chaudhary,1,0,,,,,,,,,
1405314,2023/24,2023-10-30,"Tribhuvan University International Cricket Ground, Kirtipur",2,4.3,Nepal,Singapore,Aasif Sheikh,K Bhurtel,A Chaudhary,0,0,,,,,,,,,
1405314,2023/24,2023-10-30,"Tribhuvan University International Cricket Ground, Kirtipur",2,4.4,Nepal,Singapore,Aasif Sheikh,K Bhurtel,A Chaudhary,0,0,,,,,,,,,
1405314,2023/24,2023-10-30,"Tribhuvan University International Cricket Ground, Kirtipur",2,4.5,Nepal,Singapore,Aasif Sheikh,K Bhurtel,A Chaudhary,1,0,,,,,,,,,
1405314,2023/24,2023-10-30,"Tribhuvan University International Cricket Ground, Kirtipur",2,4.6,Nepal,Singapore,K Bhurtel,Aasif Sheikh,A Chaudhary,0,0,,,,,,,,,
1405314,2023/24,2023-10-30,"Tribhuvan University International Cricket Ground, Kirtipur",2,5.1,Nepal,Singapore,Aasif Sheikh,K Bhurtel,Janak Prakash,0,0,,,,,,,,,
1405314,2023/24,2023-10-30,"Tribhuvan University International Cricket Ground, Kirtipur",2,5.2,Nepal,Singapore,Aasif Sheikh,K Bhurtel,Janak Prakash,0,0,,,,,,,,,
1405314,2023/24,2023-10-30,"Tribhuvan University International Cricket Ground, Kirtipur",2,5.3,Nepal,Singapore,Aasif Sheikh,K Bhurtel,Janak Prakash,6,0,,,,,,,,,
1405314,2023/24,2023-10-30,"Tribhuvan University International Cricket Ground, Kirtipur",2,5.4,Nepal,Singapore,Aasif Sheikh,K Bhurtel,Janak Prakash,1,0,,,,,,,,,
1405314,2023/24,2023-10-30,"Tribhuvan University International Cricket Ground, Kirtipur",2,5.5,Nepal,Singapore,K Bhurtel,Aasif Sheikh,Janak Prakash,0,0,,,,,,,,,
1405314,2023/24,2023-10-30,"Tribhuvan University International Cricket Ground, Kirtipur",2,5.6,Nepal,Singapore,K Bhurtel,Aasif Sheikh,Janak Prakash,0,1,1,,,,,,,,
1405314,2023/24,2023-10-30,"Tribhuvan University International Cricket Ground, Kirtipur",2,5.7,Nepal,Singapore,K Bhurtel,Aasif Sheikh,Janak Prakash,1,0,,,,,,,,,
1405314,2023/24,2023-10-30,"Tribhuvan University International Cricket Ground, Kirtipur",2,6.1,Nepal,Singapore,K Bhurtel,Aasif Sheikh,A Krishna,1,0,,,,,,,,,
1405314,2023/24,2023-10-30,"Tribhuvan University International Cricket Ground, Kirtipur",2,6.2,Nepal,Singapore,Aasif Sheikh,K Bhurtel,A Krishna,1,0,,,,,,,,,
1405314,2023/24,2023-10-30,"Tribhuvan University International Cricket Ground, Kirtipur",2,6.3,Nepal,Singapore,K Bhurtel,Aasif Sheikh,A Krishna,4,0,,,,,,,,,
1405314,2023/24,2023-10-30,"Tribhuvan University International Cricket Ground, Kirtipur",2,6.4,Nepal,Singapore,K Bhurtel,Aasif Sheikh,A Krishna,4,0,,,,,,,,,
1405314,2023/24,2023-10-30,"Tribhuvan University International Cricket Ground, Kirtipur",2,6.5,Nepal,Singapore,K Bhurtel,Aasif Sheikh,A Krishna,2,0,,,,,,,,,
1405314,2023/24,2023-10-30,"Tribhuvan University International Cricket Ground, Kirtipur",2,6.6,Nepal,Singapore,K Bhurtel,Aasif Sheikh,A Krishna,2,0,,,,,,,,,
1405314,2023/24,2023-10-30,"Tribhuvan University International Cricket Ground, Kirtipur",2,7.1,Nepal,Singapore,Aasif Sheikh,K Bhurtel,AR Puri,1,0,,,,,,,,,
1405314,2023/24,2023-10-30,"Tribhuvan University International Cricket Ground, Kirtipur",2,7.2,Nepal,Singapore,K Bhurtel,Aasif Sheikh,AR Puri,1,0,,,,,,,,,
1405314,2023/24,2023-10-30,"Tribhuvan University International Cricket Ground, Kirtipur",2,7.3,Nepal,Singapore,Aasif Sheikh,K Bhurtel,AR Puri,0,0,,,,,,,,,
1405314,2023/24,2023-10-30,"Tribhuvan University International Cricket Ground, Kirtipur",2,7.4,Nepal,Singapore,Aasif Sheikh,K Bhurtel,AR Puri,2,0,,,,,,,,,
1405314,2023/24,2023-10-30,"Tribhuvan University International Cricket Ground, Kirtipur",2,7.5,Nepal,Singapore,Aasif Sheikh,K Bhurtel,AR Puri,0,1,,,1,,,,,,
1405314,2023/24,2023-10-30,"Tribhuvan University International Cricket Ground, Kirtipur",2,7.6,Nepal,Singapore,K Bhurtel,Aasif Sheikh,AR Puri,2,0,,,,,,,,,
1405314,2023/24,2023-10-30,"Tribhuvan University International Cricket Ground, Kirtipur",2,8.1,Nepal,Singapore,Aasif Sheikh,K Bhurtel,A Krishna,0,0,,,,,,,,,
1405314,2023/24,2023-10-30,"Tribhuvan University International Cricket Ground, Kirtipur",2,8.2,Nepal,Singapore,Aasif Sheikh,K Bhurtel,A Krishna,0,0,,,,,,,,,
1405314,2023/24,2023-10-30,"Tribhuvan University International Cricket Ground, Kirtipur",2,8.3,Nepal,Singapore,Aasif Sheikh,K Bhurtel,A Krishna,1,0,,,,,,,,,
1405314,2023/24,2023-10-30,"Tribhuvan University International Cricket Ground, Kirtipur",2,8.4,Nepal,Singapore,K Bhurtel,Aasif Sheikh,A Krishna,1,0,,,,,,,,,
1405314,2023/24,2023-10-30,"Tribhuvan University International Cricket Ground, Kirtipur",2,8.5,Nepal,Singapore,Aasif Sheikh,K Bhurtel,A Krishna,2,0,,,,,,,,,
1405314,2023/24,2023-10-30,"Tribhuvan University International Cricket Ground, Kirtipur",2,8.6,Nepal,Singapore,Aasif Sheikh,K Bhurtel,A Krishna,1,0,,,,,,,,,
1405314,2023/24,2023-10-30,"Tribhuvan University International Cricket Ground, Kirtipur",2,9.1,Nepal,Singapore,Aasif Sheikh,K Bhurtel,AR Puri,0,0,,,,,,bowled,Aasif Sheikh,,
1405314,2023/24,2023-10-30,"Tribhuvan University International Cricket Ground, Kirtipur",2,9.2,Nepal,Singapore,RK Paudel,K Bhurtel,AR Puri,0,0,,,,,,,,,
1405314,2023/24,2023-10-30,"Tribhuvan University International Cricket Ground, Kirtipur",2,9.3,Nepal,Singapore,RK Paudel,K Bhurtel,AR Puri,4,0,,,,,,,,,
1405314,2023/24,2023-10-30,"Tribhuvan University International Cricket Ground, Kirtipur",2,9.4,Nepal,Singapore,RK Paudel,K Bhurtel,AR Puri,0,0,,,,,,,,,
1405314,2023/24,2023-10-30,"Tribhuvan University International Cricket Ground, Kirtipur",2,9.5,Nepal,Singapore,RK Paudel,K Bhurtel,AR Puri,0,0,,,,,,,,,
1405314,2023/24,2023-10-30,"Tribhuvan University International Cricket Ground, Kirtipur",2,9.6,Nepal,Singapore,RK Paudel,K Bhurtel,AR Puri,6,0,,,,,,,,,
1405314,2023/24,2023-10-30,"Tribhuvan University International Cricket Ground, Kirtipur",2,10.1,Nepal,Singapore,K Bhurtel,RK Paudel,Janak Prakash,0,0,,,,,,,,,
1405314,2023/24,2023-10-30,"Tribhuvan University International Cricket Ground, Kirtipur",2,10.2,Nepal,Singapore,K Bhurtel,RK Paudel,Janak Prakash,1,0,,,,,,,,,
1405314,2023/24,2023-10-30,"Tribhuvan University International Cricket Ground, Kirtipur",2,10.3,Nepal,Singapore,RK Paudel,K Bhurtel,Janak Prakash,0,1,1,,,,,,,,
1405314,2023/24,2023-10-30,"Tribhuvan University International Cricket Ground, Kirtipur",2,10.4,Nepal,Singapore,RK Paudel,K Bhurtel,Janak Prakash,0,1,,,,1,,,,,
1405314,2023/24,2023-10-30,"Tribhuvan University International Cricket Ground, Kirtipur",2,10.5,Nepal,Singapore,K Bhurtel,RK Paudel,Janak Prakash,2,0,,,,,,,,,
1405314,2023/24,2023-10-30,"Tribhuvan University International Cricket Ground, Kirtipur",2,10.6,Nepal,Singapore,K Bhurtel,RK Paudel,Janak Prakash,1,0,,,,,,,,,
1405314,2023/24,2023-10-30,"Tribhuvan University International Cricket Ground, Kirtipur",2,10.7,Nepal,Singapore,RK Paudel,K Bhurtel,Janak Prakash,1,0,,,,,,,,,
1405314,2023/24,2023-10-30,"Tribhuvan University International Cricket Ground, Kirtipur",2,11.1,Nepal,Singapore,RK Paudel,K Bhurtel,AR Puri,1,0,,,,,,,,,
1405314,2023/24,2023-10-30,"Tribhuvan University International Cricket Ground, Kirtipur",2,11.2,Nepal,Singapore,K Bhurtel,RK Paudel,AR Puri,1,0,,,,,,,,,
1405314,2023/24,2023-10-30,"Tribhuvan University International Cricket Ground, Kirtipur",2,11.3,Nepal,Singapore,RK Paudel,K Bhurtel,AR Puri,6,0,,,,,,,,,
1405314,2023/24,2023-10-30,"Tribhuvan University International Cricket Ground, Kirtipur",2,11.4,Nepal,Singapore,RK Paudel,K Bhurtel,AR Puri,0,0,,,,,,,,,
1405314,2023/24,2023-10-30,"Tribhuvan University International Cricket Ground, Kirtipur",2,11.5,Nepal,Singapore,RK Paudel,K Bhurtel,AR Puri,4,0,,,,,,,,,
1405314,2023/24,2023-10-30,"Tribhuvan University International Cricket Ground, Kirtipur",2,11.6,Nepal,Singapore,RK Paudel,K Bhurtel,AR Puri,0,0,,,,,,,,,
1405314,2023/24,2023-10-30,"Tribhuvan University International Cricket Ground, Kirtipur",2,12.1,Nepal,Singapore,K Bhurtel,RK Paudel,TO Thilappan,0,0,,,,,,,,,
1405314,2023/24,2023-10-30,"Tribhuvan University International Cricket Ground, Kirtipur",2,12.2,Nepal,Singapore,K Bhurtel,RK Paudel,TO Thilappan,1,0,,,,,,,,,
1405314,2023/24,2023-10-30,"Tribhuvan University International Cricket Ground, Kirtipur",2,12.3,Nepal,Singapore,RK Paudel,K Bhurtel,TO Thilappan,3,0,,,,,,,,,
1405314,2023/24,2023-10-30,"Tribhuvan University International Cricket Ground, Kirtipur",2,12.4,Nepal,Singapore,K Bhurtel,RK Paudel,TO Thilappan,0,0,,,,,,,,,
1405314,2023/24,2023-10-30,"Tribhuvan University International Cricket Ground, Kirtipur",2,12.5,Nepal,Singapore,K Bhurtel,RK Paudel,TO Thilappan,1,0,,,,,,,,,
1405314,2023/24,2023-10-30,"Tribhuvan University International Cricket Ground, Kirtipur",2,12.6,Nepal,Singapore,RK Paudel,K Bhurtel,TO Thilappan,1,0,,,,,,,,,
1405314,2023/24,2023-10-30,"Tribhuvan University International Cricket Ground, Kirtipur",2,13.1,Nepal,Singapore,RK Paudel,K Bhurtel,A Krishna,1,0,,,,,,,,,
1405314,2023/24,2023-10-30,"Tribhuvan University International Cricket Ground, Kirtipur",2,13.2,Nepal,Singapore,K Bhurtel,RK Paudel,A Krishna,4,0,,,,,,,,,
1405314,2023/24,2023-10-30,"Tribhuvan University International Cricket Ground, Kirtipur",2,13.3,Nepal,Singapore,K Bhurtel,RK Paudel,A Krishna,0,0,,,,,,,,,
1405314,2023/24,2023-10-30,"Tribhuvan University International Cricket Ground, Kirtipur",2,13.4,Nepal,Singapore,K Bhurtel,RK Paudel,A Krishna,1,0,,,,,,,,,
1405314,2023/24,2023-10-30,"Tribhuvan University International Cricket Ground, Kirtipur",2,13.5,Nepal,Singapore,RK Paudel,K Bhurtel,A Krishna,1,0,,,,,,,,,
1405314,2023/24,2023-10-30,"Tribhuvan University International Cricket Ground, Kirtipur",2,13.6,Nepal,Singapore,K Bhurtel,RK Paudel,A Krishna,1,0,,,,,,,,,
1405314,2023/24,2023-10-30,"Tribhuvan University International Cricket Ground, Kirtipur",2,14.1,Nepal,Singapore,K Bhurtel,RK Paudel,TO Thilappan,4,0,,,,,,,,,
1405314,2023/24,2023-10-30,"Tribhuvan University International Cricket Ground, Kirtipur",2,14.2,Nepal,Singapore,K Bhurtel,RK Paudel,TO Thilappan,1,0,,,,,,,,,
1405314,2023/24,2023-10-30,"Tribhuvan University International Cricket Ground, Kirtipur",2,14.3,Nepal,Singapore,RK Paudel,K Bhurtel,TO Thilappan,0,0,,,,,,,,,
1405314,2023/24,2023-10-30,"Tribhuvan University International Cricket Ground, Kirtipur",2,14.4,Nepal,Singapore,RK Paudel,K Bhurtel,TO Thilappan,1,0,,,,,,,,,
1405314,2023/24,2023-10-30,"Tribhuvan University International Cricket Ground, Kirtipur",2,14.5,Nepal,Singapore,K Bhurtel,RK Paudel,TO Thilappan,1,0,,,,,,,,,
1405314,2023/24,2023-10-30,"Tribhuvan University International Cricket Ground, Kirtipur",2,14.6,Nepal,Singapore,RK Paudel,K Bhurtel,TO Thilappan,1,0,,,,,,,,,
1405314,2023/24,2023-10-30,"Tribhuvan University International Cricket Ground, Kirtipur",2,15.1,Nepal,Singapore,RK Paudel,K Bhurtel,R Kalimuthu,0,0,,,,,,,,,
1405314,2023/24,2023-10-30,"Tribhuvan University International Cricket Ground, Kirtipur",2,15.2,Nepal,Singapore,RK Paudel,K Bhurtel,R Kalimuthu,1,0,,,,,,,,,
1405314,2023/24,2023-10-30,"Tribhuvan University International Cricket Ground, Kirtipur",2,15.3,Nepal,Singapore,K Bhurtel,RK Paudel,R Kalimuthu,1,0,,,,,,,,,
1405314,2023/24,2023-10-30,"Tribhuvan University International Cricket Ground, Kirtipur",2,15.4,Nepal,Singapore,RK Paudel,K Bhurtel,R Kalimuthu,0,0,,,,,,,,,
1405314,2023/24,2023-10-30,"Tribhuvan University International Cricket Ground, Kirtipur",2,15.5,Nepal,Singapore,RK Paudel,K Bhurtel,R Kalimuthu,2,0,,,,,,,,,
1405314,2023/24,2023-10-30,"Tribhuvan University International Cricket Ground, Kirtipur",2,15.6,Nepal,Singapore,RK Paudel,K Bhurtel,R Kalimuthu,2,0,,,,,,,,,
1405314,2023/24,2023-10-30,"Tribhuvan University International Cricket Ground, Kirtipur",2,16.1,Nepal,Singapore,K Bhurtel,RK Paudel,A Krishna,0,0,,,,,,,,,
1405314,2023/24,2023-10-30,"Tribhuvan University International Cricket Ground, Kirtipur",2,16.2,Nepal,Singapore,K Bhurtel,RK Paudel,A Krishna,0,0,,,,,,caught,K Bhurtel,,
1405314,2023/24,2023-10-30,"Tribhuvan University International Cricket Ground, Kirtipur",2,16.3,Nepal,Singapore,Kushal Malla,RK Paudel,A Krishna,6,0,,,,,,,,,
